z,p,T_rho,T,qv,h,T_env,q_env,h_env,T_rho_u,T_u,qv_u,h_u,CAPE_u,B_u,T_rho_w,T_w,qv_w,h_w,CAPE_w,B_w,ent
50.0,100000.0,302.1144508362445,300.0,0.011596392067629968,56765.232711822384,299.99999999999994,0.011521670826151152,56576.620871755884,302.1144508362445,300.0,0.011596392067629968,56765.232711822384,3069.126835705406,0.0,302.1144508362445,300.0,0.011596392067629968,56765.232711822384,1005.5516387138382,0.0,0.0
100.0,99435.97618595102,301.62813986069045,299.5170926373685,0.011596392067629968,56765.232711822384,299.55942290202506,0.011291766660209574,56039.40710392204,301.62813986069045,299.5170926373685,0.011596392067629968,56765.232711822384,3069.126835705406,0.0,301.62813986069045,299.55942290202506,0.011596392067629968,56765.232711822384,1005.5516387138382,0.0,0.0
150.0,98874.23192058632,301.1418288851365,299.03418527473696,0.011596392067629968,56765.232711822384,299.11810818693607,0.011065124220909977,55509.85033844043,301.1418288851365,299.03418527473696,0.011596392067629968,56765.232711822384,3069.126835705406,0.0,301.1418288851365,299.11810818693607,0.011596392067629968,56765.232711822384,1005.5516387138382,0.0,0.0
200.0,98314.76164688013,300.65551790958244,298.55127791210543,0.011596392067629968,56765.232711822384,298.6760617689571,0.010841726672366044,54987.91080180197,300.65551790958244,298.55127791210543,0.011596392067629968,56765.232711822384,3069.126835705406,0.0,300.65551790958244,298.6760617689571,0.011596392067629968,56765.232711822384,1005.5516387138382,0.0,0.0
250.0,97757.55981241263,300.16920693402847,298.0683705494739,0.011596392067629968,56765.232711822384,298.2332896376371,0.010621556693987613,54473.54758298516,300.16920693402847,298.0683705494739,0.011596392067629968,56765.232711822384,3069.126835705406,0.0,300.16920693402847,298.2332896376371,0.011596392067629968,56765.232711822384,1005.5516387138382,0.0,0.0
300.0,97202.6208693732,299.6828959584744,297.58546318684233,0.011596392067629968,56765.232711822384,297.7897978557347,0.01040459648738007,53966.71864984193,299.6828959584744,297.58546318684233,0.011596392067629968,56765.232711822384,3069.126835705406,0.0,299.6828959584744,297.7897978557347,0.011596392067629968,56765.232711822384,1005.5516387138382,0.0,0.0
350.0,96649.93927456379,299.1965849829204,297.1025558242108,0.011596392067629968,56765.232711822384,297.34559255705807,0.010190827783542751,53467.38086618427,299.1965849829204,297.1025558242108,0.011596392067629968,56765.232711822384,3069.126835705406,0.0,299.1965849829204,297.34559255705807,0.011596392067629968,56765.232711822384,1005.5516387138382,0.0,0.0
400.0,96099.50948940302,298.71027400736637,296.6196484615793,0.011596392067629968,56765.232711822384,296.90067994426056,0.009980231850359803,52975.49000955503,298.71027400736637,296.6196484615793,0.011596392067629968,56765.232711822384,3069.126835705406,0.0,298.71027400736637,296.90067994426056,0.011596392067629968,56765.232711822384,1005.5516387138382,0.0,0.0
450.0,95551.32597992972,298.2239630318124,296.13674109894777,0.011596392067629968,56765.232711822384,296.455066286595,0.009772789500377226,52491.00078966831,298.2239630318124,296.13674109894777,0.011596392067629968,56765.232711822384,3069.126835705406,0.0,298.2239630318124,296.455066286595,0.011596392067629968,56765.232711822384,1005.5516387138382,0.0,0.0
500.0,95005.3832168064,297.73765205625836,295.65383373631624,0.011596392067629968,56765.232711822384,296.00875791762843,0.009568481098859062,52013.86686750296,297.73765205625836,295.65383373631624,0.011596392067629968,56765.232711822384,3069.126835705406,0.0,297.73765205625836,296.00875791762843,0.011596392067629968,56765.232711822384,1005.5516387138382,0.0,0.0
550.0,94461.67567532294,297.2513410807044,295.1709263736847,0.011596392067629968,56765.232711822384,295.5617612329188,0.009367286572115207,51544.040875030754,297.2513410807044,295.1709263736847,0.011596392067629968,56765.232711822384,3069.126835705406,0.0,297.2513410807044,295.5617612329188,0.011596392067629968,56765.232711822384,1005.5516387138382,0.0,0.0
600.0,93920.19783540051,296.76503010515034,294.6880190110532,0.011596392067629968,56765.232711822384,295.11408268765723,0.009169185416093963,51081.47443556402,296.76503010515034,294.6880190110532,0.011596392067629968,56765.232711822384,3069.126835705406,0.0,296.76503010515034,295.11408268765723,0.011596392067629968,56765.232711822384,1005.5516387138382,0.0,0.0
650.0,93380.94418159488,296.27871912959637,294.2051116484217,0.011596392067629968,56765.232711822384,294.6657287942766,0.008974156705230281,50626.118184700084,296.27871912959637,294.2051116484217,0.011596392067629968,56765.232711822384,3069.126835705406,0.0,296.27871912959637,294.6657287942766,0.011596392067629968,56765.232711822384,1005.5516387138382,0.0,0.0
700.0,92843.90920310051,295.79240815404233,293.72220428579016,0.011596392067629968,56765.232711822384,294.21670612002873,0.008782179101541793,50177.921791843764,295.79240815404233,293.72220428579016,0.011596392067629968,56765.232711822384,3069.126835705406,0.0,295.79240815404233,294.21670612002873,0.011596392067629968,56765.232711822384,1005.5516387138382,0.0,0.0
750.0,92309.08739375364,295.3060971784883,293.2392969231586,0.011596392067629968,56765.232711822384,293.7670212845344,0.008593230863964504,49736.83398229082,295.3060971784883,293.2392969231586,0.011596392067629968,56765.232711822384,3069.126835705406,0.0,295.3060971784883,293.7670212845344,0.011596392067629968,56765.232711822384,1005.5516387138382,0.0,0.0
800.0,91776.47325203681,294.81978620293427,292.75638956052705,0.011596392067629968,56765.232711822384,293.3166809573055,0.008407289857917737,49302.80255984421,294.81978620293427,292.75638956052705,0.011596392067629968,56765.232711822384,3069.126835705406,0.0,294.81978620293427,293.3166809573055,0.011596392067629968,56765.232711822384,1005.5516387138382,0.0,0.0
850.0,91246.06128108199,294.3334752273803,292.27348219789553,0.011596392067629968,56765.232711822384,292.8656918552446,0.00822433356509069,48875.77442994868,294.3334752273803,292.27348219789553,0.011596392067629968,56765.232711822384,3069.126835705406,0.0,294.3334752273803,292.8656918552446,0.011596392067629968,56765.232711822384,1005.5516387138382,0.0,0.0
900.0,90717.84598867457,293.84716425182626,291.790574835264,0.011596392067629968,56765.232711822384,292.414060740122,0.008044339093439613,48455.69562331465,293.84716425182626,291.790574835264,0.011596392067629968,56765.232711822384,3069.126835705406,0.0,293.84716425182626,292.414060740122,0.011596392067629968,56765.232711822384,1005.5516387138382,0.0,0.0
950.0,90191.82188725675,293.3608532762723,291.3076674726325,0.011596392067629968,56765.232711822384,291.9617944160346,0.00786728318738685,48042.51132001355,293.3608532762723,291.3076674726325,0.011596392067629968,56765.232711822384,3069.126835705406,0.0,293.3608532762723,291.9617944160346,0.011596392067629968,56765.232711822384,1005.5516387138382,0.0,0.0
1000.0,89667.98349393178,292.87454230071825,290.82476011000097,0.011596392067629968,56765.232711822384,291.5088997268472,0.007693142238210744,47636.16587401581,292.87454230071825,290.82476011000097,0.011596392067629968,56765.232711822384,3069.126835705406,0.0,292.87454230071825,291.5088997268472,0.011596392067629968,56765.232711822384,1005.5516387138382,0.0,0.0
1050.0,89146.32533046715,292.38823132516427,290.34185274736944,0.011596392067629968,56765.232711822384,291.0553835536203,0.007521892294617008,47236.60283815176,292.38823132516427,290.34185274736944,0.011596392067629968,56765.232711822384,3069.126835705406,0.0,292.38823132516427,291.0553835536203,0.011596392067629968,56765.232711822384,1005.5516387138382,0.0,0.0
1100.0,88626.84192329904,291.90192034961024,289.8589453847379,0.011596392067629968,56765.232711822384,290.6012528120254,0.007353509073479947,46843.76498946593,291.90192034961024,289.8589453847379,0.011596392067629968,56765.232711822384,3069.126835705406,0.0,291.90192034961024,290.6012528120254,0.011596392067629968,56765.232711822384,1005.5516387138382,0.0,0.0
1150.0,88109.52780353537,291.41560937405626,289.3760380221064,0.011596392067629968,56765.232711822384,290.1465144497522,0.007187967970744467,46457.59435494612,291.41560937405626,289.3760380221064,0.011596392067629968,56765.232711822384,3069.126835705406,0.0,291.41560937405626,290.1465144497522,0.011596392067629968,56765.232711822384,1005.5516387138382,0.0,0.0
1200.0,87594.37750696001,290.9292983985022,288.8931306594749,0.011596392067629968,56765.232711822384,289.69117544390707,0.007025244072475896,46078.03223759258,290.9292983985022,288.8931306594749,0.011596392067629968,56765.232711822384,3069.126835705406,0.0,290.9292983985022,289.69117544390707,0.011596392067629968,56765.232711822384,1005.5516387138382,0.0,0.0
1250.0,87081.38557403663,290.4429874229482,288.4102232968433,0.011596392067629968,56765.232711822384,289.2352427984093,0.006865312166048751,45705.01924281127,290.4429874229482,288.4102232968433,0.011596392067629968,56765.232711822384,3069.126835705406,0.0,290.4429874229482,289.2352427984093,0.011596392067629968,56765.232711822384,1005.5516387138382,0.0,0.0
1300.0,86570.54654991218,289.95667644739416,287.9273159342118,0.011596392067629968,56765.232711822384,288.77872354138367,0.006708146751461772,45338.49530509712,289.95667644739416,287.9273159342118,0.011596392067629968,56765.232711822384,3069.126835705406,0.0,289.95667644739416,288.77872354138367,0.011596392067629968,56765.232711822384,1005.5516387138382,0.0,0.0
1350.0,86061.85498442088,289.4703654718402,287.44440857158025,0.011596392067629968,56765.232711822384,288.3216247225541,0.0065537220527684655,44978.39971498378,289.4703654718402,287.44440857158025,0.011596392067629968,56765.232711822384,3069.126835705406,0.0,289.4703654718402,288.3216247225541,0.011596392067629968,56765.232711822384,1005.5516387138382,0.0,0.0
1400.0,85555.30543208809,289.01581488557343,286.9954290500708,0.011582595468093988,56765.232711822384,287.8934569600875,0.006414253742198952,44685.27863319983,289.01581488557343,286.9954290500708,0.011582595468093988,56765.232711822384,3069.126835705406,0.0,289.01581488557343,287.8934569600875,0.011582595468093988,56765.232711822384,1005.5516387138382,0.0,0.0004533333333333333
1450.0,85050.94771913977,288.6602632023017,286.67257200022306,0.011407995094908181,56491.42041937361,287.5568828034636,0.006313178237026653,44581.37167340992,288.76806985804967,286.7673334130226,0.011479071434676823,56765.232711822384,3069.126835705406,0.0036637647355937737,288.7466913938453,287.5568828034636,0.011464949628252194,56710.87291846858,1005.5516387138382,0.0029372264461936916,0.0004516666666666667
1500.0,84548.9475046211,288.30628244487684,286.3507125802237,0.01123625589279254,56223.42909088892,287.2215237996635,0.006213877556561023,44483.21254509799,288.5202993160616,286.53908161164406,0.011376138973753017,56765.232711822384,3069.126835705406,0.007282205189974837,288.4773631673273,287.2215237996635,0.011347968205699267,56656.290162865815,1005.5516387138382,0.0058212463252864674,0.00045000000000000004
1550.0,84049.29936864744,287.9528898445175,286.0289927387876,0.011066705114123348,55961.184205594975,286.88647060659935,0.006115957468614208,44388.88940444111,288.2719616232858,286.31019710523435,0.011273444018632624,56765.232711822384,3069.126835705406,0.010870160571777292,288.2072110392343,286.88647060659935,0.011231249764468022,56601.51131358586,1005.5516387138382,0.008664232963661003,0.0004483333333333333
1600.0,83551.99617285868,287.60006181025756,285.7073962265001,0.010899308742236694,55704.572612506294,286.55170471311254,0.006019394351417849,44298.32290975819,288.0230530049266,286.0806754563351,0.011170990442386862,56765.232711822384,3069.126835705406,0.014428173601858186,287.9362348522578,286.55170471311254,0.011114804701878889,56546.554514994714,1005.5516387138382,0.011466817918135142,0.00044666666666666666
1650.0,83057.03074012266,287.24777186587886,285.3859040923024,0.010734031606226805,55453.48488073684,286.21720480295346,0.005924164036568161,44211.42954621255,287.77356754090096,285.850510327772,0.011068780787462443,56765.232711822384,3069.126835705406,0.017956816648085773,287.6644318768816,286.21720480295346,0.010998641745826921,56491.43747277115,1005.5516387138382,0.014229648088778173,0.00044500000000000003
1700.0,82564.39585049274,286.8959942039914,285.06449781583933,0.01057083968602004,55207.814926819025,285.88295006487596,0.005830243138997478,44128.12831400516,287.52349923774733,285.61969530298825,0.010966817636339343,56765.232711822384,3069.126835705406,0.021456641101683632,287.3917991853742,285.88295006487596,0.010882769525230537,56436.177437101636,1005.5516387138382,0.01695334534335551,0.00044333333333333334
1750.0,82074.084243332,286.5447036241251,284.7431592597038,0.010409700041569823,54967.45981922185,285.5489201400542,0.005737609010903505,44048.34055788474,287.2728420202158,285.38822387852775,0.010865103606802718,56765.232711822384,3069.126835705406,0.024928179007698767,287.1183336460552,285.5489201400542,0.010767196568687604,56380.7912160477,1005.5516387138382,0.019638508211675215,0.00044166666666666665
1800.0,81586.08861929996,286.19387548809755,284.42187063638846,0.010250580755651035,54732.31959880226,285.21509508521336,0.005646239703876682,43971.98983325097,287.02158973055487,285.156089463285,0.010763641352282936,56765.232711822384,3069.126835705406,0.02837194438440731,286.84403192608926,285.21509508521336,0.010651931308649614,56325.29518808597,1005.5516387138382,0.02228571329774645,0.00044
1850.0,81100.40164223308,285.8434856792145,284.100614478154,0.010093450881263354,54502.29711405888,284.88145533899797,0.005556113933994248,43899.00178307907,286.7697361277598,284.9232853777219,0.010662433562181524,56765.232711822384,3069.126835705406,0.03178843442465867,286.568890494056,284.88145533899797,0.010536982085377502,56269.70531398921,1005.5516387138382,0.024895516568047112,0.0004383333333333334
1900.0,80617.01594092978,285.4935105649543,283.7793736095557,0.009938280393202922,54277.29786969181,284.54798169128514,0.005467211049598253,43829.304024651254,286.5172748868156,284.6898048530773,0.010561482962200667,56765.232711822384,3069.126835705406,0.0351781305907273,286.29290562234627,284.54798169128514,0.010422357150714613,56214.03714810011,1005.5516387138382,0.0274684545280792,0.00043666666666666664
1950.0,80135.92411084485,285.1439269627935,283.4581311223647,0.009785040143387736,54057.22988714845,284.2146552551536,0.005379511001494244,43762.82604513285,286.26419959793213,284.45564103056995,0.010460792314675295,56765.232711822384,3069.126835705406,0.03854149961308482,286.01607338940033,284.2353002552948,0.010308064671687947,56158.30584904459,1005.5516387138382,0.030005045298157125,0.000435
2000.0,79657.11871570312,284.79471210887044,283.13687035265417,0.009633701819570543,53842.00357598662,283.8814574412501,0.005292994315337193,43699.49910513885,286.01050376577587,284.22078696059793,0.010360364418907557,56765.232711822384,3069.126835705406,0.04187899440240598,285.7383896818061,283.97889103286815,0.010194112733950135,56102.52618992699,1005.5516387138382,0.032505789598227725,0.00043333333333333337
2050.0,79180.5922890365,284.4458436292164,282.8155748598442,0.009484237907112659,53631.53161501834,283.548369934326,0.005207642065997255,43639.25614953367,285.7561808086969,283.98523560193416,0.01026020211150233,56765.232711822384,3069.126835705406,0.045191054883050606,285.4598501962686,283.7215362038279,0.01008050934507121,56046.71256804544,1005.5516387138382,0.034971171650334684,0.0004316666666666667
2100.0,78706.33733565151,284.0972995133164,282.4942284075244,0.009336621653529494,53425.72884231273,283.2153746717403,0.005123435853720312,43582.03172478799,285.5012240579557,283.74897982092176,0.010160308266704401,56765.232711822384,3069.126835705406,0.048478108755363986,285.180450441467,283.46322991332244,0.009967262437690399,55990.879014162136,1005.5516387138382,0.03740166000648383,0.00043
2150.0,78234.3463330323,283.7490580897859,282.1728149458923,0.009190827035549432,53224.5121532373,282.8824538237516,0.005040357781919375,43527.76190229586,285.24562675694744,283.5120123906683,0.010060685796735087,56765.232711822384,3069.126835705406,0.05174057219322792,284.9001857398104,283.203966138211,0.009854379872534747,55935.03920135995,1005.5516387138382,0.039797708308752906,0.00042833333333333335
2200.0,77764.61173268332,283.401098003977,281.85131859566496,0.009046828728455225,53027.800405805334,282.5495897754385,0.0049583904364495605,43476.384207116105,284.98938206042953,283.2743259902429,0.009961337652129249,56765.232711822384,3069.126835705406,0.05497885048272069,284.61905122910423,282.9437386881701,0.009741869441312655,55879.20645351416,1005.5516387138382,0.042159755987715396,0.0004266666666666667
2250.0,77297.12596141628,283.05339819734274,281.52972363333515,0.008904602077501851,52835.51433267463,282.2167651101053,0.004877516866234832,43427.83755165735,284.73248303374936,283.0359132038758,0.00986226682207087,56765.232711822384,3069.126835705406,0.058193338606960916,284.3370418641374,282.6825412067458,0.00962973886948846,55823.39375340537,1005.5516387138382,0.04448822890469658,0.000425
2300.0,76831.88142258606,282.7059378884112,281.2080144776588,0.008764123071225708,52647.57645921139,281.8839625940479,0.004797720565128983,43382.06217388214,284.4749226520777,282.7967665201631,0.00976347633472746,56765.232711822384,3069.126835705406,0.061384421781823316,284.0541524182021,282.4203671723617,0.00951799581894376,55767.613750497505,1005.5516387138382,0.046783539942726826,0.00042333333333333334
2350.0,76368.87049727792,282.35869655523373,280.88617567727175,0.008625368316478874,52463.91102709329,281.55116516256504,0.004718985454904451,43338.99957964291,284.2166937996459,282.55687833127814,0.009664969257582114,56765.232711822384,3069.126835705406,0.06455247594655837,283.77037748455507,282.1572098992902,0.009406647890530638,55711.878768402734,1005.5516387138382,0.04904608955061279,0.0004216666666666667
2400.0,75908.08554545029,282.01165391918715,280.56419189934434,0.00848831501503926,52284.443922979255,281.21835590711345,0.004641295869273331,43298.5924888039,283.95778926899135,282.3162409321905,0.009566748697762525,56765.232711822384,3069.126835705406,0.06769786821309876,283.48571147782934,281.89306253859615,0.009295702626521442,55656.200812053314,1005.5516387138382,0.0512762662440313,0.00042
2450.0,75449.51890703522,281.6647899300213,280.2420479191934,0.008352940941661778,52109.10261182061,280.8855180635168,0.0045646365388552134,43260.78478484165,283.6982017602102,282.07484651989523,0.009468817802366842,56765.232711822384,3069.126835705406,0.0708209572772987,283.2001486354058,281.6279180790609,0.009185167512958774,55600.59157459869,1005.5516387138382,0.05347444706725366,0.00041833333333333333
2500.0,74993.16290300095,281.3180847520569,279.91972861077795,0.008219224423448936,51937.81607443011,280.5526350011477,0.004488992577013663,43225.52146764239,283.4379238802211,281.8326871926534,0.009371179758784983,56765.232711822384,3069.126835705406,0.07392209379506885,282.91368301875406,281.361769348095,0.009075049981909769,55545.06244404479,1005.5516387138382,0.05564099801864806,0.0004166666666666667
2550.0,74539.00983637688,280.97151875144374,279.5972189380136,0.00808714432043106,51770.5147489631,280.2196902130066,0.004414349466490914,43192.74860924159,283.17694814204003,281.58975494924636,0.009273837795015331,56765.232711822384,3069.126835705406,0.07700162072615224,282.62630851474796,281.09460901264555,0.008965357413626899,55489.624509650974,1005.5516387138382,0.05777627444287362,0.000415
2600.0,74087.05199324529,280.6250724844031,279.27450394684644,0.00795668000725625,51607.130475997496,279.8866673066357,0.0043406930467773195,43162.41331228009,282.91526696406885,281.34604168824455,0.009176795179975309,56765.232711822384,3069.126835705406,0.08005987364785264,282.33801883696776,280.8264295801082,0.008856097138618946,55434.28856809913,1005.5516387138382,0.05988062139242065,0.0004133333333333333
2650.0,73637.28164370064,280.2787266863834,278.95156875803485,0.00782781135590023,51447.59644692968,279.55354999580703,0.0042680095021579365,43134.46367097024,282.65287266939913,281.1015392072942,0.009080055223805871,56765.232711822384,3069.126835705406,0.08309718104094706,282.04880752699376,280.5572233992488,0.008747276439633713,55379.06512944795,1005.5516387138382,0.06195437396080977,0.0004116666666666667
2700.0,73189.69104277954,279.9324622620643,278.6283985605905,0.007700518719313262,51291.84715542923,279.2203220929314,0.004196285350383009,43108.84873438159,282.38975748513303,280.8562392024227,0.008983621278168747,56765.232711822384,3069.126835705406,0.08611386454971763,281.75866795570005,280.28698266114327,0.008638902553554527,55323.9644228848,1005.5516387138382,0.06399785758964682,0.00041
2750.0,72744.27243136233,279.58626027615435,278.30497860583745,0.0075747829159303875,51139.818351719376,278.8869675021414,0.004125507431915206,43085.51847187982,282.1259135417229,280.61013326736537,0.008887496736535255,56765.232711822384,3069.126835705406,0.08911023921783402,281.4675933245559,280.01569940014235,0.008530982673212423,55268.99640228653,1005.5516387138382,0.06601138835145073,0.00040833333333333336
2800.0,72301.01803704856,279.24010194492814,277.98129420205026,0.007450585214975971,50991.4469994713,278.5534702130055,0.004055662899709509,43064.42374056231,281.861332872333,280.3632128929156,0.00879168503446666,56765.232711822384,3069.126835705406,0.09208661370175564,281.17557666694245,279.7433654948684,0.00842352394911504,55214.170751599704,1005.5516387138382,0.0679952732100956,0.00040666666666666667
2850.0,71859.92007500735,278.89396862845797,277.6573307096369,0.007327907322500922,50846.67123511922,278.2198142948339,0.003986739209486082,43045.51625455039,281.5960074122225,280.1154694663006,0.008696189649884332,56765.232711822384,3069.126835705406,0.09504329046298787,280.88261084949147,279.4699726692516,0.008316533491093408,55159.49689005004,1005.5516387138382,0.06994981026042892,0.00040500000000000003
2900.0,71420.97074880531,278.54784182349755,277.3330735368361,0.007206731368095832,50705.43032942048,277.8859838915426,0.003918724110459697,43028.748556011225,281.3299289981557,279.86689427058525,0.008601014103329368,56765.232711822384,3069.126835705406,0.0979805659405911,280.5886885734545,279.1955124936125,0.008210018369867206,55104.98397719029,1005.5516387138382,0.07187528894861665,0.00040333333333333334
2950.0,70984.16225121217,278.2017031569791,277.008508135901,0.007087039892227553,50567.664651100284,277.5519632170426,0.0038516056364920376,43014.073987790645,281.06308936783876,279.617478484106,0.008506161958210353,56765.232711822384,3069.126835705406,0.10089873070509008,280.2938023761077,278.9199763857975,0.008103985618528953,55050.64091779498,1005.5516387138382,0.07377199027452049,0.00040166666666666665
3000.0,70549.48676498602,277.8555343800908,276.68361999974456,0.0069688158341520215,50433.315632434336,277.21773655112787,0.003785372097636603,43001.44666755258,280.79548015938576,279.36721317993795,0.008411636821038342,56765.232711822384,3069.126835705406,0.10379806959479576,279.99794463220263,278.64335561237573,0.00799844223394795,54996.47636660996,1005.5516387138382,0.07564018697740674,0.0004
3050.0,70116.93646363929,277.50931736290295,276.35839465902393,0.006852042520359258,50302.325736635554,276.8832882358366,0.0037200120720481816,42990.82146332873,280.5270929108192,279.11608932539787,0.008317442341648478,56765.232711822384,3069.126835705406,0.10667886183563445,279.70110755546716,278.3656412899032,0.007893395178092795,54942.4987329642,1005.5516387138382,0.07748014370608378,0.00039833333333333333
3100.0,69686.50351218645,277.16303408951467,276.0328176796445,0.0067367036535104065,50174.63842692196,276.54860267226127,0.0036555143982303054,42982.15397038547,280.2579190596026,278.8640977815844,0.008223582213405954,56765.232711822384,3069.126835705406,0.10954138114521143,279.4032832001668,278.0868243862624,0.007788851379273791,54888.71618525084,1005.5516387138382,0.07929211717461472,0.0003966666666666667
3150.0,69258.18006787493,276.81666665369585,275.7068746606649,0.006622783301829426,50050.19813715339,276.21366431778847,0.00359186816759744,42975.40048932972,279.9879499422133,278.61122930296085,0.008130060173396679,56765.232711822384,3069.126835705406,0.11238589582207377,279.10446346273085,277.80689572208445,0.0076848177333034545,54835.136655283946,1005.5516387138382,0.08107635630447946,0.000395
3200.0,68831.95828089974,276.47019725500326,275.3805512325879,0.006510265888915922,49928.95024393369,275.8784576837513,0.003529062717330223,42970.518005381535,279.7171767937533,278.35747453698093,0.008036880002600444,56765.232711822384,3069.126835705406,0.11521266882071352,278.80464008345405,277.52584597226155,0.007581301104575518,54781.76784253715,1005.5516387138382,0.0828331023541736,0.0003933333333333333
3250.0,68407.83029510287,276.1236081953477,275.0538330560218,0.006399136183946762,49810.84104008366,275.54296733347473,0.0034670876235023728,42967.46416873871,279.4455907476052,278.1028240237623,0.00794404552604537,56765.232711822384,3069.126835705406,0.11802195781315031,278.5038046482783,277.24366566755674,0.007478308327060957,54728.61721826995,1005.5516387138382,0.08456258903704456,0.0003916666666666667
3300.0,67985.78824865886,275.7768818759956,274.72670582070066,0.006289379292237919,49695.81770939765,275.207177880702,0.0034059326944615785,42966.19727597674,279.1731828351331,277.84726819581067,0.007851560612943155,56765.232711822384,3069.126835705406,0.12081401523757933,278.2019485906645,276.9603451963196,0.007375846205220494,54675.69202954706,1005.5516387138382,0.08626504262818739,0.00039000000000000005
3350.0,67565.8242747463,275.4300007949874,274.3991552448506,0.00618098064613902,49583.82830260337,274.8710739883872,0.003345587964446193,42966.67625242243,278.8999439854335,277.5907973777972,0.007759429176802775,56765.232711822384,3069.126835705406,0.12358908833469252,277.89906319356055,276.6758748063152,0.007273921514832301,54622.99930315599,1005.5516387138382,0.08794068206110789,0.0003883333333333333
3400.0,67147.93050220709,275.0829475449588,274.071167074894,0.006073925996236186,49474.82171445123,274.5346403678439,0.0032860436874222946,42968.86063545187,278.6258650251381,277.3334017863938,0.007667655175521964,56765.232711822384,3069.126835705406,0.12634741917209763,277.59513959147466,276.39024460667434,0.007172541003733261,54570.54584942769,1005.5516387138382,0.08958971901481694,0.00038666666666666667
3450.0,66732.09905619425,274.73570481134993,273.74272708548074,0.0059682014028391486,49368.74766186495,274.197861778237,0.003227290331125322,42972.71055865971,278.35093667827374,277.075071530169,0.007576242611454515,56765.232711822384,3069.126835705406,0.12908924465742536,277.29016877266133,276.10344456997376,0.007071711392473064,54518.3382659648,1005.5516387138382,0.09121235799210023,0.00038500000000000003
3500.0,66318.32205880745,274.38825537099143,273.41382107983986,0.005863793227731951,49265.55666309051,273.8607230264107,0.003169318571293248,42978.18673685926,278.07514956618024,276.81579660954856,0.0074851955314523995,56765.232711822384,3069.126835705406,0.13181479654039893,276.9841415814277,275.8154645344539,0.006971439374878365,54466.382941281925,1005.5516387138382,0.09280879638943951,0.00038333333333333334
3550.0,65906.59162971919,274.04061827802684,273.08446953617863,0.005760696681104097,49165.200017785384,273.523243781428,0.0031121271463824397,42985.305219497466,277.7984942074929,276.5555669168448,0.007394518026880593,56765.232711822384,3069.126835705406,0.13452298823330364,276.67704872057004,275.52629420638345,0.006871731618526437,54414.68605836202,1005.5516387138382,0.09437791668937635,0.00038166666666666666
3600.0,65496.89994072131,273.69308976649984,272.7549809446192,0.005658835677995504,49067.63083314327,273.1857105984726,0.0030557738217537583,42994.498792541475,277.5209610243268,276.29437224290854,0.0073042142309638035,56765.232711822384,3069.126835705406,0.1372026494030944,276.368880879694,275.23592327930135,0.006772594816199749,54363.25384458713,1005.5516387138382,0.09590856255387949,0.00038
3650.0,65089.23962663252,273.34563972303573,272.4253427152906,0.0055581089718537615,48972.811872276536,272.8481069551289,0.003000179900995017,43005.55327174478,277.24254038904274,276.0322023271027,0.007214288298672707,56765.232711822384,3069.126835705406,0.13985441864835846,276.05962970166166,274.944342332666,0.006674036070395546,54312.09444685293,1005.5516387138382,0.09740137694274947,0.0003783333333333334
3700.0,64683.60329320582,272.9982427671257,272.0955313115901,0.005458509841477215,48880.702939127244,272.51042500528,0.0029452423827574735,43018.202542254025,276.96322256823254,275.7690467975685,0.0071247444307616405,56765.232711822384,3069.126835705406,0.14247876270045334,275.7492863253611,274.6515414837851,0.006576062275951773,54261.21501156494,1005.5516387138382,0.0988568169257789,0.00037666666666666664
3750.0,64279.98352504276,272.6508721979831,271.7655219441277,0.005360031118770669,48791.26001547697,272.1726393992513,0.0028909557644789053,43032.40672572593,276.6829977238737,275.5048951724991,0.007035586873353343,56765.232711822384,3069.126835705406,0.14507619612624628,275.43784126102895,274.3575102711235,0.006478680073495014,54210.621455453045,1005.5516387138382,0.10027536786541717,0.000375
3800.0,63878.37288443786,272.303501513908,271.4352899864669,0.005262665785372118,48704.43965280185,271.83472481643406,0.002837315526128894,43048.12844017658,276.401855913456,275.23973686032986,0.006946819917891338,56765.232711822384,3069.126835705406,0.14764722611366357,275.125284885971,274.0622381107831,0.0063818960725172185,54160.31948916928,1005.5516387138382,0.10165750615044616,0.0003733333333333334
3850.0,63478.76391248726,271.95610443128794,271.1048109931416,0.0051664069804504935,48620.19899848124,271.49665613449866,0.0027843172248994156,43065.33070610249,276.1197870904567,274.9735611603018,0.006858447900943278,56765.232711822384,3069.126835705406,0.1501923517100746,274.8116074535484,273.7657143050955,0.006285716853688296,54110.31462944881,1005.5516387138382,0.10300369872908152,0.00037166666666666663
3900.0,63081.14913021072,271.60865487757695,270.7740606934495,0.005071247998100482,48538.49578215205,271.15840842268824,0.0027319564946098407,43083.976937940104,275.8367811049131,274.70635726313014,0.006770475203963198,56765.232711822384,3069.126835705406,0.1527120640130667,274.496799096663,273.46792804617945,0.006190148968518729,54060.61220179375,1005.5516387138382,0.1043144033904385,0.00037
3950.0,62685.52103964782,271.2611269848649,270.4430149858414,0.0049771822846402525,48459.288302665715,270.8199569357152,0.002680229045009633,43104.03093588333,275.55282770409065,274.4381142517768,0.006682906253012088,56765.232711822384,3069.126835705406,0.15520684634607995,274.1808498314214,273.1688684196971,0.00609519893891157,54011.21734310641,1005.5516387138382,0.10559006903454132,0.00036833333333333336
4000.0,62291.87212493097,270.91349508413913,270.1116499330023,0.004884203435851298,48382.53541561517,270.4812771083567,0.0026291306610034897,43125.45687821811,275.26791653325427,274.16882110233325,0.0065957455184344135,56765.232711822384,3069.126835705406,0.15767717441522308,273.8639907344481,272.86876619552856,0.006000864241590726,53962.13500427391,1005.5516387138382,0.10683986901627703,0.00036666666666666667
4050.0,61900.19485333444,270.56573370022744,269.77994175761324,0.004792305194155736,48308.19652140467,270.14234455073967,0.0025786572018000483,43148.21931416667,274.982037136546,273.89846668501957,0.006508997514489091,56765.232711822384,3069.126835705406,0.16012351644752557,273.5462658918911,272.5676829604108,0.005907038852655064,53913.36995270666,1005.5516387138382,0.10806623736254702,0.000365
4100.0,61510.48167630305,270.2178175474086,269.44786683878226,0.004701481445725156,48236.23155383731,269.80313504429967,0.0025288045999835355,43172.283157224665,274.6951789579765,273.6270397653051,0.00642266679893153,56765.232711822384,3069.126835705406,0.16254633331114582,273.22765108124673,272.2655938191552,0.005813728044191694,53864.92677483323,1005.5516387138382,0.10926913419309248,0.00036333333333333335
4150.0,61122.72503045938,269.86972152567984,269.11540170913526,0.004611726217515891,48166.60096919687,269.46362453840567,0.002479568860508588,43197.6136789825,274.4073313425342,273.3545290051572,0.006336757972545322,56765.232711822384,3069.126835705406,0.16494607861780933,272.9081297679308,271.96248092678354,0.005720940798504832,53816.80987855399,1005.5516387138382,0.110448792432039,0.0003616666666666667
4200.0,60736.91733859243,269.5214207176731,268.78252305255944,0.004523033674225613,48099.26573580228,269.1237891476405,0.0024309460596181466,43224.17650342119,274.1185161439067,273.0809542815722,0.006251282729951568,56765.232711822384,3069.126835705406,0.16732438561383065,272.58768530500043,271.6583263304045,0.005628686100624339,53769.02349565592,1005.5516387138382,0.11160543574453184,0.00035999999999999997
4250.0,60353.05101062801,269.1728903862125,268.4492077025917,0.00443539811516601,48034.18732401421,268.783605149731,0.002382932343684267,43251.93760167567,273.82894126883707,272.80653073625547,0.006166192878337312,56765.232711822384,3069.126835705406,0.16968967080232672,272.2663009004078,271.35311193892693,0.005536972924529468,53721.571684190865,1005.5516387138382,0.11273927734964312,0.00035833333333333333
4300.0,59971.1184445819,268.8241059725033,268.11543264144655,0.004348813971046406,47971.32769667538,268.4430489841173,0.002335523927970799,43280.86328725201,273.53858792163226,272.5312487470106,0.006081433620006346,56765.232711822384,3069.126835705406,0.17204211561922167,271.94395961887346,271.0468195249823,0.0054458102332216474,53674.45833081954,1005.5516387138382,0.11385052006467779,0.0003566666666666667
4350.0,59591.11202749757,268.4750430949511,267.781174999679,0.004263275800663586,47910.649299966586,268.1020972511614,0.0022887170953186818,43310.92021170099,273.24744024458687,272.2550914922521,0.005997011351505283,56765.232711822384,3069.126835705406,0.1743820039964351,271.6206443842518,270.73943072735665,0.00535520697870209,53627.68715312349,1005.5516387138382,0.11493935634503796,0.000355
4400.0,59213.02413636821,268.1256775486034,267.446412056479,0.004178778287493032,47852.11505466248,267.7607267119852,0.0022425081947522714,43342.07536073367,272.95548276327423,271.9780424905638,0.005912932734289821,56765.232711822384,3069.126835705406,0.1767096295629212,271.29633798225194,270.43092705380667,0.0052651721017852844,53581.26170188709,1005.5516387138382,0.11600596831481756,0.0003533333333333333
4450.0,58836.84713904535,267.7759853052102,267.11112124059315,0.0040953162361766,47795.688347771546,267.4189142889378,0.0021968936400069868,43374.29605077941,272.66269988394225,271.7000851350757,0.005829204483069966,56765.232711822384,3069.126835705406,0.17902527727690357,270.97102306353247,270.12128988428015,0.005175714531741859,53535.1853633519,1005.5516387138382,0.11705052778880201,0.0003516666666666667
4500.0,58462.573395134015,267.42594251390085,266.7752801318729,0.004012884568902351,47741.33302454635,267.07663706668626,0.0021518699079770614,43407.54992597787,272.3690758906938,271.4212026908261,0.005745833365278262,56765.232711822384,3069.126835705406,0.18132922322529826,270.644682147188,269.8105004745588,0.005086843185762933,53489.46136144532,1005.5516387138382,0.11807319628650349,0.00035
4550.0,58090.19525687602,267.0755255024741,266.4388664634457,0.003931478321671959,47689.01338085061,266.73387229392944,0.0021074335370833575,43441.804955603555,272.0745949449093,271.14137829423004,0.005662826201320027,56765.232711822384,3069.126835705406,0.1836217344813762,270.31729762464744,269.49853996034585,0.004998566968239386,53444.09275998572,1005.5516387138382,0.11907412503893416,0.00034833333333333336
4600.0,57719.70507002173,266.7247107792997,266.10185812450976,0.00385109264045153,47638.694155870726,266.3905973857314,0.0020635811255602997,43477.02943191789,271.77924108487633,270.8605949527703,0.005580189864743716,56765.232711822384,3069.126835705406,0.18590306894637762,269.9888517640038,269.1853893618171,0.0049108947698477835,53399.082464866,1005.5516387138382,0.12005345498881499,0.00034666666666666667
4650.0,57351.09517469151,266.37347503582856,265.76423316374854,0.0037717227772016203,47590.34052516032,266.0467899264736,0.0020203093296615737,43513.19196844671,271.482998225626,270.5788355449106,0.005497931282322977,56765.232711822384,3069.126835705406,0.1881734751749237,269.6593267147956,268.8710295886594,0.0048238354664355216,53354.433226217734,1005.5516387138382,0.12101131678494298,0.000345
4700.0,56984.35790622758,266.0217951497113,265.42596979336673,0.0036933640857826694,47543.91809400679,265.70242767342353,0.001977614861783862,43550.26149867889,271.18585015898645,270.2960828202431,0.0054160574340460215,56765.232711822384,3069.126835705406,0.1904331921844198,269.3287045132609,268.55544144561617,0.004737397917696632,53310.14764055776,1005.5516387138382,0.12194783077140234,0.00034333333333333335
4750.0,56619.485596036975,265.66964818852244,265.0870463937454,0.0036160120177322406,47499.39289110988,265.3574885609187,0.0019354944885080889,43588.207275183915,270.8877805538656,270.0123193998828,0.005334575353007027,56765.232711822384,3069.126835705406,0.19268244924874225,268.9969670880859,268.238605638565,0.004651590965630504,53266.228152919306,1005.5516387138382,0.1228631069724425,0.00034166666666666666
4800.0,56256.470572426566,265.3170114140901,264.74744151871585,0.003539662117910494,47456.731362562656,265.0119507051655,0.0018939450285580266,43626.99886914761,270.5887729567744,269.72752777712105,0.005253492125195482,56765.232711822384,3069.126835705406,0.19492146567646243,268.6640962666699,267.9205027811483,0.004566423432774524,53222.67705896949,1005.5516387138382,0.12375724507374858,0.00034
4850.0,55895.30516143081,264.9638622874283,264.4071339014508,0.0034643100200108436,47415.90036612608,264.6657924096503,0.0018529633506754527,43666.60617032099,270.28881079260276,269.44169031835025,0.005172814889176909,56765.232711822384,3069.126835705406,0.19715045057387806,268.33007378192684,267.60111340198137,0.004481904120202154,53179.4965071153,1005.5516387138382,0.12463033440087927,0.00033833333333333334
4900.0,55535.98168763283,264.6101784742726,264.0661024609728,0.00338995144193314,47376.86716578867,264.31899217116194,0.0018125463714118988,43706.99938738198,269.9878773656613,269.1547892642753,0.005092550835660641,56765.232711822384,3069.126835705406,0.1993696025931693,267.9948812796502,267.2804179524616,0.0043980418052777,53136.688500599725,1005.5516387138382,0.1254824538957895,0.0003366666666666667
4950.0,55178.49247497968,264.25593785121276,263.7243263092764,0.003316582181016439,47339.59942660344,263.9715286864228,0.0017726910528365492,43748.149048705935,269.6859558610024,268.86680673142473,0.005012707206948486,56765.232711822384,3069.126835705406,0.20157910966613304,267.6585003264592,266.9583968152028,0.0043148452391588215,53094.25489959025,1005.5516387138382,0.12631367209224814,0.000335
5000.0,54822.82984759255,263.901118512426,263.3817847590642,0.0032441981091297853,47304.065209794615,263.6233808593271,0.0017333944001605372,43790.02600354423,269.38302934603365,268.57772471397675,0.004933291296258004,56765.232711822384,3069.126835705406,0.20377914872368633,267.32091241835246,266.63503031311757,0.0042323231440374335,53052.19742326127,1005.5516387138382,0.12712404709098923,0.0003333333333333333
5050.0,54468.98613057222,263.54569877700214,263.03845733209135,0.003172795167618778,47270.232968127115,263.27452780878275,0.0016946534592775112,43832.601423607186,269.07908077243974,268.2875250859155,0.004854310446914899,56765.232711822384,3069.126835705406,0.20596988540182415,266.9820989898916,266.31029871917445,0.004150484210110671,53010.51765187254,1005.5516387138382,0.1279136265356772,0.0003316666666666667
5100.0,54116.95365080078,263.18965719686037,262.6943237681174,0.0031023693621069683,47238.07154153208,262.9249488771528,0.0016564653142208453,43875.84680504793,268.77409297842587,267.9961896035336,0.004775772051407669,56765.232711822384,3069.126835705406,0.20815147373432238,266.642041424036,265.9841822668508,0.0040693370922720105,52969.21702884535,1005.5516387138382,0.1286824475904858,0.00033
5150.0,53766.72473773974,262.832972565253,262.3493640344597,0.003032916757151092,47207.550152982054,262.5746236392925,0.0016188270845379784,43919.7339708451,268.4680486912995,267.70369990829744,0.004697683550297952,56765.232711822384,3069.126835705406,0.2103240558328042,266.30072106265425,265.6566611613081,0.003988890406514217,52928.29686283826,1005.5516387138382,0.12943053692040343,0.0003283333333333333
5200.0,53418.29172422609,262.47562392584916,262.0035583361433,0.0029644334707499653,47178.63840460983,262.22353191217576,0.001581735922582545,43964.23507357961,268.1609305304059,267.41003753009187,0.004620052430979763,56765.232711822384,3069.126835705406,0.2124877615547936,265.9581192177328,265.32771559131135,0.003909152726034676,52887.75832982429,1005.5516387138382,0.13015791067527835,0.0003266666666666667
5250.0,53071.64694726525,262.1175905823934,261.65688712664024,0.0028969156687070436,47151.30627406507,261.87165376510546,0.0015451890107252954,44009.322598602186,267.85272101043495,267.11518389086274,0.004542886226280834,56765.232711822384,3069.126835705406,0.21464270816041398,265.614217183305,264.9973257419178,0.003830132577034912,52847.60247517119,1005.5516387138382,0.13086457447868433,0.00032500000000000004
5300.0,52726.78274882322,261.75885210893125,261.3093311191911,0.002830359558847844,47125.52411110313,261.51896953049766,0.0015091835584847906,44054.96936758476,267.54340254511374,266.81912030867414,0.004466192512898337,56765.232711822384,3069.126835705406,0.2167889999583857,265.2689962481221,264.665471807955,0.0037518384342050083,52807.83021572663,1005.5516387138382,0.1315505234227278,0.0003233333333333333
5350.0,52383.691476616805,261.39938836059326,260.960871298699,0.0027647613850934095,47101.26263440065,261.1654598152333,0.0014737167995797686,44101.148542454124,267.2329574513054,266.52182800219947,0.004389978909661775,56765.232711822384,3069.126835705406,0.21892672794223525,264.9224377090869,264.3321340083129,0.00367427871588543,52768.44234190999,1005.5516387138382,0.1322157420699343,0.00032166666666666666
5400.0,52042.365484903814,261.0391794849251,260.61148893418493,0.002700117421392073,47078.49292859275,260.8111055125637,0.0014387859889043986,44147.83362969656,266.92136795353025,266.2232880956657,0.00431425307561564,56765.232711822384,3069.126835705406,0.2210559694176053,264.57452288547034,263.9972926010688,0.0035974617788976787,52729.43951981244,1005.5516387138382,0.1328602044634896,0.00032
5450.0,51702.79713527251,260.67820593375586,260.26116559179263,0.0026364239655125086,47057.1864415266,260.45588781456024,0.0014043883994291375,44194.998485031705,266.6086161889276,265.9234816242692,0.0042390227079136394,56765.232711822384,3069.126835705406,0.22317678762151308,264.2252331339306,263.66092789946606,0.003521395913036669,52690.82229330692,1005.5516387138382,0.13348387414695004,0.00031833333333333334
5500.0,51364.978797431366,260.3164484755856,259.9098831483271,0.0025736773327014496,47037.31498172642,260.0997882250912,0.001370521319029099,44242.61731844252,266.2946842126771,265.62238954008336,0.004164295539516707,56765.232711822384,3069.126835705406,0.22528923133479162,263.8745498643512,263.3230202887642,0.003446089335217696,52652.59108616968,1005.5516387138382,0.13408670419481378,0.00031666666666666665
5550.0,51028.902849999264,259.9538882084819,259.55762380531206,0.0025118738492108487,47018.85071606494,259.74278857331234,0.0013371820472431856,44290.66469955694,265.9795540038989,265.31999271847826,0.004090079336686869,56765.232711822384,3069.126835705406,0.22739333448874402,263.5224545565162,262.9835502439781,0.0033715501832716666,52614.74620421491,1005.5516387138382,0.13466863725516098,0.000315
5600.0,50694.56168129679,259.59050657346387,259.20437010354675,0.0024510098456994893,47001.76616763646,259.38487102765237,0.0013043678919671174,44339.11556336918,265.6632074720512,265.01627196507224,0.00401638189626865,56765.232711822384,3069.126835705406,0.22948911576734726,263.1689287776356,262.64249834852006,0.003297786509382833,52577.28783744395,1005.5516387138382,0.1352296056057429,0.0003133333333333334
5650.0,50361.94769013815,259.2262853683567,258.8501049381414,0.002391081650515393,46986.03421382656,259.026018110271,0.001272076166083749,44387.94521628827,265.3456264638444,264.71120802323577,0.003943211042749563,56765.232711822384,3069.126835705406,0.23157657820630165,262.813954200734,262.2998453137588,0.0032248062731643026,52540.21606221062,1005.5516387138382,0.13576953122485091,0.00031166666666666663
5700.0,50031.05328662514,258.86120676209373,258.49481157400857,0.002332085582865999,46971.628084573684,258.6662127119709,0.0012403041840351732,44437.12934250498,265.02679277069166,264.4047815821686,0.003870574625091645,56765.232711822384,3069.126835705406,0.23365570879044006,262.4575126239135,261.9555719995047,0.003152617334367265,52503.53084340397,1005.5516387138382,0.13628832587833709,0.00031
5750.0,49701.870892942025,258.49525330944294,258.1384736617855,0.002274017945884437,46958.521360817525,258.30543810753556,0.0012090492583409003,44486.64401066102,264.70668813671614,264.09697328557075,0.003798480513325609,56765.232711822384,3069.126835705406,0.23572647805105398,262.09958599049855,261.6096594354296,0.0030812274452210347,52467.232036649926,1005.5516387138382,0.13678589122419244,0.00030833333333333337
5800.0,49374.39294415307,258.12840796613085,257.7810752541578,0.0022168750196005344,46946.68797312948,257.94367797146793,0.0011783086960671957,44536.46568080699,264.38529426733334,263.78776374092786,0.0037269365948991258,56765.232711822384,3069.126835705406,0.23778883966483103,261.74015641006696,261.262088843426,0.0030106442424020882,52431.319390532975,1005.5516387138382,0.1372621189360226,0.0003066666666666667
5850.0,49048.61188900117,257.7606541043354,257.4226008225557,0.0021606530538270533,46936.10220051997,257.58091639409855,0.0011480797952530541,44586.571211632516,264.0625928384273,263.47713352943055,0.003655950770770853,56765.232711822384,3069.126835705406,0.2398427300561449,261.3792061803706,260.9128416609067,0.0029408752386317826,52395.79254883921,1005.5516387138382,0.13771689084687289,0.000305
5900.0,48724.52019070919,257.391975528516,257.0630352741878,0.0021053482609719896,46926.7386694175,257.2171378980312,0.001118359841298834,44636.93786795056,263.7385655061425,263.1650632165501,0.003585530951242471,56765.232711822384,3069.126835705406,0.24188806800473886,261.01671781014363,260.5618995650426,0.0028719278139033746,52360.65105282178,1005.5516387138382,0.13815007911475255,0.00030333333333333335
5950.0,48402.110327783135,257.0223564915476,256.7023639693778,0.0020509568087892453,46918.57235281435,256.8523274548915,0.001089146103324082,44687.54332841844,263.413193917308,262.8515333632878,0.003515685051519914,56765.232711822384,3069.126835705406,0.24392475426070942,260.6526740427928,260.209244497933,0.0028038092063409526,52325.894343489854,1005.5516387138382,0.13856154641118326,0.0003016666666666667
6000.0,48081.37479481742,256.65178171112115,256.3405727391636,0.0019974748130809237,46911.57856957341,256.4864705023401,0.00106043583050155,44738.36569347371,263.0864597205123,262.53652453811895,0.0034464209869964992,56765.232711822384,3069.126835705406,0.24595267116897704,260.28705788096215,259.8548586926974,0.0027365265026944624,52291.521763922035,1005.5516387138382,0.13895114613418239,0.0003
6050.0,47762.30610330252,256.28023638637177,255.97764790311822,0.001944898330365628,46905.73298389068,256.1195529613096,0.0010322262483749708,44789.3834934635,262.7583445778491,262.22001732964986,0.0033777466682499736,56765.232711822384,3069.126835705406,0.24797168230554892,259.9198526119568,259.4987247004734,0.0026700866284765355,52257.53256160502,1005.5516387138382,0.13931872264687753,0.00029833333333333334
6100.0,47444.896782434116,255.90770621469215,255.6135762873474,0.00189322335052815,46901.01160490775,255.75156125342176,0.0010045145551686408,44840.57569694372,262.42883017734744,261.90199236000524,0.0033096699957461625,56765.232711822384,3069.126835705406,0.2499816321278704,259.5510418340095,259.14082541830106,0.0026044963377491554,52223.92589079838,1005.5516387138382,0.13966411154308184,0.0002966666666666667
6150.0,47129.13937992467,255.53417740868682,255.24834524261564,0.0018424457894671681,46897.39078646839,255.38248231854047,0.0009772979180975201,44891.921719124235,262.09789824610607,261.5824302989636,0.0032421988542422502,56765.232711822384,3069.126835705406,0.25198234564177696,259.1806094833649,258.78114411786726,0.0025397622025701647,52190.70081492604,1005.5516387138382,0.13998713994089726,0.000295
6200.0,46815.026462816066,255.15963671321902,254.8819426625512,0.0017925614817584357,46894.84722701327,255.01230363240776,0.0009505734696867482,44943.4014304306,261.76553056414525,261.2613118788564,0.0031753411068831984,56765.232711822384,3069.126835705406,0.25397362808766333,258.80853986215436,258.4196644750794,0.0024758906021116996,52157.85630899493,1005.5516387138382,0.14028762680551854,0.0002933333333333333
6250.0,46502.550618294365,254.78407142250066,254.5143570018764,0.0017435661733523286,46893.35796960637,254.64101322431478,0.0009243383041103798,44994.995165157576,261.43170897899006,260.9386179102451,0.0031091045889850336,56765.232711822384,3069.126835705406,0.25595526464847074,258.43481766702615,258.0563706004303,0.002412887711465193,52125.39126204139,1005.5516387138382,0.14056538330218502,0.0002916666666666667
6300.0,46191.70445450489,254.40746939717232,254.14557729460674,0.001695455514325221,46892.900402086816,254.26859969475152,0.0008985894735594148,45046.6837301833,261.09641542099905,260.61432929838924,0.0030434971014997305,56765.232711822384,3069.126835705406,0.25792702018233105,258.05942801849125,257.69124707011053,0.002350759490150024,52093.30447960542,1005.5516387138382,0.14082021318017504,0.00029
6350.0,45882.480601368654,254.02981908131835,253.7755931721614,0.0016482250517055221,46893.452257339326,253.89505223297868,0.0008733239846496139,45098.44841371325,260.7596319194476,260.28842706051717,0.002978526404156864,56765.232711822384,3069.126835705406,0.2598886389826315,257.6823564909371,257.32427895781785,0.002289511670345476,52061.59468623302,1005.5516387138382,0.14105191318854438,0.0002883333333333333
6400.0,45574.87171139892,253.65110951935878,253.40439488132253,0.0016018702223958095,46894.99161367638,253.5203606344622,0.0008485387948801645,45150.27099402186,260.421340619377,259.9608923439086,0.002914200208277951,56765.232711822384,3069.126835705406,0.26183984456850956,257.30358914325745,256.95545186720545,0.0022291497448684887,52030.26052800668,1005.5516387138382,0.1412602735242967,0.0002866666666666667
6450.0,45268.87046051762,253.27133037275863,253.03197330198122,0.0015563863462136826,46897.496895325,253.14451531810874,0.0008242308091546488,45202.13374815828,260.0815237992152,259.6317064447955,0.002850526169260259,56765.232711822384,3069.126835705406,0.26378033950866986,256.9231125500373,256.58475196490474,0.0021696789549224423,51999.30057510375,1005.5516387138382,0.14144507831335928,0.000285
6500.0,44964.46954887101,252.89047193649188,252.65831996460352,0.0015117686190744622,46900.9468730107,252.76750734323795,0.0008003968763760038,45254.01946058046,259.74016388917374,259.30085082808705,0.002787511878728094,56765.232711822384,3069.126835705406,0.26570980528156807,256.5409138332252,256.2121660140496,0.0021111042776452158,51968.713324382494,1005.5516387138382,0.14160610612465888,0.00028333333333333335
6550.0,44661.661701644196,252.50852515519816,252.28342706734955,0.0014680121063397832,46905.32066463107,252.3893284262274,0.0007770337861278246,45305.91143168414,259.39724349042575,258.96830714791975,0.002725164856350115,56765.232711822384,3069.126835705406,0.26762790217497545,256.15698069422075,255.83768140822232,0.002053430413487669,51938.497201995386,1005.5516387138382,0.1417431305173295,0.00028166666666666666
6600.0,44360.43966987372,252.12548163896415,251.90728749277636,0.0014251117363566221,46910.59773601115,252.0099709567601,0.0007541382654541021,45357.79348618607,259.05274539506144,258.63405726903227,0.002663492541322998,56765.232711822384,3069.126835705406,0.2695342692279948,255.77130144629206,255.46128620573285,0.0019966617734569233,51908.650566028984,1005.5516387138382,0.14185592062091476,0.00028000000000000003
6650.0,44060.79623125735,251.74133367866438,251.52989482405366,0.001383062294211878,46916.757901732475,251.62942801360867,0.00073170697575041,45409.649981327326,258.7066526068192,258.2980832889603,0.0026025022835224343,56765.232711822384,3069.126835705406,0.27142852421850805,255.38386504723837,255.08296916413633,0.0019408024662618249,51879.17170916969,1005.5516387138382,0.14194424174824888,0.00027833333333333334
6700.0,43762.72419096088,251.3560742607934,251.15124336062073,0.0013418584157279536,46923.78132602767,251.24769337988405,0.0007097365097790256,45461.46581485539,258.3589483625876,257.9603675610444,0.00254220133432444,56765.232711822384,3069.126835705406,0.2733102636991529,254.99466113219606,254.70271977488406,0.0018858562854009897,51850.0588613944,1005.5516387138382,0.14200785604021368,0.00027666666666666665
6750.0,43466.216382420134,250.96969708171997,250.7713281332123,0.0013014945817251351,46931.64852373198,250.8647615576794,0.0006882233888211657,45513.22643274749,258.0096161546635,257.62089271823794,0.0024825968371009277,56765.232711822384,3069.126835705406,0.2751790630846094,254.60368004648907,254.32052829799701,0.0018318266962372258,51821.31019268497,1005.5516387138382,0.14204652314170368,0.000275
6800.0,43171.26566813844,250.58219656129486,250.39014491818017,0.0012619651125766428,46940.340361283284,250.48062778203825,0.0006671640599791987,45564.91783663586,257.6586397537572,257.2796416977014,0.0024236958173955636,56765.232711822384,3069.126835705406,0.2770344767932255,254.21091287840792,253.93638579664216,0.0017787168231047268,51792.92381576525,1005.5516387138382,0.14206000090741314,0.00027333333333333333
6850.0,42877.864940477724,250.19356785574223,250.00769025103756,0.0012232641630821098,46949.83805776157,250.09528803417484,0.0006465548936417336,45616.52659089423,257.3060032327227,256.9365977661609,0.00236550517278728,56765.232711822384,3069.126835705406,0.2788760384455934,253.81635149180158,253.5502841714846,0.001726529436498977,51764.89778885917,1005.5516387138382,0.1420480461361572,0.0002716666666666667
6900.0,42586.007122442716,249.80380686976596,249.62396143915402,0.001185385717685301,46960.12318595911,249.70873905387654,0.0006263921811244846,45668.03982934671,256.95169099099303,256.5917445460079,0.0023080316624509807,56765.232711822384,3069.126835705406,0.2807032611228164,253.41998855835539,253.16221619468175,0.001675266940401672,51737.230118468324,1005.5516387138382,0.14201041533188807,0.00027
6950.0,42295.685168457254,249.41291026780422,249.2389565735293,0.0011483235860612956,46971.17767347216,249.32097835101948,0.0006066721324995259,45719.44526156101,256.59568777969184,256.24506604210865,0.0022512818964267136,56765.232711822384,3069.126835705406,0.28251563768675286,253.02181758942334,252.77217554337787,0.0016249313597959424,51709.918762167275,1005.5516387138382,0.14194686548931865,0.0002683333333333333
7000.0,42006.89206513129,249.02087548436222,248.85267453957533,0.0011120713990978798,46982.98380380499,248.93200421612633,0.0005873908746251806,45770.7311786844,256.2379787273902,255.89654666929084,0.002195262324610924,56765.232711822384,3069.126835705406,0.28431264116469873,252.62183296727645,252.38015683255193,0.0015755243284297112,51682.961631414546,1005.5516387138382,0.14185715490188647,0.0002666666666666667
7050.0,41719.62083201771,248.62770073336145,248.46511502683867,0.0010766226052954402,46995.52421747714,248.54181572990262,0.0005685444493886777,45821.88645878828,255.878549366471,255.54617128046408,0.002139979225485249,56765.232711822384,3069.126835705406,0.28609372520034776,252.22002997562404,251.98615564706577,0.0015270470768872903,51656.35659437726,1005.5516387138382,0.14174104398926035,0.00026500000000000004
7100.0,41433.86452235803,248.23338501643943,248.0762785375964,0.001041970467608304,47008.781913124396,248.15041277168393,0.0005501288121729185,45872.90057168116,255.5173856600586,255.19392519533045,0.0020854386946008835,56765.232711822384,3069.126835705406,0.28785832457294946,251.81640482925877,251.59016857275344,0.00147950042103126,51630.101478767116,1005.5516387138382,0.1415982961414718,0.0002633333333333333
7150.0,41149.61622381523,247.83792813014065,247.6861663942626,0.0010081080607498918,47022.74024858438,247.75779602673333,0.0005321398305583658,45923.763583155735,255.15447402946486,254.83979422963148,0.0020316466328388753,56765.232711822384,3069.126835705406,0.2896058557860483,251.41095470267297,251.19219322638986,0.001432884750878721,51604.19407468523,1005.5516387138382,0.14142867857633307,0.00026166666666666667
7200.0,40866.869059193086,247.44133067194116,247.2947807455452,0.000975028268982381,47037.3829419574,247.36396699233106,0.0005145732832703971,45974.466158637,254.78980138209803,254.48376472487402,0.0019786087344689884,56765.232711822384,3069.126835705406,0.2913357177270203,251.00367775749007,250.79222828437247,0.0013872000199770585,51578.632137473345,1005.5516387138382,0.14123196320653147,0.00026000000000000003
7250.0,40585.61618714034,247.04359404505226,246.9021245712968,0.0009427237844104549,47052.694072633414,246.96892798259987,0.0004974248593816146,46024.999566197665,254.4233551397754,254.12582357846986,0.0019263304750326033,56765.232711822384,3069.126835705406,0.29304729239824584,250.5945731685532,250.39027350994698,0.0013424457353456644,51553.41339056858,1005.5516387138382,0.14100792751254912,0.00025833333333333334
7300.0,40305.85080283865,246.64472046195328,246.50820168600765,0.0009111871057968309,47068.658082275906,246.5726821320153,0.0004806901577778277,46075.35567891057,254.05512326737127,253.76595827421818,0.0018748170990774,56765.232711822384,3069.126835705406,0.29473994572028295,250.1836411485103,249.98632977880817,0.0012986209480504692,51528.53552835891,1005.5516387138382,0.14075635541722323,0.00025666666666666665
7350.0,40027.56613867304,246.24471294660873,246.11301674089353,0.0008804105379156212,47085.25977575386,246.17523339755573,0.0004643646868955566,46125.52697651191,253.68509430173123,253.404156913053,0.0018240736077744357,56765.232711822384,3069.126835705406,0.2964130284071422,249.77088297073584,249.58039910290512,0.0012557242444783017,51503.99621903639,1005.5516387138382,0.14047703815751453,0.000255
7400.0,39750.75546488358,245.84357533532736,245.71657522453634,0.0008503861914574838,47102.48432201301,245.77658655944933,0.0004484438647378081,46175.506546348086,253.31325738077092,253.04040824397137,0.001774104746450837,56765.232711822384,3069.126835705406,0.2980658769132027,249.3563009904307,249.1724846522825,0.0012137537383777705,51479.793107445024,1005.5516387138382,0.14016977514893764,0.0002533333333333334
7450.0,39475.41209019708,245.4413122762302,245.31888346204187,0.0008211059834984705,47120.31725487778,245.37674722048365,0.0004329230191738533,46225.288083585125,252.93960227267732,252.6747016950514,0.0017249149920737724,56765.232711822384,3069.126835705406,0.2996978144508965,248.93989866374207,248.7625907747916,0.0011727070637323842,51455.92381792009,1005.5516387138382,0.13983437483770014,0.00025166666666666664
7500.0,39201.52936243711,245.03792922729528,244.9199486126837,0.0007925616385421267,47138.74447377577,244.97572180384623,0.0004177973885274803,46274.86589065959,252.5641194051205,252.30702740446253,0.0016765085407245068,56765.232711822384,3069.126835705406,0.3013081520778746,248.5216805647512,248.35072301350877,0.0011325813685301215,51432.385957115584,1005.5516387138382,0.1394706555357048,0.00025
7550.0,38929.100669111845,244.63343245295766,244.5197786660103,0.0007647446901419301,47157.75224437675,244.57351754947496,0.00040306212245715963,46324.23487595714,252.18679989437805,251.93737625136413,0.0016288892951032208,56765.232711822384,3069.126835705406,0.30289618985165895,248.1016524001793,247.93688812170456,0.001093373309491739,51409.177116816536,1005.5516387138382,0.13907844623316862,0.0002483333333333333
7600.0,38658.11943797782,244.2278290192469,244.1183824363984,0.0007376464831087295,47177.32719913869,244.17014250889966,0.00038871228313001226,46373.39055170398,251.80763557427176,251.5657398865824,0.0015820608521086089,56765.232711822384,3069.126835705406,0.304461218049536,247.6798210216708,247.52109407521354,0.0010550790478172645,51386.29487673267,1005.5516387138382,0.13865758738374373,0.0002466666666666667
7650.0,38388.57913757864,243.82112678745023,243.7157695560427,0.0007112581763049902,47197.45633775353,243.76560553856442,0.0003747428466902914,46422.32903106194,251.42661902480444,251.1921107629492,0.0015360264905379293,56765.232711822384,3069.126835705406,0.3060025184506903,247.25619443551892,247.10335008206383,0.0010176942460070884,51363.73680727004,1005.5516387138382,0.1382079316569231,0.000245
7700.0,38120.473277757716,243.41333440630032,243.31195046637998,0.0006855707460250666,47218.127027486145,243.35991629163001,0.0003611487050217114,46471.04702442373,251.04374360038685,250.8164821651811,0.001490789158956224,56765.232711822384,3069.126835705406,0.30751936567716376,246.83078180970858,246.6836665892343,0.0009812140658098734,51341.500472277105,1005.5516387138382,0.1377293446523992,0.00024333333333333336
7750.0,37853.79541014316,243.00446130268972,242.90693640795277,0.000660574989957821,47239.32700340012,242.95308520825918,0.00034792466780145953,46519.54183490518,250.65900345753224,250.43884823917165,0.0014463514637848844,56765.232711822384,3069.126835705406,0.30901102858959706,246.40359347816275,246.2620552864205,0.0009456331673453829,51319.58343176176,1005.5516387138382,0.13722170557130145,0.00024166666666666667
7800.0,37588.539128604854,242.59451767092267,242.50073940872582,0.0006362615317250415,47261.04436846478,242.5451235043968,0.00033506546484229834,46567.81135303693,250.27239358189806,250.05920402056503,0.0014027156576622746,56765.232711822384,3069.126835705406,0.3104767717333144,245.97464094209028,245.83852910670225,0.0009109457094450095,51297.98324457591,1005.5516387138382,0.13668490783923698,0.00024
7850.0,37324.69806968153,242.18351446052384,242.09337227087568,0.0006126208259862815,47283.267593538316,242.13604315906585,0.0003225657487178209,46615.85405066309,249.8839098145448,249.67754546247494,0.0013598836281304826,56765.232711822384,3069.126835705406,0.31191585682954875,245.54393686834598,245.41310222402092,0.0008771453512471979,51276.697471063984,1005.5516387138382,0.13611885967617612,0.00023833333333333334
7900.0,37062.26591297766,241.77146336262823,241.68484855608267,0.0005896431640977985,47305.985517222456,241.72585690020452,0.0003104200976643001,46663.66897405592,249.49354887728265,249.2938694622094,0.0013178568867039384,56765.232711822384,3069.126835705406,0.31332754430632903,245.11149508473,244.98579004738968,0.000844225255078826,51255.72367567218,1005.5516387138382,0.13552348460857735,0.00023666666666666668
7950.0,36801.23638152888,241.35837679498613,241.27518256936114,0.0005673186803104713,47329.18734558494,241.31457818908135,0.0002986230187513716,46711.25573626294,249.10130839697192,248.90817388685912,0.0012766365583767585,56765.232711822384,3069.126835705406,0.31471109486289234,244.67733057216722,244.5566092117782,0.0008121780906469077,51235.05942951491,1005.5516387138382,0.13489872191924226,0.000235
8000.0,36541.60324213531,240.94426788562302,240.86438934147216,0.0005456373584887156,47352.86265174652,240.9022212033282,0.0002871689513121347,46758.61450870282,248.70718692864173,248.52045759760517,0.0012362233716265618,56765.232711822384,3069.126835705406,0.31606577106106637,244.24145945372754,244.12557756563018,0.0007809960405578071,51214.70231289528,1005.5516387138382,0.13424452703087278,0.00023333333333333333
8050.0,36283.36030566178,240.5291504552012,240.4524846099703,0.0005245890393297652,47377.00137533006,240.488800818642,0.000276052270622116,46805.74601203404,248.31118397729034,248.1307204726008,0.0011966176489730603,56765.232711822384,3069.126835705406,0.3173908389366434,243.80389898046218,243.69271415499182,0.0007506708071737564,51194.64991777641,1005.5516387138382,0.13356087181954077,0.00023166666666666667
8100.0,36026.50142730468,240.11303899813828,240.03948479894268,0.0005041634280599869,47401.593821769915,240.07433258921162,0.00026526729181510444,46852.65150632266,247.9133000182297,247.73896342828175,0.001157819298149778,56765.232711822384,3069.126835705406,0.31868556962327316,243.36466751405305,243.25803920424988,0.0007211936208084677,51174.89985020057,1005.5516387138382,0.1328477448547526,0.00023
8150.0,35771.02050682445,239.69594866254172,239.6254069975063,0.0004843501025824478,47426.63066148072,239.65883272693225,0.00025480827402266613,46899.33278053845,247.5135365158399,247.34518843896115,0.0011198278039470091,56765.232711822384,3069.126835705406,0.3199492409812254,242.9237845062892,242.82157409349722,0.0006925552492557018,51155.44973265312,1005.5516387138382,0.13210515156325262,0.00022833333333333334
8200.0,35516.9114887432,239.27789522902756,239.2102689371355,0.00046513852204760743,47452.102928885186,239.2423180794768,0.00024466942472293633,46945.792141412785,247.11189594059678,246.94939855456627,0.0010826422207834247,56765.232711822384,3069.126835705406,0.3211811392228049,242.4812704754054,242.3833413325658,0.0006647460086362416,51136.2972063686,1005.5516387138382,0.13133311431416497,0.00022666666666666666
8250.0,35264.16836250785,238.85889508849547,238.79408896789775,0.0004465180358167807,47478.00202130158,238.82480610730133,0.0002348449042833081,46992.03240169712,246.70838178424452,246.5515979163787,0.0010462611660625228,56765.232711822384,3069.126835705406,0.3223805605262009,242.03714697933705,241.94336453178786,0.0006377557755404447,51117.4399335763,1005.5516387138382,0.13053167242360572,0.00022500000000000002
8300.0,35012.78516261728,238.43896521893768,238.3768860336814,0.00042847789278607854,47504.31969769207,238.40631485966279,0.00022532883068049087,47038.05686785909,246.30299857298283,246.1517917706426,0.0010106828143684526,56765.232711822384,3069.126835705406,0.32354681262916196,241.5914365859653,241.5016683695668,0.0006115740004351887,51098.87559968285,1005.5516387138382,0.12970088207749367,0.00022333333333333333
8350.0,34762.755968714155,238.01812316136557,237.95867964650452,0.00041100725103671335,47531.04807727415,237.98686294973757,0.00021611528438068378,47083.869327261855,245.8957518785499,245.749986479913,0.0009759048925535923,56765.232711822384,3069.126835705406,0.32467921639389746,241.1441628404474,241.05827855686093,0.0005861897222956673,51080.60191538964,1005.5516387138382,0.12884081617180998,0.00022166666666666667
8400.0,34514.0749056414,237.59638699494036,237.53948985999796,0.0003940951877760071,47558.17963799797,237.5664695289293,0.0002071983133617213,47129.474034870174,245.48664832708306,245.34618953202207,0.0009419246757676455,56765.232711822384,3069.126835705406,0.325777107334415,240.69535022974358,240.61322179870248,0.0005615915844144779,51062.616618743064,1005.5516387138382,0.12795156407015143,0.00022
8450.0,34266.73614346252,237.17377531139954,237.11933724215982,0.0003777307095321089,47585.70721489329,237.14515426046106,0.00019857193825848388,47174.87569953208,245.07569560565068,244.9404095465493,0.0009087389844747292,56765.232711822384,3069.126835705406,0.32683983709761305,240.24502414447366,240.1665257528954,0.000537767851332623,51044.91747711564,1005.5516387138382,0.12703323127904445,0.00021833333333333332
8500.0,34020.73389744708,236.75030718887268,236.69824284748225,0.0003619027625643732,47613.62399829041,236.72293729234946,0.00019023015761228604,47220.07946988592,244.662902466356,244.53265627869212,0.0008763441825014432,56765.232711822384,3069.126835705406,0.32786677488948845,239.7932108382513,239.71821898605208,0.0005147064268294245,51027.50228911651,1005.5516387138382,0.12608593904205595,0.00021666666666666668
8550.0,33776.06242802028,236.32600216518387,236.27622818855338,0.00034660024345045513,47641.92353192033,236.29983922985983,0.000182166953204557,47265.090919943315,244.2482787279233,244.12294062044305,0.0008447361761546316,56765.232711822384,3069.126835705406,0.32885730883794945,239.3399373846626,239.26833092714912,0.0004923948729016287,51010.36888642998,1005.5516387138382,0.125109823854339,0.000215
8600.0,33532.71604067823,235.90088021073933,235.8533152072394,0.0003318120098106982,47670.599710900104,235.87588110754496,0.0001743762954548963,47309.91603440159,243.83183527468802,243.71127459899196,0.0008139104144429186,56765.232711822384,3069.126835705406,0.3298108472839631,238.8852316320695,238.8168918187962,0.0004708204296551026,50993.51513558078,1005.5516387138382,0.12410503689979903,0.00021333333333333336
8650.0,33290.68908586831,235.47496170110017,235.42952624555363,0.0003175268911300293,47699.64677960991,235.45108436097107,0.0001668521488634243,47354.56119373978,243.41358405292576,243.29767137228484,0.0007838618904311226,56765.232711822384,3069.126835705406,0.33072681999313025,238.4291221564324,238.36393266642796,0.0004499700360270003,50976.93893962548,1005.5516387138382,0.1230717434136179,0.00021166666666666667
8700.0,33049.975958836134,235.04826738934054,235.004884016319,0.0003037336996375508,47729.05932946927,235.02547079823313,0.0001595884774773166,47399.03315915083,242.99353806446658,242.88214522168477,0.0007545851437510253,56765.232711822384,3069.126835705406,0.33160467928010423,237.97163821236086,237.90948518564133,0.0004298303512507597,50960.63823976899,1005.5516387138382,0.12201012197348327,0.00021
8750.0,32810.571099438544,234.6208183782933,234.57941157373094,0.00029042124120421623,47758.83229662043,234.59906257136583,0.00015257925036162102,47443.33905736768,242.57171135755448,242.46471154169473,0.000726074264286203,56765.232711822384,3069.126835705406,0.3324439010386145,237.51280968260764,237.4535817479116,0.0004103877769719683,50944.61101690621,1005.5516387138382,0.12092036372313826,0.00020833333333333335
8800.0,32572.468991924703,234.19263609278124,234.15313228392682,0.000277578326219487,47788.960959527365,234.17188214775112,0.00014581844705459772,47487.486365435514,242.1481190149302,242.04538682671952,0.0006983228970423331,56765.232711822384,3069.126835705406,0.33324398567067826,237.05266702623447,236.99625532492985,0.0003916284799193382,50928.85529308829,1005.5516387138382,0.11980267153259576,0.00020666666666666666
8850.0,32335.66416468539,233.76374225193433,233.72606979566663,0.00026519378040852144,47819.4409364999,233.74395228162436,0.00013930006298826017,47531.48289548489,241.7227771391256,241.62418865485827,0.0006713242482079175,56765.232711822384,3069.126835705406,0.33400445890876984,236.59124122568124,236.53753943181093,0.0003735384150321314,50913.36913291385,1005.5516387138382,0.11865725909950302,0.000205
8900.0,32100.151189971155,233.3341588416898,233.29824801122732,0.0002532564555524439,47850.26818315239,233.31529598578138,0.0001330181148553271,47575.33677956236,241.29570283497898,241.20113566873786,0.0006450710924036441,56765.232711822384,3069.126835705406,0.3347248725256607,236.12856373297743,236.0774680694267,0.00035610334894328185,50898.150644845424,1005.5516387138382,0.11748434999665262,0.00020333333333333333
8950.0,31865.924683581114,232.90182909379115,232.86750390002845,0.00024252173285892287,47881.43898980758,232.88380418741855,0.0001273445268142952,47617.843679325866,240.86691418939284,240.77624755341404,0.0006195557811116322,56765.232711822384,3069.126835705406,0.3354953676915355,235.6646664153354,235.61607566612076,0.00033930888371626984,50883.19798245165,1005.5516387138382,0.116372783459053,0.00020166666666666667
9000.0,31632.977232759404,232.46814175513953,232.4352852147236,0.0002325767667869843,47912.93775003916,232.45088932021056,0.00012211407925460753,47660.01618722618,240.43643016194665,240.34954492019378,0.0005947702850963556,56765.232711822384,3069.126835705406,0.3362564378955365,235.19957653746175,235.15339208187237,0.0003231403075957107,50868.50388808759,1005.5516387138382,0.11526471976880515,0.0002
9050.0,31401.30286193253,232.03410501887657,232.00266129933004,0.00022299108495474674,47944.759698407084,232.01759558829994,0.00011707326375169053,47702.2790749713,240.00427072074947,239.9210494486454,0.0005707061477214967,56765.232711822384,3069.126835705406,0.33696479889890507,234.73332568087207,234.68945147331192,0.00030758295771211673,50854.06569343371,1005.5516387138382,0.11411837364176126,0.00019833333333333335
9100.0,31170.89662569581,231.5995946987541,231.56951023594644,0.00021375064660898502,47976.90459348389,231.58380000945428,0.00011221462554119567,47744.49006275607,239.57045677473062,239.4907838153334,0.0005473545049927409,56765.232711822384,3069.126835705406,0.3376264844808486,234.26594744555103,234.22429000776995,0.0002926221361784961,50839.88265365063,1005.5516387138382,0.11294026865677738,0.00019666666666666666
9150.0,30941.753470599237,231.16463079487391,231.13585367939396,0.00020484553143528604,48009.37093986527,231.14952346420287,0.00010753288211341065,47786.656933684484,239.13501009554966,239.05877161047903,0.000524706117381831,56765.232711822384,3069.126835705406,0.33824128142255105,233.79747503354895,233.75794345549946,0.0002782430508531798,50825.953386991605,1005.5516387138382,0.11173076907392887,0.00019500000000000002
9200.0,30713.868379397987,230.72923460655076,230.70171454693158,0.00019626601358502767,48042.157518898886,230.71478811218415,0.00010302285794585023,47828.78902816658,238.69795329585895,238.6250373138734,0.0005027513817557194,56765.232711822384,3069.126835705406,0.3388089527337855,233.32794177833364,233.29044771203974,0.000264430861300068,50812.27655295172,1005.5516387138382,0.110490191668439,0.00019333333333333333
9250.0,30487.23637183436,230.29342735421437,230.267115645095,0.00018800252906184421,48075.26340021099,230.27961601668719,9.867946709478837e-05,47870.89581743658,238.25930979345824,238.18960625627014,0.00048148034624343454,56765.232711822384,3069.126835705406,0.33932929665763784,232.8548520510195,232.8191783064195,0.000252102121174017,50798.850859090184,1005.5516387138382,0.10911113080535073,0.00019166666666666667
9300.0,30261.85250404704,229.85723015656723,229.8320796465864,0.00018004567864951656,48108.68793895836,229.84402912171154,9.449771448764994e-05,47912.98688354963,237.81910377378802,237.75250457898747,0.0004608827260847459,56765.232711822384,3069.126835705406,0.33980214645297024,232.38017869724106,232.34619367838695,0.00024065700424948962,50785.67506140274,1005.5516387138382,0.10767607861258835,0.00019
9350.0,30037.71186796477,229.4206640211713,229.3966290806017,0.00017238623082683298,48142.43077308107,229.40804924245705,9.047269721761774e-05,47955.07191288632,237.37736015044857,237.31375919142687,0.00044094792034280735,56765.232711822384,3069.126835705406,0.3402273694971392,231.90486429611107,231.8724976537774,0.00022966507733844318,50772.7479646024,1005.5516387138382,0.10622410496950853,0.00018833333333333332
9400.0,29814.80959069728,228.98374983605143,228.96078632422774,0.00016501512435592163,48176.49182069629,228.97169805685786,8.659960567563897e-05,47997.16069030176,236.93410452388733,236.87339772666334,0.0004216650294127066,56765.232711822384,3069.126835705406,0.34060486625584496,231.4287939499779,231.39797823368826,0.00021910851737335594,50760.06842236968,1005.5516387138382,0.10474927926017474,0.0001866666666666667
9450.0,29593.140833925085,228.54650836220426,228.52457359479692,0.0001579234705456231,48210.87127764378,228.53499709804703,8.287372452059177e-05,48039.26309380706,236.489363138426,236.43144849529116,0.00040302287325430606,56765.232711822384,3069.126835705406,0.34093456913044273,230.95199632569665,230.92266633840057,0.00020897381185472805,50747.635337575375,1005.5516387138382,0.1032517936544544,0.000185
9500.0,29372.700793289063,228.1089602270067,228.08801294319312,0.0001511025551951822,48245.56961519235,228.09796774774654,7.929043349031654e-05,48081.38908978525,236.0431628378061,235.98794043771656,0.00038501001027352766,56765.232711822384,3069.126835705406,0.3412164411888243,230.47450109945893,230.44659384958138,0.00019924769267153035,50735.447662478415,1005.5516387138382,0.1017318913543014,0.00018333333333333334
9550.0,29153.484697780452,227.67112591851904,227.6511262481015,0.0001445438402245365,48280.58757791653,227.66063123057603,7.584520805674207e-05,48123.548728743226,235.59553101944147,235.54290307510018,0.0003676147567727043,56765.232711822384,3069.126835705406,0.3414504747864722,229.99633750647072,229.96979216452627,0.00018991710635281824,50723.50439890129,1005.5516387138382,0.10018980485900347,0.00018166666666666667
9600.0,28935.48780913286,227.2330257806742,227.21393521119242,0.00013823896499839402,48315.9261817528,227.22300860927126,7.253361992874106e-05,48165.75214160019,235.14649558757188,235.0963664591566,0.0003508252068875941,56765.232711822384,3069.126835705406,0.34163669008481123,229.51753430779584,229.49229216201797,0.00018096922230466793,50711.80459838558,1005.5516387138382,0.09862575465898328,0.00017999999999999998
9650.0,28718.705421216673,226.79468000934324,226.77646135322797,0.00013217974735203232,48351.58671224435,226.78512078080192,6.935133740679385e-05,48208.00953651246,234.69608490551795,234.64836112102523,0.000334629252926435,56765.232711822384,3069.126835705406,0.3417751334743859,229.0381197727576,229.01412418382773,0.00017239144058243947,50700.347362330045,1005.5516387138382,0.09703994854812371,0.00017833333333333335
9700.0,28503.13285943702,226.3561086492662,226.3387260110779,0.00012635818432754463,48387.57072298355,226.34698847337634,6.629412559385475e-05,48250.331196233616,234.24432774724002,234.19891801942927,0.0003190146060247861,56765.232711822384,3069.126835705406,0.3418658759107191,228.55812166333337,228.53531801834228,0.00016417139885482933,50689.131842113864,1005.5516387138382,0.09543258097562739,0.00017666666666666666
9750.0,28288.765480135917,225.91733159183377,225.90075033562954,0.00012076645262980824,48423.8800342612,225.90863224431797,6.335784646715735e-05,48292.72747600663,233.79125324840584,233.74806848834166,0.0003039688170289817,56765.232711822384,3069.126835705406,0.34190901117107597,228.07756722038027,228.0559028861518,0.0001562969785721873,50678.1572392074,1005.5516387138382,0.09380383243162921,0.000175
9800.0,28075.598669999592,225.47836857370763,225.46255529057598,0.0001153969088120728,48460.51673193154,225.47007247880032,6.053845881596518e-05,48335.20880198753,233.33689085717305,233.29584418437713,0.000289479297520903,56765.232711822384,3069.126835705406,0.3419046540404375,227.59648315164856,227.57590742755121,0.00014875631035752093,50667.422805272996,1005.5516387138382,0.09215386886573146,0.00017333333333333334
9850.0,27863.627845471903,225.03923917626219,225.02416165206506,0.00011024208920148423,48497.48316650208,225.03132938942244,5.7832018050497855e-05,48377.785670195706,232.87869061346444,232.83956332074428,0.00027648372788728474,56765.232711822384,3069.126835705406,0.3417404843726752,227.1148956215363,227.0953596919026,0.00014153777864121502,50656.927842258214,1005.5516387138382,0.09048284113772007,0.00017166666666666667
9900.0,27652.84845217387,224.59996282583253,224.58559000919067,0.00010529470957528606,48534.78195245741,224.59242301660845,5.5234675887473824e-05,48420.468645988156,232.4185310665539,232.3811846408538,0.0002644202035263224,56765.232711822384,3069.126835705406,0.3414967370273084,226.63283024253047,226.6142871288008,0.00013463002556272298,50646.67170248393,1005.5516387138382,0.08879088449926091,0.00017
9950.0,27443.25596433106,224.16055879475167,224.14686076530782,0.00010054766459874111,48572.415967825844,224.15337322981247,5.274267991785061e-05,48463.268364052936,231.95750866016695,231.92187302305348,0.0002528071607865858,56765.232711822384,3069.126835705406,0.3412200549060854,226.150312068279,226.1327165809801,0.0001280219541644579,50636.6537887297,1005.5516387138382,0.08707811810540551,0.00016833333333333335
10000.0,27234.845884208473,223.72104620315963,223.70799414015192,9.599402703608077e-05,48610.38835399837,223.7141997295125,5.035237306249548e-05,48506.195528919896,231.49548879221786,231.46149666609548,0.00024162736935791191,56765.232711822384,3069.126835705406,0.34090347373667906,225.66736558823126,225.65067427889457,0.00012170273090475638,50626.873554318656,1005.5516387138382,0.08534464455442482,0.00016666666666666666
10050.0,27027.61374155422,223.2814440215663,223.2690101727425,9.162704674594911e-05,48648.70251580896,223.2749220499714,4.8060192921562274e-05,48549.26091598115,231.0324975911276,231.00008373281474,0.00023086874669276097,56765.232711822384,3069.126835705406,0.34054704299588795,225.18401472378335,225.16818583690366,0.00011566178751821044,50617.330503204365,1005.5516387138382,0.08359054945446565,0.000165
10100.0,26821.55509305235,222.84177107415178,222.82992872505184,8.744014947294975e-05,48687.36212188569,222.83555956275003,4.5862671023468e-05,48592.47537302115,230.56856266756878,230.5376638333901,0.00022051937809168388,56765.232711822384,3069.126835705406,0.3401508844865446,224.70028282586128,224.68527625098974,0.00010988882225276752,50608.02419006186,1005.5516387138382,0.08181590101526971,0.00016333333333333334
10150.0,26616.665521785188,222.40204604278466,222.39076948641852,8.342693544694885e-05,48726.37110528229,222.39613148095052,4.375643197932248e-05,48635.849822248834,230.1037113503206,230.07426626730302,0.0002105674756227505,56765.232711822384,3069.126835705406,0.3397151150866342,224.21619267387365,224.20196989793354,0.00010437380051387299,50598.954220385174,1005.5516387138382,0.08002074966324418,0.00016166666666666665
10200.0,26412.94063670591,221.96228747174214,221.95155197868667,7.958117780178597e-05,48765.733664399784,221.95665686417294,4.173819254872286e-05,48679.39526283018,229.6379706437003,229.60991997939402,0.00020100138819372044,56765.232711822384,3069.126835705406,0.33923984463575013,223.73176647596355,223.71829053587214,9.910695494656054e-05,50590.12025059356,1005.5516387138382,0.07820512767792563,0.00016
10250.0,26210.376072121806,221.52251377311458,221.51229556205158,7.589682082501253e-05,48805.45426420824,221.51715462416757,3.980476062275786e-05,48723.122773917356,229.17136720465882,229.14465353562275,0.00019180961148446103,56765.232711822384,3069.126835705406,0.33872517463530044,223.24702587048824,223.23426130616244,9.40787849868154e-05,50581.52198814863,1005.5516387138382,0.07636904884784147,0.00015833333333333332
10300.0,26008.967487188464,221.08274323287765,221.07301944159343,7.236797805015603e-05,48845.53763777888,221.0776435311638,3.7953034130033795e-05,48767.04351817063,228.70392732161878,228.67849510068507,0.00018298079721553503,56765.232711822384,3069.126835705406,0.33817119697939513,222.76199192865647,222.74990473647335,8.928005591370436e-05,50573.15919168459,1005.5516387138382,0.07451250814378564,0.0001566666666666667
10350.0,25808.710565415673,220.6429940176165,220.63374267448123,6.898893020289566e-05,48885.988788137096,220.63814222085995,3.6179999871454445e-05,48811.168745771014,228.23567689487524,228.21147241730694,0.00017450376174587992,56765.232711822384,3069.126835705406,0.3375779927096225,222.27668515825133,222.26524274503046,8.47017974338076e-05,50565.031671153774,1005.5516387138382,0.07263548140734546,0.000155
10400.0,25609.601014184773,220.20328418188672,220.19448417782988,6.575412301233287e-05,48926.812990447295,220.19866920205754,3.448273228940411e-05,48855.50979892159,227.76664141855275,227.74361278720858,0.00016636749400073382,56765.232711822384,3069.126835705406,0.3369456307945338,221.79112550836774,221.7802966459361,8.033530182928091e-05,50557.13928798955,1005.5516387138382,0.07073792505252818,0.00015333333333333334
10450.0,25411.634564278473,219.76363167619792,219.75526273719458,6.265816489833572e-05,48968.015794540865,219.75924286492582,3.285839217686112e-05,48900.07811683673,227.29684596410866,227.27494305372466,0.00015856116273390013,56765.232711822384,3069.126835705406,0.3362741669344572,221.30533237509576,221.29508715549034,7.617212170056636e-05,50549.48195528874,1005.5516387138382,0.06881977577833175,0.00015166666666666668
10500.0,25214.80696942304,219.324054355607,219.31609701568757,5.969582454569573e-05,49009.603027799094,219.31988148988034,3.130422533184687e-05,48944.88524121679,226.8263151653634,226.80548958606178,0.0001510741231313205,56765.232711822384,3069.126835705406,0.33556364239182684,220.81932460807974,220.80963439943878,7.220406733428859e-05,50542.05963801571,1005.5516387138382,0.06688095028999576,0.00015
10550.0,25019.114005843152,218.88456998890854,218.8770055637036,5.686202837554487e-05,49051.58079840321,218.88060325706527,2.9817561162482956e-05,48989.94282221069,226.35507320503638,226.3352782651665,0.00014389592276542245,56765.232711822384,3069.126835705406,0.33481408284708086,220.3331205178864,220.3239579210745,6.842320372626392e-05,50534.872353230116,1005.5516387138382,0.06492134502670989,0.00014833333333333335
10600.0,24824.551471829847,218.4451962684122,218.4380068292416,5.415185792420271e-05,49093.95549896448,218.44142625642638,2.83958112477686e-05,49035.26262486612,225.883143802756,225.86433447117224,0.00013701630691211026,56765.232711822384,3069.126835705406,0.3340254972796757,219.84673788411703,219.83807669012432,6.482184728884637e-05,50527.92017034053,1005.5516387138382,0.06294083589355029,0.00014666666666666666
10650.0,24631.115187321626,218.00595082029773,217.99911916881203,5.156054713928871e-05,49136.73381054777,218.00236849836517,2.7036467859030133e-05,49080.85653607021,225.4105502045133,225.39268307238837,0.00013042522324439436,56765.232711822384,3069.126835705406,0.33319787687369684,219.36019396419914,219.35200911235074,6.139256227100867e-05,50521.203211385895,1005.5516387138382,0.06093927799532314,0.000145
10700.0,24438.800993498964,217.56685121553934,217.56036085892003,4.908347960261079e-05,49179.92270710264,217.56344792496517,2.5737102446827346e-05,49126.736571983376,224.93731517351844,224.9203484157897,0.00012411282591860557,56765.232711822384,3069.126835705406,0.332331193947117,218.87350550279587,218.86577303980349,5.8128156918670816e-05,50514.721651346976,1005.5516387138382,0.05891650537005586,0.00014333333333333334
10750.0,24247.60475239258,217.12791498139313,217.12175010811706,4.6716185688982716e-05,49223.52946031695,217.12468242178352,2.4495364097918656e-05,49172.91488597084,224.4634609824193,224.44735431896063,0.00011806947907079929,56765.232711822384,3069.126835705406,0.33142540090357986,218.386688741776,218.37938578165762,5.5021679401820604e-05,50508.47571848984,1005.5516387138382,0.05687233071995432,0.00014166666666666668
10800.0,24057.52234650533,216.68915961344356,216.68330506961482,4.4454339669767375e-05,49267.561644908616,216.68608983020263,2.3308977966706136e-05,49219.40377703784,223.98900940683708,223.97372406344496,0.00011228575974252994,56765.232711822384,3069.126835705406,0.3304804292053178,217.89975943068504,217.892864115577,5.2066413533949e-05,50502.46569474351,1005.5516387138382,0.05480654513739715,0.00014000000000000001
10850.0,23868.54967844799,216.25060258820514,216.24504385445712,4.229375676956981e-05,49312.02714437203,216.24768796033845,2.217574368539634e-05,49266.21569877518,223.5139817201697,223.4994803894489,0.000106752460256392,56765.232711822384,3069.126835705406,0.3294961883655754,217.41273283766483,217.40622429954485,4.925587430826044e-05,50496.69191611383,1005.5516387138382,0.05271891782382207,0.00013833333333333333
10900.0,23680.68267058926,215.812261376279,215.80698454524787,4.023039018412959e-05,49356.93415719679,215.80949460450302,2.109353375691282e-05,49313.363268822905,223.0383986896137,223.02464549184256,0.00010146059006285644,56765.232711822384,3069.126835705406,0.32847256495874494,216.92562376076987,216.9194820841069,4.658380327401588e-05,50491.15477313581,1005.5516387138382,0.05060919579917777,0.00013666666666666666
10950.0,23493.91726471982,215.37415345606436,215.3691452104344,3.826032806708344e-05,49402.29120357729,215.37152755122187,2.006029193441365e-05,49360.85927886245,222.5622805733504,222.549241017403,9.6401377080806e-05,56765.232711822384,3069.126835705406,0.327409421646135,216.43844653963023,216.4326527249734,4.404416377524634e-05,50485.8547113664,1005.5516387138382,0.048477103599671605,0.000135
11000.0,23308.249421730696,214.9362963280295,214.93154391914814,3.637979049288228e-05,49448.10713263286,214.93380459981026,1.907403159107314e-05,49408.716705149855,222.08564711884364,222.07328806324048,9.156626855488827e-05,56765.232711822384,3069.126835705406,0.326306596215134,215.95121506741688,215.94575099593186,4.1631136072939566e-05,50480.79223192013,1005.5516387138382,0.04632234296154026,0.00013333333333333334
11050.0,23123.67512130599,214.49870752954465,214.4941987566068,3.458512640277564e-05,49494.3911301595,214.49634357550931,1.8132834083581274e-05,49456.9487196001,221.60851756219319,221.5968071763481,8.694693145332692e-05,56765.232711822384,3069.126835705406,0.3251639006294494,215.46394280306293,215.45879120202267,3.9339112370656505e-05,50475.967892049666,1005.5516387138382,0.044144592488559294,0.00013166666666666665
11100.0,22940.190361630037,214.061404650286,214.057127840084,3.287281054038608e-05,49541.1527269354,214.05916234519168,1.7234847112639473e-05,49505.56870143997,221.1309106284872,221.11981835421466,8.253525243020343e-05,56765.232711822384,3069.126835705406,0.3239811200877357,214.9766427837028,214.97178719293478,3.716269176240126e-05,50471.382305773644,1005.5516387138382,0.04194350730103406,0.00013000000000000002
11150.0,22757.79115910909,213.6244053482203,213.62034933545536,3.123944038303403e-05,49588.4018076041,213.6222788336456,1.6378283083532636e-05,49554.59024944629,220.65284453309818,220.64234104643958,7.83233373764285e-05,56765.232711822384,3069.126835705406,0.3227580120879026,214.48932763728848,214.48475237657993,3.509667512043002e-05,50467.03614455414,1005.5516387138382,0.039718718663852744,0.00012833333333333333
11200.0,22576.47354810769,213.18772736618052,213.18388147433168,2.9681733074590786e-05,49636.14862016056,213.1857110404468,1.556141746966617e-05,49604.02719478581,220.17433698386537,220.16439415728962,7.430351058368682e-05,56765.232711822384,3069.126835705406,0.32149430549425306,214.0020095953499,213.9976997328081,3.3136059939573035e-05,50462.93013802615,1005.5516387138382,0.03746983359145663,0.0001266666666666667
11250.0,22396.2335806996,212.75138854904824,212.74774257179357,2.8196522365284626e-05,49684.40378606702,212.74947705743438,1.4782587181781618e-05,49653.89361447987,219.6954051841071,219.68599604913615,7.046831354557601e-05,56765.232711822384,3069.126835705406,0.3201896996043467,213.51470050586389,213.51064182722823,3.1276035153547435e-05,50459.065074781574,1005.5516387138382,0.03519643442719586,0.000125
11300.0,22217.06732643351,212.31540686155958,212.31195104474307,2.6780755563522868e-05,49733.17831102765,212.3135950868071,1.404018894537974e-05,49704.20384551649,219.21606583640784,219.20716454671387,6.681050341997245e-05,56765.232711822384,3069.126835705406,0.3188438632124435,213.02741184620336,213.02359082510273,2.95119759376616e-05,50455.44180321022,1005.5516387138382,0.03289807839480035,0.00012333333333333334
11350.0,22038.970872113598,211.87980040675438,211.87652543089231,2.5431490504449345e-05,49782.48359645253,211.87808345985806,1.3332677688700144e-05,49754.97249963369,218.73633514712432,218.7279169421411,6.332305117635692e-05,56765.232711822384,3069.126835705406,0.3174564336661744,212.54015473613762,212.53655850528506,2.7839438511277205e-05,50452.0612324006,1005.5516387138382,0.030574297119467467,0.00012166666666666668
11400.0,21861.940321594833,211.44458744509126,211.44148440841082,2.4145892539616078e-05,49832.33145164404,211.4429606563725,1.2658564943446135e-05,49806.21447880446,218.25622883155657,218.2482700006439,5.9999139451440364e-05,56765.232711822384,3069.126835705406,0.31602701591298643,212.052939950859,212.04955627417397,2.625415495237347e-05,50448.92433310315,1005.5516387138382,0.028224596116140605,0.00012
11450.0,21685.971795593447,211.00978641425434,211.00684681625674,2.292123155182033e-05,49882.73410674071,211.0082453247124,1.2016417260263933e-05,49857.944991451826,217.77576211973135,217.76823996692764,5.683216013595228e-05,56765.232711822384,3069.126835705406,0.31455518153278306,211.56577793401257,211.56259517965958,2.4752028035586842e-05,50446.032138758805,1005.5516387138382,0.025848454242404055,0.00011833333333333334
11500.0,21511.06143151211,210.57541594968097,210.57263167522063,2.1754878998844423e-05,49933.704226456175,210.5739563026172,1.1404854640836804e-05,49910.1795694281,217.2949497627466,217.2878425721401,5.381571171489379e-05,56765.232711822384,3069.126835705406,0.3130404677530147,211.07867881070794,211.07568592503898,2.3329126104154022e-05,50443.38574659592,1005.5516387138382,0.023445323113379504,0.00011666666666666667
11550.0,21337.205383280467,210.14149490584188,210.1388582097136,2.0644304989524647e-05,49985.25492465352,210.14011263875295,1.0822548988291691e-05,49962.9340857952,216.8138060396251,216.80709304137292,5.094359638292734e-05,56765.232711822384,3069.126835705406,0.31148237644231996,210.59165240049535,210.58883888288193,2.198167798528419e-05,50440.98631879867,1005.5516387138382,0.021014626475980926,0.000115
11600.0,21164.399821210744,209.70804237831032,209.70554587033507,1.9587075395284082e-05,50037.39977979823,209.7067336150453,1.0268222577471313e-05,50016.22477344509,216.33234476463144,216.32600610164928,4.820981695590939e-05,56765.232711822384,3069.126835705406,0.30988037307877414,210.10470823028842,210.10206410882887,2.0706067957620516e-05,50438.83508375016,1005.5516387138382,0.018555759539661897,0.00011333333333333333
11650.0,20992.640931868755,209.27507772665948,209.2727143572598,1.8580848999980156e-05,50090.15285133596,209.27383876983512,9.740646546477567e-06,50070.06824460298,215.85057929500343,215.8445959903482,4.560857359883368e-05,56765.232711822384,3069.126835705406,0.3082338856885147,209.6178555472202,209.615371355306,1.9498830778624726e-05,50436.93333735378,1005.5516387138382,0.016068088260813598,0.00011166666666666667
11700.0,20821.924917960063,208.84262059823166,208.84038364448668,1.7623374690646196e-05,50143.528697044705,208.84144792190213,9.238639410760757e-06,50124.48151126179,215.36852253905357,215.3628764640166,4.313426038968583e-05,56765.232711822384,3069.126835705406,0.30654230375044916,209.13110333142063,209.12877008514465,1.8356646778936525e-05,50435.2824444364,1005.5516387138382,0.013550948577819981,0.00011
11750.0,20652.247998232066,208.41069095282683,208.40857400499777,1.6712488691448238e-05,50197.54239141475,208.40958119540065,8.761065600888768e-06,50179.48200659522,214.88618696459804,214.880860807524,4.0781461737929726e-05,56765.232711822384,3069.126835705406,0.3048049770625933,208.64446030870315,208.642269485093,1.7276337030012072e-05,50433.88384023712,1005.5516387138382,0.011003645593525565,0.00010833333333333334
11800.0,20483.60640739143,207.9793090883628,207.9773060368785,1.58461118429294e-05,50252.20954511336,207.97825904576354,8.306834025017162e-06,50235.08760740809,214.4035846076712,214.39856184351507,3.854494867550876e-05,56765.232711822384,3069.126835705406,0.3030212145653371,208.15793496315365,208.1558784792117,1.625485859064254e-05,50432.73903198573,1005.5516387138382,0.008425452701901396,0.00010666666666666668
11850.0,20315.996396037594,207.54849566756448,207.54660069045664,1.5022246928380261e-05,50307.546325595824,207.54750228662832,7.87489665695084e-06,50291.316657680385,213.92072708148686,213.91599194211926,3.6419675037425756e-05,56765.232711822384,3069.126835705406,0.30119028311679447,207.67153554961396,207.66960574214542,1.5289299837290242e-05,50431.84960057513,1005.5516387138382,0.005815610655346502,0.000105
11900.0,20149.414230612125,207.1182717457429,207.11647929652136,1.4238976048950208e-05,50363.569478928715,207.1173321178484,7.46424715058231e-06,50348.18799327025,213.43762558560886,213.4331630308761,3.440077354811287e-05,56765.232711822384,3069.126835705406,0.29931140621522306,207.18527010605519,207.18345971226532,1.437687588255275e-05,50431.2172023321,1005.5516387138382,0.003173326569035576,0.00010333333333333333
11950.0,19983.85619336454,206.6886587997329,206.68696359569,1.3494458048901465e-05,50420.29635289636,206.6877701546568,7.073919481381659e-06,50405.72096784516,212.95429091529573,212.95008660484052,3.248355182896171e-05,56765.232711822384,3069.126835705406,0.2973837626631826,206.69914646583655,206.69744860467793,1.3514924085478076e-05,50430.843570891324,1005.5516387138382,0.000497772858337736,0.00010166666666666667
12000.0,19819.318582334436,206.25967875806228,206.25807576899587,1.2786925992210992e-05,50477.74492146702,206.25883845805623,6.7029866155141315e-06,50463.93548011712,212.47073347098595,212.4667737368312,3.0663488341536765e-05,56765.232711822384,3069.126835705406,0.29540648516790896,206.25967875806228,206.25883845805623,1.2786925992210992e-05,50477.74492146702,1005.5516387138382,-0.0022119138947410766,0.0001
12050.0,19655.797711350504,205.83135403243125,205.82983846977632,1.211468469153159e-05,50535.9338107009,205.8305595665136,6.350559207062212e-06,50522.85200246109,211.98696326789266,211.98323508778918,2.893622828015409e-05,56765.232711822384,3069.126835705406,0.2933786588721649,205.83135403243125,205.8305595665136,1.211468469153159e-05,50535.9338107009,1005.5516387138382,-0.004956634150529562,9.833333333333333e-05
12100.0,19493.289910046376,205.40370755058953,205.40227485694746,1.1476108290351472e-05,50594.88232618872,205.40295652904655,6.015784323743863e-06,50582.49161100613,211.50298994567842,211.49948091721572,2.7297579426681812e-05,56765.232711822384,3069.126835705406,0.2912993198094311,205.40370755058953,205.40295652904655,1.1476108290351472e-05,50594.88232618872,1005.5516387138382,-0.007737326700701288,9.666666666666667e-05
12150.0,19331.791523894142,204.97676279070438,204.97540862975933,1.0869637899019797e-05,50654.61048211638,204.97605293979547,5.697844201432049e-06,50642.87601729374,211.01882277818177,211.01552109365915,2.5743507979603284e-05,56765.232711822384,3069.126835705406,0.28916745327700705,204.97676279070438,204.97605293979547,1.0869637899019797e-05,50654.61048211638,1005.5516387138382,-0.01055497004234487,9.5e-05
12200.0,19171.298914255352,204.5505438173208,204.54926406413264,1.0293779285152819e-05,50715.13903205881,204.54987297418197,5.39595502770064e-06,50704.027601605056,210.53447068317112,210.53136510522472,2.427013436858477e-05,56765.232711822384,3069.126835705406,0.2869819921203304,204.5505438173208,204.54987297418197,1.0293779285152819e-05,50715.13903205881,1005.5516387138382,-0.013410583842435486,9.333333333333334e-05
12250.0,19011.808458450258,204.12507531902335,204.12386605068752,9.74710061878749e-06,50776.489501614466,204.12444142676338,5.109365754550428e-06,50765.9694480681,210.0499422321008,210.0470220700808,2.2873729065013912e-05,56765.232711822384,3069.126835705406,0.2847418149213191,204.12507531902335,204.12444142676338,9.74710061878749e-06,50776.489501614466,1005.5516387138382,-0.016305230498306313,9.166666666666667e-05
12300.0,18853.31654984564,203.7003826479206,203.69924013458308,9.228230272512533e-06,50838.68422300068,203.6997837509047,4.837356940399613e-06,50828.72538166661,209.56524565984785,209.56250074693904,2.1550708398217374e-05,56765.232711822384,3069.126835705406,0.28244574408311035,203.7003826479206,203.6997837509047,9.228230272512533e-06,50838.68422300068,1005.5516387138382,-0.0192400168004949,8.999999999999999e-05
12350.0,18695.81959796168,203.2764918610792,203.27541255729756,8.735854676682309e-06,50901.7463717401,203.2759261003941,4.579239621357271e-06,50892.32000727799,209.08038887440904,209.07780954548582,2.029763038633771e-05,56765.232711822384,3069.126835705406,0.2800925438032277,203.2764918610792,203.2759261003941,8.735854676682309e-06,50901.7463717401,1005.5516387138382,-0.02221609570428259,8.833333333333333e-05
12400.0,18539.31402859851,202.85342976404942,202.85241030048908,8.268716229698635e-06,50965.700005579,202.8528953731452,4.334354211742133e-06,50956.77875088344,208.59537946653862,208.59295653674602,1.911119059013846e-05,56765.232711822384,3069.126835705406,0.27768091792649485,202.85342976404942,202.8528953731452,8.268716229698635e-06,50965.700005579,1005.5516387138382,-0.02523466821726458,8.666666666666667e-05
12450.0,18383.79628398288,202.43122395663343,202.43026113208936,7.825611263238277e-06,51030.57010579021,202.43071925713613,4.102069433751328e-06,51022.127903101486,208.11022471931082,208.10794946336006,1.7988217997332684e-05,56765.232711822384,3069.126835705406,0.27520950766863955,202.43122395663343,202.43071925713613,7.825611263238277e-06,51030.57010579021,1005.5516387138382,-0.028296985410467063,8.5e-05
12500.0,18229.262822935892,202.00990288106217,202.00899365479555,7.405388062203058e-06,51096.38262102605,202.0094262787523,3.881781276135483e-06,51088.39466521213,207.62493161758988,207.62279574975793,1.692567094437269e-05,56765.232711822384,3069.126835705406,0.27267688920066646,202.00990288106217,202.0094262787523,7.405388062203058e-06,51096.38262102605,1005.5516387138382,-0.03140435056140947,8.333333333333333e-05
12550.0,18075.710121062086,201.5894958727592,201.58863735714,7.006944939076986e-06,51163.16451390094,201.58904585371073,3.672911981688074e-06,51155.60719784975,207.13950685739414,207.13750251221532,1.5920633082020743e-05,56765.232711822384,3069.126835705406,0.2700815710836158,201.5894958727592,201.58904585371073,7.006944939076986e-06,51163.16451390094,1005.5516387138382,-0.03455812143796483,8.166666666666667e-05
12600.0,17923.13467096112,201.17003321388788,201.1692226673328,6.629228362289859e-06,51230.94381049893,201.16960834076295,3.474909063316568e-06,51223.79467256261,206.65395685514133,206.65207656877763,1.4970309390419651e-05,56765.232711822384,3069.126835705406,0.26742199154233903,201.17003321388788,201.16960834076295,6.629228362289859e-06,51230.94381049893,1005.5516387138382,-0.03775971273282436,8e-05
12650.0,17771.532982462715,200.75154618989282,200.75078101009004,6.271231138109866e-06,51299.74965301837,200.75114509838644,3.287244348421236e-06,51292.98732644907,206.16828775676254,206.16652444904003,1.4072022248820314e-05,56765.232711822384,3069.126835705406,0.2646965155662012,200.75154618989282,200.75114509838644,6.271231138109866e-06,51299.74965301837,1005.5516387138382,-0.04101059865902266,7.833333333333334e-05
12700.0,17620.901582885654,200.33406714926832,200.33334486667857,5.931990645517183e-06,51369.612355785066,200.33368854469887,3.1094130512760144e-06,51363.21652010547,205.68250544667555,205.68085240377258,1.32232075645846e-05,56765.232711822384,3069.126835705406,0.2619034318235601,200.33406714926832,200.33368854469887,5.931990645517183e-06,51369.612355785066,1005.5516387138382,-0.044312315718043,7.666666666666667e-05
12750.0,17471.237017322153,199.91762956680452,199.91694783843027,5.6105871234465194e-06,51440.563464885854,199.91727222084495,2.9409328730702345e-06,51434.51479913602,205.19661555660753,205.19506641438068,1.2421410965571796e-05,56765.232711822384,3069.126835705406,0.2590409493759147,199.91762956680452,199.91727222084495,5.6105871234465194e-06,51440.563464885854,1005.5516387138382,-0.04766646565287628,7.5e-05
12800.0,17322.535848948723,199.5022681105872,199.5016247140005,5.306142009729393e-06,51512.6358216979,199.5019308581317,2.781343129243126e-06,51506.915959500984,204.7106234742592,204.70917220219235,1.166428405953734e-05,56765.232711822384,3069.126835705406,0.25610719417635885,199.5022681105872,199.5019308581317,5.306142009729393e-06,51512.6358216979,1005.5516387138382,-0.05107471859966304,7.333333333333333e-05
12850.0,17174.794659364463,199.08801871305243,199.0874115406724,5.017816331015818e-06,51585.86363061446,199.08770044921488,2.630203903718649e-06,51580.45511700666,204.22453435180321,204.22317523756462,1.094958076371845e-05,56765.232711822384,3069.126835705406,0.25310020533566935,199.08801871305243,199.08770044921488,5.017816331015818e-06,51585.86363061446,1005.5516387138382,-0.054538816452709235,7.166666666666667e-05
12900.0,17028.01004895857,198.6749186464243,198.674345700036,4.744809142908686e-06,51660.28253129641,198.6746183236628,2.4870952296218317e-06,51655.16878126412,203.73835311421075,203.73708074880352,1.0275153707357066e-05,56765.232711822384,3069.126835705406,0.25001793113797866,198.6749186464243,198.6746183236628,4.744809142908686e-06,51660.28253129641,1005.5516387138382,-0.05806057645904308,7.000000000000001e-05
12950.0,16882.17863730817,198.26300660289732,198.2624659884035,4.486356019504289e-06,51735.92967581057,198.26272322826154,2.3516162960422147e-06,51731.09493448189,203.25208446740154,203.25089373089125,9.638950709509078e-06,56765.232711822384,3069.126835705406,0.24685822478630373,198.26300660289732,198.26272322826154,4.486356019504289e-06,51735.92967581057,1005.5516387138382,-0.06164189506022101,6.833333333333333e-05
13000.0,16737.29706360854,197.85232277995988,197.85181270235677,4.241727591497157e-06,51812.84381105121,197.85205541245566,2.2233846803889483e-06,51808.27311548729,202.76573290621155,202.76461895401658,9.039011334115283e-06,56765.232711822384,3069.126835705406,0.24361883985630467,197.85232277995988,197.85205541245566,4.241727591497157e-06,51812.84381105121,1005.5516387138382,-0.06528475200087175,6.666666666666667e-05
13050.0,16593.36198713691,197.44290897129295,197.44242772986314,4.0102281319769126e-06,51891.065366880706,197.442656719361,2.1020356058693445e-06,51886.74450941483,202.2793027221767,202.27826097190524,8.473463523962936e-06,56765.232711822384,3069.126835705406,0.24029742543485264,197.44290897129295,197.442656719361,4.0102281319769126e-06,51891.065366880706,1005.5516387138382,-0.06899121472519569,6.500000000000001e-05
13100.0,16450.370087752504,197.03480866372647,197.03435464743956,3.791194189019008e-06,51970.63655046999,197.03457068283035,1.9872212236095167e-06,51966.55204354344,201.79279801112833,201.79182412994635,7.940520314837572e-06,56765.232711822384,3069.126835705406,0.23689152091736543,197.03480866372647,197.03457068283035,3.791194189019008e-06,51970.63655046999,1005.5516387138382,-0.07276344308508356,6.333333333333335e-05
13150.0,16308.318066434393,196.62806714078,196.62763882389476,3.5839932641500926e-06,52051.60144736916,196.62784263109938,1.8786099189246716e-06,52047.74048981206,201.30622268059875,201.30531257311395,7.438476630867092e-06,56765.232711822384,3069.126835705406,0.2333985504356517,196.62806714078,196.62784263109938,3.5839932641500926e-06,52051.60144736916,1005.5516387138382,-0.07660369438554836,6.166666666666667e-05
13200.0,16167.202645859743,196.22273159337607,196.22232753123566,3.388022535750818e-06,52134.00612989531,196.22251979760173,1.7758856412396872e-06,52130.356574604426,200.81958045703558,200.81873025368148,6.965706161777761e-06,56765.232711822384,3069.126835705406,0.22981581688480654,196.22273159337607,196.22251979760173,3.388022535750818e-06,52134.00612989531,1005.5516387138382,-0.08051432879628362,6e-05
13250.0,16027.020571025103,195.81885123837463,195.81847006338793,3.2027076264465225e-06,52217.89877348857,195.818651439601,1.678747257153242e-06,52214.44909645302,200.33287489282384,200.33208093872867,6.520658322524272e-06,56765.232711822384,3069.126835705406,0.22614049551460466,195.81885123837463,195.818651439601,3.2027076264465225e-06,52217.89877348857,1005.5516387138382,-0.08449781516096479,5.833333333333333e-05
13300.0,15887.768609913463,195.41647744565012,195.4161178634522,3.027501413525687e-06,52303.329781760076,195.4162889653617,1.5869079261346411e-06,52300.06905238744,199.84610937311504,199.84536821744038,6.101855295517436e-06,56765.232711822384,3069.126835705406,0.22236962704701643,195.41647744565012,195.4162889653617,3.027501413525687e-06,52303.329781760076,1005.5516387138382,-0.0885567372395409,5.6666666666666664e-05
13350.0,15749.443554210195,195.01566387451666,195.01532466030113,2.861882881420822e-06,52390.35192103861,195.0154860706649,1.5000944983408319e-06,52387.26977373585,199.3592871224641,199.35859550819822,5.707889155454482e-06,56765.232711822384,3069.126835705406,0.2185001102772062,195.01566387451666,195.0154860706649,2.861882881420822e-06,52390.35192103861,1005.5516387138382,-0.09269380042277515,5.5e-05
13400.0,15612.042220071457,194.6164666203992,194.61614661541628,2.70535601528398e-06,52479.02046531765,194.61629888556604,1.4180469340391221e-06,52476.107072280865,198.87241121127445,198.87176606546484,5.337419076555695e-06,56765.232711822384,3069.126835705406,0.21452869411056344,194.6164666203992,194.61629888556604,2.70535601528398e-06,52479.02046531765,1005.5516387138382,-0.09691183896283002,5.333333333333334e-05
13450.0,15475.561448948662,194.21894437275967,194.21864248097287,2.557448734689849e-06,52569.39335261454,194.2187861324044,1.3405177441235178e-06,52566.639397784034,198.3854845620519,198.3848829864632,4.989168621828599e-06,56765.232711822384,3069.126835705406,0.21045196898253488,194.21894437275967,194.2187861324044,2.557448734689849e-06,52569.39335261454,1005.5516387138382,-0.10121382376905863,5.1666666666666664e-05
13500.0,15339.998108473352,193.82315858541173,193.82287377030727,2.4177118665047006e-06,52661.53135388003,193.82300929619817,1.2672714512147512e-06,52658.92800801768,197.89850995546894,197.89794921765113,4.661923113812997e-06,56765.232711822384,3069.126835705406,0.20626635760165687,193.82315858541173,193.82300929619817,2.4177118665047006e-06,52661.53135388003,1005.5516387138382,-0.10560287082422995,5e-05
13550.0,15205.349093407158,193.4291736605054,193.42890494204786,2.285718155966826e-06,52755.49825574448,193.4290328087055,1.1980840708389375e-06,52753.03715259092,197.41149003624196,197.4109675609947,4.3545270861104325e-06,56765.232711822384,3069.126835705406,0.20196810494854686,193.4291736605054,193.4290328087055,2.285718155966826e-06,52755.49825574448,1005.5516387138382,-0.11008225028360298,4.8333333333333334e-05
13600.0,15071.611326661934,193.03705714763467,193.03680359936354,2.1610613150367336e-06,52851.36105856007,193.03692424760612,1.1327426121866217e-06,52849.034272030905,196.92442731882178,196.92394068004106,4.065881814863294e-06,56765.232711822384,3069.126835705406,0.19755326745465193,193.03705714763467,193.03692424760612,2.1610613150367336e-06,52851.36105856007,1005.5516387138382,-0.11465539632763769,4.666666666666667e-05
13650.0,14938.781760395917,192.6468799597255,192.64664070598585,2.0433551070902354e-06,52949.190191402806,192.6467545524598,1.0710445979625984e-06,52946.99021378442,196.43732419290149,196.43687110579478,3.7949429292269663e-06,56765.232711822384,3069.126835705406,0.1930177012741136,192.6468799597255,192.6467545524598,2.0433551070902354e-06,52949.190191402806,1005.5516387138382,-0.11932591784904414,4.4999999999999996e-05
13700.0,14806.857377192315,192.25871660760097,192.25849082090372,1.932232467048526e-06,53049.059745941246,192.25859825933935,1.0127976028473466e-06,53046.97946704658,195.95018292874298,195.94976124239946,3.5407180997685023e-06,56765.232711822384,3069.126835705406,0.18835704954961374,192.25871660760097,192.25859825933935,1.932232467048526e-06,53049.059745941246,1005.5516387138382,-0.12409761006667257,4.3333333333333334e-05
13750.0,14675.835191327638,191.87264545541242,191.872432353918,1.8273446560630324e-06,53151.04773136995,191.87253375632648,9.578188101046871e-07,53149.080418616584,195.46300568232584,195.46261337262834,3.302264803626794e-06,56765.232711822384,3069.126835705406,0.18356672855800818,191.87264545541242,191.87253375632648,1.8273446560630324e-06,53151.04773136995,1005.5516387138382,-0.12897446717287311,4.1666666666666665e-05
13800.0,14545.712250138036,191.48874899947495,191.48854784459527,1.728360449904412e-06,53255.236352958906,191.4886435624096,9.059345858864166e-07,53253.37563233278,194.9757945003207,194.97542966318701,3.0786881651834436e-06,56765.232711822384,3069.126835705406,0.17864191260339005,191.48874899947495,191.4886435624096,1.728360449904412e-06,53255.236352958906,1005.5516387138382,-0.13396069613827577,4e-05
13850.0,14416.485635492596,191.1071141734737,191.10692426758777,1.6349653602410606e-06,53361.71231720093,191.10701463274918,8.569800708039743e-07,53359.95215506845,194.48855132489095,194.4882121698315,2.8691388709171583e-06,56765.232711822384,3069.126835705406,0.173577517503049,191.1071141734737,191.10701463274918,1.6349653602410606e-06,53361.71231720093,1005.5516387138382,-0.13906073181883621,3.8333333333333334e-05
13900.0,14288.152465384612,190.72783268353993,190.72765336781725,1.5468608880389317e-06,53470.56716707297,190.7277386938109,8.10798788362213e-07,53468.90185280764,194.0012779983259,194.0009628423056,2.6728111570490713e-06,56765.232711822384,3069.126835705406,0.16836818248405347,190.72783268353993,190.7277386938109,1.5468608880389317e-06,53470.56716707297,1005.5516387138382,-0.14427925353631688,3.6666666666666666e-05
13950.0,14160.709895652444,190.3510013773567,190.35083202968454,1.4637638083699466e-06,53581.89765159469,190.35091261252552,7.67242269878866e-07,53580.321780982595,193.51397626750816,193.51368352910097,2.488940868528803e-06,56765.232711822384,3069.126835705406,0.16300825027378466,190.3510013773567,190.35091261252552,1.4637638083699466e-06,53581.89765159469,1005.5516387138382,-0.1496212033360219,3.5000000000000004e-05
14000.0,14034.155121844278,189.9767226522999,189.97656268530903,1.3854054859868398e-06,53695.806134715625,189.9766388044815,7.26169695551246e-07,53694.31459410637,193.02664778822023,193.02637598204407,2.3168035878636513e-06,56765.232711822384,3069.126835705406,0.15749174512362873,189.9767226522999,189.9766388044815,1.3854054859868398e-06,53695.806134715625,1005.5516387138382,-0.1550918061675987,3.3333333333333335e-05
14050.0,13908.48538124278,189.60510490870323,189.6049537678881,1.3115312211106434e-06,53812.40104965437,189.6050256872398,6.874475513779045e-07,53810.98900082438,192.53929412929227,192.53904186071375,2.1557128322523492e-06,56765.232711822384,3069.126835705406,0.15181234844831068,189.60510490870323,189.6050256872398,1.3115312211106434e-06,53812.40104965437,1005.5516387138382,-0.16069659228852082,3.166666666666667e-05
14100.0,13783.697955068734,189.23626305576033,189.2361202176888,1.2418996249923034e-06,53931.797406243575,189.23618818628262,6.50949301703418e-07,53930.46027193837,192.05191677659562,192.05168273669332,2.005018317451996e-06,56765.232711822384,3069.126835705406,0.1459633716887296,189.23626305576033,189.23618818628262,1.2418996249923034e-06,53931.797406243575,1005.5516387138382,-0.16644142226109643,3e-05
14150.0,13659.790170886145,188.8703190794714,188.87018405007979,1.1762820249605776e-06,54054.11736074195,188.87024830300496,6.165550772340086e-07,54052.85081086532,191.56451713688637,191.56430009766174,1.8641042867806687e-06,56765.232711822384,3069.126835705406,0.1399377259066307,188.8703190794714,188.87024830300496,1.1762820249605776e-06,54054.11736074195,1005.5516387138382,-0.17233251500879496,2.8333333333333332e-05
14200.0,13536.759405235856,188.507402684621,188.50727499759034,1.1144618988724858e-06,54179.490860168116,188.5073357567349,5.841513784784966e-07,54178.290798585185,191.0770965415008,191.0768953513271,1.7323879036376667e-06,56765.232711822384,3069.126835705406,0.13372788748336642,188.507402684621,188.5073357567349,1.1144618988724858e-06,54179.490860168116,1005.5516387138382,-0.17837647952731625,2.666666666666667e-05
14250.0,13414.6030865306,188.14765202635752,188.14753124156613,1.0562343391642025e-06,54308.05637681503,188.14758871635328,5.536307947170252e-07,54306.91892873715,190.58965624990924,190.58946982920762,1.6093177059097684e-06,56765.232711822384,3069.126835705406,0.12732585910605135,188.14765202635752,188.14758871635328,1.0562343391642025e-06,54308.05637681503,1005.5516387138382,-0.18458035102687495,2.5e-05
14300.0,13293.318698251784,187.7912145520387,187.79110025408744,1.0014055471003336e-06,54439.96175373037,187.79115464217705,5.248917388096745e-07,54438.883253647014,190.1021974531297,190.10202479026347,1.4943721206218998e-06,56765.232711822384,3069.126835705406,0.12072312495439123,187.7912145520387,187.79115464217705,1.0014055471003336e-06,54439.96175373037,1005.5516387138382,-0.19095163254008696,2.3333333333333336e-05
14350.0,13172.903782499288,187.43824798145218,187.4381397782575,9.497923584038382e-07,54575.36518943389,187.43819126621563,4.978381984636433e-07,54574.342169557094,189.61472127700662,189.61456142438402,1.3870580371869958e-06,56765.232711822384,3069.126835705406,0.11391059860686435,187.43824798145218,187.43819126621563,9.497923584038382e-07,54575.36518943389,1005.5516387138382,-0.1974983434081614,2.1666666666666667e-05
14400.0,13053.35594395942,187.08892146470038,187.08881898615084,9.012218023304738e-07,54714.43640139025,187.08886775008872,4.7237950503965655e-07,54713.46558057329,189.12722878535794,189.12708085573445,1.2869094376093345e-06,56765.232711822384,3069.126835705406,0.10687856159042264,187.08892146470038,187.08886775008872,9.012218023304738e-07,54714.43640139025,1005.5516387138382,-0.2042290766278714,2e-05
14450.0,12934.672854377042,186.74341697438615,186.74331987105708,8.555306976253644e-07,54857.358025205445,186.74336607724294,4.4843012169871813e-07,54856.43629829392,188.6397209829947,188.63958414596578,1.193486081999561e-06,56765.232711822384,3069.126835705406,0.09961658957435414,186.74341697438615,186.74336607724294,8.555306976253644e-07,54857.358025205445,1005.5516387138382,-0.21115306792828778,1.8333333333333333e-05
14500.0,12816.852257647864,186.40193101663334,186.40183895855463,8.125652910250904e-07,55004.32733457685,186.4018827639998,4.259094538565986e-07,55003.4517621421,188.15219881861645,188.15207229729302,1.1063722477671513e-06,56765.232711822384,3069.126835705406,0.09211346172117817,186.40193101663334,186.4018827639998,8.125652910250904e-07,55004.32733457685,1005.5516387138382,-0.21828028087520013,1.6666666666666667e-05
14550.0,12699.891975692033,186.06467679221078,186.06458946768058,7.721809477258305e-07,55155.558414036364,186.06463102070393,4.047416868834021e-07,55154.72621243035,187.66466318758714,187.66454625544458,1.025175520865612e-06,56765.232711822384,3069.126835705406,0.08435704621232648,186.06467679221078,186.06463102070393,7.721809477258305e-07,55155.558414036364,1005.5516387138382,-0.22562151470028616,1.5e-05
14600.0,12583.789915342442,185.73188702109027,185.73180413552683,7.342419098956396e-07,55311.284999074545,185.73184357630115,3.848556594747412e-07,55310.4935307238,187.17711493459373,187.17700691248763,9.495256374787587e-07,56765.232711822384,3069.126835705406,0.0763341505805033,185.73188702109027,185.73184357630115,7.342419098956396e-07,55311.284999074545,1005.5516387138382,-0.2331885457722828,1.3333333333333335e-05
14650.0,12468.544076598093,185.4038177960622,185.4037390708816,6.986211517823484e-07,55471.76435142322,185.4037765319675,3.661847876594191e-07,55471.011115243244,186.68955485619324,186.6894551095335,8.790733745498185e-07,56765.232711822384,3069.126835705406,0.06803031733553255,185.4038177960622,185.4037765319675,6.986211517823484e-07,55471.76435142322,1005.5516387138382,-0.24099432147179284,1.1666666666666668e-05
14700.0,12354.152562797202,185.0807541329889,185.08067930449164,6.65200384953102e-07,55637.282841017855,185.08071491136738,3.4866706750411654e-07,55636.56546275946,186.20198370325025,186.2018916393265,8.13489487568924e-07,56765.232711822384,3069.126835705406,0.05942952921166782,185.0807541329889,185.08071491136738,6.65200384953102e-07,55637.282841017855,1005.5516387138382,-0.2490532408059422,1e-05
14750.0,12240.613593640108,184.7630185347637,184.76294735299967,6.338703215133096e-07,55808.164559487304,184.76298122460122,3.322452130435595e-07,55807.480781683844,185.7144021832691,185.71431724872048,7.52463694045459e-07,56765.232711822384,3069.126835705406,0.050513753595566285,184.7630185347637,184.76298122460122,6.338703215133096e-07,55808.164559487304,1005.5516387138382,-0.2573815896372329,8.333333333333334e-06
14800.0,12127.925522738331,184.45098543511133,184.45091766266611,6.045314341218562e-07,55984.78584825188,184.45094991196456,3.168670546126542e-07,55984.1335191176,185.22681096262482,185.22673264104725,6.957037010928799e-07,56765.232711822384,3069.126835705406,0.0412621727498701,184.45098543511133,184.45094991196456,6.045314341218562e-07,55984.78584825188,1005.5516387138382,-0.26599827847218843,6.6666666666666675e-06
14850.0,12016.086863001918,184.14510862523616,184.14504403581304,5.770958139148319e-07,56167.60288627158,184.14507477048946,3.0248651265594624e-07,56166.97994608251,184.73921066869573,184.73913847838026,6.429342755281428e-07,56765.232711822384,3069.126835705406,0.03164971956002136,184.14510862523616,184.14507477048946,5.770958139148319e-07,56167.60288627158,1005.5516387138382,-0.27492624995195897,5e-06
14900.0,11905.096327254156,183.8459828215995,183.84592119806302,5.514919433885832e-07,56357.21362105434,183.84595052143925,2.890660994298541e-07,56356.61808201762,184.25160189190282,184.25153538369855,5.938963547842112e-07,56765.232711822384,3069.126835705406,0.02164378583967646,183.8459828215995,183.84595052143925,5.514919433885832e-07,56357.21362105434,1005.5516387138382,-0.28419565092280363,3.3333333333333337e-06
14950.0,11794.952903672387,183.55452351051994,183.55446464122988,5.276797149497016e-07,56554.53867753138,183.55449265401302,2.7658479102285085e-07,56553.968582696994,183.76398518765924,183.76392394295547,5.483461965548554e-07,56765.232711822384,3069.126835705406,0.01119459773280274,183.55452351051994,183.55449265401302,5.276797149497016e-07,56554.53867753138,1005.5516387138382,-0.29385312712484474,1.6666666666666669e-06
15000.0,11685.656034443447,183.27285108392746,183.27279475025995,5.057275082788069e-07,56761.71073847088,183.27282155648047,2.650784278058599e-07,56761.16400898401,183.27636107824108,183.27630470706285,5.060545634305807e-07,56765.232711822384,3069.126835705406,0.00018787858656064,183.27285108392746,183.27282155648047,5.057275082788069e-07,56761.71073847088,1005.5516387138382,-0.3040076211863497,0.0
