CAPE_u,CAPE_ext,dh,sat_def,P,RH,dz
0.0,0.0,-1.9837966363484156,0.007436344781422869,0.0,0.01,4250.0
1005.3655186292422,876.2256693811353,-2085.443357248325,0.007130566214893778,0.6896551724137931,0.01,4250.0
1802.6414885605866,1523.7853667592024,-3804.2953757059367,0.006864035173141405,1.3793103448275863,0.01,4250.0
2471.6344256663056,2028.349528590088,-5256.552683018192,0.006628186879451243,2.0689655172413794,0.01,4250.0
3051.5518244879904,2432.8859718765834,-6506.022820371276,0.0063850742224109015,2.7586206896551726,0.01,4200.0
3565.140304902192,2762.789265126797,-7595.782340568825,0.0061962752783476915,3.4482758620689657,0.01,4200.0
4026.9930122056585,3034.627852463915,-8556.789680843605,0.006024184574172815,4.137931034482759,0.01,4200.0
4447.141310100565,3259.9604604103533,-9411.971872454626,0.005866298824360573,4.827586206896552,0.01,4200.0
4832.827016912343,3447.2418979652525,-10178.745567517159,0.005720636231109375,5.517241379310345,0.01,4200.0
5189.481333532064,3602.885068694643,-10870.647013387454,0.005585600143917795,6.206896551724139,0.01,4200.0
5521.292171797236,3731.8848221722524,-11498.401252387797,0.005459884634737395,6.8965517241379315,0.01,4200.0
5831.575252169934,3838.226418633032,-12070.658821498888,0.005320007184926396,7.586206896551724,0.01,4150.0
6122.997868554557,3925.13879086127,-12594.647763535373,0.005210779628546848,8.275862068965518,0.01,4150.0
6397.748452575727,3995.283513550219,-13076.002544852905,0.005108035536837577,8.965517241379311,0.01,4150.0
6657.64503108869,4050.87939392713,-13519.606596211037,0.005011130206120207,9.655172413793103,0.01,4150.0
6904.216168635296,4093.7956149843394,-13929.583081627621,0.004919508521804538,10.344827586206897,0.01,4150.0
7138.760612040094,4125.62234328824,-14309.44348676366,0.004832689094381489,11.03448275862069,0.01,4150.0
7362.392120134071,4147.721662452899,-14662.20176448964,0.004750251728108015,11.724137931034484,0.01,4150.0
7576.073499197225,4161.26848414307,-14990.462765682387,0.004671827654691198,12.413793103448278,0.01,4150.0
7780.643189679645,4167.282356210816,-15296.492196260799,0.004597091696337475,13.10344827586207,0.01,4150.0
7976.836383505067,4166.652780168393,-15582.27268739706,0.00452575516351622,13.793103448275863,0.01,4150.0
8165.301231352231,4160.158117048917,-15849.54781252487,0.00445756098797158,14.482758620689657,0.01,4150.0
8346.614282389679,4148.485862750412,-16099.858669972593,0.004392279584332513,15.172413793103448,0.01,4150.0
8521.288873906278,4132.2427959545,-16334.573942723815,0.004329704300912237,15.862068965517242,0.01,4150.0
8689.780765051331,4111.963432155231,-16554.965647239682,0.004254512264307242,16.551724137931036,0.01,4100.0
8852.503679733112,4088.1253937896827,-16762.108615001045,0.004197175628924955,17.24137931034483,0.01,4100.0
9009.832242957895,4061.153395355973,-16956.943246842013,0.004142018934680405,17.931034482758623,0.01,4100.0
9162.09899167651,4031.424995061323,-17140.35462694877,0.004088905101548052,18.620689655172416,0.01,4100.0
9309.614406841454,3999.282063573079,-17313.14226276397,0.004037709149377614,19.310344827586206,0.01,4100.0
9452.655066814137,3965.026071281207,-17476.031911929145,0.00398831668491082,20.0,0.01,4100.0
0.0,0.0,-1.9837966363484156,0.007270697469502807,0.0,0.03,4250.0
983.9246627089304,857.5260095164954,-2041.1322081696344,0.006978572746988776,0.6896551724137931,0.03,4250.0
1765.317078447962,1492.1955250610176,-3726.475224828093,0.006723515487393964,1.3793103448275863,0.03,4250.0
2421.781422680487,1987.3676434815368,-5152.762457743731,0.0064974854533843066,2.0689655172413794,0.03,4250.0
2991.438388015086,2384.859015568067,-6381.707281938587,0.006263336190762475,2.7586206896551726,0.03,4200.0
3496.3995172097743,2709.3884935513565,-7455.096431205282,0.006081952664074452,3.4482758620689657,0.03,4200.0
3950.862918720006,2977.1011454691975,-8402.907634178395,0.005916441644002271,4.137931034482759,0.03,4200.0
4364.586748427824,3199.2626127558883,-9247.388902018589,0.00576444114940225,4.827586206896552,0.03,4200.0
4744.624061212933,3384.1241473558375,-10005.456601518708,0.005624079408565208,5.517241379310345,0.03,4200.0
5096.259949004481,3537.9424379706793,-10690.269949098634,0.005493846464471552,6.206896551724139,0.03,4200.0
5423.579535082045,3665.6011674598053,-11312.264063952098,0.005372506287007873,6.8965517241379315,0.03,4200.0
5729.811074256245,3770.9929087706996,-11879.850819910062,0.005259033684885294,7.586206896551724,0.03,4200.0
6017.563114194769,3857.2825032882797,-12400.051725863806,0.005131219472862648,8.275862068965518,0.03,4150.0
6288.967608100786,3927.0718282933644,-12878.44874425324,0.005031852443443358,8.965517241379311,0.03,4150.0
6545.799806797615,3982.5352066210053,-13319.756103471795,0.004938074344639604,9.655172413793103,0.03,4150.0
6789.553056825571,4025.505744820672,-13728.001036357156,0.004849357453098701,10.344827586206897,0.03,4150.0
7021.496729117492,4057.5426324959717,-14106.61561345178,0.004765243802362753,11.03448275862069,0.03,4150.0
7242.719758422042,4079.9826337334252,-14458.547358855038,0.004685333486027222,11.724137931034484,0.03,4150.0
7454.163939316641,4093.979507279573,-14786.345397206933,0.004609275390650267,12.413793103448278,0.03,4150.0
7656.649967069779,4100.5351095839715,-15092.228699141924,0.00453675919032499,13.10344827586207,0.03,4150.0
7850.899453431408,4100.523990417218,-15378.139528319021,0.004467509595151103,13.793103448275863,0.03,4150.0
8037.546908392425,4094.713467517958,-15645.787111006393,0.004401281570336797,14.482758620689657,0.03,4150.0
8217.154412957274,4083.7776403153653,-15896.683468278396,0.004337855381224247,15.172413793103448,0.03,4150.0
8390.223612898677,4068.3125125614047,-16132.171209343818,0.004277033922082845,15.862068965517242,0.03,4150.0
8557.2086736408,4048.849461404707,-16353.448611162188,0.00421863944420211,16.551724137931036,0.03,4150.0
8718.510101277829,4025.854272590742,-16561.66115300243,0.00414774962659925,17.24137931034483,0.03,4100.0
8874.492239339406,3999.7465091531376,-16757.71037142173,0.004094083453780445,17.931034482758623,0.03,4100.0
9025.491255000077,3970.903677736651,-16942.450187774804,0.004042386850586077,18.620689655172416,0.03,4100.0
9171.801547692532,3939.655471897768,-17116.66779575096,0.0039925401900947856,19.310344827586206,0.03,4100.0
9313.701345954247,3906.303678136118,-17281.076682413594,0.003944433802036227,20.0,0.03,4100.0
0.0,0.0,-1.9837966363484156,0.007105785880864086,0.0,0.05,4250.0
962.5364979791636,838.8729101664816,-1996.920363688696,0.00682693689028957,0.6896551724137931,0.05,4250.0
1728.0347406564372,1460.6428742905039,-3648.6924583103537,0.00658306540987784,1.3793103448275863,0.05,4250.0
2371.9291088803875,1946.389054625637,-5048.857656377571,0.006366629795203514,2.0689655172413794,0.05,4250.0
2931.2649111051273,2336.787426251882,-6257.075051731328,0.006141275002100199,2.7586206896551726,0.05,4200.0
3427.5318276293838,2655.8936642842705,-7313.8651946405735,0.005967166253122119,3.4482758620689657,0.05,4200.0
3874.531860806176,2919.4276651871137,-8248.239215741,0.005808121355029045,4.137931034482759,0.05,4200.0
4281.757344567273,3138.3685569867994,-9081.774986765347,0.005661913803651533,4.827586206896552,0.05,4200.0
4656.067353850863,3320.759046767868,-9830.893866599574,0.00552677736644962,5.517241379310345,0.05,4200.0
5002.609444130708,3472.706974556385,-10508.381314269682,0.005401285784932561,6.206896551724139,0.05,4200.0
5325.362780036541,3598.9817434386714,-11124.3846729102,0.005284270165874354,6.8965517241379315,0.05,4200.0
5627.473845587141,3703.3878327739567,-11687.090453803023,0.005174760258660879,7.586206896551724,0.05,4200.0
5911.48137229846,3789.01549449127,-12203.276082473269,0.005050733305498977,8.275862068965518,0.05,4150.0
6179.468774941366,3858.4155537779206,-12678.510780307712,0.004954714994719962,8.965517241379311,0.05,4150.0
6433.168527593435,3913.716737001647,-13117.326051859389,0.004864040945345279,9.655172413793103,0.05,4150.0
6674.038670943548,3956.714867692639,-13523.652887559867,0.004778210080603152,10.344827586206897,0.05,4150.0
6903.31900166173,3988.9384322263445,-13900.84358143864,0.004696787322220305,11.03448275862069,0.05,4150.0
7122.073745842492,4011.698777339042,-14251.779062586676,0.004619392453117618,11.724137931034484,0.05,4150.0
7331.223779000364,4026.128181808189,-14578.952731648053,0.0045456910816720954,12.413793103448278,0.05,4150.0
7531.571620998639,4033.2094635834155,-14884.535824208971,0.004475387804026021,13.10344827586207,0.05,4150.0
7723.821279501456,4033.8026590687023,-15170.430079368882,0.0044082206097537215,13.793103448275863,0.05,4150.0
7908.594281541566,4028.6614015414984,-15438.310526379253,0.00434395546705636,14.482758620689657,0.05,4150.0
8086.444724404728,4018.451341408545,-15689.658778413752,0.004282382980061212,15.172413793103448,0.05,4150.0
8257.863389431657,4003.757951647512,-15925.792129340094,0.004223315048571278,15.862068965517242,0.05,4150.0
8423.289075801253,3985.0994456388967,-16147.88601327152,0.004166581703851824,16.551724137931036,0.05,4150.0
8583.12086331444,3962.941590890487,-16356.997506475665,0.004097282161973811,17.24137931034483,0.05,4100.0
8737.716383276564,3937.696628269513,-16554.15063378527,0.00404510877810573,17.931034482758623,0.05,4100.0
8887.396786215377,3909.7302650054494,-16740.113749820404,0.003994832604958564,18.620689655172416,0.05,4100.0
9032.463378018874,3879.3759695145914,-16915.660327970043,0.003946338895110241,19.310344827586206,0.05,4100.0
9173.178613303578,3846.926527034306,-17081.492661191965,0.0038995229046301805,20.0,0.05,4100.0
0.0,0.0,-1.9837966363484156,0.00694160251063667,0.0,0.06999999999999999,4250.0
941.1999856976822,820.2653947274554,-1952.8072305466412,0.006675656481147469,0.6896551724137931,0.06999999999999999,4250.0
1690.7934554254994,1429.1264743791892,-3570.9472812972817,0.006442685402237615,1.3793103448275863,0.06999999999999999,4250.0
2322.0761819906397,1905.4125760816964,-4944.839308113136,0.006235621324391414,2.0689655172413794,0.06999999999999999,4250.0
2871.0306925006057,2288.6707749377947,-6132.127445399856,0.006018892101394296,2.7586206896551726,0.06999999999999999,4200.0
3358.5352954177,2602.30314027625,-7172.089499778856,0.005851916879613431,3.4482758620689657,0.06999999999999999,4200.0
3797.998690303739,2861.6066231266122,-8092.784211392856,0.005699223500207653,4.137931034482759,0.06999999999999999,4200.0
4198.647910095194,3077.2740341517765,-8915.128081218143,0.005558715388659695,4.827586206896552,0.06999999999999999,4200.0
4567.154118152493,3257.144697109404,-9655.05302473154,0.005428727424704911,5.517241379310345,0.06999999999999999,4200.0
4908.528052919664,3407.177875873145,-10324.974079900225,0.005307913845182114,6.206896551724139,0.06999999999999999,4200.0
5226.6385539473695,3532.02448679596,-10934.752866657858,0.005195170576258124,6.8965517241379315,0.06999999999999999,4200.0
5524.553031638389,3635.4023922488473,-11492.351818134382,0.005089580225968835,7.586206896551724,0.06999999999999999,4200.0
5804.746782002228,3720.3349638273507,-12004.303410867382,0.004969312870212652,8.275862068965518,0.06999999999999999,4150.0
6069.248811792663,3789.314417957688,-12476.167283828945,0.004876613632636859,8.965517241379311,0.06999999999999999,4150.0
6319.748940175876,3844.4241467397346,-12912.290824243966,0.004789019314190177,9.655172413793103,0.06999999999999999,4150.0
6557.669925696591,3887.4228096466686,-13316.508659782317,0.004706054736634585,10.344827586206897,0.06999999999999999,4150.0
6784.222274120478,3919.808278731271,-13692.0932086291,0.004627306875454376,11.03448275862069,0.06999999999999999,4150.0
7000.445429676477,3942.865775934902,-14041.858718415628,0.004552414426798951,11.724137931034484,0.06999999999999999,4150.0
7207.239069844984,3957.7059067635005,-14368.241973951881,0.004481059647328473,12.413793103448278,0.06999999999999999,4150.0
7405.387597489775,3965.294958545234,-14673.36634841629,0.004412961805478713,13.10344827586207,0.06999999999999999,4150.0
7595.58266096306,3966.4788662173273,-14959.093225148878,0.004347871176544041,13.793103448275863,0.06999999999999999,4150.0
7778.430082915297,3961.9964576452253,-15227.062142272713,0.004285565026941808,14.482758620689657,0.06999999999999999,4150.0
7954.469037056977,3952.499180199811,-15478.724847358295,0.004225843987359667,15.172413793103448,0.06999999999999999,4150.0
8124.181494475871,3938.5640726681377,-15715.372391784898,0.00416852839202816,15.862068965517242,0.06999999999999999,4150.0
8288.002459073954,3920.7065645216426,-15938.15733720042,0.004113456470557788,16.551724137931036,0.06999999999999999,4150.0
8446.315871604262,3899.379021029065,-16148.113258317586,0.004060481403102443,17.24137931034483,0.06999999999999999,4150.0
8599.474093393748,3874.9881158637495,-16346.187571116046,0.00399507418286496,17.931034482758623,0.06999999999999999,4100.0
8747.797022419682,3847.897753673409,-16533.264500924044,0.003946220838102673,18.620689655172416,0.06999999999999999,4100.0
8891.56918345745,3818.431210148237,-16710.0356155673,0.0038990834018796778,19.310344827586206,0.06999999999999999,4100.0
9031.061159009263,3786.884756522259,-16877.19109162582,0.0038535614913594606,20.0,0.06999999999999999,4100.0
0.0,0.0,-1.9837966363484156,0.006778139978106651,0.0,0.09,4250.0
919.9145864132864,801.702977089957,-1908.7922227230883,0.006524729382233734,0.6896551724137931,0.09,4250.0
1653.5928598907265,1397.6460204052896,-3493.23989760736,0.006302375922958126,1.3793103448275863,0.09,4250.0
2272.221765070737,1864.437427458312,-4840.708424985882,0.006104461474031142,2.0689655172413794,0.09,4250.0
2810.736280480733,2240.509672501962,-6006.865757789077,0.005896188948803448,2.7586206896551726,0.09,4200.0
3289.4083322206643,2548.615610507743,-7029.770225976063,0.005736205390019254,3.4482758620689657,0.09,4200.0
3721.260603220768,2803.63572144089,-7936.542434829957,0.0055897479328372145,4.137931034482759,0.09,4200.0
4115.257568942998,3015.9786529129437,-8747.44617092787,0.0054548445087836,4.827586206896552,0.09,4200.0
4477.884799994322,3193.2820543911007,-9477.929687078708,0.005329926893845846,5.517241379310345,0.09,4200.0
4814.009368762782,3341.3501993511563,-10140.041035932561,0.0052137266014474146,6.206896551724139,0.09,4200.0
5127.403689889007,3464.7269031066194,-10743.358257946078,0.005105201944900801,6.8965517241379315,0.09,4200.0
5421.047528318729,3567.037942213336,-11295.620986004651,0.005003486564843767,7.586206896551724,0.09,4200.0
5697.351771361492,3651.236321770041,-11803.171971104894,0.004907851889422646,8.275862068965518,0.09,4200.0
5958.295405765084,3719.7600530289187,-12271.396374348777,0.004797539002171978,8.965517241379311,0.09,4150.0
6205.525817602014,3774.6471482409706,-12704.62432984908,0.004712998903170714,9.655172413793103,0.09,4150.0
6440.430099019124,3817.6185653851335,-13106.538151293862,0.004632879483074576,10.344827586206897,0.09,4150.0
6664.189675084215,3850.140808161619,-13480.330143015948,0.004556789134520031,11.03448275862069,0.09,4150.0
6877.819058410668,3873.4738360324855,-13828.747226922693,0.0044843851508883726,11.724137931034484,0.09,4150.0
7082.196717749201,3888.7073670649143,-14154.169512190267,0.004415366043751018,12.413793103448278,0.09,4150.0
7278.089173262649,3896.788740885155,-14458.672629155233,0.004349464796343662,13.10344827586207,0.09,4150.0
7466.169218768238,3898.545908552206,-14744.076411051494,0.004286444122746097,13.793103448275863,0.09,4150.0
7647.031053292867,3894.7050850170867,-15011.985232425592,0.004226092363661002,14.482758620689657,0.09,4150.0
7821.206935634894,3885.9105380815467,-15263.820465923505,0.004168219423823862,15.172413793103448,0.09,4150.0
7989.163742667599,3872.7271935509834,-15500.846315550087,0.004112654519122269,15.862068965517242,0.09,4150.0
8151.323536758421,3855.6584287493256,-15724.192806109168,0.00405924327971458,16.551724137931036,0.09,4150.0
8308.070936941633,3835.154737694396,-15934.872728036273,0.004007845881816299,17.24137931034483,0.09,4150.0
8459.745506289337,3811.6128676211515,-16133.798244873666,0.003958335310422446,17.931034482758623,0.09,4150.0
8606.65920163684,3785.391919335357,-16321.819804822539,0.00389652969639945,18.620689655172416,0.09,4100.0
8749.098272936402,3756.814225687545,-16499.706841777035,0.0038507511091300578,19.310344827586206,0.09,4100.0
8887.316098110237,3726.1618777819886,-16668.08149196343,0.0038065266108616154,20.0,0.09,4100.0
0.0,0.0,-1.9837966363484156,0.006615391022041548,0.0,0.11,4250.0
898.6798863887066,783.1852941170578,-1864.8747612981606,0.006374153482039283,0.6896551724137931,0.11,4250.0
1616.4325976361897,1366.2012129354841,-3415.570509841331,0.006162137427270168,1.3793103448275863,0.11,4250.0
2222.365568734153,1823.4631225030953,-4736.466012244135,0.005973151678027771,2.0689655172413794,0.11,4250.0
2750.382217638831,2192.304719330632,-5881.2912863107995,0.005773167008305625,2.7586206896551726,0.11,4200.0
3220.152201563647,2494.8324132517814,-6886.908281920179,0.005620032629608501,3.4482758620689657,0.11,4200.0
3644.319010473009,2745.5165219122155,-7779.513651090048,0.005479694571311965,4.137931034482759,0.11,4200.0
4031.5867486288066,2954.4831920058373,-8578.727362997422,0.005350299723586884,4.827586206896552,0.11,4200.0
4388.253357574331,3129.1663307712897,-9299.519508836725,0.005230373020033773,5.517241379310345,0.11,4200.0
4719.055012198687,3275.225422688562,-9953.574938707134,0.005118719939086186,6.206896551724139,0.11,4200.0
5027.651482371595,3397.0850834319426,-10550.190316496482,0.0050143587984158335,6.8965517241379315,0.11,4200.0
5316.949278506645,3498.2888733926666,-11096.883810267936,0.0049164723912772075,7.586206896551724,0.11,4200.0
5589.29208982011,3581.717512032423,-11599.82139367066,0.004824372865275759,8.275862068965518,0.11,4200.0
5846.606355823742,3649.7524265735788,-12064.1760258992,0.004717481604351019,8.965517241379311,0.11,4150.0
6090.496848097103,3704.3859387287407,-12494.3005109285,0.0046359687147646805,9.655172413793103,0.11,4150.0
6322.315971629674,3747.3010345257385,-12893.710912214228,0.004558672039968174,10.344827586206897,0.11,4150.0
6543.215341775775,3779.9340601439044,-13265.519162577039,0.004485220816755573,11.03448275862069,0.11,4150.0
6754.184641738362,3803.519277063958,-13612.404845280187,0.0044152903896327415,11.724137931034484,0.11,4150.0
6956.081410789133,3819.1241906118353,-13936.691428797501,0.004348594612504771,12.413793103448278,0.11,4150.0
7149.6544423293635,3827.678016026197,-14240.405737921523,0.00428488022857646,13.10344827586207,0.11,4150.0
7335.563081181363,3829.993590424761,-14525.326266720564,0.004223922141831089,13.793103448275863,0.11,4150.0
7514.385924424716,3826.783284052271,-14793.0219831855,0.004165518950101272,14.482758620689657,0.11,4150.0
7686.638550405954,3818.6770125860708,-15044.882952945889,0.004109490175337569,15.172413793103448,0.11,4150.0
7852.783977205161,3806.233831392892,-15282.147180289801,0.004055673302970917,15.862068965517242,0.11,4150.0
8013.235171809492,3789.9476187749324,-15505.92070066237,0.0040039213900726145,16.551724137931036,0.11,4150.0
8168.361480788501,3770.2571479258563,-15717.196457427199,0.003954101410765414,17.24137931034483,0.11,4150.0
8318.50299764722,3747.5595664298785,-15916.867979806018,0.0039060922237925903,17.931034482758623,0.11,4150.0
8463.962106176541,3722.2050332982235,-16105.74305870349,0.003859783568574288,18.620689655172416,0.11,4150.0
8605.01617944324,3694.5070293572585,-16284.584988275885,0.00380131894701215,19.310344827586206,0.11,4100.0
8741.921149423757,3664.7524360238385,-16454.070711072272,0.0037583945814537224,20.0,0.11,4100.0
0.0,0.0,-1.9837966363484156,0.006453348492108932,0.0,0.13,4250.0
877.4954782421145,764.7119882440438,-1821.0542743159094,0.006223926694387396,0.6896551724137931,0.13,4250.0
1579.31245797419,1334.7918954653353,-3337.9393194094955,0.006021970367217949,1.3793103448275863,0.13,4250.0
2172.5084870843316,1782.4907944541237,-4632.113072166954,0.00584169336627958,2.0689655172413794,0.13,4250.0
2689.9663404249195,2144.053971003291,-5755.405331265989,0.005649827747992759,2.7586206896551726,0.13,4200.0
3150.765847133944,2440.952722094617,-6743.504631095588,0.005503399430587307,3.4482758620689657,0.13,4200.0
3567.17165896702,2687.247223446135,-7621.697647781999,0.005369063298050174,4.137931034482759,0.13,4200.0
3947.6307677333084,2892.7838390459738,-8408.969684509044,0.005245079734463871,4.827586206896552,0.13,4200.0
4298.2606488155225,3064.7981365830196,-9119.818279972176,0.005130062998415241,5.517241379310345,0.13,4200.0
4623.657076925199,3208.7982074866213,-9765.568693697249,0.005022889613219389,6.206896551724139,0.13,4200.0
4927.381686513828,3329.099815661195,-10355.238626697937,0.00492263543724966,6.8965517241379315,0.13,4200.0
5212.254725110103,3429.1534336568884,-10896.126265169303,0.004828530532691945,7.586206896551724,0.13,4200.0
5480.558533832563,3511.7723593314763,-11394.221650967622,0.004739926280689837,8.275862068965518,0.13,4200.0
5734.168413067739,3579.282420630026,-11854.501609081039,0.004656270939482888,8.965517241379311,0.13,4200.0
5974.64695939874,3633.6293863492197,-12281.292842361137,0.004557917694438943,9.655172413793103,0.13,4150.0
6203.3106925794655,3676.459514961792,-12677.99575501572,0.00448342024705451,10.344827586206897,0.13,4150.0
6421.282602800847,3709.1784159027993,-13047.624628483478,0.004412588598474468,11.03448275862069,0.13,4150.0
6629.5273313856005,3732.99366653904,-13392.79160348628,0.004345115339968162,11.724137931034484,0.13,4150.0
6828.881058099898,3748.9506099414552,-13715.762656903738,0.004280729576582413,12.413793103448278,0.13,4150.0
7020.073809073238,3757.958217941019,-14018.515993103487,0.0042191914712203455,13.10344827586207,0.13,4150.0
7203.747159858935,3760.8135216787455,-14302.78862631187,0.004160287296997912,13.793103448275863,0.13,4150.0
7380.469435326089,3758.218035033015,-14570.113086323123,0.00410382611840823,14.482758620689657,0.13,4150.0
7550.746037940902,3750.790627352302,-14821.848835078796,0.004049636613532509,15.172413793103448,0.13,4150.0
7715.024247334549,3739.0754380790295,-15059.20628428,0.0039975642723143814,15.862068965517242,0.13,4150.0
7873.708960447665,3723.5595878763716,-15283.268257573043,0.003947469620896147,16.551724137931036,0.13,4150.0
8027.166433583124,3704.678902913576,-15495.00651796432,0.0038992259621030687,17.24137931034483,0.13,4150.0
8175.721256398785,3682.817245817443,-15695.296774982053,0.0038527182234569363,17.931034482758623,0.13,4150.0
8319.675818793028,3658.3216645290017,-15884.930169499843,0.0038078412763597243,18.620689655172416,0.13,4150.0
8459.299253787525,3631.5028530902537,-16064.624389185505,0.0037644991060815204,19.310344827586206,0.13,4150.0
8594.839995657565,3602.640273149764,-16235.063085451504,0.0037091411080525834,20.0,0.13,4100.0
0.0,0.0,-1.9837966363484156,0.0062920053627066,0.0,0.15000000000000002,4250.0
856.3609609839838,746.2827075273884,-1777.330196767747,0.006074046957642841,0.6896551724137931,0.15000000000000002,4250.0
1542.2333566400464,1303.4190001009463,-3260.3465265554187,0.0058818751917217174,1.3793103448275863,0.15000000000000002,4250.0
2122.650054675905,1741.52009476776,-4527.650604196133,0.005710087964850897,2.0689655172413794,0.15000000000000002,4250.0
2629.4882935411556,2095.757183990817,-5629.2092069226055,0.005526172631358908,2.7586206896551726,0.15000000000000002,4200.0
3081.2473074121885,2386.9748781225644,-6599.560187193318,0.005386306730060365,3.4482758620689657,0.15000000000000002,4200.0
3489.816282526988,2628.8260216025333,-7463.094264988831,0.005257853995224188,4.137931034482759,0.15000000000000002,4200.0
3863.3905837083125,2830.881683615791,-8238.171150347247,0.005139183282213554,4.827586206896552,0.15000000000000002,4200.0
4207.902487938876,3000.174947017608,-8938.821664039831,0.005028994169197658,5.517241379310345,0.15000000000000002,4200.0
4527.8152593082195,3142.069090088023,-9576.015157563903,0.004926231420306269,6.206896551724139,0.15000000000000002,4200.0
4826.585526127589,3260.764537316204,-10158.492770620891,0.004830026139516523,6.8965517241379315,0.15000000000000002,4200.0
5106.957999479584,3359.6278855449636,-10693.334231547793,0.0047396537869463075,7.586206896551724,0.15000000000000002,4200.0
5371.148187037372,3441.3999697875065,-11186.354559496896,0.004654503513817004,8.275862068965518,0.15000000000000002,4200.0
5620.979877946592,3508.349510549244,-11642.388610146416,0.004574055318826889,8.965517241379311,0.15000000000000002,4200.0
5857.973200863347,3562.377866255964,-12065.574322453918,0.004478834924917351,9.655172413793103,0.15000000000000002,4150.0
6083.410465953554,3605.093994821735,-12459.361358921517,0.004407111764380472,10.344827586206897,0.15000000000000002,4150.0
6298.384546061507,3637.8712336315193,-12826.610681521823,0.004338878666488647,11.03448275862069,0.15000000000000002,4150.0
6503.835378747893,3661.8910222433324,-13169.866503623285,0.004273845141600915,11.724137931034484,0.15000000000000002,4150.0
6700.5780193325,3678.175356355775,-13491.33750127616,0.0042117550965663254,12.413793103448278,0.15000000000000002,4150.0
6889.326338025596,3687.6179085577915,-13792.953108629998,0.004152381311688668,13.10344827586207,0.15000000000000002,4150.0
7070.7055499041635,3690.9989382395356,-14076.40788993398,0.0040955215086630695,13.793103448275863,0.15000000000000002,4150.0
7245.267999296478,3689.0039962361548,-14343.198578566167,0.004040994827555276,14.482758620689657,0.15000000000000002,4150.0
7413.505269149508,3682.237810404598,-14594.652838967151,0.00398863866576081,15.172413793103448,0.15000000000000002,4150.0
7575.8615076392525,3671.2409941440187,-14831.953935237405,0.003938306639559948,15.862068965517242,0.15000000000000002,4150.0
7732.726741009534,3656.4884294385947,-15056.160614771601,0.003889866192034249,16.551724137931036,0.15000000000000002,4150.0
7884.456619359852,3638.4058765561344,-15268.223708225552,0.0038431971295239194,17.24137931034483,0.15000000000000002,4150.0
8031.376532710434,3617.3742036820595,-15469.000252139886,0.003798190026642701,17.931034482758623,0.15000000000000002,4150.0
8173.772992814076,3593.7321236041275,-15659.265246350384,0.0037547450074095507,18.620689655172416,0.15000000000000002,4150.0
8311.916355246694,3567.788484101244,-15839.721431833881,0.0037127706932378697,19.310344827586206,0.15000000000000002,4150.0
8446.045735207514,3539.813637519969,-16011.008397807062,0.0036721832550401607,20.0,0.15000000000000002,4150.0
0.0,0.0,-1.9837966363484156,0.006131354722878482,0.0,0.17,4250.0
835.2759414092881,727.8971070056987,-1733.7019714783019,0.005924512231671285,0.6896551724137931,0.17,4250.0
1505.1935593109931,1272.0808889316202,-3182.792330377277,0.005741852346636013,1.3793103448275863,0.17,4250.0
2072.789020074567,1700.54988212325,-4423.079605062507,0.005578336896134124,2.0689655172413794,0.17,4250.0
2568.9500589565087,2047.4163232913543,-5502.704260744649,0.005402203104237731,2.7586206896551726,0.17,4200.0
3011.5975571176205,2332.899959758519,-6455.075875225295,0.005268755444591503,3.4482758620689657,0.17,4200.0
3412.2550765454757,2570.255206281139,-7303.703423081337,0.005146066533569831,4.137931034482759,0.17,4200.0
3778.8634736135023,2768.7743158144995,-8066.329839220496,0.005032609043454076,4.827586206896552,0.17,4200.0
4117.176241703149,2935.295128637083,-8756.525298010798,0.004927163945414859,5.517241379310345,0.17,4200.0
4431.525094691853,3075.0349407572353,-9384.907046562425,0.004828741330109209,6.206896551724139,0.17,4200.0
4725.263352392627,3192.0806144683606,-9959.942102564193,0.004736525353025314,6.8965517241379315,0.17,4200.0
5001.053420027577,3289.708713420884,-10488.493306691329,0.004649835118604937,7.586206896551724,0.17,4200.0
5261.0504100534845,3370.5921605769454,-10976.201647862617,0.004568096094257718,8.275862068965518,0.17,4200.0
5507.026759272108,3436.944642885391,-11427.760677413447,0.004490818775063537,8.965517241379311,0.17,4200.0
5740.460497280872,3490.6216547798404,-11847.118039192901,0.004398709131403903,9.655172413793103,0.17,4150.0
5962.598843577071,3533.1937952773937,-12237.776051107263,0.0043297339300376984,10.344827586206897,0.17,4150.0
6174.50531462985,3566.002871904833,-12602.440572101601,0.004264077220031373,11.03448275862069,0.17,4150.0
6377.09507514609,3590.2026766105732,-12943.588099644621,0.004201464866834716,11.724137931034484,0.17,4150.0
6571.161987364445,3606.794911018687,-13263.369780124907,0.004141654811146284,12.413793103448278,0.17,4150.0
6757.39950989892,3616.652208040779,-13563.665491604326,0.004084432400433742,13.10344827586207,0.17,4150.0
6936.417580105117,3620.5387272850185,-13846.127900432402,0.0040296064164321585,13.793103448275863,0.17,4150.0
7108.759185973662,3619.1283125605983,-14112.216950224298,0.003977005554919287,14.482758620689657,0.17,4150.0
7274.901571412402,3613.01330879278,-14363.228650771067,0.003926476017044251,15.172413793103448,0.17,4150.0
7435.2728336702385,3602.7205686845723,-14600.318721109586,0.003877879024874312,15.862068965517242,0.17,4150.0
7590.261466977303,3588.7210357470044,-14824.521488753417,0.0038310889652534404,16.551724137931036,0.17,4150.0
7740.212205786976,3571.4285781687813,-15036.766711249125,0.003785991881849376,17.24137931034483,0.17,4150.0
7885.438093904083,3551.2179732219333,-15237.892455415677,0.0037424838782883028,17.931034482758623,0.17,4150.0
8026.228281558869,3528.426620206629,-15428.65712427318,0.0037004702353852182,18.620689655172416,0.17,4150.0
8162.8368330768535,3503.349232911656,-15609.748831474324,0.003659864060842802,19.310344827586206,0.17,4150.0
8295.507000591726,3476.261055946152,-15781.79361273726,0.00362058577686854,20.0,0.17,4150.0
0.0,0.0,-1.9837966363484156,0.005971389772234611,0.0,0.19,4250.0
814.2400308817616,709.5548455946825,-1690.1690470071262,0.005775320502944943,0.6896551724137931,0.19,4250.0
1468.1927339868487,1240.777283366624,-3105.2769289678763,0.005601902274642454,1.3793103448275863,0.19,4250.0
2022.9251293532038,1659.5799662255292,-4318.401082794706,0.005446441565694554,2.0689655172413794,0.19,4250.0
2508.3494666425026,1999.0294257747123,-5375.901095291316,0.005305612568217782,2.7586206896551726,0.19,4250.0
2941.816073222467,2278.7276349163058,-6310.052636624852,0.005150746488730582,3.4482758620689657,0.19,4200.0
3334.484400214015,2511.531661204332,-7143.524978665504,0.005033700883351611,4.137931034482759,0.19,4200.0
3694.046599957137,2706.4601364661667,-7893.44395829532,0.004925355666868951,4.827586206896552,0.19,4200.0
4026.081796489693,2870.1591683169286,-8572.92496671882,0.0048245696067718965,5.517241379310345,0.19,4200.0
4334.782950368669,3007.6933990023995,-9192.237156241128,0.004730415219966816,6.206896551724139,0.19,4200.0
4623.406825275704,3123.041857142948,-9759.57601402847,0.004642127484962033,6.8965517241379315,0.19,4200.0
4894.536711423337,3219.393010439331,-10281.589165011224,0.0045590673828803845,7.586206896551724,0.19,4200.0
5150.26318184838,3299.349284903038,-10763.744632299844,0.0044806952696318965,8.275862068965518,0.19,4200.0
5392.307586295985,3365.0688582445905,-11210.595194736816,0.004406551016834455,8.965517241379311,0.19,4200.0
5622.105978623496,3418.3606880489947,-11625.972266840967,0.004336238936193481,9.655172413793103,0.19,4200.0
5840.870728854781,3460.7574407635466,-12013.207492891088,0.004251274135093347,10.344827586206897,0.19,4150.0
6049.636150856733,3493.56812900143,-12375.077324890175,0.004188170355838742,11.03448275862069,0.19,4150.0
6249.292553390205,3517.921919429759,-12713.914504940476,0.004127959135546495,11.724137931034484,0.19,4150.0
6440.612913371124,3534.797964998112,-13031.812165250667,0.00407041224372917,12.413793103448278,0.19,4150.0
6624.274847971622,3545.051208235429,-13330.601088180338,0.004015327167929402,13.10344827586207,0.19,4150.0
6800.870272623429,3549.4266063105597,-13611.8911969158,0.003962523192543437,13.793103448275863,0.19,4150.0
6970.924763515171,3548.582714589802,-13877.105625967873,0.003911838556005788,14.482758620689657,0.19,4150.0
7134.908038803768,3543.1036882577746,-14127.508639078464,0.0038631278225863793,15.172413793103448,0.19,4150.0
7293.2387949639215,3533.5060343755445,-14364.227682051758,0.003816259663134768,15.862068965517242,0.19,4150.0
7446.289922127327,3520.244993836201,-14588.273003354021,0.003771115295442321,16.551724137931036,0.19,4150.0
7594.403339826409,3503.734702478637,-14800.55238474872,0.0037275866624004827,17.24137931034483,0.19,4150.0
7737.883751947714,3484.34039142686,-15001.885240028816,0.0036855754882970863,17.931034482758623,0.19,4150.0
7877.008722169109,3462.388415395321,-15193.01279396304,0.003644991802836759,18.620689655172416,0.19,4150.0
8012.034875053094,3438.176803377385,-15374.608243068898,0.0036057534042711874,19.310344827586206,0.19,4150.0
8143.189404946253,3411.9685090463804,-15547.284407221166,0.003567784570725812,20.0,0.19,4150.0
0.0,0.0,-1.9837966363484156,0.0058121038184735085,0.0,0.21000000000000002,4250.0
793.2528426301017,691.2555837927229,-1646.730878043134,0.005626469782343248,0.6896551724137931,0.21000000000000002,4250.0
1431.2305608488327,1209.5079157713985,-3027.800525997205,0.005462025406928481,1.3793103448275863,0.21000000000000002,4250.0
1973.0589660604744,1618.6109656597391,-4213.616044925526,0.005314403376141471,2.0689655172413794,0.21000000000000002,4250.0
2447.6857534827823,1950.5958626929694,-5248.823642693758,0.0051805059976758935,2.7586206896551726,0.21000000000000002,4250.0
2871.9006849679645,2224.456045293927,-6164.491476980198,0.005032280761530031,3.4482758620689657,0.21000000000000002,4200.0
3256.5029932795173,2452.6539439151898,-6982.558789077913,0.004920757079037008,4.137931034482759,0.21000000000000002,4200.0
3608.941976746871,2643.9413913514827,-7719.5116325945855,0.0048174218955078325,4.827586206896552,0.21000000000000002,4200.0
3934.6134674427803,2804.7625926370724,-8388.01649774037,0.004721208449890101,5.517241379310345,0.21000000000000002,4200.0
4237.587476672061,2940.0440877542974,-8997.998436095142,0.004631248868651325,6.206896551724139,0.21000000000000002,4200.0
4521.01465620014,3053.6481319081267,-9557.384062136174,0.004546826770288887,6.8965517241379315,0.21000000000000002,4200.0
4787.400778479716,3148.6760365389337,-10072.60751892841,0.004467343279746408,7.586206896551724,0.21000000000000002,4200.0
5038.775141833562,3227.6638045151703,-10548.964949128072,0.004392292252366907,8.275862068965518,0.21000000000000002,4200.0
5276.808187624935,3292.71235361284,-10990.869032620154,0.0043212418147243635,8.965517241379311,0.21000000000000002,4200.0
5502.894144945178,3345.5845873165454,-11402.035814257848,0.004253820335236615,9.655172413793103,0.21000000000000002,4200.0
5718.210679508597,3387.7740600609563,-11785.624450823416,0.004189705497086752,10.344827586206897,0.21000000000000002,4200.0
5923.762754618397,3420.559495835701,-12144.483486710451,0.00411114381221727,11.03448275862069,0.21000000000000002,4150.0
6120.415801584651,3445.0432116974575,-12480.80287769709,0.004053312484506308,11.724137931034484,0.21000000000000002,4150.0
6308.921282030735,3462.18101171214,-12796.616980023573,0.00399801073705364,12.413793103448278,0.21000000000000002,4150.0
6489.936146517829,3472.805666675786,-13093.706742534188,0.003945047617684359,13.10344827586207,0.21000000000000002,4150.0
6664.040006024959,3477.649794935105,-13373.639306308993,0.003894252789855275,13.793103448275863,0.21000000000000002,4150.0
6831.745964410971,3477.359190340693,-13637.80103557212,0.003845473659011871,14.482758620689657,0.21000000000000002,4150.0
6993.50713541749,3472.5016393023434,-13887.423576858746,0.003798572836006378,15.172413793103448,0.21000000000000002,4150.0
7149.7322056937555,3463.5816084262474,-14123.606657653465,0.003753426406341936,15.862068965517242,0.21000000000000002,4150.0
7300.789418522255,3451.052589942479,-14347.335288576047,0.0037099219713880743,16.551724137931036,0.21000000000000002,4150.0
7447.00512058082,3435.313611466796,-14559.49596832104,0.0036679575004385863,17.24137931034483,0.21000000000000002,4150.0
7588.681971217878,3416.7252698921848,-14760.888305771005,0.00362743987231564,17.931034482758623,0.21000000000000002,4150.0
7726.089075538851,3395.6090004139464,-14952.23687108315,0.0035882840992593618,18.620689655172416,0.21000000000000002,4150.0
7859.474520135,3372.255609978336,-15134.199295945487,0.0035504121354863823,19.310344827586206,0.21000000000000002,4150.0
7989.065383766316,3346.9244689195853,-15307.374828566324,0.003513752496457987,20.0,0.21000000000000002,4150.0
0.0,0.0,-1.9837966363484156,0.00565349027497626,0.0,0.23,4250.0
772.3144022867617,672.9993889148697,-1603.3869256076287,0.005477958103805448,0.6896551724137931,0.23,4250.0
1394.3067230875008,1178.272520826673,-2950.3633215665614,0.005322222176312465,1.3793103448275863,0.23,4250.0
1923.1907496032827,1577.6431375209934,-4108.725482229202,0.0051822237422102365,2.0689655172413794,0.23,4250.0
2386.959584969998,1902.1163630004976,-5121.441425320372,0.005055081317358902,2.7586206896551726,0.23,4250.0
2801.8522511753135,2170.0861665846246,-6018.393413256963,0.004913359185139805,3.4482758620689657,0.23,4200.0
3178.3129041316056,2393.6248154796144,-6820.8047758670145,0.00480723510080958,4.137931034482759,0.23,4200.0
3523.5441253924537,2581.213540266321,-7544.530966246639,0.004708806582307018,4.827586206896552,0.23,4200.0
3842.772605985727,2739.1072553145477,-8201.795618449229,0.004617077875963654,5.517241379310345,0.23,4200.0
4139.932179807773,2872.0821358740427,-8802.183664104145,0.004531238161577936,6.206896551724139,0.23,4200.0
4418.080622517596,2983.8942521774793,-9353.355567699015,0.004450617548568768,6.8965517241379315,0.23,4200.0
4679.642438343531,3077.557018843565,-9861.533788583845,0.004374655609727494,7.586206896551724,0.23,4200.0
4926.584451452284,3155.5358634069303,-10331.843772017579,0.004302878344805829,8.275862068965518,0.23,4200.0
5160.526577978647,3219.8755110850966,-10768.558965176191,0.004234880968029364,8.965517241379311,0.23,4200.0
5382.82143661566,3272.2919802390065,-11175.280499881206,0.00417031488324426,9.655172413793103,0.23,4200.0
5594.611957405834,3314.241529920923,-11555.0716681513,0.004108877596064653,10.344827586206897,0.23,4200.0
5796.873922830975,3346.9715164835006,-11910.620886885372,0.004032983274211946,11.03448275862069,0.23,4150.0
5990.448090203498,3371.556855954764,-12244.210147698483,0.0039775092954491605,11.724137931034484,0.23,4150.0
6176.066874155972,3388.9313332395145,-12557.735596948594,0.003924433260834278,12.413793103448278,0.23,4150.0
6354.367801369904,3399.9083868193525,-12852.928397716307,0.0038735755454282787,13.10344827586207,0.23,4150.0
6525.912686302265,3405.203196393173,-13131.312974188048,0.003824775835560588,13.793103448275863,0.23,4150.0
6691.199396093826,3405.4455279504764,-13394.23806248454,0.0037778902785849055,14.482758620689657,0.23,4150.0
6850.675684520754,3401.1938820513064,-13642.903301157872,0.0037327894994264744,15.172413793103448,0.23,4150.0
7004.7338373795865,3392.941474976681,-13878.379500309667,0.003689356538593368,15.862068965517242,0.23,4150.0
7153.731431813745,3381.130026435013,-14101.627229455546,0.0036474854114236207,16.551724137931036,0.23,4150.0
7297.992767966958,3366.153409677326,-14313.510366911345,0.00360707974395247,17.24137931034483,0.23,4150.0
7437.804846230197,3348.3615915587484,-14514.809600996065,0.0035680516323913034,17.931034482758623,0.23,4150.0
7573.437180694478,3328.0749341941787,-14706.231564908318,0.003530320684961982,18.620689655172416,0.23,4150.0
7705.126834344327,3305.572744431771,-14888.41891997616,0.003493813244696423,19.310344827586206,0.23,4150.0
7833.097593097818,3281.114034878962,-15061.956822841297,0.0034584614887008362,20.0,0.23,4150.0
0.0,0.0,-1.9837966363484156,0.005495542658469855,0.0,0.25,4250.0
751.4243604511921,654.7859547553506,-1560.1366569380698,0.005329783523909531,0.6896551724137931,0.25,4250.0
1357.4218252919468,1147.071734861795,-2872.965510924005,0.005182493018010615,1.3793103448275863,0.25,4250.0
1873.3189368500762,1536.675056223789,-4003.730379735287,0.005049904088143575,2.0689655172413794,0.25,4250.0
2326.1713444195643,1853.5913717248927,-4993.755764743997,0.004929339980684382,2.7586206896551726,0.25,4250.0
2731.670567147142,2115.6179616179124,-5871.759436580403,0.004793982727652719,3.4482758620689657,0.25,4200.0
3099.90986200357,2334.4406179460707,-6658.262968985182,0.004693134910254765,4.137931034482759,0.25,4200.0
3437.85348991083,2518.277437801873,-7368.500171330663,0.00459950851913399,4.827586206896552,0.25,4200.0
3750.553743476711,2673.1888569320386,-8014.258061599059,0.004512175377929509,5.517241379310345,0.25,4200.0
4041.8181732162793,2803.808930654944,-8604.78558007218,0.0044303791027421905,6.206896551724139,0.25,4200.0
4314.601327799309,2913.779358161415,-9147.47980299595,0.0043534942690585145,6.8965517241379315,0.25,4200.0
4571.253420144943,3006.030277178956,-9648.353415706079,0.004280997224930521,7.586206896551724,0.25,4200.0
4813.679486244288,3082.9573349614734,-10112.362443881408,0.004212444732056972,8.275862068965518,0.25,4200.0
5043.449054832023,3146.5485006788394,-10543.641763858417,0.004147458014426612,8.965517241379311,0.25,4200.0
5261.873242598736,3198.473440300071,-10945.67801802275,0.004085710631930804,9.655172413793103,0.25,4200.0
5470.060418703153,3240.1516544663505,-11321.439046964799,0.004026919170019685,10.344827586206897,0.25,4200.0
5668.95734942945,3272.7975949418887,-11673.472464644583,0.003970835838858131,11.03448275862069,0.25,4200.0
5859.379945952986,3297.4582955370734,-12004.092402472503,0.003900533637135564,11.724137931034484,0.25,4150.0
6042.03714016258,3315.043339639765,-12315.118646230934,0.003849662596706938,12.413793103448278,0.25,4150.0
6217.549421348637,3326.348886331336,-12608.211372744612,0.0038008924965862996,13.10344827586207,0.25,4150.0
6386.466784226363,3332.07549724305,-12884.851533713903,0.003754072549809558,13.793103448275863,0.25,4150.0
6549.270102437145,3332.834122903006,-13146.35084622843,0.003709067559821782,14.482758620689657,0.25,4150.0
6706.390140356731,3329.170726834016,-13393.875788976817,0.0036657557463751576,15.172413793103448,0.25,4150.0
6858.217295270864,3321.572865672876,-13628.469049032734,0.0036240269644687234,15.862068965517242,0.25,4150.0
7005.0944178142545,3310.4672272754415,-13851.065417857157,0.0035837814565758607,16.551724137931036,0.25,4150.0
7147.335673231189,3296.2404850488306,-14062.507128523597,0.003544928282101022,17.24137931034483,0.25,4150.0
7285.226586611394,3279.239881091869,-14263.55443692844,0.0035073846561904064,17.931034482758623,0.25,4150.0
7419.0211348522325,3259.7707809982576,-14454.897112434817,0.0034710746677808673,18.620689655172416,0.25,4150.0
7548.960041002217,3238.116421237502,-14637.161486773868,0.003435928787617629,19.310344827586206,0.25,4150.0
7675.251842126365,3214.5240414663845,-14810.919138094694,0.003401883079715764,20.0,0.25,4150.0
0.0,0.0,-1.9837966363484156,0.005338254586757197,0.0,0.27,4250.0
730.5819274525896,636.6145432617805,-1516.9795453716724,0.005181944121461334,0.6896551724137931,0.27,4250.0
1320.575228911199,1115.904971829851,-2795.607288249834,0.005042838364398251,1.3793103448275863,0.27,4250.0
1823.4432853559883,1495.7065404623074,-3898.6317213095463,0.004917445826571641,2.0689655172413794,0.27,4250.0
2265.319078645078,1805.0191297538604,-4865.768027611026,0.004803283422078133,2.7586206896551726,0.27,4250.0
2661.3533134796835,2061.0489928705456,-5724.590536170035,0.0046741524134478905,3.4482758620689657,0.27,4200.0
3021.294112295506,2275.1018729553416,-6494.933339419789,0.004578456544006075,4.137931034482759,0.27,4200.0
3351.8684644506498,2455.1320387584697,-7191.417570874553,0.004489526471835514,4.827586206896552,0.27,4200.0
3657.95594842439,2607.0072204526023,-7825.399789711606,0.004406498313451489,5.517241379310345,0.27,4200.0
3943.2376015702107,2735.218280030024,-8405.79717309204,0.004328667556806648,6.206896551724139,0.27,4200.0
4210.572330457447,2843.300675778288,-8939.746285348483,0.004255451214321545,6.8965517241379315,0.27,4200.0
4462.231412612975,2934.095241316464,-9433.051952723472,0.00418636079308337,7.586206896551724,0.27,4200.0
4700.058373008678,3009.9283953517984,-9890.502044175359,0.0041209825064779165,8.275862068965518,0.27,4200.0
4925.5727047768405,3072.7305005102376,-10316.093742131532,0.004058962498002956,8.965517241379311,0.27,4200.0
5140.044332114502,3124.1277704089566,-10713.199860793895,0.003999995624534405,9.655172413793103,0.27,4200.0
5344.547234257908,3165.500104601482,-11084.693147863618,0.003943816712269996,10.344827586206897,0.27,4200.0
5539.999045511185,3198.029264127155,-11433.040863559996,0.003890193780552585,11.03448275862069,0.27,4200.0
5727.192203173159,3222.735846392697,-11760.40518233276,0.0038223694163684358,11.724137931034484,0.27,4150.0
5906.815220680507,3240.50888043636,-12068.71624959357,0.0037736813361037057,12.413793103448278,0.27,4150.0
6079.468780152901,3252.1224260525078,-12359.49973924418,0.003726979641410053,13.10344827586207,0.27,4150.0
6245.6834414862,3258.2557082060553,-12634.19373106047,0.003682122908428089,13.793103448275863,0.27,4150.0
6405.932042963588,3259.51270283292,-12894.07184664836,0.0036389842248214987,14.482758620689657,0.27,4150.0
6560.632362823437,3256.424972586806,-13140.268170788768,0.0035974490854109257,15.172413793103448,0.27,4150.0
6710.157648305809,3249.4627485208994,-13373.796023418363,0.0035574141522566284,15.862068965517242,0.27,4150.0
6854.8499129894,3239.051439116989,-13595.565327849908,0.003518785384929047,16.551724137931036,0.27,4150.0
6995.009272979012,3225.5656429381816,-13806.395186724767,0.0034814774788983565,17.24137931034483,0.27,4150.0
7130.9137906366805,3209.3431276564083,-14007.026633234134,0.0034454122452572036,17.931034482758623,0.27,4150.0
7262.814346119519,3190.6875828271977,-14198.130838946869,0.0034105184152013373,18.620689655172416,0.27,4150.0
7390.938555704895,3169.8719964148645,-14380.319052517247,0.003376730332193445,19.310344827586206,0.27,4150.0
7515.498118012278,3147.141607877299,-14554.147969738675,0.003343987744173618,20.0,0.27,4150.0
0.0,0.0,-1.9837966363484156,0.005181619776511572,0.0,0.29000000000000004,4250.0
709.7867419568861,618.4848372434566,-1473.9150702365514,0.00503443799709177,0.6896551724137931,0.29000000000000004,4250.0
1283.76604159268,1084.7712499476474,-2718.288846407442,0.004903258646168815,1.3793103448275863,0.29000000000000004,4250.0
1773.5641212806156,1454.7379626307504,-3793.43049011768,0.004784850360876506,2.0689655172413794,0.29000000000000004,4250.0
2204.4024434761736,1756.399405123932,-4737.479556573315,0.004676913105138983,2.7586206896551726,0.29000000000000004,4250.0
2590.901305162255,2006.3805355642896,-5576.887737401681,0.004553869247958351,3.4482758620689657,0.29000000000000004,4200.0
2942.465775928542,2215.608964053966,-6330.81586797395,0.0044632000832719705,4.137931034482759,0.29000000000000004,4200.0
3265.585456011512,2391.7745271676067,-7013.281406866292,0.004378859293365546,4.827586206896552,0.29000000000000004,4200.0
3564.977085304658,2540.5606884480803,-7635.216663632033,0.0043000441210215325,5.517241379310345,0.29000000000000004,4200.0
3844.1909451065067,2666.3120587107587,-8205.211310787578,0.0042260994366647466,6.206896551724139,0.29000000000000004,4200.0
4105.9887009404465,2772.455084112886,-8730.144324342444,0.004156482716765466,6.8965517241379315,0.29000000000000004,4200.0
4352.567404191204,2861.7456175468783,-9215.614677873105,0.004090739037116337,7.586206896551724,0.29000000000000004,4200.0
4585.709431545712,2936.439692688704,-9666.243478501812,0.004028482788036285,8.275862068965518,0.29000000000000004,4200.0
4806.884562361705,2998.413723341074,-10085.891255033064,0.003969383959533079,8.965517241379311,0.29000000000000004,4200.0
5017.321599694931,3049.246684206141,-10477.817435120625,0.003913157752627359,9.655172413793103,0.29000000000000004,4200.0
5218.060158218449,3090.279817050762,-10844.799867749978,0.003859556524968831,10.344827586206897,0.29000000000000004,4200.0
5409.989019084157,3122.6612225925,-11189.226014874585,0.0038083634978148756,11.03448275862069,0.29000000000000004,4200.0
5593.874818199356,3147.3863170636773,-11513.163017973988,0.0037593878216149916,11.724137931034484,0.29000000000000004,4200.0
5770.384072523653,3165.318846134198,-11818.477460283924,0.0036964717377994155,12.413793103448278,0.29000000000000004,4150.0
5940.103158742515,3177.2147596711034,-12106.737131910872,0.0036518179241745246,13.10344827586207,0.29000000000000004,4150.0
6103.545520446398,3183.7374799096583,-12379.276822401895,0.0036089065559731996,13.793103448275863,0.29000000000000004,4150.0
6261.166340681859,3185.4729319946523,-12637.332804806589,0.0035676185413588152,14.482758620689657,0.29000000000000004,4150.0
6413.3746299206,3182.941104330204,-12882.005684522926,0.0035278467416355636,15.172413793103448,0.29000000000000004,4150.0
6560.534224512607,3176.6032611006644,-13114.28012954956,0.0034894939403636457,15.862068965517242,0.29000000000000004,4150.0
6702.970221911754,3166.870642258381,-13335.040001109111,0.003452472157112405,16.551724137931036,0.29000000000000004,4150.0
6840.984120741066,3154.1143218350885,-13545.08225277195,0.0034167009597728657,17.24137931034483,0.29000000000000004,4150.0
6974.838182090832,3138.6603926257635,-13745.127030589567,0.003382107220132326,17.931034482758623,0.29000000000000004,4150.0
7104.7807378622965,3120.8098665916305,-13935.82839743697,0.003348623605300335,18.620689655172416,0.29000000000000004,4150.0
7231.031320360263,3100.8254335490165,-14117.780571932439,0.0033161886375116397,19.310344827586206,0.29000000000000004,4150.0
7353.796047055696,3078.95119750176,-14291.526641207005,0.003284745475263317,20.0,0.29000000000000004,4150.0
0.0,0.0,-1.9837966363484156,0.005025632041133274,0.0,0.31,4250.0
689.038447847977,600.3965240853983,-1430.9427167460817,0.004887263272832025,0.6896551724137931,0.31,4250.0
1246.9939638891615,1053.6704288464696,-2641.010376567974,0.004763754293339923,1.3793103448275863,0.31,4250.0
1723.6821942526853,1413.7700874875125,-3688.127672602008,0.0046521190878446314,2.0689655172413794,0.31,4250.0
2143.4237812861866,1707.7345109380592,-4608.891687546959,0.00455023050859371,2.7586206896551726,0.31,4250.0
2520.314453523075,1951.6127605993725,-5428.652154051204,0.004433134205821762,3.4482758620689657,0.31,4200.0
2863.421517375479,2155.95909554047,-6165.910556215582,0.004347365671772476,4.137931034482759,0.31,4200.0
3179.006823418628,2328.2075050287117,-6834.089936816657,0.004267505896828163,4.827586206896552,0.31,4200.0
3471.6130111607304,2473.8460316491164,-7443.704536893725,0.004192810295847685,5.517241379310345,0.31,4200.0
3744.6719770493846,2597.085590017133,-8003.02082658303,0.0041226707127261205,6.206896551724139,0.31,4200.0
4000.847137968141,2701.2408439146666,-8518.663210258972,0.004056583158567894,6.8965517241379315,0.31,4200.0
4242.259360665927,2788.980712859462,-8996.026933300476,0.003994124726491232,7.586206896551724,0.31,4200.0
4470.630376288054,2862.4922240567666,-9439.567781756035,0.0039349366794533035,8.275862068965518,0.31,4200.0
4687.380516028298,2923.5969187930036,-9853.010440784885,0.003878711805422692,8.965517241379311,0.31,4200.0
4893.697739577525,2973.8267215279743,-10239.501631944739,0.00382518478919394,9.655172413793103,0.31,4200.0
5090.587637423106,3014.4828491860267,-10601.724999317383,0.0037741248009037576,10.344827586206897,0.31,4200.0
5278.910532717771,3046.6845377838476,-10941.988127662902,0.003725329693399458,11.03448275862069,0.31,4200.0
5459.410231953001,3071.399695864203,-11262.290184283382,0.003678621253297467,11.724137931034484,0.31,4200.0
5632.730615439484,3089.4663568518904,-11564.37517570515,0.003633841590322978,12.413793103448278,0.31,4200.0
5799.437053694043,3101.6196749884966,-11849.86586761062,0.003575388046245919,13.10344827586207,0.31,4150.0
5960.0297652516465,3108.508635742219,-12120.037459947802,0.003534402682778385,13.793103448275863,0.31,4150.0
6114.952174766506,3110.704197914514,-12376.063827308943,0.0034949486054881877,14.482758620689657,0.31,4150.0
6264.596029674331,3108.7100934168834,-12619.012582969488,0.0034569252934360567,15.172413793103448,0.31,4150.0
6409.317375531327,3102.9804040052404,-12849.838990808596,0.00342024196484449,15.862068965517242,0.31,4150.0
6549.433288312777,3093.91517961912,-13069.401312778107,0.0033848159279108608,16.551724137931036,0.31,4150.0
6685.229584648206,3081.8729888833996,-13278.47324233294,0.003350572087563739,17.24137931034483,0.31,4150.0
6816.970366222906,3067.180426383263,-13477.755165126619,0.0033174415207753655,17.931034482758623,0.31,4150.0
6944.8874807488055,3050.1218854350304,-13667.88209625135,0.0032853614258398283,18.620689655172416,0.31,4150.0
7069.203532058142,3030.9641896518497,-13849.433011077504,0.0032542737335427684,19.310344827586206,0.31,4150.0
7190.109632667094,3009.938454991054,-14022.935387610356,0.0032241253164007975,20.0,0.31,4150.0
0.0,0.0,-1.9837966363484156,0.004870285288666224,0.0,0.33,4250.0
668.3366941166818,582.3492956511649,-1388.061975888886,0.004740418091784827,0.6896551724137931,0.33,4250.0
1210.258701703787,1022.6023087189993,-2563.7720695334574,0.004624325729685465,1.3793103448275863,0.33,4250.0
1673.7957651630247,1372.8012940277777,-3582.724272446474,0.004519253388970116,2.0689655172413794,0.33,4250.0
2082.380321900341,1659.0219029600275,-4480.005761087959,0.00442323711955476,2.7586206896551726,0.33,4250.0
2449.590464790616,1896.743686621154,-5279.907762468116,0.004334818919804543,3.4482758620689657,0.33,4250.0
2784.162731761421,2096.153868099192,-6000.2175540781245,0.004230953385912477,4.137931034482759,0.33,4200.0
3092.127029221217,2264.4263591792965,-6653.841546871168,0.004155465218889147,4.827586206896552,0.33,4200.0
3377.864526351784,2406.8651495392296,-7250.859379938163,0.00408479439347328,5.517241379310345,0.33,4200.0
3644.6792935605013,2527.53858041412,-7799.218710407891,0.004018377404542791,6.206896551724139,0.33,4200.0
3895.141668571225,2629.6539302029923,-8305.292412144197,0.003955746932652589,6.8965517241379315,0.33,4200.0
4131.2980829237395,2715.7937057499985,-8774.27410139318,0.0038965105646995455,7.586206896551724,0.33,4200.0
4354.810023874975,2788.078406448674,-9210.455701051898,0.0038403351996874995,8.275862068965518,0.33,4200.0
4567.048679805414,2848.2723453009094,-9617.427176352277,0.003786935374854429,8.965517241379311,0.33,4200.0
4769.161471131253,2897.8601375515045,-9998.22340161151,0.0037360644440857034,9.655172413793103,0.33,4200.0
4962.119890614597,2938.105871603359,-10355.433888854379,0.0036875076756936755,10.344827586206897,0.33,4200.0
5146.755064169718,2970.0959216472143,-10691.286748685416,0.003641076809153689,11.03448275862069,0.33,4200.0
5323.78463134893,2994.7682695539715,-11007.713719381885,0.003596605864620253,11.724137931034484,0.33,4200.0
5493.834349494966,3012.9400317281884,-11306.400234509281,0.003553947763524894,12.413793103448278,0.33,4200.0
5657.452286166719,3025.3286309523533,-11588.82779258374,0.0034976702721992497,13.10344827586207,0.33,4150.0
5815.119347123754,3032.561260773666,-11856.410929155842,0.0034585903727843348,13.793103448275863,0.33,4150.0
5967.264987433063,3035.1936171349457,-12110.194068312747,0.0034209518981759184,14.482758620689657,0.33,4150.0
6114.273296407339,3033.722288578775,-12351.211479119404,0.003384661147047037,15.172413793103448,0.33,4150.0
6256.483250077513,3028.5827864615876,-12580.388967013212,0.00334963310630089,15.862068965517242,0.33,4150.0
6394.206754781947,3020.1693012090086,-12798.558820662118,0.0033157906475069793,16.551724137931036,0.33,4150.0
6527.719850997427,3008.832390207797,-13006.471815941535,0.003283063291688309,17.24137931034483,0.33,4150.0
6657.2760467475255,2994.8859685666644,-13204.807335506863,0.0032513868298418356,17.931034482758623,0.33,4150.0
6783.105902277965,2978.614417145724,-13394.182835519903,0.0032207020896863866,18.620689655172416,0.33,4150.0
6905.417917525422,2960.2726673881452,-13575.15974136944,0.0031909550640799238,19.310344827586206,0.33,4150.0
7024.406229211663,2940.089894055901,-13748.25185388366,0.003162095627092136,20.0,0.33,4150.0
0.0,0.0,-1.9837966363484156,0.0047155735197725755,0.0,0.35000000000000003,4250.0
647.6811347537844,564.3428481889458,-1345.2723443234863,0.004593900617746913,0.6896551724137931,0.35000000000000003,4250.0
1173.560178337867,991.5668598828206,-2486.5741151433613,0.004484973376028389,1.3793103448275863,0.35000000000000003,4250.0
1623.904616264152,1331.831422097815,-3477.2212714821508,0.0043862546594417825,2.0689655172413794,0.35000000000000003,4250.0
2021.2716795943763,1610.2613043475635,-4350.82311181369,0.00429593445376167,2.7586206896551726,0.35000000000000003,4250.0
2378.730249081685,1841.7743540263773,-5130.658390237622,0.004212668107570714,3.4482758620689657,0.35000000000000003,4250.0
2704.6873958319275,2036.19167165798,-5833.736954239837,0.004113963367023032,4.137931034482759,0.35000000000000003,4200.0
3004.9466167895,2200.431484038842,-6472.534664234809,0.004042736179216669,4.827586206896552,0.35000000000000003,4200.0
3283.725508376322,2339.613171664388,-7056.677238525022,0.003975993933140946,5.517241379310345,0.35000000000000003,4200.0
3544.208599024812,2457.668087310803,-7593.797949070642,0.003913215500771485,6.206896551724139,0.35000000000000003,4200.0
3788.8698609602952,2557.6928566730003,-8090.021257809662,0.0038539684073769296,6.8965517241379315,0.35000000000000003,4200.0
4019.681413512433,2642.185059464038,-8550.341356682584,0.0037978892503009736,7.586206896551724,0.35000000000000003,4200.0
4238.245092498337,2713.1973424499247,-8978.887979524377,0.0037446693322762004,8.275862068965518,0.35000000000000003,4200.0
4445.883325331879,2772.4371724827097,-9379.11743831091,0.003694044001781158,8.965517241379311,0.35000000000000003,4200.0
4643.703097872784,2821.3421123480625,-9753.953225939345,0.003645784386074501,9.655172413793103,0.35000000000000003,4200.0
4832.642068980159,2861.139793407506,-10105.891476752586,0.003599691056939287,10.344827586206897,0.35000000000000003,4200.0
5013.505451909935,2892.885000415189,-10437.081369043939,0.003555589152836874,11.03448275862069,0.35000000000000003,4200.0
5186.9842650484425,2917.484753827461,-10749.386653743444,0.0035133244538779517,11.724137931034484,0.35000000000000003,4200.0
5353.6819531451965,2935.734781699441,-11044.435159064386,0.0034727599792052015,12.413793103448278,0.35000000000000003,4200.0
5514.128041958342,2948.3303402534407,-11323.656678547755,0.003433773811733878,13.10344827586207,0.35000000000000003,4200.0
5668.792269553424,2955.8833034412073,-11588.331612881018,0.0033814481643292954,13.793103448275863,0.35000000000000003,4150.0
5818.085822222419,2958.9342861133973,-11839.651444964467,0.003345605726086773,14.482758620689657,0.35000000000000003,4150.0
5962.379787242433,2957.9638371605843,-12078.523605852926,0.0033110300763820543,15.172413793103448,0.35000000000000003,4150.0
6102.007245885479,2953.399336563899,-12305.844697782391,0.0032776419998301128,15.862068965517242,0.35000000000000003,4150.0
6237.262976956399,2945.6218899497208,-12522.42060252143,0.003245369450965888,16.551724137931036,0.35000000000000003,4150.0
6368.422543717079,2934.9762910231398,-12728.978917758446,0.003214146779090524,17.24137931034483,0.35000000000000003,4150.0
6495.725003892168,2921.765673041382,-12926.178586572743,0.0031839137873976332,17.931034482758623,0.35000000000000003,4150.0
6619.3976471161695,2906.270860198817,-13114.61780222378,0.0031546155156093026,18.620689655172416,0.35000000000000003,4150.0
6739.6405463866395,2888.7354729816025,-13294.84245326613,0.0031262010822436788,19.310344827586206,0.35000000000000003,4150.0
6856.643487041288,2869.389744575285,-13467.350145372307,0.003098623974571614,20.0,0.35000000000000003,4150.0
0.0,0.0,-1.9837966363484156,0.00456149082562532,0.0,0.37,4250.0
627.0714286477248,546.3768822420923,-1302.5733242789938,0.004447709034829368,0.6896551724137931,0.37,4250.0
1136.8991659669712,960.5648698987349,-2409.4167033144986,0.004345697649569803,1.3793103448275863,0.37,4250.0
1574.008903354524,1290.8606795648936,-3371.619646906285,0.004253124294096539,2.0689655172413794,0.37,4250.0
1960.0990470386557,1561.453698870269,-4221.3451271159065,0.004168323995923753,2.7586206896551726,0.37,4250.0
2307.733505477002,1786.7046327040593,-4980.879683701583,0.004090058982926872,3.4482758620689657,0.37,4250.0
2624.993264388024,1976.0707325212863,-5666.468866672498,0.003996395791908962,4.137931034482759,0.37,4200.0
2917.463728290516,2136.221993881985,-6290.16768359267,0.003929317759900168,4.827586206896552,0.37,4200.0
3189.1971982134287,2272.091948559489,-6861.15409732503,0.0038664064931833663,5.517241379310345,0.37,4200.0
3443.2566762508905,2387.4722196815846,-7386.751476238482,0.003807181033768747,6.206896551724139,0.37,4200.0
3682.02488865606,2485.352826295473,-7872.839103618411,0.0037512419643377683,6.8965517241379315,0.37,4200.0
3907.4002850001307,2568.1484732162817,-8324.214076547287,0.0036982534665142086,7.586206896551724,0.37,4200.0
4120.92538614427,2637.842255993659,-8744.845381785199,0.0036479301098010005,8.275862068965518,0.37,4200.0
4323.874151562186,2696.0841709509205,-9138.056777677266,0.0036000269738447723,8.965517241379311,0.37,4200.0
4517.3134708559855,2744.2683362014404,-9506.661436951326,0.003554332097664727,9.655172413793103,0.37,4200.0
4702.147496831589,2783.582412673295,-9853.062695032255,0.003510660779121334,10.344827586206897,0.37,4200.0
4879.150195618454,2815.044581355961,-10179.3305553338,0.0034688509632091907,11.03448275862069,0.37,4200.0
5048.991149658781,2839.54002531921,-10487.261893144721,0.0034287594329921946,11.724137931034484,0.37,4200.0
5212.254724167014,2857.840631272651,-10778.426288489783,0.0033902592640705437,12.413793103448278,0.37,4200.0
5369.449425283659,2870.616867674086,-11054.203412197268,0.003353237088297817,13.10344827586207,0.37,4200.0
5521.026568730797,2878.4650983352126,-11315.812951877902,0.003317591356314006,13.793103448275863,0.37,4200.0
5667.390108537432,2881.913743020763,-11564.36243224157,0.0032688869095790695,14.482758620689657,0.37,4150.0
5808.893625468857,2881.4243753026944,-11800.869015747005,0.0032360075382762248,15.172413793103448,0.37,4150.0
5945.859898164636,2877.4170865195315,-12026.11909130185,0.0032042426565245235,15.862068965517242,0.37,4150.0
6078.577555110655,2870.2621350292425,-12240.892769585611,0.003173525156892361,16.551724137931036,0.37,4150.0
6207.306285120472,2860.2913731747963,-12445.893981383386,0.003143793852864574,17.24137931034483,0.37,4150.0
6332.285771140179,2847.8074480389205,-12641.760657044797,0.003114992805181499,17.931034482758623,0.37,4150.0
6453.728465787511,2833.074527381034,-12829.07294016696,0.0030870704905631725,18.620689655172416,0.37,4150.0
6571.835237852248,2816.3407027664416,-13008.358797109424,0.0030599798311167475,19.310344827586206,0.37,4150.0
6686.783044293162,2797.821377228687,-13180.101983143795,0.0030336770428112,20.0,0.37,4150.0
0.0,0.0,-1.9837966363484156,0.004408031380925326,0.0,0.39,4250.0
606.5072394840433,528.4511025608645,-1259.9644234573425,0.004301841547101112,0.6896551724137931,0.39,4250.0
1100.2741279495858,929.5948799649713,-2332.3000310973293,0.004206498958243595,1.3793103448275863,0.39,4250.0
1524.1097475316906,1249.8901899304851,-3265.9203741805686,0.004119863685329212,2.0689655172413794,0.39,4250.0
1898.861890630856,1512.598725505193,-4091.5731882275068,0.004040407240787939,2.7586206896551726,0.39,4250.0
2236.598088370202,1731.5326751137784,-4830.572781416202,0.003966992572002915,3.4482758620689657,0.39,4250.0
2545.082979487925,1915.7938016102182,-5498.413455563023,0.0038782508652915617,4.137931034482759,0.39,4200.0
2829.6753284612746,2071.795791387003,-6106.739070863456,0.003815208972253641,4.827586206896552,0.39,4200.0
3094.2742414632207,2204.2972645958425,-6664.286050738316,0.00375602967604787,5.517241379310345,0.39,4200.0
3341.8207787487345,2316.949194885708,-7178.072423498328,0.003700270048847468,6.206896551724139,0.39,4200.0
3574.6049184811336,2412.6340440233967,-7653.735475346875,0.003647562039276892,6.8965517241379315,0.39,4200.0
3794.4521531481755,2493.6833398626673,-8095.877467600716,0.003597595982916591,7.586206896551724,0.39,4200.0
4002.8462622351713,2562.0104505275076,-8508.308371537314,0.003550108508613758,8.275862068965518,0.39,4200.0
4201.013261395977,2619.2101718346316,-8894.220824478216,0.0035048734386664004,8.965517241379311,0.39,4200.0
4389.980104020797,2666.631131429703,-9256.318341148246,0.0034616950556552546,9.655172413793103,0.39,4200.0
4570.6193886870215,2705.422120879193,-9596.91168773079,0.00342040263324627,10.344827586206897,0.39,4200.0
4743.675901132413,2736.5692728245863,-9917.992943541482,0.0033808461352004236,11.03448275862069,0.39,4200.0
4909.793730971578,2760.929205767896,-10221.291519376762,0.003342893227183058,11.724137931034484,0.39,4200.0
5069.534143961821,2779.246067701342,-10508.319249216038,0.0033064262483135,12.413793103448278,0.39,4200.0
5223.394163827986,2792.178047125596,-10780.406059533729,0.00327134017672966,13.10344827586207,0.39,4200.0
5371.804979697264,2800.299425607116,-11038.72736919723,0.003237540974345234,13.793103448275863,0.39,4200.0
5515.153885986664,2804.1185618766613,-11284.328664724919,0.003204943769425682,14.482758620689657,0.39,4200.0
5653.788845086806,2804.0932679880852,-11518.165862060763,0.003159568570970962,15.172413793103448,0.39,4150.0
5788.01563810401,2800.623944919266,-11741.123791199774,0.003129408643963638,15.862068965517242,0.39,4150.0
5918.116992104396,2794.073983458709,-11953.87952153571,0.003100229918904783,16.551724137931036,0.39,4150.0
6044.342232860769,2784.766818111742,-12157.113945472578,0.0030719754847820225,17.24137931034483,0.39,4150.0
6166.922667927577,2772.9929335221464,-12351.44395702878,0.0030445932563027073,17.931034482758623,0.39,4150.0
6286.065296530515,2759.0151111178684,-12537.43024529102,0.0030180355515971704,18.620689655172416,0.39,4150.0
6401.962518873736,2743.070413399063,-12715.584958759107,0.002992258205328174,19.310344827586206,0.39,4150.0
6514.787187126248,2725.3708238137942,-12886.375212290106,0.002967220837772723,20.0,0.39,4150.0
0.0,0.0,-1.9837966363484156,0.004255189450538108,0.0,0.41000000000000003,4250.0
585.9882271537117,510.565212110905,-1217.4451549365403,0.004156296378240641,0.6896551724137931,0.41000000000000003,4250.0
1063.6847914609127,898.6566621228532,-2255.224287844496,0.004067377714165806,1.3793103448275863,0.41000000000000003,4250.0
1474.2052510649655,1208.918172957041,-3160.124427083276,0.003986474223154376,2.0689655172413794,0.41000000000000003,4250.0
1837.5587882039492,1463.695299466958,-3961.5086599523565,0.003912185703145017,2.7586206896551726,0.41000000000000003,4250.0
2165.3251482289925,1676.2597554062656,-4679.738849060544,0.003843469899915378,3.4482758620689657,0.41000000000000003,4250.0
2464.9520914787918,1855.3569555686522,-5329.570973870315,0.0037595288319835244,4.137931034482759,0.41000000000000003,4200.0
2741.583028609232,2007.1548251635925,-5922.24741688653,0.00370040888079733,4.827586206896552,0.41000000000000003,4200.0
2998.956123000313,2136.2293994705406,-6466.069299883071,0.003644861157612662,5.517241379310345,0.41000000000000003,4200.0
3239.896371456261,2246.0954031384713,-6967.753866589956,0.003592478692475771,6.206896551724139,0.41000000000000003,4200.0
3466.6027033545024,2339.5314058085864,-7432.699711331552,0.003542923102419313,6.8965517241379315,0.41000000000000003,4200.0
3680.8283126117035,2418.7837182377043,-7865.3166760993845,0.003495909501852666,7.586206896551724,0.41000000000000003,4200.0
3883.9988263759374,2485.696296367527,-8269.257685848868,0.003451195405918896,8.275862068965518,0.41000000000000003,4200.0
4077.292465330148,2541.81074483241,-8647.585092394627,0.0034085726093074902,8.965517241379311,0.41000000000000003,4200.0
4261.69660944313,2588.428038846643,-9002.893627699945,0.003367860699350183,9.655172413793103,0.41000000000000003,4200.0
4438.048795172715,2626.6553368040177,-9337.402847738413,0.0033289021152510113,10.344827586206897,0.41000000000000003,4200.0
4607.0666375188,2657.4499300707776,-9653.02641865766,0.0032915586255153877,11.03448275862069,0.41000000000000003,4200.0
4769.373425616943,2681.6408675720595,-9951.427050447004,0.0032557079356683046,11.724137931034484,0.41000000000000003,4200.0
4925.507337730611,2699.947218805592,-10234.05934270536,0.003221241338603792,12.413793103448278,0.41000000000000003,4200.0
5075.942573232929,2713.0040077647914,-10502.202511146068,0.003188061926599842,13.10344827586207,0.41000000000000003,4200.0
5221.102871610963,2721.371390389529,-10756.989291047415,0.0031560825064288127,13.793103448275863,0.41000000000000003,4200.0
5361.356771441244,2725.541983178313,-10999.425840378317,0.0031252248453483332,14.482758620689657,0.41000000000000003,4200.0
5497.038669904509,2725.9571644385765,-11230.41209525762,0.003095417870446325,15.172413793103448,0.41000000000000003,4200.0
5628.448221609708,2723.007991893785,-11450.768217148303,0.0030531131197704888,15.862068965517242,0.41000000000000003,4150.0
5755.852082499499,2717.0458092690965,-11661.283461630766,0.003025455392491193,16.551724137931036,0.41000000000000003,4150.0
5879.497800761281,2708.3863014465,-11862.533961588342,0.0029986618524443743,17.24137931034483,0.41000000000000003,4150.0
5999.601709860658,2697.3100607555834,-12055.115564399326,0.0029726842246791873,17.931034482758623,0.41000000000000003,4150.0
6116.370888496314,2684.0759175725134,-12239.57055351141,0.002947478070917143,18.620689655172416,0.41000000000000003,4150.0
6229.983920904349,2668.9090076246644,-12416.39279289967,0.002923002738816326,19.310344827586206,0.41000000000000003,4150.0
6340.615091864426,2652.0230921341017,-12586.035330610895,0.0028992203663752965,20.0,0.41000000000000003,4150.0
0.0,0.0,-1.9837966363484156,0.004102959387375114,0.0,0.43,4250.0
565.5148738805818,492.71972032643106,-1175.0150370769552,0.004011071771195813,0.6896551724137931,0.43,4250.0
1027.130886545363,867.7499907158536,-2178.1896599167594,0.003928334328676095,1.3793103448275863,0.43,4250.0
1424.2952151145423,1167.9444844114744,-3054.23277866016,0.003852957294774093,2.0689655172413794,0.43,4250.0
1776.1900011095881,1414.7437708872776,-3831.152913259655,0.0037836609055046095,2.7586206896551726,0.43,4250.0
2093.9139921478,1620.8853707840406,-4528.379031642238,0.0037194920210541268,3.4482758620689657,0.43,4250.0
2384.6009510068307,1794.7603067311145,-5159.987505506557,0.0036597178653660105,4.137931034482759,0.43,4250.0
2653.1817191120285,1942.2948631965317,-5736.691255117592,0.003584916590595996,4.827586206896552,0.43,4200.0
2903.23972095769,2067.8861890450376,-6266.499969444638,0.003532898643738154,5.517241379310345,0.43,4200.0
3137.481775245269,2174.911089673948,-6755.788863091591,0.003483803098413467,6.206896551724139,0.43,4200.0
3358.016473380334,2266.0446434808023,-7209.721275132586,0.0034373195911027834,6.8965517241379315,0.43,4200.0
3566.5255485622183,2343.4477384255056,-7632.51717985046,0.0033931866803805486,7.586206896551724,0.43,4200.0
3764.376828050962,2408.897128169107,-8027.673774674571,0.0033511818167137612,8.275862068965518,0.43,4200.0
3952.7012584677427,2463.879383663148,-8398.12469988066,0.0033111136489572023,8.965517241379311,0.43,4200.0
4132.448442167531,2509.6483809109363,-8746.357372673592,0.003272816228638542,9.655172413793103,0.43,4200.0
4304.422676937717,2547.275404335264,-9074.499849888525,0.0032361448319465995,10.344827586206897,0.43,4200.0
4469.312642297933,2577.682579024239,-9384.388481802744,0.0032009721208180663,11.03448275862069,0.43,4200.0
4627.714833770979,2601.666991068361,-9677.619889244655,0.0031671854445770036,11.724137931034484,0.43,4200.0
4780.151936842775,2619.931747303393,-9955.590502805528,0.003134684837779395,12.413793103448278,0.43,4200.0
4927.078876714562,2633.086817826842,-10219.530688121427,0.0031033806979040217,13.10344827586207,0.43,4200.0
5068.898137685006,2641.671937599222,-10470.528462368115,0.0030731929328953306,13.793103448275863,0.43,4200.0
5205.972897018923,2646.1711866818464,-10709.552971676807,0.0030440490083873594,14.482758620689657,0.43,4200.0
5338.6188773814865,2647.004010434177,-10937.46912682736,0.003015883660874365,15.172413793103448,0.43,4200.0
5467.127252214092,2644.5561798141925,-11155.054454348334,0.0029886372851425907,15.862068965517242,0.43,4200.0
5591.755407421092,2639.164743589633,-11363.008310276782,0.0029622559119113685,16.551724137931036,0.43,4200.0
5712.73919483628,2631.1364136136426,-11562.046836604655,0.0029238226807640146,17.24137931034483,0.43,4150.0
5830.291604549257,2620.7461831636047,-11752.661209264268,0.002899233797512438,17.931034482758623,0.43,4150.0
5944.607052562541,2608.240209605064,-11935.370556941576,0.0028753651471322456,18.620689655172416,0.43,4150.0
6055.863237009738,2593.8443134456197,-12110.652752966089,0.0028521787751629524,19.310344827586206,0.43,4150.0
6164.223802977088,2577.758343212237,-12278.943898280202,0.0028296399639814516,20.0,0.43,4150.0
0.0,0.0,-1.9837966363484156,0.003951335627620249,0.0,0.45,4250.0
545.0860559162112,474.9135534430693,-1132.6735934282187,0.0038661659878513398,0.6896551724137931,0.45,4250.0
990.6121477956495,836.8746439719869,-2101.1963326818877,0.003789369210517674,1.3793103448275863,0.45,4250.0
1374.379712430629,1126.9692501329437,-2948.2464210332255,0.003719314277141045,2.0689655172413794,0.45,4250.0
1714.756815222944,1365.7454486995125,-3700.507325461731,0.0036548343781682173,2.7586206896551726,0.45,4250.0
2022.362691154138,1565.4078748733627,-4376.49449428443,0.0035950600103264656,3.4482758620689657,0.45,4250.0
2304.0295339252693,1734.0047231933288,-4989.627293910977,0.003539322369222765,4.137931034482759,0.45,4250.0
2564.472573818944,1877.2175157383108,-5550.069164940309,0.003468731229746612,4.827586206896552,0.45,4200.0
2807.122363074655,1999.2655507900151,-6065.5742783704045,0.003420139856743609,5.517241379310345,0.45,4200.0
3034.5714885927896,2103.392319518837,-6542.1707213868285,0.0033742393877362496,6.206896551724139,0.45,4200.0
3248.8390839637345,2192.168747448672,-6984.78985972637,0.003330745965784022,6.8965517241379315,0.45,4200.0
3451.535984276422,2267.6703402905896,-7397.464058177131,0.0032894203497267085,7.586206896551724,0.45,4200.0
3643.972865995474,2331.608727409993,-7783.536976248761,0.0032500586779043907,8.275862068965518,0.45,4200.0
3827.2339450991103,2385.413365250258,-8145.815224543308,0.003212485544121747,8.965517241379311,0.45,4200.0
4002.22829931872,2430.29055884328,-8486.67894836911,0.00317654899867847,9.655172413793103,0.45,4200.0
4169.727429525311,2467.2745203995237,-8808.16618338332,0.0031421161628702983,10.344827586206897,0.45,4200.0
4330.396109638239,2497.2549890324053,-9112.036671430695,0.003109070122004104,11.03448275862069,0.45,4200.0
4484.804385720926,2521.0024324128185,-9399.82015369671,0.003077307632033231,11.724137931034484,0.45,4200.0
4633.451490435998,2539.191161275968,-9672.856961402598,0.0030467365626273128,12.413793103448278,0.45,4200.0
4776.778940478025,2552.413848299315,-9932.326581842317,0.003017274876395571,13.10344827586207,0.45,4200.0
4915.1726247194465,2561.193722238543,-10179.27480197644,0.0029888485667753932,13.793103448275863,0.45,4200.0
5048.977197047476,2565.9918084208734,-10414.631242995267,0.0029613912458182684,14.482758620689657,0.45,4200.0
5178.503426280971,2567.2238625081204,-10639.2284234123,0.0029348424715298464,15.172413793103448,0.45,4200.0
5304.024121076134,2565.254459988288,-10853.81257368371,0.0029091476939778127,15.862068965517242,0.45,4200.0
5425.794116501546,2560.4165955542194,-11059.057616602477,0.0028842568745212783,16.551724137931036,0.45,4200.0
5544.033585311073,2553.0032960058793,-11255.572247091222,0.0028601245290049092,17.24137931034483,0.45,4200.0
5658.95397197879,2543.2831028022943,-11443.963160141575,0.0028242097180548524,17.931034482758623,0.45,4150.0
5770.736664147607,2531.4946044586054,-11624.705877411565,0.0028016627189937455,18.620689655172416,0.45,4150.0
5879.558288505173,2517.8560570951713,-11798.230853455381,0.0027797512631229475,19.310344827586206,0.45,4150.0
5985.571265627877,2502.5629298385584,-11964.959802586884,0.002758442976044119,20.0,0.45,4150.0
0.0,0.0,-1.9837966363484156,0.003800312689013801,0.0,0.47000000000000003,4250.0
524.7014556663148,457.14643267259396,-1090.4203530475497,0.003721577308194626,0.6896551724137931,0.47000000000000003,4250.0
954.1293211195328,806.0313977483179,-2024.2444905194498,0.003650482765852493,1.3793103448275863,0.47000000000000003,4250.0
1324.460098546261,1085.9938224700861,-2842.1663286437033,0.003585546557699566,2.0689655172413794,0.47000000000000003,4250.0
1653.2569603036366,1316.6982496748685,-3569.5733192022963,0.0035257076441230924,2.7586206896551726,0.47000000000000003,4250.0
1950.6727092232904,1509.828849599641,-4224.086449795868,0.0034701749543652243,3.4482758620689657,0.47000000000000003,4250.0
2223.2347317714302,1673.0876025858618,-4818.481116440096,0.0034183396890602098,4.137931034482759,0.47000000000000003,4250.0
2475.452476279983,1811.9203481400693,-5362.379901072389,0.0033518519331548814,4.827586206896552,0.47000000000000003,4200.0
2710.602976940954,1930.3670687649487,-5863.288700688252,0.0033065825228576822,5.517241379310345,0.47000000000000003,4200.0
2931.164724600775,2031.539393575485,-6326.892713340138,0.003263783799707567,6.206896551724139,0.47000000000000003,4200.0
3139.068493268492,2117.902978665955,-6757.894812862251,0.0032231968346148167,6.8965517241379315,0.47000000000000003,4200.0
3335.8551238623127,2191.44986802195,-7160.142534639686,0.0031846032439599077,7.586206896551724,0.47000000000000003,4200.0
3522.778833746474,2253.826136557456,-7536.828076014921,0.0031478168188383755,8.275862068965518,0.47000000000000003,4200.0
3700.8779227105006,2306.4039540225453,-7890.631557712179,0.0031126774707790367,8.965517241379311,0.47000000000000003,4200.0
3871.023844843112,2350.3473150496848,-8223.827741093708,0.003079046170060529,9.655172413793103,0.47000000000000003,4200.0
4033.9545853633545,2386.6485515398726,-8538.36547521536,0.003046801340193388,10.344827586206897,0.47000000000000003,4200.0
4190.303865966514,2416.162285479082,-8835.927351390194,0.003015836192692226,11.03448275862069,0.47000000000000003,4200.0
4340.622962088031,2439.6363410273016,-9117.97846973563,0.0029860559160986705,11.724137931034484,0.47000000000000003,4200.0
4485.389606503989,2457.7169622319398,-9385.801162100594,0.0029573764275541894,12.413793103448278,0.47000000000000003,4200.0
4625.02330238105,2470.976496794929,-9640.5265855303,0.0029297222192122916,13.10344827586207,0.47000000000000003,4200.0
4759.900280710439,2479.921599183781,-9883.155938687145,0.0029030257526229224,13.793103448275863,0.47000000000000003,4200.0
4890.347663147242,2484.996484764396,-10114.581987376136,0.0028772257893519655,14.482758620689657,0.47000000000000003,4200.0
5016.663538059759,2486.602263151662,-10335.602127980499,0.0028522671967452957,15.172413793103448,0.47000000000000003,4200.0
5139.113169334208,2485.092321146235,-10546.934036312348,0.0028280995393188363,15.862068965517242,0.47000000000000003,4200.0
5257.936223831263,2480.7880120822615,-10749.223680061412,0.0028046771493847387,16.551724137931036,0.47000000000000003,4200.0
5373.350474544536,2473.9729703683906,-10943.056669876962,0.0027819580200129867,17.24137931034483,0.47000000000000003,4200.0
5485.552917919856,2464.9077830667234,-11128.964482843228,0.002759903730503657,17.931034482758623,0.47000000000000003,4200.0
5594.723602980228,2453.8227139656083,-11307.447815432359,0.002726336413100419,18.620689655172416,0.47000000000000003,4150.0
5701.028015512216,2440.9304867748897,-11478.991549463477,0.0027056839941612255,19.310344827586206,0.47000000000000003,4150.0
5804.615645042383,2426.4189057511735,-11643.938434159252,0.0026855919577014687,20.0,0.47000000000000003,4150.0
0.0,0.0,-1.9837966363484156,0.0036498851691819595,0.0,0.49,4250.0
504.36076120075546,439.4180843074964,-1048.2548510893466,0.003577304029325762,0.6896551724137931,0.49,4250.0
917.6815897913178,775.2194790712445,-1947.334316821296,0.0035116753982747818,1.3793103448275863,0.49,4250.0
1274.5344054101026,1045.0163452705613,-2735.9934693443647,0.0034516555181697915,2.0689655172413794,0.49,4250.0
1591.6901843344106,1267.6020225966413,-3438.3523102475083,0.003396282248888583,2.7586206896551726,0.49,4250.0
1878.8427929627765,1454.147251816819,-4071.1561893934922,0.0033448379471482047,3.4482758620689657,0.49,4250.0
2142.218417514193,1612.0110401031986,-4646.549400725562,0.0032967700481597016,4.137931034482759,0.49,4250.0
2386.1201037545184,1746.4026673934932,-5173.64878613803,0.003251642130236741,4.827586206896552,0.49,4250.0
2613.6771062334683,1861.1879607804617,-5659.63948916542,0.0031922245277749743,5.517241379310345,0.49,4200.0
2827.255177089884,1959.3476704287202,-6109.947998546733,0.003152432631522364,6.206896551724139,0.49,4200.0
3028.6977754872837,2043.2419178016776,-6529.025785034333,0.0031146667173591984,6.8965517241379315,0.49,4200.0
3219.476488185732,2114.7824152125586,-6920.538196944071,0.0030787280579772248,7.586206896551724,0.49,4200.0
3400.7892915684347,2175.546428880245,-7287.527213653513,0.0030444472776054734,8.275862068965518,0.49,4200.0
3573.6278092579023,2226.8502637108245,-7632.548788358203,0.003011678436469146,8.965517241379311,0.49,4200.0
3738.824330959801,2269.812661781997,-7957.773328811403,0.002980294800270441,9.655172413793103,0.49,4200.0
3897.087512985063,2305.3871551556704,-8265.060303818995,0.0029501857106415687,10.344827586206897,0.49,4200.0
4049.023231710495,2334.3984316099227,-8556.017547824784,0.0029212534802366087,11.03448275862069,0.49,4200.0
4195.1554525363235,2357.5597672239746,-8832.0438520096,0.002893411858922254,11.724137931034484,0.49,4200.0
4335.9453182983325,2375.4992319356215,-9094.366087323586,0.0028665837896695422,12.413793103448278,0.49,4200.0
4471.794400086418,2388.7665150483726,-9344.065045605785,0.002840700554322095,13.10344827586207,0.49,4200.0
4603.0587138830015,2397.8456991553467,-9582.09984860949,0.0028157001465093203,13.793103448275863,0.49,4200.0
4730.058122765282,2403.172813647072,-9809.323938550275,0.0027915268567349515,14.482758620689657,0.49,4200.0
4853.072451139984,2405.1258697009453,-10026.502383265833,0.002768129926900422,15.172413793103448,0.49,4200.0
4972.361631896221,2404.055524504425,-10234.321497493424,0.0027454635141528987,15.862068965517242,0.49,4200.0
5088.150256394507,2400.262830535246,-10433.40173890112,0.0027234855110365545,16.551724137931036,0.49,4200.0
5200.6522510546165,2394.030722351539,-10624.304104483577,0.0027021576071083768,17.24137931034483,0.49,4200.0
5310.051540543174,2385.6028012309703,-10807.538390079346,0.0026814445896266347,17.931034482758623,0.49,4200.0
5416.526628388012,2375.2092488008993,-10983.569815820949,0.00266131395929449,18.620689655172416,0.49,4200.0
5520.230654247018,2363.0493204529193,-11152.822431551998,0.0026417359770873135,19.310344827586206,0.49,4200.0
5621.312638692488,2349.31042004727,-11315.731651744922,0.00261104860575986,20.0,0.49,4150.0
0.0,0.0,-1.9837966363484156,0.0035000477440105234,0.0,0.51,4250.0
484.0636631678132,421.72823675707536,-1006.1766263424288,0.0034333444681595654,0.6896551724137931,0.51,4250.0
881.2682571235626,744.4382463393996,-1870.4659939949997,0.003372947508823054,1.3793103448275863,0.51,4250.0
1224.602453081088,1004.0366906439372,-2629.7288097653945,0.0033176425377671637,2.0689655172413794,0.51,4250.0
1530.0585926267368,1218.4588884058824,-3306.845682342777,0.003266559762938902,2.7586206896551726,0.51,4250.0
1806.87135782169,1398.3617597754235,-3917.7049149848535,0.0032190501580106694,3.4482758620689657,0.51,4250.0
2060.977684061623,1550.772584043783,-4473.832447335881,0.003174613773521761,4.137931034482759,0.51,4250.0
2296.475063505632,1680.6645996181894,-4983.883782191922,0.003132855561081935,4.827586206896552,0.51,4250.0
2516.3451625737976,1791.7293539441873,-5454.623005278794,0.0030770637443204977,5.517241379310345,0.51,4200.0
2722.8425998496787,1886.8179716429852,-5891.330086562972,0.0030401821302622274,6.206896551724139,0.51,4200.0
2917.724563515957,1968.1857284853647,-6298.172653729394,0.0030051501558070364,6.8965517241379315,0.51,4200.0
3102.3940097691466,2037.6644056050663,-6678.636065172861,0.002971787696589426,7.586206896551724,0.51,4200.0
3277.9937612808562,2096.762225172574,-7035.614877385458,0.0029399409466727157,8.275862068965518,0.51,4200.0
3445.4720343698855,2146.7450804146406,-7371.5422106799015,0.0029094773910977676,8.965517241379311,0.51,4200.0
3605.6210813260227,2188.6814546802684,-7688.484374988831,0.0028802820980120243,9.655172413793103,0.51,4200.0
3759.1158054838343,2223.4863595915663,-7988.214015401929,0.00285225425837418,10.344827586206897,0.51,4200.0
3906.536915404593,2251.953054732266,-8272.26287491271,0.002825305302892812,11.03448275862069,0.51,4200.0
4048.3865014842318,2274.7665510362885,-8541.965917651294,0.0027993565566782285,11.724137931034484,0.51,4200.0
4185.100628419834,2292.5292372578024,-8798.492988816033,0.002774338084321674,12.413793103448278,0.51,4200.0
4317.068180057838,2305.770289928354,-9042.876717790132,0.0027501871297575275,13.10344827586207,0.51,4200.0
4444.627009666463,2314.95755092037,-9276.03220500447,0.002726847415813981,13.793103448275863,0.51,4200.0
4568.0824392927125,2320.5058328799882,-9498.776099359457,0.0027042679269891922,14.482758620689657,0.51,4200.0
4687.705313298081,2322.78625556742,-9711.83849835235,0.0026824026644117938,15.172413793103448,0.51,4200.0
4803.739689072416,2322.128874956094,-9915.877158649018,0.002661209513941878,15.862068965517242,0.51,4200.0
4916.406228122553,2318.8313735164675,-10111.484676294429,0.0026406503051514137,16.551724137931036,0.51,4200.0
5025.904103219992,2313.160245433619,-10299.19859038591,0.002620689915724325,17.24137931034483,0.51,4200.0
5132.415112457041,2305.355966148544,-10479.507499856183,0.002601296150719037,17.931034482758623,0.51,4200.0
5236.105292791805,2295.636692058422,-10652.856051703318,0.002582439509317691,18.620689655172416,0.51,4200.0
5337.124849625116,2284.1971486158022,-10819.651918456577,0.0025640925523774654,19.310344827586206,0.51,4200.0
5435.616075930402,2271.2187381961558,-10980.268229369954,0.0025462300703640666,20.0,0.51,4200.0
0.0,0.0,-1.9837966363484156,0.0033507951660613116,0.0,0.53,4250.0
463.8098562153278,404.0766219244602,-964.1852223084279,0.0032896969594575056,0.6896551724137931,0.53,4250.0
844.8890749358417,713.6874925070731,-1793.6397034652327,0.003234299495990675,1.3793103448275863,0.53,4250.0
1174.664268865474,963.0549400338024,-2523.373315108074,0.003183508993615443,2.0689655172413794,0.53,4250.0
1468.3599132282734,1169.266738757063,-3175.0548395209553,0.0031365417486530706,2.7586206896551726,0.53,4250.0
1734.760280608648,1342.4739006214559,-3763.7338691831683,0.0030928127521475564,3.4482758620689657,0.53,4250.0
1979.5116935854876,1489.3717928040999,-4300.330635129241,0.0030518711854926445,4.137931034482759,0.53,4250.0
2206.5133807986235,1614.702328137668,-4793.0483082011415,0.0030133606587563356,4.827586206896552,0.53,4250.0
2418.601387070588,1721.9867132865634,-5248.235928684073,0.002961098031380045,5.517241379310345,0.53,4200.0
2617.9204526790463,1813.9449587966678,-5671.032535476719,0.0029270286160778536,6.206896551724139,0.53,4200.0
2806.142418880277,1892.7301183670993,-6065.324851556434,0.0028946418836133243,6.8965517241379315,0.53,4200.0
2984.6026488940215,1960.0932027596184,-6434.421612071274,0.002863774941000633,7.586206896551724,0.53,4200.0
3154.3890145013015,2017.4739685804382,-6781.071742031156,0.0028342887034564462,8.275862068965518,0.53,4200.0
3316.402231251716,2066.0839866466276,-7107.586341102164,0.0028060634594758386,8.965517241379311,0.53,4200.0
3471.400437617668,2106.9459837489394,-7415.930369500187,0.0027789949681671314,9.655172413793103,0.53,4200.0
3620.026911018434,2140.9396841088387,-7707.788758437768,0.0027529921491801996,10.344827586206897,0.53,4200.0
3762.8323117415325,2168.819184001927,-7984.619547491304,0.0027279746163709462,11.03448275862069,0.53,4200.0
3900.2970160733566,2191.246573456415,-8247.692924043411,0.0027038711672390026,11.724137931034484,0.53,4200.0
4032.838752035952,2208.7975142072555,-8498.12347332116,0.00268061830332763,12.413793103448278,0.53,4200.0
4160.8235994875495,2221.9791418175537,-8736.894479628674,0.002658159188645737,13.10344827586207,0.53,4200.0
4284.580556136257,2231.243598048426,-8964.879020675158,0.002636442609151958,13.793103448275863,0.53,4200.0
4404.394779113415,2236.9859241245713,-9182.854861848107,0.0026154224362319434,14.482758620689657,0.53,4200.0
4520.531060858456,2239.567164284316,-9391.519833819802,0.00259505663739864,15.172413793103448,0.53,4200.0
4633.216775020289,2239.3000989658817,-9591.500512411993,0.002575307202974822,15.862068965517242,0.53,4200.0
4742.668170037981,2236.476275660804,-9783.363755740538,0.002556139204536979,16.551724137931036,0.53,4200.0
4849.070756834699,2231.3470738265605,-9967.622866286576,0.0025375207938598448,17.24137931034483,0.53,4200.0
4952.60287760822,2224.1495866404775,-10144.74421500045,0.0025194227454835333,17.931034482758623,0.53,4200.0
5053.419182490104,2215.0886312991097,-10315.154099990054,0.002501818001855078,18.620689655172416,0.53,4200.0
5151.667474177617,2204.3574880954206,-10479.241615638137,0.0024846817680248628,19.310344827586206,0.53,4200.0
5247.479687536298,2192.1256614982485,-10637.363845133164,0.002467991020367374,20.0,0.53,4200.0
0.0,0.0,-1.9837966363484156,0.0032021222630299303,0.0,0.55,4250.0
443.59903907461404,386.4629752944243,-922.2801872490236,0.003146359855359899,0.6896551724137931,0.55,4250.0
808.5438017930685,682.9670164956448,-1716.8556288976324,0.0030957317539896585,1.3793103448275863,0.55,4250.0
1124.7212913721064,922.07249684927,-2416.9279491674824,0.0030492562607699752,2.0689655172413794,0.55,4250.0
1406.593662845628,1120.0252013285844,-3042.981192757077,0.0030062297764906053,2.7586206896551726,0.55,4250.0
1662.507445184034,1286.482154284825,-3609.244332663453,0.002966126907598304,3.4482758620689657,0.55,4250.0
1897.821407042484,1427.809873332225,-4126.044472502523,0.002928542613708768,4.137931034482759,0.55,4250.0
2116.2372827406975,1548.518890633575,-4601.141400622117,0.0028931565634256117,4.827586206896552,0.55,4250.0
2320.447530478133,1651.9624347442991,-5040.5316472651975,0.0028597100915514046,5.517241379310345,0.55,4250.0
2512.4885216215475,1740.729387342477,-5449.048625116462,0.002812968564549436,6.206896551724139,0.55,4200.0
2693.948105938263,1816.8736054429014,-5830.472311582787,0.002783136533534147,6.8965517241379315,0.55,4200.0
2866.094763153583,1882.0626227046062,-6187.880455991843,0.002754682593671388,7.586206896551724,0.55,4200.0
3029.96353813423,1937.673940712618,-6523.877839875742,0.00272748161220765,8.275862068965518,0.55,4200.0
3186.410385362734,1984.8617737532002,-6840.6565337631255,0.0027014255234875982,8.965517241379311,0.55,4200.0
3336.15373344897,2024.6028301072006,-7140.079833541138,0.0026764204925182793,9.655172413793103,0.55,4200.0
3479.806202365868,2057.7377990981504,-7423.747227558073,0.00265238429322769,10.344827586206897,0.55,4200.0
3617.8944605823244,2084.990629541481,-7693.042836059387,0.0026292444023820628,11.03448275862069,0.55,4200.0
3750.8714008922493,2106.9917020504763,-7949.173335273554,0.0026069365562842095,11.724137931034484,0.55,4200.0
3879.1378883031553,2124.293950782883,-8193.197802672963,0.0025854033849033536,12.413793103448278,0.55,4200.0
4003.0419862295507,2137.3845135512315,-8426.051442460368,0.0025645935148529988,13.10344827586207,0.55,4200.0
4122.894654401613,2146.6924301440954,-8648.564116695961,0.002544460722693501,13.793103448275863,0.55,4200.0
4238.972168025683,2152.6033051224954,-8861.476904789968,0.0025249631407862293,14.482758620689657,0.55,4200.0
4351.521094381857,2155.4554682992853,-9065.453001955415,0.0025060629496994357,15.172413793103448,0.55,4200.0
4460.764474077962,2155.558072286706,-9261.090349478902,0.0024877255128852916,15.862068965517242,0.55,4200.0
4566.902753292191,2153.1824483187816,-9448.928410605571,0.0024699193729838774,16.551724137931036,0.55,4200.0
4670.117610761971,2148.578218044574,-9629.456449004407,0.0024526156288327797,17.24137931034483,0.55,4200.0
4770.576152929834,2141.9666044779947,-9803.120027596262,0.002435787693657522,17.931034482758623,0.55,4200.0
4868.426852113329,2133.5495937287487,-9970.324867261661,0.002419411215716624,18.620689655172416,0.55,4200.0
4963.812795441222,2123.5107166068547,-10131.442908805897,0.002403463563186098,19.310344827586206,0.55,4200.0
5056.856822134287,2112.0143558430614,-10286.815448218847,0.0023879238401451563,20.0,0.55,4200.0
0.0,0.0,-1.9837966363484156,0.0030540239362435717,0.0,0.5700000000000001,4250.0
423.4309144814591,368.8870358641189,-880.461074105755,0.003003331525095727,0.6896551724137931,0.5700000000000001,4250.0
772.2325776132203,652.2769972673423,-1640.113959684888,0.0029572446714861305,1.3793103448275863,0.5700000000000001,4250.0
1074.7715620415372,881.0872495527314,-2310.3936915782833,0.0029148857059378645,2.0689655172413794,0.5700000000000001,4250.0
1344.761177068434,1070.7356677613304,-2910.626199018501,0.002875625413689313,2.7586206896551726,0.5700000000000001,4250.0
1590.1117187560583,1230.3857387906023,-3454.2376965466683,0.002838993802829132,3.4482758620689657,0.5700000000000001,4250.0
1815.9033756628198,1366.0838844212954,-3950.9745449925686,0.0028046284191822236,4.137931034482759,0.5700000000000001,4250.0
2025.641486826319,1482.1100519747215,-4408.161955791671,0.002772242520108764,4.827586206896552,0.5700000000000001,4250.0
2221.8769935307855,1581.651202289108,-4831.462212533159,0.0027416045064891804,5.517241379310345,0.5700000000000001,4250.0
2406.5402407762094,1667.166984139312,-5225.372118638967,0.0026979983750908,6.206896551724139,0.5700000000000001,4200.0
2581.136322215188,1740.6129309921507,-5593.605059942711,0.00267062878716688,6.8965517241379315,0.5700000000000001,4200.0
2746.866975999973,1803.5729737840077,-5938.997703504661,0.00264450364453813,7.586206896551724,0.5700000000000001,4200.0
2904.7123046683464,1857.3601002349767,-6264.014012489351,0.0026195105526112534,8.275862068965518,0.5700000000000001,4200.0
3055.4848711806453,1903.0720080472393,-6570.72742173681,0.0025955526211029504,8.965517241379311,0.5700000000000001,4200.0
3199.8691355206893,1941.6454201743586,-6860.901724439034,0.0025725456054383877,9.655172413793103,0.5700000000000001,4200.0
3338.4430943191496,1973.8759100343389,-7136.051577650782,0.0025504155913552958,10.344827586206897,0.5700000000000001,4200.0
3471.7067986514703,2000.4582853814263,-7397.487991467686,0.0025290975069986927,11.03448275862069,0.5700000000000001,4200.0
3600.0935180977767,2021.9934654500219,-7646.354843201254,0.0025085334786778698,11.724137931034484,0.5700000000000001,4200.0
3723.97894489302,2039.0094997762515,-7883.656217071984,0.002488671992203424,12.413793103448278,0.5700000000000001,4200.0
3843.6996013193298,2051.972900171968,-8110.279120028128,0.002469466786280859,13.10344827586207,0.5700000000000001,4200.0
3959.5457442188003,2061.2939954101394,-8327.011591943075,0.0024508762212308117,13.793103448275863,0.5700000000000001,4200.0
4071.784745062775,2067.3412512622144,-8534.55638804684,0.0024328627092468757,14.482758620689657,0.5700000000000001,4200.0
4180.646738336261,2070.439802711245,-8733.544518024217,0.0024153919991937657,15.172413793103448,0.5700000000000001,4200.0
4286.348305257642,2070.884496688433,-8924.543247668014,0.0023984330624974588,15.862068965517242,0.5700000000000001,4200.0
4389.075717573959,2068.937056616045,-9108.065855631794,0.002381957406739841,16.551724137931036,0.5700000000000001,4200.0
4489.006460998279,2064.835004451867,-9284.57796512446,0.00236593897154609,17.24137931034483,0.5700000000000001,4200.0
4586.295145866435,2058.792853532197,-9454.502656565033,0.002350353880273806,17.931034482758623,0.5700000000000001,4200.0
4681.087553722141,2051.001924438939,-9618.22696221382,0.002335179988801241,18.620689655172416,0.5700000000000001,4200.0
4773.515919335767,2041.6411085778047,-9776.104921445258,0.0023203969355739575,19.310344827586206,0.5700000000000001,4200.0
4863.699264017953,2030.8649193912522,-9928.461008122991,0.0023059859102110085,20.0,0.5700000000000001,4200.0
0.0,0.0,-1.9837966363484156,0.002906495159197549,0.0,0.59,4250.0
403.305189099125,351.3485460756653,-838.7274404242708,0.0028606103546991533,0.6896551724137931,0.59,4250.0
735.9558486378368,621.617901062782,-1563.4148754507041,0.002818838640031468,1.3793103448275863,0.59,4250.0
1024.814934143639,840.0993870701977,-2203.7715259695615,0.0027803986934339503,2.0689655172413794,0.59,4250.0
1282.8617425305824,1021.3975164597246,-2777.9913248337907,0.0027447302377453507,2.7586206896551726,0.59,4250.0
1517.5757321760123,1174.187346531717,-3298.715308017934,0.002711414659805513,3.4482758620689657,0.59,4250.0
1733.7591878680882,1304.1956889013875,-3775.1213464971734,0.0026801290398052397,4.137931034482759,0.59,4250.0
1934.7272313766762,1415.4775532089059,-4214.108836859901,0.0026506178528181994,4.827586206896552,0.59,4250.0
2122.8912469872084,1511.0552303746827,-4621.012649250006,0.0026226745503242516,5.517241379310345,0.59,4250.0
2300.075451924904,1593.258727326523,-5000.054524154235,0.0025961292672424,6.206896551724139,0.59,4250.0
2467.7025095064964,1663.945049969664,-5354.71273637066,0.0025571135025977882,6.8965517241379315,0.59,4200.0
2626.910080313311,1724.6178909104528,-5687.759204211296,0.002533230953365144,7.586206896551724,0.59,4200.0
2778.6269536417044,1776.5268359063857,-6001.460615040916,0.002510366535311194,8.275862068965518,0.59,4200.0
2923.6196048399183,1820.7128679583566,-6297.773900456305,0.0024884337521784363,8.965517241379311,0.59,4200.0
3062.534325251793,1858.065677974495,-6578.364835626511,0.0024673572008132648,9.655172413793103,0.59,4200.0
3195.9233296391485,1889.3471603521264,-6844.663717632029,0.0024470709404822407,10.344827586206897,0.59,4200.0
3324.2558674095126,1915.2145759778311,-7097.910048115635,0.002427516616411192,11.03448275862069,0.59,4200.0
3447.944042661714,1936.2428674993187,-7339.184823284937,0.002408642583392626,11.724137931034484,0.59,4200.0
3567.3448865533383,1952.9352601349888,-7569.438042012363,0.002390402613146474,12.413793103448278,0.59,4200.0
3682.774243578734,1965.7353899641862,-7789.509062519064,0.002372755339536572,13.10344827586207,0.59,4200.0
3794.511739557957,1975.0371044828505,-8000.143500485166,0.002355663460892144,13.793103448275863,0.59,4200.0
3902.8061750084207,1981.1900676654554,-8202.007677350688,0.002339093200087851,14.482758620689657,0.59,4200.0
4007.880702692847,1984.506719115309,-8395.698525577878,0.002323013993762493,15.172413793103448,0.59,4200.0
4109.9364122324905,1985.2680280873017,-8581.754476665017,0.0023073978541369874,15.862068965517242,0.59,4200.0
4209.15369645794,1983.7237830688707,-8760.662117776417,0.0022922192944369838,16.551724137931036,0.59,4200.0
4305.699156932552,1980.1039714505032,-8932.862627045215,0.002277454953656651,17.24137931034483,0.59,4200.0
4399.719694114748,1974.6089312084137,-9098.758362631197,0.0022630832643397904,17.931034482758623,0.59,4200.0
4491.356107895691,1967.42959301966,-9258.716375951619,0.0022490844368679413,18.620689655172416,0.59,4200.0
4580.7305527816425,1958.7283403336348,-9413.072579476822,0.0022354401728290067,19.310344827586206,0.59,4200.0
4667.959507358544,1948.6616604244266,-9562.136038631768,0.002222133456589968,20.0,0.59,4200.0
0.0,0.0,-1.9837966363484156,0.0027595309761293593,0.0,0.61,4250.0
383.22187465015895,333.84755349135077,-797.0788482738499,0.0027181947467321203,0.6896551724137931,0.61,4250.0
699.7123316145958,590.9885048205558,-1486.7585541848239,0.0026805140490263847,1.3793103448275863,0.61,4250.0
974.851472676598,799.1090261507176,-2097.0624136977785,0.0026457965941511863,2.0689655172413794,0.61,4250.0
1220.8941676310749,972.0096909563437,-2645.0780055469077,0.002613545847085619,2.7586206896551726,0.61,4250.0
1444.8961397480928,1117.8839498355621,-3142.6784973932663,0.002583390737678617,3.4482758620689657,0.61,4250.0
1651.3864321433405,1242.1432966280954,-3598.485369082511,0.0025550449670390897,4.137931034482759,0.61,4250.0
1843.4913166773626,1348.6188749540856,-4018.9812379702344,0.0025282818505483876,4.827586206896552,0.61,4250.0
2023.4846943686152,1440.1691561606854,-4409.179821356287,0.0025029181204384216,5.517241379310345,0.61,4250.0
2193.0876670313833,1518.9998368818583,-4773.0495822905505,0.0024788030784198044,6.206896551724139,0.61,4250.0
2353.6426621774895,1586.86749775602,-5113.793597716467,0.0024558108932138762,6.8965517241379315,0.61,4250.0
2506.221543184934,1645.1971624113905,-5434.150524844437,0.0024208574861331843,7.586206896551724,0.61,4200.0
2651.6989054602177,1695.168988946837,-5736.198077601381,0.0024000406233175044,8.275862068965518,0.61,4200.0
2790.80287898683,1737.7772070124713,-6021.771041787499,0.0023800578485785344,8.965517241379311,0.61,4200.0
2924.141079506178,1773.8605301169523,-6292.437529794646,0.0023608422654471137,9.655172413793103,0.61,4200.0
3052.2328576215486,1804.1438577628833,-6549.545815856924,0.002342335054532168,10.344827586206897,0.61,4200.0
3175.5263750485,1829.2522498479802,-6794.263466164557,0.0023244844410369135,11.03448275862069,0.61,4200.0
3294.405641154988,1849.7313345377563,-7027.610366481807,0.0023072443004214433,11.724137931034484,0.61,4200.0
3409.213671097833,1866.0604259229597,-7250.482319634088,0.0022905735759707977,12.413793103448278,0.61,4200.0
3520.2438355204104,1878.6610696129255,-7463.671467190339,0.002274435336996528,13.10344827586207,0.61,4200.0
3627.7653858738922,1887.9091520370066,-7667.8821008416635,0.002258796340869631,13.793103448275863,0.61,4200.0
3732.0090663599544,1894.136282806082,-7863.742877234239,0.0022436265367163323,14.482758620689657,0.61,4200.0
3833.190720774917,1897.6425841224936,-8051.81860110729,0.002228898537908372,15.172413793103448,0.61,4200.0
3931.496321819724,1898.692963947291,-8232.61781637762,0.0022145874770986606,15.862068965517242,0.61,4200.0
4027.1005242003166,1897.5294222888585,-8406.600517173501,0.0022006705619840943,16.551724137931036,0.61,4200.0
4120.157724869923,1894.3670469221825,-8574.18465916285,0.002187126877268968,17.24137931034483,0.61,4200.0
4210.8098279173655,1889.4022333072917,-8735.750565992457,0.0021739372435844325,17.931034482758623,0.61,4200.0
4299.188493341179,1882.8120080539263,-8891.645727169904,0.00216108392309181,18.620689655172416,0.61,4200.0
4385.409919384295,1874.7570948158889,-9042.188797089788,0.002148550520467959,19.310344827586206,0.61,4200.0
4469.586121027591,1865.3826588317547,-9187.672278775768,0.002136321885646153,20.0,0.61,4200.0
0.0,0.0,-1.9837966363484156,0.0026131265006290884,0.0,0.63,4250.0
363.180849492668,316.38396547809566,-755.5148641771739,0.002576083120013096,0.6896551724137931,0.63,4250.0
663.5017983402964,560.3886185749298,-1410.1451728878747,0.0025422712853544133,1.3793103448275863,0.63,4250.0
924.8825701589666,758.1175625652633,-1990.2673147138557,0.002511080776993875,2.0689655172413794,0.63,4250.0
1158.859157664024,922.5729760365191,-2511.887678286701,0.002482073851527273,2.7586206896551726,0.63,4250.0
1372.072932432266,1061.4757380804583,-2986.128588934902,0.0024549233302160146,3.4482758620689657,0.63,4250.0
1568.784207735024,1179.9256389799957,-3421.067342376802,0.0024293766689152648,4.137931034482759,0.63,4250.0
1751.9330712963308,1281.533968785553,-3822.7783428956755,0.0024052338688732057,4.827586206896552,0.63,4250.0
1923.6578369723873,1368.995157753558,-4195.960445122655,0.0023823332293121126,5.517241379310345,0.63,4250.0
2085.576373900084,1444.3909988783205,-4544.334101800952,0.002360541715085102,6.206896551724139,0.63,4250.0
2238.950932733931,1509.377290758367,-4870.903108653612,0.0023397481494728777,6.8965517241379315,0.63,4250.0
2384.792342803329,1565.304749376252,-5178.157158031798,0.0023073763205227467,7.586206896551724,0.63,4200.0
2523.9233532361905,1613.285736610295,-5468.2072668712135,0.0022885238015497482,8.275862068965518,0.63,4200.0
2657.025383344276,1654.259325935911,-5742.693385984392,0.0022704139916351956,8.965517241379311,0.63,4200.0
2784.675703122652,1689.0226515213967,-6003.088757673118,0.0022529876151866366,9.655172413793103,0.63,4200.0
2907.3604917316006,1718.2595556643143,-6250.659288244293,0.0022361927556145667,10.344827586206897,0.63,4200.0
3025.5015275497885,1742.5630183457688,-6486.502941268307,0.0022199834669282457,11.03448275862069,0.63,4200.0
3139.4634497414195,1762.4503647987979,-6711.578019200693,0.0022043190342705137,11.724137931034484,0.63,4200.0
3249.5650635057227,1778.3758877182013,-6926.727416119276,0.002189162988286771,12.413793103448278,0.63,4200.0
3356.0882562018614,1790.7398438764794,-7132.696463995562,0.0021744826754096958,13.10344827586207,0.63,4200.0
3459.2817088603315,1799.8993791752323,-7330.147805588873,0.0021602486165124652,13.793103448275863,0.63,4200.0
3559.367845852041,1806.1685001099322,-7519.673997322956,0.002146434114175671,14.482758620689657,0.63,4200.0
3656.546555762033,1809.8340381692094,-7701.806645326971,0.0021330149615661135,15.172413793103448,0.63,4200.0
3750.9953274160457,1811.1458329444386,-7877.025159762372,0.0021199690183998474,15.862068965517242,0.63,4200.0
3842.8796805287,1810.3370882908425,-8045.763498708497,0.00210727606636276,16.551724137931036,0.63,4200.0
3932.343263037075,1807.609988297491,-8208.415489561165,0.002094917578168892,17.24137931034483,0.63,4200.0
4019.52281722132,1803.1528421654327,-8365.340164818961,0.0020828764493569614,17.931034482758623,0.63,4200.0
4104.540052815584,1797.134875678289,-8516.865723941104,0.002071136937387019,18.620689655172416,0.63,4200.0
4187.5060983833355,1789.705968993403,-8663.292807023034,0.002059684501603325,19.310344827586206,0.63,4200.0
4268.527906086122,1781.0107385344463,-8804.897716000778,0.0020485056253968124,20.0,0.63,4200.0
0.0,0.0,-1.9837966363484156,0.002467276913100343,0.0,0.65,4250.0
343.18136584365357,298.9570744325941,-714.0350590332891,0.002434273909351763,0.6896551724137931,0.65,4250.0
627.3240243971543,529.818055597493,-1333.5749075712956,0.0024041107333859202,1.3793103448275863,0.65,4250.0
874.9063206828507,717.1231834363782,-1883.3871873788958,0.002376252609026641,2.0689655172413794,0.65,4250.0
1096.75720507232,873.0879243229367,-2378.4217682066374,0.0023503158783092647,2.7586206896551726,0.65,4250.0
1299.1077112195337,1004.9644149705925,-2829.0670556393598,0.0023260137133831703,3.4482758620689657,0.65,4250.0
1485.9534333888075,1117.5443145153329,-3242.8679804080166,0.0023031246660111778,4.137931034482759,0.65,4250.0
1660.0511763794848,1214.222116782692,-3625.499281039338,0.0022814733404886637,4.827586206896552,0.65,4250.0
1823.4058609252018,1297.5296000105743,-3981.351513200243,0.0022609179161955737,5.517241379310345,0.65,4250.0
1977.5357471004777,1369.428030730394,-4313.902091096563,0.0022413415815867722,6.206896551724139,0.65,4250.0
2123.6246720965996,1431.4737288801605,-4625.9588398173,0.0022226468144561167,6.8965517241379315,0.65,4250.0
2262.6180830423946,1484.9374794130633,-4919.827199160449,0.002204751089644561,7.586206896551724,0.65,4250.0
2395.2894364025415,1530.8699693665421,-5197.468546132499,0.0021758072118743255,8.275862068965518,0.65,4200.0
2522.279989094941,1570.1559158137895,-5460.51617819324,0.0021594911437284627,8.965517241379311,0.65,4200.0
2644.1265043683466,1603.545763739887,-5710.286721017823,0.0021437801992907892,9.655172413793103,0.65,4200.0
2761.291788864677,1631.6873644907162,-5947.96612811237,0.0021286286788323853,10.344827586206897,0.65,4200.0
2874.1663645695476,1655.1392159088227,-6174.582441702274,0.002113996238291334,11.03448275862069,0.65,4200.0
2983.0968048357227,1674.3909215499766,-6391.034200416056,0.0020998469669611473,11.724137931034484,0.65,4200.0
3088.379344333504,1689.8709498870362,-6598.111380595132,0.0020861488439312126,12.413793103448278,0.65,4200.0
3190.2821378916087,1701.9607886554547,-6796.513004808141,0.00207287305535951,13.10344827586207,0.65,4200.0
3289.0356168526964,1710.9938846302684,-6986.861064360397,0.0020599936495264977,13.793103448275863,0.65,4200.0
3384.8526446238834,1717.2743489098032,-7169.711373840728,0.002047487133436271,14.482758620689657,0.65,4200.0
3477.917435630085,1721.0660275133923,-7345.563362465022,0.002035332103589188,15.172413793103448,0.65,4200.0
3568.400602722954,1722.613670803324,-7514.8674007085065,0.002023509082200587,15.862068965517242,0.65,4200.0
3656.4545618306406,1722.1315360375277,-7678.031019268732,0.0020120002376528795,16.551724137931036,0.65,4200.0
3742.216254345406,1719.815609594199,-7835.424695270805,0.0020007891693355293,17.24137931034483,0.65,4200.0
3825.815755903546,1715.8452683401824,-7987.386079734242,0.0019898608201377264,17.931034482758623,0.65,4200.0
3907.3650748559576,1710.3774331403085,-8134.223776011568,0.0019792012918715437,18.620689655172416,0.65,4200.0
3986.9710019622257,1703.5600166855158,-8276.220813686385,0.0019687976966149155,19.310344827586206,0.65,4200.0
4064.7329537708,1695.5244982548784,-8413.637442785046,0.0019586381143386726,20.0,0.65,4200.0
0.0,0.0,-1.9837966363484156,0.0023219774591455578,0.0,0.67,4250.0
323.2231453186219,281.5666359123697,-672.6390080496058,0.0022927655652893873,0.6896551724137931,0.67,4250.0
591.1787821488186,499.2766263822383,-1257.0479332552713,0.002266032774981068,1.3793103448275863,0.67,4250.0
824.9225783128469,676.1257903109249,-1776.4229809668686,0.002241313459954561,2.0689655172413794,0.67,4250.0
1034.5865668621295,823.5529360597405,-2244.681771640433,0.002218273540128816,2.7586206896551726,0.67,4250.0
1225.9976442154064,948.3474371620251,-2671.495361385474,0.002196663195527252,3.4482758620689657,0.67,4250.0
1402.8907208232513,1054.9965793824679,-3063.8879757277755,0.0021762895303363322,4.137931034482759,0.67,4250.0
1567.8431359033402,1146.681547996696,-3427.1432678352867,0.0021569997606379907,4.827586206896552,0.67,4250.0
1722.728771825409,1225.7733975986887,-3765.350161467577,0.002138670248848456,5.517241379310345,0.67,4250.0
1868.9644811859062,1294.1097896363362,-4081.747455680583,0.0021211991922458345,6.206896551724139,0.67,4250.0
2007.6564720806382,1353.1515839321337,-4378.951324785186,0.0021045015618868152,6.8965517241379315,0.67,4250.0
2139.6925332974274,1404.092987177524,-4659.1101337539,0.0020885053520655504,7.586206896551724,0.67,4250.0
2265.7916404727957,1447.919465249864,-4924.01328963595,0.002073149014556884,8.275862068965518,0.67,4250.0
2386.5544762008144,1485.460440437919,-5175.214135180162,0.0020472783697139366,8.965517241379311,0.67,4200.0
2502.4852391732966,1517.425533778524,-5414.000238389235,0.0020332068689392193,9.655172413793103,0.67,4200.0
2614.012375449518,1544.4201079376032,-5641.427605922152,0.00201962753919357,10.344827586206897,0.67,4200.0
2721.5068638930775,1566.9731164787358,-5858.4562121943745,0.0020065051174482955,11.03448275862069,0.67,4200.0
2825.2878808626715,1585.5443626591175,-6065.924861173313,0.0019938082629491777,11.724137931034484,0.67,4200.0
2925.637634531173,1600.5376590729609,-6264.571655174877,0.001981508926497979,12.413793103448278,0.67,4200.0
3022.802795057996,1612.3125100840555,-6455.049899528931,0.0019695819569327394,13.10344827586207,0.67,4200.0
3117.002887078643,1621.1844138482572,-6637.940894139232,0.0019580046299673857,13.793103448275863,0.67,4200.0
3208.4349416044547,1627.4387885045192,-6813.764657990476,0.0019467563647138572,14.482758620689657,0.67,4200.0
3297.2722567056444,1631.3272615185851,-6982.988378645568,0.0019358184669593448,15.172413793103448,0.67,4200.0
3383.6766425093056,1633.0788610529148,-7146.033468812777,0.0019251738475730236,15.862068965517242,0.67,4200.0
3467.788094567531,1632.8981132882614,-7303.281658268963,0.001914806875350665,16.551724137931036,0.67,4200.0
3549.7376742281144,1630.9687826522688,-7455.079897323398,0.0019047032122931288,17.24137931034483,0.67,4200.0
3629.6453045490625,1627.4608155442527,-7601.744505042843,0.0018948496360181493,17.931034482758623,0.67,4200.0
3707.6170628878363,1622.5242949655774,-7743.564796108221,0.001885233941488004,18.620689655172416,0.67,4200.0
3783.7541157882,1616.2967113547315,-7880.806189153685,0.0018758448523145356,19.310344827586206,0.67,4200.0
3858.148230171084,1608.9061354852374,-8013.7127901813365,0.001866671904032254,20.0,0.67,4200.0
0.0,0.0,-1.9837966363484156,0.0021772234530713333,0.0,0.6900000000000001,4250.0
303.3059131037106,264.21240860716114,-631.3262906696255,0.002151556553844935,0.6896551724137931,0.6900000000000001,4250.0
555.0670608799021,468.76534566308976,-1180.564423965734,0.0021280377894921936,1.3793103448275863,0.6900000000000001,4250.0
774.9315150074968,635.1256030407997,-1669.3756579351611,0.002106264691129804,2.0689655172413794,0.6900000000000001,4250.0
972.3474690212862,773.9681371369934,-2110.6691919402365,0.0020859484596606817,2.7586206896551726,0.6900000000000001,4250.0
1152.7435523661215,891.6257961349146,-2513.414945182216,0.002066873118711683,3.4482758620689657,0.6900000000000001,4250.0
1319.5979407630207,992.2845977771012,-2884.1280440449045,0.0020488718853095412,4.137931034482759,0.6900000000000001,4250.0
1475.309424259176,1078.912971258098,-3227.709757943172,0.0020318126287482414,4.827586206896552,0.6900000000000001,4250.0
1621.622192881231,1153.7232529088076,-3547.9534481708542,0.0020155883839844215,5.517241379310345,0.6900000000000001,4250.0
1759.8576144043798,1218.4340517766564,-3847.864454377137,0.0020001111034061896,6.206896551724139,0.6900000000000001,4250.0
1891.0454539748125,1274.4117786934341,-4129.870894815722,0.001985307157575889,6.8965517241379315,0.6900000000000001,4250.0
2016.0081863152068,1322.7667367807865,-4395.967184706424,0.0019711142552389736,7.586206896551724,0.6900000000000001,4250.0
2135.4217224999443,1364.4282110034771,-4647.814979907562,0.001957479055436549,8.275862068965518,0.6900000000000001,4250.0
2249.8407116202793,1400.1690919809441,-4886.815762729551,0.001944355506981002,8.965517241379311,0.6900000000000001,4250.0
2359.737463269577,1430.6538881594956,-5114.197680118894,0.001921254519337808,9.655172413793103,0.6900000000000001,4200.0
2465.5101499368197,1456.451865991516,-5331.005395931723,0.0019091739628407153,10.344827586206897,0.6900000000000001,4200.0
2567.5051139095085,1478.0567347589654,-5538.07799622685,0.0018974924886628586,11.03448275862069,0.6900000000000001,4200.0
2666.01924023412,1495.9005761287333,-5736.195747968399,0.0018861829101068806,11.724137931034484,0.6900000000000001,4200.0
2761.3173316001403,1510.3654914476551,-5926.045425752061,0.0018752209237968582,12.413793103448278,0.6900000000000001,4200.0
2853.626990623117,1521.783457301275,-6108.235040675681,0.0018645846627210322,13.10344827586207,0.6900000000000001,4200.0
2943.1564634064166,1530.457837851102,-6283.305927582936,0.0018542544228869451,13.793103448275863,0.6900000000000001,4200.0
3030.086072893406,1536.650805415308,-6451.742475058556,0.0018442123386103139,14.482758620689657,0.6900000000000001,4200.0
3114.580546853696,1540.6027100352255,-6613.979940265737,0.0018344421376260745,15.172413793103448,0.6900000000000001,4200.0
3196.788886640441,1542.529307471615,-6770.411181550371,0.0018249289946432896,15.862068965517242,0.6900000000000001,4200.0
3276.8426368903615,1542.6196764200877,-6921.39218706578,0.0018156593282997715,16.551724137931036,0.6900000000000001,4200.0
3354.865478137168,1541.0523390653336,-7067.246578953302,0.00180662063931008,17.24137931034483,0.6900000000000001,4200.0
3430.9674301729674,1537.9832676874437,-7208.269487817466,0.0017978014419333546,17.931034482758623,0.6900000000000001,4200.0
3505.2487318155936,1533.5546450607228,-7344.731034484619,0.0017891911308379727,18.620689655172416,0.6900000000000001,4200.0
3577.8046510172267,1527.8997934404122,-7476.879146590378,0.0017807798713882744,19.310344827586206,0.6900000000000001,4200.0
3648.719672171698,1521.1342987724533,-7604.941743448122,0.0017725585411023466,20.0,0.6900000000000001,4200.0
0.0,0.0,-1.9837966363484156,0.0020330102734703696,0.0,0.7100000000000001,4250.0
283.4293978895081,246.89415428079516,-590.0964905049623,0.0020106453562665407,0.6896551724137931,0.7100000000000001,4250.0
518.987655910644,438.2830506561739,-1104.1245522481258,0.0019901261541098096,1.3793103448275863,0.7100000000000001,4250.0
724.9343655981199,594.1238661425245,-1562.246202391405,0.0019711076557993217,2.0689655172413794,0.7100000000000001,4250.0
910.0414474737946,724.3350244105105,-1976.3855010456464,0.0019533422772893146,2.7586206896551726,0.7100000000000001,4250.0
1079.3455487298013,834.7997674253787,-2354.8272697355496,0.0019366448482102685,3.4482758620689657,0.7100000000000001,4250.0
1236.0723247971864,929.406017133934,-2703.5890755846776,0.0019208723719099541,4.137931034482759,0.7100000000000001,4250.0
1382.4460144121329,1010.9128352039854,-3027.1981123707446,0.001905911520192398,4.827586206896552,0.7100000000000001,4250.0
1520.0857879605642,1081.379786571359,-3329.158614004031,0.001891670551418098,5.517241379310345,0.7100000000000001,4250.0
1650.2129705894483,1142.400021704967,-3612.2473346112674,0.0018780739260109427,6.206896551724139,0.7100000000000001,4250.0
1773.7833865459813,1195.2474260173376,-3878.7080973662814,0.0018650584569005104,6.8965517241379315,0.7100000000000001,4250.0
1891.562153528944,1240.9584212186269,-4130.384385894453,0.0018525706803505617,7.586206896551724,0.7100000000000001,4250.0
2004.1706934408357,1280.39210544706,-4368.81254956677,0.0018405647984440845,8.275862068965518,0.7100000000000001,4250.0
2112.1298346969857,1314.2771052205442,-4595.288605328089,0.001829001251256282,8.965517241379311,0.7100000000000001,4250.0
2215.871821927874,1343.2256853322538,-4810.917887579606,0.0018178455591545328,9.655172413793103,0.7100000000000001,4250.0
2315.771528635389,1367.774478747699,-5016.660851008601,0.001797252577475425,10.344827586206897,0.7100000000000001,4200.0
2412.1453149842814,1388.3823427400066,-5213.401538172453,0.0017869406409193767,11.03448275862069,0.7100000000000001,4200.0
2505.2735296367764,1405.4531561751805,-5401.7923811642395,0.0017769508643915904,11.724137931034484,0.7100000000000001,4200.0
2595.3976606676742,1419.3430698328225,-5582.4693633879215,0.0017672623371631847,12.413793103448278,0.7100000000000001,4200.0
2682.732510793387,1430.365588216883,-5755.99592273005,0.0017578562788532223,13.10344827586207,0.7100000000000001,4200.0
2767.469744826565,1438.800704307263,-5922.87398161483,0.0017487156996130102,13.793103448275863,0.7100000000000001,4200.0
2849.7769370938026,1444.8973357992857,-6083.552485359403,0.0017398252203418535,14.482758620689657,0.7100000000000001,4200.0
2929.8091340935566,1448.8794791732732,-6238.435220742118,0.0017311708547474805,15.172413793103448,0.7100000000000001,4200.0
3007.7022727621215,1450.9475540661542,-6387.886864783686,0.0017227398114038448,15.862068965517242,0.7100000000000001,4200.0
3083.5799420315716,1451.28275134865,-6532.237735053859,0.001714520372117531,16.551724137931036,0.7100000000000001,4200.0
3157.558111776196,1450.048876311701,-6671.788269459124,0.001706501792164496,17.24137931034483,0.7100000000000001,4200.0
3229.7373797534046,1447.3941034252962,-6806.812704388925,0.0016986741659905978,17.931034482758623,0.7100000000000001,4200.0
3300.2119946086177,1443.4527939528562,-6937.562195036662,0.0016910283141245914,18.620689655172416,0.7100000000000001,4200.0
3369.0710278337474,1438.3473303211986,-7064.266911424871,0.0016835557700725903,19.310344827586206,0.7100000000000001,4200.0
3436.392223321547,1432.189825407099,-7187.138875707329,0.0016762486731322248,20.0,0.7100000000000001,4200.0
0.0,0.0,-1.9837966363484156,0.0018893333618288405,0.0,0.73,4250.0
263.5933318066518,229.61163771488458,-548.9491952698154,0.0018700304687883564,0.6896551724137931,0.73,4250.0
482.94015571576097,407.8293713925732,-1027.7284955055657,0.0018522982420643562,1.3793103448275863,0.73,4250.0
674.92935263912,553.1188834094761,-1455.0355700780274,0.0018358437129103152,2.0689655172413794,0.73,4250.0
847.6662605341231,674.6517690055917,-1841.8321780997721,0.0018204566417832327,2.7586206896551726,0.73,4250.0
1005.801574395641,777.8675459552911,-2195.733861739689,0.0018059797733773703,3.4482758620689657,0.73,4250.0
1152.313718940234,866.3610660716901,-2522.2719230050207,0.0017922916733025878,4.137931034482759,0.73,4250.0
1289.2547554137861,942.684064069775,-2825.6078075663245,0.0017792960618625293,4.827586206896552,0.73,4250.0
1418.115483307796,1008.7399868018213,-3108.9630111378647,0.001766915024891005,5.517241379310345,0.73,4250.0
1540.0266082537787,1066.0053304069422,-3374.890473299776,0.001755084348463849,6.206896551724139,0.73,4250.0
1655.8681547397346,1115.6589613332405,-3625.453605602408,0.0017437503645647268,6.8965517241379315,0.73,4250.0
1766.3450543561862,1158.6616850491155,-3862.3479888351794,0.0017328675885687535,7.586206896551724,0.73,4250.0
1872.033602177146,1195.809795764261,-4086.98691527341,0.0017223971191721347,8.275862068965518,0.73,4250.0
1973.4105529929893,1227.7769938405856,-4300.5632339898075,0.0017123052767593163,8.965517241379311,0.73,4250.0
2070.8790691483773,1255.1371463532973,-4504.0941082914,0.0017025627410682154,9.655172413793103,0.73,4250.0
2164.781508104458,1278.3816168128349,-4698.455650250122,0.0016931437485588965,10.344827586206897,0.73,4250.0
2255.4127381308626,1297.9412470568036,-4884.408586918835,0.0016840254895177913,11.03448275862069,0.73,4250.0
2343.0306718313554,1314.192236285393,-5062.659939876852,0.0016660919580641373,11.724137931034484,0.73,4200.0
2427.8576859174923,1327.4613906854834,-5233.779813982335,0.001657610596086546,12.413793103448278,0.73,4200.0
2510.0949640216045,1338.045896482311,-5398.259676918693,0.0016493717113580462,13.10344827586207,0.73,4200.0
2589.9161951834103,1346.2032022645383,-5556.562096092559,0.0016413608620726402,13.793103448275863,0.73,4200.0
2667.478520683627,1352.1647625669113,-5709.101403073364,0.0016335649416236613,14.482758620689657,0.73,4200.0
2742.92540126185,1356.1428301059373,-5856.25043815573,0.0016259719862688068,15.172413793103448,0.73,4200.0
2816.3812053226015,1358.3212548632246,-5998.345487537248,0.001618571108757842,15.862068965517242,0.73,4200.0
2887.961708681385,1358.8691848810154,-6135.691646655672,0.0016113523271552596,16.551724137931036,0.73,4200.0
2957.773506134701,1357.9425912883364,-6268.566608153989,0.0016043064555522576,17.24137931034483,0.73,4200.0
3025.9097601114618,1355.6766815206797,-6397.223866959088,0.001597425012485333,17.931034482758623,0.73,4200.0
3092.4578651500947,1352.1972152652504,-6521.895207372087,0.0015907001969105677,18.620689655172416,0.73,4200.0
3157.500771556756,1347.622076525422,-6642.793669115286,0.0015841247717369362,19.310344827586206,0.73,4200.0
3221.109853302956,1342.0522821705065,-6760.115459830187,0.001577692010068215,20.0,0.73,4200.0
0.0,0.0,-1.9837966363484156,0.0017461882213327844,0.0,0.75,4250.0
243.79745036269756,212.36462665341327,-507.88399671465595,0.0017297104023925895,0.6896551724137931,0.75,4250.0
446.9243598207489,377.40414207818276,-951.3764329534533,0.0017145544232490418,1.3793103448275863,0.75,4250.0
624.91635032007,512.1105737275185,-1347.744713810207,0.0017004742198168659,2.0689655172413794,0.75,4250.0
785.2217059289188,624.9182675650615,-1707.0107103557457,0.0016872932101263203,2.7586206896551726,0.75,4250.0
932.113319510393,720.8309751661079,-2036.1362730938854,0.0016748793053869252,3.4482758620689657,0.75,4250.0
1068.3220705142037,803.1500243872696,-2340.177463632346,0.0016631305156550266,4.137931034482759,0.75,4250.0
1195.7307875869199,874.2225906410675,-2622.938447660141,0.0016519659429741862,4.827586206896552,0.75,4250.0
1315.71082336677,935.8035381677722,-2887.363997274151,0.0016413201468591532,5.517241379310345,0.75,4250.0
1429.2952373504022,989.2481516157618,-3135.7884094048204,0.0016311391479117835,6.206896551724139,0.75,4250.0
1537.2939023845404,1035.643078939589,-3370.09820672169,0.0016213778502397,6.8965517241379315,0.75,4250.0
1640.3526688824618,1075.8735368472048,-3591.8442533322086,0.0016119980297598837,7.586206896551724,0.75,4250.0
1739.0003894878405,1110.67509566948,-3802.319362627488,0.0016029669451265987,8.275862068965518,0.75,4250.0
1833.6743855495213,1140.666130704361,-4002.614691652241,0.0015942563195877363,8.965517241379311,0.75,4250.0
1924.7456978116866,1166.378942918581,-4193.661557825384,0.001585841445851105,9.655172413793103,0.75,4250.0
2012.5264345346452,1188.2665717727784,-4376.26169335263,0.001577700653873556,10.344827586206897,0.75,4250.0
2097.2910196559333,1206.7272510365765,-4551.111606319224,0.0015698147800884694,11.03448275862069,0.75,4250.0
2179.2722195765614,1222.1071938367772,-4718.821091326332,0.0015621667323127398,11.724137931034484,0.75,4250.0
2258.6774403610584,1234.7126006321569,-4879.926913354597,0.001554741253720677,12.413793103448278,0.75,4250.0
2335.689768205372,1244.8136336271652,-5034.952564083476,0.0015391057357870773,13.10344827586207,0.75,4200.0
2410.469074738452,1252.6514802947388,-5184.286737582566,0.0015321621359801903,13.793103448275863,0.75,4200.0
2483.1614797645307,1258.442726220872,-5328.29550026112,0.0015254010902257553,14.482758620689657,0.75,4200.0
2553.8964321313583,1262.3785577351366,-5467.320481504925,0.0015188125551312576,15.172413793103448,0.75,4200.0
2622.7895910471248,1264.6336816402581,-5601.670525276248,0.001512387342293636,15.862068965517242,0.75,4200.0
2689.948238283496,1265.366040982,-5731.62596761006,0.001506117002947757,16.551724137931036,0.75,4200.0
2755.469021540829,1264.7156505505884,-5857.4415864265175,0.0014999937933255424,17.24137931034483,0.75,4200.0
2819.438290267247,1262.8120626024895,-5979.350014954063,0.0014940105839945598,17.931034482758623,0.75,4200.0
2881.936599222968,1259.7722332845142,-6097.564452105835,0.0014881607777693455,18.620689655172416,0.75,4200.0
2943.0406026863,1255.7029452164393,-6212.280911662965,0.0014824382433275712,19.310344827586206,0.75,4200.0
3002.815626350483,1250.7005571392535,-6323.679731136392,0.0014768372952321152,20.0,0.75,4200.0
0.0,0.0,-1.9837966363484156,0.0016035704157037188,0.0,0.77,4250.0
224.04149238074842,195.15289174900101,-466.9004905617403,0.0015896836825765965,0.6896551724137931,0.77,4250.0
410.9400651709828,347.00719426868454,-875.0685350146086,0.0015768950676400904,1.3793103448275863,0.77,4250.0
574.895689062108,471.09931191993894,-1240.3745850982668,0.0015650005318385931,2.0689655172413794,0.77,4250.0
722.7101918791736,575.1369535579374,-1571.9226460231584,0.0015538536406556683,2.7586206896551726,0.77,4250.0
858.2792775752458,663.6884291064905,-1876.0360400910795,0.0015433448791558576,3.4482758620689657,0.77,4250.0
984.0946727881732,739.7706406333815,-2157.306730157441,0.0015333896548080559,4.137931034482759,0.77,4250.0
1101.8760687943195,805.5309289013676,-2419.1896068925416,0.001523920902788588,4.827586206896552,0.77,4250.0
1212.8677865917782,862.5681189652413,-2664.35924990254,0.0015148843156537997,5.517241379310345,0.77,4250.0
1318.0162170661417,912.1273845287949,-2894.9356562520334,0.001506235163427785,6.206896551724139,0.77,4250.0
1418.0560600955437,955.1972835207446,-3112.6329214335274,0.001497935982245655,6.8965517241379315,0.77,4250.0
1513.5787571062367,992.5920337123724,-3318.8596795501726,0.00148995509107759,7.586206896551724,0.77,4250.0
1605.0631516967667,1024.9829217161623,-3514.790935844663,0.0014822653154637168,8.275862068965518,0.77,4250.0
1692.9124189614115,1052.9402983023733,-3701.4185625317477,0.001474843149539617,8.965517241379311,0.77,4250.0
1777.4597610017474,1076.9464717080666,-3879.5888066050247,0.0014676681267057736,9.655172413793103,0.77,4250.0
1858.994445628324,1097.4227744660254,-4050.0310671880725,0.0014607222297505899,10.344827586206897,0.77,4250.0
1937.7631082262053,1114.7319974734294,-4213.378985099422,0.0014539895121156896,11.03448275862069,0.77,4250.0
2013.9794798265716,1129.1907101070533,-4370.186879828449,0.00144745581764578,11.724137931034484,0.77,4250.0
2087.8347544955577,1141.0840727462885,-4520.94348731589,0.0014411084596807106,12.413793103448278,0.77,4250.0
2159.4929313808884,1150.659043849589,-4666.082355664199,0.0014349359985631161,13.10344827586207,0.77,4250.0
2229.1014097527686,1158.1350336014139,-4805.989415024997,0.001428928143754625,13.793103448275863,0.77,4250.0
2296.794701917544,1163.7146336663166,-4941.039586301449,0.0014153030543583706,14.482758620689657,0.77,4200.0
2362.688981749037,1167.5738266735948,-5071.539262892169,0.001409659286175218,15.172413793103448,0.77,4200.0
2426.8910840372578,1169.8712551189294,-5197.744757685803,0.0014041525066710884,15.862068965517242,0.77,4200.0
2489.499406094392,1170.7536891194927,-5319.911131531233,0.0013987757203093784,16.551724137931036,0.77,4200.0
2550.6012268653626,1170.3521228391844,-5438.270833734961,0.001393522482310724,17.24137931034483,0.77,4200.0
2610.276111148713,1168.7838189344639,-5553.036254305967,0.00138838684467153,17.931034482758623,0.77,4200.0
2668.5978240725863,1166.1561884882883,-5664.4022336706985,0.0013833632855790984,18.620689655172416,0.77,4200.0
2725.6363774464553,1162.5709940884676,-5772.547337935401,0.0013784467185911928,19.310344827586206,0.77,4200.0
2781.451438332149,1158.1157288930242,-5877.63611050968,0.001373632419122884,20.0,0.77,4200.0
0.0,0.0,-1.9837966363484156,0.001461475568062546,0.0,0.79,4250.0
204.32520015088403,177.97620671274464,-425.99827663706674,0.001449948849048668,0.6896551724137931,0.79,4250.0
374.98769518838117,316.63898454666673,-798.8049710933192,0.001439320542717615,1.3793103448275863,0.79,4250.0
524.8682836442634,430.08603373522817,-1132.9261341372185,0.001429424002240488,2.0689655172413794,0.79,4250.0
660.1291087525339,525.3053629459163,-1436.569494493764,0.0014201396118765466,2.7586206896551726,0.79,4250.0
784.2982711321605,606.4390139455046,-1715.4347234024026,0.0014113779531634866,3.4482758620689657,0.79,4250.0
899.6340183743125,676.2256769071612,-1973.6607312829437,0.001403069906081042,4.137931034482759,0.79,4250.0
1007.6862080884275,736.6054131532694,-2214.3609804106236,0.00139516072958633,4.827586206896552,0.79,4250.0
1109.5861132331434,789.0346687897681,-2439.946273024332,0.0013876060336590194,5.517241379310345,0.79,4250.0
1206.184891203159,834.6387760135518,-2652.327176712737,0.0013803692875610286,6.206896551724139,0.79,4250.0
1298.1513842666582,874.3204778190055,-2853.0486323055666,0.0013734199117369594,6.8965517241379315,0.79,4250.0
1386.0159181020072,908.8127447973156,-3043.380982126386,0.0013667319663216992,7.586206896551724,0.79,4250.0
1470.2168579431714,938.7318913093943,-3224.38322412828,0.001360283279628051,8.275862068965518,0.79,4250.0
1551.113310759551,964.5924099878231,-3396.949896777078,0.0013540546474555169,8.965517241379311,0.79,4250.0
1629.010784390095,986.8352312040422,-3561.844762776025,0.0013480292901926873,9.655172413793103,0.79,4250.0
1704.1699253652466,1005.842963906289,-3719.7254408054214,0.0013421925063932766,10.344827586206897,0.79,4250.0
1776.8126180696013,1021.9459084361214,-3871.163644645254,0.0013365312728984152,11.03448275862069,0.79,4250.0
1847.135035807727,1035.4358291420901,-4016.6602326473294,0.0013310339671268423,11.724137931034484,0.79,4250.0
1915.3077923075296,1046.5674978673717,-4156.656376294413,0.0013256902078888665,12.413793103448278,0.79,4250.0
1981.4800727355916,1055.5686703605227,-4291.543154045197,0.0013204906706997433,13.10344827586207,0.79,4250.0
2045.786611094895,1062.642639463924,-4421.669487584644,0.0013154269178111166,13.793103448275863,0.79,4250.0
2108.347896606296,1067.9703202413805,-4547.348316690717,0.0013104912698624922,14.482758620689657,0.79,4250.0
2169.2696230986594,1071.7130087448902,-4668.8610241571805,0.0013056767562377326,15.172413793103448,0.79,4250.0
2228.648649289589,1074.01809757069,-4786.461834642687,0.001300977016108362,15.862068965517242,0.79,4250.0
2286.574756295902,1075.0196500453537,-4900.415752330853,0.0012892893940626455,16.551724137931036,0.79,4200.0
2343.1262800216987,1074.8342384649623,-5010.910631407802,0.0012848506340173117,17.24137931034483,0.79,4200.0
2398.375878296137,1073.5722766268532,-5118.12613198303,0.0012805090888998903,17.931034482758623,0.79,4200.0
2452.3902807635573,1071.332690150074,-5222.238110732324,0.0012762602632200044,18.620689655172416,0.79,4200.0
2505.232947904915,1068.2066962991476,-5323.408378994383,0.0012720999807845211,19.310344827586206,0.79,4200.0
2556.958369527699,1064.2743662740481,-5421.786107519925,0.0012680243586015707,20.0,0.79,4200.0
0.0,0.0,-1.9837966363484156,0.0013198993598209823,0.0,0.81,4250.0
184.64883816108883,160.8348669785056,-385.1769601137639,0.0013105044550868056,0.6896551724137931,0.81,4250.0
339.0671819216797,286.2994714334362,-722.5859095841806,0.0013018312134599164,1.3793103448275863,0.81,4250.0
474.8325482665457,389.0692221707066,-1025.4003170021388,0.0012937459812243912,2.0689655172413794,0.81,4250.0
597.4783137574935,475.42344169162146,-1300.952756954066,0.0012861528085606575,2.7586206896551726,0.81,4250.0
710.172788062341,549.0856070918296,-1554.3339826081356,0.0012789800025188058,3.4482758620689657,0.81,4250.0
814.9360896547292,612.5115544358314,-1789.2404635261119,0.0012721721214283633,4.137931034482759,0.81,4250.0
913.1624675595486,667.4479004844457,-2008.4525318425585,0.0012656852580564476,4.827586206896552,0.81,4250.0
1005.8614238857832,715.1998977742088,-2214.1227449492,0.0012594838470814467,5.517241379310345,0.81,4250.0
1093.8002496887057,756.7838447502216,-2407.9577226720503,0.00125353854001468,6.206896551724139,0.81,4250.0
1177.5731728535252,793.007516866913,-2591.3368903657247,0.0012478248323083995,6.8965517241379315,0.81,4250.0
1257.6606593957097,824.5349758495387,-2765.394701560217,0.0012423219377461863,7.586206896551724,0.81,4250.0
1334.450992319578,851.9162581921449,-2931.077693876083,0.001237012017899014,8.275862068965518,0.81,4250.0
1408.26813405874,875.6175805918941,-3089.18475705522,0.0012318796820342227,8.965517241379311,0.81,4250.0
1479.3871650146573,896.0389698461823,-3240.398068240567,0.0012269114933350569,9.655172413793103,0.81,4250.0
1548.038667583307,913.5207590740541,-3385.30588248017,0.0012220956144174924,10.344827586206897,0.81,4250.0
1614.4237773116529,928.3629804736922,-3524.4194104095877,0.0012174215762060432,11.03448275862069,0.81,4250.0
1678.7188505575007,940.8305469457991,-3658.1859886980455,0.00121288008058294,11.724137931034484,0.81,4250.0
1741.0747213111817,951.1529628264998,-3787.0002460224932,0.0012084627906818208,12.413793103448278,0.81,4250.0
1801.6266581739235,959.5344903521352,-3911.2124463239015,0.001204162187718481,13.10344827586207,0.81,4250.0
1860.4965621518506,966.1607742825487,-4031.1349229676707,0.001199971481976035,13.793103448275863,0.81,4250.0
1917.7904601913376,971.1951767694239,-4147.047275072342,0.0011958845328027448,14.482758620689657,0.81,4250.0
1973.6042176614164,974.7844569429994,-4259.201465856393,0.0011918957367980667,15.172413793103448,0.81,4250.0
2028.0249085933144,977.059838435223,-4367.82542478793,0.0011879999654666944,15.862068965517242,0.81,4250.0
2081.13358566297,978.1445335569742,-4473.126236960088,0.0011841925014306788,16.551724137931036,0.81,4250.0
2132.9999048511017,978.1456587621111,-4575.292277554756,0.0011804690233645284,17.24137931034483,0.81,4250.0
2183.6893304535624,977.1618530240863,-4674.495530589382,0.0011768255527231787,17.931034482758623,0.81,4250.0
2233.26193375407,975.2812479213364,-4770.899087028622,0.0011668035883058829,18.620689655172416,0.81,4200.0
2281.7744904843107,972.5887817246722,-4864.677074916384,0.0011633470081328437,19.310344827586206,0.81,4200.0
2329.2767091822316,969.1583130900633,-4955.92844688132,0.001159959184829097,20.0,0.81,4200.0
0.0,0.0,-1.9837966363484156,0.0011788375295996216,0.0,0.8300000000000001,4250.0
165.0118624660622,143.72835712772985,-344.4361487008209,0.0011713490684790806,0.6896551724137931,0.8300000000000001,4250.0
303.177582697441,255.98775544307858,-646.4115178696811,0.001164427442341535,1.3793103448275863,0.8300000000000001,4250.0
424.78839466863957,348.04882943252153,-917.798115617159,0.0011579678140535375,2.0689655172413794,0.8300000000000001,4250.0
534.7597158451423,425.49316688409476,-1165.0739497004179,0.0011518949211224178,2.7586206896551726,0.8300000000000001,4250.0
635.8997174108465,491.62535448667205,-1392.735509921171,0.0011461525293375453,3.4482758620689657,0.8300000000000001,4250.0
730.0023658256789,548.6294220772154,-1604.0470278440043,0.0011406971853034583,4.137931034482759,0.8300000000000001,4250.0
818.3014003191181,598.0556505308163,-1801.463963764123,0.0011354944179178407,4.827586206896552,0.8300000000000001,4250.0
901.6940664895408,641.0651319719349,-1986.886775585328,0.0011305163549208044,5.517241379310345,0.8300000000000001,4250.0
980.8561842637793,678.5582125719147,-2161.822217822475,0.0011257399980956354,6.206896551724139,0.8300000000000001,4250.0
1056.3194840503,711.2584361438047,-2327.488842993458,0.0011211460860018265,6.8965517241379315,0.8300000000000001,4250.0
1128.5049245813273,739.7532239025985,-2484.8882343856676,0.0011167183303262707,7.586206896551724,0.8300000000000001,4250.0
1197.7580644977656,764.5323290355324,-2634.8560363664437,0.0011124427648596055,8.275862068965518,0.8300000000000001,4250.0
1264.3686473021503,786.0137103452012,-2778.098364004327,0.0011083072819062186,8.965517241379311,0.8300000000000001,4250.0
1328.5761340631295,804.5502715925833,-2915.2180420127916,0.0011043013260982164,9.655172413793103,0.8300000000000001,4250.0
1390.5869517292522,820.4485895183749,-3046.734425482551,0.0011004156346182306,10.344827586206897,0.8300000000000001,4250.0
1450.5809867049272,833.97704567523,-3173.0992059100536,0.0010966419983782993,11.03448275862069,0.8300000000000001,4250.0
1508.7115197381884,845.3680035917979,-3294.708246135873,0.001092973091088372,11.724137931034484,0.8300000000000001,4250.0
1565.1139797868268,854.82921646608,-3411.910615016226,0.001089402355817081,12.413793103448278,0.8300000000000001,4250.0
1619.9086071527004,862.5447288730857,-3525.015710250991,0.0010859239085834974,13.10344827586207,0.8300000000000001,4250.0
1673.2031858971477,868.6795358358468,-3634.299614841955,0.0010825324269546502,13.793103448275863,0.8300000000000001,4250.0
1725.0912800706453,873.3772818532176,-3740.009983449512,0.0010792230739003444,14.482758620689657,0.8300000000000001,4250.0
1775.6585702412187,876.7715309980163,-3842.3700638890514,0.0010759914294724833,15.172413793103448,0.8300000000000001,4250.0
1824.9825033593218,878.9813583698852,-3941.5816439573464,0.0010728334621226392,15.862068965517242,0.8300000000000001,4250.0
1873.1346802142473,880.115790485213,-4037.827720420668,0.001069745482859705,16.551724137931036,0.8300000000000001,4250.0
1920.1769758979403,880.2693200615355,-4131.275090889656,0.0010667240950060694,17.24137931034483,0.8300000000000001,4250.0
1966.1676775546816,879.5315436701367,-4222.076335072525,0.00106376616092853,17.931034482758623,0.8300000000000001,4250.0
2011.1602082685688,877.9834969918599,-4310.371491614453,0.0010608687702886852,18.620689655172416,0.8300000000000001,4250.0
2055.2045487382084,875.6995081896572,-4396.289341382377,0.0010580292245919473,19.310344827586206,0.8300000000000001,4250.0
2098.3458507598393,872.7460411878982,-4479.948492183881,0.001055245023483426,20.0,0.8300000000000001,4250.0
0.0,0.0,-1.9837966363484156,0.0010382858721718945,0.0,0.85,4250.0
145.41379944917588,126.65623642914358,-303.7754534530686,0.0010324812708078538,0.6896551724137931,0.85,4250.0
267.31870744027754,225.70367925567015,-570.2819623153264,0.0010271095893309742,1.3793103448275863,0.85,4250.0
374.7363799994614,307.02545327254535,-810.1204820022904,0.0010220908489846992,2.0689655172413794,0.85,4250.0
471.97153706004167,375.5128610989517,-1028.9346013553732,0.0010173676476970615,2.7586206896551726,0.85,4250.0
561.4797673631008,434.0591531649222,-1230.640883873988,0.001012897076101581,3.4482758620689657,0.85,4250.0
644.831117932503,484.57863076913594,-1418.081741404807,0.0010086460137938235,4.137931034482759,0.85,4250.0
723.103357557637,528.4293472989514,-1593.3951732977876,0.0010045881732538599,4.827586206896552,0.85,4250.0
797.0791357474114,566.6265870760391,-1758.2361248788075,0.0010007022749055716,5.517241379310345,0.85,4250.0
867.3527144192029,599.9633142427709,-1913.9161768176418,0.000996970798010386,6.206896551724139,0.85,4250.0
934.3837835070169,629.0697478497827,-2061.4960529596865,0.000993379068805655,6.8965517241379315,0.85,4250.0
998.5425327425954,654.4636604012237,-2201.848236915408,0.000989914634260108,7.586206896551724,0.85,4250.0
1060.132869660127,676.5780104752524,-2335.7004358749036,0.000986566838971086,8.275862068965518,0.85,4250.0
1119.4034931778594,695.7743755379205,-2463.6671911690646,0.0009833264703220054,8.965517241379311,0.85,4250.0
1176.5659126815074,712.3648539065616,-2586.2734835254014,0.0009801854790233732,9.655172413793103,0.85,4250.0
1231.8019557438893,726.6210376894102,-2703.972144850093,0.0009771367732025165,10.344827586206897,0.85,4250.0
1285.2665608468483,738.7774293495697,-2817.156816997158,0.0009741740832185212,11.03448275862069,0.85,4250.0
1337.0942360852655,749.039621137746,-2926.172178440087,0.0009712918330711668,11.724137931034484,0.85,4250.0
1387.4036400071666,757.588891394934,-3031.322256017025,0.0009684850277511691,12.413793103448278,0.85,4250.0
1436.300866709037,764.5889427978311,-3132.876976292049,0.0009657491658830126,13.10344827586207,0.85,4250.0
1483.8785443026632,770.1842318725706,-3231.0773586349824,0.0009630801680266392,13.793103448275863,0.85,4250.0
1530.2193943948585,774.5036520860233,-3326.1394310066753,0.0009604743385550453,14.482758620689657,0.85,4250.0
1575.3982992861777,777.6636635411126,-3418.2577196880156,0.0009579283134422209,15.172413793103448,0.85,4250.0
1619.4830596995955,779.7680761580663,-3507.608102786595,0.0009554390191934579,15.862068965517242,0.85,4250.0
1662.5361835083045,780.9144751068594,-3594.350449685022,0.0009530036309977752,16.551724137931036,0.85,4250.0
1704.612058334451,781.1877810775129,-3678.6305333435375,0.000950619545775709,17.24137931034483,0.85,4250.0
1745.7617424818939,780.6664061027942,-3760.5817447577065,0.0009482843564449745,17.931034482758623,0.85,4250.0
1786.0319943499248,779.4214920613114,-3840.326306416013,0.000945995843005476,18.620689655172416,0.85,4250.0
1825.4657897726274,777.5172548445561,-3917.9766018622176,0.0009437519476445137,19.310344827586206,0.85,4250.0
1864.1042157768507,775.0157592746932,-3993.6361557008495,0.0009415507607782696,20.0,0.85,4250.0
0.0,0.0,-1.9837966363484156,0.000898240237433148,0.0,0.87,4250.0
125.85440361978496,109.61828929492914,-263.1944890966406,0.0008938996570734717,0.6896551724137931,0.87,4250.0
231.49036922351064,195.4470882490193,-494.19740826654015,0.0008898780118881046,1.3793103448275863,0.87,4250.0
324.6769969070811,265.9996165127741,-702.3683602881283,0.0008861164331867238,2.0689655172413794,0.87,4250.0
409.11332054842126,325.48216166313296,-892.5363132428101,0.0008825726900036723,2.7586206896551726,0.87,4250.0
486.91339225298407,376.38763037246076,-1068.051755178407,0.0008792151976058999,3.4482758620689657,0.87,4250.0
559.4217172298551,420.35895430715385,-1231.3457716708508,0.0008760195850014907,4.137931034482759,0.87,4250.0
627.5658108879433,458.5668278909725,-1384.246408302366,0.0008729665325637148,4.827586206896552,0.87,4250.0
692.0175251812688,491.88605573882245,-1528.1687923923455,0.0008700403771641377,5.517241379310345,0.87,4250.0
753.2838771687361,520.9949027188958,-1664.2345783066485,0.0008672282159364553,6.206896551724139,0.87,4250.0
811.7620827737923,546.4395982982257,-1793.3505655508488,0.0008645192613938364,6.8965517241379315,0.87,4250.0
867.769900438699,568.6666933683874,-1916.262460018581,0.0008619043690845922,7.586206896551724,0.87,4250.0
921.5650808568258,588.0465647597899,-2033.5926148142607,0.0008593756905842511,8.275862068965518,0.87,4250.0
973.3629669098962,604.8937338488122,-2145.8668418689704,0.0008569264329836369,8.965517241379311,0.87,4250.0
1023.3461074516733,619.4783976666906,-2253.534133065834,0.0008545506740686941,9.655172413793103,0.87,4250.0
1071.668894994864,632.0320051464877,-2356.981515717882,0.0008522432096651814,10.344827586206897,0.87,4250.0
1118.4640020688657,642.7580605082596,-2456.5456366538056,0.0008499994287916265,11.03448275862069,0.87,4250.0
1163.8476149495145,651.8350383118063,-2552.52159969449,0.0008478152181542205,11.724137931034484,0.87,4250.0
1207.9219703363528,659.4209716762108,-2645.169815537287,0.0008456868899169702,12.413793103448278,0.87,4250.0
1250.7781316928376,665.6570851305991,-2734.7213171700423,0.0008436111305958215,13.10344827586207,0.87,4250.0
1292.4947637618343,670.666399467824,-2821.3822698943695,0.0008415849447019809,13.793103448275863,0.87,4250.0
1333.1434012830132,674.5614561099178,-2905.3374869268446,0.0008396056151787176,14.482758620689657,0.87,4250.0
1372.7883897422475,677.443735062731,-2986.753613921981,0.0008376706619813125,15.172413793103448,0.87,4250.0
1411.4879422794822,679.4044640940097,-3065.781509648208,0.0008357778138513698,15.862068965517242,0.87,4250.0
1449.296124304478,680.5274165675748,-3142.5582939523156,0.000833924982817576,16.551724137931036,0.87,4250.0
1486.2594485923755,680.8857975059142,-3217.208866872679,0.0008321102521714327,17.24137931034483,0.87,4250.0
1522.4218205767693,680.5470556051655,-3289.847460521647,0.0008303318529714051,17.931034482758623,0.87,4250.0
1557.8234267003627,679.5742550029869,-3360.5788163168036,0.0008285881496082946,18.620689655172416,0.87,4250.0
1592.5012040287756,678.0240439402644,-3429.499251700392,0.000826877625823765,19.310344827586206,0.87,4250.0
1626.4895741210435,675.9484982311229,-3496.697713724592,0.0008251988692470801,20.0,0.87,4250.0
0.0,0.0,-1.9837966363484156,0.0007586965293941144,0.0,0.89,4250.0
106.33343246321468,92.61430274820144,-222.6928739723735,0.0007556028354891427,0.6896551724137931,0.89,4250.0
195.6924937672578,165.2179417630442,-418.15802047943,0.0007527330649155534,1.3793103448275863,0.89,4250.0
274.6088990046864,224.97003080070874,-594.5426844638059,0.0007500459126824022,2.0689655172413794,0.89,4250.0
346.18674088336945,275.40281735537275,-755.8806484130691,0.0007475117638482416,2.7586206896551726,0.89,4250.0
412.19852906816965,318.6089460561531,-904.9698903974422,0.0007451084662524064,3.4482758620689657,0.89,4250.0
473.77439087457503,355.97098318896053,-1043.8402512200191,0.000742818922525408,4.137931034482759,0.89,4250.0
531.6885552205578,388.469156755247,-1174.0177367831056,0.000740629586183388,4.827586206896552,0.89,4250.0
586.5040204842801,416.83855837707284,-1296.68326647707,0.0007385294890914155,5.517241379310345,0.89,4250.0
638.6480935653664,441.6526819538794,-1412.772984971787,0.0007365095804741531,6.206896551724139,0.89,4250.0
688.451136609685,463.36702225148287,-1523.043831429728,0.0007345622887546078,6.8965517241379315,0.89,4250.0
736.1785876408876,482.3569910315756,-1628.1182345972484,0.0007326812000666651,7.586206896551724,0.89,4250.0
782.0473883032655,498.9356523716649,-1728.5154542657765,0.0007308608190567577,8.275862068965518,0.89,4250.0
826.2389920446349,513.3689644073762,-1824.6741640898254,0.0007290963902071993,8.965517241379311,0.89,4250.0
868.9044943613784,525.8829923187839,-1916.969177054445,0.0007273837577434996,9.655172413793103,0.89,4250.0
910.1731607396135,536.6736585799326,-2005.7238152001446,0.0007257192626561937,10.344827586206897,0.89,4250.0
950.1568027989881,545.9121530500139,-2091.2192097573716,0.0007240996694894127,11.03448275862069,0.89,4250.0
988.9527283194033,553.7482837440531,-2173.7017321546955,0.0007225220958289537,11.724137931034484,0.89,4250.0
1026.6473766469799,560.3172315660817,-2253.3887224357677,0.0007209839604335536,12.413793103448278,0.89,4250.0
1063.31534603773,565.7367006658344,-2330.473062014833,0.0007194829406160747,13.10344827586207,0.89,4250.0
1099.0234036656589,570.1121925074722,-2405.1270154202502,0.0007180169333444872,13.793103448275863,0.89,4250.0
1133.8315883029277,573.5386608521317,-2477.5052161187923,0.000716584025216819,14.482758620689657,0.89,4250.0
1167.7938730628082,576.1015850305889,-2547.747017785412,0.0007151824727996465,15.172413793103448,0.89,4250.0
1200.9589943710926,577.8772067811561,-2615.978498110315,0.0007138106831887141,15.862068965517242,0.89,4250.0
1233.372254539742,578.937212821467,-2682.314209610515,0.0007124671942940225,16.551724137931036,0.89,4250.0
1265.0729099685564,579.3443604055177,-2746.8585978589035,0.0007111506601987341,17.24137931034483,0.89,4250.0
1296.0976040676187,579.156248927716,-2809.7071282647958,0.0007098598401320374,17.931034482758623,0.89,4250.0
1326.4800721429694,578.4255409862787,-2870.9474595921492,0.0007085935842973952,18.620689655172416,0.89,4250.0
1356.251355513587,577.2003470646049,-2930.660289180436,0.0007073508251568509,19.310344827586206,0.89,4250.0
1385.4401122925992,575.5240923956645,-2988.920149770973,0.0007061305672967054,20.0,0.89,4250.0
0.0,0.0,-1.9837966363484156,0.0006196507051806341,0.0,0.91,4250.0
86.85064638906873,75.64406637769252,-182.27022998117172,0.0006175894272800854,0.6896551724137931,0.91,4250.0
159.92603920000403,135.0172205453427,-342.16397323890124,0.0006156750999399224,1.3793103448275863,0.91,4250.0
224.53199299659056,183.93664343243896,-486.6443960912802,0.0006138806288547576,2.0689655172413794,0.91,4250.0
283.19054721857964,225.27366843012823,-618.9691546392714,0.0006121865951526677,2.7586206896551726,0.91,4250.0
337.33707117732837,260.72516403621444,-741.3970970870214,0.0006105784806331422,3.4482758620689657,0.91,4250.0
387.8866769426806,291.4126712025794,-855.5666015012248,0.0006090450732547898,4.137931034482759,0.91,4250.0
435.46942172580503,318.1348508215675,-962.7091612675285,0.0006075774917704543,4.827586206896552,0.91,4250.0
480.5397928334912,341.4872491397462,-1063.7776764208684,0.0006061685455470713,5.517241379310345,0.91,4250.0
523.4419756562036,361.93404061092735,-1159.5272435576262,0.0006048123100445955,6.206896551724139,0.91,4250.0
564.4446486061728,379.8473003357977,-1250.5683991194383,0.0006035038264714552,6.8965517241379315,0.91,4250.0
603.763171452325,395.53215128452996,-1337.4033151507756,0.0006022388872691932,7.586206896551724,0.91,4250.0
641.5738104047111,409.2432905867412,-1420.4509587427092,0.0006010138882534022,8.275862068965518,0.91,4250.0
678.0213604687476,421.19584437603146,-1500.0652982387837,0.0005998257111430274,8.965517241379311,0.91,4250.0
713.2288015968568,431.57458047312775,-1576.5486999249988,0.0005986716337213732,9.655172413793103,0.91,4250.0
747.301071440914,440.53947672358527,-1650.1619316647702,0.0005975492617593684,10.344827586206897,0.91,4250.0
780.3286449507442,448.2302123224379,-1721.1317593456988,0.000596456476145077,11.03448275862069,0.91,4250.0
812.3908841518777,454.7702084764162,-1789.6569996131439,0.0005953913871902108,11.724137931034484,0.91,4250.0
843.55691369633,460.2682274086705,-1855.913170259555,0.0005943522994441877,12.413793103448278,0.91,4250.0
873.8872436913636,464.8200545354429,-1920.056099400419,0.0005933376868936902,13.10344827586207,0.91,4250.0
903.4362208909257,468.51199631961697,-1982.2248779853326,0.0005923461705011776,13.793103448275863,0.91,4250.0
932.2524631204709,471.42223832174756,-2042.544315309242,0.0005913764976313284,14.482758620689657,0.91,4250.0
960.3796886867133,473.6207022820805,-2101.1269211191175,0.0005904275261109102,15.172413793103448,0.91,4250.0
987.8573945145743,475.170569868625,-2158.074544384828,0.0005894982108353189,15.862068965517242,0.91,4250.0
1014.7218772375259,476.1295157533862,-2213.4796847955877,0.0005885875933911377,16.551724137931036,0.91,4250.0
1041.0057713647484,476.54959329401186,-2267.4267225338845,0.0005876947908760552,17.24137931034483,0.91,4250.0
1066.738405248259,476.47764269054034,-2319.9928992415516,0.0005868189874632444,17.931034482758623,0.91,4250.0
1091.9471669113207,475.956069723605,-2371.249161764419,0.0005859594263612991,18.620689655172416,0.91,4250.0
1116.6572480021487,475.02504368657964,-2421.2607977701264,0.0005851154058055755,19.310344827586206,0.91,4250.0
1140.891880843725,473.7208330572343,-2470.0880320881697,0.0005842862739407567,20.0,0.91,4250.0
0.0,0.0,-1.9837966363484156,0.0004810987735888729,0.0,0.93,4250.0
67.40580868032364,58.7073722932104,-141.92618252960528,0.00047985806648676054,0.6896551724137931,0.93,4250.0
124.1895929222873,104.84355103708866,-266.2154339295739,0.000478704467213541,1.3793103448275863,0.93,4250.0
174.44711791599875,142.90033177422924,-378.67444214545685,0.00047762192030772257,2.0689655172413794,0.93,4250.0
220.12401358173778,175.0940870897927,-481.8033590499617,0.0004765989196732319,2.7586206896551726,0.93,4250.0
262.32732594864837,202.73479318372546,-577.3351179703313,0.00047562686951513377,3.4482758620689657,0.93,4250.0
301.7607426193689,226.68651941022893,-666.526280234466,0.0004746991315240199,4.137931034482759,0.93,4250.0
338.90799057041244,247.56415129744173,-750.3211834848335,0.00047381044483977745,4.827586206896552,0.93,4250.0
374.1197685219118,265.8282072574981,-829.4503816306024,0.00047295655223837283,5.517241379310345,0.93,4250.0
407.66141924810387,281.83754766016585,-904.4927628055448,0.0004721339451035345,6.206896551724139,0.93,4250.0
439.739874815306,295.8797936929565,-975.9163261510403,0.0004713396877770305,6.8965517241379315,0.93,4250.0
470.51961034713923,308.18971220042624,-1044.1059023874404,0.0004705712921174497,7.586206896551724,0.93,4250.0
500.1356023083636,318.96399756709246,-1109.382528321723,0.0004698266263701928,8.275862068965518,0.93,4250.0
528.7000117484579,328.36933443229816,-1172.0174825491413,0.0004691038447629032,8.965517241379311,0.93,4250.0
556.3074067373295,336.54807338014234,-1232.2425610336795,0.0004684013343364204,9.655172413793103,0.93,4250.0
583.0384891808283,343.62461987226555,-1290.2576841328919,0.00046771767679339485,10.344827586206897,0.93,4250.0
608.9633040376578,349.707696504813,-1346.2367502934503,0.0004670516166177115,11.03448275862069,0.93,4250.0
634.1424730228293,354.8925998755008,-1400.3321948027296,0.00046640203498769155,11.724137931034484,0.93,4250.0
658.628663475347,359.2631583670962,-1452.6785523400467,0.0004657679293797696,12.413793103448278,0.93,4250.0
682.4688800336455,362.8944535601377,-1503.3952897175768,0.00046514839697500183,13.10344827586207,0.93,4250.0
705.7049387588359,365.85363743710064,-1552.5890839529457,0.0004645426210297597,13.793103448275863,0.93,4250.0
728.3742497442113,368.20101236084184,-1600.3556623069744,0.0004639498597387613,14.482758620689657,0.93,4250.0
750.5104452009797,369.99091746987733,-1646.7812970402447,0.0004633694371139801,15.172413793103448,0.93,4250.0
772.1439296614165,371.27233922312854,-1691.944135250611,0.0004628007339920017,15.862068965517242,0.93,4250.0
793.3023020185238,372.08938991815063,-1735.9152275946763,0.0004622431814527362,16.551724137931036,0.93,4250.0
814.011204601179,372.48361323256967,-1778.7594091504943,0.00046169625505157555,17.24137931034483,0.93,4250.0
834.2933827658609,372.49170248411343,-1820.5359835825075,0.00046115947129916625,17.931034482758623,0.93,4250.0
854.1696545087008,372.1470462455827,-1861.2993908319622,0.0004606323825616364,18.620689655172416,0.93,4250.0
873.6594232047393,371.48042921850947,-1901.099750191861,0.00046011457335331645,19.310344827586206,0.93,4250.0
892.7805941181861,370.52004525876526,-1939.9833261441818,0.0004596056571442957,20.0,0.93,4250.0
0.0,0.0,-1.9837966363484156,0.000343036795448355,0.0,0.9500000000000001,4250.0
47.99868544369555,41.80396532526063,-101.66036047693342,0.0003424073997721243,0.6896551724137931,0.9500000000000001,4250.0
88.48298010289561,74.69678898644158,-190.3125642304658,0.00034182151504607856,1.3793103448275863,0.9500000000000001,4250.0
124.35425092030246,101.86110799564098,-270.6337995809299,0.00034127112263857674,2.0689655172413794,0.9500000000000001,4250.0
156.98864664041372,124.86566046184787,-344.3848252537209,0.0003407504773627288,2.7586206896551726,0.9500000000000001,4250.0
187.16878397085452,144.63753217382902,-412.7856704762162,0.00034025528752507637,3.4482758620689657,0.9500000000000001,4250.0
215.39294910032245,161.7893147256718,-476.72066429913684,0.00033978224114873814,4.137931034482759,0.9500000000000001,4250.0
242.00248419851613,176.75595026417238,-536.8541928384366,0.000339328714431209,4.827586206896552,0.9500000000000001,4250.0
267.2444217054439,189.8629215083647,-593.7001808293498,0.00033889258245984764,5.517241379310345,0.9500000000000001,4250.0
291.3056752416508,201.36402972044823,-647.6657940014411,0.00033847209442694877,6.206896551724139,0.9500000000000001,4250.0
314.33198530345413,211.4627772629034,-699.080154648429,0.00033806578593073046,6.8965517241379315,0.9500000000000001,4250.0
336.4399285195236,220.32611449612094,-748.2138779635934,0.0003376724158377188,7.586206896551724,0.9500000000000001,4250.0
357.72471153048514,228.09352081970633,-795.2927428742769,0.000337290920386556,8.275862068965518,0.9500000000000001,4250.0
378.26543893618623,234.8832543325519,-840.5075127118034,0.00033692037887242713,8.965517241379311,0.9500000000000001,4250.0
398.12879563033226,240.79680143423113,-884.0211495759286,0.00033655998751251984,9.655172413793103,0.9500000000000001,4250.0
417.3723776660457,245.9227992747431,-925.9742193190104,0.00033620903921548374,10.344827586206897,0.9500000000000001,4250.0
436.04458959273404,250.33749817705447,-966.4890120814525,0.0003358669076928789,11.03448275862069,0.9500000000000001,4250.0
454.1881562202565,254.10859855191913,-1005.6727306491885,0.0003355330348411721,11.724137931034484,0.9500000000000001,4250.0
471.8405845648462,257.29563193507107,-1043.6199745177146,0.0003352069207868291,12.413793103448278,0.9500000000000001,4250.0
489.0350389882303,259.95245641897947,-1080.4147713421116,0.0003348881151616783,13.10344827586207,0.9500000000000001,4250.0
505.80103317197575,262.12696864621256,-1116.132177973006,0.00033457621026065037,13.793103448275863,0.9500000000000001,4250.0
522.1649828937124,263.8621534571646,-1150.839577478444,0.00033427083545412684,14.482758620689657,0.9500000000000001,4250.0
538.1506438895666,265.19676873461543,-1184.597712345305,0.0003339716530832972,15.172413793103448,0.9500000000000001,4250.0
553.7794856161707,266.16587438948073,-1217.4615867184039,0.000333678354125488,15.862068965517242,0.9500000000000001,4250.0
569.0709947635078,266.80127411226596,-1249.4812030050161,0.00033339065482714566,16.551724137931036,0.9500000000000001,4250.0
584.0429277652661,267.1318896658366,-1280.7021797590423,0.0003331082938478401,17.24137931034483,0.9500000000000001,4250.0
598.7115227196753,267.1840805012749,-1311.1662741019172,0.0003328310298118628,17.931034482758623,0.9500000000000001,4250.0
613.0921166237121,266.9823268820694,-1340.9118261907788,0.0003325586391979041,18.620689655172416,0.9500000000000001,4250.0
627.1980549219635,266.54832745260074,-1369.9741395612436,0.000332290914510928,19.310344827586206,0.9500000000000001,4250.0
641.0419109487909,265.9021649573144,-1398.3858083635569,0.0003320276626910373,20.0,0.9500000000000001,4250.0
0.0,0.0,-1.9837966363484156,0.00020546088232880635,0.0,0.97,4250.0
28.62904556105648,24.933649263905135,-61.47239608374366,0.00020523608623281283,0.6896551724137931,0.97,4250.0
52.80602882022676,44.576792636534684,-114.45552477658202,0.0002050265892155345,1.3793103448275863,0.97,4250.0
74.25235765100444,60.81798397264807,-162.52341524544318,0.0002048295716718889,2.0689655172413794,0.97,4250.0
93.7835930678675,74.58761760056778,-206.7151986416793,0.00020464301398219026,2.7586206896551726,0.97,4250.0
111.86309685455777,86.43520898854354,-247.75060181646404,0.00020446540786646245,3.4482758620689657,0.97,4250.0
128.7853336319064,96.72347075648644,-286.1511396833812,0.00020429558952608217,4.137931034482759,0.97,4250.0
144.75222268696135,105.71026445323086,-322.3085129661049,0.00020413263710925293,4.827586206896552,0.97,4250.0
159.91003224023132,113.58880412286757,-356.5256188168132,0.00020397580454741072,5.517241379310345,0.97,4250.0
174.36918475073676,120.50958315387895,-389.0423853039465,0.00020382447711747204,6.206896551724139,0.97,4250.0
188.21576051275676,126.59332304100353,-420.0527267759753,0.00020367814059335236,6.8965517241379315,0.97,4250.0
201.51860029166238,131.93910818073786,-449.7160584339799,0.00020353635926135597,7.586206896551724,0.97,4250.0
214.33437513465924,136.630209507226,-478.1653791843273,0.00020339875962845037,8.275862068965518,0.97,4250.0
226.70934168281048,140.736449657573,-505.51306731416116,0.00020326501830674994,8.965517241379311,0.97,4250.0
238.6828674461671,144.31815010533504,-531.8551170257997,0.0002031348530691473,9.655172413793103,0.97,4250.0
250.2885625773794,147.42764599527416,-557.2743281375588,0.00020300801567607035,10.344827586206897,0.97,4250.0
261.55542119359177,150.11071814858047,-581.8427373977975,0.00020288428625355452,11.03448275862069,0.97,4250.0
272.5086885967013,152.40770337635635,-605.623498511457,0.00020276346885303204,11.724137931034484,0.97,4250.0
283.1705258299044,154.35436184797481,-628.6723579120444,0.00020264538787783927,12.413793103448278,0.97,4250.0
293.56052724589625,155.98256572695752,-651.0388278260434,0.00020252988517678683,13.10344827586207,0.97,4250.0
303.6961294248965,157.32085376687718,-672.7671293661115,0.00020241681765752258,13.793103448275863,0.97,4250.0
313.59293841179505,158.3948836515634,-693.8969585989471,0.00020230605530953817,14.482758620689657,0.97,4250.0
323.2649946128814,159.22780512619542,-714.4641147026341,0.00020219747955333692,15.172413793103448,0.97,4250.0
332.72498945897155,159.8405709197898,-734.5010194968272,0.0002020909818517938,15.862068965517242,0.97,4250.0
341.98444428841395,160.25219820179464,-754.0371505489165,0.00020198646253409647,16.551724137931036,0.97,4250.0
351.0538593033335,160.47999025640885,-773.0994048753419,0.00020188382979347832,17.24137931034483,0.97,4250.0
359.94283857693426,160.5397258338129,-791.7124064258314,0.00020178299882805714,17.931034482758623,0.97,4250.0
368.6601957161829,160.44551422291903,-809.8987676702527,0.0002016838911003586,18.620689655172416,0.97,4250.0
377.2140437621035,160.21084074751246,-827.6793134349355,0.00020158643369591115,19.310344827586206,0.97,4250.0
385.61187214630445,159.84782374592683,-845.0732734750491,0.00020149055876500906,20.0,0.97,4250.0
0.0,0.0,-1.9837966363484156,6.836719520913077e-05,0.0,0.99,4250.0
9.296660642199262,8.096266594780401,-21.361924961427576,6.834279721413271e-05,0.6896551724137931,0.99,4250.0
17.15857001895736,14.483241638764339,-38.644475153894746,6.832003296435165e-05,1.3793103448275863,0.99,4250.0
24.141361532069418,19.770802497395845,-54.344227916706586,6.829860128788721e-05,2.0689655172413794,0.99,4250.0
30.508005777913443,24.259150780889694,-68.79606557975785,6.82782865286476e-05,2.7586206896551726,0.99,4250.0
36.407733595938794,28.12549634391402,-82.231813068458,6.825892767809372e-05,3.4482758620689657,0.99,4250.0
41.93528917327059,31.48676234400672,-94.81937180791283,6.824040053335438e-05,4.137931034482759,0.99,4250.0
47.15559054681464,34.42614766958369,-106.68479779936752,6.822260673523048e-05,4.827586206896552,0.99,4250.0
52.11563600368832,37.00596835146036,-117.92553430789849,6.820546669599602e-05,5.517241379310345,0.99,4250.0
56.850890444417445,39.27477995970616,-128.61874446862203,6.81889148504635e-05,6.206896551724139,0.99,4250.0
61.38899215667291,41.27155118838109,-138.82677831865294,6.817289635881447e-05,6.8965517241379315,0.99,4250.0
65.75204079671593,43.02828502250714,-148.60088635015563,6.815736475167626e-05,7.586206896551724,0.99,4250.0
69.95808103934891,44.57174916925671,-157.98381797682669,6.814228020682415e-05,8.275862068965518,0.99,4250.0
74.02210434701013,45.92466616147187,-167.01168701062852,6.81276082612336e-05,8.965517241379311,0.99,4250.0
77.95674856521778,47.106560259008226,-175.71534124552272,6.811331883057506e-05,9.655172413793103,0.99,4250.0
81.772800628236,48.134377754260754,-184.12138797312946,6.809938545050394e-05,10.344827586206897,0.99,4250.0
85.47956671945742,49.022952652115066,-192.25297538855375,6.808578468099676e-05,11.03448275862069,0.99,4250.0
89.08515065476003,49.78536378907701,-200.13039732407196,6.80724956326074e-05,11.724137931034484,0.99,4250.0
92.59666714323737,50.4332138218338,-207.77156782938255,6.805949958525795e-05,12.413793103448278,0.99,4250.0
96.02040783389539,50.97685074774566,-215.19239831966115,6.804677967823924e-05,13.10344827586207,0.99,4250.0
99.36197247501414,51.42554633491305,-222.40710071825742,6.803432065569508e-05,13.793103448275863,0.99,4250.0
102.62637385468413,51.78764168268781,-229.4284336528508,6.802210865581723e-05,14.482758620689657,0.99,4250.0
105.81812273584964,52.070667322690845,-236.26790429063112,6.801013103484456e-05,15.172413793103448,0.99,4250.0
108.94129731734954,52.28144332548548,-242.93593524605967,6.799837621903231e-05,15.862068965517242,0.99,4250.0
111.99960057638046,52.426163506639945,-249.4420037017262,6.798683357929996e-05,16.551724137931036,0.99,4250.0
114.9964080147589,52.51046684627431,-255.79475821949745,6.797549332440831e-05,17.24137931034483,0.99,4250.0
117.93480772554565,52.53949851605136,-262.0021174875001,6.796434640940508e-05,17.931034482758623,0.99,4250.0
120.81763425857511,52.517962383034515,-268.07135431450297,6.795338445672047e-05,18.620689655172416,0.99,4250.0
123.64749743339985,52.450166460040414,-274.0091675008007,6.794259968782501e-05,19.310344827586206,0.99,4250.0
126.42680700358987,52.34006247352634,-279.82174366238905,6.7931984863758e-05,20.0,0.99,4250.0
