CAPE_u,CAPE_ext,dh,sat_def,P,RH
2775.390461088394,2314.382109308773,-5186.389007871694,0.008466661911668154,0.9639096215349929,0.017215024355985403
4312.33813273831,3388.7360949332483,-7810.384955713962,0.007702590757859502,1.767727829392317,0.017215024355985403
4723.250423603647,3643.737333967816,-8453.899291226975,0.00750801209991916,2.023633647952303,0.017215024355985403
5629.0413327795195,4150.760959102557,-9769.003012083114,0.007077717798049054,2.6586996145951955,0.017215024355985403
5712.374944836795,4193.356774660505,-9882.394508652607,0.007038142455808995,2.72241561845159,0.017215024355985403
6134.015969126508,4397.773663094587,-10435.48982796324,0.006838188755131366,3.0595662415065252,0.017215024355985403
7481.511039762578,4917.647294431904,-11960.825303664453,0.0061778554582538016,4.320930397751037,0.017215024355985403
7643.487376883604,4965.520658932672,-12118.306111760168,0.006103437917234939,4.493615021437886,0.017215024355985403
7702.505608320702,4982.146817009952,-12174.26584374487,0.006076387830304837,4.557762898336111,0.017215024355985403
8733.233364554608,5199.806030418389,-13027.579977479982,0.005610334500311061,5.79219568941896,0.017215024355985403
9089.097109446007,5242.005664608096,-13267.046127543283,0.005452607660024238,6.2730884070244315,0.017215024355985403
9585.914000287341,5271.750563916324,-13553.587449292492,0.005213965300936557,6.997071338107496,0.017215024355985403
9697.678476796997,5273.710215352004,-13610.425327346209,0.0051659911959632656,7.168901891589956,0.017215024355985403
9714.223248806833,5273.851829253173,-13618.599090409298,0.005158906087888462,7.194629559509368,0.017215024355985403
9959.590199486065,5271.452654970158,-13732.5478951092,0.005054347980722923,7.585195298352101,0.017215024355985403
10082.599343667549,5267.072893816457,-13784.550104344511,0.005002300908185768,7.787509039657946,0.017215024355985403
10532.326682613664,5233.0129720121095,-13945.606608562899,0.0048142092630229704,8.566142840923755,0.017215024355985403
10781.87558920233,5201.931417000215,-14015.35435724612,0.004711376066022398,9.026023965438416,0.017215024355985403
10813.509028307451,5197.3736931333215,-14023.199910508352,0.004698420911703426,9.085806907076071,0.017215024355985403
11124.376144084157,5145.261251389056,-14088.424063521808,0.004572097282026285,9.69176377347724,0.017215024355985403
2731.73090974251,2277.8775623599727,-5109.1247640964575,0.008340334594776157,0.9639096215349929,0.03225783167118327
4248.06984833125,3338.023101157305,-7705.695770938786,0.007598931329063938,1.767727829392317,0.03225783167118327
4653.912955677132,3590.0048165497574,-8344.180100765268,0.007410064935713725,2.023633647952303,0.03225783167118327
5549.1794466725605,4091.5569716426644,-9651.710474451473,0.006991939156882174,2.6586996145951955,0.03225783167118327
5631.587315670672,4133.729706400075,-9764.64750574228,0.006953450453218124,2.72241561845159,0.03225783167118327
6048.667322181451,4336.228074021161,-10316.060897110394,0.006758902545910153,3.0595662415065252,0.03225783167118327
7382.832241310443,4852.336742503056,-11842.665833232124,0.006114807838820692,4.320930397751037,0.03225783167118327
7543.332542777356,4899.998760361596,-12000.966611573378,0.006042198308595894,4.493615021437886,0.03225783167118327
7601.817951164745,4916.558701026634,-12057.258583119168,0.006015800254891346,4.557762898336111,0.03225783167118327
8623.81008153104,5134.14024379455,-12919.147188094095,0.0055605403137736435,5.79219568941896,0.03225783167118327
8976.899606972429,5176.767054653557,-13162.720626230075,0.005406274303609177,6.2730884070244315,0.03225783167118327
9470.038347598691,5207.474574228706,-13455.855811710688,0.0051937981196614825,6.997071338107496,0.03225783167118327
9581.003561672009,5209.7064788968955,-13514.28586901373,0.00512525523574035,7.168901891589956,0.03225783167118327
9597.431949383823,5209.890617940921,-13522.704932569373,0.005118316213420861,7.194629559509368,0.03225783167118327
9841.095305480025,5208.170581858174,-13640.414448066214,0.0050158889809583575,7.585195298352101,0.03225783167118327
9963.273660921554,5204.169741780088,-13694.385550512401,0.004964885858651294,7.787509039657946,0.03225783167118327
10410.068278773137,5171.683607106367,-13863.089825387018,0.0047804713527045675,8.566142840923755,0.03225783167118327
10658.067139725752,5141.602304585798,-13937.36700025502,0.004679584867562636,9.026023965438416,0.03225783167118327
10689.508898518086,5137.178000239697,-13945.800332539991,0.004666871800696789,9.085806907076071,0.03225783167118327
10998.527673947088,5086.443703453449,-14016.95690843626,0.004542870097640773,9.69176377347724,0.03225783167118327
2708.691969344176,2258.61536157812,-5068.285191016141,0.008273566765658578,0.9639096215349929,0.04020147787658062
4214.109793890852,3311.2278332989836,-7650.2042209227075,0.0075439945699915635,1.767727829392317,0.04020147787658062
4617.260996313269,3561.603931016855,-8285.973389241124,0.007358114037876241,2.023633647952303,0.04020147787658062
5506.930822459305,4060.2395359713455,-9589.36028685933,0.006946358064723721,2.6586996145951955,0.04020147787658062
5588.84702140501,4102.18725543492,-9702.0433238263,0.00690843874698053,2.72241561845159,0.04020147787658062
6003.497812131744,4303.659166963348,-10252.496368518689,0.00671672528639464,3.0595662415065252,0.04020147787658062
7330.546363268348,4817.7346845183365,-11779.534745344594,0.006081164936202049,4.320930397751037,0.04020147787658062
7490.255596432607,4865.278541477695,-11938.240355966147,0.00600950695773081,4.493615021437886,0.04020147787658062
7548.457237757691,4881.802723942259,-11994.697615559591,0.005983452170655955,4.557762898336111,0.04020147787658062
8565.770517713167,5099.313688243678,-12860.943647559208,0.005533881832110182,5.79219568941896,0.04020147787658062
8917.368718697442,5142.155010862602,-13106.63201505143,0.0053814432713309625,6.2730884070244315,0.04020147787658062
9408.531055918917,5173.359496022074,-13403.199720458091,0.00517139913515887,6.997071338107496,0.04020147787658062
9519.069787157454,5175.735403359018,-13462.434146816056,0.005103385193298781,7.168901891589956,0.04020147787658062
9535.434567340642,5175.940899420629,-13470.980586731195,0.005096523430659739,7.194629559509368,0.04020147787658062
9778.181324258028,5174.5748553424755,-13590.644700257159,0.004995224097635487,7.585195298352101,0.04020147787658062
9899.909901585086,5170.769417983197,-13645.640420286247,0.004944773808680667,7.787509039657946,0.04020147787658062
10345.123597897711,5139.106857713343,-13818.333041922233,0.004762307971934314,8.566142840923755,0.04020147787658062
10592.286118551365,5109.551449145211,-13894.977202885893,0.004662454202833775,9.026023965438416,0.04020147787658062
10623.624440096146,5105.197265018467,-13903.718004556089,0.004649869549454063,9.085806907076071,0.04020147787658062
10931.646715533954,5055.188153905306,-13977.980161939311,0.004527100558470046,9.69176377347724,0.04020147787658062
2671.806309807758,2227.777971920084,-5002.802578500654,0.00816651779898842,0.9639096215349929,0.052927690471484205
4159.67203606269,3268.278130776029,-7561.004282228103,0.007455699044851983,1.767727829392317,0.052927690471484205
4558.48891020743,3516.0658715629024,-8192.338429495838,0.007274557764819766,2.023633647952303,0.052927690471484205
5439.135694989351,4009.989263897587,-9488.878656489367,0.006872924985301878,2.6586996145951955,0.052927690471484205
5520.259387957179,4051.5735155393127,-9601.134272343981,0.006835911613043244,2.72241561845159,0.052927690471484205
5930.986741162962,4251.380123231145,-10149.944191510258,0.006648709336290332,3.0595662415065252,0.052927690471484205
7246.523128012222,4762.13375990666,-11677.331844587134,0.006026761042143992,4.320930397751037,0.052927690471484205
7404.9516616042565,4809.481797543487,-11836.64458966333,0.005956622770058348,4.493615021437886,0.052927690471484205
7462.692107194261,4825.9449143480515,-11893.351965694383,0.0059311162146057335,4.557762898336111,0.052927690471484205
8472.413704640077,5043.299321767057,-12766.328942832704,0.005490644803284148,5.79219568941896,0.052927690471484205
8821.58764967067,5086.471271744499,-13015.32544179217,0.005341133510739607,6.2730884070244315,0.052927690471484205
9309.533679028713,5118.4550459856655,-13317.288283418922,0.005134988567265441,6.997071338107496,0.052927690471484205
9419.376565645209,5121.056504402932,-13377.853981913635,0.0050890584224601906,7.168901891589956,0.052927690471484205
9435.639415960637,5121.297556268108,-13386.589565803217,0.005082273564115855,7.194629559509368,0.052927690471484205
9676.892204893695,5120.491517999967,-13509.284328168666,0.004961599220188313,7.585195298352101,0.052927690471484205
9797.88778838069,5116.996019460289,-13565.899684361015,0.0049120363736225095,7.787509039657946,0.052927690471484205
10240.525192493145,5086.64444176952,-13744.906016295121,0.004732702217499423,8.566142840923755,0.052927690471484205
10486.322073855086,5057.926344270616,-13825.30473804225,0.004634509399693259,9.026023965438416,0.052927690471484205
10517.489490750775,5053.683587839882,-13834.533710173208,0.004622131347008244,9.085806907076071,0.052927690471484205
10823.879466347898,5004.829358946171,-13913.73008291261,0.00450134647978311,9.69176377347724,0.052927690471484205
2630.657851516067,2193.379181261533,-4929.611154334496,0.008046877125761851,0.9639096215349929,0.06713668685528469
4098.8461581212605,3220.2928482642365,-7460.97775545498,0.007356704869786254,1.767727829392317,0.06713668685528469
4492.793383591652,3465.1685214386675,-8087.235960786536,0.007180790357017932,2.023633647952303,0.06713668685528469
5363.282583091108,3953.7724182831444,-9375.827169781754,0.0067903401538853166,2.6586996145951955,0.06713668685528469
5443.511089404104,3994.9435005000723,-9487.57587861734,0.006754328839482775,2.72241561845159,0.06713668685528469
5849.812920021909,4192.861533683095,-10034.397661825387,0.0065721195262178475,3.0595662415065252,0.06713668685528469
7152.335215916437,4699.813655186868,-11561.667540858281,0.005965278719744699,4.320930397751037,0.06713668685528469
7309.313879533337,4746.932081795666,-11721.59780394793,0.005896829667831041,4.493615021437886,0.06713668685528469
7366.531126378295,4763.323742743517,-11778.562090420834,0.005871932860652432,4.557762898336111,0.06713668685528469
8367.630343841016,4980.434586144015,-12658.68442426528,0.0054415947687358295,5.79219568941896,0.06713668685528469
8714.049900892716,5023.9599865744185,-12911.255358003968,0.005295350266504383,6.2730884070244315,0.06713668685528469
9198.331841163603,5056.789331654135,-13219.086611142928,0.005093562229743221,6.997071338107496,0.06713668685528469
9307.37758383171,5059.634062508917,-13281.106459019073,0.005048579516780034,7.168901891589956,0.06713668685528469
9323.523107205823,5059.912645047868,-13290.061349023832,0.005041933889736037,7.194629559509368,0.06713668685528469
9563.071334484073,5059.722017250773,-13416.054573456087,0.0049232934121396475,7.585195298352101,0.06713668685528469
9683.233692710357,5056.571921918215,-13474.444690411183,0.004874724344101878,7.787509039657946,0.06713668685528469
10122.922451161137,5027.666097526816,-13660.38685402304,0.00469889955891858,8.566142840923755,0.06713668685528469
10367.156074638287,4999.875065738841,-13744.921297904206,0.004602570022109499,9.026023965438416,0.06713668685528469
10398.12984099382,4995.7565069671155,-13754.688270760125,0.004590423993546727,9.085806907076071,0.06713668685528469
10702.653079407759,4948.189246094989,-13839.330763703969,0.004471867524339535,9.69176377347724,0.06713668685528469
2615.016848597759,2180.3043436869098,-4901.751982706948,0.00800134063384432,0.9639096215349929,0.07254091098209181
4075.699753982054,3202.0340755063316,-7422.8141791252565,0.0073189401488145825,1.767727829392317,0.07254091098209181
4467.785656822783,3445.795290701844,-8047.10737366572,0.007144995573943954,2.023633647952303,0.07254091098209181
5334.388864922907,3932.3602181954475,-9332.590585840466,0.006758764949951825,2.6586996145951955,0.07254091098209181
5414.273781124489,3973.3718928060875,-9444.138232094767,0.006723132106161772,2.72241561845159,0.07254091098209181
5818.88108434505,4170.564553861754,-9990.160964510345,0.006542809535053761,3.0595662415065252,0.07254091098209181
7116.407992854244,4676.044210334978,-11517.24415329429,0.005941688846969355,4.320930397751037,0.07254091098209181
7272.8283068874425,4723.0713312308235,-11677.392310082549,0.005873880141550813,4.493615021437886,0.07254091098209181
7329.845057717125,4739.435351956654,-11734.44815159776,0.005849214500566787,4.557762898336111,0.07254091098209181
8327.62630999674,4956.436484646994,-12617.18386807086,0.00542272286137375,5.79219568941896,0.07254091098209181
8672.98164582102,5000.088994119216,-12871.080706422043,0.005277720181217597,6.2730884070244315,0.07254091098209181
9155.849328131786,5033.23292790705,-13181.099778707954,0.005077589998121126,6.997071338107496,0.07254091098209181
9264.589087019813,5036.170209240575,-13243.663354641481,0.005032967941615662,7.168901891589956,0.07254091098209181
9280.689651693643,5036.463136122682,-13252.700283931248,0.005026375339189462,7.194629559509368,0.07254091098209181
9519.579100331113,5036.503405600873,-13379.927761145118,0.0049085106147243335,7.585195298352101,0.07254091098209181
9639.41701353247,5033.481751109896,-13438.983102751758,0.004860320357736719,7.787509039657946,0.07254091098209181
10077.965052372956,5005.121506664796,-13627.530903818391,0.004685833592857701,8.566142840923755,0.07254091098209181
10321.593618391478,4977.6813256993855,-13713.621995741138,0.004590215167431396,9.026023965438416,0.07254091098209181
10352.492044590183,4973.609461923754,-13723.591648489848,0.0045781576707385994,9.085806907076071,0.07254091098209181
10656.291771430673,4926.529831798297,-13810.287340724528,0.004460452221310672,9.69176377347724,0.07254091098209181
2547.4781664840566,2123.8504384036282,-4781.214682149548,0.007804337532823653,0.9639096215349929,0.09589692092977897
3975.583980637873,3123.0666321558765,-7257.1235379098725,0.007155012450165037,1.767727829392317,0.09589692092977897
4359.5699815139815,3361.97035968783,-7872.705948549039,0.006989466440563834,2.023633647952303,0.09589692092977897
5209.231918085628,3839.6204602613634,-9144.217289483684,0.006621257013109858,2.6586996145951955,0.09589692092977897
5287.622874626694,3879.938964751007,-9254.84336376594,0.006587242569317872,2.72241561845159,0.09589692092977897
5684.823160665223,4073.9413399334103,-9797.139488543668,0.006414994425247508,3.0595662415065252,0.09589692092977897
6960.469414543019,4572.887594317055,-11322.504521167764,0.005838425870989643,4.320930397751037,0.09589692092977897
7114.442346449115,4619.503575218822,-11483.4841262529,0.005773370452674872,4.493615021437886,0.09589692092977897
7170.575705799227,4635.736557973675,-11540.896071701689,0.005749698969966585,4.557762898336111,0.09589692092977897
8153.75847462174,4852.146602255098,-12434.2506214842,0.005339777623831127,5.79219568941896,0.09589692092977897
8494.428382453423,4896.316162191234,-12693.6589747529,0.0052001363231069415,6.2730884070244315,0.09589692092977897
8971.051300308825,4930.774728621504,-13012.84455718154,0.005007173361139272,6.997071338107496,0.09589692092977897
9078.4324300643,4934.099782531068,-13077.696778260608,0.00496411197299132,7.168901891589956,0.09589692092977897
9094.333362718748,4934.452704829528,-13087.079381892952,0.004957748758752329,7.194629559509368,0.09589692092977897
9330.308850274887,4935.472008560814,-13219.620900118476,0.004863733919068905,7.585195298352101,0.09589692092977897
9448.718638548278,4933.001923501018,-13281.402671447198,0.004816857660282825,7.787509039657946,0.09589692092977897
9882.215171272363,4906.973634605259,-13480.968120316036,0.0046280167903850295,8.566142840923755,0.09589692092977897
10123.157598464308,4881.036032493046,-13573.678029064671,0.004535485915736511,9.026023965438416,0.09589692092977897
10153.721494899803,4877.164468467008,-13584.510581576258,0.004523813014130751,9.085806907076071,0.09589692092977897
10454.303846455903,4832.175488152478,-13679.95794910418,0.004409806498931003,9.69176377347724,0.09589692092977897
2540.68796377013,2118.1750392663175,-4769.07468791389,0.007784497850855863,0.9639096215349929,0.09824690356012891
3965.5034013973286,3115.116160192828,-7240.384749944984,0.007138454578225491,1.767727829392317,0.09824690356012891
4348.669424563039,3353.5274644219107,-7855.071066226126,0.006973743173883687,2.023633647952303,0.09824690356012891
5196.613572262717,3830.271265922903,-9125.127938170786,0.006607327448474209,2.6586996145951955,0.09824690356012891
5274.852917108059,3870.5192738016335,-9235.656479156285,0.0065734742937096765,2.72241561845159,0.09824690356012891
5671.300709913333,4064.1959485662405,-9777.5529511813,0.006402031281097033,3.0595662415065252,0.09824690356012891
6944.7199223765565,4562.470245240895,-11302.66237689941,0.0058279174795103994,4.320930397751037,0.09824690356012891
7098.442750814682,4609.042715778574,-11463.715621241368,0.005763137742545188,4.493615021437886,0.09824690356012891
7154.486235892132,4625.262099608895,-11521.159716939408,0.005739565865771983,4.557762898336111,0.09824690356012891
8136.176405216802,4841.601638247523,-12415.521098513811,0.005331306572396469,5.79219568941896,0.09824690356012891
8476.366546300675,4885.819959706143,-12675.463868521518,0.005192204130614992,6.2730884070244315,0.09824690356012891
8952.34909304012,4920.406655673948,-12995.545278292055,0.004999962326912972,6.997071338107496,0.09824690356012891
9059.591348432185,4923.770440719531,-13060.621993301866,0.004957058176482361,7.168901891589956,0.09824690356012891
9075.471868064695,4924.129340436445,-13070.038525340853,0.004950718079597228,7.194629559509368,0.09824690356012891
9311.148067739397,4925.24540221055,-13203.104190721628,0.004857041169941799,7.585195298352101,0.09824690356012891
9429.410370006875,4922.829219774098,-13265.16312404516,0.0048103309098018136,7.787509039657946,0.09824690356012891
9862.386913253677,4897.032643636645,-13465.806784495362,0.004622076838168994,8.566142840923755,0.09824690356012891
10103.052717310835,4871.245322282637,-13559.172586346162,0.0045298578167915346,9.026023965438416,0.09824690356012891
10133.582289267248,4867.393877860036,-13570.09070729874,0.004518223796696932,9.085806907076071,0.09824690356012891
10433.833255923528,4822.614126357584,-13666.407213452752,0.004404591285428175,9.69176377347724,0.09824690356012891
2528.9968184418244,2108.4034814455654,-4748.163336077661,0.007750324342682751,0.9639096215349929,0.10229380092989654
3948.1405180135516,3101.4224954885444,-7211.530026400425,0.007109912897811334,1.767727829392317,0.10229380092989654
4329.892279096691,3338.9840851979898,-7824.664738525753,0.006946634286314782,2.023633647952303,0.10229380092989654
5174.873133160177,3814.16382689114,-9092.195947251443,0.00658329905605885,2.6586996145951955,0.10229380092989654
5252.850254835924,3854.2895418163225,-9202.554473882403,0.006549722975656886,2.72241561845159,0.10229380092989654
5647.999084731306,4047.40331764569,-9743.752038911298,0.006379663325216889,3.0595662415065252,0.10229380092989654
6917.571787429837,4544.513639990928,-11268.385512453591,0.005809770015044947,4.320930397751037,0.10229380092989654
7070.862427522716,4591.010629532078,-11429.561249817634,0.005745464421544161,4.493615021437886,0.10229380092989654
7126.750594401713,4607.206317528526,-11487.059139351164,0.0057220638738004715,4.557762898336111,0.10229380092989654
8105.861644966958,4823.420926042382,-12383.127549478682,0.005316664483612051,5.79219568941896,0.10229380092989654
8445.22056154894,4867.720699679113,-12643.981883118417,0.005178489682446226,6.2730884070244315,0.10229380092989654
8920.09508242367,4902.526248507757,-12965.594369976738,0.004987489768367589,6.997071338107496,0.10229380092989654
9027.096999307865,4905.956374340128,-13031.055208004589,0.004944856429472533,7.168901891589956,0.10229380092989654
9042.942189712898,4906.3255152855945,-13040.529804365222,0.004938556152986074,7.194629559509368,0.10229380092989654
9278.100334991055,4907.60744259158,-13174.492802434033,0.004845461385523938,7.585195298352101,0.10229380092989654
9396.107253575525,4905.283687828961,-13237.026366682658,0.0047990371778677,7.787509039657946,0.10229380092989654
9828.183854025903,4879.88535530089,-13439.518004258127,0.004611794504016378,8.566142840923755,0.10229380092989654
10068.370984956538,4854.356646272047,-13534.008837514994,0.004520113020501236,9.026023965438416,0.10229380092989654
10098.840197942753,4850.539126941968,-13545.07377511097,0.004508546028577814,9.085806907076071,0.10229380092989654
10398.51702932497,4806.119171578002,-13642.881951938703,0.004395558341410438,9.69176377347724,0.10229380092989654
2471.417678949329,2060.281369013185,-4645.005403081079,0.007581755503674216,0.9639096215349929,0.12223947206525397
3862.509160025677,3033.893194686857,-7068.782690663938,0.006968735828056725,1.767727829392317,0.12223947206525397
4237.253088937452,3267.2393365465105,-7674.113859695368,0.006812435824512281,2.023633647952303,0.12223947206525397
5067.5219818044525,3734.6357200598054,-8928.80903678554,0.006464126193843313,2.6586996145951955,0.12223947206525397
5144.19520913182,3774.150613674071,-9038.29149865314,0.0064319031166492294,2.72241561845159,0.12223947206525397
5532.886993149018,3964.4551337487974,-9575.846171302757,0.0062686025193120255,3.0595662415065252,0.12223947206525397
6783.286316601918,4455.70157399942,-11097.467147093026,0.005719381765901505,4.320930397751037,0.12223947206525397
6934.421553376372,4501.814845962874,-11259.166120047616,0.005657401634674133,4.493615021437886,0.12223947206525397
6989.531846602127,4517.88668503541,-11316.899814208758,0.005634841455501338,4.557762898336111,0.12223947206525397
7955.743493980258,4733.399525364665,-12220.87875800737,0.00524349252394925,5.79219568941896,0.12223947206525397
8290.942513512708,4778.078317390693,-12486.061528829334,0.005109883037245311,6.2730884070244315,0.12223947206525397
8760.25860581472,4813.9291840786,-12815.000864561982,0.004925002642933992,6.997071338107496,0.12223947206525397
8866.04822913986,4817.673916526603,-12882.308524901775,0.004883704319719094,7.168901891589956,0.12223947206525397
8881.716071086528,4818.093139454408,-12892.062445912023,0.004877600419528653,7.194629559509368,0.12223947206525397
9114.271317236942,4820.178575718018,-13030.347894125494,0.004787378047315144,7.585195298352101,0.12223947206525397
9231.001029728684,4818.308967026842,-13095.171776561467,0.004742366166965129,7.787509039657946,0.12223947206525397
9658.551411522625,4794.852936245455,-13306.602711272688,0.0045601245998404824,8.566142840923755,0.12223947206525397
9896.32521188908,4770.584506055195,-13406.55281803458,0.0044711014912755245,9.026023965438416,0.12223947206525397
9926.494000282713,4766.936910376549,-13418.331258771374,0.0044598658972921975,9.085806907076071,0.12223947206525397
10223.273280309882,4724.279736072577,-13523.394562815993,0.004350069650990508,9.69176377347724,0.12223947206525397
2461.591462821278,2052.069569607944,-4627.372737782163,0.007552944340562457,0.9639096215349929,0.125645784078105
3847.8756906114418,3022.3541606684175,-7044.31602630073,0.006944541865568703,1.767727829392317,0.125645784078105
4221.4158634705045,3254.9751968266896,-7648.288476828442,0.006789419820258427,2.023633647952303,0.125645784078105
5049.154741651054,3721.0301430326535,-8900.726872469488,0.006443649933919532,2.6586996145951955,0.125645784078105
5125.604072108355,3760.4399008760147,-9010.053354671261,0.006411655806751079,2.72241561845159,0.125645784078105
5513.1831600966625,3950.2580453590963,-9546.952751362835,0.006249499597444844,3.0595662415065252,0.125645784078105
6760.272682656783,4440.48263968648,-11067.947656015116,0.005703787410354301,4.320930397751037,0.125645784078105
6911.036069038728,4486.528727379351,-11229.722356486047,0.005642202507176555,4.493615021437886,0.125645784078105
6966.011484423523,4502.578272856973,-11287.491385560308,0.0056197851785684295,4.557762898336111,0.125645784078105
7929.988121100998,4717.956281721394,-12192.736557757773,0.005230827897130304,5.79219568941896,0.125645784078105
8264.46593629617,4762.695933578365,-12458.630742252477,0.0050979968678203594,6.2730884070244315,0.125645784078105
8732.81630538294,4798.719624679529,-12788.78429586404,0.004914161097738,6.997071338107496,0.125645784078105
8838.395934730579,4802.517322878425,-12856.39940827449,0.004873090845880089,7.168901891589956,0.125645784078105
8854.031974697633,4802.94410113752,-12866.199869642645,0.004867020493293973,7.194629559509368,0.125645784078105
9086.13491247439,4805.164690545493,-13005.206310173264,0.004777289182982029,7.585195298352101,0.125645784078105
9202.641898938095,4803.371565240789,-13070.41331313317,0.004732518712977612,7.787509039657946,0.125645784078105
9629.40311750676,4780.2431324169465,-13283.341857804451,0.004551133954751906,8.566142840923755,0.125645784078105
9866.756099304615,4756.188269421205,-13384.209820837154,0.004462566186638025,9.026023965438416,0.125645784078105
9896.872600341316,4752.569392258398,-13396.108270549223,0.004451387409869484,9.085806907076071,0.125645784078105
10193.146596831806,4710.212161795026,-13502.393932769955,0.0043421383461091775,9.69176377347724,0.125645784078105
2433.0280289830225,2028.1998193533066,-4576.07160027443,0.007469123555686056,0.9639096215349929,0.13555136002203497
3805.3053397637664,2988.7874302488904,-6973.020873540983,0.00687404720515298,1.767727829392317,0.13555136002203497
4175.333998918608,3219.291773668225,-7572.999031053107,0.006722327565438086,2.023633647952303,0.13555136002203497
4995.68637715273,3681.42546567187,-8818.76696529051,0.006383899344803834,2.6586996145951955,0.13555136002203497
5071.481680222961,3720.5275470329516,-8927.629333519952,0.00635256740101762,2.72241561845159,0.13555136002203497
5455.809117924126,3908.920981628321,-9462.568014734316,0.0061937223330111105,3.0595662415065252,0.13555136002203497
6693.217976740899,4396.1425082990045,-10981.602761002956,0.005685196943663496,4.320930397751037,0.13555136002203497
6842.889157687034,4441.986523324559,-11143.527178665703,0.005597737200951766,4.493615021437886,0.13555136002203497
6897.4716793307825,4457.971625564055,-11201.390865911962,0.005575734053539152,4.557762898336111,0.13555136002203497
7854.897159815803,4672.933192999486,-12110.175734341334,0.005193717735445964,5.79219568941896,0.13555136002203497
8187.255366214577,4717.840668342087,-12378.091233405728,0.005063148391648953,6.2730884070244315,0.13555136002203497
8652.770062990088,4754.357569383147,-12711.713284829573,0.00488234909537198,6.997071338107496,0.13555136002203497
8757.733151107035,4758.307671775279,-12780.208378940551,0.004841942369880716,7.168901891589956,0.13555136002203497
8773.278582143996,4758.758288315802,-12790.14225679911,0.004835969572701331,7.194629559509368,0.13555136002203497
9004.050767746654,4761.366687072081,-12931.216818530273,0.004747666647781192,7.585195298352101,0.13555136002203497
9119.901165200507,4759.792697028888,-12997.523778996103,0.004703598717689993,7.787509039657946,0.13555136002203497
9544.344389819753,4737.61302036566,-13214.758239455245,0.004524709573705437,8.566142840923755,0.13555136002203497
9780.459590350618,4714.1767942458755,-13318.270281087862,0.004437468070377433,9.026023965438416,0.13555136002203497
9810.420407503821,4710.639803804109,-13330.514678238695,0.004426454828446819,9.085806907076071,0.13555136002203497
10105.204760198674,4669.150586103869,-13440.326281290276,0.004318800347920785,9.69176377347724,0.13555136002203497
2427.920924894986,2023.932065406486,-4566.891919403679,0.007454125447999035,0.9639096215349929,0.13732307522876222
3797.688656412775,2982.7819213096845,-6960.246131951761,0.006861416809732545,1.767727829392317,0.13732307522876222
4167.0875204522345,3212.906403877046,-7559.5030973403045,0.006710302093242937,2.023633647952303,0.13732307522876222
4986.1141567522745,3674.335541808186,-8804.061027011106,0.00637318008157725,2.6586996145951955,0.13732307522876222
5061.7920210449465,3713.3822882079044,-8912.83872203494,0.00634196601170553,2.72241561845159,0.13732307522876222
5445.535363316865,3901.5192749270154,-9447.418027175045,0.00618371053679499,3.0595662415065252,0.13732307522876222
6681.203616917943,4388.198409641381,-10966.072988791268,0.005676980780785597,4.320930397751037,0.13732307522876222
6830.678100634284,4434.00554188617,-11128.020305815364,0.005589742248879482,4.493615021437886,0.13732307522876222
6885.189884521697,4449.978876995246,-11185.899583002603,0.005567813015047555,4.557762898336111,0.13732307522876222
7841.435576073487,4664.862354548748,-12095.295066152183,0.005187035900215492,5.79219568941896,0.13732307522876222
8173.411414578027,4709.79847923907,-12363.564647372965,0.0050568707108804975,6.2730884070244315,0.13732307522876222
8638.414560863692,4746.40208395149,-12697.79710676102,0.004876614316090917,6.997071338107496,0.13732307522876222
8743.266391667566,4750.379142163,-12766.44743354842,0.004836326281034863,7.168901891589956,0.13732307522876222
8758.795457602411,4750.833969764607,-12776.404836155634,0.004830370943907267,7.194629559509368,0.13732307522876222
8989.327436131058,4753.5111030696935,-12917.844737994179,0.004742323559872389,7.585195298352101,0.13732307522876222
9105.059327520208,4751.976055679695,-12984.34617512134,0.0046983813717358614,7.787509039657946,0.13732307522876222
9529.084165928634,4729.96533376633,-13202.342977927772,0.0045199391976772346,8.566142840923755,0.13732307522876222
9764.975559913675,4706.639228853492,-13306.323946946883,0.0044329352338124415,9.026023965438416,0.13732307522876222
9794.908556248805,4703.117064648465,-13318.62973542446,0.00442195164674554,9.085806907076071,0.13732307522876222
10089.422982650152,4661.782226721439,-13429.067408547846,0.004314582889961867,9.69176377347724,0.13732307522876222
2400.158462779149,2000.7330175313207,-4516.953205655205,0.007372536677411136,0.9639096215349929,0.14695743393712363
3756.2566397040773,2950.115434401703,-6890.657568193965,0.0067926193745005085,1.767727829392317,0.14695743393712363
4122.2215545675035,3178.167512110553,-7485.956788057192,0.006644774799046732,2.023633647952303,0.14695743393712363
4934.016579776976,3635.750214935335,-8723.844852472284,0.006314718759739527,2.6586996145951955,0.14695743393712363
5009.051374115344,3674.492606330447,-8832.153137802197,0.0062841427112352655,2.72241561845159,0.14695743393712363
5389.6060356020325,3861.227229381162,-9364.731935913936,0.00612907920959369,3.0595662415065252,0.14695743393712363
6615.758955895659,4344.927497196859,-10881.164411049816,0.005632080332910888,4.320930397751037,0.14695743393712363
6764.157310774756,4390.530672898225,-11043.21681641099,0.005546043589258599,4.493615021437886,0.14695743393712363
6818.281951824253,4406.438741732081,-11101.173663758425,0.005524515385315728,4.557762898336111,0.14695743393712363
7768.067850804911,4620.877281167846,-12013.768775344237,0.005150464547961237,5.79219568941896,0.14695743393712363
8097.950922206192,4665.9650527398435,-12283.923740635706,0.00502249492770542,6.2730884070244315,0.14695743393712363
8560.150008527862,4703.032770857009,-12621.421749372428,0.004845189569973066,6.997071338107496,0.14695743393712363
8664.387881935498,4707.151875233237,-12690.904659833395,0.0048055468597177665,7.168901891589956,0.14695743393712363
8679.827171903427,4707.629364318086,-12700.988286662221,0.0047996864747071885,7.194629559509368,0.14695743393712363
8909.04110583679,4710.676813452285,-12844.389995534773,0.004713028984536971,7.585195298352101,0.14695743393712363
9024.126735807075,4709.355049761453,-12911.936330625838,0.004669771113337143,7.787509039657946,0.14695743393712363
9445.850188705672,4688.254702808837,-13134.044302001821,0.004512756705037303,8.566142840923755,0.14695743393712363
9680.512087454461,4665.5249636900535,-13240.545952495842,0.004408051844255137,9.026023965438416,0.14695743393712363
9710.292236085928,4662.08315104611,-13253.182959483092,0.004397229720836815,9.085806907076071,0.14695743393712363
10003.328234612454,4621.5874994623955,-13367.00017835814,0.0042914173279009265,9.69176377347724,0.14695743393712363
2400.032790557306,2000.6280050693047,-4516.7270044386605,0.0073721671260327725,0.9639096215349929,0.1470010581651043
3756.068984362493,2949.9674852915587,-6890.342007281957,0.006792307419556293,1.767727829392317,0.1470010581651043
4122.018314737597,3178.010152971397,-7485.623168179838,0.006644477576772932,2.023633647952303,0.1470010581651043
4933.780505500329,3635.5753774698624,-8723.480685264687,0.006314453389499055,2.6586996145951955,0.1470010581651043
5008.812374563595,3674.3163808790136,-8831.786810169644,0.00628388021870328,2.72241561845159,0.1470010581651043
5389.352555754083,3861.044629158679,-9364.356372330301,0.006128831115337174,3.0595662415065252,0.1470010581651043
6615.462192036823,4344.731290440371,-10880.77817784452,0.005631876170029372,4.320930397751037,0.1470010581651043
6763.85564792047,4390.333524822301,-11042.830984053595,0.00554584486363224,4.493615021437886,0.1470010581651043
6817.978528027645,4406.241298242903,-11100.788155545713,0.005524318471700612,4.557762898336111,0.1470010581651043
7767.73500616159,4620.677744420547,-12013.39728746048,0.005150298042972047,5.79219568941896,0.1470010581651043
8097.60854629244,4665.76618396755,-12283.560634798654,0.005022338355428706,6.2730884070244315,0.1470010581651043
8559.794842887946,4702.8359698094655,-12621.07322164283,0.004845046355024752,6.997071338107496,0.1470010581651043
8664.029911850052,4706.955707853964,-12690.559857306587,0.004805406566249372,7.168901891589956,0.1470010581651043
8679.468792285274,4707.433298630734,-12700.644049085982,0.004799546611192337,7.194629559509368,0.1470010581651043
8908.676712472643,4710.482411196706,-12844.054544585662,0.004712895415378338,7.585195298352101,0.1470010581651043
9023.759393282186,4709.161607154102,-12911.605564202982,0.004669640643952529,7.787509039657946,0.1470010581651043
9445.472339954329,4688.065361909032,-13133.732207632856,0.0045126372390641,8.566142840923755,0.1470010581651043
9680.128623376646,4665.338313569792,-13240.244965394544,0.004407938268333805,9.026023965438416,0.1470010581651043
9709.908073905288,4661.896863714233,-13252.883461998572,0.004397116876680204,9.085806907076071,0.1470010581651043
10002.937317763712,4621.4050023173595,-13366.715886380305,0.004291311540690027,9.69176377347724,0.1470010581651043
2364.713238859639,1971.1156982811096,-4453.103117034254,0.0072682269157298566,0.9639096215349929,0.15926586065890505
3703.291794719814,2908.358940970163,-6801.45724473289,0.006704444956986693,1.767727829392317,0.15926586065890505
4064.8498665619136,3133.7497974915946,-7391.611695269741,0.006560730426325193,2.023633647952303,0.15926586065890505
4867.344348946249,3586.3750472774764,-8620.756826216733,0.00623961006847578,2.6586996145951955,0.15926586065890505
4941.55186949425,3624.7249365922466,-8728.44328994488,0.006209841728138353,2.72241561845159,0.15926586065890505
5318.000998973762,3809.647581051166,-9258.352132325635,0.006058820992509899,3.0595662415065252,0.15926586065890505
6531.87313752536,4289.469079871492,-10771.555786302568,0.005574170173544046,4.320930397751037,0.15926586065890505
6678.884624662571,4334.805682922931,-10933.742651491026,0.0055159553100904415,4.493615021437886,0.15926586065890505
6732.505899881781,4350.626016407276,-10991.738700364527,0.005494756870851189,4.557762898336111,0.15926586065890505
7673.928362249855,4564.444879431547,-11908.114852593659,0.005103158597240916,5.79219568941896,0.15926586065890505
8001.099671795817,4609.711110619915,-12180.578750492852,0.004977988144368858,6.2730884070244315,0.15926586065890505
8459.657592384114,4647.35042116241,-12522.114013374005,0.004804449494902551,6.997071338107496,0.15926586065890505
8563.100561472287,4651.650471160167,-12592.632068807652,0.004765630729537794,7.168901891589956,0.15926586065890505
8578.422347507576,4652.155639647621,-12602.872710117706,0.004759891624742993,7.194629559509368,0.15926586065890505
8805.923817015688,4655.66815868726,-12748.718387571687,0.004675010371508329,7.585195298352101,0.15926586065890505
8920.165650385565,4654.611246114782,-12817.56952082117,0.004632627316391925,7.787509039657946,0.15926586065890505
9338.894578911882,4634.661065711233,-13044.885843745928,0.004478720149052603,8.566142840923755,0.15926586065890505
9571.955356530807,4612.688579662814,-13154.489621382672,0.004375680874432752,9.026023965438416,0.15926586065890505
9601.53472428817,4609.347727034803,-13167.543270935224,0.004365065488538512,9.085806907076071,0.15926586065890505
9892.643189647664,4569.9180048249345,-13285.615065154569,0.004261247593512336,9.69176377347724,0.15926586065890505
2359.135063762909,1966.4548557816229,-4443.04541491493,0.00725179670411977,0.9639096215349929,0.16120370222619687
3694.949991280974,2901.782800484031,-6787.383220559888,0.006690534022983799,1.767727829392317,0.16120370222619687
4055.8115679690077,3126.7526406067313,-7376.718633258097,0.0065474648205005185,2.023633647952303,0.16120370222619687
4856.835617332849,3578.5931055827496,-8604.464544171293,0.006227741889902743,2.6586996145951955,0.16120370222619687
4930.912552483907,3616.881045674388,-8712.050859911782,0.00619809994015875,2.72241561845159,0.16120370222619687
5306.711635724544,3801.51595568872,-9241.527597586639,0.006047712080222428,3.0595662415065252,0.16120370222619687
6518.638109403708,4280.719804110913,-10754.18286955238,0.005564996624711483,4.320930397751037,0.16120370222619687
6665.429391859396,4326.0133981059835,-10916.388131022883,0.005507004231797092,4.493615021437886,0.16120370222619687
6718.971257723442,4341.81999463188,-10974.39528069437,0.005485886261762677,4.557762898336111,0.16120370222619687
7659.065881467887,4555.536245652834,-11891.32661614295,0.005095650723851113,5.79219568941896,0.16120370222619687
7985.805345211935,4600.828268017562,-12164.143715391525,0.00497092034061476,6.2730884070244315,0.16120370222619687
8443.784052889983,4638.555549122706,-12506.300674341503,0.004797974282905745,6.997071338107496,0.16120370222619687
8547.100869075113,4642.88394070773,-12576.978673323967,0.004759285214091431,7.168901891589956,0.16120370222619687
8562.40409124851,4643.393512517162,-12587.243594457294,0.00475356519704227,7.194629559509368,0.16120370222619687
8789.63276495137,4646.978242663591,-12733.467455122256,0.004668963660543975,7.585195298352101,0.16120370222619687
8903.739889506485,4645.962248212618,-12802.520986902367,0.004626718329533092,7.787509039657946,0.16120370222619687
9321.992507288891,4626.192428971456,-13030.64621542771,0.004473300825737591,8.566142840923755,0.16120370222619687
9554.797962205837,4604.338309239127,-13140.732637435292,0.00437052440896523,9.026023965438416,0.16120370222619687
9584.34550516819,4601.013673900358,-13153.851136820464,0.0043599416423041075,9.085806907076071,0.16120370222619687
9875.145480913958,4561.750387570144,-13272.586144099347,0.004256438370272909,9.69176377347724,0.16120370222619687
2339.4432276310667,1950.0017163523198,-4407.519952139606,0.007193764052993942,0.9639096215349929,0.16804634345292976
3665.4871703143276,2878.5569453319113,-6737.629285264142,0.006678138843395959,1.767727829392317,0.16804634345292976
4023.8843469267113,3102.036453906225,-7324.044783150886,0.006500550017572503,2.023633647952303,0.16804634345292976
4819.702816264107,3551.0964864480143,-8546.800380907422,0.006185740905040846,2.6586996145951955,0.16804634345292976
4893.317269746292,3589.16476595692,-8654.028153742278,0.006156543567960307,2.72241561845159,0.16804634345292976
5266.813609812047,3772.7788752234314,-9181.953418656129,0.0060083824827835645,3.0595662415065252,0.16804634345292976
6471.843954233492,4249.787136379285,-10692.584684156223,0.0055324816613442586,4.320930397751037,0.16804634345292976
6617.852631609526,4294.925765806321,-10854.844038030482,0.005475273178996472,4.493615021437886,0.16804634345292976
6671.1127672724015,4310.682735569211,-10912.88644492843,0.005454438774761412,4.557762898336111,0.16804634345292976
7606.4940089588945,4524.025740198745,-11831.709754454052,0.00506900863653417,5.79219568941896,0.16804634345292976
7931.69937472089,4569.405153110033,-12105.750899016472,0.004945830858649756,6.2730884070244315,0.16804634345292976
8387.619962534394,4607.43865191216,-12450.072637970276,0.00477497610784823,6.997071338107496,0.16804634345292976
8490.488176378509,4611.866054276516,-12521.308419866808,0.004736745034858536,7.168901891589956,0.16804634345292976
8505.725453835636,4612.391071436071,-12531.658184995118,0.004731092378858397,7.194629559509368,0.16804634345292976
8731.984341172789,4616.228907339138,-12679.203318662825,0.00464747844800761,7.585195298352101,0.16804634345292976
8845.613701808714,4615.357465240901,-12748.9644778164,0.004605719517587266,7.787509039657946,0.16804634345292976
9262.170715920072,4596.220523795063,-12979.921623610586,0.004454031861941249,8.566142840923755,0.16804634345292976
9494.0675833131,4574.782948976039,-13091.699314343663,0.004352185005957743,9.026023965438416,0.16804634345292976
9523.502035217347,4571.515202561143,-13105.045250800227,0.004341717531796303,9.085806907076071,0.16804634345292976
9813.205711678942,4532.839854009214,-13226.107366667798,0.004239326471008638,9.69176377347724,0.16804634345292976
2323.3703797753406,1936.5727799469548,-4378.500142867168,0.0071463605258842355,0.9639096215349929,0.17363346150954984
3641.4217964670597,2859.5868074989353,-6696.939132175052,0.006637747305167487,1.767727829392317,0.17363346150954984
3997.8009354972173,3081.845165404863,-7280.937072369474,0.006462158961708415,2.023633647952303,0.17363346150954984
4789.353477943864,3528.6241643763974,-8499.560613035988,0.006151338173439138,2.6586996145951955,0.17363346150954984
4862.588714658141,3566.512029714456,-8606.48993755826,0.006122501916752222,2.72241561845159,0.17363346150954984
5234.196246456614,3749.287071799475,-9133.118588329206,0.005976149808593867,3.0595662415065252,0.17363346150954984
6433.564222899216,4224.484284325383,-10641.995549410734,0.005505790760540637,4.320930397751037,0.17363346150954984
6578.929599773403,4269.494125464841,-10804.28633556181,0.005449220447979995,4.493615021437886,0.17363346150954984
6631.9582147436995,4285.209675284031,-10862.353062889808,0.005428616854833578,4.557762898336111,0.17363346150954984
7563.462239739938,4498.234890905351,-11782.641579308198,0.0050471026991476065,5.79219568941896,0.17363346150954984
7887.405872555018,4543.6826784607965,-12057.65548102885,0.004925190968980841,6.2730884070244315,0.17363346150954984
8341.631995483116,4581.961791351702,-12403.708965881517,0.004756042457418946,6.997071338107496,0.17363346150954984
8444.127801871224,4586.466871321704,-12475.392269816133,0.004718185272023702,7.168901891589956,0.17363346150954984
8459.310663205813,4587.004302810818,-12485.810053325222,0.004712587644820625,7.194629559509368,0.17363346150954984
8684.770101918717,4591.046607030377,-12634.417497601782,0.004629779970861707,7.585195298352101,0.17363346150954984
8798.00708534901,4590.2933675512895,-12704.748144554498,0.004588418330474664,7.787509039657946,0.17363346150954984
9213.163490605706,4571.668433327177,-12937.989096185163,0.004438143933267965,8.566142840923755,0.17363346150954984
9444.310306397269,4550.56932153366,-13051.13251744696,0.004337057659263261,9.026023965438416,0.17363346150954984
9473.651387040465,4547.3473057270585,-13064.662338450114,0.0043266844475696705,9.085806907076071,0.17363346150954984
9762.451025874781,4509.151856234132,-13187.607262220088,0.004225202930456855,9.69176377347724,0.17363346150954984
2259.9946631941184,1883.6260765337001,-4263.868695177647,0.006959127184220939,0.9639096215349929,0.1956819319026
3546.377399115802,2784.6732028778697,-6535.699811319508,0.006477709593619928,1.767727829392317,0.1956819319026
3894.742444616164,3002.075787768125,-7109.956670981046,0.006309917229736269,2.023633647952303,0.1956819319026
4669.327571741323,3439.761687312377,-8311.768454993791,0.006014624251716765,2.6586996145951955,0.1956819319026
4741.04881156426,3476.9250818865903,-8417.46996985672,0.005987195491906008,2.72241561845159,0.1956819319026
5105.130883870358,3656.3434069797863,-8938.719559731668,0.005847899638642611,3.0595662415065252,0.1956819319026
6281.870417107334,4124.227916885405,-10439.771296712119,0.005399209175610348,4.320930397751037,0.1956819319026
6424.664360264232,4168.714239899969,-10602.074491026047,0.005345139122668833,4.493615021437886,0.1956819319026
6476.762587462127,4184.256762975768,-10660.195817591324,0.00532544048565183,4.557762898336111,0.1956819319026
7392.712246046099,4395.911139730375,-11585.556585808721,0.0049593087664331435,5.79219568941896,0.1956819319026
7711.584467625524,4441.592773095665,-11864.171146732275,0.004842376707042218,6.2730884070244315,0.1956819319026
8158.984549484739,4480.790520295005,-12216.735659264094,0.004679948535415514,6.997071338107496,0.1956819319026
8259.987624241485,4485.595813408221,-12290.115506126662,0.0046435649168071235,7.168901891589956,0.1956819319026
8274.950345218176,4486.180703252849,-12300.791419773654,0.004638184265681598,7.194629559509368,0.1956819319026
8497.187145242073,4491.010248677403,-12453.439825446803,0.00455855704844789,7.585195298352101,0.1956819319026
8608.834168746273,4490.710772055841,-12525.942905957716,0.004518763975093533,7.787509039657946,0.1956819319026
9018.338818994243,4474.0783594572285,-12767.938324861512,0.004374072413515189,8.566142840923755,0.1956819319026
9246.45363875097,4454.300635851416,-12886.465958042107,0.004294369912777193,9.026023965438416,0.1956819319026
9275.41543818563,4451.256188703126,-12900.683556856457,0.004284298322260255,9.085806907076071,0.1956819319026
9560.553461868587,4414.936518278384,-13030.789303633792,0.0041681198841117765,9.69176377347724,0.1956819319026
2245.4504793938954,1871.476146744309,-4237.516020874304,0.006916087581859146,0.9639096215349929,0.20074593369492824
3524.5310436386253,2767.455705896473,-6498.518016786649,0.006440808959351456,1.767727829392317,0.20074593369492824
3871.044870360839,2983.735475541104,-7070.492358551608,0.006274784820554618,2.023633647952303,0.20074593369492824
4641.701607317114,3419.310967977154,-8268.32864120914,0.005983010194035945,2.6586996145951955,0.20074593369492824
4713.072709625258,3456.3065678863004,-8373.736695621526,0.005955900800281453,2.72241561845159,0.20074593369492824
5075.4087373960465,3634.942347982204,-8893.69147261243,0.005818206753837822,3.0595662415065252,0.20074593369492824
6246.8887390016735,4101.111030403127,-10392.740758116473,0.00537444676309157,4.320930397751037,0.20074593369492824
6389.082740593165,4145.472310043144,-10555.02139870017,0.005320946740373459,4.493615021437886,0.20074593369492824
6440.964784374495,4160.974035715232,-10613.145937396977,0.005301454500737181,4.557762898336111,0.20074593369492824
7353.284201372955,4372.286585414195,-11539.508883909184,0.004938839080487412,5.79219568941896,0.20074593369492824
7670.969609909137,4418.013242319901,-11818.895861400873,0.004823046662621319,6.2730884070244315,0.20074593369492824
8116.772750867113,4457.412408913171,-12172.881564015646,0.004662158591653686,6.997071338107496,0.20074593369492824
8217.424441500449,4462.283152604763,-12246.634857263845,0.004626112959859909,7.168901891589956,0.20074593369492824
8232.33579344674,4462.87867603445,-12257.367761412017,0.004620782050839488,7.194629559509368,0.20074593369492824
8453.816433170112,4467.884105522368,-12410.909112320493,0.00454188491867399,7.585195298352101,0.20074593369492824
8565.091975301146,4467.688101128443,-12483.894415148767,0.0045024519160501465,7.787509039657946,0.20074593369492824
8973.268069679309,4451.505342051301,-12727.84026064448,0.004359043730497303,8.566142840923755,0.20074593369492824
9200.669776118404,4432.027599067116,-12847.573898403745,0.004280030292094494,9.026023965438416,0.20074593369492824
9229.542694120277,4429.023796949913,-12861.950416858403,0.004270044884612864,9.085806907076071,0.20074593369492824
9513.819313060185,4393.131287150146,-12993.657788870041,0.00415470165565104,9.69176377347724,0.20074593369492824
2230.623163574127,1859.0900212907065,-4210.633065325768,0.006872183278829564,0.9639096215349929,0.20591003842560615
3502.246262125057,2749.8933393074512,-6460.544097242098,0.006403123733982109,1.767727829392317,0.20591003842560615
3846.8678928752292,2965.0248916219816,-7030.173390758027,0.006238894153024596,2.023633647952303,0.20591003842560615
4613.50670957323,3398.440018346242,-8223.91149925637,0.0059506888054246644,2.6586996145951955,0.20591003842560615
4684.519519636579,3435.2636874062146,-8329.015884187014,0.00592390355368137,2.72241561845159,0.20591003842560615
5045.068414275594,3613.097198830273,-8847.627239638306,0.005787835661627012,3.0595662415065252,0.20591003842560615
6211.160404498852,4077.501912634782,-10344.554903189026,0.005349085400321764,4.320930397751037,0.20591003842560615
6352.7393055167195,4121.733951847108,-10506.802571982545,0.005296165054621405,4.493615021437886,0.20591003842560615
6404.399693206378,4137.193462778236,-10564.92677736377,0.005276882695238283,4.557762898336111,0.20591003842560615
7312.994661974331,4348.146826332822,-11492.248260078857,0.004917846306989743,5.79219568941896,0.20591003842560615
7629.463015251475,4393.91758892018,-11772.401204632864,0.004803214504316285,6.2730884070244315,0.20591003842560615
8073.624374819152,4433.516878998199,-12127.807308632262,0.004643895400634303,6.997071338107496,0.20591003842560615
8173.914682410528,4438.453253683471,-12201.934802351723,0.004608194325867768,7.168901891589956,0.20591003842560615
8188.773209559202,4439.0594715470415,-12212.724818491122,0.004602914139471931,7.194629559509368,0.20591003842560615
8409.476776125546,4444.242535829461,-12367.163341772553,0.004524761143376008,7.585195298352101,0.20591003842560615
8520.37039402706,4444.151198860031,-12440.633599755936,0.004485695281508552,7.787509039657946,0.20591003842560615
8927.180183447419,4428.424017339555,-12686.54474167907,0.004343596087538098,8.566142840923755,0.20591003842560615
9153.84817169975,4409.250969902924,-12807.495745746419,0.004265285763403608,9.026023965438416,0.20591003842560615
9182.629629797055,4406.288463090017,-12822.03279337279,0.004255388314306489,9.085806907076071,0.20591003842560615
9466.01961350459,4370.830160576978,-12955.358545260504,0.004140898227346304,9.69176377347724,0.20591003842560615
2189.3496627433865,1824.6135941166683,-4135.709953506295,0.006749828714004281,0.9639096215349929,0.22029297936313863
3440.1474844700215,2700.9580683362574,-6354.476730560731,0.006297870883949457,1.767727829392317,0.22029297936313863
3779.4723551986453,2912.8714659964758,-6917.481906048124,0.006138593428343237,2.023633647952303,0.22029297936313863
4534.857839925449,3340.226240799086,-8099.570613298645,0.00586022950495474,2.6586996145951955,0.22029297936313863
4604.8655830950165,3376.5661342785634,-8203.805778449641,0.005834338697707817,2.72241561845159,0.22029297936313863
4960.402640324958,3552.1431698801816,-8718.552251080575,0.00570276070017544,3.0595662415065252,0.22029297936313863
6111.356173527202,4011.5581109111563,-10209.144362458057,0.005277864985157959,4.320930397751037,0.22029297936313863
6251.206858983115,4055.423252124216,-10371.246385920691,0.00522655037789905,4.493615021437886,0.22029297936313863
6302.240918331824,4070.7596915976937,-10429.350401466188,0.005207849378917974,4.557762898336111,0.22029297936313863
7200.343255979478,4280.657884860523,-11359.000075917036,0.004858743725888312,5.79219568941896,0.22029297936313863
7513.376518209747,4326.532717073593,-11641.170611755435,0.004747335188764484,6.2730884070244315,0.22029297936313863
7952.900953850384,4366.665679430204,-12000.375063684784,0.004592377408967201,6.997071338107496,0.22029297936313863
8052.175864832632,4371.78619559607,-12075.51031419904,0.004557634764366998,7.168901891589956,0.22029297936313863
8066.884212011286,4372.420830323281,-12086.454208178111,0.00455249573136793,7.194629559509368,0.22029297936313863
8285.391895950295,4378.089705762749,-12243.317043180046,0.004476413474279962,7.585195298352101,0.22029297936313863
8395.1985449706,4378.278665532117,-12318.100451457183,0.0044383700956950115,7.787509039657946,0.22029297936313863
8798.145858137594,4363.808369699534,-12569.35714829532,0.004299917076768921,8.566142840923755,0.22029297936313863
9022.736216656196,4345.47755485489,-12693.630435474603,0.004223567169992104,9.026023965438416,0.22029297936313863
9051.25700623057,4342.629192556913,-12708.606480070419,0.004213914938576804,9.085806907076071,0.22029297936313863
9332.131290998368,4308.371492902665,-12846.41695675742,0.004119399069909175,9.69176377347724,0.22029297936313863
2154.7161692382474,1795.6856630554407,-4072.7372459281396,0.006646998188181531,0.9639096215349929,0.23237116206986644
3387.9599628699125,2659.8371668397604,-6265.0621121965305,0.006209152203700654,1.767727829392317,0.23237116206986644
3722.8099726993178,2869.0284260387684,-6822.399189320735,0.0060539807246640645,2.023633647952303,0.23237116206986644
4468.675955071903,3291.246396342608,-7994.4369377043695,0.005783767083995642,2.6586996145951955,0.23237116206986644
4537.829992914433,3327.1731132310833,-8097.915365041932,0.005758617874389744,2.72241561845159,0.23237116206986644
4889.120534523267,3500.8313980962425,-8609.275521849122,0.005630765040303309,3.0595662415065252,0.23237116206986644
6027.211305007838,3955.968910151493,-10094.058006131934,0.0052173898868728055,4.320930397751037,0.23237116206986644
6165.590079831432,3999.51496942973,-10255.976383702939,0.005167413123330271,4.493615021437886,0.23237116206986644
6216.092798251862,4014.746042918829,-10314.040665476954,0.005149196824383327,4.557762898336111,0.23237116206986644
7105.245800837573,4223.694187591942,-11245.251621085918,0.004808386108054197,5.79219568941896,0.23237116206986644
7415.34120531906,4269.633223162408,-11528.982554327711,0.004699673011828314,6.2730884070244315,0.23237116206986644
7850.899456241718,4310.190209240016,-11891.193141575299,0.0045483673361235094,6.997071338107496,0.23237116206986644
7949.301970074919,4315.458061858185,-11967.135173417235,0.004514427610175325,7.168901891589956,0.23237116206986644
7963.882380587921,4316.116313313128,-11978.202396116234,0.00450940689220262,7.194629559509368,0.23237116206986644
8180.507252618972,4322.181004499732,-12137.013992801338,0.00443506119777196,7.585195298352101,0.23237116206986644
8289.387261112697,4322.603631145542,-12212.857770702292,0.004397875667321041,7.787509039657946,0.23237116206986644
8689.015920312064,4309.168572229841,-12468.452049821579,0.004262484818975554,8.566142840923755,0.23237116206986644
8911.820559947831,4291.535476677797,-12595.43586826761,0.0041877830245001255,9.026023965438416,0.23237116206986644
8940.118529779624,4288.781968346516,-12610.770415871804,0.0041783371002741395,9.085806907076071,0.23237116206986644
9218.831128564456,4255.526512890124,-12752.280797745829,0.004085816453616335,9.69176377347724,0.23237116206986644
2153.7909284364814,1794.9128724972811,-4071.0536340554754,0.006644249057014755,0.9639096215349929,0.23269394734908136
3386.5647730557184,2658.7378851682442,-6262.6682456040435,0.006206777081880535,1.767727829392317,0.23269394734908136
3721.294850267553,2867.856144309811,-6819.852521546112,0.006051714673560634,2.023633647952303,0.23269394734908136
4466.905527862446,3289.936195572276,-7991.618292514526,0.005781717408031739,2.6586996145951955,0.23269394734908136
4536.03673097023,3325.851893489069,-8095.076159041091,0.005756587897638261,2.72241561845159,0.23269394734908136
4887.213209082952,3499.4585075588802,-8606.34404962771,0.005628834042735667,3.0595662415065252,0.23269394734908136
6024.958376041805,3954.480644298545,-10090.965088434394,0.005215765327329718,4.320930397751037,0.23269394734908136
6163.297523251766,3998.018010798953,-10252.877793301435,0.005165824176948696,4.493615021437886,0.23269394734908136
6213.785948599984,4013.246220851145,-10310.94072972783,0.005147620784570619,4.557762898336111,0.23269394734908136
7102.698031152475,4222.168163056358,-11242.18839465233,0.004807031179551672,5.79219568941896,0.23269394734908136
7412.714372830322,4268.108735046043,-11525.95934001253,0.004698389964112196,6.2730884070244315,0.23269394734908136
7848.165654120402,4308.676687766811,-11888.247937290871,0.004547181745334406,6.997071338107496,0.23269394734908136
7946.5445910660155,4313.948371793801,-11964.211015232984,0.004513263454855604,7.168901891589956,0.23269394734908136
7961.121551071175,4314.607244858519,-11975.281459326143,0.004508245894853792,7.194629559509368,0.23269394734908136
8177.695620037868,4320.682364577872,-12134.144014226978,0.004433946578936529,7.585195298352101,0.23269394734908136
8286.550629959034,4321.111172977421,-12210.015600465784,0.004396783956098239,7.787509039657946,0.23269394734908136
8686.08969349756,4307.703553163114,-12465.723866905013,0.004261474937349817,8.566142840923755,0.23269394734908136
8908.84610123389,4290.088997429626,-12592.779107285773,0.004186817204191589,9.026023965438416,0.23269394734908136
8937.138051557773,4287.338011656606,-12608.12310978488,0.004177376797046753,9.085806907076071,0.23269394734908136
9215.792233181272,4254.109228522933,-12749.731161686417,0.004084909518820066,9.69176377347724,0.23269394734908136
2134.97149207883,1779.1945619124756,-4036.7944691643934,0.006588309256687098,0.9639096215349929,0.23926069614803394
3358.175399838431,2636.3702442280533,-6213.918982496492,0.006158410796882928,1.767727829392317,0.23926069614803394
3690.4627289624227,2844.001508521352,-6767.979699484138,0.006005559849989237,2.023633647952303,0.23926069614803394
4430.868196469699,3263.26767240875,-7934.17411355197,0.0057399482432475765,2.6586996145951955,0.23926069614803394
4499.533841208649,3298.9585437149885,-8037.209964173133,0.005715218084266113,2.72241561845159,0.23926069614803394
4848.3841127436735,3471.5102848364095,-8546.580740173624,0.005589471323571607,3.0595662415065252,0.23926069614803394
5979.076906050465,3924.1728056622455,-10027.847202389472,0.005182620211432397,4.320930397751037,0.23926069614803394
6116.60697753086,3967.531349103594,-10189.635649881777,0.005133402022578932,4.493615021437886,0.23926069614803394
6166.803566428455,3982.701230069877,-10247.667989687085,0.005115460661659645,4.557762898336111,0.23926069614803394
7050.7945695985045,4191.08095054573,-11179.605518206823,0.004779362690584451,5.79219568941896,0.23926069614803394
7359.195021856973,4237.049791741674,-11464.170797144427,0.004672182153927944,6.2730884070244315,0.23926069614803394
7792.459583383481,4277.837150516822,-11828.019987366592,0.00452295481295002,6.997071338107496,0.23926069614803394
7890.35811192694,4283.18690048947,-11904.405027618726,0.004489472441169856,7.168901891589956,0.23926069614803394
7904.863766924074,4283.8581861422235,-11915.540229553968,0.004484519065836476,7.194629559509368,0.23926069614803394
8120.400164246372,4290.144625576319,-12075.4270354006,0.004411162744887811,7.585195298352101,0.23926069614803394
8228.741560336772,4290.696801328787,-12151.858062143401,0.004374465992623669,7.787509039657946,0.23926069614803394
8626.44837102972,4277.845441456864,-12409.863161700101,0.0042408215549722215,8.566142840923755,0.23926069614803394
8848.21882467478,4260.607649579925,-12538.35965293907,0.004167060367935948,9.026023965438416,0.23926069614803394
8876.38599416809,4257.9066516122875,-12553.894555695835,0.004157732235968986,9.085806907076071,0.23926069614803394
9153.844052004744,4225.218606471161,-12697.475681975637,0.004066351167030212,9.69176377347724,0.23926069614803394
2001.9261281999818,1668.0890025991193,-3793.8113199735235,0.006191619041484583,0.9639096215349929,0.2857562141815566
3156.8661861922624,2477.794494229161,-5866.127628579161,0.005813419492395369,1.767727829392317,0.2857562141815566
3471.64877785301,2674.7440204391423,-6397.378585249186,0.0057078183902576985,2.023633647952303,0.2857562141815566
4174.639916235469,3073.700228189822,-7521.911345060194,0.00544035529163971,2.6586996145951955,0.2857562141815566
4239.947154065085,3107.7553400708734,-7621.748104444676,0.005418377521089607,2.72241561845159,0.2857562141815566
4572.018586124404,3272.639243757866,-8116.582462161277,0.005306479011967219,3.0595662415065252,0.2857562141815566
5651.598890031679,3707.913620829084,-9570.216662388368,0.004942718017679423,4.320930397751037,0.2857562141815566
5783.249605532959,3749.929531820828,-9730.63273607695,0.004898530883240277,4.493615021437886,0.2857562141815566
5831.316391525363,3764.649753468221,-9788.268945439304,0.004882413579089534,4.557762898336111,0.2857562141815566
6679.3741620165,3968.688975393435,-10721.909356014774,0.0045777294878657435,5.79219568941896,0.2857562141815566
6975.918864438689,4014.6909537657316,-11011.004011005723,0.004480787416769255,6.2730884070244315,0.2857562141815566
7393.115180018358,4056.8239065886096,-11384.400462989128,0.004345478542847085,6.997071338107496,0.2857562141815566
7487.476467011711,4062.681506967876,-11463.441206214811,0.004315064720996123,7.168901891589956,0.2857562141815566
7501.461472778609,4063.434457235965,-11474.98518915518,0.004310563594235012,7.194629559509368,0.2857562141815566
7709.341297880157,4071.1211284702013,-11641.405499529952,0.004243852665016635,7.585195298352101,0.2857562141815566
7813.897640755482,4072.5098371626855,-11721.439904788269,0.004210443701443716,7.787509039657946,0.2857562141815566
8198.061819066188,4063.453341468458,-11994.446417332365,0.004088563597243555,8.566142840923755,0.2857562141815566
8412.518967716516,4048.808641294993,-12132.474049432676,0.0040211532932035235,9.026023965438416,0.2857562141815566
8439.771137837262,4046.4618386793627,-12149.27747723872,0.00401262101193181,9.085806907076071,0.2857562141815566
8708.346875053143,4017.5251464073253,-12306.02747582784,0.003928949376577782,9.69176377347724,0.2857562141815566
1982.482285867485,1651.8538628465017,-3758.1876508593923,0.006133469620674216,0.9639096215349929,0.29256154185163924
3127.3567558918808,2454.554123586659,-5814.83954264933,0.005762554178508928,1.767727829392317,0.29256154185163924
3439.547558726019,2649.9184488090855,-6342.636503162146,0.0056589186113537755,2.023633647952303,0.29256154185163924
4136.978881286922,3045.844241438502,-7460.757449439181,0.005395939631736148,2.6586996145951955,0.29256154185163924
4201.786515705621,3079.6546110671784,-7560.0949252575665,0.005374353324646646,2.72241561845159,0.29256154185163924
4531.3562760313725,3243.3868796722318,-8052.637666673101,0.005264427187143135,3.0595662415065252,0.29256154185163924
5603.281234672292,3676.014986085251,-9501.647572297923,0.004906831199978474,4.320930397751037,0.29256154185163924
5734.046991969006,3717.8219073852724,-9661.78897639794,0.004863366759659148,4.493615021437886,0.29256154185163924
5781.794050877326,3732.4723432074024,-9719.340226003398,0.004847511605379459,4.557762898336111,0.29256154185163924
6624.428161564982,3935.799519070442,-10652.776482742236,0.004569463329717906,5.79219568941896,0.29256154185163924
6919.177726656252,3981.782586209931,-10942.34072551901,0.004451903659452303,6.2730884070244315,0.29256154185163924
7333.9329968921575,4024.080483477184,-11316.90526476402,0.004318613981475767,6.997071338107496,0.29256154185163924
7427.756123012062,4030.0063923170933,-11396.283904351898,0.004288646147312555,7.168901891589956,0.29256154185163924
7441.6612481041475,4030.769805807267,-11407.880200102423,0.004284210781831916,7.194629559509368,0.29256154185163924
7648.376130735719,4038.6485334777735,-11575.14645182823,0.004218466803593383,7.585195298352101,0.29256154185163924
7752.3538783603735,4040.1513299591898,-11655.65350591555,0.00418553684568867,7.787509039657946,0.29256154185163924
8134.44996460557,4031.628835424216,-11930.660653578554,0.004065373563735826,8.566142840923755,0.29256154185163924
8347.788938810658,4017.353903674072,-12069.979031512492,0.003998892140710854,9.026023965438416,0.29256154185163924
8374.899407051344,4015.056418869778,-12086.955030804093,0.003990476371850476,9.085806907076071,0.29256154185163924
8642.111714398028,3986.656182781793,-12245.507664477576,0.003907934539021207,9.69176377347724,0.29256154185163924
1967.7433451923027,1639.5475951757305,-3731.1650599342247,0.006089361515611395,0.9639096215349929,0.29772188261134996
3104.972638604087,2436.926173955452,-5775.883982133884,0.005723921331502948,1.767727829392317,0.29772188261134996
3415.1929427921955,2631.0846866746683,-6301.04132622444,0.0056217646093017935,2.023633647952303,0.29772188261134996
4108.395325691009,3024.7038349091995,-7414.2474517877345,0.005362163851143745,2.6586996145951955,0.29772188261134996
4172.821496036502,3058.3265822760773,-7513.200934640583,0.00534087244512232,2.72241561845159,0.29772188261134996
4500.487049904659,3221.1811033497597,-8003.977843020759,0.005232432419151012,3.0595662415065252,0.29772188261134996
5566.5765945104085,3651.7847864029113,-9449.381013791353,0.004879486266679128,4.320930397751037,0.29772188261134996
5696.666780993178,3693.430731768462,-9609.301142200093,0.004836567463544874,4.493615021437886,0.29772188261134996
5744.169953490754,3708.027527850452,-9666.783401845663,0.00482091019049306,4.557762898336111,0.29772188261134996
6582.663043181532,3910.801597218599,-10599.991102251057,0.004546239073749203,5.79219568941896,0.29772188261134996
6876.040803533839,3956.7660807191774,-10889.87211533037,0.004429851396245445,6.2730884070244315,0.29772188261134996
7288.929541393739,3999.183437701525,-11265.28173072113,0.004298089468609361,6.997071338107496,0.29772188261134996
7382.34212970846,4005.1602016510938,-11344.907808358454,0.0042684591146824775,7.168901891589956,0.29772188261134996
7396.186714154388,4005.9323234504523,-11356.542447171392,0.004264073528209106,7.194629559509368,0.29772188261134996
7602.009104892651,4013.952732455294,-11524.430416048992,0.0041990616524233,7.585195298352101,0.29772188261134996
7705.5435664112665,4015.541192442798,-11605.286349459486,0.004166494398148244,7.787509039657946,0.29772188261134996
8086.057548949291,4007.4206313066747,-11881.775697740122,0.004047631780737169,8.566142840923755,0.29772188261134996
8298.538963269608,3993.4233685328745,-12022.054267075451,0.003981854369661244,9.026023965438416,0.29772188261134996
8325.542137035349,3991.1639830988565,-12039.158801918886,0.003973526931910132,9.085806907076071,0.29772188261134996
8591.710832595738,3963.169354946275,-12199.055875940081,0.003891841819030305,9.69176377347724,0.29772188261134996
1945.5873510609595,1621.0491027063886,-3690.513359572018,0.006023009579425857,0.9639096215349929,0.305481847364919
3071.300891391556,2410.4105516374434,-5717.198702644157,0.005665724788370834,1.767727829392317,0.305481847364919
3378.5481726737994,2602.748325884854,-6238.353253311456,0.005565773102739712,2.023633647952303,0.305481847364919
4065.368690241936,2992.8833845184968,-7344.08269411412,0.0053112165064828605,2.6586996145951955,0.305481847364919
4129.21833796948,3026.221985505135,-7442.44989084758,0.005290365423600684,2.72241561845159,0.305481847364919
4454.007459903102,3187.7482104426276,-7930.525583475428,0.005184144642037008,3.0595662415065252,0.305481847364919
5511.272702801854,3615.2791287467085,-9370.341480774136,0.004838149771438819,4.320930397751037,0.305481847364919
5640.340510688433,3656.6797120609144,-9529.907924906904,0.004796047470134962,4.493615021437886,0.305481847364919
5687.474111806276,3671.194267387776,-9587.278407932914,0.004780686467858151,4.557762898336111,0.305481847364919
6519.694994041424,3873.116155866171,-10520.005426271142,0.004511073268124176,5.79219568941896,0.305481847364919
6810.991424999118,3919.0447517751977,-10810.314757470114,0.0043964446322265465,6.2730884070244315,0.305481847364919
7221.048763510146,3961.6332445221965,-11186.92879664735,0.004266974298219279,6.997071338107496,0.305481847364919
7313.837386340311,3967.683767879598,-11266.911846967996,0.004237850427806955,7.168901891589956,0.305481847364919
7327.590117661782,3968.468000858087,-11278.602070047673,0.004233539514718369,7.194629559509368,0.305481847364919
7532.057329095323,3976.698205860036,-11447.392632946729,0.004169626638306143,7.585195298352101,0.305481847364919
7634.922460164348,3978.4167225822825,-11528.757469557277,0.0041376038709585216,7.787509039657946,0.305481847364919
8013.02879703087,3970.8912047096933,-11807.418480185574,0.004020695014616943,8.566142840923755,0.305481847364919
8224.20651619166,3957.30834797218,-11949.110077244135,0.003955975666549927,9.026023965438416,0.305481847364919
8251.046554507111,3955.105892129609,-11966.404061976427,0.003947781015946514,9.085806907076071,0.305481847364919
8515.627979073006,3927.717844703768,-12128.285710199103,0.003867384104853782,9.69176377347724,0.305481847364919
1938.767573564067,1615.355285696739,-3677.993099652609,0.006002574550241749,0.9639096215349929,0.30787109610135993
3060.9306371331836,2402.244591545703,-5699.104467745194,0.005647781863975954,1.767727829392317,0.30787109610135993
3367.260380245068,2594.0201734551774,-6219.018515748612,0.005548504529325161,2.023633647952303,0.30787109610135993
4052.110382923891,2983.078654016886,-7322.425097991909,0.0052954922998565655,2.6586996145951955,0.30787109610135993
4115.782569952001,3016.329963219933,-7420.6096713021325,0.0052747760115624265,2.72241561845159,0.30787109610135993
4439.682283122631,3177.444607332353,-7907.842532000366,0.005169234763294819,3.0595662415065252,0.30787109610135993
5494.218642297613,3604.0225256379385,-9345.898412108822,0.004825370161634402,4.320930397751037,0.30787109610135993
5622.970875971309,3645.3474412531796,-9505.350874692354,0.004783518267200357,4.493615021437886,0.30787109610135993
5669.989262283583,3659.8356466080436,-9562.685067741237,0.004768248141764206,4.557762898336111,0.30787109610135993
6500.268311215024,3861.490427352998,-10495.230588903767,0.004500187246972515,5.79219568941896,0.30787109610135993
6790.919060379984,3907.4057456568185,-10785.660071352315,0.004386099372473778,6.2730884070244315,0.30787109610135993
7200.099463417705,3950.045500256339,-11162.62882234613,0.004257333137919058,6.997071338107496,0.30787109610135993
7292.693586578802,3956.117493222567,-11242.7180797861,0.004228364970655975,7.168901891589956,0.30787109610135993
7306.417805892361,3956.905373544797,-11254.424842132867,0.004224077019509057,7.194629559509368,0.30787109610135993
7510.46465884745,3965.199234875068,-11423.485567658783,0.0041605019867986285,7.585195298352101,0.30787109610135993
7613.122145748388,3966.957375073723,-11505.003149339936,0.00412864665001573,7.787509039657946,0.30787109610135993
7990.4810935950645,3959.613319621344,-11784.318807784111,0.004012338787779718,8.566142840923755,0.30787109610135993
8201.253972736238,3946.1574206849114,-11926.43790080784,0.003947945043725806,9.026023965438416,0.30787109610135993
8228.043346679167,3943.9724043156452,-11943.789274967297,0.003939791264677378,9.085806907076071,0.30787109610135993
8492.13169354246,3916.7702970851788,-12106.2728464893,0.0038597909326785872,9.69176377347724,0.30787109610135993
1915.231117533893,1595.7053109133346,-3634.7566296445802,0.00593200805085705,0.9639096215349929,0.31611930855440024
3025.1193034239213,2374.046484486132,-5636.54756141924,0.005585750310454642,1.767727829392317,0.31611930855440024
3328.2740687210157,2563.8758403162187,-6152.149946384059,0.005488784412386677,2.023633647952303,0.31611930855440024
4006.3012075741944,2949.2037917111447,-7247.461996426813,0.005241072079377535,2.6586996145951955,0.31611930855440024
4069.358651175981,2982.1523581188503,-7345.008462212689,0.005220818299815518,2.72241561845159,0.31611930855440024
4390.17645781344,3141.8387243848747,-7829.2910983790935,0.005117609315241341,3.0595662415065252,0.31611930855440024
5435.2487324301,3565.101542889128,-9261.126530069429,0.0047810623787389326,4.320930397751037,0.31611930855440024
5562.9058147646165,3606.1622941091923,-9420.167173387614,0.004740071241882659,4.493615021437886,0.31611930855440024
5609.526062392306,3620.5600035371513,-9477.369283437009,0.004725113574244244,4.557762898336111,0.31611930855440024
6433.058769989787,3821.2720605401705,-10409.16645569745,0.00446239303421274,5.79219568941896,0.31611930855440024
6721.467705725766,3867.1375431656784,-10699.967598100433,0.004350168958345472,6.2730884070244315,0.31611930855440024
7127.595824621855,3909.9440413872708,-11078.101765597377,0.004223827943286206,6.997071338107496,0.31611930855440024
7219.514134790271,3916.0891220280346,-11158.544467881176,0.004195396306130221,7.168901891589956,0.31611930855440024
7233.138446575446,3916.8887689271146,-11170.306377317473,0.0041911874846265375,7.194629559509368,0.31611930855440024
7435.724169962572,3925.4000823312836,-11340.270888010476,0.004128776856788149,7.585195298352101,0.31611930855440024
7537.656991125578,3927.2917500915423,-11422.3009162062,0.004097498849344266,7.787509039657946,0.31611930855440024
7912.4154280093,3920.5688043808054,-11703.825599129501,0.0039832634290048715,8.566142840923755,0.31611930855440024
8121.779551747647,3907.5490736110983,-11847.39237587231,0.003919993119401128,9.026023965438416,0.31611930855440024
8148.391085347038,3905.423929196858,-11864.938613998027,0.003911980331356447,9.085806907076071,0.31611930855440024
8410.759963608922,3878.8599399517666,-12029.466473041037,0.003833348812958145,9.69176377347724,0.31611930855440024
1877.6185456983908,1564.3056012072857,-3565.574099339574,0.005819101930931645,0.9639096215349929,0.3293088509753889
2967.818899808332,2328.931595283949,-5536.219614774258,0.00548627205917087,1.767727829392317,0.3293088509753889
3265.8743694000027,2515.6329689106446,-6044.833242495944,0.005392948775197953,2.023633647952303,0.3293088509753889
3932.9242024631303,2894.9488432442395,-7126.957612613689,0.0051536090925607715,2.6586996145951955,0.3293088509753889
3994.9918429760473,2927.4088321075506,-7223.458982826538,0.005134085674521306,2.72241561845159,0.3293088509753889
4310.8462802069225,3084.789082610494,-7702.8932650358765,0.005034561637866641,3.0595662415065252,0.3293088509753889
5340.647214009623,3502.6719051149353,-9124.313248131366,0.004709597143467689,4.320930397751037,0.3293088509753889
5466.529704833254,3543.2953339671544,-9282.635157256846,0.004669970500118123,4.493615021437886,0.3293088509753889
5512.5083063217835,3557.5476356128293,-9339.603957040483,0.004655508297291862,4.557762898336111,0.3293088509753889
6325.118138003081,3756.688599831377,-10269.807930398252,0.004401266180733422,5.79219568941896,0.3293088509753889
6609.8941774358145,3802.455724259034,-10561.082896310196,0.004312958346813054,6.2730884070244315,0.3293088509753889
7011.06686177386,3845.500704325079,-10940.866782792713,0.004169531020885784,6.997071338107496,0.3293088509753889
7101.892998943163,3851.761716240212,-11021.831788987904,0.004141953868990631,7.168901891589956,0.3293088509753889
7115.356200507063,3852.580297633469,-11033.675498192984,0.004137871105068982,7.194629559509368,0.3293088509753889
7315.565381221753,3861.42559774503,-11204.990534363016,0.004077315958269542,7.585195298352101,0.3293088509753889
7416.319525055267,3863.522940902268,-11287.793280911384,0.004046958351418159,7.787509039657946,0.3293088509753889
7786.849224034987,3857.777109324166,-11572.68057066598,0.003936029327668589,8.566142840923755,0.3293088509753889
7993.91777745629,3845.443856786096,-11718.471394053071,0.0038745528532212136,9.026023965438416,0.3293088509753889
8020.241811200541,3843.4133309973404,-11736.317384023132,0.0038667653303982997,9.085806907076071,0.3293088509753889
8279.811505402076,3817.863371930815,-11904.00396911997,0.0037903212025153354,9.69176377347724,0.3293088509753889
1797.501394884446,1497.4297279390628,-3417.8653083066747,0.005578069991583136,0.9639096215349929,0.357435448767271
2845.4835884248964,2232.6285409125376,-5321.066940289602,0.005272970793485559,1.767727829392317,0.357435448767271
3132.5665596758276,2412.588180757187,-5814.390179072587,0.005187193947489571,2.023633647952303,0.357435448767271
3775.942503697103,2778.9018933926486,-6867.3849893462975,0.004965284288752016,2.6586996145951955,0.357435448767271
3835.868293107126,2810.298687967604,-6961.55551132765,0.004947279886841828,2.72241561845159,0.357435448767271
4140.9871993754205,2962.664001044319,-7430.1097229841835,0.0048554276279672804,3.0595662415065252,0.357435448767271
5137.640458886474,3368.7370937583314,-8827.369219931963,0.004554660169861741,4.320930397751037,0.357435448767271
5259.662679205912,3408.3891316383733,-8983.90534817076,0.00451789321457397,4.493615021437886,0.357435448767271
5304.241488339445,3422.312066840167,-9040.284202248804,0.004504469606736665,4.557762898336111,0.357435448767271
6093.011055209498,3617.849701935047,-9965.425860778465,0.004268043292914839,5.79219568941896,0.357435448767271
6369.829033728192,3663.3216957618447,-10257.257641277305,0.004185724243191946,6.2730884070244315,0.357435448767271
6760.135650741799,3706.767941039988,-10639.602330739814,0.004050744895042033,6.997071338107496,0.357435448767271
6848.556053966864,3713.2495955667973,-10721.4967472575,0.004024974463978389,7.168901891589956,0.357435448767271
6861.664572665775,3714.1050771960736,-10733.487803380856,0.004021158283272822,7.194629559509368,0.357435448767271
7056.650220802004,3723.613939591597,-10907.281135349265,0.003964530020918779,7.585195298352101,0.357435448767271
7154.813456373201,3726.1295875884407,-10991.531964720096,0.0039361218190860055,7.787509039657946,0.357435448767271
7516.0228197654,3722.3867741881045,-11282.86931901057,0.0038322058826655903,8.566142840923755,0.357435448767271
7718.026201749103,3711.4797337427904,-11433.011335398485,0.003774540722530003,9.026023965438416,0.357435448767271
7743.7140946300115,3709.6458994948816,-11451.447742548306,0.0037672321297828027,9.085806907076071,0.357435448767271
7997.095141321188,3686.210430967182,-11625.39503525362,0.0036954427538064788,9.69176377347724,0.357435448767271
1777.1805634024436,1480.469029099114,-3380.326574063314,0.005516820353624113,0.9639096215349929,0.3645763583423226
2814.393912819286,2208.157976743566,-5266.1834167093475,0.005218565780103418,1.767727829392317,0.3645763583423226
3098.6689738122673,2386.3899999112914,-5755.540627616414,0.005134656689681602,2.023633647952303,0.3645763583423226
3735.976051998936,2749.3624471314106,-6800.92103028384,0.004917079196200897,2.6586996145951955,0.3645763583423226
3795.3526243630868,2780.4859274772466,-6894.477367825602,0.004899452072094892,2.72241561845159,0.3645763583423226
4097.7138228066915,2931.5573669999744,-7360.150983238025,0.004809506605766051,3.0595662415065252,0.3645763583423226
5085.824059906445,3334.558619406878,-8750.848806243688,0.004514770768963407,4.320930397751037,0.3645763583423226
5206.847979148265,3373.954187782126,-8906.876209811446,0.004478718437156151,4.493615021437886,0.3645763583423226
5251.065300359869,3387.79043537993,-8963.08480801263,0.004465554535046419,4.557762898336111,0.3645763583423226
6033.662550619642,3582.3581145705484,-9886.572941061924,0.00423359140283579,5.79219568941896,0.3645763583423226
6308.412980831567,3627.7352035894523,-10178.41562600511,0.004152776572536668,6.2730884070244315,0.3645763583423226
6695.895197399192,3671.2604946444044,-10561.22652887395,0.0040199283010362566,6.997071338107496,0.3645763583423226
6783.687487252018,3677.7907964623205,-10643.31616527684,0.003994612837447135,7.168901891589956,0.3645763583423226
6796.703903656627,3678.6549530966145,-10655.338536904972,0.003990863820142181,7.194629559509368,0.3645763583423226
6990.329169676623,3688.3220616410763,-10829.670890990805,0.003935225347822665,7.585195298352101,0.3645763583423226
7087.8172254867995,3690.93954725375,-10914.244789793214,0.003907308828011589,7.787509039657946,0.3645763583423226
7446.5940359865235,3687.686722149573,-11207.057477204413,0.0038051639190807606,8.566142840923755,0.3645763583423226
7647.275122374861,3677.1342772114926,-11358.21607462567,0.0037484626178021824,9.026023965438416,0.3645763583423226
7672.79546558357,3675.348847429074,-11376.791251392278,0.0037412752229359593,9.085806907076071,0.3645763583423226
7924.556374007529,3652.441050449639,-11552.22058742179,0.0036706645752376315,9.69176377347724,0.3645763583423226
1753.076015304077,1460.3511258663684,-3335.7596649378756,0.0054441065535017295,0.9639096215349929,0.3730505119141715
2777.4831235530805,2179.107510403561,-5200.917167413529,0.005153871725920708,1.767727829392317,0.3730505119141715
3058.416545540807,2355.2828715429914,-5685.523722937636,0.0050721536682489165,2.023633647952303,0.3730505119141715
3688.4904473677284,2714.2682211677115,-6721.752589913318,0.004859667894388814,2.6586996145951955,0.3730505119141715
3747.2106300461,2745.0643443567324,-6814.568278174491,0.004842484011846047,2.72241561845159,0.3730505119141715
4046.2820049914653,2894.5890689478656,-7276.760956872684,0.0047547795083881135,3.0595662415065252,0.3730505119141715
5024.186648536813,3293.905243435399,-8659.444812298818,0.004467141479397457,4.320930397751037,0.3730505119141715
5144.019400026172,3332.9948845751937,-8814.838634804146,0.004431931117636473,4.493615021437886,0.3730505119141715
5187.802756990987,3346.7251467152055,-8870.834519326643,0.004419073167096333,4.557762898336111,0.3730505119141715
5963.009451116313,3540.1105576881982,-9792.163327212584,0.0041923736992473416,5.79219568941896,0.3730505119141715
6235.284661518256,3585.367419251972,-10083.948886089667,0.004113334910761815,6.2730884070244315,0.3730505119141715
6619.376712056728,3628.9712601434635,-10467.21418262818,0.0039830077795913275,6.997071338107496,0.3730505119141715
6706.419200124785,3635.5596940905257,-10549.512803406455,0.003958230200708468,7.168901891589956,0.3730505119141715
6719.324258711654,3636.433125128922,-10561.569133205034,0.0039545605693033815,7.194629559509368,0.3730505119141715
6911.316259444421,3646.281799934372,-10736.492881220081,0.00390009250811978,7.585195298352101,0.3730505119141715
7007.990965520742,3649.0146076006113,-10821.425674987513,0.003872757617142835,7.787509039657946,0.3730505119141715
7363.847773999618,3646.336143688159,-11115.901458822715,0.0037727087326231206,8.566142840923755,0.3730505119141715
7562.937040179281,3636.198033354036,-11268.218211575739,0.003717148928255436,9.026023965438416,0.3730505119141715
7588.257775998373,3634.4702510131974,-11286.952172891622,0.003710105084086771,9.085806907076071,0.3730505119141715
7838.07107464655,3612.1846969634717,-11464.081432584186,0.0036408912251962395,9.69176377347724,0.3730505119141715
1752.1331497311214,1459.564219568282,-3334.0155539297702,0.005441260995621267,0.9639096215349929,0.3733820637479296
2776.0386219996853,2177.970663614747,-5198.360632346259,0.005151337673567339,1.767727829392317,0.3733820637479296
3056.841053988806,2354.065377788894,-5682.7803437607145,0.005069704777933353,2.023633647952303,0.3733820637479296
3686.631310817534,2712.894292078821,-6718.648605086732,0.004857417127204335,2.6586996145951955,0.3733820637479296
3745.325705688015,2743.6775316169806,-6811.435054653346,0.004840250487330421,2.72241561845159,0.3733820637479296
4044.267979933598,2893.1414929442712,-7273.49015868875,0.004752633177439955,3.0595662415065252,0.3733820637479296
5021.771839368643,3292.312626550158,-8655.855434285746,0.004465271517518948,4.320930397751037,0.3733820637479296
5141.557779924021,3331.390190463663,-8811.223805356523,0.004430093962955547,4.493615021437886,0.3733820637479296
5185.324160341813,3345.1163349889994,-8867.211130581127,0.004417247932110529,4.557762898336111,0.3733820637479296
5960.240181157144,3538.4547487723567,-9788.451059538653,0.0041907536750831545,5.79219568941896,0.3733820637479296
6232.418016239738,3583.706693574849,-10080.232842663936,0.004111784167100253,6.2730884070244315,0.3733820637479296
6616.376633805066,3627.3133190578883,-10463.5137160565,0.003981555498258653,6.997071338107496,0.3733820637479296
6703.389600812445,3633.9039651665917,-10545.82001662103,0.0039567989171416145,7.168901891589956,0.3733820637479296
6716.2903027225,3634.777771744665,-10557.877598041414,0.003953132385330546,7.194629559509368,0.3733820637479296
6908.217962773545,3644.6333992635705,-10732.823407560907,0.003898710021650286,7.585195298352101,0.3733820637479296
7004.860780270956,3647.370746315327,-10817.76968643059,0.0038713978462808422,7.787509039657946,0.3733820637479296
7360.6024074434645,3644.714451912407,-11112.308589272194,0.003771430836973731,8.566142840923755,0.3733820637479296
7559.628930008007,3634.592440646252,-11264.669557982816,0.0037159156434063063,9.026023965438416,0.3733820637479296
7584.94180878962,3632.866907697901,-11283.409619088336,0.0037088774054543083,9.085806907076071,0.3733820637479296
7834.67831759305,3610.6055232713907,-11460.604050629285,0.0036397181521140355,9.69176377347724,0.3733820637479296
1723.6499104190077,1435.7930665598228,-3281.297430280145,0.0053552527086179105,0.9639096215349929,0.3834008015745528
2732.3761441899205,2143.6090463506266,-5121.002061663821,0.0050746618594169545,1.767727829392317,0.3834008015745528
3009.211540536292,2317.260402899399,-5599.7411511370665,0.004995582356828228,2.023633647952303,0.3834008015745528
3630.406461900017,2671.345544792065,-6624.621957082956,0.0047892426727194235,2.6586996145951955,0.3834008015745528
3688.320504471576,2701.739156826478,-6716.515623523075,0.004772593504350667,2.72241561845159,0.3834008015745528
3983.3464598316677,2849.3568020300304,-7174.36428047964,0.004687593682439383,3.0595662415065252,0.3834008015745528
4948.6887400868645,3244.116500794963,-8546.923206077132,0.0044085354729136265,4.320930397751037,0.3834008015745528
5067.05062015812,3282.8232739739833,-8701.49904142235,0.004374344361699846,4.493615021437886,0.3834008015745528
5110.301116183925,3296.4234604546573,-8757.218678358018,0.004361856876658302,4.557762898336111,0.3834008015745528
5876.382814368935,3488.318134704694,-9675.616688896902,0.0041415369568997525,5.79219568941896,0.3834008015745528
6145.5984928631415,3533.413366484767,-9967.22788126707,0.004064653696268771,6.2730884070244315,0.3834008015745528
6525.498502602382,3577.094922381004,-10350.958205902243,0.003956798179923272,6.997071338107496,0.3834008015745528
6611.611296548576,3583.7492534817998,-10433.42152643545,0.003913269890584024,7.168901891589956,0.3834008015745528
6624.379373512779,3584.6340888892582,-10445.514306408244,0.003909696773550674,7.194629559509368,0.3834008015745528
6814.348010024637,3594.69512905044,-10621.087768824116,0.003856651806917428,7.585195298352101,0.3834008015745528
6910.019757942801,3597.567437745272,-10706.422159930175,0.003830024452010304,7.787509039657946,0.3834008015745528
7262.25230100979,3595.5732879912475,-11002.797212671961,0.003732526760440613,8.566142840923755,0.3834008015745528
7459.368087669058,3585.935105466514,-11156.45613197596,0.003678357439911206,9.026023965438416,0.3834008015745528
7484.439761599766,3584.275822479962,-11175.374780430604,0.003671488537489449,9.085806907076071,0.3834008015745528
7731.835703872663,3562.740970656264,-11354.492060442964,0.0036039772923029526,9.69176377347724,0.3834008015745528
1705.668236203836,1420.7869588352316,-3247.984796806377,0.005300906544513668,0.9639096215349929,0.38972881144957094
2704.785193713851,2121.8969248343387,-5072.035561053795,0.005026129960440817,1.767727829392317,0.38972881144957094
2979.1061922454624,2293.9986798642044,-5547.152124913911,0.004948643232289287,2.023633647952303,0.38972881144957094
3594.847893504573,2645.0708987217017,-6565.002276950167,0.004746021542393145,2.6586996145951955,0.38972881144957094
3652.267386621328,2675.217264826716,-6656.322901649757,0.004729695604174679,2.72241561845159,0.38972881144957094
3944.8051603394497,2821.659450595345,-7111.465433799349,0.004646331683230326,3.0595662415065252,0.38972881144957094
4902.413698353349,3213.602838398832,-8477.650548789461,0.0043724700289760905,4.320930397751037,0.38972881144957094
5019.868010705517,3252.0708872691257,-8631.702330344262,0.004338897000137528,4.493615021437886,0.38972881144957094
5062.789958374067,3265.590126423996,-8687.24420676945,0.004326634224793349,4.557762898336111,0.38972881144957094
5823.243145538481,3456.551261730783,-9603.689888069734,0.004110187249599237,5.79219568941896,0.38972881144957094
6090.5665082069545,3501.5379789732724,-9895.137097595813,0.004034614193819363,6.2730884070244315,0.38972881144957094
6467.875809934003,3545.256717818097,-10279.078120370163,0.003928560019958462,6.997071338107496,0.38972881144957094
6553.4117219302625,3551.9484029092455,-10361.647493769306,0.003904628618817169,7.168901891589956,0.38972881144957094
6566.094753415505,3552.839621644336,-10373.749662190392,0.0039010839330322813,7.194629559509368,0.38972881144957094
6754.8128939303815,3563.0271135335856,-10549.659192276136,0.0038298037172306183,7.585195298352101,0.38972881144957094
6849.862154743988,3565.9810717353616,-10635.219121127411,0.003803607293008452,7.787509039657946,0.38972881144957094
7199.852323800294,3564.399516059174,-10932.682304383503,0.0037076642553099306,8.566142840923755,0.38972881144957094
7395.745159261285,3555.0631602997432,-11087.122145490037,0.0036543428351239367,9.026023965438416,0.38972881144957094
7420.663220514964,3553.445904351654,-11106.148666940258,0.003647580636572566,9.085806907076071,0.38972881144957094
7666.559248465334,3532.3652056383507,-11286.432503164193,0.003581108295672135,9.69176377347724,0.38972881144957094
1653.0479544623477,1376.8771786233947,-3150.369748850637,0.005141668924002136,0.9639096215349929,0.40825912421126914
2623.936861345809,2058.2823106561837,-4928.179065086777,0.0048835609881453055,1.767727829392317,0.40825912421126914
2890.8524579255577,2225.814859500452,-5392.533872156389,0.0048106490342153495,2.023633647952303,0.40825912421126914
3490.5181996070773,2567.9908387648757,-6389.45614874069,0.004644943410271785,2.6586996145951955,0.40825912421126914
3546.4768012781774,2597.4041387791654,-6479.012448232126,0.004629381118946689,2.72241561845159,0.40825912421126914
3831.6716754504077,2740.3695232765554,-6925.989928195217,0.004524693433433928,3.0595662415065252,0.40825912421126914
4766.391585156608,3123.9247401378425,-8272.702428037075,0.004265831336845803,4.320930397751037,0.40825912421126914
4881.160640682145,3161.680028133433,-8425.113918004208,0.00423404543825179,4.493615021437886,0.40825912421126914
4923.106400026915,3174.95537079966,-8480.096369875217,0.004222432611213323,4.557762898336111,0.40825912421126914
5666.843437045055,3363.0704217034677,-9390.114081131287,0.004017203452438526,5.79219568941896,0.40825912421126914
5928.544605501038,3407.70982401726,-9680.826251029612,0.0039454322585218485,6.2730884070244315,0.40825912421126914
6298.134567488227,3451.4874906706737,-10065.023835643471,0.0038446111960854386,6.997071338107496,0.40825912421126914
6381.957695745498,3458.282539834038,-10147.856942834856,0.0038218439747339946,7.168901891589956,0.40825912421126914
6394.387806366849,3459.1919455537623,-10160.004599737862,0.003818471199749485,7.194629559509368,0.40825912421126914
6579.372609980175,3469.72335000185,-10336.652607667762,0.0037499092479150297,7.585195298352101,0.40825912421126914
6672.566669326598,3472.909658803883,-10422.78382897345,0.003724966874034908,7.787509039657946,0.40825912421126914
7015.858735698688,3472.4973990353815,-10723.107992731071,0.0036335520394768822,8.566142840923755,0.40825912421126914
7208.096323316581,3464.0270162954935,-10879.654712507407,0.0035827029026848306,9.026023965438416,0.40825912421126914
7232.553961843096,3462.53078848898,-10898.974722936262,0.003576251946231622,9.085806907076071,0.40825912421126914
7473.9653110458785,3442.762950924286,-11082.454305258441,0.0035128115699100855,9.69176377347724,0.40825912421126914
1647.0909264805346,1371.906531968013,-3139.30668972055,0.005123623030046312,0.9639096215349929,0.4103580708501434
2614.7737049335874,2051.073015898375,-4911.840447144932,0.004867369606767154,1.767727829392317,0.4103580708501434
2880.847187747841,2218.08570954177,-5374.961786533953,0.004794967419622787,2.023633647952303,0.4103580708501434
3478.681858278428,2559.2470535431585,-6369.476632790203,0.004630396812234783,2.6586996145951955,0.4103580708501434
3534.4734646416396,2588.576197207801,-6458.834311584033,0.004614939424431313,2.72241561845159,0.4103580708501434
3818.8308849963787,2731.1441184064884,-6904.859733385274,0.004510839095945441,3.0595662415065252,0.4103580708501434
4750.936309697318,3113.7367557450266,-8249.290145708997,0.0042536552833712235,4.320930397751037,0.4103580708501434
4865.397527564246,3151.409084514098,-8401.50570101264,0.004222069660874531,4.493615021437886,0.4103580708501434
4907.2318317042045,3164.656357414441,-8456.421146958426,0.004210529667426569,4.557762898336111,0.4103580708501434
5649.053806010234,3352.4391047600843,-9365.643107462398,0.004006559313134906,5.79219568941896,0.4103580708501434
5910.109244824075,3397.035168468879,-9656.24773313335,0.003935215385154852,6.2730884070244315,0.4103580708501434
6278.813501625352,3440.815931435118,-10040.440128843285,0.0038349829882734793,6.997071338107496,0.4103580708501434
6362.438981623271,3447.6208683342597,-10123.295298750738,0.0038123468227350614,7.168901891589956,0.4103580708501434
6374.840055993596,3448.5321709615905,-10135.446946661912,0.0038089934028530796,7.194629559509368,0.4103580708501434
6559.395713340218,3459.10074078769,-10312.175837935676,0.0037591901821055953,7.585195298352101,0.4103580708501434
6652.3766184058395,3462.3126722683082,-10398.34869545525,0.0037159375657340767,7.787509039657946,0.4103580708501434
6994.898404380178,3462.029835178122,-10698.965558270866,0.0036250332493857874,8.566142840923755,0.4103580708501434
7186.714802199333,3453.6557844031436,-10855.73384844201,0.00357446304064977,9.026023965438416,0.4103580708501434
7211.119515299163,3452.173058246097,-10875.084895380998,0.00356804722053891,9.085806907076071,0.4103580708501434
7452.014006918552,3432.5524648693954,-11058.905348071734,0.0035049492069981637,9.69176377347724,0.4103580708501434
1568.7510311398116,1306.5437849719326,-2993.5882141458715,0.004885949642644727,0.9639096215349929,0.4379830414477151
2494.0720194969945,1956.120744993115,-4695.974870426064,0.004653468399131342,1.767727829392317,0.4379830414477151
2748.991680884674,2116.2403958949185,-5142.587365328058,0.0045876150659161325,2.023633647952303,0.4379830414477151
3322.5337954395154,2443.915406446973,-6104.692007470359,0.00443764910415419,2.6586996145951955,0.4379830414477151
3376.113731082381,2472.129758746488,-6191.361079941664,0.0044235432132318335,2.72241561845159,0.4379830414477151
3649.335592101674,2609.3928742842277,-6624.458500830879,0.004327049370494703,3.0595662415065252,0.4379830414477151
4546.5986290597675,2979.0662850871936,-7937.386481362933,0.0040915522572492055,4.320930397751037,0.4379830414477151
4656.954262158312,3015.620452713499,-8086.8300953282305,0.00406256011511766,4.493615021437886,0.4379830414477151
4697.297176852458,3028.484248228588,-8140.791173422556,0.004051963805426311,4.557762898336111,0.4379830414477151
5413.49676911338,3211.69921564195,-9038.234969121913,0.0038643264384692674,5.79219568941896,0.4379830414477151
5665.8998176597825,3255.6649386454696,-9326.95270700127,0.0037985383554371937,6.2730884070244315,0.4379830414477151
6022.705207540926,3299.393528650114,-9710.406044960939,0.003705971266548907,6.997071338107496,0.4379830414477151
6103.682571743799,3306.3172865449374,-9793.400251339692,0.003685043295210677,7.168901891589956,0.4379830414477151
6115.6921757016125,3307.249855258777,-9805.582013929241,0.003681942213120001,7.194629559509368,0.4379830414477151
6294.480094826509,3318.2703485830034,-9983.04605252757,0.003635864477862855,7.585195298352101,0.4379830414477151
6384.587787082519,3321.793437560213,-10069.73059508355,0.003612705864603111,7.787509039657946,0.4379830414477151
6716.730580075625,3323.1489102654514,-10373.448136518979,0.0035105219904118814,8.566142840923755,0.4379830414477151
6902.869523728694,3316.0119195849825,-10532.792838347174,0.0034635998795824515,9.026023965438416,0.4379830414477151
6926.55922290831,3314.702134404991,-10552.509993771462,0.003457643724661053,9.085806907076071,0.4379830414477151
7160.4768720380025,3296.9786405304176,-10740.398493549044,0.0033990281738054936,9.69176377347724,0.4379830414477151
1567.5443295269101,1305.5370546493205,-2991.3403292048315,0.004882283536787234,0.9639096215349929,0.43840888049488413
2492.2099924802196,1954.6561371691453,-4692.635312279548,0.0046501594980964,1.767727829392317,0.43840888049488413
2746.9566186657657,2114.6687190510224,-5138.989325269518,0.004584404776139046,2.023633647952303,0.43840888049488413
3320.1214202018723,2442.1338880351786,-6100.583781253146,0.0044346590678972534,2.6586996145951955,0.43840888049488413
3373.66700521327,2470.3308939916787,-6187.21032501867,0.004420573580702718,2.72241561845159,0.43840888049488413
3646.7156551643957,2607.5112558954424,-6620.1026510335,0.004324195172616671,3.0595662415065252,0.43840888049488413
4543.435375967345,2976.9819463423505,-7932.52352636477,0.0040890264346176665,4.320930397751037,0.43840888049488413
4653.726781285816,3013.5183583499243,-8081.921571424216,0.004060073640829331,4.493615021437886,0.43840888049488413
4694.046415142858,3026.376104910801,-8135.866889528232,0.004049491654136641,4.557762898336111,0.43840888049488413
5409.8449576353105,3209.517842550793,-9033.109890417829,0.003862102565930488,5.79219568941896,0.43840888049488413
5662.112326670556,3253.472927052171,-9321.791551837865,0.003796399116861428,6.2730884070244315,0.43840888049488413
6018.730778770126,3297.199327356943,-9705.223624537517,0.003703948936561522,6.997071338107496,0.43840888049488413
6099.666599689049,3304.124767655841,-9788.217719426211,0.003683047043672915,7.168901891589956,0.43840888049488413
6111.670067311036,3305.0576393845236,-9800.399611731504,0.003679949814616273,7.194629559509368,0.43840888049488413
6290.367211470713,3316.0844690068934,-9977.870035865497,0.0036339289912754643,7.585195298352101,0.43840888049488413
6380.429580252139,3319.611966104291,-10064.56089757596,0.0036107987397062443,7.787509039657946,0.43840888049488413
6712.408976359968,3320.9918222018596,-10368.316123951125,0.003508721637513633,8.566142840923755,0.43840888049488413
6898.458382333804,3313.8734046455133,-10527.695528542405,0.0034618553917768035,9.026023965438416,0.43840888049488413
6922.136818581784,3312.5662409100137,-10547.417683211846,0.003455906281685689,9.085806907076071,0.43840888049488413
7155.944363531276,3294.8714546987544,-10735.362670111375,0.003397359451342609,9.69176377347724,0.43840888049488413
1562.750002029529,1301.5372537651813,-2982.4083019445243,0.00486771626075076,0.9639096215349929,0.4401008709570113
2484.811135646706,1948.836498839851,-4679.36262859383,0.004637008736875498,1.767727829392317,0.4401008709570113
2738.869933349438,2108.4234413751706,-5124.688413337462,0.004571645124228186,2.023633647952303,0.4401008709570113
3310.534850694326,2435.0543970542817,-6084.252562474838,0.004422773080069453,2.6586996145951955,0.4401008709570113
3363.943716042639,2463.182289893238,-6170.709797464326,0.004408768533902263,2.72241561845159,0.4401008709570113
3636.3036596442626,2600.033535729702,-6602.785467767666,0.004312848232780562,3.0595662415065252,0.4401008709570113
4530.862723742321,2968.6976639256736,-7913.18496640573,0.00407898242953145,4.320930397751037,0.4401008709570113
4640.898668369078,3005.163388922156,-8062.401088856779,0.0040501857865159205,4.493615021437886,0.4401008709570113
4681.125703181467,3017.9970513879966,-8116.283470146256,0.004039660641044875,4.557762898336111,0.4401008709570113
5395.328862406679,3200.8469346866787,-9012.722747154126,0.0038532569804476903,5.79219568941896,0.4401008709570113
5647.056459683427,3244.7594841527534,-9301.259020775258,0.0037878894794080463,6.2730884070244315,0.4401008709570113
6002.931100385766,3288.4767953890973,-9684.603573903674,0.0036959034270010655,6.997071338107496,0.4401008709570113
6083.701614250534,3295.4088388540476,-9767.596540967905,0.0036751050730179425,7.168901891589956,0.4401008709570113
6095.680664112314,3296.34290254363,-9779.778847126923,0.003672023141844947,7.194629559509368,0.4401008709570113
6274.016581721527,3307.3947312015757,-9957.273127590131,0.003626228284540312,7.585195298352101,0.4401008709570113
6363.898586260675,3310.9396577329753,-10043.988339017043,0.003603210646717071,7.787509039657946,0.4401008709570113
6695.227702045342,3312.416108549412,-10347.890503556264,0.0035015576166651263,8.566142840923755,0.4401008709570113
6880.920734439975,3305.371339005354,-10507.406236874238,0.003454913226835029,9.026023965438416,0.4401008709570113
6904.554345116815,3304.0745753745587,-10527.148069037714,0.0034489920904675914,9.085806907076071,0.4401008709570113
7137.923627397245,3286.4936885962456,-10715.31557207393,0.003390718189799597,9.69176377347724,0.4401008709570113
1550.1568477432968,1291.0312461012197,-2958.939215226128,0.004829441108221194,0.9639096215349929,0.4445459148507845
2465.37012997934,1933.5454072170098,-4644.466569390577,0.004602433834922619,1.767727829392317,0.4445459148507845
2717.6195971449374,2092.0124665896806,-5087.081953617824,0.004538092348387042,2.023633647952303,0.4445459148507845
3285.338762281886,2416.44840596675,-6041.288050546951,0.0043915043007000856,2.6586996145951955,0.4445459148507845
3338.386672061482,2444.3932848133936,-6127.297912865346,0.004377711431453948,2.72241561845159,0.4445459148507845
3608.93364997682,2580.3775745618336,-6557.214875753867,0.004282990405120919,3.0595662415065252,0.4445459148507845
4497.802002789296,2946.9144581291453,-7862.254508048514,0.004052533796214052,4.320930397751037,0.4445459148507845
4607.164760520581,2983.193384539183,-8010.986002353486,0.004024145932800357,4.493615021437886,0.4445459148507845
4647.147839771464,2995.9634363326945,-8064.700731813609,0.004013769566827035,4.557762898336111,0.4445459148507845
5357.145559171876,3178.0399485547428,-8958.983929836053,0.0038299465231089445,5.79219568941896,0.4445459148507845
5607.4497600619125,3221.83858595233,-9247.12218303825,0.0037654591643473934,6.2730884070244315,0.4445459148507845
5961.362317215531,3265.5290495783092,-9630.213692160345,0.0036746894627668393,6.997071338107496,0.4445459148507845
6041.696699042506,3272.477817644118,-9713.198462392902,0.003654162510894418,7.168901891589956,0.4445459148507845
6053.611324529216,3273.414921033006,-9725.381079668055,0.0036511206812044382,7.194629559509368,0.4445459148507845
6230.994066652992,3284.531072918026,-9902.926449890416,0.003605918210814522,7.585195298352101,0.4445459148507845
6320.401093264379,3288.1220005566965,-9989.69982386817,0.003583195840943144,7.787509039657946,0.4445459148507845
6650.012810380097,3289.8491512051264,-10293.966640969673,0.0034826556060056878,8.566142840923755,0.4445459148507845
6834.7649323352,3282.9960911042513,-10453.828618226871,0.0034365931792775146,9.026023965438416,0.4445459148507845
6858.280196779809,3281.7271559560268,-10473.620676642262,0.003430745417318362,9.085806907076071,0.4445459148507845
7090.492139132634,3264.444241685258,-10662.358067569803,0.0033731875965366093,9.69176377347724,0.4445459148507845
1542.5451392269638,1284.6812033908473,-2944.748491029255,0.004806298275999578,0.9639096215349929,0.4472331500625501
2453.6147516104757,1924.2996420079587,-4623.3511437489215,0.0045815131625046605,1.767727829392317,0.4472331500625501
2704.768708224081,2082.088463675029,-5064.32154810879,0.004517785829241025,2.023633647952303,0.4472331500625501
3270.0980036556016,2405.1943518448315,-6015.271430414978,0.004372570671760676,2.6586996145951955,0.4472331500625501
3322.927197516083,2433.02825767674,-6101.009062621146,0.004358905081301241,2.72241561845159,0.4472331500625501
3592.375536470627,2568.486755122556,-6529.611547216562,0.0042649061273084075,3.0595662415065252,0.4472331500625501
4477.793469532334,2933.731559871619,-7831.376116086998,0.004036500811793281,4.320930397751037,0.4472331500625501
4586.747827086012,2969.8970416749185,-7979.809965681612,0.004008359041101985,4.493615021437886,0.4472331500625501
4626.582914335678,2982.6283797152196,-8033.421659936052,0.003998072243964817,4.557762898336111,0.4472331500625501
5334.028287324166,3164.232701724359,-8926.370029884383,0.003815803480295456,5.79219568941896,0.4472331500625501
5583.468170639931,3207.960923349046,-9214.256246572986,0.003751846501184526,6.2730884070244315,0.4472331500625501
5936.188913019135,3251.633061375089,-9597.178458594732,0.0036618100333858984,6.997071338107496,0.4472331500625501
6016.258327043338,3258.5915010443546,-9680.154576921377,0.0036414467256568888,7.168901891589956,0.4472331500625501
6028.133810263628,3259.5303773750716,-9692.336834084053,0.003638429076744799,7.194629559509368,0.4472331500625501
6204.937356950022,3270.684064958488,-9869.90490750067,0.0035935838413213217,7.585195298352101,0.4472331500625501
6294.056468530996,3274.3033256621893,-9956.709340113994,0.0035710395606334904,7.787509039657946,0.4472331500625501
6622.623526418304,3276.179436021059,-10261.181499698556,0.003471171138446936,8.566142840923755,0.4472331500625501
6806.80340912215,3269.4417349916416,-10421.244376791146,0.0034254599062228264,9.026023965438416,0.4472331500625501
6830.246825107201,3268.189503662305,-10441.065743528801,0.003419656426935793,9.085806907076071,0.4472331500625501
7061.75489152193,3251.0860644892364,-10630.137281893156,0.0033625308289910527,9.69176377347724,0.4472331500625501
1530.8064107631933,1274.8884288909348,-2922.8554684405026,0.004770594902436105,0.9639096215349929,0.4513782191376558
2435.4785127655477,1910.0356693942233,-4590.752286269344,0.00454921559546179,1.767727829392317,0.4513782191376558
2684.941224509742,2066.7775020890813,-5029.175820623379,0.004486430020351443,2.023633647952303,0.4513782191376558
3246.576438423022,2387.826263116505,-5975.077806160058,0.004343320866298389,2.6586996145951955,0.4513782191376558
3299.0681839222557,2415.489132900466,-6060.392922068611,0.004329850576969959,2.72241561845159,0.4513782191376558
3566.817388651959,2550.133527060358,-6486.953938232458,0.004236961031221619,3.0595662415065252,0.4513782191376558
4446.897998173045,2913.376567288457,-7783.6150777520525,0.004011705432929623,4.320930397751037,0.4513782191376558
4555.221150296566,2949.3668090490487,-7931.58296503131,0.003983941710290219,4.493615021437886,0.4513782191376558
4594.826262230543,2962.037189232739,-7985.032999546602,0.003973792562729368,4.557762898336111,0.4513782191376558
5298.319930977852,3142.9063120886667,-8875.87595310447,0.0037939125804425868,5.79219568941896,0.4513782191376558
5546.420951393097,3186.523610040095,-9163.356436859809,0.0037307711643060583,6.2730884070244315,0.4513782191376558
5897.294754128974,3230.164254611353,-9545.993086130416,0.0036418625723440403,6.997071338107496,0.4513782191376558
5976.953716702987,3237.137089356961,-9628.95055234158,0.0036217510050645797,7.168901891589956,0.4513782191376558
5988.768533853186,3238.0786043626163,-9641.13143849311,0.003618770561333776,7.194629559509368,0.4513782191376558
6164.6742021324835,3249.288636548333,-9818.722178554199,0.003574475054560762,7.585195298352101,0.4513782191376558
6253.347055443791,3252.9510656991915,-9905.568588707181,0.0035522048232995013,7.787509039657946,0.4513782191376558
6580.29419979407,3255.0545182237342,-10210.33494126582,0.0034533712970612434,8.566142840923755,0.4513782191376558
6763.58870070981,3248.495330258185,-10370.695209913676,0.003408200807080488,9.026023965438416,0.4513782191376558
6786.91919656822,3247.267165266791,-10390.56021081638,0.003402465519325796,9.085806907076071,0.4513782191376558
7017.335317949779,3230.4397340292107,-10580.131699351055,0.00334600559095889,9.69176377347724,0.4513782191376558
1507.1418515403252,1255.147426337526,-2878.690561374635,0.004698572856701856,0.9639096215349929,0.45973746002757315
2398.89065937093,1881.2612632694684,-4524.907046063083,0.004483981208967414,1.767727829392317,0.45973746002757315
2644.9337638218576,2035.88504714579,-4958.1593744330385,0.0044230742454259,2.023633647952303,0.45973746002757315
3199.09448153344,2352.768525433002,-5893.78839287554,0.004284168967299196,2.6586996145951955,0.45973746002757315
3250.904112433667,2380.085694874547,-5978.241817326183,0.0042710887317997225,2.72241561845159,0.45973746002757315
3515.211642989126,2513.078458022883,-6400.6577853400595,0.004204179674503633,3.0595662415065252,0.45973746002757315
4384.472789007717,2872.252328440438,-7686.812468936871,0.003961463021897149,4.320930397751037,0.45973746002757315
4491.516722862814,2907.8863844444077,-7833.815221493569,0.003934455956769246,4.493615021437886,0.45973746002757315
4530.655830153249,2920.4330133669273,-7886.929893010143,0.003924582317070332,4.557762898336111,0.45973746002757315
5226.123303607198,3099.791643475831,-8773.35373648577,0.003749487387164976,5.79219568941896,0.45973746002757315
5471.503339650259,3143.176783832828,-9059.95292955068,0.0036879811260894773,6.2730884070244315,0.45973746002757315
5818.625452120983,3186.745982239688,-9441.923628005046,0.0036013351352202506,6.997071338107496,0.45973746002757315
5897.445264448647,3193.740624205962,-9524.822756097106,0.0035817288498641766,7.168901891589956,0.45973746002757315
5909.136846780711,3194.6876403144915,-9536.997932571176,0.0035788230672187103,7.194629559509368,0.45973746002757315
6083.217209987684,3206.0083802496597,-9714.589107498236,0.0035356311163396736,7.585195298352101,0.45973746002757315
6170.980112402708,3209.7539140481217,-9801.49729928816,0.0035139112143442357,7.787509039657946,0.45973746002757315
6494.633145680981,3212.31047929597,-10106.80963609615,0.003434160148992887,8.566142840923755,0.45973746002757315
6676.120409231335,3206.1039698440245,-10267.685965736193,0.003373075791802263,9.026023965438416,0.45973746002757315
6699.223561624674,3204.9258941927947,-10287.633269462305,0.0033674775562701448,9.085806907076071,0.45973746002757315
6927.414262538725,3188.64878085303,-10478.154862723168,0.0033123561407308777,9.69176377347724,0.45973746002757315
1498.9282730315992,1248.295861669196,-2863.35273532047,0.004673561451906711,0.9639096215349929,0.46263968564635966
2386.1837344614964,1871.2684362227249,-4502.013905713116,0.004461301162948755,1.767727829392317,0.46263968564635966
2631.0368026685487,2025.1547747316142,-4933.4599072655765,0.004401039978931714,2.023633647952303,0.46263968564635966
3182.5947213752042,2340.5868987586286,-5865.493160411708,0.004263580677990374,2.6586996145951955,0.46263968564635966
3234.166709722088,2367.7835083144114,-5949.644404344617,0.004250634670269395,2.72241561845159,0.46263968564635966
3497.2756674964985,2500.2007290877073,-6370.610078997939,0.004184406947803964,3.0595662415065252,0.46263968564635966
4362.762062595079,2857.950955934151,-7653.052129130629,0.003943944834573252,4.320930397751037,0.46263968564635966
4469.3595786423275,2893.4601816879,-7799.711804267674,0.003917198660000409,4.493615021437886,0.46263968564635966
4508.336365167455,2905.9637070916197,-7852.707095036072,0.0039074200234735365,4.557762898336111,0.46263968564635966
5201.000897529836,3084.7903351610153,-8737.54220956625,0.003733976163221785,5.79219568941896,0.46263968564635966
5445.428484446256,3128.0911346840708,-9023.815564899996,0.003673034569343864,6.2730884070244315,0.46263968564635966
5791.238362619862,3171.6322606819385,-9405.526699144684,0.003587170320768202,6.997071338107496,0.46263968564635966
5869.765697029128,3178.634658308247,-9488.398931432253,0.0035677387064936227,7.168901891589956,0.46263968564635966
5881.413368994837,3179.58270810513,-9500.571109433331,0.003564858742257636,7.194629559509368,0.46263968564635966
6054.85531647058,3190.9406655337016,-9678.148371930518,0.003522048281772805,7.585195298352101,0.46263968564635966
6142.298715066288,3194.713488035933,-9765.070565415204,0.0035005187274881667,7.787509039657946,0.46263968564635966
6464.79843548542,3197.424805143136,-10070.555651896197,0.0034214575288501604,8.566142840923755,0.46263968564635966
6645.652365145003,3191.3392203577673,-10231.586750371338,0.003360780475605989,9.026023965438416,0.46263968564635966
6668.675802767775,3190.178336381873,-10251.560641523458,0.0033552297009698433,9.085806907076071,0.46263968564635966
6896.086635528322,3174.090671249377,-10442.394002396715,0.003300571678377431,9.69176377347724,0.46263968564635966
1485.4968279905393,1237.0919241124782,-2838.2613319591546,0.004632645767078428,0.9639096215349929,0.46738658365249347
2365.3956867734505,1854.9211022310278,-4464.533723881628,0.004424170642231414,1.767727829392317,0.46738658365249347
2608.299223330847,2007.5990362156942,-4893.013121910721,0.0043649585222480455,2.023633647952303,0.46738658365249347
3155.5913742863336,2320.651432691241,-5819.132734381783,0.004229849167549957,2.6586996145951955,0.46738658365249347
3206.7737598290955,2347.650256507465,-5902.786377779397,0.004217121371729327,2.72241561845159,0.46738658365249347
3467.917370995688,2479.1229538052185,-6321.362040838816,0.004152001469100066,3.0595662415065252,0.46738658365249347
4327.212158478192,2834.5350940146245,-7597.664576614516,0.003915208942996862,4.320930397751037,0.46738658365249347
4433.074974690632,2869.837105587724,-7743.754359944134,0.0038888874132787525,4.493615021437886,0.46738658365249347
4471.785268443278,2882.269618540206,-7796.551096254952,0.003879263437488741,4.557762898336111,0.46738658365249347
5159.846090449951,3060.2171197345356,-8678.72678762667,0.0037085085550938486,5.79219568941896,0.46738658365249347
5402.710489892457,3103.3786276782307,-8964.444962476344,0.003648487104087717,6.2730884070244315,0.46738658365249347
5746.36121078082,3146.868158563867,-9345.69974906883,0.003563897184347619,6.997071338107496,0.46738658365249347
5824.4078792202945,3153.882565957243,-9428.52081733015,0.003544750348401854,7.168901891589956,0.46738658365249347
5835.9845197861905,3154.8331104207414,-9440.687016106982,0.003541912484559363,7.194629559509368,0.46738658365249347
6008.375140228821,3166.2489729847225,-9618.225393695415,0.0034997241886423323,7.585195298352101,0.46738658365249347
6095.294207867807,3170.0659711308913,-9705.162499318256,0.0034785050739661065,7.787509039657946,0.46738658365249347
6415.895211057522,3173.026819800717,-10010.900061343127,0.00340056944104725,8.566142840923755,0.46738658365249347
6595.707047178181,3167.137567524733,-10172.167967186848,0.003340558019605866,9.026023965438416,0.46738658365249347
6618.599289652421,3166.0046181636044,-10192.183254123025,0.003335084708153368,9.085806907076071,0.46738658365249347
6844.726371068684,3150.2250741436155,-10383.505947846163,0.0032811831293235567,9.69176377347724,0.46738658365249347
1477.637677500027,1230.5362964526817,-2823.573914906039,0.004608696013331101,0.9639096215349929,0.47016469505029174
2353.226924431534,1845.3521327163141,-4442.5778170211925,0.004402420018990896,1.767727829392317,0.47016469505029174
2594.987715496821,1997.321563700749,-4869.314011333641,0.004343817726069118,2.023633647952303,0.47016469505029174
3139.778373656192,2308.9778417542925,-5791.954020864323,0.004210074960505928,2.6586996145951955,0.47016469505029174
3190.7322187527866,2335.860567784652,-5875.314512295365,0.004197474103907906,2.72241561845159,0.47016469505029174
3450.722760010055,2466.7786621205482,-6292.481103794118,0.004132998753166397,3.0595662415065252,0.47016469505029174
4306.382723283101,2820.815993209421,-7565.151895974712,0.0038983434343942765,4.320930397751037,0.47016469505029174
4411.813987991469,2855.9959118352135,-7710.902971362979,0.0038722692552069643,4.493615021437886,0.47016469505029174
4450.367740345195,2868.3865685685482,-7763.581600832185,0.003862735372926589,4.557762898336111,0.47016469505029174
5135.723164096264,3045.8143768397827,-8644.165671281859,0.0036935475218212244,5.79219568941896,0.47016469505029174
5377.668430544086,3088.892603579645,-8929.545981397525,0.0036340626007875525,6.2730884070244315,0.47016469505029174
5720.049266468046,3132.349640227783,-9310.5153571884,0.0035502159627712054,6.997071338107496,0.47016469505029174
5797.813175250754,3139.3705852746066,-9393.302313607877,0.003531235265237078,7.168901891589956,0.47016469505029174
5809.348030742179,3140.3225191493198,-9405.464401382982,0.003528421960855793,7.194629559509368,0.47016469505029174
5981.1200415344,3151.7711895109983,-9582.970677983983,0.0034865967297885935,7.585195298352101,0.47016469505029174
6067.731290222944,3155.6139610018463,-9669.911878311163,0.0034655587777738667,7.787509039657946,0.47016469505029174
6387.213915855074,3158.7186193597304,-9975.779854651242,0.003388280230630134,8.566142840923755,0.47016469505029174
6566.4126110231755,3152.943750374438,-10137.176753927532,0.0033286580626214353,9.026023965438416,0.47016469505029174
6589.227226829225,3151.8266904483676,-10157.215082616669,0.003323229978703296,9.085806907076071,0.47016469505029174
6814.598169667983,3136.226418247136,-10348.812158726592,0.0032697702462615268,9.69176377347724,0.47016469505029174
1473.3676112157514,1226.974508950507,-2815.5921353985614,0.00459568083614224,0.9639096215349929,0.4716742820202699
2346.6137825627416,1840.1519531502568,-4430.640876591147,0.004390594826281144,1.767727829392317,0.4716742820202699
2587.7530564151757,1991.7359845379083,-4856.42764677127,0.004332322631105987,2.023633647952303,0.4716742820202699
3131.182913248665,2302.632592428508,-5777.171130405346,0.004199319741983867,2.6586996145951955,0.4716742820202699
3182.012409573434,2329.4521259257035,-5860.371728230886,0.004186787623825542,2.72241561845159,0.4716742820202699
3441.375503800047,2460.0682919486258,-6276.769449809806,0.004122661334889927,3.0595662415065252,0.4716742820202699
4295.056882293071,2813.3565720846946,-7547.454827075286,0.0038891641083191797,4.320930397751037,0.4716742820202699
4400.253159858947,2848.469892805394,-7693.020242853643,0.0038632239715062616,4.493615021437886,0.4716742820202699
4438.721670747065,2860.8377122636357,-7745.6341036933445,0.0038537389135896737,4.557762898336111,0.4716742820202699
5122.603561636487,3037.9815054926135,-8625.342337031572,0.0036854004872209634,5.79219568941896,0.4716742820202699
5364.0480602330545,3081.013935508034,-8910.53504241274,0.0036262064876132548,6.2730884070244315,0.4716742820202699
5705.736929922357,3124.452608440671,-9291.343649483271,0.00354276294712911,6.997071338107496,0.4716742820202699
5783.346737391356,3131.476951653975,-9374.110764224446,0.0035238723653918114,7.168901891589956,0.4716742820202699
5794.85882063539,3132.429618399667,-9386.270426861076,0.0035210723817322236,7.194629559509368,0.4716742820202699
5966.293658376283,3143.895781774864,-9563.75636067721,0.003479444099857396,7.585195298352101,0.4716742820202699
6052.737120985764,3147.7523999310206,-9650.698333036999,0.003458504429911396,7.787509039657946,0.4716742820202699
6371.61005422646,3150.934653241585,-9956.631822066018,0.0033815824045693834,8.566142840923755,0.4716742820202699
6550.47502736372,3145.222114392339,-10118.09577440036,0.003322171662909597,9.026023965438416,0.4716742820202699
6573.246774665264,3144.1132919630227,-10138.146249685167,0.003316768122912777,9.085806907076071,0.4716742820202699
6798.205717438994,3128.61037116972,-10329.888688385385,0.0032635482078986855,9.69176377347724,0.4716742820202699
1460.5940083115045,1216.3198545925554,-2791.7078556502092,0.0045567355312508715,0.9639096215349929,0.4761908277014151
2326.824450256762,1824.5912187720905,-4394.899680647264,0.0043551888772883065,1.767727829392317,0.4761908277014151
2566.101910179234,1975.02052558582,-4817.836801014877,0.004297898889337583,2.023633647952303,0.4761908277014151
3105.4541112511165,2283.640065100702,-5732.881720493278,0.004167098269928516,2.6586996145951955,0.4761908277014151
3155.9106712732982,2310.2698692344634,-5815.601410362608,0.004154770805566138,2.72241561845159,0.4761908277014151
3413.3927768474564,2439.9800274125687,-6229.685270955524,0.004091683908778999,3.0595662415065252,0.4761908277014151
4261.139783105198,2791.0190839622105,-7494.379988121014,0.003861637937023696,4.320930397751037,0.4761908277014151
4365.630825786085,2825.9316674238266,-7639.383156595104,0.003836097291016788,4.493615021437886,0.4761908277014151
4403.843672542053,2838.2311826139453,-7691.800743340238,0.0038267577564281784,4.557762898336111,0.4761908277014151
5083.302328471083,3014.518403937385,-8568.842281554513,0.003660951928148476,5.79219568941896,0.4761908277014151
5323.243105914045,3057.411602706945,-8853.456993833213,0.0036026256588541426,6.2730884070244315,0.4761908277014151
5662.853839661432,3100.792661340294,-9233.760318765751,0.0035203848369142338,6.997071338107496,0.4761908277014151
5740.0002541395015,3107.82612262244,-9316.462550113152,0.0035017631864689607,7.168901891589956,0.4761908277014151
5751.4439193448825,3108.780886595733,-9328.614137820558,0.0034990029573911023,7.194629559509368,0.4761908277014151
5921.865627510514,3120.2979852822705,-9506.026960837502,0.0034579624979722257,7.585195298352101,0.4761908277014151
6007.80488415875,3124.1953535698376,-9592.965085884294,0.003437316206054139,7.787509039657946,0.4761908277014151
6324.846423126528,3127.6083923613487,-9899.071953593259,0.0033614585967725926,8.566142840923755,0.4761908277014151
6502.706967231895,3122.0802013471657,-10060.74343388505,0.0033191334413847098,9.026023965438416,0.4761908277014151
6525.352084987175,3120.9975498028957,-10080.810296123884,0.0033137571932634617,9.085806907076071,0.4761908277014151
6749.071282796029,3105.7839130378675,-10272.970432140457,0.0032448462066207236,9.69176377347724,0.4761908277014151
1390.4162248289676,1157.7884053327903,-2660.2930687071566,0.004342470549709149,0.9639096215349929,0.5010238796012962
2217.9315370933195,1738.9786441332835,-4197.667927690636,0.004159822610965761,1.767727829392317,0.5010238796012962
2446.908595821512,1883.0128057158424,-4604.692735140183,0.004107788268926294,2.023633647952303,0.5010238796012962
2963.669883965338,2178.9959688361478,-5487.752415577212,0.003988790129080638,2.6586996145951955,0.5010238796012962
3012.0566290218467,2204.5702378529336,-5567.760290401246,0.003977560730095629,2.72241561845159,0.5010238796012962
3259.094554400693,2329.2329811064665,-5968.7596485013055,0.003920054450943637,3.0595662415065252,0.5010238796012962
4073.820251480076,2667.679863842144,-7199.154964177178,0.0037086138116329266,4.320930397751037,0.5010238796012962
4174.384630380515,2701.464255957238,-7340.883490997505,0.003685227419201522,4.493615021437886,0.5010238796012962
4211.16881922043,2713.374594669057,-7392.154519580348,0.0036766728300943663,4.557762898336111,0.5010238796012962
4865.916419189723,2884.7711143133984,-8253.284975909803,0.0035245498029623508,5.79219568941896,0.5010238796012962
5097.438462093619,2926.8366322209968,-8534.262551487911,0.0034709216396266703,6.2730884070244315,0.5010238796012962
5425.404202670762,2969.8184697853194,-8911.127335523124,0.003395201529225679,6.997071338107496,0.5010238796012962
5499.948463125947,2976.885151996742,-8993.322268480762,0.0033780393428998147,7.168901891589956,0.5010238796012962
5511.007658382677,2977.848554373934,-9005.407116291317,0.003375494909067362,7.194629559509368,0.5010238796012962
5675.744517409532,2989.608354528046,-9182.083975540729,0.0033376465025073236,7.585195298352101,0.5010238796012962
5758.847424274216,2993.7095711829957,-9268.832639420732,0.0033185943572612746,7.787509039657946,0.5010238796012962
6065.595419134879,2998.327588915032,-9575.272256711934,0.0032485260169839857,8.566142840923755,0.5010238796012962
6237.797668410075,2993.776277559155,-9737.825484521083,0.0032093842425917913,9.026023965438416,0.5010238796012962
6259.728637779317,2992.8336449374815,-9758.039725886723,0.0032044099429903517,9.085806907076071,0.5010238796012962
6476.463037446908,2979.1755866745857,-9951.895654751279,0.003155386960199872,9.69176377347724,0.5010238796012962
1245.2198810265513,1036.7153535638085,-2387.3572263467213,0.0038975586541463974,0.9639096215349929,0.552507812644836
1991.6942282269224,1561.1721199487133,-3784.9313742335435,0.003751072033321255,1.767727829392317,0.552507812644836
2198.9838835757096,1691.7099265854824,-4157.649225490117,0.0037091483532679503,2.023633647952303,0.552507812644836
2667.9729877421155,1960.8559963127163,-4970.85973140331,0.0036129464261043078,2.6586996145951955,0.552507812644836
2711.968579621114,1984.1762755265074,-5044.876649408339,0.0036038445268750958,2.72241561845159,0.552507812644836
2936.813700345001,2098.034904673396,-5416.774832837145,0.0035571683698513695,3.0595662415065252,0.552507812644836
3680.9360930939456,2409.143252911794,-6568.585978905314,0.003382233489207741,4.320930397751037,0.552507812644836
3773.05890934185,2440.434462690797,-6702.517029580296,0.0033630745300742516,4.493615021437886,0.552507812644836
3806.770055340607,2451.4803655623787,-6751.038024082751,0.003356061535614937,4.557762898336111,0.552507812644836
4408.138936845981,2611.7316548589765,-7572.230795873009,0.003230923061831173,5.79219568941896,0.552507812644836
4621.379502909374,2651.7417203458963,-7843.098905577521,0.0031866108427191374,6.2730884070244315,0.552507812644836
4923.974037353437,2693.4404627607955,-8209.129208972605,0.0031238660048727267,6.997071338107496,0.552507812644836
4992.8356669467885,2700.4741040366616,-8289.421920263892,0.003109615350473467,7.168901891589956,0.552507812644836
5003.054307420318,2701.4407145876776,-8301.242051628731,0.003107501638531338,7.194629559509368,0.552507812644836
5155.358309071518,2713.494956339509,-8474.505415564388,0.0030760318131792313,7.585195298352101,0.552507812644836
5232.244320598726,2717.9140883159234,-8559.906172737072,0.0030601702551297993,7.787509039657946,0.552507812644836
5516.388255710771,2724.674103277181,-8863.502800797454,0.003001717929420185,8.566142840923755,0.552507812644836
5676.129259449551,2721.968045073006,-9025.902144938504,0.0029689835574499206,9.026023965438416,0.552507812644836
5696.485007829528,2721.2921510452607,-9046.16986930729,0.0029648193162694707,9.085806907076071,0.552507812644836
5897.796472628677,2710.6529640574176,-9241.42887242909,0.002923728257102843,9.69176377347724,0.552507812644836
1242.4450209933361,1034.401873972042,-2382.127698122742,0.003889035269789709,0.9639096215349929,0.5534930912755182
1987.35827870488,1557.7651772266377,-3776.98258261149,0.003743201059956799,1.767727829392317,0.5534930912755182
2194.2284962492904,1688.0415956612635,-4149.026544118351,0.0037014604808970064,2.023633647952303,0.5534930912755182
2662.2911063048296,1956.6657883083797,-4960.8535388424425,0.003605672539354767,2.6586996145951955,0.5534930912755182
2706.2014171265655,1979.9421343363501,-5034.750913271448,0.003596609358949349,2.72241561845159,0.5534930912755182
2930.614382225279,2093.5892109380457,-5406.065933205631,0.003550130532645928,3.0595662415065252,0.5534930912755182
3673.357240436343,2404.158156857947,-6556.273161611687,0.0033758662128733972,4.320930397751037,0.5534930912755182
3765.3142658076804,2435.399307744845,-6690.041371352367,0.003356784886009676,4.493615021437886,0.5534930912755182
3798.965160328954,2446.4280505477122,-6738.504690625647,0.003349800218491642,4.557762898336111,0.5534930912755182
4399.283644963943,2606.4525238963274,-7558.8391088174685,0.003225158951448192,5.79219568941896,0.5534930912755182
4612.163192126728,2646.418689761263,-7829.478737053636,0.003181019041393188,6.2730884070244315,0.5534930912755182
4914.2557409936635,2688.08677086727,-8195.250978547025,0.0031185147757777174,6.997071338107496,0.5534930912755182
4983.004874096605,2695.118519614628,-8275.495579129696,0.003104318204508288,7.168901891589956,0.5534930912755182
4993.206871579453,2696.0850049514834,-8287.308900881071,0.003102212497092311,7.194629559509368,0.5534930912755182
5145.263984550436,2708.1419073826646,-8460.481004117188,0.0030708612789309025,7.585195298352101,0.5534930912755182
5222.026707491172,2712.565812975851,-8545.842777501282,0.003055059118565162,7.787509039657946,0.5534930912755182
5505.720526805943,2719.3617598969686,-8849.33610457166,0.0029968234177591728,8.566142840923755,0.5534930912755182
5665.213534187603,2716.6888954646397,-9011.705014788611,0.002964208787445095,9.026023965438416,0.5534930912755182
5685.537598148222,2716.017598557658,-9031.970256528642,0.0029600596977106047,9.085806907076071,0.5534930912755182
5886.541323479606,2705.4335344268025,-9227.221463085087,0.002919117174918642,9.69176377347724,0.5534930912755182
1235.6909035492554,1028.7708301908217,-2369.3967511349183,0.003868285839948439,0.9639096215349929,0.5558915092944527
1976.8024755469842,1549.4711591042458,-3757.625409646629,0.003724033554660787,1.767727829392317,0.5558915092944527
2182.6509806275567,1679.110795669743,-4128.026230517877,0.0036827370519564658,2.023633647952303,0.5558915092944527
2648.4563174231907,1946.463283842725,-4936.478042389826,0.0035879533295777623,2.6586996145951955,0.5558915092944527
2692.158823764726,1969.6325497522032,-5010.083645922903,0.003578984083635377,2.72241561845159,0.5558915092944527
2915.5186513655085,2082.763928945667,-5379.974950340613,0.0035329840291249835,3.0595662415065252,0.5558915092944527
3654.8988591084035,2392.017236924885,-6526.261951157947,0.003360347521037753,4.320930397751037,0.5558915092944527
3746.4516022940334,2423.1361516503744,-6659.631609564509,0.003341454637861148,4.493615021437886,0.5558915092944527
3779.955660912903,2434.122862648901,-6707.953731279114,0.003334538734598289,4.557762898336111,0.5558915092944527
4377.712484443166,2593.5931666005013,-7526.18361521358,0.0032111046702851063,5.79219568941896,0.5558915092944527
4589.71157635547,2633.451864283827,-7796.261427801503,0.003167383220765628,6.2730884070244315,0.5558915092944527
4890.579486384358,2675.0442608928975,-8161.397298360978,0.003105463287190896,6.997071338107496,0.5558915092944527
4959.054158597271,2682.071191937326,-8241.522920615454,0.003091398088710623,7.168901891589956,0.5558915092944527
4969.21554978854,2683.0373409271438,-8253.319385580733,0.0030893118264053864,7.194629559509368,0.5558915092944527
5120.670249570366,2695.100248697558,-8426.265104973136,0.0030582487554596137,7.585195298352101,0.5558915092944527
5197.132142179842,2699.5355548263606,-8511.529873668587,0.0030425908983387918,7.787509039657946,0.5558915092944527
5479.727505550704,2706.418180821179,-8814.76379968493,0.002984881556577072,8.566142840923755,0.5558915092944527
5638.6152165369185,2703.8257109297124,-8977.054103716815,0.0029525579240586215,9.026023965438416,0.5558915092944527
5658.862699341983,2703.1661155241436,-8997.312730696853,0.0029484456570292327,9.085806907076071,0.5558915092944527
5859.114476987435,2692.715207687303,-9192.539278688215,0.002907864147290743,9.69176377347724,0.5558915092944527
1229.689131353416,1023.7670980906576,-2358.081450592159,0.003849843923160329,0.9639096215349929,0.5580230175305053
1967.4201903770424,1542.0993674242877,-3740.4131419758633,0.0037069901306400767,1.767727829392317,0.5580230175305053
2172.3598587329743,1671.1724959814162,-4109.350441683615,0.00366608633546606,2.023633647952303,0.5580230175305053
2636.1568019737465,1937.393227625853,-4914.793914044749,0.0035721908773917264,2.6586996145951955,0.5580230175305053
2679.674381024889,1960.4671685226256,-4988.139298183822,0.003563304734768251,2.72241561845159,0.5580230175305053
2902.0975588329256,2073.1399713022215,-5356.760388139373,0.0035177282876592943,3.0595662415065252,0.5580230175305053
3638.4832856557973,2381.220368224326,-6499.544504804311,0.0033465330692121252,4.320930397751037,0.5580230175305053
3729.6765825962584,2412.2308088442005,-6632.55739679261,0.0033278070227454114,4.493615021437886,0.5580230175305053
3763.0492603203115,2423.1793894790944,-6680.753079130256,0.003320952003672432,4.557762898336111,0.5580230175305053
4358.525034170719,2582.1555880174374,-7497.094650890489,0.003198587066365438,5.79219568941896,0.5580230175305053
4569.739440532125,2621.9178159359326,-7766.666450459481,0.003155236333209721,6.2730884070244315,0.5580230175305053
4869.514888085899,2663.440971341492,-8131.227006467758,0.00309383417063763,6.997071338107496,0.5580230175305053
4937.744908859131,2670.4633694993545,-8211.244666107079,0.003079885390885796,7.168901891589956,0.5580230175305053
4947.870101753109,2671.429181956755,-8223.025815509012,0.0030778163619239237,7.194629559509368,0.5580230175305053
5098.787731110729,2683.4968644784294,-8395.765292964934,0.0030470086856666935,7.585195298352101,0.5580230175305053
5174.981417474906,2687.9420393295873,-8480.94132976974,0.003031478732478636,7.787509039657946,0.5580230175305053
5456.597751264942,2694.9012044868573,-8783.935248248308,0.0029742360200174537,8.566142840923755,0.5580230175305053
5614.945133180942,2692.3792502086053,-8946.15029244603,0.0029421704209171957,9.026023965438416,0.5580230175305053
5635.124312287848,2691.7299959864695,-8966.402358256637,0.0029380908070268104,9.085806907076071,0.5580230175305053
5834.705253168169,2681.3968159012907,-9161.599996178033,0.002897829484037434,9.69176377347724,0.5580230175305053
1213.056189204563,1009.90038926407,-2326.7108430302906,0.003798716589156447,0.9639096215349929,0.5639313843515651
1941.4073962838377,1521.6615302900177,-3692.656579551127,0.0036597029806461757,1.767727829392317,0.5639313843515651
2143.823777970697,1649.1614385123487,-4057.5211846050515,0.003619878141137039,2.023633647952303,0.5639313843515651
2602.042185397292,1912.2372847510094,-4854.582630502009,0.0035284241863295,2.6586996145951955,0.5639313843515651
2645.0459375604405,1935.0461980645978,-4927.202184454261,0.0035197665375550236,2.72241561845159,0.5639313843515651
2864.8661282072976,2046.4436353647832,-5292.278017323239,0.0034753550029005876,3.0595662415065252,0.5639313843515651
3592.9247749846186,2351.2575717066666,-6425.259126825833,0.0033081283954991014,4.320930397751037,0.5639313843515651
3683.11868220041,2381.9659961346993,-6557.270419732937,0.003289861661676669,4.493615021437886,0.5639313843515651
3716.126230187276,2392.8086364401292,-6605.110908882161,0.0032831742825313415,4.557762898336111,0.5639313843515651
4305.25090535088,2550.4014828518093,-7416.129396889744,0.003163754397238861,5.79219568941896,0.5639313843515651
4514.27959711987,2589.8918929211504,-7684.265056815922,0.0031214254661030144,6.2730884070244315,0.5639313843515651
4811.011153918179,2631.2172710774726,-8047.182868803,0.0030614508673867634,6.997071338107496,0.5639313843515651
4878.559521155225,2638.225932923787,-8126.890246815601,0.003047823144562435,7.168901891589956,0.5639313843515651
4888.583837831311,2639.190632542602,-8138.627317265382,0.003045801638126526,7.194629559509368,0.5639313843515651
5038.004240310845,2651.2686949442696,-8310.769851066209,0.003015698503132136,7.585195298352101,0.5639313843515651
5113.450371490768,2655.739990469066,-8395.687643268597,0.003000521386651271,7.787509039657946,0.5639313843515651
5392.338514574129,2662.9080893167747,-8697.96940073464,0.0029445663667905203,8.566142840923755,0.5639313843515651
5549.176677349613,2660.576585547768,-8859.948741163724,0.0029132131403621403,9.026023965438416,0.5639313843515651
5569.1653769764935,2659.956549471338,-8880.17938624195,0.0029092236620649596,9.085806907076071,0.5639313843515651
5766.874805395046,2649.947268650499,-9075.263844298417,0.00286984642112837,9.69176377347724,0.5639313843515651
1203.3885307289845,1001.8407848996849,-2308.46898827354,0.003768987069787023,0.9639096215349929,0.5673663720338359
1926.280137254548,1509.7768083196213,-3664.8612786808226,0.0036321815239784543,1.767727829392317,0.5673663720338359
2127.2268432149112,1636.3601617515205,-4027.347348148309,0.003592977474840934,2.023633647952303,0.5673663720338359
2582.1942998503487,1897.6024155205755,-4819.506501398493,0.0035029289488277614,2.6586996145951955,0.5673663720338359
2624.89849752931,1920.256710856163,-4891.701014862454,0.0034944028800978025,2.72241561845159,0.5673663720338359
2843.2008599226456,2030.909820525819,-5254.699258165863,0.0034506623020256065,3.0595662415065252,0.5673663720338359
3566.4003147549547,2333.814394825513,-6381.917937051003,0.0032857249507050735,4.320930397751037,0.5673663720338359
3656.010674859756,2364.345924644345,-6513.338324107106,0.003267723117089095,4.493615021437886,0.5673663720338359
3688.8056254457388,2375.1270464145978,-6560.969126953954,0.003261132430455152,4.557762898336111,0.5673663720338359
4274.21887377579,2531.906455270986,-7368.8324602902285,0.0031434121711970196,5.79219568941896,0.5673663720338359
4481.96983912522,2571.235452694705,-7636.110899109124,0.003101673275102058,6.2730884070244315,0.5673663720338359
4776.922713952688,2612.443792177241,-7998.0405674564245,0.0030425234609659964,6.997071338107496,0.5673663720338359
4844.070669646511,2619.4421990148,-8077.560184423492,0.0030290812575234916,7.168901891589956,0.5673663720338359
4854.0359687836035,2620.4061261598567,-8089.270505883549,0.0030270872159887043,7.194629559509368,0.5673663720338359
5002.581460431538,2632.4894261291506,-8261.049084152088,0.0029973913207580094,7.585195298352101,0.5673663720338359
5077.588889060243,2636.9739359323007,-8345.808155177569,0.0029824181982398027,7.787509039657946,0.5673663720338359
5354.879902561024,2644.2602071418,-8647.643915789187,0.0029272078745096464,8.566142840923755,0.5673663720338359
5510.834237563184,2642.0378605279557,-8809.46815940491,0.0028962667740399556,9.026023965438416,0.5673663720338359
5530.711306063949,2641.434107502181,-8829.683884982107,0.0028923294706085633,9.085806907076071,0.5673663720338359
5727.324500543737,2631.6112022026477,-9024.67997060423,0.002853463847802331,9.69176377347724,0.5673663720338359
1033.9319762095831,860.5980010277686,-1987.7523626148613,0.0032463946183704582,0.9639096215349929,0.6276769412565106
1660.2232946365698,1300.8165160363326,-3173.186913071964,0.0031454267921989763,1.767727829392317,0.6276769412565106
1835.0377112996946,1411.07323095691,-3492.6220392703326,0.0031163415240223857,2.023633647952303,0.6276769412565106
2231.996806853364,1639.4928803131063,-4195.199480800955,0.0030492746009127434,2.6586996145951955,0.6276769412565106
2269.3383209787644,1659.3652177697804,-4259.562183970083,0.0030429054524551123,2.72241561845159,0.6276769412565106
2460.4480039777427,1756.6024860701625,-4584.094376237539,0.00301017812987394,3.0595662415065252,0.6276769412565106
3096.1685006115104,2024.7535889403173,-5602.732107429103,0.002900157070179608,4.320930397751037,0.6276769412565106
3175.2156486694926,2052.0129195375025,-5722.658962901682,0.002886394189860336,4.493615021437886,0.6276769412565106
3204.160481185142,2061.653679736231,-5766.194355483181,0.0028813517099694876,4.557762898336111,0.6276769412565106
3722.190413867025,2203.1110724106734,-6511.084858351365,0.0027751594833136943,5.79219568941896,0.6276769412565106
3906.6410479215806,2239.2576452815283,-6760.526895699819,0.0027432759899643864,6.2730884070244315,0.6276769412565106
4169.057855460767,2277.91114082037,-7101.041445941242,0.0026979414783414664,6.997071338107496,0.6276769412565106
4228.888497134506,2284.643211466907,-7176.31761302385,0.002687613914447465,7.168901891589956,0.6276769412565106
4237.770529192618,2285.57711056071,-7187.418022044658,0.002686081103547642,7.194629559509368,0.6276769412565106
4370.254125756797,2297.511172076053,-7350.706079361451,0.0026632297305735726,7.585195298352101,0.6276769412565106
4437.212143577288,2302.1292378296303,-7431.603344248775,0.0026516903750023464,7.787509039657946,0.6276769412565106
4685.099039045953,2311.0876859727045,-7721.607762580417,0.00260903949734366,8.566142840923755,0.6276769412565106
4824.758549212354,2310.5980795038486,-7878.441562037799,0.002585066267015863,9.026023965438416,0.6276769412565106
4842.571549892451,2310.2542433570925,-7898.105772634852,0.002582011990452784,9.085806907076071,0.6276769412565106
5018.918908758396,2303.476139003909,-8088.666992284976,0.002551817831247323,9.69176377347724,0.6276769412565106
1030.133203016136,857.4322947095235,-1980.542123745996,0.003234647898086616,0.9639096215349929,0.6290311111396235
1654.2394089643897,1296.118243427932,-3162.0685216827624,0.003134421246509162,1.767727829392317,0.6290311111396235
1828.4599432986422,1406.003242324084,-3480.509018591154,0.003105546150846627,2.023633647952303,0.6290311111396235
2224.0964616110687,1633.6723724559797,-4180.9985813673775,0.0030389580992087667,2.6586996145951955,0.6290311111396235
2261.3154667482413,1653.4809287521298,-4245.177352324092,0.0030326340087462197,2.72241561845159,0.6290311111396235
2451.8027552999256,1750.4095476364332,-4568.802361136528,0.0030001370412983874,3.0595662415065252,0.6290311111396235
3085.5115368874986,2017.753258257028,-5584.834767272572,0.002890876016134718,4.320930397751037,0.6290311111396235
3164.3144273222365,2044.9352710621272,-5704.48182866368,0.0028772066424019695,4.493615021437886,0.6290311111396235
3193.170341566391,2054.549170864748,-5747.917189631204,0.0028721983337149405,4.557762898336111,0.6290311111396235
3709.6385186878047,2195.639904488724,-6491.2256055092,0.002766647178629685,5.79219568941896,0.6290311111396235
3893.546745810914,2231.7071313369684,-6740.205016220738,0.0027349734339276164,6.2730884070244315,0.6290311111396235
4155.204426527228,2270.2925706543842,-7080.147564992345,0.0026899337919988487,6.997071338107496,0.6290311111396235
4214.86347996445,2277.016032365805,-7155.307236210116,0.00267967284884715,7.168901891589956,0.6290311111396235
4223.720199209675,2277.948924880546,-7166.390787900586,0.002678149907930602,7.194629559509368,0.6290311111396235
4355.828259327741,2289.874783934933,-7329.440942701338,0.0026554451111996274,7.585195298352101,0.6290311111396235
4422.5971416399125,2294.493112687989,-7410.2273075795165,0.0026439793973415883,7.787509039657946,0.6290311111396235
4669.793757203931,2303.480460690989,-7699.875655776676,0.002601598402345514,8.566142840923755,0.6290311111396235
4809.070328789113,2303.025730845509,-7856.545941305711,0.0025777752743044125,9.026023965438416,0.6290311111396235
4826.833864205213,2302.6864869180404,-7876.19118286726,0.002574740038754351,9.085806907076071,0.6290311111396235
5002.704047140714,2295.9721209481995,-8066.58712204171,0.0025447331451724847,9.69176377347724,0.6290311111396235
1021.7384947888395,850.4366588242461,-1964.6054441031592,0.0032086846151690852,0.9639096215349929,0.632023953600579
1641.0128708586135,1285.733596514042,-3137.4836698260697,0.0031100861632567985,1.767727829392317,0.632023953600579
1813.9197565986158,1394.796277443643,-3453.7215823019505,0.003081672905449392,2.023633647952303,0.632023953600579
2206.6301008925752,1620.8045663022972,-4149.584792969115,0.0030161373650457075,2.6586996145951955,0.632023953600579
2243.5780096108456,1640.471863105057,-4213.355792851522,0.0030099123244674867,2.72241561845159,0.632023953600579
2432.6878877939175,1736.7172435291027,-4534.969012919217,0.0029779217863885716,3.0595662415065252,0.632023953600579
3061.9430688986654,2002.2722599696212,-5545.21672966086,0.0028703322401342412,4.320930397751037,0.632023953600579
3140.2050607117103,2029.282840500491,-5664.241742768616,0.00285686856358942,4.493615021437886,0.632023953600579
3168.8640590367722,2038.8371737423063,-5707.454652829212,0.0028519354304340654,4.557762898336111,0.632023953600579
3681.8728275011586,2179.113930299641,-6447.24034576273,0.002747795736431793,5.79219568941896,0.632023953600579
3864.579229367716,2215.004537620518,-6695.1873536809435,0.002716583668445652,6.2730884070244315,0.632023953600579
4124.554587498169,2253.4378484274835,-7033.851089102456,0.002672193190864827,6.997071338107496,0.632023953600579
4183.833257893782,2260.1418593425597,-7108.749889722407,0.0026620789369047305,7.168901891589956,0.632023953600579
4192.633943341782,2261.0725163887655,-7119.795677804133,0.0026605777289279335,7.194629559509368,0.632023953600579
4323.909578452965,2272.9794319812254,-7282.312401792093,0.002638195699276863,7.585195298352101,0.632023953600579
4390.2592107252185,2277.598007221409,-7362.849774153299,0.0026268921631986135,7.787509039657946,0.632023953600579
4635.925390091453,2286.647760137867,-7651.696535370749,0.002585105600827155,8.566142840923755,0.632023953600579
4774.352770636322,2286.2688836377515,-7807.99695150974,0.0025616131552454995,9.026023965438416,0.632023953600579
4792.008648851594,2285.9417886954475,-7827.599250457737,0.0025586198644002058,9.085806907076071,0.632023953600579
4966.818580345458,2279.3654366991273,-8017.6193041712395,0.002529025565199605,9.69176377347724,0.632023953600579
996.6032091635993,829.4912035575263,-1916.8622238333628,0.0031309061907939546,0.9639096215349929,0.6409878176790512
1601.3849733332274,1254.6221138925262,-3063.749520168749,0.0030371031309652653,1.767727829392317,0.6409878176790512
1770.3481303493315,1361.2153148772686,-3373.3544515188405,0.0030100511887918785,2.023633647952303,0.6409878176790512
2154.2683413046593,1582.2317666301426,-4055.262910625257,0.002947619812828444,2.6586996145951955,0.6409878176790512
2190.4014849003943,1601.4741688099575,-4117.802172631891,0.0029416870383305593,2.72241561845159,0.6409878176790512
2375.370537927929,1695.6635186882472,-4433.333546642003,0.002911191186099858,3.0595662415065252,0.6409878176790512
2991.224575913317,1955.8258294992409,-5426.035007180617,0.002808539465508382,4.320930397751037,0.6409878176790512
3067.8606638444776,1982.3211490839944,-5543.1666911441425,0.0027956838859948627,4.493615021437886,0.6409878176790512
3095.9253108574135,1991.6942090406442,-5585.702008601082,0.0027909730378281538,4.557762898336111,0.6409878176790512
3598.506893715005,2129.5015526056536,-6314.720283343333,0.002691016233652661,5.79219568941896,0.6409878176790512
3777.58842011731,2164.8527540531345,-6559.492601554302,0.002661171246523231,6.2730884070244315,0.6409878176790512
4032.4871597254805,2202.816213941168,-6894.204846832123,0.0026187040358200105,6.997071338107496,0.6409878176790512
4090.621922568287,2209.4613352745637,-6968.294134776661,0.002609024540968955,7.168901891589956,0.6409878176790512
4099.252759220865,2210.3846243588255,-6979.222608642973,0.002607587752472937,7.194629559509368,0.6409878176790512
4228.010990180797,2222.2256212889965,-7140.077595296658,0.0025861626886856635,7.585195298352101,0.6409878176790512
4293.099196383714,2226.8439493938117,-7219.837510070152,0.0025753399783195936,7.787509039657946,0.6409878176790512
4534.140503059334,2236.0697097864872,-7506.161853096812,0.002535316801815751,8.566142840923755,0.6409878176790512
4669.99732332937,2235.908258656052,-7661.2839826583,0.0025128059096493627,9.026023965438416,0.6409878176790512
4687.327675920743,2235.6155738272996,-7680.748578619488,0.002509937152021534,9.085806907076071,0.6409878176790512
4858.932131691263,2229.4467777944137,-7869.555298185034,0.002481567820833156,9.69176377347724,0.6409878176790512
947.0334996701481,788.1878766719551,-1822.5911360043538,0.002977340562625403,0.9639096215349929,0.6586781844323571
1523.1219387849094,1193.1869558973108,-2917.7950490980365,0.002892644418347478,1.767727829392317,0.6586781844323571
1684.2632469541766,1294.8794291315526,-3214.151865895088,0.0028681822709903837,2.023633647952303,0.6586781844323571
2050.7224624813,1505.9683799328595,-3868.0863858627417,0.002811664236971824,2.6586996145951955,0.6586781844323571
2085.2337391274905,1524.362783746966,-3928.1488668412712,0.0028062887767127485,2.72241561845159,0.6586781844323571
2261.963999430546,1614.4527855652052,-4231.428689298133,0.002778644808285055,3.0595662415065252,0.6586781844323571
2851.097221563356,1863.817306334573,-5188.527700480103,0.002685433589636735,4.320930397751037,0.6586781844323571
2924.4828969790674,1889.2731138141385,-5301.78682720584,0.0026737427924720474,4.493615021437886,0.6586781844323571
2951.362442775182,1898.2832292361709,-5342.934813354608,0.0026694577638099086,4.557762898336111,0.6586781844323571
3433.08237075001,2031.0859087545334,-6049.741051404933,0.002577556321510412,5.79219568941896,0.6586781844323571
3604.8996101605735,2065.327919665443,-6287.880080816343,0.0025503388188262,6.2730884070244315,0.6586781844323571
3849.6096284899363,2102.2994678896184,-6614.252512227467,0.0025115723437177896,6.997071338107496,0.6586781844323571
3905.445261440103,2108.8119959880846,-6686.618595319109,0.0025027300471082664,7.168901891589956,0.6586781844323571
3913.735549899033,2109.718546333038,-6697.2968461566925,0.002501417329035168,7.194629559509368,0.6586781844323571
4037.438087049232,2121.403322065975,-6854.589439046787,0.002481836299999674,7.585195298352101,0.6586781844323571
4099.987015135063,2126.00325032323,-6932.669243251388,0.00247194074413116,7.787509039657946,0.6586781844323571
4331.724915154469,2135.522804953959,-7213.470983350744,0.002435320373496692,8.566142840923755,0.6586781844323571
4462.406669268433,2135.768699233651,-7365.957817195987,0.0024147054009414646,9.026023965438416,0.6586781844323571
4479.080370267793,2135.5394574737406,-7385.11062536604,0.0024120773263870865,9.085806907076071,0.6586781844323571
4644.2252768032395,2130.145808828634,-7571.123135237918,0.002386076785807349,9.69176377347724,0.6586781844323571
940.4546692816624,782.7064989079008,-1810.0681632744963,0.00295694202913076,0.9639096215349929,0.6610272695208398
1512.7240863146826,1185.0257078862824,-2898.3702711334627,0.0028734195986256095,1.767727829392317,0.6610272695208398
1672.8225940392317,1286.0644464469324,-3192.9521480269177,0.0028492916676226532,2.023633647952303,0.6610272695208398
2036.9516895634688,1495.8274011261053,-3843.1286323348977,0.00279353754374339,2.6586996145951955,0.6610272695208398
2071.2465805829142,1514.1086116182487,-3902.8576322642766,0.0027882341319849396,2.72241561845159,0.6610272695208398
2246.8759471462977,1603.6499140468914,-4204.485610532545,0.0027609590308843262,3.0595662415065252,0.6610272695208398
2832.433592640952,1851.5651109951548,-5156.759281028055,0.00266897069041834,4.320930397751037,0.6610272695208398
2905.38416089459,1876.8812636233451,-5269.490494269732,0.0026574309901519523,4.493615021437886,0.6610272695208398
2932.1038930898417,1885.841556491029,-5310.4491505629485,0.0026532012136405558,4.557762898336111,0.6610272695208398
3411.02541528328,2017.9667113877563,-6014.208865201945,0.002562349156214756,5.79219568941896,0.6610272695208398
3581.866626553522,2052.056662521475,-6251.430075915741,0.002535473343669566,6.2730884070244315,0.6610272695208398
3825.2070073754953,2088.890367654934,-6576.640301681109,0.0024971885847959556,6.997071338107496,0.6610272695208398
3880.7336441123825,2095.384173675934,-6648.764682460824,0.0024884553485622516,7.168901891589956,0.6610272695208398
3888.9781568697576,2096.28833641172,-6659.407783844777,0.0024871587951569487,7.194629559509368,0.6610272695208398
4011.9997801061595,2107.9486723664036,-6816.198726238086,0.002467818048380141,7.585195298352101,0.6610272695208398
4074.207224872812,2112.5452617465185,-6894.040757626135,0.002458043359939559,7.787509039657946,0.6610272695208398
4304.691949291124,2122.098732148099,-7174.053904892717,0.0024218668785982336,8.566142840923755,0.6610272695208398
4434.675418471569,2122.395501703116,-7326.158831369983,0.002401499455545562,9.026023965438416,0.6610272695208398
4451.260655625952,2122.1744304804897,-7345.266129715965,0.0023989028162980847,9.085806907076071,0.6610272695208398
4615.533830781829,2116.8803222143188,-7530.8671914926235,0.0023732117499296406,9.69176377347724,0.6610272695208398
938.9800696696325,781.4778964879694,-1807.2608655047225,0.0029523692886966172,0.9639096215349929,0.6615538394601915
1510.3931242769718,1183.1961684398639,-2894.0146216625144,0.002869108813634286,1.767727829392317,0.6615538394601915
1670.2577489193536,1284.088274625021,-3188.1981218276997,0.002845055488918806,2.023633647952303,0.6615538394601915
2033.8641532453223,1493.55374379977,-3837.5308010375666,0.0027894719165761726,2.6586996145951955,0.6615538394601915
2068.110503134008,1511.8095583233792,-3897.184907417577,0.002784184590920314,2.72241561845159,0.6615538394601915
2243.492876283292,1601.2277280234543,-4198.441807333424,0.0027569918566904524,3.0595662415065252,0.6615538394601915
2828.2481359771623,1848.8175424086824,-5149.630672290485,0.002665276641483763,4.320930397751037,0.6615538394601915
2901.1010443804817,1874.1023248942593,-5262.243108045586,0.002653770694758639,4.493615021437886,0.6615538394601915
2927.785129059282,1883.0516280432025,-5303.159160453251,0.002649553261398071,4.557762898336111,0.6615538394601915
3406.0782125226283,2015.0242759948765,-6006.234379135567,0.002573768578732808,5.79219568941896,0.6615538394601915
3576.70027287396,2049.079938092682,-6243.247095904124,0.0025321363189448154,6.2730884070244315,0.6615538394601915
3819.733087658931,2085.8825917977742,-6568.195023836575,0.0024939592240697515,6.997071338107496,0.6615538394601915
3875.1903304410557,2092.3721559985283,-6640.264809715773,0.0024852503652902373,7.168901891589956,0.6615538394601915
3883.424562763484,2093.2757768906945,-6650.8999701089415,0.0024839574251262053,7.194629559509368,0.6615538394601915
4006.293255047964,2104.9304807257854,-6807.57752291597,0.002464670390924511,7.585195298352101,0.6615538394601915
4068.4240033535893,2109.5263287441517,-6885.365784120331,0.0024549227212525442,7.787509039657946,0.6615538394601915
4298.62723435832,2119.0872320305316,-7165.200361331976,0.0024188454800939236,8.566142840923755,0.6615538394601915
4428.453836119385,2119.395317317868,-7317.218647646718,0.002398533408282261,9.026023965438416,0.6615538394601915
4445.019199362354,2119.176066787249,-7336.315612021986,0.0023959437982019383,9.085806907076071,0.6615538394601915
4609.096839907715,2113.904426645597,-7521.823119450317,0.002370321936165862,9.69176377347724,0.6615538394601915
929.2327429376352,773.356747354031,-1788.7008948361618,0.0029221377286737177,0.9639096215349929,0.6650349025546622
1494.9818438697707,1171.10031710286,-2865.2072921398285,0.0028405984614190243,1.767727829392317,0.6650349025546622
1653.2991159593546,1271.0222179929588,-3156.752522276125,0.0028170354750895136,2.023633647952303,0.6650349025546622
2013.4466837844836,1478.518767148157,-3800.494036498305,0.0027625730561477596,2.6586996145951955,0.6650349025546622
2047.3717855533669,1496.606470635555,-3859.651701860399,0.002757391486112995,2.72241561845159,0.6650349025546622
2221.119322687666,1585.209373135685,-4158.448076113891,0.002730740328719995,3.0595662415065252,0.6650349025546622
2800.561976231751,1830.6434773601397,-5102.4363319486,0.002640821515454333,4.320930397751037,0.6650349025546622
2872.76810787443,1855.720303439446,-5214.2594893481,0.002629537631789085,4.493615021437886,0.6650349025546622
2899.2160978506604,1864.5967347426777,-5254.892383221748,0.00262540140735885,4.557762898336111,0.6650349025546622
3373.346138695623,1995.5572103487345,-5953.427554294351,0.0025510587373549737,5.79219568941896,0.6650349025546622
3542.516396583678,2029.3849066504874,-6189.036799021065,0.002510031672297938,6.2730884070244315,0.6650349025546622
3783.510546288937,2065.980266862251,-6512.234288696331,0.002472563387260735,6.997071338107496,0.6650349025546622
3838.507842359879,2072.441391826327,-6583.9393223872685,0.002464015039760827,7.168901891589956,0.6650349025546622
3846.6739336345136,2073.34136938576,-6594.521414106515,0.0024627458913763227,7.194629559509368,0.6650349025546622
3968.5288827466356,2084.95798939036,-6750.440398673665,0.0024438125853203088,7.585195298352101,0.6650349025546622
4030.15121666629,2089.548432852194,-6827.869119557152,0.0024342428141927424,7.787509039657946,0.6650349025546622
4258.488158211032,2099.156901366514,-7106.506533033273,0.0023988192088054685,8.566142840923755,0.6650349025546622
4387.275132575082,2099.53914849244,-7257.942539378513,0.0023788717559432644,9.026023965438416,0.6650349025546622
4403.708039369858,2099.3315873247584,-7276.969961771691,0.0023763284533063504,9.085806907076071,0.6650349025546622
4566.489072879322,2094.2068258067716,-7461.846743899005,0.0023511625355525146,9.69176377347724,0.6650349025546622
925.3612101312756,770.1311624181016,-1781.3274825750996,0.0029101276467682286,0.9639096215349929,0.6664177147888601
1488.8590745914414,1166.2948584119572,-2853.7577059179457,0.00282926703197875,1.767727829392317,0.6664177147888601
1646.5611041337086,1265.8309496360844,-3144.252662262552,0.0028058974424552963,2.023633647952303,0.6664177147888601
2005.3330523388142,1472.5442701547856,-3785.7669442904808,0.0027518773299728826,2.6586996145951955,0.6664177147888601
2039.1303625569537,1490.5650776535604,-3844.726739698526,0.002746737490300458,2.72241561845159,0.6664177147888601
2212.2275128055176,1578.843518027028,-4142.54213332721,0.002720300050786029,3.0595662415065252,0.6664177147888601
2789.5558502995855,1823.4189031962244,-5083.655958195537,0.002631090403935856,4.320930397751037,0.6664177147888601
2861.5044971357256,1848.4129831860973,-5195.163628793423,0.0026198942109765173,4.493615021437886,0.6664177147888601
2887.858491217445,1857.2603604859603,-5235.683311373519,0.002615790057583203,4.557762898336111,0.6664177147888601
3360.330687754837,1987.8168436024976,-5932.401004245607,0.0025420170129765657,5.79219568941896,0.6664177147888601
3528.923103353555,2021.553749146473,-6167.447349170958,0.0025012295476442375,6.2730884070244315,0.6664177147888601
3769.104460006541,2058.0651480679644,-6489.9415504241915,0.0024640414073281575,6.997071338107496,0.6664177147888601
3823.918485664514,2064.51503846836,-6561.499847475876,0.0024555565071643997,7.168901891589956,0.6664177147888601
3832.0574223037706,2065.4135391463606,-6572.060581681631,0.002454296763895779,7.194629559509368,0.6664177147888601
3953.5090053668796,2077.015149609089,-6727.674052211965,0.0024355033012672046,7.585195298352101,0.6664177147888601
4014.9280466157807,2081.6026707537167,-6804.957811971384,0.0024260038664653282,7.787509039657946,0.6664177147888601
4242.5209870884855,2091.2292512967197,-7083.111511436022,0.002390838742963517,8.566142840923755,0.6664177147888601
4370.894066438262,2091.6408588999207,-7234.311716226883,0.0023710354905794075,9.026023965438416,0.6664177147888601
4387.274343246485,2091.4382556376436,-7253.310920775468,0.0023685105048295717,9.085806907076071,0.6664177147888601
4549.537593361563,2086.370710280414,-7437.931225411303,0.0023435249515587732,9.69176377347724,0.6664177147888601
890.5784632138793,741.1529798673596,-1715.0425653978746,0.0028021644721648704,0.9639096215349929,0.6788455938954759
1433.8105395478544,1123.0930392505668,-2750.697719453332,0.0027272737037832904,1.767727829392317,0.6788455938954759
1585.968480350051,1219.1513325668775,-3031.6960044821317,0.0027056068881796203,2.023633647952303,0.6788455938954759
1932.3354366640062,1418.797501277738,-3653.0347746384286,0.002655483731112912,2.6586996145951955,0.6788455938954759
1964.9795129792435,1436.2139975480015,-3710.199028171468,0.002650711805631134,2.72241561845159,0.6788455938954759
2132.206689037105,1521.560900631435,-3999.1070395114366,0.0026261587990993,3.0595662415065252,0.6788455938954759
2690.4336172853323,1758.3630422284239,-4914.02656964599,0.002543208943151519,4.320930397751037,0.6788455938954759
2760.052191879834,1782.604520312703,-5022.649039971191,0.002532787421065261,4.493615021437886,0.6788455938954759
2785.5560427563873,1791.1880600600073,-5062.132572994109,0.0025289666495358705,4.557762898336111,0.6788455938954759
3243.0274748741595,1918.0682006274842,-5742.156555116962,0.002460230651195853,5.79219568941896,0.6788455938954759
3406.380049713437,1950.9681810701022,-5972.004740702265,0.002421575791886452,6.2730884070244315,0.6788455938954759
3639.199409211273,1986.706526645662,-6287.973792783239,0.00238686862340757,6.997071338107496,0.6788455938954759
3692.3490878270504,1993.0474396174257,-6358.16606419054,0.0023789457969251183,7.168901891589956,0.6788455938954759
3700.241429528184,1993.9318946540016,-6368.527822403703,0.0023777693791717405,7.194629559509368,0.6788455938954759
3818.031556857264,2005.3854061667446,-6521.288813496452,0.0023602152417286806,7.585195298352101,0.6788455938954759
3877.6098903144634,2009.9430871605825,-6597.213334028973,0.0023513394810282533,7.787509039657946,0.6788455938954759
4098.449486856963,2019.7136346167879,-6870.813085961447,0.002318466766784518,8.566142840923755,0.6788455938954759
4223.059746007102,2020.3762048089304,-7019.775067241499,0.0022999430902769413,9.026023965438416,0.6788455938954759
4238.9628082911195,2020.2145752421975,-7038.505574066818,0.0022975806669070457,9.085806907076071,0.6788455938954759
4396.520546307004,2015.6517264129177,-7220.666491386153,0.0022741966003835793,9.69176377347724,0.6788455938954759
889.0609681472994,739.8887752710434,-1712.14904594158,0.0027974517501647266,0.9639096215349929,0.6793879741776055
1431.4072475971132,1121.2070730894513,-2746.1934866310767,0.002722816216136647,1.767727829392317,0.6793879741776055
1583.3226309654854,1217.113162437185,-3026.774960886265,0.0027012222634027385,2.023633647952303,0.6793879741776055
1929.146636343918,1416.449894978272,-3647.2267272869576,0.0026512659659272495,2.6586996145951955,0.6793879741776055
1961.7400530794473,1433.8397601306597,-3704.3119267849106,0.0026465098018676665,2.72241561845159,0.6793879741776055
2128.71015564413,1519.058205015479,-3992.8274544109518,0.002622037544453898,3.0595662415065252,0.6793879741776055
2686.099316110682,1755.5187551754184,-4906.589003144181,0.002539356191998075,4.320930397751037,0.6793879741776055
2755.6154810454136,1779.7269650123937,-5015.083476705811,0.0025289679280636407,4.493615021437886,0.6793879741776055
2781.0820136724788,1788.2988818865456,-5054.521032646226,0.0025251593221270467,4.557762898336111,0.6793879741776055
3237.8944554085665,1915.0165209226673,-5733.801624057014,0.0024566397510908016,5.79219568941896,0.6793879741776055
3401.016619363868,1947.8793115019878,-5963.417293550658,0.002418077094328496,6.2730884070244315,0.6793879741776055
3633.5121218144404,1983.5829657866261,-6279.093151327579,0.0023834766746202237,6.997071338107496,0.6793879741776055
3686.5886494157153,1989.9189229861834,-6349.223804280438,0.0023755780457441343,7.168901891589956,0.6793879741776055
3694.470151594176,1990.8027335107229,-6359.576579730972,0.0023744052154678697,7.194629559509368,0.6793879741776055
3812.0989690723823,2002.249291335357,-6512.208692182699,0.0023569044355958822,7.585195298352101,0.6793879741776055
3871.5963376532336,2006.805472811719,-6588.071616299538,0.0023480555368513793,7.787509039657946,0.6793879741776055
4092.1384872737913,2016.5814829759304,-6861.464059692371,0.0023152815948372617,8.566142840923755,0.6793879741776055
4216.58277345536,2017.254555364236,-7010.323355391403,0.0022968130862288812,9.026023965438416,0.6793879741776055
4232.464796163901,2017.0946593180588,-7029.041490575131,0.0022944576728736355,9.085806907076071,0.6793879741776055
4389.815397006295,2012.5536171097351,-7211.088802599399,0.002271142675289639,9.69176377347724,0.6793879741776055
852.6847690729313,709.5855125217855,-1642.7466963937914,0.0026844192396306642,0.9639096215349929,0.6923939675761813
1373.7562790795953,1075.9690520609379,-2638.0229245631854,0.002615771420678844,1.767727829392317,0.6923939675761813
1519.8413830246939,1168.2158926434254,-2908.5504292396363,0.0025958883367520956,2.023633647952303,0.6923939675761813
1852.601615423801,1360.102627844147,-3507.5694274123744,0.0025498525106481458,2.6586996145951955,0.6923939675761813
1883.9778337298021,1376.8530845989417,-3562.741599763547,0.0025454668640131593,2.72241561845159,0.6923939675761813
2044.7566918288048,1458.972960767609,-3841.751457322236,0.0025228933628734895,3.0595662415065252,0.6923939675761813
2581.9516305047437,1687.1835298630997,-4727.372832435838,0.0024465321090498464,4.320930397751037,0.6923939675761813
2649.000607915594,1710.5882949717618,-4832.745251269771,0.002436927453652648,4.493615021437886,0.6923939675761813
2673.565510699167,1718.878288557544,-4871.06068803087,0.0024334055249722246,4.557762898336111,0.6923939675761813
3114.465226566016,1841.6479262636835,-5532.142248669792,0.0023699891230790295,5.79219568941896,0.6923939675761813
3272.0212413807753,1873.6031804654472,-5756.127597138504,0.002347267582384344,6.2730884070244315,0.6923939675761813
3496.684903191853,1908.4498091983567,-6064.4697187696,0.002301535677327054,6.997071338107496,0.6923939675761813
3547.989576429185,1914.6594580943279,-6133.072832039346,0.0022942087096345554,7.168901891589956,0.6923939675761813
3555.6085034978455,1915.526713453946,-6143.2027487280575,0.0022931206405172625,7.194629559509368,0.6923939675761813
3669.338083808297,1926.7984910404257,-6292.631025173767,0.0022768808284668305,7.585195298352101,0.6923939675761813
3726.8734969403,1931.3107979269148,-6366.9599360137,0.002268666818446014,7.787509039657946,0.6923939675761813
3940.213290372343,1941.1973032856345,-6635.162851677531,0.002238228679288754,8.566142840923755,0.6923939675761813
4060.6414266168426,1942.115430875621,-6781.43494395911,0.0022210654604390228,9.026023965438416,0.6923939675761813
4076.0129651042625,1941.9951749424,-6799.840289194159,0.002218875950155336,9.085806907076071,0.6923939675761813
4228.338032847646,1937.9599554617942,-6979.001887939077,0.0021971959840266174,9.69176377347724,0.6923939675761813
849.8142337061231,707.1943103613772,-1637.266630320868,0.002675494445970662,0.9639096215349929,0.6934206684781766
1369.2035376889157,1072.3968302596224,-2629.4707006862664,0.0026073084607845434,1.767727829392317,0.6934206684781766
1514.827293621161,1164.3540631286917,-2899.1997080649817,0.002587557460502356,2.023633647952303,0.6934206684781766
1846.5526246301758,1355.650218155445,-3496.5134669629842,0.002541824505989555,2.6586996145951955,0.6934206684781766
1877.8324765876944,1372.3500513630795,-3551.533203290768,0.0025374674988832657,2.72241561845159,0.6934206684781766
2038.1204040551286,1454.2239130817663,-3829.7849669295174,0.002515040806905689,3.0595662415065252,0.6934206684781766
2573.712680574141,1681.7784134708156,-4713.15441321009,0.002439168730772387,4.320930397751037,0.6934206684781766
2640.56576863298,1705.1191898902425,-4818.276091326952,0.0024296247846706557,4.493615021437886,0.6934206684781766
2665.0591230089694,1713.3867184490837,-4856.501337150439,0.002426125070953441,4.557762898336111,0.6934206684781766
3104.693886086596,1835.8407732307312,-5516.11557433258,0.0023631043788849616,5.79219568941896,0.6934206684781766
3261.806803300997,1867.72278550509,-5739.645136610903,0.0023405226250294525,6.2730884070244315,0.6934206684781766
3485.846942761899,1902.4998259600911,-6047.390203200885,0.0022950176632365094,6.997071338107496,0.6934206684781766
3537.0106688900073,1908.6992293473518,-6115.8686308437755,0.002287735110243761,7.168901891589956,0.6934206684781766
3544.6087060294635,1909.565137224878,-6125.9803408261,0.002286653627511187,7.194629559509368,0.6934206684781766
3658.027246114082,1920.8218491489647,-6275.146375257194,0.0022705118243232154,7.585195298352101,0.6934206684781766
3715.406475725028,1925.3303891005755,-6349.349374795718,0.00226234717541732,7.787509039657946,0.6934206684781766
3928.1720448522856,1935.223981309408,-6617.124689333286,0.002232090707947514,8.566142840923755,0.6934206684781766
4048.2795161762174,1936.1603196899925,-6763.18228741832,0.0022150290603006485,9.026023965438416,0.6934206684781766
4063.6103811231283,1936.0431348343159,-6781.561610103607,0.0022128524641117893,9.085806907076071,0.6934206684781766
4215.534128230118,1932.0464009420764,-6960.481934557123,0.002191299815528175,9.69176377347724,0.6934206684781766
841.8771336493497,700.5826567549633,-1622.1115674266766,0.0026508132898252494,0.9639096215349929,0.6962597999622041
1356.6125289835518,1062.5177418534415,-2605.8112581809764,0.0025838961601964126,1.767727829392317,0.6962597999622041
1500.9595965072094,1153.6734643285063,-2873.3285163209075,0.0025645081413926017,2.023633647952303,0.6962597999622041
1829.820440005131,1343.3346988507046,-3465.9166161634494,0.0025196076706149382,2.6586996145951955,0.6962597999622041
1860.8335202806938,1359.8943570349181,-3520.513738194757,0.002515329394684827,2.72241561845159,0.6962597999622041
2019.7622798893765,1441.0869137402728,-3796.6632494652586,0.002493306321367407,3.0595662415065252,0.6962597999622041
2550.9162238606787,1666.82351903285,-4673.78213298312,0.0024187795064991107,4.320930397751037,0.6962597999622041
2617.226687167235,1689.9868684671687,-4778.2071613856315,0.002409402557451397,4.493615021437886,0.6962597999622041
2641.5218407185475,1698.192098421561,-4816.181782942003,0.002405963954331639,4.557762898336111,0.6962597999622041
3077.651776820926,1819.7702921775724,-5471.7149235169345,0.0023440320296221435,5.79219568941896,0.6962597999622041
3233.536658667824,1851.4486375473366,-5693.974960996711,0.0023218349977815705,6.2730884070244315,0.6962597999622041
3455.8483908729936,1886.031652832701,-6000.055271768186,0.002276955557846314,6.997071338107496,0.6962597999622041
3506.6214949877517,1892.2024573499446,-6068.186023202419,0.0022697952501166976,7.168901891589956,0.6962597999622041
3514.1616202040636,1893.064589267498,-6078.246914533716,0.002268731899754485,7.194629559509368,0.6962597999622041
3626.7178352713886,1904.2789055223682,-6226.680658126621,0.002252859930810978,7.585195298352101,0.6962597999622041
3683.6640334822996,1908.7766692441069,-6300.531826542123,0.002244831191788256,7.787509039657946,0.6962597999622041
3894.837324623832,1918.6885823014968,-6567.110879425556,0.002215074995247939,8.566142840923755,0.6962597999622041
4014.0554853533786,1919.6745475459895,-6712.567356658532,0.0021982930871588813,9.026023965438416,0.6962597999622041
4029.273544472901,1919.5658187455244,-6730.873694613656,0.002196152060600238,9.085806907076071,0.6962597999622041
4180.084721943243,1915.6751843506768,-6909.11657868242,0.0021749501138899653,9.69176377347724,0.6962597999622041
828.4544658974481,689.4017538161308,-1596.47388776351,0.0026090612866427358,0.9639096215349929,0.7010620710538084
1335.3119303236897,1045.8058217042799,-2565.7588602555625,0.0025442627966230646,1.767727829392317,0.7010620710538084
1477.4954262669423,1135.60267592486,-2829.522775107791,0.0025254811570046666,2.023633647952303,0.7010620710538084
1801.5021494449493,1322.4925208516604,-3414.0836113503683,0.0024819719105716857,2.6586996145951955,0.7010620710538084
1832.063026241492,1338.8144574130708,-3467.9622750691196,0.0024778252456490184,2.72241561845159,0.7010620710538084
1988.6874194137363,1418.851230533481,-3740.53608644873,0.002456477008786706,3.0595662415065252,0.7010620710538084
2512.313241814953,1641.5015092959072,-4607.004418699522,0.0023842006254357426,4.320930397751037,0.7010620710538084
2577.701913989559,1664.3623256789463,-4710.240116351066,0.0023751031832386295,4.493615021437886,0.7010620710538084
2601.6606527339814,1672.4615904027642,-4747.786730322405,0.002371766870788354,4.557762898336111,0.7010620710538084
3031.839346509203,1792.5476488765519,-5396.338032566135,0.002311658115633993,5.79219568941896,0.7010620710538084
3185.637818594474,1823.8776700798546,-5616.419897581582,0.0022901056865914297,6.2730884070244315,0.7010620710538084
3405.0124486258896,1858.1274589185148,-5919.639415666876,0.0022462773153021074,6.997071338107496,0.7010620710538084
3455.121437408806,1864.2486623991174,-5987.171135112847,0.002239321952842318,7.168901891589956,0.7010620710538084
3462.5631511882607,1865.104258520524,-5997.144565861556,0.0022382889918988384,7.194629559509368,0.7010620710538084
3573.653464603686,1876.243823231729,-6144.315999339815,0.002222869409372527,7.585195298352101,0.7010620710538084
3629.863392828696,1880.722785185622,-6217.55980337174,0.0022150685737447966,7.787509039657946,0.7010620710538084
3838.328728396344,1890.6613863263522,-6482.069002754863,0.002186151465519359,8.566142840923755,0.7010620710538084
3956.034989134324,1891.7288395857024,-6626.48160254219,0.0021698389176896655,9.026023965438416,0.7010620710538084
3971.0605201767894,1891.6340778527176,-6644.661225719516,0.0021677575622929047,9.085806907076071,0.7010620710538084
4119.98007923515,1887.9220178889407,-6821.7238967111625,0.002147144181488801,9.69176377347724,0.7010620710538084
781.383817353733,650.1952588433712,-1506.4822829129116,0.0024625151449608,0.9639096215349929,0.7179121635845213
1260.5289692371834,987.1396285148064,-2424.892292870907,0.002404876668069298,1.767727829392317,0.7179121635845213
1395.0899736466554,1072.1466814787377,-2675.3648373484466,0.0023881471127788403,2.023633647952303,0.7179121635845213
1701.9771899307557,1249.254443678371,-3231.420939593474,0.002349351060715934,2.6586996145951955,0.7179121635845213
1730.9404808162728,1264.7348734486634,-3282.742731238017,0.002345650590056803,2.72241561845159,0.7179121635845213
1879.4285808743693,1340.6852585672946,-3542.5744371812834,0.002326591343779501,3.0595662415065252,0.7179121635845213
2376.423073806502,1552.3839633475434,-4370.891083950839,0.0022619607905597387,4.320930397751037,0.7179121635845213
2438.5472935895336,1574.1683439123585,-4469.844240071601,0.0022538142441096494,4.493615021437886,0.7179121635845213
2461.3130118275803,1581.888986128581,-4505.848347378451,0.0022508260107099794,4.557762898336111,0.7179121635845213
2870.3801042689824,1696.632753593021,-5129.1112651303265,0.002196928676375891,5.79219568941896,0.7179121635845213
3016.7700045715037,1726.7041201772797,-5341.245873089712,0.0021775754986102934,6.2730884070244315,0.7179121635845213
3225.701384604472,1759.732557082647,-5634.080743835824,0.002149924527864458,6.997071338107496,0.7179121635845213
3273.445059456353,1765.6679738607356,-5699.363905301143,0.0021436033255220824,7.168901891589956,0.7179121635845213
3280.5361456704914,1766.498857767705,-5709.008395167002,0.0021426644314141213,7.194629559509368,0.7179121635845213
3386.413352489561,1777.3544384526026,-5851.446266848208,0.002116307654496812,7.585195298352101,0.7179121635845213
3439.9993294177234,1781.752451239453,-5922.436032607235,0.002109286265160301,7.787509039657946,0.7179121635845213
3638.8161008160664,1791.7418223947132,-6179.214050545263,0.0020832410747459074,8.566142840923755,0.7179121635845213
3751.131495316699,1793.0749035184224,-6319.693208352721,0.0020685364199444704,9.026023965438416,0.7179121635845213
3765.471776978498,1793.0256808382237,-6337.392732531043,0.0020666595887798363,9.085806907076071,0.7179121635845213
3907.636548127047,1789.9117352334906,-6509.9670779699445,0.002048063864433402,9.69176377347724,0.7179121635845213
720.1153583236734,599.1694260571558,-1389.1488522034779,0.0022714648445947526,0.9639096215349929,0.7398669127896608
1162.9890401435796,910.6366604341076,-2240.5808578552824,0.0022225174698864043,1.767727829392317,0.7398669127896608
1287.5487880254423,989.3547716452655,-2473.451178028772,0.0022082849363785993,2.023633647952303,0.7398669127896608
1571.922325522441,1153.5780199441713,-2991.5755652750668,0.0021752348368438788,2.6586996145951955,0.7398669127896608
1598.7830546395528,1167.9496076662201,-3039.481006661139,0.0021720791491663715,2.72241561845159,0.7398669127896608
1736.544103429555,1238.4965058229882,-3282.250779257083,0.0021558166033394965,3.0595662415065252,0.7398669127896608
2198.3324575641823,1435.640395352624,-4059.0213290355605,0.002100554927037531,4.320930397751037,0.7398669127896608
2256.129779529483,1455.985456799184,-4152.134764133305,0.002093576593440287,4.493615021437886,0.7398669127896608
2277.3139318996627,1463.19923239268,-4186.032176502289,0.0020910161604985713,4.557762898336111,0.7398669127896608
2658.3351387789294,1570.731594432956,-4774.475652048241,0.002044767883316982,5.79219568941896,0.7398669127896608
2794.857063015401,1599.0759959357158,-4975.5288066272915,0.002028130168877904,6.2730884070244315,0.7398669127896608
2989.8573453518575,1630.3922699405648,-5253.7831952554625,0.0020043300535021098,6.997071338107496,0.7398669127896608
3034.4429763638927,1636.057121402863,-5315.936057829087,0.00199888437735795,7.168901891589956,0.7398669127896608
3041.0658095561475,1636.8516067543007,-5325.121959910059,0.0019980753733249176,7.194629559509368,0.7398669127896608
3139.9744503303464,1647.281231339861,-5460.883586167802,0.001985991127445802,7.585195298352101,0.7398669127896608
3190.0510827681783,1651.5443103021134,-5528.599916225314,0.0019798721148896405,7.787509039657946,0.7398669127896608
3375.9480456831893,1661.4977301472074,-5774.0641516565665,0.0019457839433948676,8.566142840923755,0.7398669127896608
3481.036403158608,1663.1241063253456,-5908.76998820038,0.0019330787896254043,9.026023965438416,0.7398669127896608
3494.4575776234065,1663.1283729665888,-5925.7606048622765,0.0019314564477455024,9.085806907076071,0.7398669127896608
3627.5519831433826,1660.7275688006252,-6091.6494425743,0.0019153734101377384,9.69176377347724,0.7398669127896608
683.7039812310388,568.8484771310681,-1319.3154093191115,0.002157768172846525,0.9639096215349929,0.7529259852836664
1104.91846413191,865.0989734746086,-2130.5387503222883,0.00211364889785508,1.767727829392317,0.7529259852836664
1223.4888422165488,940.0480199779428,-2352.7861754420446,0.00210080664411631,2.023633647952303,0.7529259852836664
1494.3606747482731,1096.533930145268,-2847.922634922659,0.0020709610468064243,2.6586996145951955,0.7529259852836664
1519.9575019513074,1110.2369394407121,-2893.7505014019334,0.002068109569527695,2.72241561845159,0.7529259852836664
1651.2730815571267,1177.530927520786,-3126.1231540672525,0.0020534099164117004,3.0595662415065252,0.7529259852836664
2091.8446788628453,1365.86134820933,-3871.238442909198,0.002003397419732985,4.320930397751037,0.7529259852836664
2147.0279269051757,1385.3293948737403,-3960.7371603275533,0.0019970751166948023,4.493615021437886,0.7529259852836664
2167.2571252071216,1392.2353788838875,-3993.3290597055893,0.0019947549959175477,4.557762898336111,0.7529259852836664
2531.30323893282,1495.3430725547282,-4560.041251257979,0.0019528115922321874,5.79219568941896,0.7529259852836664
2661.8403856280356,1522.614332396073,-4754.105439689767,0.001937705765905136,6.2730884070244315,0.7529259852836664
2848.3779438108104,1552.8454228411597,-5023.092707109805,0.0019160814488068773,6.997071338107496,0.7529259852836664
2891.042400018051,1558.335555519764,-5083.243776245632,0.0019111310113426089,7.168901891589956,0.7529259852836664
2897.3803125032314,1559.1061341360887,-5092.13600672457,0.0019103954973261545,7.194629559509368,0.7529259852836664
2992.049587829235,1569.2495244036058,-5223.624217371471,0.0018994064536188827,7.585195298352101,0.7529259852836664
3039.9891165423733,1573.4167389881284,-5289.25677567174,0.0018938401945065386,7.787509039657946,0.7529259852836664
3218.011506306917,1583.2929770224557,-5527.419750898967,0.0018731658505075884,8.566142840923755,0.7529259852836664
3318.687114812375,1585.0641140112548,-5658.249135877988,0.001861474731213568,9.026023965438416,0.7529259852836664
3331.5468444466596,1585.0960088375705,-5674.767820860798,0.001849136653664394,9.085806907076071,0.7529259852836664
3459.1007423951287,1583.0866589286436,-5836.21619603545,0.0018344821195236441,9.69176377347724,0.7529259852836664
675.3680445389638,561.9072181989558,-1303.3171693489276,0.0021317223901003417,0.9639096215349929,0.7559169079505459
1091.6128395377102,854.6658978857505,-2105.2929021496966,0.0020886731130158095,1.767727829392317,0.7559169079505459
1208.807393444464,928.7488562012711,-2325.0913630990544,0.00207613928536793,2.023633647952303,0.7559169079505459
1476.5753633032052,1083.4550607306112,-2814.918103967335,0.0020470051398129747,2.6586996145951955,0.7559169079505459
1501.881692513008,1097.0043532919349,-2860.265308629816,0.0020442212441806984,2.72241561845159,0.7559169079505459
1631.713596109194,1163.5485574238085,-3090.2306620196614,0.0020298688863734046,3.0595662415065252,0.7559169079505459
2067.397516310189,1349.8447303625924,-3827.990832068179,0.0019810242394470547,4.320930397751037,0.7559169079505459
2121.9780813206457,1369.1098464557522,-3916.6467166899383,0.001974848047497471,4.493615021437886,0.7559169079505459
2141.9860929090214,1375.9435536931915,-3948.9340119603585,0.0019725814590771107,4.557762898336111,0.7559169079505459
2502.1146359211143,1478.0250230891759,-4510.560793044475,0.0019315977714992338,5.79219568941896,0.7559169079505459
2631.2680080481327,1505.0443242564158,-4702.981857669896,0.0019168338421538238,6.2730884070244315,0.7559169079505459
2815.8485108472455,1535.0199950019123,-4969.783376706757,0.001895695462373544,6.997071338107496,0.7559169079505459
2858.0689057770546,1540.4686579710874,-5029.460942742997,0.0018908556922506954,7.168901891589956,0.7559169079505459
2864.340954149335,1541.233823490837,-5038.283666185882,0.001890136602130246,7.194629559509368,0.7559169079505459
2958.028159061175,1551.3077080841974,-5168.759438757006,0.0018793923612373464,7.585195298352101,0.7559169079505459
3005.4733697839424,1555.4514649504208,-5233.89738236757,0.0018739497002892374,7.787509039657946,0.7559169079505459
3181.6716282049197,1565.3039163582657,-5470.329053561676,0.0018537320058749638,8.566142840923755,0.7559169079505459
3281.3257947004868,1567.1061587752636,-5600.252213255284,0.0018422974177140989,9.026023965438416,0.7559169079505459
3294.055510209464,1567.1441032821863,-5616.652233121211,0.0018408369095444736,9.085806907076071,0.7559169079505459
3420.323887095898,1565.2192313235869,-5777.011642412399,0.0018157465588288244,9.69176377347724,0.7559169079505459
664.8291862148208,553.1317930647085,-1283.0854040181875,0.0020987848675400912,0.9639096215349929,0.759698880267705
1074.7850572215737,841.4715487361767,-2073.3471240206272,0.002057069511769321,1.767727829392317,0.759698880267705
1190.2377301225204,914.4578299964296,-2290.0403774739243,0.002044920349197785,2.023633647952303,0.759698880267705
1454.0746493588879,1066.9094680492412,-2773.129182158722,0.0020166738020768278,2.6586996145951955,0.759698880267705
1479.0129647519225,1080.2639550194199,-2817.8660342316143,0.0020139742407526856,2.72241561845159,0.759698880267705
1606.9650246127155,1145.8577341849134,-3044.7734243398227,0.0020000553300773684,3.0595662415065252,0.759698880267705
2036.4530452280205,1329.57294151794,-3773.176892104333,0.0019526689591178362,4.320930397751037,0.759698880267705
2090.2696490556823,1348.5806307689868,-3860.7590233285155,0.0019466752945349066,4.493615021437886,0.759698880267705
2109.998265721262,1355.3235970753217,-3892.658166736459,0.0019444755852721868,4.557762898336111,0.759698880267705
2465.1549431534922,1456.098349646364,-4447.796296691769,0.0019046913105477674,5.79219568941896,0.759698880267705
2592.5519545629522,1482.7963666322296,-4638.116986477762,0.001890354860582488,6.2730884070244315,0.759698880267705
2774.6477138771293,1512.4452960061512,-4902.120551642984,0.0018698242392855505,6.997071338107496,0.759698880267705
2816.304207299023,1517.8405932183791,-4961.1913378055615,0.0018651229109733747,7.168901891589956,0.759698880267705
2822.4926130567324,1518.5984914330436,-4969.92496836753,0.0018644243676566993,7.194629559509368,0.759698880267705
2914.933936976871,1528.5844170049736,-5099.101979244988,0.0018539864265712824,7.585195298352101,0.759698880267705
2961.7498483002373,1532.696246841612,-5163.605448339185,0.0018486984072493369,7.787509039657946,0.759698880267705
3135.6315049163927,1542.5162693436623,-5397.812152008693,0.0018290522510807658,8.566142840923755,0.759698880267705
3233.98677793987,1544.35477882757,-5526.568686375926,0.001817938817229707,9.026023965438416,0.759698880267705
3246.5512614804807,1544.4006879362003,-5542.824334603611,0.0018165192228027471,9.085806907076071,0.759698880267705
3371.1856614592702,1542.580620912387,-5701.771395229356,0.0017919434462066223,9.69176377347724,0.759698880267705
640.3759688005835,532.7710582611978,-1236.117367648345,0.002022323050172411,0.9639096215349929,0.7684769275848441
1035.7143068109556,810.8390048975123,-1999.1021874542348,0.0019836217309966543,1.767727829392317,0.7684769275848441
1147.1158219494341,881.2744552714028,-2208.551470008242,0.0019723424107600117,2.023633647952303,0.7684769275848441
1401.8005539899775,1028.4741713920428,-2675.8985085430104,0.0019461041781756922,2.6586996145951955,0.7684769275848441
1425.881757859413,1041.374643798759,-2719.20766924051,0.0019435955226158128,2.72241561845159,0.7684769275848441
1549.4547087438657,1104.75267162066,-2938.957227427498,0.0019306580354014101,3.0595662415065252,0.7684769275848441
1964.4946890072831,1282.439628032547,-3645.4005361394084,0.001886576581801347,4.320930397751037,0.7684769275848441
2016.5285049811832,1300.8449416959397,-3730.45604001006,0.0018809969064806009,4.493615021437886,0.7684769275848441
2035.6050184316491,1307.3754805994038,-3761.4413761689066,0.00187894890890892,4.557762898336111,0.7684769275848441
2379.149919374192,1405.084172648293,-4301.2673272017855,0.0018418871987395577,5.79219568941896,0.7684769275848441
2502.4437063597184,1431.0266335650306,-4486.614875479325,0.0018285218780568597,6.2730884070244315,0.7684769275848441
2678.729834973486,1459.9019319023012,-4743.976265705722,0.0018093727340479765,6.997071338107496,0.7684769275848441
2719.065461910055,1465.1681754862122,-4801.604108254338,0.0018049862040683692,7.168901891589956,0.7684769275848441
2725.0579153982694,1465.9084299968044,-4810.125739390474,0.0018043343878185866,7.194629559509368,0.7684769275848441
2814.583949834168,1475.6822653121487,-4936.209523249614,0.001794593139782441,7.585195298352101,0.7684769275848441
2859.9297233411767,1479.7188101671973,-4999.198783939377,0.0017896569889181222,7.787509039657946,0.7684769275848441
3028.3863644857342,1489.448623553022,-5228.0871286109395,0.0017713116441652424,8.566142840923755,0.7684769275848441
3123.6975323155866,1491.3616812349362,-5354.0449301297995,0.0017609295530355217,9.026023965438416,0.7684769275848441
3135.8743976901,1491.4234800318593,-5369.953921634362,0.0017596031405770329,9.085806907076071,0.7684769275848441
3256.6839672750475,1489.8439269423604,-5525.547718013309,0.0017464451486857613,9.69176377347724,0.7684769275848441
628.2929740087533,522.710685579888,-1212.8966165898019,0.0019845220861164107,0.9639096215349929,0.7728158271322866
1016.3952667485157,795.6934316188999,-1962.3531210319488,0.0019472682783884098,1.767727829392317,0.7728158271322866
1125.7899436516736,864.8650742206892,-2168.202895871742,0.0019364070387420723,2.023633647952303,0.7728158271322866
1375.936504366341,1009.4591946256234,-2627.7158157831436,0.001911134698261608,2.6586996145951955,0.7728158271322866
1399.592526541527,1022.1342872437539,-2670.3135731345174,0.0019087179023995055,2.72241561845159,0.7728158271322866
1520.993718307298,1084.4130212862979,-2886.4939508819953,0.001896252775174741,3.0595662415065252,0.7728158271322866
1928.8571531534185,1259.1005253369665,-3581.9567618434885,0.0018537635210420429,4.320930397751037,0.7728158271322866
1980.003991552538,1277.204797124074,-3665.7454884084436,0.0018483834580388344,4.493615021437886,0.7728158271322866
1998.7563239890787,1283.629412319475,-3696.272505830806,0.001846408618256991,4.557762898336111,0.7728158271322866
2336.5247938495527,1379.8055619740826,-4228.399362733042,0.0018106607207477121,5.79219568941896,0.7728158271322866
2457.776283762063,1405.3694292909454,-4411.237451860477,0.0017977644474124507,6.2730884070244315,0.7728158271322866
2631.1677119992405,1433.8534608916475,-4665.238795123318,0.00177928292843242,6.997071338107496,0.7728158271322866
2670.845905364327,1439.054825446006,-4722.135090238953,0.0017750486021657057,7.168901891589956,0.7728158271322866
2676.7408461036025,1439.7862159709957,-4730.549260887739,0.0017744193769529037,7.194629559509368,0.7728158271322866
2764.812057259734,1449.4491325941858,-4855.063327184042,0.0017650150394760541,7.585195298352101,0.7728158271322866
2809.42508090735,1453.4472358725527,-4917.282987298087,0.0017602490971078976,7.787509039657946,0.7728158271322866
2975.1754285305137,1463.1249849289643,-5143.461766212466,0.001742533255715689,8.566142840923755,0.7728158271322866
3068.9691739731593,1465.072633963113,-5267.989093279597,0.001732505272933056,9.026023965438416,0.7728158271322866
3080.952820285842,1465.1420432146526,-5283.720611867364,0.0017312239882856103,9.085806907076071,0.7728158271322866
3199.8510513213305,1463.6752401092642,-5437.618369693955,0.0017185122716942935,9.69176377347724,0.7728158271322866
621.8928198741966,517.3819912070539,-1200.5936247631325,0.001964494460905149,0.9639096215349929,0.7751144504015285
1006.1587984072173,787.6686272051508,-1942.871027541245,0.0019279961709343287,1.767727829392317,0.7751144504015285
1114.4890161449443,856.1698363216019,-2146.8088050416263,0.0019173532364046512,2.023633647952303,0.7751144504015285
1362.2277150335308,999.3811907253195,-2602.1571878171235,0.0018925854025874384,2.6586996145951955,0.7751144504015285
1385.6580128178816,1011.9365462338033,-2644.3765319435042,0.0018902165987021494,2.72241561845159,0.7751144504015285
1505.9064155579267,1073.6315095204216,-2858.657677602554,0.0018779982892219457,3.0595662415065252,0.7751144504015285
1909.9590995074093,1246.7252276157408,-3548.2695816149935,0.0018363413872685935,4.320930397751037,0.7751144504015285
1960.6342015064213,1264.6688772099667,-3631.3822821084323,0.0018310657257805277,4.493615021437886,0.7751144504015285
1979.2143051872579,1271.0371375070006,-3661.664737531486,0.001829129146851863,4.557762898336111,0.7751144504015285
2313.9134656947467,1366.3973514643428,-4189.67775554656,0.001794068642015669,5.79219568941896,0.7751144504015285
2434.0781053431697,1391.7584528149491,-4371.172467625365,0.001781417893367849,6.2730884070244315,0.7751144504015285
2605.929989977313,1420.0329849374348,-4623.373181831026,0.0017632859304318263,6.997071338107496,0.7751144504015285
2645.2584452371134,1425.1994680092898,-4679.877030905991,0.001759131310790932,7.168901891589956,0.7751144504015285
2651.101497796289,1425.9260803793725,-4688.233510225698,0.0017585139183754208,7.194629559509368,0.7751144504015285
2738.399150174004,1435.529373682986,-4811.904909624696,0.0017492860463309014,7.585195298352101,0.7751144504015285
2782.6218124481547,1439.5063373751432,-4873.711142880929,0.001744609267130518,7.787509039657946,0.7751144504015285
2946.932137844976,1449.1543189939523,-5098.432631247597,0.0017272232567679964,8.566142840923755,0.7751144504015285
3039.9178205526027,1451.1195206424006,-5222.189442969851,0.0017173808597326097,9.026023965438416,0.7751144504015285
3051.798601129057,1451.1928341972816,-5237.825299160104,0.0017161232289449688,9.085806907076071,0.7751144504015285
3169.6790326822947,1449.7844772345873,-5390.807748262152,0.0017036454686635589,9.69176377347724,0.7751144504015285
613.2465164683385,510.1833253392735,-1183.968950780647,0.0019374321156344749,0.9639096215349929,0.7782202449242852
992.3257711356541,776.8246500055035,-1916.532876603218,0.0019019421873620371,1.767727829392317,0.7782202449242852
1099.216317328469,844.4190058756698,-2117.881662743108,0.001891590714523586,2.023633647952303,0.7782202449242852
1343.6982559659994,985.7600163041811,-2567.5874341260205,0.001867496623799108,2.6586996145951955,0.7782202449242852
1366.8223246230953,998.1525586248488,-2609.293796725462,0.0018651919233777614,2.72241561845159,0.7782202449242852
1485.5106818589836,1059.057191865556,-2820.9995199797704,0.0018533033311042525,3.0595662415065252,0.7782202449242852
1884.404259148231,1229.9918254378977,-3502.6687826499547,0.0018127587619108888,4.320930397751037,0.7782202449242852
1934.4410501666903,1247.718249823765,-3584.8627791551917,0.0018076226652890617,4.493615021437886,0.7782202449242852
1952.787269592144,1254.0094860859347,-3614.812680500814,0.0018057372465436258,4.557762898336111,0.7782202449242852
2283.3283579391727,1348.2622305489567,-4137.228594999222,0.0017715959759255504,5.79219568941896,0.7782202449242852
2402.020107486654,1373.3475826508857,-4316.8930242617425,0.0017592736777373517,6.2730884070244315,0.7782202449242852
2571.7851100958724,1401.3365380327004,-4566.63786786767,0.001741609454510736,6.997071338107496,0.7782202449242852
2610.6394217723923,1406.4553384322803,-4622.606055540469,0.0017375615073712668,7.168901891589956,0.7782202449242852
2616.412128731165,1407.1754143630596,-4630.883783198449,0.001736959950809216,7.194629559509368,0.7782202449242852
2702.6619031078862,1416.6977751747354,-4753.404312448707,0.001727968271137024,7.585195298352101,0.7782202449242852
2746.3544109751206,1420.6448208133957,-4814.6456418751695,0.0017234108459692078,7.787509039657946,0.7782202449242852
2908.7128017702935,1430.2514117306273,-5037.373656061522,0.0017064664402158033,8.566142840923755,0.7782202449242852
3000.6011898178804,1432.2381485490416,-5160.0756401864855,0.0016968725504762977,9.026023965438416,0.7782202449242852
3012.342426578376,1432.3165947847524,-5175.580424453612,0.001695646598051971,9.085806907076071,0.7782202449242852
3128.8434389770996,1430.9871460413224,-5327.3078961836945,0.0016834821905290912,9.69176377347724,0.7782202449242852
607.3378300748211,505.2640292916209,-1172.6052354709827,0.0019189340455422227,0.9639096215349929,0.7803430191714147
982.8698729860458,769.412235861123,-1898.5212555647595,0.0018841250856549223,1.767727829392317,0.7803430191714147
1088.7753570816,836.3859508580639,-2098.096802614047,0.0018739705069080585,2.023633647952303,0.7803430191714147
1331.028620277136,976.4468363323059,-2543.9355447095368,0.0018503316685733733,2.6586996145951955,0.7803430191714147
1353.9436261966891,988.7284310943206,-2585.290174406742,0.001848070291504511,2.72241561845159,0.7803430191714147
1471.5635428374765,1049.0912126367336,-2795.229549599666,0.001836404554923816,3.0595662415065252,0.7803430191714147
1866.9241604963413,1218.5464972729148,-3471.4454495306054,0.0017966121033736087,4.320930397751037,0.7803430191714147
1916.524116073905,1236.1243420460771,-3553.0080048812597,0.001791570406503335,4.493615021437886,0.7803430191714147
1934.710269355718,1242.3629311933648,-3582.7293113978594,0.0017897195916062728,4.557762898336111,0.7803430191714147
2262.401481535317,1335.8548099254715,-4101.293954250992,0.0017562002813408769,5.79219568941896,0.7803430191714147
2380.0836125400697,1360.75050582221,-4279.697317159131,0.001744100292211771,6.2730884070244315,0.7803430191714147
2548.417748414195,1388.5425900933753,-4527.748411987646,0.0017267527264797646,6.997071338107496,0.7803430191714147
2586.946994684012,1393.6284613489088,-4583.346892753652,0.0017227770083809069,7.168901891589956,0.7803430191714147
2592.671462939027,1394.3440132856801,-4591.57025783923,0.0017221861748213455,7.194629559509368,0.7803430191714147
2678.2025271498,1403.8102004747875,-4713.295828704482,0.0017133544498850537,7.585195298352101,0.7803430191714147
2721.53252125143,1407.7369169388155,-4774.147069580606,0.0017088778468593536,7.787509039657946,0.7803430191714147
2882.550981401411,1417.3133565981964,-4995.496629872978,0.0016922325635882777,8.566142840923755,0.7803430191714147
2973.6865001718434,1419.3140395973137,-5117.468231240222,0.0016828070433977896,9.026023965438416,0.7803430191714147
2985.3319914590766,1419.3959046743648,-5132.882222379521,0.0016816025551340628,9.085806907076071,0.7803430191714147
3100.886742144276,1418.1191458432618,-5283.739819806047,0.0016696504844447,9.69176377347724,0.7803430191714147
604.9918959198652,503.31093255355734,-1168.0929356035485,0.0019115888983641841,0.9639096215349929,0.7811858899520956
979.1151311973617,766.4689885098115,-1891.3673380644468,0.0018770484704276722,1.767727829392317,0.7811858899520956
1084.6291530345234,833.1959770254567,-2090.2379693280964,0.0018669715488177018,2.023633647952303,0.7811858899520956
1325.9968840667764,972.7482008261195,-2534.5389291015454,0.0018435122919016136,2.6586996145951955,0.7811858899520956
1348.8288411702322,984.985726714804,-2575.753647949052,0.0018412680062492126,2.72241561845159,0.7811858899520956
1466.0241258210256,1045.1331066000082,-2784.990305590087,0.0018296901928953947,3.0595662415065252,0.7811858899520956
1859.9804174182545,1214.0001477780431,-3459.0353290205894,0.0017901945393574037,4.320930397751037,0.7811858899520956
1909.4067013772524,1231.5188849921633,-3540.346369524137,0.001785190101297315,4.493615021437886,0.7811858899520956
1927.5293112484987,1237.7366119269159,-3569.976614714913,0.0017833529445086696,4.557762898336111,0.7811858899520956
2254.08720752516,1330.9255417787986,-4087.0062691125786,0.0017500791611038432,5.79219568941896,0.7811858899520956
2371.3678006041578,1355.7456652724873,-4264.906633540821,0.0017380669488770545,6.2730884070244315,0.7811858899520956
2539.133234649734,1383.4596031673236,-4512.281778239259,0.0017208444285329563,6.997071338107496,0.7811858899520956
2577.532729981545,1388.5319205801904,-4567.732652431085,0.0017168972358483617,7.168901891589956,0.7811858899520956
2583.2380088143177,1389.2456649921971,-4575.934311048775,0.0017163106372101175,7.194629559509368,0.7811858899520956
2668.4831623702767,1398.6893685760565,-4697.342412498248,0.0017075420857780342,7.585195298352101,0.7811858899520956
2711.668928228098,1402.607919970142,-4758.037800771839,0.0017030974066020426,7.787509039657946,0.7811858899520956
2872.154267900158,1412.1720701022123,-4978.836418390863,0.0016865702809765704,8.566142840923755,0.7811858899520956
2962.9902050102496,1414.1781180488088,-5100.5158959772525,0.001677211276850729,9.026023965438416,0.7811858899520956
2974.597596239238,1414.2613196876123,-5115.893563906924,0.0016760152686572632,9.085806907076071,0.7811858899520956
3089.7757806435125,1413.005282552083,-5266.403024035964,0.001664147093129775,9.69176377347724,0.7811858899520956
556.3538857911179,462.81993734294264,-1074.4700080492912,0.0017591966161365979,0.9639096215349929,0.7986690703468659
901.1950422885603,705.3956291999151,-1742.6957780166267,0.00172998882426458,1.767727829392317,0.7986690703468659
998.5619763878051,766.9859025670092,-1926.8380802627507,0.0017214557836953838,2.023633647952303,0.7986690703468659
1221.4831150657562,895.9353769562205,-2338.9420485058217,0.0017015697366118438,2.6586996145951955,0.7986690703468659
1242.5838951333717,907.2534064075868,-2377.222478484793,0.0016996657423719288,2.72241561845159,0.7986690703468659
1350.9248401921836,962.9044180460538,-2571.707093253368,0.001689839130438911,3.0595662415065252,0.7986690703468659
1715.5570347682105,1119.4612117407387,-3200.0079987547433,0.001656262700882174,4.320930397751037,0.7986690703468659
1761.3508422180525,1135.7381793244524,-3275.9998780739115,0.0016520021950468453,4.493615021437886,0.7986690703468659
1778.1447612027957,1141.5178574174129,-3303.70311649386,0.0016504377968253828,4.557762898336111,0.7986690703468659
2080.9859364223325,1228.3285045406803,-3788.14514685874,0.001622071814992024,5.79219568941896,0.7986690703468659
2189.8571748868476,1251.5496267932338,-3955.318327469715,0.0016118162523248453,6.2730884070244315,0.7986690703468659
2345.6902979572496,1277.5858519568892,-4188.229047600122,0.001597098223848854,6.997071338107496,0.7986690703468659
2381.3749613913837,1282.3744334984256,-4240.513501992333,0.001593722678975428,7.168901891589956,0.7986690703468659
2386.6773671061487,1283.0490943940695,-4248.249254055096,0.0015932209589076182,7.194629559509368,0.7986690703468659
2465.918753015165,1292.00181276654,-4362.835559559528,0.0015857188482759441,7.585195298352101,0.7986690703468659
2506.074054704446,1295.7373965070162,-4420.173877008485,0.0015819144625795045,7.787509039657946,0.7986690703468659
2655.3634371997578,1305.0078622268422,-4629.076751215078,0.001567758308751139,8.566142840923755,0.7986690703468659
2739.907905354443,1307.105250676636,-4744.422090390843,0.0015597350169658042,9.026023965438416,0.7986690703468659
2750.7132894088368,1307.213044023044,-4759.0109664480915,0.0015587093397060744,9.085806907076071,0.7986690703468659
2857.9667640711273,1306.3592282767418,-4901.943423068587,0.0015485269277721314,9.69176377347724,0.7986690703468659
531.135475052461,441.82746221744856,-1025.8750756238442,0.001680103288848502,0.9639096215349929,0.8077399769727139
860.7390443998092,673.6911455261857,-1665.3483605137299,0.0016534840868705184,1.767727829392317,0.8077399769727139
953.8600681338522,732.6035570954783,-1841.768977583648,0.0016457017160646337,2.023633647952303,0.8077399769727139
1167.1503593355808,856.0119441038453,-2236.942601073606,0.0016275551974612007,2.6586996145951955,0.8077399769727139
1187.346017553229,866.8483589654858,-2273.6762328733166,0.001625817029356281,2.72241561845159,0.8077399769727139
1291.0598772122514,920.1468905475264,-2460.3743610564925,0.0016168442034241509,3.0595662415065252,0.8077399769727139
1640.3300620476102,1070.233536784174,-3064.401647326282,0.0015861592463054359,4.320930397751037,0.8077399769727139
1684.2183201801786,1085.8567372694763,-3137.556273461014,0.0015822627685021825,4.493615021437886,0.8077399769727139
1700.3141428199715,1091.4046640713104,-3164.230896808207,0.001580831868463019,4.557762898336111,0.8077399769727139
1990.690492757804,1174.8329587588228,-3631.1991234181623,0.001554871255458183,5.79219568941896,0.8077399769727139
2095.1349591108633,1197.197678942494,-3792.582819719428,0.0015454781813601273,6.2730884070244315,0.8077399769727139
2244.6809877706687,1222.3294139950708,-4017.652350056829,0.0015319912253173437,6.997071338107496,0.8077399769727139
2278.933184439299,1226.9614119596283,-4068.2140660733057,0.0015288969080942303,7.168901891589956,0.8077399769727139
2284.022969189385,1227.614393968725,-4075.696135415972,0.0015284369521607053,7.194629559509368,0.8077399769727139
2360.095021177909,1236.2940745070443,-4186.561675718542,0.0015215582432032313,7.585195298352101,0.8077399769727139
2398.651481556938,1239.9276971054917,-4242.064997687245,0.0015180691921793186,7.787509039657946,0.8077399769727139
2542.0250173810678,1249.012871305959,-4444.438560825547,0.0015050817029119367,8.566142840923755,0.8077399769727139
2623.2439556395466,1251.1429624397879,-4556.288342063621,0.0014977174976561211,9.026023965438416,0.8077399769727139
2633.6255862754174,1251.2616798687254,-4570.440949392418,0.0014967759019432834,9.085806907076071,0.8077399769727139
2736.6830675543106,1250.5956704677344,-4709.170074667702,0.001487426075741808,9.69176377347724,0.8077399769727139
507.330146012984,422.0123917206011,-979.970598743239,0.0016053925773107476,0.9639096215349929,0.8163063810054134
822.5154624306718,643.7391409811482,-1592.170943131452,0.0015811064620624507,1.767727829392317,0.8163063810054134
911.6144539941163,700.1142213407911,-1761.2491999097692,0.001574001393479795,2.023633647952303,0.8163063810054134
1115.7739440097519,818.2667005249261,-2140.2925991812226,0.0015574256733564375,2.6586996145951955,0.8163063810054134
1135.1107556710465,828.6457365135981,-2175.5502057311824,0.0015558373378262744,2.72241561845159,0.8163063810054134
1234.430599041908,879.7069693457909,-2354.8112484383673,0.0015476362397251048,3.0595662415065252,0.8163063810054134
1569.10033159542,1023.6317613820441,-2935.5747408168827,0.001519568125893382,4.320930397751037,0.8163063810054134
1611.1757459623168,1038.6300024484226,-3006.0009707999197,0.0015160014650553938,4.493615021437886,0.8163063810054134
1626.6078729698272,1043.95724293464,-3031.6858018094354,0.0015146915448642313,4.557762898336111,0.8163063810054134
1905.112772603655,1124.147189736157,-3481.792826594159,0.0014909126256315757,5.79219568941896,0.8163063810054134
2005.3358997610578,1145.6863673287203,-3637.567621197755,0.001482302724245499,6.2730884070244315,0.8163063810054134
2148.8810123780113,1169.9395172213096,-3855.0172821001834,0.0014699345186668107,6.997071338107496,0.8163063810054134
2181.7668597551296,1174.419564307629,-3903.9014903108255,0.001467095901263272,7.168901891589956,0.8163063810054134
2186.653873885731,1175.051533850333,-3911.1364262903444,0.0014666739225022208,7.194629559509368,0.8163063810054134
2259.7018769018164,1183.4634316172921,-4018.3731674863084,0.0014603622308575444,7.585195298352101,0.8163063810054134
2296.729214031115,1186.9936941396365,-4072.083747485085,0.0014571601030720733,7.787509039657946,0.8163063810054134
2434.4502010229508,1195.8859530789389,-4268.06289202968,0.0014452365812993326,8.566142840923755,0.8163063810054134
2512.4862541936027,1198.0350027839243,-4376.477985852303,0.0014384728095669724,9.026023965438416,0.8163063810054134
2522.462041681734,1198.162627691993,-4390.201208216247,0.0014376078374416879,9.085806907076071,0.8163063810054134
2621.506809758582,1197.662017652713,-4524.785743744083,0.0014290170320016779,9.69176377347724,0.8163063810054134
494.07310618239774,410.9779744704257,-954.3930539839348,0.0015637659794392202,0.9639096215349929,0.8210785485527304
801.2145215299862,627.0490017471642,-1551.3499119435437,0.001540732653374883,1.767727829392317,0.8210785485527304
888.0675042246917,682.0068004679514,-1716.3167765678372,0.0015339915684718646,2.023633647952303,0.8210785485527304
1087.1248175047708,797.2210604715417,-2086.3147121355432,0.0015182605187453171,2.6586996145951955,0.8210785485527304
1105.9817299065612,807.3444658272077,-2120.7436099905317,0.0015167527916349307,2.72241561845159,0.8210785485527304
1202.8440575688937,857.1532850559715,-2295.8263097427116,0.0015089669830752636,3.0595662415065252,0.8210785485527304
1529.3424637004248,997.6251458447011,-2863.4861496868252,0.0014823084124901817,4.320930397751037,0.8210785485527304
1570.400765842748,1012.2708875101548,-2932.3717425139475,0.0014789195557056427,4.493615021437886,0.8210785485527304
1585.4610253293254,1017.4739749766679,-2957.4974613093727,0.0014776748625897327,4.557762898336111,0.8210785485527304
1857.3108493837785,1095.8406964477517,-3398.059347551767,0.0014550730321924619,5.79219568941896,0.8210785485527304
1955.1642420198345,1116.9129876987076,-3550.649107165991,0.0014468860600879436,6.2730884070244315,0.8210785485527304
2095.3424795699343,1140.668929009938,-3763.762959756692,0.0014351223248674566,6.997071338107496,0.8210785485527304
2127.4597166652934,1145.061286029636,-3811.690776520394,0.001432421936037389,7.168901891589956,0.8210785485527304
2132.2326061171334,1145.6810219423858,-3818.7847520955183,0.001432020489849455,7.194629559509368,0.8210785485527304
2203.581029116495,1153.9383177096172,-3923.95113796887,0.0014260153732340078,7.585195298352101,0.8210785485527304
2239.7500592078018,1157.4091097998053,-3976.6376677812586,0.0014229684238176363,7.787509039657946,0.8210785485527304
2374.2921542703725,1166.18480411335,-4168.956916376301,0.0014116205856120761,8.566142840923755,0.8210785485527304
2450.5399892170262,1168.3404196357023,-4275.40203339851,0.0014051818432761123,9.026023965438416,0.8210785485527304
2460.287741587011,1168.4725973632242,-4288.878684432311,0.0014043583595417953,9.085806907076071,0.8210785485527304
2557.0728591348993,1168.058356440173,-4421.079964561643,0.0013961786318312768,9.69176377347724,0.8210785485527304
481.474908406801,400.4922543109035,-930.0776464458468,0.0015241944701702267,0.9639096215349929,0.825614605367297
780.9634287065282,611.1824711792646,-1512.5119054958486,0.0015023208565393173,1.767727829392317,0.825614605367297
865.6771072958484,664.7897956028102,-1673.5568013653537,0.0014959169019173363,2.023633647952303,0.825614605367297
1059.8743368896278,777.2044084473481,-2034.9172300296195,0.0014809685409369292,2.6586996145951955,0.825614605367297
1078.2739602409808,787.0841171400308,-2068.554140955908,0.001479535531956059,2.72241561845159,0.825614605367297
1172.7944100873137,835.6989467566713,-2239.6418620945333,0.0014721347306224039,3.0595662415065252,0.825614605367297
1491.4996939926764,972.8742225078538,-2794.75059327457,0.0014467838085532483,4.320930397751037,0.825614605367297
1531.5885491088611,987.1841252352142,-2862.157983596444,0.0014435599991945317,4.493615021437886,0.825614605367297
1546.2932696641053,992.2678725985769,-2886.747100497989,0.001442375858927094,4.557762898336111,0.825614605367297
1811.7881231307822,1068.8878435950357,-3318.1346853237483,0.0014208672748373822,5.79219568941896,0.825614605367297
1907.3795893271033,1089.513671366617,-3467.6564812624056,0.001413073355887274,6.2730884070244315,0.825614605367297
2044.338129302648,1112.787853150198,-3676.5885178841418,0.0014018715922242864,6.997071338107496,0.825614605367297
2075.7218244681235,1117.0973438383091,-3723.5929412388286,0.001399299744069483,7.168901891589956,0.825614605367297
2080.3858188008358,1117.7054309771095,-3730.5507873801544,0.0013989173925477694,7.194629559509368,0.825614605367297
2150.107876420205,1125.8114770849584,-3833.715829760804,0.0013931974632836158,7.585195298352101,0.825614605367297
2185.455980231209,1129.2239867345208,-3885.4122813780414,0.0013902948703295296,7.787509039657946,0.825614605367297
2316.9592310561457,1137.8850431508772,-4074.1880316848838,0.0013794827433523664,8.566142840923755,0.825614605367297
2391.494020113371,1140.0421109320537,-4178.7217383018,0.0013733466102906476,9.026023965438416,0.825614605367297
2401.0235776242475,1140.178168555678,-4191.959141635161,0.001372561752997504,9.085806907076071,0.825614605367297
2495.6487751945087,1139.8450984451547,-4321.845587700787,0.0013647648280263381,9.69176377347724,0.825614605367297
480.3362629148781,399.544553053378,-927.8795490337361,0.001520617278998171,0.9639096215349929,0.8260246321366806
779.1326375952583,609.7481047978303,-1508.9994656479248,0.001498847002973957,1.767727829392317,0.8260246321366806
863.6527705804567,663.2332399878112,-1669.6891778419085,0.0014924730970036417,2.023633647952303,0.8260246321366806
1057.410186788456,775.3944584211264,-2030.2669366392947,0.0014775945148176265,2.6586996145951955,0.8260246321366806
1075.7684200491558,785.2521044193354,-2063.8320519760455,0.0014761681683316617,2.72241561845159,0.8260246321366806
1170.0769774516812,833.7589146994522,-2234.5575320803036,0.001468801700602859,3.0595662415065252,0.8260246321366806
1488.0764698444866,970.6354160608482,-2788.5271268293,0.0014435674318294773,4.320930397751037,0.8260246321366806
1528.0775386469481,984.9148941175036,-2855.800234511851,0.0014403583506993377,4.493615021437886,0.8260246321366806
1542.7501119090418,989.9878771367736,-2880.3405984354686,0.0014391796142087293,4.557762898336111,0.8260246321366806
1807.6690686791562,1066.449250842717,-3310.89400732427,0.001417768616367416,5.79219568941896,0.8260246321366806
1903.0555271306562,1087.0345027994524,-3460.1365519037936,0.0014100097932325357,6.2730884070244315,0.8260246321366806
2039.722186903631,1110.2648240269443,-3668.687640427801,0.0013988582202751265,6.997071338107496,0.8260246321366806
2071.039374915024,1114.5666868530063,-3715.6078994055642,0.001396297853976733,7.168901891589956,0.8260246321366806
2075.693496012122,1115.1737797520893,-3722.5533365877927,0.0013959172081051355,7.194629559509368,0.8260246321366806
2145.2682775780086,1123.2661803801732,-3825.535896700101,0.0013902227550549697,7.585195298352101,0.8260246321366806
2180.5417285146746,1126.6731586999729,-3877.141988684096,0.0013873330610732974,7.787509039657946,0.8260246321366806
2311.769458992931,1135.323660651676,-4065.594328660147,0.0013765688019521736,8.566142840923755,0.8260246321366806
2386.1487810651815,1137.4806486978503,-4169.95341525902,0.00137045971373649,9.026023965438416,0.8260246321366806
2395.6585398535876,1137.6170364439367,-4183.168940854215,0.001369678309380527,9.085806907076071,0.8260246321366806
2490.087781833495,1137.29113618116,-4312.8437406898665,0.0013619156027819446,9.69176377347724,0.8260246321366806
423.963986795973,352.6283922219244,-818.9655856996251,0.0013433803358752208,0.9639096215349929,0.8463350118028028
688.3970443879512,538.6681487095638,-1334.6497858949733,0.001326419535578786,1.767727829392317,0.8463350118028028
763.296311074999,586.0778568334906,-1477.6061389825336,0.0013214458624923318,2.023633647952303,0.8463350118028028
935.1653764735955,685.6201742286388,-1799.0198786876426,0.0013098218727508081,2.6586996145951955,0.8463350118028028
951.4613594772904,694.3772711969625,-1828.9859265559644,0.0013087064957945824,2.72241561845159,0.8463350118028028
1035.210014987214,737.4935805876374,-1981.5343957285222,0.0013029431530335804,3.0595662415065252,0.8463350118028028
1317.9902688420423,859.4286322996722,-2478.1178390364075,0.0012831636395931557,4.320930397751037,0.8463350118028028
1353.6032379941505,872.1803571908504,-2538.6008247129867,0.0012806441298585242,4.493615021437886,0.8463350118028028
1366.668581258847,876.7125202783644,-2560.6744702588185,0.0012797184477443676,4.557762898336111,0.8463350118028028
1602.782916561237,945.1950392564212,-2948.886540879241,0.0012628819821912962,5.79219568941896,0.8463350118028028
1687.8964859554112,963.718675598685,-3083.8916188477597,0.0012567704935672074,6.2730884070244315,0.8463350118028028
1809.932748724301,984.716843793316,-3272.9570967543186,0.0012479768943630233,6.997071338107496,0.8463350118028028
1837.9124426711203,988.6240920808651,-3315.5622120369226,0.0012459562883904722,7.168901891589956,0.8463350118028028
1842.0710387819936,989.1763164402563,-3321.871100205586,0.00124565583603546,7.194629559509368,0.8463350118028028
1904.252614779904,996.5614479688463,-3415.4833457144923,0.0012411594631419089,7.585195298352101,0.8463350118028028
1935.7871509003166,999.6880853977401,-3462.442569016297,0.0012388765904012167,7.787509039657946,0.8463350118028028
2053.167804734911,1007.7503301634581,-3634.2127670723494,0.0012303659224961814,8.566142840923755,0.8463350118028028
2119.740238905925,1009.8835385008589,-3729.5355957319043,0.0012255309996699391,9.026023965438416,0.8463350118028028
2128.2538100106767,1010.0322629538413,-3741.617444038573,0.0012249123191495675,9.085806907076071,0.8463350118028028
2212.820308594543,1010.0163965932766,-3860.299204907358,0.001218763027198775,9.69176377347724,0.8463350118028028
409.84328413594113,340.8773966687268,-791.6555431262532,0.001298941469712751,0.9639096215349929,0.8514259615131547
665.6385667704014,520.8423593507177,-1290.8364104851498,0.0012830913154432725,1.767727829392317,0.8514259615131547
738.1160380297856,566.7223018684091,-1429.3048539036681,0.001278441503991328,2.023633647952303,0.8514259615131547
904.4670663107956,663.0806047897823,-1740.7805618392886,0.001267571127404146,2.6586996145951955,0.8514259615131547
920.2428383508237,671.5600255774428,-1769.8312886846543,0.0012665278246014953,2.72241561845159,0.8514259615131547
1001.3244371063034,713.3126415895726,-1917.7514802478545,0.0012611362177399371,3.0595662415065252,0.8514259615131547
1275.1978324076404,831.4595152990768,-2399.654833157372,0.001242623851248257,4.320930397751037,0.8514259615131547
1309.699566780276,843.8228031254604,-2458.3930147197607,0.0012402647867474415,4.493615021437886,0.8514259615131547
1322.3577988108682,848.2173773026029,-2479.8323537422257,0.0012393979981348774,4.557762898336111,0.8514259615131547
1551.163653732034,914.6596155115941,-2857.1153002695937,0.0012236275474807653,5.79219568941896,0.8514259615131547
1633.6669766200607,932.6519889295432,-2988.425543020043,0.0012179005962584652,6.2730884070244315,0.8514259615131547
1751.9819151047202,953.0711604891072,-3172.4163614622667,0.0012096579923609955,6.997071338107496,0.8514259615131547
1779.1118242426444,956.8747537096009,-3213.8944561779354,0.0012077636150555774,7.168901891589956,0.8514259615131547
1783.1443195073227,957.4125849042971,-3220.0369892515446,0.0012074819199584478,7.194629559509368,0.8514259615131547
1843.4438097729308,964.6106876228904,-3311.197044557237,0.0012032658884040535,7.585195298352101,0.8514259615131547
1874.02633505026,967.6624255618053,-3356.937805278212,0.0012011250836633865,7.787509039657946,0.8514259615131547
1987.875710334017,975.5596757492606,-3524.321497642173,0.0011931423979565994,8.566142840923755,0.8514259615131547
2052.457075817342,977.6778837945322,-3617.258427530731,0.0011886062965754084,9.026023965438416,0.8514259615131547
2060.7165410286807,977.8286274190723,-3629.0404006239332,0.0011880257956552204,9.085806907076071,0.8514259615131547
2142.7634234061175,977.8796676166321,-3744.8080885382005,0.0011822552470075669,9.69176377347724,0.8514259615131547
316.0926172490699,262.8696775920432,-610.0643058804562,0.0010034878366016508,0.9639096215349929,0.8852586988957537
514.2472102360182,402.29178710986656,-998.5427081838861,0.0009940560181543748,1.767727829392317,0.8852586988957537
570.5174568215156,437.9268067196084,-1106.7513599129888,0.0009912818831807888,2.023633647952303,0.8852586988957537
699.8773726954765,512.9168839633984,-1350.9443010404066,0.0009847836344279816,2.6586996145951955,0.8852586988957537
712.1600628253684,519.5268019675327,-1373.777900163288,0.0009841589998823826,2.72241561845159,0.8852586988957537
775.3286413601244,552.1044778606104,-1490.203358470113,0.0009809283397945344,3.0595662415065252,0.8852586988957537
989.1870321334952,644.620819917147,-1871.5072649084032,0.0009698015092879025,4.320930397751037,0.8852586988957537
1016.1818195020688,654.3416803227608,-1918.208762809125,0.0009683797677748064,4.493615021437886,0.8852586988957537
1026.0889561803779,657.7995462319105,-1935.2676245300536,0.0009678571606469933,4.557762898336111,0.8852586988957537
1205.4331349214233,710.2838058440656,-2236.6495716967474,0.0009583282008888061,5.79219568941896,0.8852586988957537
1270.226126924154,724.6031473674902,-2342.1001771078154,0.0009548580935104653,6.2730884070244315,0.8852586988957537
1363.2562294975326,740.9697133116142,-2490.3775302820504,0.0009498545675404408,6.997071338107496,0.8852586988957537
1384.606675359202,744.0413022124055,-2523.8921878356778,0.0009487030838140594,7.168901891589956,0.8852586988957537
1387.7808590682077,744.4766034852616,-2528.858220517024,0.0009485318083174726,7.194629559509368,0.8852586988957537
1435.2631557186696,750.3299569419459,-2602.6447618369857,0.0009459668654684636,7.585195298352101,0.8852586988957537
1459.3582226806852,752.833481188763,-2639.7302724184847,0.0009446633544542099,7.787509039657946,0.8852586988957537
1549.132765132134,759.4607395451598,-2775.8065806569066,0.0009397963251472996,8.566142840923755,0.8852586988957537
1600.1107853378946,761.3803725976612,-2851.6189935073053,0.0009370260814364206,9.026023965438416,0.8852586988957537
1606.633452422309,761.5324055934269,-2861.2436492260967,0.0009366713221625341,9.085806907076071,0.8852586988957537
1671.4618911307032,761.9155463651567,-2955.981270495118,0.0009331418112632113,9.69176377347724,0.8852586988957537
224.88260412084009,186.9929043014244,-432.9411378357763,0.0007153565988738086,0.9639096215349929,0.9182296890716297
366.46706376394286,286.6163766090016,-711.8313088028954,0.00071057699750071,1.767727829392317,0.9182296890716297
406.76010761447253,312.1420474460681,-789.8249332714186,0.0007091676848871854,2.023633647952303,0.9182296890716297
499.5359031451854,365.96106284370563,-966.3774398790847,0.0007058601419330254,2.6586996145951955,0.9182296890716297
508.35540011545964,370.7123865589806,-982.9266506871936,0.0007055417433425304,2.72241561845159,0.9182296890716297
553.7414529566879,394.15009963372006,-1067.4211674875842,0.0007038936587915116,3.0595662415065252,0.9182296890716297
707.7428292083895,460.94404838895986,-1345.5510743421037,0.0006982005556366592,4.320930397751037,0.9182296890716297
727.2193909077411,467.98861081587006,-1379.7736095308355,0.0006974712192726638,4.493615021437886,0.9182296890716297
734.3693123846299,470.4959462367978,-1392.2832724728505,0.0006972030195490888,4.557762898336111,0.9182296890716297
863.9939734285732,508.69951831427153,-1614.1249525483872,0.0006923025983797817,5.79219568941896,0.9182296890716297
910.9122375103645,519.1952009510393,-1692.1368474394258,0.0006905132025649844,6.2730884070244315,0.9182296890716297
978.3586949165297,531.2704797534695,-1802.1995538715855,0.0006879285038427768,6.997071338107496,0.9182296890716297
993.8509569151904,533.5523515732662,-1827.1381126880442,0.0006873329135097531,7.168901891589956,0.9182296890716297
996.1544782423499,533.8761957663887,-1830.835356327836,0.0006872442989972834,7.194629559509368,0.9182296890716297
1030.6273529536334,538.2506655364182,-1885.8307879868662,0.0006859164909683441,7.585195298352101,0.9182296890716297
1048.1302566517325,540.136354455678,-1913.5155151489307,0.0006852411495405396,7.787509039657946,0.9182296890716297
1113.3985974485922,545.226286446795,-2015.3577683119802,0.0006827162866450889,8.566142840923755,0.9182296890716297
1150.4985710330338,546.7932834281871,-2072.2798254378285,0.0006812768587602013,9.026023965438416,0.9182296890716297
1155.2474081515093,546.9262528833738,-2079.515886483059,0.000681092403587777,9.085806907076071,0.9182296890716297
1202.4704588043453,547.436676145148,-2150.860281332374,0.0006792557531257162,9.69176377347724,0.9182296890716297
129.7977875127306,107.9109216198997,-247.82418634256464,0.0004142769032104659,0.9639096215349929,0.9526597112585242
211.8934011054855,165.67301215003766,-410.49789143951784,0.00041267828116459804,1.767727829392317,0.9526597112585242
235.3109654516071,180.51193573980606,-456.1776444296702,0.0004122056971109442,2.023633647952303,0.9526597112585242
289.32075048717616,211.8611921546364,-559.9111671014689,0.00041109440530264716,2.6586996145951955,0.9526597112585242
294.4615778333333,214.63340440798848,-569.659078534416,0.00041098726646323345,2.72241561845159,0.9526597112585242
320.9345257876043,228.3202467953841,-619.4967964605603,0.00041043224122329006,3.0595662415065252,0.9526597112585242
410.97587006387175,267.4644274470821,-784.400667659982,0.00040850908842143195,4.320930397751037,0.9526597112585242
422.3865912400296,271.6089380207105,-804.7872013251617,0.00040826205469402167,4.493615021437886,0.9526597112585242
426.57681140686793,273.08509285154236,-812.2447692346905,0.00040817117483568996,4.557762898336111,0.9526597112585242
502.66460402843586,295.66416411146344,-945.0043780135165,0.0004065070566098942,5.79219568941896,0.9526597112585242
530.2595417624769,301.9100127718178,-991.9295928813372,0.0004058977026278154,6.2730884070244315,0.9526597112585242
569.978461263812,309.1426497563533,-1058.3588966495008,0.0004050159079345155,6.997071338107496,0.9526597112585242
579.1101379953644,310.51853347747476,-1073.448679444744,0.00040481244465661323,7.168901891589956,0.9526597112585242
580.4681776668232,310.7141408777434,-1075.687016323558,0.00040478216381017404,7.194629559509368,0.9526597112585242
600.7991667193626,313.3665977826704,-1109.0191289607465,0.0004043281627839407,7.585195298352101,0.9526597112585242
611.1275132013516,314.5182018044695,-1125.8254676617216,0.0004040970572109516,7.787509039657946,0.9526597112585242
649.6768431103336,317.68270637922114,-1187.8094426786265,0.0004032318745022024,8.566142840923755,0.9526597112585242
671.6136445197473,318.70928789285045,-1222.5660658518318,0.0004027378118754116,9.026023965438416,0.9526597112585242
674.4228225807665,318.8013378980574,-1226.9903220830165,0.00040267445716584327,9.085806907076071,0.9526597112585242
702.3728372742322,319.24253163675445,-1270.684478331401,0.00040204308817785785,9.69176377347724,0.9526597112585242
114.62398760287792,95.29257549132797,-218.23965951538412,0.000366164974730747,0.9639096215349929,0.9581595377855258
187.17836897609996,146.3401671612602,-362.18192660750356,0.0003649165713973505,1.767727829392317,0.9581595377855258
207.8823562701082,159.4597745897768,-402.62796127208276,0.0003645473685383784,2.023633647952303,0.9581595377855258
255.64594533058138,187.1847605866301,-494.522572096801,0.00036367890811343925,2.6586996145951955,0.9581595377855258
260.19310918607664,189.63703808167563,-503.16142369477893,0.00036359516004378777,2.72241561845159,0.9581595377855258
283.6124308044197,201.74733921433452,-547.3384184466704,0.0003631612533069298,3.0595662415065252,0.9581595377855258
363.29975795521057,236.40176406543804,-693.631494046218,0.00036165704942434123,4.320930397751037,0.9581595377855258
373.40177165644747,240.07319361486378,-711.7306833882321,0.00036146374853821396,4.493615021437886,0.9581595377855258
377.1116012610829,241.38098911670178,-718.3522913125198,0.0003613926314440781,4.557762898336111,0.9581595377855258
444.4916420252874,261.3948644348661,-836.3015403936151,0.00036008994498319143,5.79219568941896,0.9581595377855258
468.93726659232374,266.93761907611946,-878.025780916636,0.00035961272223774236,6.2730884070244315,0.9581595377855258
504.13082374073997,273.36325884868904,-937.1239970695024,0.0003589219328370589,6.997071338107496,0.9581595377855258
512.223269397362,274.58709682763,-950.5536947560031,0.00035876250875463206,7.168901891589956,0.9581595377855258
513.4267954194959,274.7611370382917,-952.5459524132893,0.0003587387810615865,7.194629559509368,0.9581595377855258
531.445760960384,277.1224467378653,-982.2187976196292,0.00035838299824221044,7.585195298352101,0.9581595377855258
540.6004162288024,278.148572031161,-997.1838460445142,0.000358201865868771,7.787509039657946,0.9581595377855258
574.7735058988494,280.9752767367555,-1052.3991695811274,0.00035752362130444463,8.566142840923755,0.9581595377855258
594.2229244570041,281.89849407527595,-1083.376053240252,0.0003571362070465732,9.026023965438416,0.9581595377855258
596.7137541802626,281.9818515706278,-1087.3200020800286,0.00035708652268792197,9.085806907076071,0.9581595377855258
621.4985663696176,282.39122801798925,-1126.2807926496316,0.00035659132019147827,9.69176377347724,0.9581595377855258
106.00538057112475,88.12565620166797,-201.43060699559283,0.0003388298422107922,0.9639096215349929,0.9612840639070052
173.13446620898998,135.3552011637444,-334.71088461382897,0.0003377610855351261,1.767727829392317,0.9612840639070052
192.29461266307115,147.49653233324472,-372.1747707408649,0.00033744493833958144,2.023633647952303,0.9612840639070052
236.5037556910504,173.1589680641291,-457.31810267407855,0.0003367011470587513,2.6586996145951955,0.9612840639070052
240.7130444483449,175.4291603674309,-465.3240772292047,0.0003366294114317749,2.72241561845159,0.9612840639070052
262.39280164636574,186.6404855174896,-506.26978235467686,0.0003362577138967138,3.0595662415065252,0.9612840639070052
336.18081944365827,218.735265501538,-641.9252690745925,0.00033496881406852667,4.320930397751037,0.9612840639070052
345.53681396555584,222.13670636172864,-658.7154481154139,0.00033480314149173434,4.493615021437886,0.9612840639070052
348.9727797167261,223.34840252656818,-664.8585579566279,0.0003347421868036494,4.557762898336111,0.9612840639070052
411.38809782474084,241.89797704059401,-774.3219626465288,0.00033362543215404296,5.79219568941896,0.9612840639070052
434.03599551330655,247.03756927459204,-813.062026929154,0.00033321621983844736,6.2730884070244315,0.9612840639070052
466.6458847128383,252.9995109615554,-867.9501051031402,0.0003326237783081245,6.997071338107496,0.9612840639070052
474.14506500333744,254.13583569166772,-880.4259364002064,0.000332487034370662,7.168901891589956,0.9612840639070052
475.2603800721142,254.297455487816,-882.2767807121127,0.00033246668171692023,7.194629559509368,0.9612840639070052
491.95930750898344,256.49125416618807,-909.8461857158836,0.00033216148907281727,7.585195298352101,0.9612840639070052
500.4437474168795,257.4454288406384,-923.7523416117765,0.0003320061011252731,7.787509039657946,0.9612840639070052
532.117579152973,260.0771400474268,-975.0722164942708,0.00033142418768038147,8.566142840923755,0.9612840639070052
550.1463974548169,260.9401534330954,-1003.8718919368985,0.0003310917483848819,9.026023965438416,0.9612840639070052
552.4553910632366,261.0183889281157,-1007.5390745084151,0.00033104911171966367,9.085806907076071,0.9612840639070052
575.432035209118,261.4079414626119,-1043.7711458372505,0.00033062412070607156,9.69176377347724,0.9612840639070052
92.69652499690525,77.05879485805312,-175.4665979857382,0.0002966076958234787,0.9639096215349929,0.9661099046040208
151.43941078130234,118.38645405366319,-292.25038566872536,0.0002957889266211339,1.767727829392317,0.9661099046040208
168.21193069731672,129.0146912384142,-325.09580850682687,0.0002955466414324278,2.023633647952303,0.9661099046040208
206.92191287363292,151.48554720435763,-399.77563188974455,0.00029497646782863576,2.6586996145951955,0.9661099046040208
210.60832137576534,153.47387686710863,-406.80016055390297,0.0002949214653770885,2.72241561845159,0.9661099046040208
229.59693539773113,163.29450674830977,-442.7331489440403,0.000294636438148878,3.0595662415065252,0.9661099046040208
294.2478486871974,191.42174809873146,-561.8667882797017,0.0002936476518631846,4.320930397751037,0.9661099046040208
302.4480166736885,194.40444799958323,-576.6215838779317,0.0002935205083907866,4.493615021437886,0.9661099046040208
305.4596485415543,195.46707515420766,-582.0205448828492,0.00029347372672508076,4.557762898336111,0.9661099046040208
360.17974101214554,211.74322214078364,-678.2748848072952,0.0002926163786333638,5.79219568941896,0.9661099046040208
380.041298929009,216.2571961107979,-712.3640840148728,0.00029230209813640377,6.2730884070244315,0.9661099046040208
408.6439955830298,221.4973789395584,-760.6851559305796,0.00029184697889620147,6.997071338107496,0.9661099046040208
415.22241498884546,222.4968737770113,-771.6721020264085,0.0002917419113739098,7.168901891589956,0.9661099046040208
416.20081820560927,222.6390634433442,-773.3021844881441,0.00029172627273930376,7.194629559509368,0.9661099046040208
430.8507186712529,224.5701061513206,-797.5869441949035,0.00029149174843728264,7.585195298352101,0.9661099046040208
438.2947206084792,225.41076793099253,-809.8390326016815,0.0002913723267656178,7.787509039657946,0.9661099046040208
466.0888284606822,227.73604499897522,-855.070821863279,0.0002909250181727614,8.566142840923755,0.9661099046040208
481.91216939367416,228.50375858680218,-880.4652363943751,0.00029066941730003303,9.026023965438416,0.9661099046040208
483.93883494338456,228.57373469791693,-883.6994029377092,0.00029063663235974046,9.085806907076071,0.9661099046040208
504.1076256887858,228.92929164501027,-915.6603608848673,0.00029030980305831666,9.69176377347724,0.9661099046040208
