CAPE_u,CAPE_ext,dh,sat_def,P,RH,dz
0.0,0.0,9.041683475959871,0.006732876329121209,0.0,0.01,4250.0
768.0396946284977,672.6250397861484,-1657.4969231645373,0.0064916748369146385,0.6896551724137931,0.01,4200.0
1396.2297019088585,1191.2733566651148,-3097.5599372951765,0.0063108519701595474,1.3793103448275863,0.01,4200.0
1933.6990045011366,1608.6090842030023,-4363.096858576137,0.006147341849622191,2.0689655172413794,0.01,4200.0
2406.2257696825764,1952.78025393716,-5490.243076368803,0.005998234828476895,2.7586206896551726,0.01,4200.0
2829.3557429177317,2241.0567175431574,-6504.996564652007,0.005861308579308794,3.4482758620689657,0.01,4200.0
3213.3328187154825,2484.99486472909,-7426.687528531613,0.0057348235744052465,4.137931034482759,0.01,4200.0
3565.333978980993,2692.811050401438,-8270.080339524953,0.005617390946380379,4.827586206896552,0.01,4200.0
3890.622860672295,2870.6093427228498,-9046.70696735289,0.005507882874866151,5.517241379310345,0.01,4200.0
4193.197046508521,3023.0769494764227,-9765.746526052055,0.00540537021099952,6.206896551724139,0.01,4200.0
4476.175313601535,3153.9128315879398,-10434.703314826547,0.005286335199068959,6.8965517241379315,0.01,4150.0
4742.044832629369,3266.0930249536696,-11059.703789980056,0.005196468861848742,7.586206896551724,0.01,4150.0
4992.828618949931,3362.054713871184,-11645.675209910696,0.005111541370483332,8.275862068965518,0.01,4150.0
5230.196390913716,3443.826946330774,-12196.865415427754,0.005031084226192521,8.965517241379311,0.01,4150.0
5455.545029210818,3513.115392840575,-12716.87484061854,0.004954691583407112,9.655172413793103,0.01,4150.0
5670.056337873522,3571.3672394498044,-13208.780907320652,0.004882009900589282,10.344827586206897,0.01,4150.0
5874.739999431559,3619.8270238407367,-13675.233940010286,0.004812729439698817,11.03448275862069,0.01,4150.0
6070.466726025038,3659.569032534622,-14118.533136286387,0.004746576662043228,11.724137931034484,0.01,4150.0
6257.993146278703,3691.5253886862797,-14540.685503847933,0.004683309217925114,12.413793103448278,0.01,4150.0
6437.984052703363,3716.5183765335737,-14943.451977835139,0.004622711887377137,13.10344827586207,0.01,4150.0
6611.020475214069,3735.2657210536795,-15328.38823905494,0.004564591146261005,13.793103448275863,0.01,4150.0
6777.617578379632,3748.400844723484,-15696.87222032217,0.004508774485143028,14.482758620689657,0.01,4150.0
6938.237661940634,3756.492677003181,-16050.133061426728,0.004455105221428576,15.172413793103448,0.01,4150.0
7093.291917788586,3760.0432353554957,-16389.268591175256,0.004403442904529472,15.862068965517242,0.01,4150.0
7243.147139454381,3759.500084955112,-16715.266463606553,0.004353658856348932,16.551724137931036,0.01,4150.0
7388.140672999166,3755.271256193458,-17029.06182951785,0.004290497415316333,17.24137931034483,0.01,4100.0
7528.571019037158,3747.714759763014,-17331.45097468647,0.004244455114928182,17.931034482758623,0.01,4100.0
7664.7133616928595,3737.1605511061684,-17623.11956949156,0.004199955919559542,18.620689655172416,0.01,4100.0
7796.8181898510575,3723.9037976222935,-17904.731660078927,0.004156911575505256,19.310344827586206,0.01,4100.0
7925.112205707365,3708.210228192955,-18176.89338490594,0.004115241125854386,20.0,0.01,4100.0
0.0,0.0,9.041683475959871,0.006659118515308534,0.0,0.0198989898989899,4250.0
759.9419015998153,665.5299012167525,-1639.852504773895,0.0064227885008145994,0.6896551724137931,0.0198989898989899,4200.0
1381.8676471466724,1179.0090098938274,-3065.5823404807525,0.00624584326769256,1.3793103448275863,0.0198989898989899,4200.0
1914.2465707006847,1592.407706162168,-4319.243233466928,0.006085746064144673,2.0689655172413794,0.0198989898989899,4200.0
2382.5054830698823,1933.5016723303581,-5436.393150212738,0.005939673816434771,2.7586206896551726,0.0198989898989899,4200.0
2801.979614884344,2219.3357793263835,-6442.6237463400175,0.005805469115584676,3.4482758620689657,0.0198989898989899,4200.0
3182.7730612341816,2461.3162547539646,-7356.969764278205,0.005681442585907862,4.137931034482759,0.0198989898989899,4200.0
3531.9665779485426,2667.5561327846367,-8193.97513042482,0.005566244651129667,4.827586206896552,0.0198989898989899,4200.0
3854.755874452507,2844.08545703865,-8965.003598339696,0.005458778953587007,5.517241379310345,0.0198989898989899,4200.0
4155.0827955516725,2995.531576995028,-9679.103503326885,0.005358141878696923,6.206896551724139,0.0198989898989899,4200.0
4436.029561645057,3125.553535299889,-10343.648830399536,0.00524094559021472,6.8965517241379315,0.0198989898989899,4150.0
4700.050019750546,3237.0912006558824,-10964.736909518433,0.005152669211893906,7.586206896551724,0.0198989898989899,4150.0
4949.141795949435,3332.554414165487,-11547.201289386787,0.005069219381512768,8.275862068965518,0.0198989898989899,4150.0
5184.954133992307,3413.950402192236,-12095.234826489825,0.004990139711151288,8.965517241379311,0.0198989898989899,4150.0
5408.867032995667,3482.966204623641,-12612.392382644808,0.004915034756042958,9.655172413793103,0.0198989898989899,4150.0
5622.048139947192,3541.0340944872655,-13101.713138050967,0.004843560082188252,10.344827586206897,0.0198989898989899,4150.0
5825.495211314398,3589.386218350267,-13565.815182752143,0.004775413684644495,11.03448275862069,0.0198989898989899,4150.0
6020.06914642772,3629.0856871140927,-14006.970924589681,0.0047103285697886995,11.724137931034484,0.0198989898989899,4150.0
6206.520463693323,3661.0584020098913,-14427.163598157225,0.0046480687120817816,12.413793103448278,0.0198989898989899,4150.0
6385.501842293247,3686.1149343173142,-14828.134814447563,0.004588423628664384,13.10344827586207,0.0198989898989899,4150.0
6557.589500047749,3704.966966722442,-15211.422542468237,0.004531204768311668,13.793103448275863,0.0198989898989899,4150.0
6723.294189703439,3718.2443892226365,-15578.389930292265,0.004476243553892033,14.482758620689657,0.0198989898989899,4150.0
6883.074729102558,3726.5116061095027,-15930.253070583603,0.004423386990427242,15.172413793103448,0.0198989898989899,4150.0
7037.3331105049,3730.2619771365553,-16268.098405742523,0.004372497863415817,15.862068965517242,0.0198989898989899,4150.0
7186.437247485952,3729.9444191620223,-16592.903299381825,0.004323450538888042,16.551724137931036,0.0198989898989899,4150.0
7330.718227954485,3725.960456032145,-16905.561808242004,0.004261014500819053,17.24137931034483,0.0198989898989899,4100.0
7470.470471480793,3718.6648982311567,-17206.927785035616,0.0042156408977280825,17.931034482758623,0.0198989898989899,4100.0
7605.972405804156,3708.389761150809,-17497.64742159489,0.004171780931670355,18.620689655172416,0.0198989898989899,4100.0
7737.463604374962,3695.4208371071395,-17778.37764754997,0.004129348855144113,19.310344827586206,0.0198989898989899,4100.0
7865.176895962534,3680.029292453774,-18049.719470881122,0.004088265078629962,20.0,0.0198989898989899,4100.0
0.0,0.0,9.041683475959871,0.006585510078691886,0.0,0.029797979797979796,4250.0
751.8534646838398,658.4430272172016,-1622.229904181666,0.006353991218685944,0.6896551724137931,0.029797979797979796,4200.0
1367.514479483681,1166.7524527101502,-3033.6243391073003,0.006180875458595994,1.3793103448275863,0.029797979797979796,4200.0
1894.7970389032166,1576.2090933462202,-4275.391949126482,0.006024151896994713,2.0689655172413794,0.029797979797979796,4200.0
2358.7792531665445,1914.2188023224976,-5382.5188566030265,0.005881082019001404,2.7586206896551726,0.029797979797979796,4200.0
2774.5859925665895,2197.601584095829,-6380.1939592059425,0.005749571883594282,3.4482758620689657,0.029797979797979796,4200.0
3152.1832995085833,2437.6151106301672,-7287.158889228223,0.0056279811822393475,4.137931034482759,0.029797979797979796,4200.0
3498.556059467711,2642.2693777676673,-8117.738686514371,0.005514998813214659,4.827586206896552,0.029797979797979796,4200.0
3818.8323054926614,2817.5203694036077,-8883.129944426866,0.005409559249036911,5.517241379310345,0.029797979797979796,4200.0
4116.900288253929,2967.938101650152,-9592.250937460733,0.005310783913676408,6.206896551724139,0.029797979797979796,4200.0
4395.800011151715,3097.1359899290737,-10252.345637758961,0.005195416276472016,6.8965517241379315,0.029797979797979796,4150.0
4657.957924058578,3208.022946575208,-10869.482920015806,0.005108719661927076,7.586206896551724,0.029797979797979796,4150.0
4905.34435048155,3302.9803951554127,-11448.402637161627,0.0050267387432416065,8.275862068965518,0.029797979797979796,4150.0
5139.588237279739,3383.993204306959,-11993.243018483576,0.00494902891602167,8.965517241379311,0.029797979797979796,4150.0
5362.052575828595,3452.729625289739,-12507.51317873584,0.004875205159414868,9.655172413793103,0.029797979797979796,4150.0
5573.890869127912,3510.607740559222,-12994.214090622889,0.004804931915187095,10.344827586206897,0.029797979797979796,4150.0
5776.0892325271625,3558.846765874345,-13455.932049739924,0.004737914618298418,11.03448275862069,0.029797979797979796,4150.0
5969.501050634717,3598.5006033846585,-13894.912189765862,0.0046738930287815094,11.724137931034484,0.029797979797979796,4150.0
6154.863357098286,3630.483300416664,-14313.114183850426,0.004612637128550874,12.413793103448278,0.029797979797979796,4150.0
6332.823480766655,3655.598824688509,-14712.260260002055,0.004553941183607236,13.10344827586207,0.029797979797979796,4150.0
6503.951191217175,3674.5515805864065,-15093.870432027921,0.0044976216955487395,13.793103448275863,0.029797979797979796,4150.0
6668.755582305593,3687.9699710223417,-15459.293665926474,0.004443513564177387,14.482758620689657,0.029797979797979796,4150.0
6827.683229752567,3696.407250160277,-15809.732116997962,0.0043914679473055305,15.172413793103448,0.029797979797979796,4150.0
6981.135623599971,3700.3546437084233,-16146.261675665854,0.004341350304048088,15.862068965517242,0.029797979797979796,4150.0
7129.480137982811,3700.2611593212505,-16469.848708863967,0.00429303844160486,16.551724137931036,0.029797979797979796,4150.0
7273.037497249481,3696.5184100715246,-16781.365019844277,0.004246421043584679,17.24137931034483,0.029797979797979796,4150.0
7412.106091513574,3689.4849252880467,-17081.665553483886,0.004186622123429564,17.931034482758623,0.029797979797979796,4100.0
7546.95449234593,3679.484313968994,-17371.413767827988,0.004143400774887808,18.620689655172416,0.029797979797979796,4100.0
7677.8258653732255,3666.8035994635356,-17651.2407241842,0.004101580383138197,19.310344827586206,0.029797979797979796,4100.0
7804.946945652827,3651.7108604135524,-17921.741735755488,0.0040610830133574706,20.0,0.029797979797979796,4100.0
0.0,0.0,9.041683475959871,0.006512050318063631,0.0,0.039696969696969696,4250.0
743.7743474665766,651.3643857141586,-1604.629046246846,0.006285282681193388,0.6896551724137931,0.039696969696969696,4200.0
1353.170160501966,1154.5036522587181,-3001.685886397252,0.006115948455114709,1.3793103448275863,0.039696969696969696,4200.0
1875.3503800683459,1560.0132222913423,-4231.543004807347,0.005962559369580005,2.0689655172413794,0.039696969696969696,4200.0
2335.046643226325,1894.9312373209652,-5328.620218088217,0.005822459491173516,2.7586206896551726,0.039696969696969696,4200.0
2747.17472238809,2175.8539992405026,-6317.707183822116,0.005693616945451479,3.4482758620689657,0.039696969696969696,4200.0
3121.563460044046,2413.891380686996,-7217.254845686606,0.005574439348724909,4.137931034482759,0.039696969696969696,4200.0
3465.1032824705135,2616.9515923974004,-8041.370840925265,0.005463653342779571,4.827586206896552,0.039696969696969696,4200.0
3782.8519884535262,2790.91418803042,-8801.085686671795,0.005360223581172476,5.517241379310345,0.039696969696969696,4200.0
4078.6473640684203,2940.2946607864164,-9505.18831892185,0.005263296036399692,6.206896551724139,0.039696969696969696,4200.0
4355.487839719926,3068.66128970885,-10160.795631500361,0.005172157477556313,6.8965517241379315,0.039696969696969696,4200.0
4615.768094484047,3178.88817321996,-10773.940737790828,0.005064619796320118,7.586206896551724,0.039696969696969696,4150.0
4861.435880618881,3273.3324079924087,-11349.278088960295,0.004984098818148124,8.275862068965518,0.039696969696969696,4150.0
5094.098147846111,3353.955004473414,-11890.888429565763,0.004907751164126084,8.965517241379311,0.039696969696969696,4150.0
5315.100996512379,3422.405488667104,-12402.23534923992,0.004835202006184335,9.655172413793103,0.039696969696969696,4150.0
5525.584709079863,3480.0884894999845,-12886.281626461612,0.004766124473098047,10.344827586206897,0.039696969696969696,4150.0
5726.524080034048,3528.2104799688423,-13345.581994554916,0.004700231256206243,11.03448275862069,0.039696969696969696,4150.0
5918.759216496141,3567.811508582504,-13782.354032457377,0.004637268961208169,11.724137931034484,0.039696969696969696,4150.0
6103.020401473232,3599.799191172618,-14198.534049215661,0.004577013279514705,12.413793103448278,0.039696969696969696,4150.0
6279.9477891235165,3624.969387076439,-14595.824698743163,0.00451926334261166,13.10344827586207,0.039696969696969696,4150.0
6450.107155482247,3644.0210734392804,-14975.728188040528,0.004463840471057104,13.793103448275863,0.039696969696969696,4150.0
6613.997618411131,3657.5747652619307,-15339.579086363206,0.004410583115028206,14.482758620689657,0.039696969696969696,4150.0
6772.061801804077,3666.178304190893,-15688.565765601219,0.0043593464787303965,15.172413793103448,0.039696969696969696,4150.0
6924.701402744142,3670.3230395704804,-16023.753328582861,0.004309998680776715,15.862068965517242,0.039696969696969696,4150.0
7072.272727640183,3670.448444017908,-16346.097320745575,0.00426242090572261,16.551724137931036,0.039696969696969696,4150.0
7215.097258472865,3666.945029565262,-16656.46126236143,0.004216503927541254,17.24137931034483,0.039696969696969696,4150.0
7353.4721313174205,3660.1712074191664,-16955.658117014573,0.004157397061729559,17.931034482758623,0.039696969696969696,4100.0
7487.657404683972,3650.442474749697,-17244.411862421985,0.004114813776146244,18.620689655172416,0.039696969696969696,4100.0
7617.901465415021,3638.0501490388738,-17523.31401514184,0.004073604315686884,19.310344827586206,0.039696969696969696,4100.0
7744.42014154243,3623.2539325966013,-17792.95314091872,0.004033692957083457,20.0,0.039696969696969696,4100.0
0.0,0.0,9.041683475959871,0.006438738537595046,0.0,0.049595959595959596,4250.0
735.7045850846437,644.2940149464167,-1587.0498563327783,0.00621666258106463,0.6896551724137931,0.049595959595959596,4200.0
1338.8350529120796,1142.2629648037107,-2969.766935983891,0.006051062170248882,1.3793103448275863,0.049595959595959596,4200.0
1855.9065654037443,1543.8200697429043,-4187.696400171291,0.0059009685037486334,2.0689655172413794,0.049595959595959596,4200.0
2311.30762203736,1875.6389539115744,-5274.697257849351,0.005763806288510705,2.7586206896551726,0.049595959595959596,4200.0
2719.7457665395623,2154.0929046017764,-6255.163436753093,0.005637604328136258,3.4482758620689657,0.049595959595959596,4200.0
3090.9134695261496,2390.1450134297943,-7147.257577334865,0.005520817071714934,4.137931034482759,0.049595959595959596,4200.0
3431.6078391606206,2591.602429302589,-7964.871428425766,0.005412208151084654,4.827586206896552,0.049595959595959596,4200.0
3746.814757872334,2764.2667996395453,-8718.870507804393,0.005310771770995727,5.517241379310345,0.049595959595959596,4200.0
4040.3237952570066,2912.6011007545408,-9417.915139581157,0.005215677968129871,6.206896551724139,0.049595959595959596,4200.0
4315.091928407029,3040.1285194369357,-10069.0203405047,0.005126233349207051,6.8965517241379315,0.049595959595959596,4200.0
4573.48232399221,3149.6885049357447,-10678.10946404656,0.005020369087759647,7.586206896551724,0.049595959595959596,4150.0
4817.417278051933,3243.6113157801096,-11249.826380294086,0.0049412990269919015,8.275862068965518,0.049595959595959596,4150.0
5048.484718352824,3323.836643677337,-11788.169491256165,0.004866305801072241,8.965517241379311,0.049595959595959596,4150.0
5268.0138758692,3391.995249282571,-12296.557007954601,0.004795024506880238,9.655172413793103,0.049595959595959596,4150.0
5477.129998953484,3449.4767744443443,-12777.913641067877,0.004727136807567855,10.344827586206897,0.049595959595959596,4150.0
5676.796012566678,3497.4745218399776,-13234.762457508361,0.004662362625454458,11.03448275862069,0.049595959595959596,4150.0
5867.842178187833,3537.017450142382,-13669.293339242176,0.004600455375109465,11.724137931034484,0.049595959595959596,4150.0
6050.99052288812,3569.0054608391392,-14083.419924887276,0.004541195989619729,12.413793103448278,0.049595959595959596,4150.0
6226.875254135516,3594.226958175005,-14478.824485334124,0.004484388860744934,13.10344827586207,0.049595959595959596,4150.0
6396.053996005408,3613.373119516269,-14856.991809267842,0.004429859748001179,13.793103448275863,0.049595959595959596,4150.0
6559.018881798084,3627.058009904897,-15219.241812758686,0.00437745083041338,14.482758620689657,0.049595959595959596,4150.0
6716.210242497678,3635.825471288201,-15566.749274882837,0.004327021081393455,15.172413793103448,0.049595959595959596,4150.0
6868.025332568304,3640.163754186824,-15900.568162280098,0.004278441505867808,15.862068965517242,0.049595959595959596,4150.0
7014.813256107224,3640.5053815568895,-16221.643653535582,0.004231596285926027,16.551724137931036,0.049595959595959596,4150.0
7156.89798374668,3637.2410973519795,-16530.830091062133,0.004186378752341961,17.24137931034483,0.049595959595959596,4150.0
7294.566530802223,3630.7227197566954,-16828.899443470647,0.0041426924205890565,17.931034482758623,0.049595959595959596,4150.0
7428.082206463812,3621.2659678471855,-17116.635552740263,0.0040860179527097956,18.620689655172416,0.049595959595959596,4100.0
7557.686808221957,3609.1584962559773,-17394.590576308532,0.0040454187943679484,19.310344827586206,0.049595959595959596,4100.0
7683.596610922946,3594.6586995364014,-17663.34638582822,0.004006092992892497,20.0,0.049595959595959596,4100.0
0.0,0.0,9.041683475959871,0.006365574046778087,0.0,0.059494949494949496,4250.0
727.6443114567655,637.2320505190567,-1569.4922603024243,0.006148130613069277,0.6896551724137931,0.059494949494949496,4200.0
1324.5089187064882,1130.0301630384224,-2937.8674419055824,0.005986216517745126,1.3793103448275863,0.059494949494949496,4200.0
1836.4655663631015,1527.6296126537586,-4143.852135286987,0.0058393793217839714,2.0689655172413794,0.059494949494949496,4200.0
2287.5621586320085,1856.341928886931,-5220.7499996966,0.005705122467132355,2.7586206896551726,0.059494949494949496,4200.0
2692.2990971383997,2132.318288962134,-6192.5627486706,0.005581534050854455,3.4482758620689657,0.059494949494949496,4200.0
3060.233239549956,2366.375944246406,-7077.167009852921,0.005467114354719289,4.137931034482759,0.059494949494949496,4200.0
3398.068943968443,2566.2211998165567,-7888.240285432454,0.005360663150517486,4.827586206896552,0.059494949494949496,4200.0
3710.7204288454054,2737.578076006074,-8636.48409224672,0.005261203640571552,5.517241379310345,0.059494949494949496,4200.0
4001.9293452692327,2884.857260738577,-9330.430879316882,0.005167929439525249,6.206896551724139,0.059494949494949496,4200.0
4274.611282316842,3011.5368756486637,-9976.994246421324,0.005080166633625888,6.8965517241379315,0.059494949494949496,4200.0
4531.098361463692,3120.422077487644,-10581.98816281194,0.004975967033868425,7.586206896551724,0.059494949494949496,4150.0
4773.287789845996,3213.8165717407937,-11150.046244671503,0.004898338793467774,8.275862068965518,0.059494949494949496,4150.0
5002.747129042948,3293.637547220439,-11685.084632508355,0.0048246921432462285,8.965517241379311,0.059494949494949496,4150.0
5220.78870940349,3361.496973602857,-12190.476081496796,0.004754671960264462,9.655172413793103,0.059494949494949496,4150.0
5428.524076429179,3418.7705774993424,-12669.107911565312,0.004687968024415126,10.344827586206897,0.059494949494949496,4150.0
5626.904165433595,3466.6381870623113,-13123.470863169445,0.004624307767660961,11.03448275862069,0.059494949494949496,4150.0
5816.749100833138,3506.1179613101262,-13555.727420907293,0.00456345106585754,11.724137931034484,0.059494949494949496,4150.0
5998.773679528896,3538.1023209348864,-13967.768523149985,0.004505184076692503,12.413793103448278,0.059494949494949496,4150.0
6173.6044459656405,3563.370678319328,-14361.25571032695,0.004449316574123457,13.10344827586207,0.059494949494949496,4150.0
6341.78978088038,3582.6065231528974,-14737.65726776958,0.00439567817021281,13.793103448275863,0.059494949494949496,4150.0
6503.817777408987,3596.4188253301,-15098.277177235635,0.004344115384555682,14.482758620689657,0.059494949494949496,4150.0
6660.127918045553,3605.3487207687026,-15444.277867200726,0.004294490240047982,15.172413793103448,0.059494949494949496,4150.0
6811.105566851358,3609.875799070961,-15776.700882811798,0.004246677246020719,15.862068965517242,0.059494949494949496,4150.0
6957.101530464598,3610.431662594209,-16096.482179281673,0.004200562922319378,16.551724137931036,0.059494949494949496,4150.0
7098.434888877414,3607.4035653175865,-16404.466088596775,0.004156043591075371,17.24137931034483,0.059494949494949496,4150.0
7235.387253110514,3601.138467238186,-16701.417511176936,0.0041130245490541,17.931034482758623,0.059494949494949496,4150.0
7368.2249240181145,3591.9526195199364,-16988.07819152298,0.0040570114798736704,18.620689655172416,0.059494949494949496,4100.0
7497.179476790396,3580.1274895624533,-17265.06308542299,0.004017022112166052,19.310344827586206,0.059494949494949496,4100.0
7622.473217262577,3565.9235760864276,-17532.91409479318,0.0039782811833539876,20.0,0.059494949494949496,4100.0
0.0,0.0,9.041683475959871,0.006292556160368036,0.0,0.06939393939393938,4250.0
719.593253882025,630.1782273498862,-1551.9561845127319,0.0060796864739982,0.6896551724137931,0.06939393939393938,4200.0
1310.1915355023277,1117.8050348777006,-2905.9873586014946,0.005921411412087863,1.3793103448275863,0.06939393939393938,4200.0
1817.0273546439453,1511.4418281824169,-4100.010210624765,0.005777791846399579,2.0689655172413794,0.06939393939393938,4200.0
2263.810222285046,1837.0401392450099,-5166.7784680646655,0.005646408083714802,2.7586206896551726,0.06939393939393938,4200.0
2664.834668839704,2110.5302084948275,-6129.905127845777,0.005525406158506838,3.4482758620689657,0.06939393939393938,4200.0
3029.523428171297,2342.5847997750093,-7006.9830728788,0.005413331198909192,4.137931034482759,0.06939393939393938,4200.0
3364.486460037192,2540.8078052195806,-7811.477214864848,0.0053090182803917215,4.827586206896552,0.06939393939393938,4200.0
3674.570513189017,2710.849411503846,-8553.926081099482,0.00521151904334159,5.517241379310345,0.06939393939393938,4200.0
3963.4637386718396,2857.0629478017695,-9242.734957467888,0.005120050220274544,6.206896551724139,0.06939393939393938,4200.0
4234.045673636316,2982.886218508545,-9884.71673621922,0.005033956875179063,6.8965517241379315,0.06939393939393938,4200.0
4488.615636003157,3091.088478825041,-10485.57584861882,0.004931413162052242,7.586206896551724,0.06939393939393938,4150.0
4729.045889505279,3183.9469762234726,-11049.936410271148,0.004855217564435962,8.275862068965518,0.06939393939393938,4150.0
4956.883681586982,3263.3562736271715,-11581.632279177327,0.0047829095017513186,8.965517241379311,0.06939393939393938,4150.0
5173.424513301795,3330.9099766695913,-12083.990919675562,0.004714143445861091,9.655172413793103,0.06939393939393938,4150.0
5379.766180371252,3387.96943803808,-12559.862206893034,0.004648617226100055,10.344827586206897,0.06939393939393938,4150.0
5576.847669769625,3435.7007841670948,-13011.704627211184,0.004586065685242805,11.03448275862069,0.06939393939393938,4150.0
5765.479837761258,3475.113144504309,-13441.653380983218,0.004526254917441705,11.724137931034484,0.06939393939393938,4150.0
5946.369848572153,3507.089991706483,-13851.576532693703,0.004468976379908556,12.413793103448278,0.06939393939393938,4150.0
6120.132795733702,3532.399117337164,-14243.115045901322,0.0044140450455579135,13.10344827586207,0.06939393939393938,4150.0
6287.313192056198,3551.7205615628995,-14617.720508770799,0.004361294372566896,13.793103448275863,0.06939393939393938,4150.0
6448.396104516629,3565.6588928105984,-14976.681064389952,0.004310575190463948,14.482758620689657,0.06939393939393938,4150.0
6603.811065244032,3574.7455677605603,-15321.14672863028,0.004261752427471822,15.172413793103448,0.06939393939393938,4150.0
6753.940616008349,3579.458430897439,-15652.146635379097,0.004214704156514521,15.862068965517242,0.06939393939393938,4150.0
6899.136333409161,3580.22719336568,-15970.607322450021,0.004169319144286933,16.551724137931036,0.06939393939393938,4150.0
7039.706063110273,3577.4314857256213,-16277.363300825746,0.004125496700329336,17.24137931034483,0.06939393939393938,4150.0
7175.9356262624915,3571.41975872907,-16573.171964595516,0.004083143957351264,17.931034482758623,0.06939393939393938,4150.0
7308.082349428301,3562.5006629710088,-16858.733067786074,0.0040277925148362835,18.620689655172416,0.06939393939393938,4100.0
7436.3798955154,3550.9579515853056,-17134.724756088886,0.00398841226940173,19.310344827586206,0.06939393939393938,4100.0
7561.045902644728,3537.046726334536,-17401.648816299727,0.0039502555703524265,20.0,0.06939393939393938,4100.0
0.0,0.0,9.041683475959871,0.0062196841983269135,0.0,0.07929292929292929,4250.0
711.5513779461479,623.13251512673,-1534.4415558097098,0.0060113298626431715,0.6896551724137931,0.07929292929292929,4200.0
1295.8828699198348,1105.5875518146952,-2874.126640907394,0.005856646768490523,1.3793103448275863,0.07929292929292929,4200.0
1797.5919000745907,1495.2566917251213,-4056.170624763603,0.005716206103827327,2.0689655172413794,0.07929292929292929,4200.0
2240.051782512077,1817.7335621878226,-5112.782688008439,0.005587663195488609,2.7586206896551726,0.07929292929292929,4200.0
2637.3524366109073,2088.7286310566487,-6067.190583765121,0.005469220691791479,3.4482758620689657,0.07929292929292929,4200.0
2998.7839690090054,2318.77153016967,-6936.705763526661,0.005359467552596312,4.137931034482759,0.07929292929292929,4200.0
3330.860276443779,2515.362169244706,-7734.582059691464,0.0052572734515572974,4.827586206896552,0.07929292929292929,4200.0
3638.363308591927,2684.079312611065,-8471.19617279913,0.005161717794831721,5.517241379310345,0.07929292929292929,4200.0
3924.9271788643996,2829.218392324378,-9154.82698878499,0.005072039958235276,6.206896551724139,0.07929292929292929,4200.0
4193.394801441974,2954.176348614123,-9792.18708077653,0.004987603691745757,6.8965517241379315,0.07929292929292929,4200.0
4446.033765796704,3061.687460182619,-10388.871535111844,0.004886707005062142,7.586206896551724,0.07929292929292929,4150.0
4684.691106767947,3154.002228222535,-10949.495605159304,0.004811934763676219,8.275862068965518,0.07929292929292929,4150.0
4910.893745636509,3232.9922176362493,-11477.810739020671,0.004740957243300596,8.965517241379311,0.07929292929292929,4150.0
5125.9206256078705,3300.2338503268033,-11977.099622992704,0.004673438167130846,9.655172413793103,0.07929292929292929,4150.0
5330.8555439847805,3357.0728921905843,-12450.17428405882,0.004609083531309145,10.344827586206897,0.07929292929292929,4150.0
5526.626507374291,3404.662870006389,-12899.460941875193,0.0045476354702567185,11.03448275862069,0.07929292929292929,4150.0
5714.034825776258,3444.0035609577026,-13327.068265109156,0.004488865828781533,11.724137931034484,0.07929292929292929,4150.0
5893.77584110596,3475.966199518948,-13734.840620075644,0.004432571734266742,12.413793103448278,0.07929292929292929,4150.0
6066.459092326936,3501.3115980519174,-14124.398790769861,0.00437857298756397,13.10344827586207,0.07929292929292929,4150.0
6232.624377932461,3520.7156596424397,-14497.177441740612,0.004326707019638452,13.793103448275863,0.07929292929292929,4150.0
6392.749871792944,3534.7748534750476,-14854.449059445717,0.004276828767360506,14.482758620689657,0.07929292929292929,4150.0
6547.258115443774,3544.015186148838,-15197.351001131545,0.004228806136564331,15.172413793103448,0.07929292929292929,4150.0
6696.531545946718,3548.912839755974,-15526.90018319252,0.004182520620985979,15.862068965517242,0.07929292929292929,4150.0
6840.913642990291,3549.889622429988,-15844.013306742032,0.004137863371951357,16.551724137931036,0.07929292929292929,4150.0
6980.709802812457,3547.3240752121906,-16149.515721021031,0.004094736320601879,17.24137931034483,0.07929292929292929,4150.0
7116.20669252243,3541.5629519742292,-16444.15639129599,0.0040530488519831655,17.931034482758623,0.07929292929292929,4150.0
7247.652312292862,3532.9090683906256,-16728.614891398203,0.00401271862514712,18.620689655172416,0.07929292929292929,4150.0
7375.284884265825,3521.648173377272,-17003.568588670023,0.003959587285672344,19.310344827586206,0.07929292929292929,4100.0
7499.312150338055,3508.0269851705084,-17269.54283069534,0.003922014261596041,20.0,0.07929292929292929,4100.0
0.0,0.0,9.041683475959871,0.006146957485767697,0.0,0.08919191919191918,4250.0
703.5186494738379,616.0948837477489,-1516.9483015233345,0.005943060479776647,0.6896551724137931,0.08919191919191918,4200.0
1281.5828888277654,1093.3776855558121,-2842.2852440494826,0.005791922502887182,1.3793103448275863,0.08919191919191918,4200.0
1778.15916019036,1479.0741672553531,-4012.333363467791,0.005654622137950025,2.0689655172413794,0.08919191919191918,4200.0
2216.286809067814,1798.4221751202242,-5058.762685198388,0.005528887860235565,2.7586206896551726,0.08919191919191918,4200.0
2609.8524276340727,2066.9135950578693,-6004.419126910405,0.005412977692169795,3.4482758620689657,0.08919191919191918,4200.0
2968.014080045944,2294.935431890827,-6866.335031476039,0.0053055234065894664,4.137931034482759,0.08919191919191918,4200.0
3297.190313289723,2489.884242380768,-7657.554711679426,0.00520542854302381,4.827586206896552,0.08919191919191918,4200.0
3602.0985484476064,2657.2675740145146,-8388.294115557532,0.005111799681199977,5.517241379310345,0.08919191919191918,4200.0
3886.3206850623337,2801.3245442321736,-9066.706472181548,0.005023898378532535,6.206896551724139,0.08919191919191918,4200.0
4152.658636528586,2925.4069796405056,-9699.404551929932,0.004941106701723958,6.8965517241379315,0.08919191919191918,4200.0
4403.352366287929,3032.2187710855546,-10291.87423206641,0.004841848114368604,7.586206896551724,0.08919191919191918,4150.0
4640.222969760652,3123.9820258802083,-10848.7225566165,0.004768489808541294,8.275862068965518,0.08919191919191918,4150.0
4864.7768095240435,3202.54539633758,-11373.618524958365,0.004698834627464068,8.965517241379311,0.08919191919191918,4150.0
5078.276337463749,3269.468157937317,-11869.800286539656,0.004632555325259105,9.655172413793103,0.08919191919191918,4150.0
5281.792947677341,3326.081762403717,-12340.041888049687,0.00456936606393643,10.344827586206897,0.08919191919191918,4150.0
5476.240920442217,3373.5248151898923,-12786.737481833625,0.004509015985808839,11.03448275862069,0.08919191919191918,4150.0
5662.410867063351,3412.7868684785394,-13211.96910439794,0.004451282693249527,11.724137931034484,0.08919191919191918,4150.0
5840.990424082491,3444.7300858687986,-13617.557207455611,0.004395969032206449,12.413793103448278,0.08919191919191918,4150.0
6012.582480843154,3470.1077339051612,-14005.10322121824,0.004342899104613114,13.10344827586207,0.08919191919191918,4150.0
6177.722295626827,3489.5913127742688,-14376.023782855518,0.00429191481863078,13.793103448275863,0.08919191919191918,4150.0
6336.877185056979,3503.7661700999233,-14731.576665157794,0.004242874645335462,14.482758620689657,0.08919191919191918,4150.0
6490.467877651832,3513.1570617985226,-15072.88554130157,0.004195649948939289,15.172413793103448,0.08919191919191918,4150.0
6638.874826369964,3518.236776512496,-15400.956247660193,0.004150125009651674,15.862068965517242,0.08919191919191918,4150.0
6782.431623490355,3519.418020515227,-15716.694433930861,0.004106193922948592,16.551724137931036,0.08919191919191918,4150.0
6921.447522683324,3517.082807395448,-16020.917289533834,0.004063760676211395,17.24137931034483,0.08919191919191918,4150.0
7056.198061196889,3511.5674741936764,-16314.36466047792,0.004022737267391919,17.931034482758623,0.08919191919191918,4150.0
7186.935427338134,3503.1788069482463,-16597.709803040052,0.003983042903658505,18.620689655172416,0.08919191919191918,4150.0
7313.890603740756,3492.195218856099,-16871.587358367244,0.0039305452194730115,19.310344827586206,0.08919191919191918,4100.0
7437.272147358452,3478.8650768856123,-17136.58852574919,0.0038935553146957204,20.0,0.08919191919191918,4100.0
0.0,0.0,9.041683475959871,0.006074375352899294,0.0,0.09909090909090908,4250.0
695.4950345262808,609.0653033192029,-1499.4763494631698,0.005874878028131992,0.6896551724137931,0.09909090909090908,4200.0
1267.2915593412724,1081.1754080188832,-2810.4631236420173,0.005727238531924242,1.3793103448275863,0.09909090909090908,4200.0
1758.7292959207382,1462.8944151212734,-3968.4984487765832,0.005593039944872983,2.0689655172413794,0.09909090909090908,4200.0
2192.5152612222273,1779.1059467261437,-5004.718485916455,0.005470082136285921,2.7586206896551726,0.09909090909090908,4200.0
2582.3357029896943,2045.0860994532452,-5941.590768753995,0.005356677201919379,3.4482758620689657,0.09909090909090908,4200.0
2937.213688673102,2271.0764541884087,-6795.87082699965,0.0052514987586298155,4.137931034482759,0.09909090909090908,4200.0
3263.4765240311453,2464.374011615477,-7580.395014598478,0.005153483472150295,4.827586206896552,0.09909090909090908,4200.0
3565.776066930669,2630.4140826369994,-8305.219601650897,0.005061764529329235,5.517241379310345,0.09909090909090908,4200.0
3847.642428224847,2773.3798310995194,-8978.372908140926,0.004975625207220392,6.206896551724139,0.09909090909090908,4200.0
4111.838444673123,2896.5795750210586,-9606.368419729937,0.004894465538416026,6.8965517241379315,0.09909090909090908,4200.0
4360.572359184454,3002.6833027669913,-10194.58295163836,0.004796836019851091,7.586206896551724,0.09909090909090908,4150.0
4595.641959686065,3093.886895734065,-10747.615916286297,0.004724882152720239,8.275862068965518,0.09909090909090908,4150.0
4818.533771179509,3172.0166995819054,-11269.054134218153,0.004656540921892033,8.965517241379311,0.09909090909090908,4150.0
5030.49365457077,3238.614714067093,-11762.090999941298,0.0045914941197253804,9.655172413793103,0.09909090909090908,4150.0
5232.577278362351,3294.9952939692826,-12229.462713670116,0.004529463936293642,10.344827586206897,0.09909090909090908,4150.0
5425.688110355027,3342.2845430263346,-12673.531644595256,0.0044702062148905385,11.03448275862069,0.09909090909090908,4150.0
5610.606964482166,3381.4624875941677,-13096.352911205387,0.004413504414695776,11.724137931034484,0.09909090909090908,4150.0
5788.012608118234,3413.3807482795255,-13499.723220127067,0.004359166938901169,12.413793103448278,0.09909090909090908,4150.0
5958.504237916374,3438.788795873653,-13885.22459109503,0.00430702209314186,13.10344827586207,0.09909090909090908,4150.0
6122.603801780737,3458.345395454985,-14254.255492098026,0.004256916331855811,13.793103448275863,0.09909090909090908,4150.0
6280.776575423733,3472.6321097801074,-14608.059352613971,0.0042087113437709114,14.482758620689657,0.09909090909090908,4150.0
6433.44138306368,3482.172318627029,-14947.745677026644,0.004162282197996223,15.172413793103448,0.09909090909090908,4150.0
6580.9678528603345,3487.427990839396,-15274.30950819359,0.004117515679258246,15.862068965517242,0.09909090909090908,4150.0
6723.689768645067,3488.812439960821,-15588.645285720224,0.004074308962229847,16.551724137931036,0.09909090909090908,4150.0
6861.913701427183,3486.704127690106,-15891.56189274606,0.004032567977415043,17.24137931034483,0.09909090909090908,4150.0
6995.907609968153,3481.4322923062136,-16183.79026416297,0.003992207341904702,17.931034482758623,0.09909090909090908,4150.0
7125.927654803919,3473.3075255010763,-16465.99666261091,0.003953147945248977,18.620689655172416,0.09909090909090908,4150.0
7252.194717348594,3462.5987241332696,-16738.78673449932,0.003915317890822066,19.310344827586206,0.09909090909090908,4150.0
7374.922529361131,3449.5592158279424,-17002.77856452891,0.0038648765872901815,20.0,0.09909090909090908,4100.0
0.0,0.0,9.041683475959871,0.006001937134972324,0.0,0.10898989898989898,4250.0
687.4804993986598,602.0437441532966,-1482.0256279124878,0.005806782212383851,0.6896551724137931,0.10898989898989898,4200.0
1253.0088488189574,1068.9806913307227,-2778.6602356795265,0.005662594772952006,1.3793103448275863,0.10898989898989898,4200.0
1739.3027578957613,1446.7178693175695,-3924.665882696383,0.00553145955035502,2.0689655172413794,0.10898989898989898,4200.0
2168.7378025475828,1759.7855123301629,-4950.650117052581,0.005411246082515476,2.7586206896551726,0.10898989898989898,4200.0
2554.801042732245,2023.24501474596,-5878.705521755743,0.005300319264134193,3.4482758620689657,0.10898989898989898,4200.0
2906.3827223548737,2247.1945464071173,-6725.313101478227,0.005197393607047398,4.137931034482759,0.10898989898989898,4200.0
3229.7202851758493,2438.832752996135,-7503.102813616788,0.005101438159286065,4.827586206896552,0.10898989898989898,4200.0
3529.3956980518838,2603.5187253716367,-8221.972325028037,0.0050116121679550305,5.517241379310345,0.10898989898989898,4200.0
3808.8921778698677,2745.384098055334,-8889.825796976816,0.004927220180104675,6.206896551724139,0.10898989898989898,4200.0
4070.932087106162,2867.692364486269,-9513.077954310145,0.00484767983437568,6.8965517241379315,0.10898989898989898,4200.0
4317.693008050902,2973.0804907036536,-10097.00773833059,0.004772498225690171,7.586206896551724,0.10898989898989898,4200.0
4550.948013049351,3063.7168774957167,-10646.174420350908,0.004681111204876228,8.275862068965518,0.10898989898989898,4150.0
4772.163756775562,3141.405502498195,-11164.115982326519,0.004614075432744031,8.965517241379311,0.10898989898989898,4150.0
4982.569357013659,3207.6709788432167,-11653.969840288839,0.00455025377491912,9.655172413793103,0.10898989898989898,4150.0
5183.2064721060715,3263.8116929314706,-12118.434391056478,0.004489376280423661,10.344827586206897,0.10898989898989898,4150.0
5374.967188796753,3310.9415274040543,-12559.840804902109,0.004431205141568105,11.03448275862069,0.10898989898989898,4150.0
5558.62209509747,3350.02982274931,-12980.216675235592,0.004375529912725873,11.724137931034484,0.10898989898989898,4150.0
5734.844165264863,3381.9203317754454,-13381.335314683529,0.004322164222071278,12.413793103448278,0.10898989898989898,4150.0
5904.2202738115975,3407.3518616886786,-13764.759127468977,0.004270940655321726,13.10344827586207,0.10898989898989898,4150.0
6067.26763627561,3426.9772316669005,-14131.868583069845,0.004221710083986394,13.793103448275863,0.10898989898989898,4150.0
6224.448689331988,3441.373526010086,-14483.892559960863,0.004174337374908327,14.482758620689657,0.10898989898989898,4150.0
6376.174104298198,3451.0579040626444,-14821.92656025428,0.004128701263180693,15.172413793103448,0.10898989898989898,4150.0
6522.808895116524,3456.486258215376,-15146.954598047349,0.004084690984452338,15.862068965517242,0.10898989898989898,4150.0
6664.6876088156205,3458.072955032317,-15459.86009661432,0.0040422067551912355,16.551724137931036,0.10898989898989898,4150.0
6802.106200017541,3456.1866088351576,-15761.443066032924,0.004001156568654764,17.24137931034483,0.10898989898989898,4150.0
6935.336626120271,3451.1588388586515,-16052.426634792326,0.00396145719606688,17.931034482758623,0.10898989898989898,4150.0
7064.625864442632,3443.2935070794756,-16333.468980845733,0.003923031649034564,18.620689655172416,0.10898989898989898,4150.0
7190.197610185785,3432.859603478718,-16605.170166627213,0.003885809484325833,19.310344827586206,0.10898989898989898,4150.0
7312.259310842469,3420.107234507553,-16868.10518403943,0.003835976036073248,20.0,0.10898989898989898,4100.0
0.0,0.0,9.041683475959871,0.0059296421722255955,0.0,0.11888888888888888,4250.0
679.4750106180185,595.0301767662177,-1464.5960656248208,0.005738772739128706,0.6896551724137931,0.11888888888888888,4200.0
1238.7347248610713,1056.7935078254748,-2746.876536536365,0.005597991144016605,1.3793103448275863,0.11888888888888888,4200.0
1719.8788722709012,1430.5438883050158,-3880.8356676372496,0.005469880979817314,2.0689655172413794,0.11888888888888888,4200.0
2144.954088412483,1740.4605496128795,-4896.557606099217,0.005352379758342764,2.7586206896551726,0.11888888888888888,4200.0
2527.248402691762,2001.3903095660003,-5815.7633993612835,0.005243903922724732,3.4482758620689657,0.11888888888888888,4200.0
2875.521108967607,2223.289658250847,-6654.661808311903,0.005143207945419044,4.137931034482759,0.11888888888888888,4200.0
3195.919931065784,2413.2587937653225,-7425.67795371222,0.005049292535502181,4.827586206896552,0.11888888888888888,4200.0
3492.957247880862,2576.5813676191683,-8138.551978807845,0.004961342439653424,5.517241379310345,0.11888888888888888,4200.0
3770.0697024016204,2717.3371895466157,-8801.064638722339,0.004878683039305483,6.206896551724139,0.11888888888888888,4200.0
4029.939259079602,2838.745148492911,-9419.532428984567,0.004800749208939193,6.8965517241379315,0.11888888888888888,4200.0
4274.712939428222,2943.4092351530603,-9999.154947081035,0.0047270624917422795,7.586206896551724,0.11888888888888888,4200.0
4506.139327068535,3033.470530821764,-10544.39690870425,0.00463717632351142,8.275862068965518,0.11888888888888888,4150.0
4725.66508747103,3110.7105157429432,-11058.802481845596,0.004571437464937123,8.965517241379311,0.11888888888888888,4150.0
4934.5026939252775,3176.6364746742156,-11545.434880197543,0.004508833500320698,9.655172413793103,0.11888888888888888,4150.0
5133.679872670207,3232.5305903119324,-12006.954871935224,0.004449102081218762,10.344827586206897,0.11888888888888888,4150.0
5324.077244736961,3279.495227646651,-12445.662326573925,0.004392011745631186,11.03448275862069,0.11888888888888888,4150.0
5506.457459050256,3318.4900897666885,-12863.557163270794,0.004337358151483717,11.724137931034484,0.11888888888888888,4150.0
5681.481485227729,3350.346217880661,-13262.39009272591,0.004284959658330011,12.413793103448278,0.11888888888888888,4150.0
5849.72928440501,3375.7961965481495,-13643.702928073799,0.004234653552100207,13.10344827586207,0.11888888888888888,4150.0
6011.7129983433515,3395.4859594115014,-14008.85886552903,0.004186294662052524,13.793103448275863,0.11888888888888888,4150.0
6167.891150537339,3409.988931542864,-14359.071559758879,0.004139751328667222,14.482758620689657,0.11888888888888888,4150.0
6318.664424146555,3419.8129683307716,-14695.423192388524,0.004094905556159208,15.172413793103448,0.11888888888888888,4150.0
6464.398331108708,3425.4123406522535,-15018.885795029615,0.004051649415240089,15.862068965517242,0.11888888888888888,4150.0
6605.420746397007,3427.196762177675,-15330.333053094488,0.004009885552224866,16.551724137931036,0.11888888888888888,4150.0
6742.023343332019,3425.529383819794,-15630.554866817132,0.003969524542034571,17.24137931034483,0.11888888888888888,4150.0
6874.480206094072,3420.744071991938,-15920.2671448279,0.00393048493253485,17.931034482758623,0.11888888888888888,4150.0
7003.027813422257,3413.135432255515,-16200.119774803323,0.003892692030443129,18.620689655172416,0.11888888888888888,4150.0
7127.895325677623,3402.975636175728,-16470.706796218612,0.0038560768380860805,19.310344827586206,0.11888888888888888,4150.0
7249.27996840487,3390.5079798278443,-16732.569636707187,0.0038205763353666507,20.0,0.11888888888888888,4150.0
0.0,0.0,9.041683475959871,0.005857489809833386,0.0,0.12878787878787878,4250.0
671.4785349407075,588.0245718760025,-1447.1875918180594,0.005670849316865972,0.6896551724137931,0.12878787878787878,4200.0
1224.4691553064545,1044.613830042117,-2715.111982958304,0.005533427563851932,1.3793103448275863,0.12878787878787878,4200.0
1700.4576121506484,1414.3724504304441,-3837.007806425623,0.005408304258502782,2.0689655172413794,0.12878787878787878,4200.0
2121.163723104775,1721.1306904154487,-4842.440981147665,0.00529348322372606,2.7586206896551726,0.12878787878787878,4200.0
2499.677738923703,1979.521952742809,-5752.764416000289,0.0051874312224181466,3.4482758620689657,0.12878787878787878,4200.0
2844.6287765687853,2199.3617396030645,-6583.916902304263,0.00508894176839006,4.137931034482759,0.12878787878787878,4200.0
3162.0753484299853,2387.6521557184337,-7348.1202827776215,0.004997046523297463,4.827586206896552,0.12878787878787878,4200.0
3456.4620906366163,2549.6032853525835,-8054.958258862338,0.0049109551794809395,5.517241379310345,0.12878787878787878,4200.0
3731.174770716098,2689.2389505102165,-8712.088937413326,0.004830013513319703,6.206896551724139,0.12878787878787878,4200.0
3988.8596550697766,2809.737721832477,-9325.731118190182,0.004753673282072206,6.8965517241379315,0.12878787878787878,4200.0
4231.631769280965,2913.669287450524,-9901.005371216925,0.0046814702182817495,7.586206896551724,0.12878787878787878,4200.0
4461.215423128199,3003.1473423159637,-10442.282105781225,0.004593076924534218,8.275862068965518,0.12878787878787878,4150.0
4679.037186735086,3079.931378115607,-10953.11204060349,0.004528626328171809,8.965517241379311,0.12878787878787878,4150.0
4886.292918923607,3145.5107332794933,-11436.484071995976,0.004467232538402487,9.655172413793103,0.12878787878787878,4150.0
5083.996643818572,3201.1517389056175,-11895.021876845676,0.004408640421201028,10.344827586206897,0.12878787878787878,4150.0
5273.019616547955,3247.946950094305,-12330.99355882826,0.004352625013418079,11.03448275862069,0.12878787878787878,4150.0
5454.110596710077,3286.8415109071984,-12746.371610636059,0.004298987891520719,11.724137931034484,0.12878787878787878,4150.0
5627.923106381624,3318.657503309856,-13142.884137648085,0.004247552017603172,12.413793103448278,0.12878787878787878,4150.0
5795.02995159759,3344.121062824219,-13522.052113344856,0.004198159478666652,13.10344827586207,0.12878787878787878,4150.0
5955.940699924129,3363.872962168162,-13885.222122222745,0.004150668643725946,13.793103448275863,0.12878787878787878,4150.0
6111.1011382901615,3378.476521564582,-14233.591676990487,0.004104951718948082,14.482758620689657,0.12878787878787878,4150.0
6260.910778033506,3388.4367090503683,-14568.230537743853,0.004060893476425773,15.172413793103448,0.12878787878787878,4150.0
6405.733645048779,3394.20472560065,-14890.098005180786,0.004018389161990938,15.862068965517242,0.12878787878787878,4150.0
6545.887294687856,3396.1829095023686,-15200.058293373644,0.003977343588655217,16.551724137931036,0.12878787878787878,4150.0
6681.666645554583,3394.734473232709,-15498.891163351735,0.003937670004029018,17.24137931034483,0.12878787878787878,4150.0
6813.335592531004,3390.1865214729637,-15787.304999267486,0.0038992886767944745,17.931034482758623,0.12878787878787878,4150.0
6941.134337621604,3382.8341172180358,-16065.941944654653,0.0038621271032635903,18.620689655172416,0.12878787878787878,4150.0
7065.284279495123,3372.9448777454795,-16335.389316608816,0.0038261178831444044,19.310344827586206,0.12878787878787878,4150.0
7185.985170596238,3360.762126324055,-16596.18342722229,0.0037911994045207397,20.0,0.12878787878787878,4150.0
0.0,0.0,9.041683475959871,0.005785479397853352,0.0,0.1386868686868687,4250.0
663.4910393501051,581.0269004003761,-1429.80013617027,0.005603011655979023,0.6896551724137931,0.1386868686868687,4200.0
1210.2121082307015,1032.4416307227127,-2683.366532061249,0.005468903951871691,1.3793103448275863,0.1386868686868687,4200.0
1681.0389508683209,1398.203534233927,-3793.182302256995,0.00534672941205137,2.0689655172413794,0.1386868686868687,4200.0
2097.3666658836305,1701.795902527293,-4788.300255969036,0.005234556553235595,2.7586206896551726,0.1386868686868687,4200.0
2472.0890077078525,1957.639913304627,-5689.708587083638,0.005130901208758277,3.4482758620689657,0.1386868686868687,4200.0
2813.7063121214733,2175.41135680758,-6513.078339662825,0.005034595071679058,4.137931034482759,0.1386868686868687,4200.0
3128.1864241898843,2362.01284120867,-7270.429650755337,0.004944700044325608,4.827586206896552,0.1386868686868687,4200.0
3419.90884860131,2522.5832707250233,-7971.190863805343,0.004860450218433369,5.517241379310345,0.1386868686868687,4200.0
3692.20800699294,2661.0899981623793,-8622.898198819676,0.0047812113314458045,6.206896551724139,0.1386868686868687,4200.0
3947.6929086843716,2780.669834106153,-9231.673210304252,0.004706451718582481,6.8965517241379315,0.1386868686868687,4200.0
4188.449169931864,2883.860444163764,-9802.558129938116,0.0046357208602113295,7.586206896551724,0.1386868686868687,4200.0
4416.175820759316,2972.746976600536,-10339.828734980438,0.004548812423479892,8.275862068965518,0.1386868686868687,4150.0
4632.279470137129,3049.067723372243,-10847.043055224676,0.004485641354064359,8.965517241379311,0.1386868686868687,4150.0
4837.939884895116,3114.293792507616,-11327.11555968722,0.004425450042681695,9.655172413793103,0.1386868686868687,4150.0
5034.158612375472,3169.676827185558,-11782.63311862795,0.004367990379805815,10.344827586206897,0.1386868686868687,4150.0
5221.791868741169,3216.294897802723,-12215.831829023613,0.004313043952846589,11.03448275862069,0.1386868686868687,4150.0
5401.579805981535,3255.0825312949787,-12628.65701990061,0.004260417980196284,11.724137931034484,0.1386868686868687,4150.0
5574.167887203368,3286.8535391110304,-13022.814013514333,0.004209940066021066,12.413793103448278,0.1386868686868687,4150.0
5740.123825144755,3312.3279705248347,-13399.803110742076,0.004161456995995836,13.10344827586207,0.1386868686868687,4150.0
5899.94661484358,3332.1354741289797,-13760.954108860504,0.004114830597324007,13.793103448275863,0.1386868686868687,4150.0
6054.0772914940635,3346.8355881783896,-14107.448537463715,0.004069936915746398,14.482758620689657,0.1386868686868687,4150.0
6202.914903349877,3356.9300968882994,-14440.343523424803,0.004026663411276436,15.172413793103448,0.1386868686868687,4150.0
6346.811791272265,3362.8615519221626,-14760.585813735532,0.0039849084986164195,15.862068965517242,0.1386868686868687,4150.0
6486.086415914877,3365.0312517597595,-15069.029841096919,0.003944579113193436,16.551724137931036,0.1386868686868687,4150.0
6621.030477266605,3363.7982460906755,-15366.445625212116,0.003905591095991706,17.24137931034483,0.1386868686868687,4150.0
6751.900450505061,3359.4850392785756,-15653.533266638464,0.003867866604899118,17.931034482758623,0.1386868686868687,4150.0
6878.940941810924,3352.3874708958724,-15930.92832335976,0.0038313348616933656,18.620689655172416,0.1386868686868687,4150.0
7002.362125993167,3342.7662392582192,-16199.210369954752,0.003795930473292134,19.310344827586206,0.1386868686868687,4150.0
7122.370009972198,3330.8668047418496,-16458.9104898804,0.0037615931106777484,20.0,0.1386868686868687,4150.0
0.0,0.0,9.041683475959871,0.005713610291175264,0.0,0.1485858585858586,4250.0
655.5124910545444,574.0371334551767,-1412.4336288153208,0.0055352594687167,0.6896551724137931,0.1485858585858586,4200.0
1195.9635519436804,1020.2768828105199,-2651.6401413251515,0.005404420228161462,1.3793103448275863,0.1485858585858586,4200.0
1661.6228619845458,1382.0371184475698,-3749.359158692845,0.005285156466495285,2.0689655172413794,0.1485858585858586,4200.0
2073.562886485681,1682.45616327565,-4734.135457807919,0.005175599808909241,2.7586206896551726,0.1485858585858586,4200.0
2444.4821655479873,1935.7441604785972,-5626.595929001953,0.00507431392810574,3.4482758620689657,0.1485858585858586,4200.0
2782.753758965182,2151.4385579574164,-6442.146078004036,0.0049801678520824035,4.137931034482759,0.1485858585858586,4200.0
3094.2530453433214,2336.3407725478687,-7192.605909333324,0.004892253021468866,4.827586206896552,0.1485858585858586,4200.0
3383.297057043113,2495.520943290658,-7887.249494133248,0.004809827388730209,5.517241379310345,0.1485858585858586,4200.0
3653.1694049965145,2632.8903677000744,-8533.491915807164,0.004732276231736785,6.206896551724139,0.1485858585858586,4200.0
3906.440178058342,2751.5425803038947,-9137.358051541043,0.004659084102782627,6.8965517241379315,0.1485858585858586,4200.0
4145.1655224419155,2853.983135154924,-9703.812237790073,0.0045898139261593505,7.586206896551724,0.1485858585858586,4200.0
4371.020912122592,2942.2701250096366,-10237.03551867856,0.00450438223570563,8.275862068965518,0.1485858585858586,4150.0
4585.393027413906,3018.1206229146405,-10740.593917075523,0.004442481850784712,8.965517241379311,0.1485858585858586,4150.0
4789.444627468697,3082.9866581004535,-11217.327517576501,0.004383485152483652,9.655172413793103,0.1485858585858586,4150.0
4984.16267401542,3138.1034625634397,-11669.786302499575,0.004327151033424566,10.344827586206897,0.1485858585858586,4150.0
5170.392288048899,3184.537893442026,-12100.174241525827,0.004273267619052235,11.03448275862069,0.1485858585858586,4150.0
5348.864059210338,3223.2127797279304,-12510.410335188542,0.004221647277585466,11.724137931034484,0.1485858585858586,4150.0
5520.216271978387,3254.934969519097,-12902.17619747221,0.004172122620352405,12.413793103448278,0.1485858585858586,4150.0
5685.0076101760615,3280.414599060635,-13276.952060979667,0.00412454475985171,13.10344827586207,0.1485858585858586,4150.0
5843.729334002712,3300.27272493327,-13636.050532759102,0.004078779106475316,13.793103448275863,0.1485858585858586,4150.0
5996.81968216233,3315.066568151056,-13980.637451684466,0.004034705383983498,14.482758620689657,0.1485858585858586,4150.0
6144.671633517303,3325.290336895717,-14311.75687557691,0.003992213814416862,15.172413793103448,0.1485858585858586,4150.0
6287.6309818323025,3331.3819002389278,-14630.343686158078,0.003951205713070151,15.862068965517242,0.1485858585858586,4150.0
6426.017558867591,3333.7413298240035,-14937.24148374614,0.003911590460911084,16.551724137931036,0.1485858585858586,4150.0
6560.112785898054,3332.7196884911586,-15233.211867136022,0.0038732859425785137,17.24137931034483,0.1485858585858586,4150.0
6690.176616865037,3328.641460090859,-15518.945558377105,0.003836216635679193,17.931034482758623,0.1485858585858586,4150.0
6816.444436499589,3321.7937795685234,-15795.071676191481,0.0038003132802124284,18.620689655172416,0.1485858585858586,4150.0
6939.129862549697,3312.441041419118,-16062.1622982552,0.003765512512227545,19.310344827586206,0.1485858585858586,4150.0
7058.430992442439,3300.820679732913,-16320.742782297319,0.003731755326180457,20.0,0.1485858585858586,4150.0
0.0,0.0,9.041683475959871,0.0056418818494703435,0.0,0.15848484848484848,4250.0
647.5428574848278,567.0552423518278,-1395.088000337877,0.005467592469174879,0.6896551724137931,0.15848484848484848,4200.0
1181.723454986965,1008.1195594475436,-2619.9327685901662,0.0053399763134710995,1.3793103448275863,0.15848484848484848,4200.0
1642.2093192847226,1365.873181993284,-3705.5383796558162,0.0052235854482543375,2.0689655172413794,0.15848484848484848,4200.0
2049.7523739708995,1663.1114675452975,-4679.946639212103,0.005116613030819648,2.7586206896551726,0.15848484848484848,4200.0
2416.8571691709544,1913.8346636898168,-5563.426459122966,0.005017669427637847,3.4482758620689657,0.15848484848484848,4200.0
2751.7702750388376,2127.442584557628,-6371.120076353422,0.004925660107478886,4.137931034482759,0.15848484848484848,4200.0
3060.275093519492,2310.6358678817105,-7114.648911957163,0.004839705378848296,4.827586206896552,0.15848484848484848,4200.0
3346.626549012331,2468.4161897334225,-7803.133852245061,0.004759086523831868,5.517241379310345,0.15848484848484848,4200.0
3614.0576001045565,2604.6388631481223,-8443.8695158286,0.004683207987435812,6.206896551724139,0.15848484848484848,4200.0
3865.1004664807824,2722.3551359229527,-9042.78497894189,0.004611570027499052,6.8965517241379315,0.15848484848484848,4200.0
4101.781132244326,2824.037700800245,-9604.766709698168,0.004543748924970952,7.586206896551724,0.15848484848484848,4200.0
4325.750841206063,2911.71700621581,-10133.901170834317,0.004459785796365988,8.275862068965518,0.15848484848484848,4150.0
4538.376352070589,2987.0889176848023,-10633.762859435417,0.004399147186816161,8.965517241379311,0.15848484848484848,4150.0
4740.8043194336,3051.586991854171,-11107.118004377968,0.004341337053690433,9.655172413793103,0.15848484848484848,4150.0
4934.007781946089,3106.430964877561,-11556.479122145312,0.004286121464806264,10.344827586206897,0.15848484848484848,4150.0
5118.820118544093,3152.67551286228,-11984.018404901966,0.004233294858143342,11.03448275862069,0.15848484848484848,4150.0
5295.9633503734,3191.232695328133,-12391.628486461363,0.00418267463843528,11.724137931034484,0.15848484848484848,4150.0
5466.066872869619,3222.9009409273053,-12780.96705656431,0.00413409849674308,12.413793103448278,0.15848484848484848,4150.0
5629.679426186539,3248.379394631651,-13153.495082372414,0.004087421418047463,13.10344827586207,0.15848484848484848,4150.0
5787.287260379711,3268.2838309013314,-13510.506792666667,0.004042512859128541,13.793103448275863,0.15848484848484848,4150.0
5939.326991099003,3283.1687862757954,-13853.153698066577,0.003999255577801618,14.482758620689657,0.15848484848484848,4150.0
6086.179298159496,3293.516554492608,-14182.46543831646,0.003957543082662929,15.172413793103448,0.15848484848484848,4150.0
6228.191603034984,3299.766520929385,-14499.366044848204,0.003917279079565491,15.862068965517242,0.15848484848484848,4150.0
6365.676448455254,3302.3106288565214,-14804.687651048436,0.003878375682031732,16.551724137931036,0.15848484848484848,4150.0
6498.911960167502,3301.4981361214304,-15099.18344871972,0.0038407526516690722,17.24137931034483,0.15848484848484848,4150.0
6628.158414620939,3297.6516682320253,-15383.535001758391,0.0038043367984081184,17.931034482758623,0.15848484848484848,4150.0
6753.642172128547,3291.0517515841484,-15658.364290234145,0.0037690604596349693,18.620689655172416,0.15848484848484848,4150.0
6875.582279056295,3281.9661766658437,-15924.23736853544,0.0037348618822681053,19.310344827586206,0.15848484848484848,4150.0
6994.165668801535,3270.622679798114,-16181.67247992324,0.0037016837826666068,20.0,0.15848484848484848,4150.0
0.0,0.0,9.041683475959871,0.00557029343714136,0.0,0.16838383838383839,4250.0
639.582106292206,560.081198595927,-1377.7647895824848,0.0054305149739636415,0.6896551724137931,0.16838383838383839,4250.0
1167.4917861320357,995.9696339732116,-2588.244372052781,0.005275572129206996,1.3793103448275863,0.16838383838383839,4200.0
1622.7982967775376,1349.7117039816799,-3661.7199694254887,0.005162016384131344,2.0689655172413794,0.16838383838383839,4200.0
2025.935099975192,1643.761794342676,-4625.73383080597,0.0050575962812520045,2.7586206896551726,0.16838383838383839,4200.0
2389.214290082903,1891.9116953542152,-5500.2001498328755,0.004960967789725787,3.4482758620689657,0.16838383838383839,4200.0
2720.7557858747577,2103.423385338354,-6300.000290335534,0.004871071839994294,4.137931034482759,0.16838383838383839,4200.0
3026.253408022424,2284.898929805913,-7036.558497466336,0.0047870570515189045,4.827586206896552,0.16838383838383839,4200.0
3309.8971011201056,2441.268849410829,-7718.843550229612,0.004708227508587885,5.517241379310345,0.16838383838383839,4200.0
3574.872437704554,2576.3351302707565,-8354.030640120785,0.004634006262179672,6.206896551724139,0.16838383838383839,4200.0
3823.6727818222166,2693.1067002766786,-8947.953273377469,0.004563909116005628,6.8965517241379315,0.16838383838383839,4200.0
4058.294146411543,2794.022620570508,-9505.420561025312,0.004497525365745045,7.586206896551724,0.16838383838383839,4200.0
4280.363623849203,2881.0860284242294,-10030.445416976276,0.00443450343999652,8.275862068965518,0.16838383838383839,4200.0
4491.228157600378,2955.9716429540986,-10526.548518144904,0.00435563655756973,8.965517241379311,0.16838383838383839,4150.0
4692.0182681990555,3020.094104891871,-10996.485074012104,0.004299004930251748,9.655172413793103,0.16838383838383839,4150.0
4883.6931119074,3074.658835399682,-11442.709226169696,0.004244900787522604,10.344827586206897,0.16838383838383839,4150.0
5067.075229903221,3120.7078772046825,-11867.361649519138,0.004193124620274891,11.03448275862069,0.16838383838383839,4150.0
5242.877574403843,3159.1424160213473,-12272.308389558333,0.00414349891225073,11.724137931034484,0.16838383838383839,4150.0
5411.717229700079,3190.749748947246,-12659.183411434133,0.004095866322022165,12.413793103448278,0.16838383838383839,4150.0
5574.137982228618,3216.2217106826197,-13029.428270853525,0.004050085610466172,13.10344827586207,0.16838383838383839,4150.0
5730.622558035914,3236.1707853580638,-13384.31897796895,0.004006030247562024,13.793103448275863,0.16838383838383839,4150.0
5881.5958693935045,3251.140035694414,-13724.99252287631,0.0039635859405597095,14.482758620689657,0.16838383838383839,4150.0
6027.4362910011705,3261.607927444179,-14052.46430258931,0.003922649470839714,15.172413793103448,0.16838383838383839,4150.0
6168.491066749232,3268.0138712478265,-14367.647268981054,0.0038831268585386033,15.862068965517242,0.16838383838383839,4150.0
6305.0611309966735,3270.7384457694006,-14671.3622845387,0.00384493295023536,16.551724137931036,0.16838383838383839,4150.0
6437.428613281181,3270.1345505252457,-14964.353585452249,0.0038079894147849142,17.24137931034483,0.16838383838383839,4150.0
6565.8433966212815,3266.514621664222,-15247.294662136817,0.003772225103946813,17.931034482758623,0.16838383838383839,4150.0
6690.536019126664,3260.1632794550774,-15520.799300547827,0.0037375742219589963,18.620689655172416,0.16838383838383839,4150.0
6811.716223769171,3251.339226855798,-15785.427772283241,0.003703976444202738,19.310344827586206,0.16838383838383839,4150.0
6929.575535638505,3240.2744994787195,-16041.691339015342,0.0036713762700496585,20.0,0.16838383838383839,4150.0
0.0,0.0,9.041683475959871,0.005498844423273353,0.0,0.1782828282828283,4250.0
631.6302053459633,553.1149738848351,-1360.465636049128,0.005362666291986757,0.6896551724137931,0.1782828282828283,4250.0
1153.268509221749,983.8270754656336,-2556.5749102615664,0.005211207597424534,1.3793103448275863,0.1782828282828283,4200.0
1603.3897686927287,1333.5526637101293,-3617.9039326346247,0.0051004493013074356,2.0689655172413794,0.1782828282828283,4200.0
2002.1110363599596,1624.4071228662708,-4571.497063792034,0.004998549623017137,2.7586206896551726,0.1782828282828283,4200.0
2361.5540596936407,1869.9757544030153,-5436.917071844291,0.00490420902341139,3.4482758620689657,0.1782828282828283,4200.0
2689.710184100983,2079.380877493128,-6228.786626678193,0.004816403084950005,4.137931034482759,0.1782828282828283,4200.0
2992.187544014359,2259.1295680154212,-6958.334477063749,0.004734307992078567,4.827586206896552,0.1782828282828283,4200.0
3273.108576891592,2414.0788373921446,-7634.378405155294,0.004657250116996424,5.517241379310345,0.1782828282828283,4200.0
3535.6136851119873,2547.979313637501,-8263.974802752004,0.004584670790045913,6.206896551724139,0.1782828282828283,4200.0
3782.156815152944,2663.7970700678557,-8852.862217087146,0.00451610099237113,6.8965517241379315,0.1782828282828283,4200.0
4014.7041690611954,2763.9376381885404,-9405.772803731059,0.004451142767445167,7.586206896551724,0.1782828282828283,4200.0
4234.858704659046,2850.3768288288784,-9926.656217064548,0.004389455445374794,8.275862068965518,0.1782828282828283,4200.0
4443.947855041773,2924.768430962395,-10418.949289088916,0.004311949260912923,8.965517241379311,0.1782828282828283,4150.0
4643.085777765083,2988.5079581502487,-10885.426775691463,0.004256487964231465,9.655172413793103,0.1782828282828283,4150.0
4833.2186437557075,3042.787266378433,-11328.474126846311,0.004203488132529669,10.344827586206897,0.1782828282828283,4150.0
5015.158010625741,3088.6355026924566,-11750.20127442549,0.004152755859788599,11.03448275862069,0.1782828282828283,4150.0
5189.603711734167,3126.9397479534887,-12152.446895147943,0.0041041189847295005,11.724137931034484,0.1782828282828283,4150.0
5357.166170145924,3158.4807287810427,-12536.821754172495,0.004057424832416128,12.413793103448278,0.1782828282828283,4150.0
5518.383847972088,3183.9426279929735,-12904.747697949744,0.004012535972747148,13.10344827586207,0.1782828282828283,4150.0
5673.730485622397,3203.9302267471826,-13257.482735040328,0.0039693298020304964,13.793103448275863,0.1782828282828283,4150.0
5823.6247424046005,3218.9787772780182,-13596.149118071502,0.003927694914435871,14.482758620689657,0.1782828282828283,4150.0
5968.444548900677,3229.566333062378,-13921.748244446571,0.003887531316479469,15.172413793103448,0.1782828282828283,4150.0
6108.525997341599,3236.1218750656485,-14235.181413111299,0.0038487474010640865,15.862068965517242,0.1782828282828283,4150.0
6244.171003035751,3239.0248372597553,-14537.259276333949,0.003811260423835289,16.551724137931036,0.1782828282828283,4150.0
6375.65748329113,3238.6255620106763,-14828.715968875782,0.0037749942747681148,17.24137931034483,0.1782828282828283,4150.0
6503.229655983849,3235.2298284424164,-15110.217542572282,0.0037398795446466075,17.931034482758623,0.1782828282828283,4150.0
6627.119938305622,3229.1245993697407,-15382.36930964225,0.0037058524693526695,18.620689655172416,0.1782828282828283,4150.0
6747.5292526554185,3220.559814134181,-15645.725263882465,0.0036728541455237794,19.310344827586206,0.1782828282828283,4150.0
6864.653839470385,3209.772048879624,-15900.79103253063,0.003640830554980764,20.0,0.1782828282828283,4150.0
0.0,0.0,9.041683475959871,0.005427534181585073,0.0,0.18818181818181817,4250.0
623.6871227315712,546.1565401062609,-1343.1871471342602,0.005294901619560279,0.6896551724137931,0.18818181818181817,4250.0
1139.0537311142161,971.6919927920904,-2524.924342112441,0.005146882640820625,1.3793103448275863,0.18818181818181817,4200.0
1583.9837094794786,1317.3960406613849,-3574.0902742640246,0.005038884227337607,2.0689655172413794,0.18818181818181817,4200.0
1978.2801307788177,1605.0474121724217,-4517.236369948041,0.004939473119448799,2.7586206896551726,0.18818181818181817,4200.0
2333.875555895857,1848.025988568234,-5373.577250124108,0.0048473931752424666,3.4482758620689657,0.18818181818181817,4200.0
2658.6334484777085,2055.315055349932,-6157.479123571546,0.004761653793951932,4.137931034482759,0.18818181818181817,4200.0
2958.076791747835,2233.3271599484633,-6879.97679257844,0.004681458079087241,4.827586206896552,0.18818181818181817,4200.0
3236.2623744887837,2386.847456570117,-7549.7381346205,0.004606154182082132,5.517241379310345,0.18818181818181817,4200.0
3496.2810738622547,2519.5712306928785,-8173.701519662871,0.004535201306263679,6.206896551724139,0.18818181818181817,4200.0
3740.5522567812295,2634.4260416434986,-8757.511093726534,0.004468145281490777,6.8965517241379315,0.18818181818181817,4200.0
3971.0108010372996,2733.7824953319773,-9305.822444982776,0.004404600659213879,7.586206896551724,0.18818181818181817,4200.0
4189.235651952211,2819.5891416989834,-9822.522262251376,0.004344237397932635,8.275862068965518,0.18818181818181817,4200.0
4396.534797268193,2893.478873184413,-10310.963565735467,0.004268084593778856,8.965517241379311,0.18818181818181817,4150.0
4594.007481731916,2956.8292664057044,-10773.941148771613,0.0042137853462281384,9.655172413793103,0.18818181818181817,4150.0
4782.584704868379,3010.8166859354096,-11213.771773371787,0.004161882457276167,10.344827586206897,0.18818181818181817,4150.0
4963.065451549898,3056.455639753516,-11632.534568272793,0.004112187527035243,11.03448275862069,0.18818181818181817,4150.0
5136.140607062548,3094.624010347759,-12032.040696633623,0.004064533779422106,11.724137931034484,0.18818181818181817,4150.0
5302.413316570185,3126.0938767374346,-12413.87855893602,0.0040187727576365155,12.413793103448278,0.18818181818181817,4150.0
5462.4150316183,3151.540865997241,-12779.44913289052,0.003974771256881,13.10344827586207,0.18818181818181817,4150.0
5616.6096017507625,3171.5613746687404,-13129.993683159322,0.0039324100434755885,13.793103448275863,0.18818181818181817,4150.0
5765.413256583964,3186.685811745795,-13466.61834960222,0.0038915810589342046,14.482758620689657,0.18818181818181817,4150.0
5909.198819579906,3197.388173010558,-13790.312002218889,0.0038521869448111252,15.172413793103448,0.18818181818181817,4150.0
6048.294682444599,3204.0890835232944,-14101.963017770802,0.003814138898723815,15.862068965517242,0.18818181818181817,4150.0
6183.005025861887,3207.169487812598,-14402.372468919057,0.003777356245726419,16.551724137931036,0.18818181818181817,4150.0
6313.5965348663485,3206.970181560175,-14692.264163704378,0.00374176523904593,17.24137931034483,0.18818181818181817,4150.0
6440.318005850934,3203.7984373062955,-14972.296417088954,0.003707298142864428,17.931034482758623,0.18818181818181817,4150.0
6563.391357580121,3197.934455911398,-15243.066805996408,0.0036738930953840103,18.620689655172416,0.18818181818181817,4150.0
6683.022492804119,3189.6294405530293,-15505.122263282123,0.0036414927385393383,19.310344827586206,0.18818181818181817,4150.0
6799.397887533527,3179.114103377371,-15758.963149467061,0.0036100443806775045,20.0,0.18818181818181817,4150.0
0.0,0.0,9.041683475959871,0.005356362090381003,0.0,0.19808080808080808,4250.0
615.7528267482974,539.2058693359369,-1325.929255200499,0.005227220679766101,0.6896551724137931,0.19808080808080808,4250.0
1124.8477133292706,959.5646422189013,-2493.292617240193,0.005082597196782661,1.3793103448275863,0.19808080808080808,4200.0
1564.5800850786356,1301.2418071028442,-3530.2789996397332,0.004977321190146044,2.0689655172413794,0.19808080808080808,4200.0
1954.4431906733955,1585.6834342641714,-4462.9517816213265,0.004880366834400548,2.7586206896551726,0.19808080808080808,4200.0
2306.1787363596886,1826.0623681173192,-5310.180706239189,0.004790520295921818,3.4482758620689657,0.19808080808080808,4200.0
2627.52550843965,2031.2258701574028,-6086.077746190778,0.004706823969569652,4.137931034482759,0.19808080808080808,4200.0
2923.9210387900557,2207.491628706035,-6801.485305275062,0.00462850724209674,4.827586206896552,0.19808080808080808,4200.0
3199.3570901492785,2359.573470333004,-7464.922449781552,0.004554939542863644,5.517241379310345,0.19808080808080808,4200.0
3456.8760044220357,2491.1121901852216,-8083.210308698392,0.004485597547238333,6.206896551724139,0.19808080808080808,4200.0
3698.8594209060684,2604.9939771822324,-8661.899185788301,0.004420041615130737,6.8965517241379315,0.19808080808080808,4200.0
3927.2140606691187,2703.5569656373636,-9205.568430471867,0.004357898579941365,7.586206896551724,0.19808080808080808,4200.0
4143.494988115532,2788.7235443035747,-9718.042342453911,0.004298848657776006,8.275862068965518,0.19808080808080808,4200.0
4348.990706474811,2862.1045754500597,-10202.589739215517,0.004224041852212677,8.965517241379311,0.19808080808080808,4150.0
4544.782581460698,2925.05750164478,-10662.02613216926,0.004170896314947568,9.655172413793103,0.19808080808080808,4150.0
4731.788621627737,2978.7450657867485,-11098.59983349363,0.004120082823036888,10.344827586206897,0.19808080808080808,4150.0
4910.796615798727,3024.1681446013863,-11514.358809401208,0.004071418568420792,11.03448275862069,0.19808080808080808,4150.0
5082.487434943808,3062.194781605648,-11911.086985067719,0.0040247420153494366,11.724137931034484,0.19808080808080808,4150.0
5247.458961948133,3093.5896552356767,-12290.350282006497,0.003979908820914963,12.413793103448278,0.19808080808080808,4150.0
5406.229064058813,3119.0147741572246,-12653.528909240245,0.003936789983404356,13.10344827586207,0.19808080808080808,4150.0
5559.2583720287785,3139.063379422123,-13001.84741451007,0.003895269483541051,13.793103448275863,0.19808080808080808,4150.0
5706.960687913775,3154.2609493377795,-13336.395804791588,0.0038552426537887237,14.482758620689657,0.19808080808080808,4150.0
5849.697377655071,3165.0725448674566,-13658.150276431224,0.0038166146687471742,15.172413793103448,0.19808080808080808,4150.0
5987.797746219747,3171.9168323278827,-13967.986477591883,0.003779299524815314,15.862068965517242,0.19808080808080808,4150.0
6121.558858548919,3175.169657876929,-14266.69556956656,0.003743218568433971,16.551724137931036,0.19808080808080808,4150.0
6251.244702820689,3175.1674538221355,-14554.991504764112,0.0037083003468416716,17.24137931034483,0.19808080808080808,4150.0
6377.102653882862,3172.216793638139,-14833.52411356903,0.003674478894273471,17.931034482758623,0.19808080808080808,4150.0
6499.348562976384,3166.5920184507663,-15102.884208092466,0.0036416939732871138,18.620689655172416,0.19808080808080808,4150.0
6618.18972551571,3158.544309221437,-15363.61086105636,0.0036098899972238536,19.310344827586206,0.19808080808080808,4150.0
6733.806032198792,3148.3002418980013,-15616.19882680336,0.003579015568246491,20.0,0.19808080808080808,4150.0
0.0,0.0,9.041683475959871,0.005285327532504113,0.0,0.207979797979798,4250.0
607.8272859072001,532.2629338360674,-1308.691893038529,0.005159623197437402,0.6896551724137931,0.207979797979798,4250.0
1110.6500003282104,947.4445844787886,-2461.6797041824393,0.005018351175532695,1.3793103448275863,0.207979797979798,4200.0
1545.1792536826574,1285.0903137703353,-3486.470114427757,0.004915760218021816,2.0689655172413794,0.207979797979798,4200.0
1930.5996134465684,1566.3146204814714,-4408.6433316361945,0.004821230832624515,2.7586206896551726,0.207979797979798,4200.0
2278.4635589751733,1804.0848635141765,-5246.727462723968,0.004733590436969485,3.4482758620689657,0.207979797979798,4200.0
2596.3870112709506,2007.1139496130404,-6014.582461136357,0.004651913615479658,4.137931034482759,0.207979797979798,4200.0
2889.7201727927654,2181.622897522685,-6722.859878232666,0.004575455411954018,4.827586206896552,0.207979797979798,4200.0
3162.39227616529,2332.2565140025094,-7379.931063809963,0.004503606039693509,5.517241379310345,0.207979797979798,4200.0
3417.397009377387,2462.600924906891,-7992.50068964222,0.004435859250576048,6.206896551724139,0.207979797979798,4200.0
3657.0788169348157,2575.5013835815553,-8566.025771089473,0.004371789637863025,6.8965517241379315,0.207979797979798,4200.0
3883.3148599064293,2673.262206443589,-9105.009778608794,0.004311036036348711,7.586206896551724,0.207979797979798,4200.0
4097.636632934857,2757.7800611226676,-9613.215174358404,0.00425328861588624,8.275862068965518,0.207979797979798,4200.0
4301.31302020839,2830.6434822361316,-10093.826198409406,0.004179820331418604,8.965517241379311,0.207979797979798,4150.0
4495.409083085594,2893.1911561840166,-10549.67974307698,0.004127820051122798,9.655172413793103,0.207979797979798,4150.0
4680.829572073714,2946.571912701339,-10982.95596786472,0.004078088288322832,10.344827586206897,0.207979797979798,4150.0
4858.350464881483,2991.772484663348,-11395.671212141351,0.004030447958210481,11.03448275862069,0.207979797979798,4150.0
5028.645966703845,3029.653743250558,-11789.582619882327,0.003984742520557542,11.724137931034484,0.207979797979798,4150.0
5192.299644735225,3060.964984377153,-12166.233361852173,0.003940831739040113,12.413793103448278,0.207979797979798,4150.0
5349.824651866701,3086.3636393981683,-12526.983098073964,0.0038985907380985818,13.10344827586207,0.207979797979798,4150.0
5501.67853796966,3106.4379641011033,-12873.039494189055,0.003857906624590085,13.793103448275863,0.207979797979798,4150.0
5648.263443935241,3121.7018007358397,-13205.476599833484,0.003818678098475486,14.482758620689657,0.207979797979798,4150.0
5789.9385166615875,3132.618593879291,-13525.257598752534,0.0037808128282555693,15.172413793103448,0.207979797979798,4150.0
5927.032078124847,3139.6033885514585,-13833.245996194033,0.0037442274835547073,15.862068965517242,0.207979797979798,4150.0
6059.830372097158,3143.0242656014593,-14130.222110603368,0.003708845585859562,16.551724137931036,0.207979797979798,4150.0
6188.601417309287,3143.2180700004296,-14416.891270310996,0.003674597620229463,17.24137931034483,0.207979797979798,4150.0
6313.581478608316,3140.4839000327997,-14693.893798523772,0.0036414196664817282,17.931034482758623,0.207979797979798,4150.0
6434.991537850711,3135.0974245476827,-14961.813766699372,0.003609252982703719,18.620689655172416,0.207979797979798,4150.0
6553.028349178732,3127.3032144518606,-15221.182939595245,0.00357804369397248,19.310344827586206,0.207979797979798,4150.0
6667.877299787936,3117.3295957401792,-15472.489872632177,0.0035477417386877413,20.0,0.207979797979798,4150.0
0.0,0.0,9.041683475959871,0.0052144298952891835,0.0,0.21787878787878787,4250.0
599.9104689292308,525.3277060535593,-1291.474993864511,0.005092108899141781,0.6896551724137931,0.21787878787878787,4250.0
1096.4605637510508,935.3317955307926,-2430.0855645234915,0.00495414449926854,1.3793103448275863,0.21787878787878787,4200.0
1525.7812492328828,1268.9415931996168,-3442.663624630921,0.004854201339614292,2.0689655172413794,0.21787878787878787,4200.0
1906.7491370325818,1546.9407287576096,-4354.311052744597,0.004762065181812305,2.7586206896551726,0.21787878787878787,4200.0
2250.7299818518727,1782.0934454191045,-5183.217543078426,0.004676603650722689,3.4482758620689657,0.21787878787878787,4200.0
2565.2178650061433,1982.979211978344,-5942.993236437265,0.004596922736469371,4.137931034482759,0.21787878787878787,4200.0
2855.4740814937027,2155.72088976857,-6644.100376352842,0.004522302520811247,4.827586206896552,0.21787878787878787,4200.0
3125.367765235203,2304.896474644097,-7294.763691913671,0.0044521535142752686,5.517241379310345,0.21787878787878787,4200.0
3377.843494829551,2434.0369603747467,-7901.572181154144,0.004385986161849119,6.206896551724139,0.21787878787878787,4200.0
3615.2086636692516,2545.946763896779,-8469.89008904872,0.004323388997510995,6.8965517241379315,0.21787878787878787,4200.0
3839.311110820885,2642.8965466114323,-9004.145625167199,0.004264012488428195,7.586206896551724,0.21787878787878787,4200.0
4051.6587140310144,2726.7571954544355,-9508.0394741438,0.004207556663045813,8.275862068965518,0.21787878787878787,4200.0
4253.500852533486,2799.0947713460587,-9984.696714179641,0.004153762257149451,8.965517241379311,0.21787878787878787,4200.0
4445.8863733062335,2861.2298688041146,-10436.900189528053,0.004084555662325992,9.655172413793103,0.21787878787878787,4150.0
4629.706674663325,2914.296693344631,-10866.837830138968,0.004035897908931682,10.344827586206897,0.21787878787878787,4150.0
4805.728667730377,2959.27027476034,-11276.468863197799,0.003989274714425537,11.03448275862069,0.21787878787878787,4150.0
4974.612242362166,2996.9979296990086,-11667.5244468003,0.003944534118008512,11.724137931034484,0.21787878787878787,4150.0
5136.934041853163,3028.2197183645035,-12041.523988204746,0.003901540315551693,12.413793103448278,0.21787878787878787,4150.0
5293.201909715547,3053.5879060683255,-12399.807682988067,0.003860172120863085,13.10344827586207,0.21787878787878787,4150.0
5443.865619621807,3073.681458951318,-12743.565177103475,0.003820320060485729,13.793103448275863,0.21787878787878787,4150.0
5589.319911951117,3089.00750650299,-13073.85581859418,0.003781885781691552,14.482758620689657,0.21787878787878787,4150.0
5729.923718728314,3100.0278824194343,-13391.628513758136,0.003744779765764741,15.172413793103448,0.21787878787878787,4150.0
5865.994625179256,3107.1469177610443,-13697.735733266636,0.0037089209652210403,15.862068965517242,0.21787878787878787,4150.0
5997.819703620731,3110.7339361193417,-13992.946203539665,0.003674235305638907,16.551724137931036,0.21787878787878787,4150.0
6125.661840709362,3111.1191116022374,-14277.956681763586,0.0036406550640686523,17.24137931034483,0.21787878787878787,4150.0
6249.75345484923,3108.5996266807642,-14553.398220803334,0.0036081183761860957,17.931034482758623,0.21787878787878787,4150.0
6370.314509546371,3103.447805474954,-14819.847535536093,0.0035765680231618848,18.620689655172416,0.21787878787878787,4150.0
6487.537310244012,3095.9061073068005,-15077.830303004928,0.003545951578925663,19.310344827586206,0.21787878787878787,4150.0
6601.606193032149,3086.1996607535125,-15327.827757399245,0.0035162205601175006,20.0,0.21787878787878787,4150.0
0.0,0.0,9.041683475959871,0.005143668570516756,0.0,0.22777777777777777,4250.0
592.0023447427936,518.4001586178567,-1274.2784913154683,0.005024677513164517,0.6896551724137931,0.22777777777777777,4250.0
1082.2793736991075,923.2262498556452,-2398.5101585405573,0.004889977093251951,1.3793103448275863,0.22777777777777777,4200.0
1506.385613973915,1252.7952105052066,-3398.8595365837537,0.004792644583928816,2.0689655172413794,0.22777777777777777,4200.0
1882.8917342708778,1527.5617391353614,-4299.954978726768,0.004702869947784893,2.7586206896551726,0.22777777777777777,4200.0
2222.9779633184794,1760.0880846885586,-5119.65097176547,0.004619559990335332,3.4482758620689657,0.22777777777777777,4200.0
2534.017306644779,1958.8209705088877,-5871.31004155222,0.004541851338441243,4.137931034482759,0.22777777777777777,4200.0
2821.1830260947827,2129.785882490261,-6565.206666370657,0.00446904850213592,4.827586206896552,0.22777777777777777,4200.0
3088.283389906213,2277.4932393174327,-7209.420051196663,0.004400581810038372,5.517241379310345,0.22777777777777777,4200.0
3338.215223459569,2405.4201384733315,-7810.4242998343325,0.004335978034749705,6.206896551724139,0.22777777777777777,4200.0
3573.248628776953,2516.3298974498853,-8373.491393884877,0.004274839334715157,6.8965517241379315,0.22777777777777777,4200.0
3795.202412519323,2612.4597276402073,-8902.974989140937,0.004216827447207458,7.586206896551724,0.22777777777777777,4200.0
4005.56073379082,2695.654631992956,-9402.513957555908,0.004161652189882582,8.275862068965518,0.22777777777777777,4200.0
4205.553516317037,2767.457923363407,-9875.18195382091,0.004109062715628144,8.965517241379311,0.22777777777777777,4200.0
4396.213650251804,2829.173142137555,-10323.685498028106,0.004041102321384232,9.655172413793103,0.22777777777777777,4150.0
4578.421551954281,2881.9209668077965,-10750.243067068273,0.003993510737999301,10.344827586206897,0.22777777777777777,4150.0
4752.928086549545,2926.65912936145,-11156.74930160246,0.0039478976708307665,11.03448275862069,0.22777777777777777,4150.0
4920.385181052489,2964.226717907209,-11544.909297923521,0.0039041156256267363,11.724137931034484,0.22777777777777777,4150.0
5081.361309369085,2995.353479596708,-11916.218762249795,0.003862033210659276,12.413793103448278,0.22777777777777777,4150.0
5236.359768929871,3020.6870191001,-12271.99862542915,0.0038215327238267567,13.10344827586207,0.22777777777777777,4150.0
5385.8180492760475,3040.793276905373,-12613.420266732144,0.0037825082147006674,13.793103448275863,0.22777777777777777,4150.0
5530.1299350088875,3056.1783826982833,-12941.5285125921,0.0037448640813639274,14.482758620689657,0.22777777777777777,4150.0
5669.648035762703,3067.296459450399,-13257.25792795905,0.0037085136805307555,15.172413793103448,0.22777777777777777,4150.0
5804.683424214799,3074.5464110488783,-13561.449804445874,0.0036733781461331496,15.862068965517242,0.22777777777777777,4150.0
5935.524556729356,3078.2974036585942,-13854.861488648894,0.00363938580836063,16.551724137931036,0.22777777777777777,4150.0
6062.423574623043,3078.869375028531,-14138.180529116711,0.003606470769357163,17.24137931034483,0.22777777777777777,4150.0
6185.617452479744,3076.563711344419,-14412.030065285879,0.003574572920971859,17.931034482758623,0.22777777777777777,4150.0
6305.315228558682,3071.6421337563625,-14676.978196336866,0.0035436368228543946,18.620689655172416,0.22777777777777777,4150.0
6421.714767695017,3064.352314244767,-14933.544584835749,0.0035136114037921436,19.310344827586206,0.22777777777777777,4150.0
6534.989908509709,3054.909293128975,-15182.203726323874,0.0034844496794840924,20.0,0.22777777777777777,4150.0
0.0,0.0,9.041683475959871,0.0050730429541842315,0.0,0.23767676767676768,4250.0
584.1028824821026,511.4802643395775,-1257.1023194450463,0.00495732876949203,0.6896551724137931,0.23767676767676768,4250.0
1068.1064004884174,911.127922118435,-2366.9534468384227,0.004825848883349931,1.3793103448275863,0.23767676767676768,4200.0
1486.992323402481,1236.6511460576353,-3355.0578569501886,0.004731089980322257,2.0689655172413794,0.23767676767676768,4200.0
1859.027378268286,1508.177579074359,-4245.57514405212,0.004643645196274876,2.7586206896551726,0.23767676767676768,4200.0
2195.207448898516,1738.0687417328354,-5056.027774167145,0.004562459509903023,3.4482758620689657,0.23767676767676768,4200.0
2502.785266291871,1934.639177157488,-5799.53284737315,0.004486699428416684,4.137931034482759,0.23767676767676768,4200.0
2786.847732321832,2103.818556166887,-6486.178616862206,0.004415693290726815,4.827586206896552,0.23767676767676768,4200.0
3051.13891456662,2250.046642481042,-7123.8998556638035,0.004348890782632627,5.517241379310345,0.23767676767676768,4200.0
3298.511931219807,2376.750279132413,-7719.056520575876,0.004285834631734178,6.206896551724139,0.23767676767676768,4200.0
3531.1984697827133,2486.650636276223,-8276.82910142775,0.004226140224553424,6.8965517241379315,0.23767676767676768,4200.0
3750.988362861105,2581.951490415972,-8801.496890399561,0.004169480424238623,7.586206896551724,0.23767676767676768,4200.0
3959.3421927141376,2664.4720544610077,-9296.637339933157,0.004115574586998848,8.275862068965518,0.23767676767676768,4200.0
4157.470860218039,2735.733246453716,-9765.272880313176,0.004064180139454578,8.965517241379311,0.23767676767676768,4200.0
4346.392864918513,2797.02278957328,-10210.033690935437,0.003997459199537977,9.655172413793103,0.23767676767676768,4150.0
4526.971326741618,2849.4421670783286,-10633.169244232937,0.00395092585833892,10.344827586206897,0.23767676767676768,4150.0
4699.9474826512005,2893.93825328248,-11036.509764718729,0.003906315757922582,11.03448275862069,0.23767676767676768,4150.0
4865.963661928513,2931.339459358281,-11421.73399182158,0.0038634858563469433,11.724137931034484,0.23767676767676768,4150.0
5025.582830766024,2962.3676580130928,-11790.314182123533,0.0038223090848672463,12.413793103448278,0.23767676767676768,4150.0
5179.295161892133,2987.6588730393164,-12143.551864747948,0.00378267113138219,13.10344827586207,0.23767676767676768,4150.0
5327.534283277299,3007.7727867722733,-12482.600331653375,0.003744469535901078,13.793103448275863,0.23767676767676768,4150.0
5470.6923149375825,3023.2138676630666,-12808.489693784497,0.0037076113667001863,14.482758620689657,0.23767676767676768,4150.0
5609.1096854483685,3034.4237357004495,-13122.140388832471,0.0036720128353345087,15.172413793103448,0.23767676767676768,4150.0
5743.099474125667,3041.8031585581934,-13424.38195820438,0.003637597278714056,15.862068965517242,0.23767676767676768,4150.0
5872.941164676258,3045.711552831922,-13715.961556073962,0.0036042951583165083,16.551724137931036,0.23767676767676768,4150.0
5998.886656087876,3046.469468441424,-13997.556373134394,0.003572042619524708,17.24137931034483,0.23767676767676768,4150.0
6121.168592202441,3044.3726865479625,-14269.781952446487,0.0035407811793670353,17.931034482758623,0.23767676767676768,4150.0
6239.993185340105,3039.6807328804875,-14533.197873018718,0.0035104571826368464,18.620689655172416,0.23767676767676768,4150.0
6355.55550997151,3032.638535594327,-14788.317176335891,0.0034810209395309696,19.310344827586206,0.23767676767676768,4150.0
6468.028502570642,3023.45932120126,-15035.608937438701,0.0034524267194580623,20.0,0.23767676767676768,4150.0
0.0,0.0,9.041683475959871,0.005002552445088696,0.0,0.24757575757575756,4250.0
576.2120514850307,504.56799620854594,-1239.9464127189567,0.004890062399795779,0.6896551724137931,0.24757575757575756,4250.0
1053.9416146474287,899.0367871665679,-2335.4153903467886,0.004761759796027968,1.3793103448275863,0.24757575757575756,4200.0
1467.6013532238148,1220.5093804036762,-3311.2585927184773,0.004669537558498751,2.0689655172413794,0.24757575757575756,4200.0
1835.1560423486783,1488.7881864251024,-4191.171583742624,0.0045843909935215435,2.7586206896551726,0.24757575757575756,4200.0
2167.4191634445765,1716.0361142097543,-4992.347975171106,0.004505302268402687,3.4482758620689657,0.24757575757575756,4200.0
2471.5216740441247,1910.4335586230202,-5727.661625703062,0.004431467015826138,4.137931034482759,0.24757575757575756,4200.0
2752.4668798251073,2077.8177291084953,-6407.016095109728,0.004362236829620622,4.827586206896552,0.24757575757575756,4200.0
3013.9359696614447,2222.5581978047826,-7038.2028234194295,0.004297080282771174,5.517241379310345,0.24757575757575756,4200.0
3258.7338371439555,2348.027649167067,-7627.468358598511,0.004235555698228513,6.206896551724139,0.24757575757575756,4200.0
3489.057931943668,2456.9088408824964,-8179.902504654092,0.004177291297223123,6.8965517241379315,0.24757575757575756,4200.0
3706.6689047779178,2551.3718952822,-8699.710349752328,0.004121970931637888,7.586206896551724,0.24757575757575756,4200.0
3913.0038545407883,2633.2102683705225,-9190.408297789589,0.004069323272685759,8.275862068965518,0.24757575757575756,4200.0
4109.254039470812,2703.921852599009,-9654.967945719436,0.0040191137682553555,8.965517241379311,0.24757575757575756,4200.0
4296.4208378775365,2764.7762883244745,-10095.942786559135,0.0039536254664939464,9.655172413793103,0.24757575757575756,4150.0
4475.3547271847,2816.859566809214,-10515.613889935186,0.003908142373586501,10.344827586206897,0.24757575757575756,4150.0
4646.785891238905,2861.107080201908,-10915.74748008859,0.003864527902502622,11.03448275862069,0.24757575757575756,4150.0
4811.34890650633,2898.337286523848,-11297.99513891834,0.0038226436848277402,11.724137931034484,0.24757575757575756,4150.0
4969.594592098863,2929.2593142142023,-11663.806614962486,0.0037823666289098583,12.413793103448278,0.24757575757575756,4150.0
5122.0066154931765,2954.5026387061775,-12014.46311085554,0.0037435859825238112,13.10344827586207,0.24757575757575756,4150.0
5269.016023484324,2974.6217093326277,-12351.100827858776,0.0037062024888019503,13.793103448275863,0.24757575757575756,4150.0
5411.003335479011,2990.1114983840434,-12674.734004678074,0.003670126097743674,14.482758620689657,0.24757575757575756,4150.0
5548.307439981603,3001.409460889234,-12986.27040572487,0.003635275480603062,15.172413793103448,0.24757575757575756,4150.0
5681.238563999158,3008.9143846534635,-13286.526579371173,0.0036015764466018614,15.862068965517242,0.24757575757575756,4150.0
5810.067411780038,3012.976143035291,-13576.239945191162,0.003568961404110671,16.551724137931036,0.24757575757575756,4150.0
5935.04857475971,3013.918045000624,-13856.077315486436,0.0035373685702219776,17.24137931034483,0.24757575757575756,4150.0
6056.404304672295,3012.0253683185,-14126.64610294954,0.0035067410968137674,17.931034482758623,0.24757575757575756,4150.0
6174.345704346324,3007.562264244147,-14388.498626168723,0.0034770268715361924,18.620689655172416,0.24757575757575756,4150.0
6289.057075820012,3000.763245998981,-14642.140170968421,0.0034481777748048485,19.310344827586206,0.24757575757575756,4150.0
6400.7173469573745,2991.8471401770244,-14888.034303820437,0.003420149317123929,20.0,0.24757575757575756,4150.0
0.0,0.0,9.041683475959871,0.004932196447737659,0.0,0.25747474747474747,4250.0
568.3298212911839,497.663327392127,-1222.8107060130133,0.0048228781374159875,0.6896551724137931,0.25747474747474747,4250.0
1039.7849869150841,886.9528200281436,-2303.8959503160295,0.0046977097583430875,1.3793103448275863,0.25747474747474747,4200.0
1448.212675993804,1204.3698911612346,-3267.4617471617094,0.00460798735217222,2.0689655172413794,0.25747474747474747,4200.0
1811.2777000516455,1469.3936369895023,-4136.744333368544,0.00452510740626791,2.7586206896551726,0.25747474747474747,4200.0
2139.6127853475164,1693.9899002870902,-4928.61160118354,0.00444808832327069,3.4482758620689657,0.25747474747474747,4200.0
2440.2264592360734,1886.204287759294,-5655.696347205834,0.004376154116962903,4.137931034482759,0.25747474747474747,4200.0
2718.0403554122827,2051.78332428566,-6327.718970125148,0.004308679062069358,4.827586206896552,0.25747474747474747,4200.0
2976.6726970153195,2195.0260890834816,-6952.328605804978,0.004245150188847937,5.517241379310345,0.25747474747474747,4200.0
3218.8817446505723,2319.2530051098383,-7535.659441544485,0.00418514093470709,6.206896551724139,0.25747474747474747,4200.0
3446.8286340451846,2427.1060098034363,-8082.710898303369,0.004128292183976843,6.8965517241379315,0.25747474747474747,4200.0
3662.2451395063645,2520.7219873607046,-8597.614389011593,0.004074298482125127,7.586206896551724,0.25747474747474747,4200.0
3866.5449200073876,2601.868677992322,-9083.825414401123,0.004022897692562806,8.275862068965518,0.25747474747474747,4200.0
4060.9003581013208,2672.0215801504505,-9544.265527402924,0.003973862867717718,8.965517241379311,0.25747474747474747,4200.0
4246.2967373003885,2732.433107483799,-9981.4282883657,0.00392699589188544,9.655172413793103,0.25747474747474747,4200.0
4423.57103706579,2784.172975090372,-10397.574870694989,0.003865159249971301,10.344827586206897,0.25747474747474747,4150.0
4593.443954084729,2828.166409465845,-10794.459665539522,0.003822533027732046,11.03448275862069,0.25747474747474747,4150.0
4756.538116981167,2865.21782838291,-11173.689668418985,0.003781587897402139,11.724137931034484,0.25747474747474747,4150.0
4913.395356666213,2896.027750653495,-11536.692410486452,0.0037422045272869973,12.413793103448278,0.25747474747474747,4150.0
5064.49414549306,2921.218511840962,-11884.728399866814,0.003704275833997553,13.10344827586207,0.25747474747474747,4150.0
5210.258894395593,2941.3369502051255,-12218.91718438801,0.003667705528952202,13.793103448275863,0.25747474747474747,4150.0
5351.061577303046,2956.870554253496,-12540.256860523994,0.0036324065245180296,14.482758620689657,0.25747474747474747,4150.0
5487.241809449752,2968.2544637106735,-12849.64244980667,0.003598299854411352,15.172413793103448,0.25747474747474747,4150.0
5619.098217207479,2975.8787003986236,-13147.877733880872,0.00356531377628873,15.862068965517242,0.25747474747474747,4150.0
5746.903984900503,2980.092291509393,-13435.689928553948,0.0035333826343520035,16.551724137931036,0.25747474747474747,4150.0
5870.90536416688,2981.2127376662165,-13713.736346468802,0.0035024465560030992,17.24137931034483,0.25747474747474747,4150.0
5991.324947284264,2979.523078488056,-13982.61536474769,0.0034724504371228208,17.931034482758623,0.25747474747474747,4150.0
6108.368341315567,2975.2841643089023,-14242.872443806307,0.0034433436375792413,18.620689655172416,0.25747474747474747,4150.0
6222.220029118192,2968.7282908622556,-14495.005028309497,0.003415079595347666,19.310344827586206,0.25747474747474747,4150.0
6333.052324870154,2960.0705937902303,-14739.470689818241,0.0033876150729402086,20.0,0.25747474747474747,4150.0
0.0,0.0,9.041683475959871,0.0048619743713592,0.0,0.2673737373737374,4250.0
560.4561616398323,490.76623123339266,-1205.6951346062415,0.004755775717345928,0.6896551724137931,0.2673737373737374,4250.0
1025.6364882389307,874.8759959104032,-2272.3950883129437,0.004633698697937236,1.3793103448275863,0.2673737373737374,4200.0
1428.8262555656618,1188.232647890881,-3223.6673130211857,0.004546439404720486,2.0689655172413794,0.2673737373737374,4200.0
1787.3923251313292,1449.9939115904538,-4082.2934290444973,0.004465794501757788,2.7586206896551726,0.2673737373737374,4200.0
2111.787802221833,1671.929631365528,-4864.818680240111,0.00439081773064283,3.4482758620689657,0.2673737373737374,4200.0
2408.899535870589,1861.951306885233,-5583.636986194273,0.004320760742954211,4.137931034482759,0.2673737373737374,4200.0
2683.5680367122136,2025.715256831243,-6248.287098470959,0.004255019934400987,4.827586206896552,0.2673737373737374,4200.0
2939.348881581427,2167.450190224241,-6866.2769826226795,0.004193100322921015,5.517241379310345,0.2673737373737374,4200.0
3178.9539802982695,2290.4249040022405,-7443.629301447851,0.004134590086238989,6.206896551724139,0.2673737373737374,4200.0
3404.5082742853506,2397.2401358943866,-7985.25357892688,0.004079142517155232,6.8965517241379315,0.2673737373737374,4200.0
3617.714817447014,2489.9998918148763,-8495.208029876252,0.0040264625907860995,7.586206896551724,0.2673737373737374,4200.0
3819.9639524687964,2570.446154679578,-8976.887616245796,0.003976297158758881,8.275862068965518,0.2673737373737374,4200.0
4012.40920332675,2640.0320489517358,-9433.164000958168,0.003928426702781579,8.965517241379311,0.2673737373737374,4200.0
4196.019780766687,2699.9927631904293,-9866.488058758878,0.0038826598196552496,9.655172413793103,0.2673737373737374,4200.0
4371.620614081001,2751.3829263995344,-10279.049806140458,0.003821975529941816,10.344827586206897,0.2673737373737374,4150.0
4539.920307709453,2795.1153114054896,-10672.643529290792,0.0037803300531872464,11.03448275862069,0.2673737373737374,4150.0
4701.5296619943565,2831.980494366755,-11048.814490771343,0.00374031725345517,11.724137931034484,0.2673737373737374,4150.0
4856.98386590027,2862.672276548725,-11408.967901087388,0.0037018214583122724,12.413793103448278,0.2673737373737374,4150.0
5006.756986008727,2887.8058340484477,-11754.343760942851,0.003664739210597638,13.10344827586207,0.2673737373737374,4150.0
5151.261128458367,2907.917496884293,-12086.0448033715,0.0036289771027655142,13.793103448275863,0.2673737373737374,4150.0
5290.86719965748,2923.4912062409826,-12405.053177215384,0.0035944509873233545,14.482758620689657,0.2673737373737374,4150.0
5425.9079983378,2934.955515647457,-12712.250752327775,0.0035610842350787797,15.172413793103448,0.2673737373737374,4150.0
5556.676681984294,2942.695251716159,-13008.429358952024,0.003528807387259331,15.862068965517242,0.2673737373737374,4150.0
5683.44670840882,2947.0573281538573,-13294.305044236724,0.0034975568467538044,16.551724137931036,0.2673737373737374,4150.0
5806.454644631462,2948.352371754523,-13570.526398322705,0.003467274493908683,17.24137931034483,0.2673737373737374,4150.0
5925.92679348383,2946.8636281499375,-13837.682284677008,0.0034379070300038245,17.931034482758623,0.2673737373737374,4150.0
6042.058175353698,2942.845031418937,-14096.310892010071,0.0034094052923257386,18.620689655172416,0.2673737373737374,4150.0
6155.039100189819,2936.5305273701156,-14346.903151820778,0.00338172403714381,19.310344827586206,0.2673737373737374,4150.0
6265.031556930318,2928.1291139071145,-14589.909467127196,0.003354821456813244,20.0,0.2673737373737374,4150.0
0.0,0.0,9.041683475959871,0.0047918856294047515,0.0,0.2772727272727273,4250.0
552.5910424682025,483.8766812496506,-1188.5996341798382,0.0046887548762161845,0.6896551724137931,0.2772727272727273,4250.0
1011.4960897730032,862.8062901977794,-2240.9127662186,0.004569726543030584,1.3793103448275863,0.2772727272727273,4200.0
1409.4420866545104,1172.0976486764828,-3179.875320295061,0.0044848937265845115,2.0689655172413794,0.2772727272727273,4200.0
1763.4998410560436,1430.5889491997011,-4027.818907426401,0.00440645234773272,2.7586206896551726,0.2772727272727273,4200.0
2083.944173341371,1649.8552791740406,-4800.969241331179,0.00433349054747071,3.4482758620689657,0.2772727272727273,4200.0
2377.5417871426835,1837.6754636403205,-5511.483512925151,0.004265286907990578,4.137931034482759,0.2772727272727273,4200.0
2649.0497808143573,1999.6134244825087,-6168.720304076713,0.004201259409680238,4.827586206896552,0.2772727272727273,4200.0
2901.9643827330365,2139.8305497700735,-6780.047727989804,0.004140930513894378,5.517241379310345,0.2772727272727273,4200.0
3138.9503075011166,2261.543189084564,-7351.37747253001,0.004083902899271946,6.206896551724139,0.2772727272727273,4200.0
3362.096535944683,2367.3107016280896,-7887.529844937599,0.004029841930219854,6.8965517241379315,0.2772727272727273,4200.0
3573.0774650993258,2459.2052953338907,-8392.490170423065,0.003978462830965423,7.586206896551724,0.2772727272727273,4200.0
3773.260444738954,2538.9423816911003,-8869.593617777093,0.003929521061377402,8.275862068965518,0.2772727272727273,4200.0
3963.77995974857,2607.9528775070935,-9321.6617403048,0.0038828045376913785,8.965517241379311,0.2772727272727273,4200.0
4145.59033466056,2667.4557723292382,-9751.102949529435,0.0038381284307317724,9.655172413793103,0.2772727272727273,4200.0
4319.502903630839,2718.4891310137814,-10160.036309542433,0.0037785902535607805,10.344827586206897,0.2772727272727273,4150.0
4486.212670330295,2761.9521542631624,-10550.2960942184,0.003737917947939354,11.03448275862069,0.2772727272727273,4150.0
4646.322426294949,2798.6246506215434,-10923.366370719486,0.003698830545818493,11.724137931034484,0.2772727272727273,4150.0
4800.361856252866,2829.1946077597336,-11280.629246423385,0.0036612161371673887,12.413793103448278,0.2772727272727273,4150.0
4948.791911520101,2854.262900085869,-11623.305044858404,0.0036249746654326096,13.10344827586207,0.2772727272727273,4150.0
5092.020978136184,2874.3623927858052,-11952.478778903118,0.003590015722136575,13.793103448275863,0.2772727272727273,4150.0
5230.418200846422,2889.972326206953,-12269.11784347547,0.0035562578096768023,14.482758620689657,0.2772727272727273,4150.0
5364.304217927665,2901.5116993126294,-12574.089804607538,0.0035236268187816876,15.172413793103448,0.2772727272727273,4150.0
5493.975051660466,2909.3646247678007,-12868.175347258839,0.0034920553849546016,15.862068965517242,0.2772727272727273,4150.0
5619.692802273764,2913.869702528684,-13152.07892819881,0.0034614820184596723,16.551724137931036,0.2772727272727273,4150.0
5741.697576651647,2915.337759194154,-13426.440189680048,0.0034318503211817567,17.24137931034483,0.2772727272727273,4150.0
5860.206165594024,2914.0449543615036,-13691.839219193469,0.0034031086780560256,17.931034482758623,0.2772727272727273,4150.0
5975.416849103136,2910.246116782579,-13948.806195497942,0.0033752094538788426,18.620689655172416,0.2772727272727273,4150.0
6087.5107705068585,2904.168156996124,-14197.825863598096,0.0033481087131282472,19.310344827586206,0.2772727272727273,4150.0
6196.654557329139,2896.0224498394577,-14439.34139903084,0.0033217660285125034,20.0,0.2772727272727273,4150.0
0.0,0.0,9.041683475959871,0.004721929639506591,0.0,0.2871717171717172,4250.0
544.7344295454013,476.9946472836612,-1171.5241408109796,0.004621815352279232,0.6896551724137931,0.2871717171717172,4250.0
997.363762876019,850.7436784505694,-2209.448946222954,0.004505793222414926,1.3793103448275863,0.2871717171717172,4200.0
1390.060145808157,1155.9648747770618,-3136.0857773162643,0.0044233503489452715,2.0689655172413794,0.2871717171717172,4200.0
1739.601294907742,1411.1797476113231,-3973.3207697502366,0.004347081036754261,2.7586206896551726,0.2871717171717172,4200.0
2056.081837844874,1627.7667976155296,-4737.063283807918,0.004276106849036617,3.4482758620689657,0.2871717171717172,4200.0
2346.152639069104,1813.3762303260958,-5439.235846436088,0.004209732653670333,4.137931034482759,0.2871717171717172,4200.0
2614.485493521905,1973.4777757784825,-6089.018556110095,0.004147397385142372,4.827586206896552,0.2871717171717172,4200.0
2864.5190324742903,2112.167055068035,-6693.640571927921,0.004088640613213149,5.517241379310345,0.2871717171717172,4200.0
3098.870489326574,2232.607703506843,-7258.9034912341085,0.004033079121657409,6.206896551724139,0.2871717171717172,4200.0
3319.593101571972,2337.317848724681,-7789.538996660871,0.003980390057786155,6.8965517241379315,0.2871717171717172,4200.0
3528.3327230541977,2428.3379747873164,-8289.459922891445,0.003930298687734926,7.586206896551724,0.2871717171717172,4200.0
3726.4338526394376,2507.356604907523,-8761.94213350417,0.0038825687906470703,8.275862068965518,0.2871717171717172,4200.0
3915.0133044601357,2575.7848262623984,-9209.757117782669,0.0038369956360487013,8.965517241379311,0.2871717171717172,4200.0
4095.0081422500166,2634.822055335838,-9635.271135997937,0.003793400806812095,9.655172413793103,0.2871717171717172,4200.0
4267.215556332433,2685.4898335148164,-10040.531987925577,0.003735002458563736,10.344827586206897,0.2871717171717172,4150.0
4432.320121448522,2728.676409649308,-10427.414668855861,0.003695295611513204,11.03448275862069,0.2871717171717172,4150.0
4590.917153314404,2765.1512207413375,-10797.342060007613,0.003657126562597759,11.724137931034484,0.2871717171717172,4150.0
4743.5250564802955,2795.5915891359086,-11151.672791479723,0.003620387230476406,12.413793103448278,0.2871717171717172,4150.0
4890.597516922018,2820.5889346123936,-11491.608080661681,0.003584980744074161,13.10344827586207,0.2871717171717172,4150.0
5032.540425832871,2840.6735747260464,-11818.214769825136,0.00355081975474907,13.793103448275863,0.2871717171717172,4150.0
5169.7113748937845,2856.3121983219335,-12132.445715712784,0.003517825304424671,14.482758620689657,0.2871717171717172,4150.0
5302.430052098299,2867.9231885006093,-12435.154185803236,0.003485925783814579,15.172413793103448,0.2871717171717172,4150.0
5430.9879938173535,2875.8840352580596,-12727.109482664113,0.0034550558764811284,15.862068965517242,0.2871717171717172,4150.0
5555.640506007911,2880.5286763278123,-13009.004907254537,0.0034251561408796182,16.551724137931036,0.2871717171717172,4150.0
5676.628729476732,2882.1658729008377,-13281.47047478697,0.003396171932744514,17.24137931034483,0.2871717171717172,4150.0
5794.160959018103,2881.066184079043,-13545.078460739525,0.0033680531624913908,17.931034482758623,0.2871717171717172,4150.0
5908.4379853450155,2877.483671835563,-13800.350250873467,0.0033407538212700903,18.620689655172416,0.2871717171717172,4150.0
6019.633202399385,2871.6406694241373,-14047.763985259102,0.003314231309018403,19.310344827586206,0.2871717171717172,4150.0
6127.915113330484,2863.7472426513027,-14287.757196950763,0.003288446286065497,20.0,0.2871717171717172,4150.0
0.0,0.0,9.041683475959871,0.004652105823435902,0.0,0.29707070707070704,4250.0
536.8862908062642,470.12010108701867,-1154.4685909716209,0.004554956885394117,0.6896551724137931,0.29707070707070704,4250.0
983.2394791093095,838.6881364028005,-2178.00359082278,0.0044418986654473054,1.3793103448275863,0.29707070707070704,4200.0
1370.680409774374,1139.8343076208116,-3092.298692722805,0.004361809303309623,2.0689655172413794,0.29707070707070704,4200.0
1715.6956485469764,1391.7653237612517,-3918.7990935252237,0.004287680609632164,2.7586206896551726,0.29707070707070704,4200.0
2028.2007640390852,1605.6641664477572,-4673.100851145333,0.004218666685740806,3.4482758620689657,0.29707070707070704,4200.0
2314.731605215771,1789.0531723526858,-5366.894047357273,0.00415409795113688,4.137931034482759,0.29707070707070704,4200.0
2579.8767036277254,1947.309736499918,-6009.181734442413,0.004093433803607541,4.827586206896552,0.29707070707070704,4200.0
2827.0128463468627,2084.4597744898538,-6607.055246671,0.004036230473813975,5.517241379310345,0.29707070707070704,4200.0
3058.7142478010114,2203.6182593661983,-7166.206896259493,0.003982118502675398,6.206896551724139,0.29707070707070704,4200.0
3276.997569660551,2307.261306515634,-7691.280297477686,0.003930786553510417,6.8965517241379315,0.29707070707070704,4200.0
3483.4806587749954,2397.3981037466533,-8186.116389952687,0.0038819696486928814,7.586206896551724,0.29707070707070704,4200.0
3679.485567516226,2475.6905122962658,-8653.931878074756,0.003835439736969616,8.275862068965518,0.29707070707070704,4200.0
3866.108410366454,2543.527307963369,-9097.448365751516,0.003790999306422234,8.965517241379311,0.29707070707070704,4200.0
4044.270992750425,2602.089444567987,-9518.990616075578,0.0037484760817646508,9.655172413793103,0.29707070707070704,4200.0
4214.75770953719,2652.384519664045,-9920.562037623065,0.0037077183810192054,10.344827586206897,0.29707070707070704,4200.0
4378.242716902399,2695.2883316946463,-10303.996559162333,0.0036524619229372697,11.03448275862069,0.29707070707070704,4150.0
4535.311920499088,2731.558857880626,-10670.738297495831,0.0036152040872309155,11.724137931034484,0.29707070707070704,4150.0
4686.472300077846,2761.8625796504152,-11022.09500998896,0.0035793333668524257,12.413793103448278,0.29707070707070704,4150.0
4832.173827052887,2786.7843569015586,-11359.248675762312,0.0035447559846043964,13.10344827586207,0.29707070707070704,4150.0
4972.814660344216,2806.8476114956247,-11683.248167053156,0.003511387620205291,13.793103448275863,0.29707070707070704,4150.0
5108.74495935435,2822.509882644363,-11995.031525510378,0.0034791517967080045,14.482758620689657,0.29707070707070704,4150.0
5240.284434683003,2834.1895990486682,-12295.438208787033,0.00344797932228388,15.172413793103448,0.29707070707070704,4150.0
5367.713354891815,2842.2523708721355,-12585.225318344157,0.0034178069983940057,15.862068965517242,0.29707070707070704,4150.0
5491.290431739827,2847.0352666347926,-12865.076263496812,0.0033885771828777913,16.551724137931036,0.29707070707070704,4150.0
5611.245603412713,2848.83564344891,-13135.610398177021,0.0033602371328673355,17.24137931034483,0.29707070707070704,4150.0
5727.79160890583,2847.928296667025,-13397.392075746015,0.003332738281637225,17.931034482758623,0.29707070707070704,4150.0
5841.118803712704,2844.5567068259634,-13650.934739660894,0.0033060360664366804,18.620689655172416,0.29707070707070704,4150.0
5951.405426337781,2838.94804788738,-13896.709221303223,0.003280089268355929,19.310344827586206,0.29707070707070704,4150.0
6058.810205822096,2831.302468675045,-14135.147459900421,0.0032548597070527364,20.0,0.29707070707070704,4150.0
0.0,0.0,9.041683475959871,0.0045824136070613955,0.0,0.30696969696969695,4250.0
529.0468684392995,463.25328377778766,-1137.4329215216858,0.004488179217011429,0.6896551724137931,0.30696969696969695,4250.0
969.123210235075,826.6396399612192,-2146.5766628177225,0.00437804280204356,1.3793103448275863,0.30696969696969695,4200.0
1351.30282542951,1123.705903303426,-3048.514075454681,0.00430027062150617,2.0689655172413794,0.30696969696969695,4200.0
1691.782872738521,1372.3456554870813,-3864.2539199232924,0.004228251133887015,2.7586206896551726,0.30696969696969695,4200.0
2000.3009314133287,1583.5473753093968,-4609.082004617187,0.00416117010020641,3.4482758620689657,0.30696969696969695,4200.0
2283.2786169422748,1764.7062429713917,-5294.4580967265865,0.004098382815283141,4.137931034482759,0.30696969696969695,4200.0
2545.2217011262387,1921.1077587147474,-5929.209720865714,0.004039368609293152,4.827586206896552,0.30696969696969695,4200.0
2789.4470172843057,2056.709822200995,-6520.2914866866995,0.003983699950141993,5.517241379310345,0.30696969696969695,4200.0
3018.482940755137,2174.5761461627335,-7073.28722859775,0.003931020793059501,6.206896551724139,0.30696969696969695,4200.0
3234.3114878754645,2277.1425378859944,-7592.752968740278,0.0038810310940909387,6.8965517241379315,0.30696969696969695,4200.0
3438.522169642437,2366.386552492203,-8082.458599225036,0.0038334752298119262,7.586206896551724,0.30696969696969695,4200.0
3632.4137016033724,2443.9426225645043,-8545.561566358869,0.003788133290968236,8.275862068965518,0.30696969696969695,4200.0
3817.0635541387614,2511.1789958595036,-8984.733939912323,0.003744814800812842,8.965517241379311,0.30696969696969695,4200.0
3993.3781443010776,2569.2578876854022,-9402.259384196812,0.0037033533880113044,9.655172413793103,0.30696969696969695,4200.0
4162.128782544487,2619.172949337452,-9800.105463381144,0.0036636027194910507,10.344827586206897,0.30696969696969695,4200.0
4323.980307678979,2661.7875146124243,-10180.038935504228,0.003609415787413195,11.03448275862069,0.30696969696969695,4150.0
4479.504475801578,2697.846013584335,-10543.551690157547,0.003573061930090784,11.724137931034484,0.30696969696969695,4150.0
4629.2022785042855,2728.006483524029,-10891.892165046178,0.0035380531999510047,12.413793103448278,0.30696969696969695,4150.0
4773.519572784727,2752.84848006594,-11226.222400557752,0.0035042989720974493,13.10344827586207,0.30696969696969695,4150.0
4912.842106295537,2772.8835259595667,-11547.574264753486,0.0034717177279747764,13.793103448275863,0.30696969696969695,4150.0
5047.519632818233,2788.566428116978,-11856.869917994147,0.003440235612761918,14.482758620689657,0.30696969696969695,4150.0
5177.863377551502,2800.3083249408046,-12154.936152402835,0.003409785609811401,15.172413793103448,0.30696969696969695,4150.0
5304.150682216628,2808.469836921269,-12442.517092924652,0.0033803067206451837,15.862068965517242,0.30696969696969695,4150.0
5426.637188043711,2813.385949259877,-12720.28622740561,0.003351743097463131,16.551724137931036,0.30696969696969695,4150.0
5545.546914627195,2815.346780717375,-12988.852623454659,0.0033240437962652573,17.24137931034483,0.30696969696969695,4150.0
5661.092160836171,2814.627536461857,-13248.77215012024,0.0032971617921780183,17.931034482758623,0.30696969696969695,4150.0
5773.458288529177,2811.4652531784077,-13500.551279879852,0.003271053830064584,18.620689655172416,0.30696969696969695,4150.0
5882.821856039209,2806.0869194727466,-13744.652699361672,0.0032456801685357994,19.310344827586206,0.30696969696969695,4150.0
5989.339624800015,2798.688910599025,-13981.502247404802,0.0032210038404757897,20.0,0.30696969696969695,4150.0
0.0,0.0,9.041683475959871,0.004512852420308428,0.0,0.31686868686868686,4250.0
521.21590599734,456.3939457034195,-1120.4170697084555,0.0044214820901583895,0.6896551724137931,0.31686868686868686,4250.0
955.0149282145178,814.5981096313764,-2115.168125306678,0.004314225562671973,1.3793103448275863,0.31686868686868686,4200.0
1331.9280537192158,1107.5803008651628,-3004.731934750562,0.004238734335681234,2.0689655172413794,0.31686868686868686,4200.0
1667.8629423155267,1352.920724540226,-3809.6852879051003,0.004168792679418634,2.7586206896551726,0.31686868686868686,4200.0
1972.382313771121,1561.4164182224658,-4545.006777327566,0.004103617152906721,3.4482758620689657,0.31686868686868686,4200.0
2251.793605799511,1740.3353956286785,-5221.927977037332,0.004042587262153851,4.137931034482759,0.31686868686868686,4200.0
2510.520374549852,1894.8717671851268,-5849.1023991020265,0.003985201747823165,4.827586206896552,0.31686868686868686,4200.0
2751.819837519073,2028.9156854508453,-6433.349028696546,0.003931048898167474,5.517241379310345,0.31686868686868686,4200.0
2978.1751501044173,2145.4801270068824,-6980.14403153531,0.0038797857450627183,6.206896551724139,0.31686868686868686,4200.0
3191.533029941883,2246.959973060939,-7493.956469775883,0.00383112326267946,6.8965517241379315,0.31686868686868686,4200.0
3393.4551085607964,2335.3015324144394,-7978.485579743006,0.0037848149479173775,7.586206896551724,0.31686868686868686,4200.0
3585.2172582821945,2412.1122001238227,-8436.829913533897,0.0037406488435362904,8.275862068965518,0.31686868686868686,4200.0
3767.878164417386,2478.7395448620478,-8871.612310233097,0.0036984413521712486,8.965517241379311,0.31686868686868686,4200.0
3942.32889241546,2536.327061691785,-9285.07543143219,0.0036580318565864827,9.655172413793103,0.31686868686868686,4200.0
4109.329915338764,2585.8562728658717,-9679.151146536002,0.003619279285120035,10.344827586206897,0.31686868686868686,4200.0
4269.530072928223,2628.1724221607287,-10055.538959254525,0.0035661561068583347,11.03448275862069,0.31686868686868686,4150.0
4423.493670432017,2664.0120296958694,-10415.77893744799,0.0035306988714381756,11.724137931034484,0.31686868686868686,4150.0
4571.716787623009,2694.025134109077,-10761.06050322167,0.003496545377243634,12.413793103448278,0.31686868686868686,4150.0
4714.631728639622,2718.7792315886404,-11092.52520095629,0.0034636081882919254,13.10344827586207,0.31686868686868686,4150.0
4852.621643541681,2738.7803524214105,-11411.188330512043,0.0034318084785787684,13.793103448275863,0.31686868686868686,4150.0
4986.032236027594,2754.479706673418,-11717.9560298406,0.0034010749667509293,14.482758620689657,0.31686868686868686,4150.0
5115.164979656468,2766.277591739742,-12013.642257219828,0.0033713428097293012,15.172413793103448,0.31686868686868686,4150.0
5240.298735298704,2774.535984819682,-12298.97847717788,0.003342553128149245,15.862068965517242,0.31686868686868686,4150.0
5361.678339347851,2779.578706271941,-12574.6275573464,0.0033146519166950953,16.551724137931036,0.31686868686868686,4150.0
5479.531777887852,2781.699217216428,-12841.189788281765,0.0032875897508616615,17.24137931034483,0.31686868686868686,4150.0
5594.060282836746,2781.1619429668785,-13099.211221553996,0.0032613213371345995,17.931034482758623,0.31686868686868686,4150.0
5705.454103020493,2778.2082863296764,-13349.191179168556,0.0032358047822180075,18.620689655172416,0.31686868686868686,4150.0
5813.87948843581,2773.0550356788135,-13591.585391283457,0.003211001543011042,19.310344827586206,0.31686868686868686,4150.0
5919.498618820596,2765.903828777246,-13826.812768618103,0.00318687594462465,20.0,0.31686868686868686,4150.0
0.0,0.0,9.041683475959871,0.00444342169711871,0.0,0.32676767676767676,4250.0
513.3933363692794,449.5420237711468,-1103.4209731601077,0.0043548652494241145,0.6896551724137931,0.32676767676767676,4250.0
940.914579642053,802.5635403596385,-2083.777941684457,0.004250446878347058,1.3793103448275863,0.32676767676767676,4200.0
1312.5555777839604,1091.4570039859839,-2960.9522801434796,0.004177200478294744,2.0689655172413794,0.32676767676767676,4200.0
1643.9358323189997,1333.4905128506216,-3755.0932369531583,0.004109305316610116,2.7586206896551726,0.32676767676767676,4200.0
1944.4460395183928,1539.2723604826124,-4480.8752033247365,0.004046007905128774,3.4482758620689657,0.32676767676767676,4200.0
2220.276503530555,1715.9405839670949,-5149.303672239403,0.003986711308948953,4.137931034482759,0.32676767676767676,4200.0
2475.772612538172,1868.601686833857,-5768.8596548129935,0.003930933166237528,4.827586206896552,0.32676767676767676,4200.0
2714.1311386964408,2001.0772518236863,-6346.227611697308,0.0038782771754026306,5.517241379310345,0.32676767676767676,4200.0
2937.7902015875206,2116.3296629347183,-6886.776726418153,0.00382841316391764,6.206896551724139,0.32676767676767676,4200.0
3148.6616274971084,2216.713186537948,-7394.890108944994,0.003781062698529321,6.8965517241379315,0.32676767676767676,4200.0
3348.2790619552115,2304.142779061822,-7874.196362025592,0.003735988320729165,7.586206896551724,0.32676767676767676,4200.0
3537.8956323792163,2380.1988519748516,-8327.735467030914,0.0036929858378825734,8.275862068965518,0.32676767676767676,4200.0
3718.551595692541,2446.2085721997078,-8758.081843390326,0.0036518782215886436,8.965517241379311,0.32676767676767676,4200.0
3891.1249670055354,2503.29861466844,-9167.436745602892,0.0036125106171972375,9.655172413793103,0.32676767676767676,4200.0
4056.3579874139327,2552.4320728374505,-9557.696770720722,0.0035747470602254744,10.344827586206897,0.32676767676767676,4200.0
4214.891002168163,2594.442464881233,-9930.510416455058,0.0035384670688311786,11.03448275862069,0.32676767676767676,4200.0
4367.280135766955,2630.0577516633653,-10287.416958836962,0.0034881136485204966,11.724137931034484,0.32676767676767676,4150.0
4514.011498011661,2659.915650048846,-10629.596254426768,0.0034548085403432187,12.413793103448278,0.32676767676767676,4150.0
4655.508923110666,2684.575868471172,-10958.152953094577,0.0034226821446535142,13.10344827586207,0.32676767676767676,4150.0
4792.153968549362,2704.539672311249,-11274.08560541844,0.0033916582636364127,13.793103448275863,0.32676767676767676,4150.0
4924.280155916531,2720.2481355594346,-11578.284558569445,0.0033616681535588665,14.482758620689657,0.32676767676767676,4150.0
5052.189491779415,2732.0989218016753,-11871.550374742692,0.0033326491529979117,15.172413793103448,0.32676767676767676,4150.0
5176.153275607802,2740.4480915843374,-12154.603139020124,0.003304544255256071,15.862068965517242,0.32676767676767676,4150.0
5296.413838578033,2745.6147692834456,-12428.093995940319,0.0032773014275649204,16.551724137931036,0.32676767676767676,4150.0
5413.195201151731,2747.8898324098404,-12692.614471102366,0.0032508728068124247,17.24137931034483,0.32676767676767676,4150.0
5526.6956387181235,2747.532820175576,-12948.701252547573,0.0032252146671041776,17.931034482758623,0.32676767676767676,4150.0
5637.101374932312,2744.7829534580214,-13196.845997710596,0.0032002864979311495,18.620689655172416,0.32676767676767676,4150.0
5744.579132244111,2739.8547364825904,-13437.498203911142,0.0031760508867954003,19.310344827586206,0.32676767676767676,4150.0
5849.283090147874,2732.945144067967,-13671.06927782717,0.0031524734828602304,20.0,0.32676767676767676,4150.0
0.0,0.0,9.041683475959871,0.004374120875410469,0.0,0.33666666666666667,4250.0
505.57913063913236,442.69749250764124,-1086.4445698848504,0.004288328440945152,0.6896551724137931,0.33666666666666667,4250.0
926.8226354847219,790.5364069135304,-2052.406075638908,0.004186706680623472,1.3793103448275863,0.33666666666666667,4200.0
1293.185215939908,1075.3358421021019,-2917.1751214575343,0.004115669082116236,2.0689655172413794,0.33666666666666667,4200.0
1620.001517996965,1314.055002526422,-3700.477807068404,0.004049789116324741,2.7586206896551726,0.33666666666666667,4200.0
1916.4908897008434,1517.1140642173773,-4416.687317598618,0.003988342418972459,3.4482758620689657,0.33666666666666667,4200.0
2188.727178220964,1691.5217105714871,-5076.585167742633,0.0039307549740267185,4.137931034482759,0.33666666666666667,4200.0
2440.9783038401965,1842.2974427468118,-5688.481375610332,0.0038765628130013013,4.827586206896552,0.33666666666666667,4200.0
2676.3807524035997,1973.1944089827896,-6258.926976982853,0.0038253846409181664,5.517241379310345,0.33666666666666667,4200.0
2897.3279297800914,2087.1246568423694,-6793.184989708927,0.0037769027627792134,6.206896551724139,0.33666666666666667,4200.0
3105.696959334523,2186.401969766553,-7295.553196787994,0.003730849042219675,6.8965517241379315,0.33666666666666667,4200.0
3302.9936150365897,2272.910027436709,-7769.589978146287,0.003686994866903927,7.586206896551724,0.33666666666666667,4200.0
3490.448608845123,2348.202529671006,-8218.277121903375,0.0036451436246821727,8.275862068965518,0.33666666666666667,4200.0
3669.0856806194556,2413.587805726754,-8644.140904997541,0.003605124669790237,8.965517241379311,0.33666666666666667,4200.0
3839.7630216243315,2470.169885159648,-9049.341142081874,0.0035667888443189156,9.655172413793103,0.33666666666666667,4200.0
4003.2121176130713,2518.8998257545923,-9435.739911667159,0.0035300050396714295,10.344827586206897,0.33666666666666667,4200.0
4160.062626990231,2560.5975454649365,-9804.955473236529,0.0034946571165884494,11.03448275862069,0.33666666666666667,4200.0
4310.862299744839,2595.982127841204,-10158.462435465364,0.003445305032357871,11.724137931034484,0.33666666666666667,4150.0
4456.085025918603,2625.677236848298,-10497.49547296069,0.0034128413634047254,12.413793103448278,0.33666666666666667,4150.0
4596.151520132497,2650.239114753205,-10823.101372336328,0.0033815193540753068,13.10344827586207,0.33666666666666667,4150.0
4731.434552450263,2670.1583092116252,-11136.260947364972,0.003351265548360215,13.793103448275863,0.33666666666666667,4150.0
4862.261695198652,2685.8708683861005,-11437.850198673252,0.003322013432337218,14.482758620689657,0.33666666666666667,4150.0
4988.933969708313,2697.7704664761527,-11728.65514109478,0.0032937026726570923,15.172413793103448,0.33666666666666667,4150.0
5111.712197809689,2706.2050880568513,-12009.384701523442,0.003266278122268791,15.862068965517242,0.33666666666666667,4150.0
5230.841239992649,2711.492935416777,-12280.678565921742,0.003239689585716057,16.551724137931036,0.33666666666666667,4150.0
5346.534513122197,2713.9172949851622,-12543.118747280649,0.0032138908507287987,17.24137931034483,0.33666666666666667,4150.0
5458.994870188969,2713.738368011359,-12797.234199835424,0.003188839464791079,17.931034482758623,0.33666666666666667,4150.0
5568.397576002157,2711.18814900046,-13043.507511035124,0.003164496489309377,18.620689655172416,0.33666666666666667,4150.0
5674.91443644791,2706.4821565805014,-13282.381586287345,0.003140825747466831,19.310344827586206,0.33666666666666667,4150.0
5778.69151696308,2699.812683809246,-13514.262006717603,0.003117793837951958,20.0,0.33666666666666667,4150.0
0.0,0.0,9.041683475959871,0.004304949397039172,0.0,0.3465656565656566,4250.0
497.7732600758948,435.8603266021327,-1069.487798265247,0.00422187141239109,0.6896551724137931,0.3465656565656566,4250.0
912.7386948986342,778.5163215106353,-2021.0524911466273,0.004123004901589808,1.3793103448275863,0.3465656565656566,4200.0
1273.8169458898253,1059.2167974528484,-2873.400468804837,0.00405414018022086,2.0689655172413794,0.3465656565656566,4200.0
1596.0599748033628,1294.6141758529805,-3645.839038767088,0.003990244149902998,2.7586206896551726,0.3465656565656566,4200.0
1888.516825166015,1494.9415025804608,-4352.443156079084,0.003930620757349644,3.4482758620689657,0.3465656565656566,4200.0
2157.146974331088,1667.0800432527435,-5003.772450418204,0.003874718276907105,4.137931034482759,0.3465656565656566,4200.0
2406.1372883411404,1815.9589215562548,-5607.967451065197,0.003822090638013765,4.827586206896552,0.3465656565656566,4200.0
2638.5684693257544,1945.2670107481908,-6171.446795630036,0.0037723711828649455,5.517241379310345,0.3465656565656566,4200.0
2856.7881080196785,2057.864961525512,-6699.368394058758,0.003725254290174669,6.206896551724139,0.3465656565656566,4200.0
3062.638675800022,2156.026093179665,-7195.945046077883,0.0036804819356893287,6.8965517241379315,0.3465656565656566,4200.0
3257.5990549071817,2241.603660139481,-7664.6654437198595,0.0036378341115137136,7.586206896551724,0.3465656565656566,4200.0
3442.8775736425864,2316.1245550988006,-8108.453628016403,0.0035971215896463088,8.275862068965518,0.3465656565656566,4200.0
3619.4773495247373,2380.8747521445625,-8529.787859710217,0.0035581799571922797,8.965517241379311,0.3465656565656566,4200.0
3788.242383551316,2436.940478221168,-8930.786760164541,0.003520865626906229,9.655172413793103,0.3465656565656566,4200.0
3949.891304666018,2485.258926564336,-9313.278139529211,0.003485052216072257,10.344827586206897,0.3465656565656566,4200.0
4105.045498856828,2526.6383636413066,-9678.849825482175,0.0034506278741903824,11.03448275862069,0.3465656565656566,4200.0
4254.2377623461925,2561.7834840380024,-10028.912043055505,0.003402271783319507,11.724137931034484,0.3465656565656566,4150.0
4397.9362913466075,2591.3093755888913,-10364.75442069002,0.0033706424590876577,12.413793103448278,0.3465656565656566,4150.0
4536.557539804207,2615.767694759599,-10687.366158673256,0.003340118317243633,13.10344827586207,0.3465656565656566,4150.0
4670.462034843576,2635.6355652982056,-10997.710064057574,0.003310628591345387,13.793103448275863,0.3465656565656566,4150.0
4799.978240236317,2651.349462672716,-11296.647612634872,0.003282109051765333,14.482758620689657,0.3465656565656566,4150.0
4925.395410499129,2663.2904107839927,-11584.950693170598,0.003254501527235417,15.172413793103448,0.3465656565656566,4150.0
5046.975992329135,2671.808014352166,-11863.316429531485,0.0032277528023952713,15.862068965517242,0.3465656565656566,4150.0
5164.956555244913,2677.21078588366,-12132.374279095107,0.003201814287236604,16.551724137931036,0.3465656565656566,4150.0
5279.550565908557,2679.782849185147,-12392.695742951619,0.0031766415151784078,17.24137931034483,0.3465656565656566,4150.0
5390.953827265026,2679.776211852305,-12644.801899030856,0.0031521934036690736,17.931034482758623,0.3465656565656566,4150.0
5499.343601402815,2677.4248780783755,-12889.166955935762,0.0031284323645956315,18.620689655172416,0.3465656565656566,4150.0
5604.882230969336,2672.9357709175447,-13126.226702797518,0.003105323482729909,19.310344827586206,0.3465656565656566,4150.0
5707.721522208059,2666.5046623516373,-13356.381102831103,0.0030828343554097463,20.0,0.3465656565656566,4150.0
0.0,0.0,9.041683475959871,0.004235906707758733,0.0,0.3564646464646465,4250.0
489.97569613203973,429.0305009055689,-1052.5505970555678,0.004155493912950401,0.6896551724137931,0.3564646464646465,4250.0
898.6626308438141,766.5031639259297,-1989.71715247073,0.004059341473862683,1.3793103448275863,0.3564646464646465,4200.0
1254.4507455273824,1043.0998524394836,-2829.6283325814293,0.003992613805985428,2.0689655172413794,0.3564646464646465,4200.0
1572.111178397149,1275.1680152921178,-3591.176973075635,0.003930670489159609,2.7586206896551726,0.3564646464646465,4200.0
1860.5238069772286,1472.754648921365,-4288.142755633002,0.003872842983983287,3.4482758620689657,0.3564646464646465,4200.0
2125.5345687675167,1642.6143613699214,-4930.865508600429,0.00381860123827468,4.137931034482759,0.3564646464646465,4200.0
2371.250851286046,1789.5873422949828,-5527.317772717761,0.0037675165926175425,4.827586206896552,0.3564646464646465,4200.0
2600.6948074587053,1917.29559101937,-6083.786852387595,0.003719236655531805,5.517241379310345,0.3564646464646465,4200.0
2816.1712654166026,2028.551137590078,-6605.32649240375,0.003673467504239342,6.206896551724139,0.3564646464646465,4200.0
3019.4880551938513,2125.5868001417566,-7096.064971871718,0.003629961022270748,6.8965517241379315,0.3564646464646465,4200.0
3212.0956282040142,2210.2238328653584,-7559.421658835061,0.0035885056151038226,7.586206896551724,0.3564646464646465,4200.0
3395.179922177329,2283.962780694075,-7998.263702417367,0.003548919124826469,8.275862068965518,0.3564646464646465,4200.0
3569.7259656464016,2348.068770368368,-8415.021071331583,0.0035110433439597623,8.965517241379311,0.3564646464646465,4200.0
3736.562334126424,2403.609966151137,-8811.771650144896,0.0034747400892371255,9.655172413793103,0.3564646464646465,4200.0
3896.3974483969223,2451.5109177926006,-9190.30901901595,0.0034398875798593138,10.344827586206897,0.3564646464646465,4200.0
4049.836537642911,2492.5625912896367,-9552.190845471392,0.003406378151254459,11.03448275862069,0.3564646464646465,4200.0
4197.405351877534,2527.4608154552166,-9898.781245300786,0.003374115850275297,11.724137931034484,0.3564646464646465,4200.0
4339.5666897893825,2556.813524776606,-10231.369486847208,0.003328210422837468,12.413793103448278,0.3564646464646465,4150.0
4476.724220294938,2581.1593596917605,-10550.942991137657,0.003298477527686244,13.10344827586207,0.3564646464646465,4150.0
4609.23601020087,2600.971600785426,-10858.428064356835,0.003269745800321579,13.793103448275863,0.3564646464646465,4150.0
4737.424645796459,2616.679786332043,-11154.671168811445,0.003241953306706375,14.482758620689657,0.3564646464646465,4150.0
4861.572070002343,2628.657949341094,-11440.431103454495,0.003215043840820197,15.172413793103448,0.3564646464646465,4150.0
4981.940731076794,2637.253544245999,-11716.392215921973,0.0031889662086407576,15.862068965517242,0.3564646464646465,4150.0
5098.757533846758,2642.767246707396,-11983.174105346407,0.003163673404818938,16.551724137931036,0.3564646464646465,4150.0
5212.238660006213,2645.482764522168,-12241.337806081501,0.003139122605611125,17.24137931034483,0.3564646464646465,4150.0
5322.570361450737,2645.645540784753,-12491.395820780599,0.003115274195965205,17.931034482758623,0.3564646464646465,4150.0
5429.932853547762,2643.488853086149,-12733.815569212507,0.0030920916566277595,18.620689655172416,0.3564646464646465,4150.0
5534.481663137083,2639.215850289772,-12969.02440905846,0.0030695414978008924,19.310344827586206,0.3564646464646465,4150.0
5636.367278170314,2633.01845142267,-13197.416107441008,0.003047592453350429,20.0,0.3564646464646465,4150.0
0.0,0.0,9.041683475959871,0.0041669922571832205,0.0,0.36636363636363634,4250.0
482.1864104416388,422.2079904285949,-1035.6329053788795,0.004089195693316483,0.6896551724137931,0.36636363636363634,4250.0
884.5944162398831,754.4969110601144,-1958.4000241573522,0.003995716330580729,1.3793103448275863,0.36636363636363634,4200.0
1235.086592935425,1026.984989623515,-2785.8587234641745,0.0039310899930844415,2.0689655172413794,0.36636363636363634,4200.0
1548.155331115613,1255.7167289333602,-3536.4916515287114,0.0038710682063804146,2.7586206896551726,0.36636363636363634,4200.0
1832.5117964137598,1450.5534767860381,-4223.786154062924,0.003815009163406433,3.4482758620689657,0.36636363636363634,4200.0
2093.8898037520053,1618.1245361013346,-4857.864332088488,0.0037624038799817026,4.137931034482759,0.36636363636363634,4200.0
2336.317761003112,1763.181585750717,-5446.53219228649,0.003712840645350429,4.827586206896552,0.36636363636363634,4200.0
2562.7600161100695,1889.2803947836665,-5995.946950788704,0.0036659809035592995,5.517241379310345,0.36636363636363634,4200.0
2775.4774924543062,1999.1830001029555,-6511.058840195074,0.003621542164717191,6.206896551724139,0.36636363636363634,4200.0
2976.243675361853,2095.0828697310963,-6995.912291564222,0.0035792859467241546,6.8965517241379315,0.36636363636363634,4200.0
3166.4815867201246,2178.768946225897,-7453.857860758326,0.003539008850313793,7.586206896551724,0.36636363636363634,4200.0
3347.355130229511,2251.716878175442,-7887.706062916506,0.0035005356227996894,8.275862068965518,0.36636363636363634,4200.0
3519.8308028185993,2315.1693624578797,-8299.838734355013,0.003463714134372775,8.965517241379311,0.36636363636363634,4200.0
3684.7238591992,2370.1794329783766,-8692.293786048285,0.0034284113572715146,9.655172413793103,0.36636363636363634,4200.0
3842.727065099324,2417.653044477299,-9066.83004022624,0.003394510136307266,10.344827586206897,0.36636363636363634,4200.0
3994.4347010526308,2458.369622163988,-9424.975627327593,0.003361906817719322,11.03448275862069,0.36636363636363634,4200.0
4140.365537410213,2493.014864835463,-9768.06907155404,0.003330509005652674,11.724137931034484,0.36636363636363634,4200.0
4280.972094352736,2522.186645538837,-10097.33680917132,0.003285543893282492,12.413793103448278,0.36636363636363634,4150.0
4416.64991004769,2546.4132546996793,-10413.827234963814,0.003256595536190387,13.10344827586207,0.36636363636363634,4150.0
4547.755547874239,2566.1660632186795,-10718.410077188986,0.0032286155357406517,13.793103448275863,0.36636363636363634,4150.0
4674.59923215422,2581.861226514746,-11011.915729146356,0.00320154436591101,14.482758620689657,0.36636363636363634,4150.0
4797.464920953491,2593.8743655785174,-11295.090420538785,0.003175327714853703,15.172413793103448,0.36636363636363634,4150.0
4916.603583483547,2602.5406727700274,-11568.605684017093,0.003149916314651879,15.862068965517242,0.36636363636363634,4150.0
5032.245163232868,2608.163725154399,-11833.070630374386,0.003125264861846402,16.551724137931036,0.36636363636363634,4150.0
5144.595552669641,2611.016127752014,-12089.037247890905,0.003101331878336989,17.24137931034483,0.36636363636363634,4150.0
5253.844531894472,2611.347063246397,-12337.008401902342,0.0030780793271908678,17.931034482758623,0.36636363636363634,4150.0
5360.162367630558,2609.3792448438826,-12577.4443023809,0.0030554719152724548,18.620689655172416,0.36636363636363634,4150.0
5463.709480702585,2605.320786961157,-12810.76518698455,0.003033477244536103,19.310344827586206,0.36636363636363634,4150.0
5564.626469521261,2599.3534346725783,-13037.357844945458,0.0030120652554694928,20.0,0.36636363636363634,4150.0
0.0,0.0,9.041683475959871,0.004098205498749037,0.0,0.37626262626262624,4250.0
474.40537481883257,415.3927703403429,-1018.734662722054,0.004022976505673755,0.6896551724137931,0.37626262626262624,4250.0
870.5340241945916,742.497539975315,-1927.1010710316987,0.003932129405398799,1.3793103448275863,0.37626262626262624,4200.0
1215.7244663845981,1010.872191725798,-2742.0916524069544,0.0038695687754862697,2.0689655172413794,0.37626262626262624,4200.0
1524.1929432231789,1236.2607987921908,-3481.783116164501,0.003811437374319441,2.7586206896551726,0.37626262626262624,4200.0
1804.480754970587,1428.3379599165964,-4159.37339010329,0.003757119360961213,3.4482758620689657,0.37626262626262624,4200.0
2062.212611934903,1593.6105220504992,-4784.768912149302,0.0037061262250510946,4.137931034482759,0.37626262626262624,4200.0
2301.3376575851926,1736.7412570083322,-5365.610599787622,0.0036580627545646006,4.827586206896552,0.37626262626262624,4200.0
2524.762883249352,1861.2203612876367,-5907.926841534725,0.003612603792242599,5.517241379310345,0.37626262626262624,4200.0
2734.7054567532596,1969.7596483175269,-6416.564995434128,0.003569478032985982,6.206896551724139,0.37626262626262624,4200.0
2932.9047128344214,2064.513656866927,-6895.486263864026,0.0035284563733149867,6.8965517241379315,0.37626262626262624,4200.0
3120.7565077983745,2147.2390263148845,-7347.973080583375,0.003489343347378453,7.586206896551724,0.37626262626262624,4200.0
3299.4026717470238,2219.386518412068,-7776.779428178597,0.0034519704767204174,8.275862068965518,0.37626262626262624,4200.0
3469.792616969973,2282.177654038448,-8184.2393905269055,0.0034161915407800985,8.965517241379311,0.37626262626262624,4200.0
3632.7252423420246,2336.647549300521,-8572.351140900755,0.003381878554491793,9.655172413793103,0.37626262626262624,4200.0
3788.8790989711706,2383.6849594825812,-8942.838658043584,0.0033489188944146125,10.344827586206897,0.37626262626262624,4200.0
3938.839387920659,2424.059253301419,-9297.201279234047,0.0033172127216309476,11.03448275862069,0.37626262626262624,4200.0
4083.1166053192724,2458.4448074234283,-9636.75123197466,0.0032866712482646147,11.724137931034484,0.37626262626262624,4200.0
4222.15116661855,2487.4279903425936,-9962.652535647794,0.0032426414830130632,12.413793103448278,0.37626262626262624,4150.0
4356.335811256389,2511.5311196073853,-10276.014907245633,0.0032144707366853803,13.10344827586207,0.37626262626262624,4150.0
4486.017044773431,2531.2165055450237,-10577.65121188166,0.0031872361447185128,13.793103448275863,0.37626262626262624,4150.0
4611.501501267091,2546.894197919098,-10868.376027468556,0.003160880429007583,14.482758620689657,0.37626262626262624,4150.0
4733.068714058441,2558.936077043057,-11148.922445112286,0.0031353512810563698,15.172413793103448,0.37626262626262624,4150.0
4850.963257799946,2567.66917938685,-11419.950223860717,0.0031106011185390186,15.862068965517242,0.37626262626262624,4150.0
4965.4137865687535,2573.3964684862112,-11682.057105369036,0.0030865864194461056,16.551724137931036,0.37626262626262624,4150.0
5076.620073979002,2576.382813325165,-11935.786347446963,0.003063267053410529,17.24137931034483,0.37626262626262624,4150.0
5184.770546420837,2576.8771666653915,-12181.631244597236,0.0030406064537368176,17.931034482758623,0.37626262626262624,4150.0
5290.031827881926,2575.096713395314,-12420.044257690832,0.0030185706223352987,18.620689655172416,0.37626262626262624,4150.0
5392.560756883218,2571.247557923979,-12651.439516121027,0.00299712809817763,19.310344827586206,0.37626262626262624,4150.0
5492.4988198904075,2565.5103209767867,-12876.196110512326,0.002976250076255769,20.0,0.37626262626262624,4150.0
0.0,0.0,9.041683475959871,0.00402954588967761,0.0,0.38616161616161615,4250.0
466.63256125593676,408.584815966855,-1001.8558089345679,0.003956836103684109,0.6896551724137931,0.38616161616161615,4250.0
856.4814280022689,730.5050278940586,-1895.8202581965597,0.003868580632482155,1.3793103448275863,0.38616161616161615,4200.0
1196.3643443319863,994.761441625299,-2698.3271306381575,0.0038080501874492223,2.0689655172413794,0.38616161616161615,4200.0
1500.2232312835429,1216.7994850571445,-3427.051409521504,0.0037517780661957905,2.7586206896551726,0.38616161616161615,4200.0
1776.4306443585945,1406.1080722518282,-4094.904503419486,0.003699173642797766,3.4482758620689657,0.38616161616161615,4200.0
2030.5029098428806,1569.0722599279127,-4711.579214434743,0.003649768308455259,4.137931034482759,0.38616161616161615,4200.0
2266.3104689379184,1710.266225768652,-5284.552957099557,0.0036031828556927267,4.827586206896552,0.38616161616161615,4200.0
2486.703240133538,1833.115381039588,-5819.726277738191,0.003559105188522693,5.517241379310345,0.38616161616161615,4200.0
2693.8549179150136,1940.2809846351774,-6321.844518708982,0.003517274872082298,6.206896551724139,0.38616161616161615,4200.0
2889.470833867634,2033.8789446267856,-6794.786193576401,0.003477471953605567,6.8965517241379315,0.38616161616161615,4200.0
3074.919970470423,2115.6338054563225,-7241.766359083231,0.0034395086299233157,7.586206896551724,0.38616161616161615,4200.0
3251.3231286223095,2186.9723804406844,-7665.482517814598,0.0034032230803727075,8.275862068965518,0.38616161616161615,4200.0
3419.610601300696,2249.09306425652,-8068.2214514251755,0.0033684748260024893,8.965517241379311,0.38616161616161615,4200.0
3580.5649259787706,2303.0131896137514,-8451.94168523285,0.0033351408034371765,9.655172413793103,0.38616161616161615,4200.0
3734.85276937818,2349.6062190911775,-8818.332698917467,0.0033031127763027907,10.344827586206897,0.38616161616161615,4200.0
3883.0514478499063,2389.6324491395003,-9168.864901278612,0.0032722947078807,11.03448275862069,0.38616161616161615,4200.0
4025.656329282565,2423.749100207935,-9504.824641708365,0.0032426012244110643,11.724137931034484,0.38616161616161615,4200.0
4163.103222088124,2452.537392820871,-9827.346371622407,0.003213955730372681,12.413793103448278,0.38616161616161615,4200.0
4295.778602391519,2476.5105810445884,-10137.501669382247,0.0031721016139352304,13.10344827586207,0.38616161616161615,4150.0
4424.018743650488,2496.121974027874,-10436.146374226424,0.0031456060021744668,13.793103448275863,0.38616161616161615,4150.0
4548.130416945848,2511.7783335042386,-10724.046543996155,0.0031199597383402143,14.482758620689657,0.38616161616161615,4150.0
4668.381491253036,2523.842081407599,-11001.921255596797,0.0030951125931334305,15.172413793103448,0.38616161616161615,4150.0
4785.019262786026,2532.6392479504125,-11270.419233197586,0.0030710185697982854,15.862068965517242,0.38616161616161615,4150.0
4898.261125466602,2538.464210844968,-11530.126514963718,0.003047635883728832,16.551724137931036,0.38616161616161615,4150.0
5008.310442349775,2541.5821505018093,-11781.57691328397,0.0030249259103424507,17.24137931034483,0.38616161616161615,4150.0
5115.345609452295,2542.233827014641,-12025.25592708787,0.0030028531805236934,17.931034482758623,0.38616161616161615,4150.0
5219.537285481799,2540.638999373764,-12261.60694164932,0.002981385151644203,18.620689655172416,0.38616161616161615,4150.0
5321.033163388641,2536.9948727975516,-12491.037372152517,0.0029604914849090534,19.310344827586206,0.38616161616161615,4150.0
5419.977532109285,2531.4850657699926,-12713.92061041054,0.0029401441930294796,20.0,0.38616161616161615,4150.0
0.0,0.0,9.041683475959871,0.003961012890938529,0.0,0.39606060606060606,4250.0
458.8679419219584,401.78410278958313,-984.9962842231398,0.003890774242473372,0.6896551724137931,0.39606060606060606,4250.0
842.4366011422004,718.5193521975986,-1864.5575510271738,0.003805069946500691,1.3793103448275863,0.39606060606060606,4200.0
1177.006205419571,978.6527223578021,-2654.565169656198,0.003746534263517743,2.0689655172413794,0.39606060606060606,4200.0
1476.2461717297347,1197.3327708640802,-3372.2965746344853,0.003692090355690659,2.7586206896551726,0.39606060606060606,4200.0
1748.3620325958966,1383.8643759968033,-4030.379534605083,0.003641172075873163,3.4482758620689657,0.39606060606060606,4200.0
1998.760620269135,1544.5096959264881,-4638.295215626276,0.00359333016194415,4.137931034482759,0.39606060606060606,4200.0
2231.2360844326186,1683.756600274271,-5203.359163751993,0.003548200905872517,4.827586206896552,0.39606060606060606,4200.0
2448.580917987167,1804.9653408522665,-5731.345014942446,0.0035054849610028044,5.517241379310345,0.39606060606060606,4200.0
2652.925635246899,1910.7468514785216,-6226.896973229908,0.003464932446726658,6.206896551724139,0.39606060606060606,4200.0
2845.9417607691275,2003.1785625074215,-6693.811528787468,0.00342633230743699,6.8965517241379315,0.39606060606060606,4200.0
3028.972722089719,2083.95408816311,-7135.2367390296495,0.003389504222774162,7.586206896551724,0.39606060606060606,4200.0
3203.1159497625736,2154.4740867704763,-7553.813889323988,0.003354292869794513,8.275862068965518,0.39606060606060606,4200.0
3369.283004332506,2215.914247873347,-7951.783270549888,0.003320563255724686,8.965517241379311,0.39606060606060606,4200.0
3528.242112816924,2269.275875120453,-8331.06334112971,0.003288197236610185,9.655172413793103,0.39606060606060606,4200.0
3680.649258491659,2315.418115699307,-8693.309669019553,0.0032570907928312315,10.344827586206897,0.39606060606060606,4200.0
3827.0674813214205,2355.0866275965645,-9039.963524081912,0.003227151631864886,11.03448275862069,0.39606060606060606,4200.0
3967.9834904096438,2388.927049382712,-9372.285867211147,0.0031982976699637556,11.724137931034484,0.39606060606060606,4200.0
4103.828455034851,2417.5153617610113,-9691.388954957678,0.003170455316296512,12.413793103448278,0.39606060606060606,4200.0
4234.976128561224,2441.3503106867183,-9998.283084018709,0.0031294866549393253,13.10344827586207,0.39606060606060606,4150.0
4361.761265011681,2460.8833702493885,-10293.89068390429,0.0031037234234738064,13.793103448275863,0.39606060606060606,4150.0
4484.482086039458,2476.5110371630435,-10578.921781281118,0.003078780490378048,14.482758620689657,0.39606060606060606,4150.0
4603.403151839354,2488.5923288919544,-10854.081110380554,0.003054609656893515,15.172413793103448,0.39606060606060606,4150.0
4718.766719072696,2497.44769136287,-11120.005841690814,0.0030311666462569126,15.862068965517242,0.39606060606060606,4150.0
4830.786829704287,2503.3667863330725,-11377.271537334746,0.00300841111182314,16.551724137931036,0.39606060606060606,4150.0
4939.662077496623,2506.6113094254347,-11626.401677563874,0.002986306022902625,17.24137931034483,0.39606060606060606,4150.0
5045.570208822648,2507.418635331899,-11867.873940879334,0.002964817079773305,17.931034482758623,0.39606060606060606,4150.0
5148.6744970226055,2506.003788296131,-12102.123183636737,0.00294391300455306,18.620689655172416,0.39606060606060606,4150.0
5249.125783325025,2502.5636536379275,-12329.549601609382,0.0029235646305450897,19.310344827586206,0.39606060606060606,4150.0
5347.05905513705,2497.276056911712,-12550.520889144042,0.0029037448408272305,20.0,0.39606060606060606,4150.0
0.0,0.0,9.041683475959871,0.0038926059672131624,0.0,0.40595959595959596,4250.0
451.1114857917232,394.99060318413405,-968.1560268677131,0.0038247906824489535,0.6896551724137931,0.40595959595959596,4250.0
828.3995172766898,706.5404904243801,-1833.3129151698959,0.003741597282623365,1.3793103448275863,0.40595959595959596,4200.0
1157.6500284729393,962.5460171149854,-2610.805781227449,0.0036850210385186433,2.0689655172413794,0.40595959595959596,4200.0
1452.2617411952667,1177.8606395220293,-3317.5186550320577,0.003632374316944259,2.7586206896551726,0.40595959595959596,4200.0
1720.2748328109533,1361.606781435765,-3965.7985010078773,0.0035831147383631216,3.4482758620689657,0.40595959595959596,4200.0
1966.9860070530053,1519.923106767228,-4564.916970227721,0.0035368117921954346,4.137931034482759,0.40595959595959596,4200.0
2196.114368447132,1657.21228696789,-5122.029121333566,0.003493116863690108,4.827586206896552,0.40595959595959596,4200.0
2410.3957168332936,1776.7701036438807,-5642.782811143836,0.00345174297996457,5.517241379310345,0.40595959595959596,4200.0
2611.9175621799604,1881.1572917988544,-6131.721837260207,0.0034124505489393797,6.206896551724139,0.40595959595959596,4200.0
2802.3187154336106,1972.413718735025,-6592.561585572577,0.0033750370957497428,6.8965517241379315,0.40595959595959596,4200.0
2982.914143811795,2052.1993939478407,-7028.383265266755,0.003339329652001003,7.586206896551724,0.40595959595959596,4200.0
3154.779537160763,2121.8903667977384,-7441.772449353535,0.0033051791913669315,8.275862068965518,0.40595959595959596,4200.0
3318.8091760111947,2182.64080655607,-7834.923208852146,0.00327245608927923,8.965517241379311,0.40595959595959596,4200.0
3475.7570747223613,2235.436088256591,-8209.71393518828,0.003241047006216994,9.655172413793103,0.40595959595959596,4200.0
3626.2661535654784,2281.118777172594,-8567.767104184517,0.0032108519264390472,10.344827586206897,0.40595959595959596,4200.0
3770.886359678432,2320.421100947868,-8910.494087354637,0.0031817823627630654,11.03448275862069,0.40595959595959596,4200.0
3910.098847313991,2353.9796709443654,-9239.13150712633,0.0031537592850054957,11.724137931034484,0.40595959595959596,4200.0
4044.323309669212,2382.3588501957797,-9554.768728945637,0.0031267121439966634,12.413793103448278,0.40595959595959596,4200.0
4173.927087990227,2406.0496943739486,-9858.371979506352,0.0031005772288823412,13.10344827586207,0.40595959595959596,4200.0
4299.241727212816,2425.4981718273034,-10150.879484673991,0.003061586670438099,13.793103448275863,0.40595959595959596,4150.0
4420.55456361535,2441.091278969013,-10432.996100261407,0.003037340892311732,14.482758620689657,0.40595959595959596,4150.0
4538.131481723221,2453.1858365044923,-10705.395825229549,0.0030138405733838407,15.172413793103448,0.40595959595959596,4150.0
4652.203440510089,2462.0934126907505,-10968.703473458474,0.0029910432455131837,15.862068965517242,0.40595959595959596,4150.0
4762.987936840509,2468.1032828882094,-11223.484877077433,0.002968909898094702,16.551724137931036,0.40595959595959596,4150.0
4870.67250600577,2471.469159991062,-11470.25283006065,0.002947405054655837,17.24137931034483,0.40595959595959596,4150.0
4975.43875953932,2472.428402874732,-11709.47640325511,0.002926495756998286,17.931034482758623,0.40595959595959596,4150.0
5077.441993081732,2471.190903711007,-11941.583801941371,0.0029061516199188724,18.620689655172416,0.40595959595959596,4150.0
5176.832644076303,2467.9503503664714,-12166.966624548964,0.0028863448110706003,19.310344827586206,0.40595959595959596,4150.0
5273.744042934475,2462.884417181665,-12385.986304831255,0.002867049241541412,20.0,0.40595959595959596,4150.0
0.0,0.0,9.041683475959871,0.0038243245868587222,0.0,0.41585858585858587,4250.0
443.3631670324361,388.20429453639906,-951.334978866973,0.0037588851795642324,0.6896551724137931,0.41585858585858587,4250.0
814.3701502497282,694.5684202688911,-1802.0863165383053,0.0036781625765126007,1.3793103448275863,0.41585858585858587,4200.0
1138.2959011125483,946.4414211499063,-2567.04897738179,0.0036235105475572672,2.0689655172413794,0.41585858585858587,4200.0
1428.269916512969,1158.3830745123448,-3262.7176947317857,0.003572630024552795,2.7586206896551726,0.41585858585858587,4200.0
1692.1684330064672,1339.3347253621262,-3901.1614388803428,0.0035250017007022023,3.4482758620689657,0.41585858585858587,4200.0
1935.1797729757168,1495.3131534131712,-4491.444474160628,0.0034802132285685094,4.137931034482759,0.41585858585858587,4200.0
2160.9464042768814,1630.6343338780716,-5040.562733465449,0.0034379306892319368,4.827586206896552,0.41585858585858587,4200.0
2372.1488443923354,1748.5308373282846,-5554.039426811687,0.0033978791173842815,5.517241379310345,0.41585858585858587,4200.0
2570.83185430358,1851.513396666901,-6036.31874144524,0.003359828927411032,6.206896551724139,0.41585858585858587,4200.0
2758.6003278628145,1941.5832298741364,-6491.035693760801,0.0033235859706690516,6.8965517241379315,0.41585858585858587,4200.0
2936.7428460073265,2020.3686054024447,-6921.204984785538,0.0032889844449625867,7.586206896551724,0.41585858585858587,4200.0
3106.313382951334,2089.2209082411146,-7329.356966462867,0.0032558814382074547,8.275862068965518,0.41585858585858587,4200.0
3268.18887650006,2149.2727299048947,-7717.639627121469,0.0032241525861125488,8.965517241379311,0.41585858585858587,4200.0
3423.1094687834984,2201.493510390203,-8087.891727077324,0.003193689163236182,9.655172413793103,0.41585858585858587,4200.0
3571.7019613669277,2246.7071871850158,-8441.702539040132,0.003164395155361556,10.344827586206897,0.41585858585858587,4200.0
3714.507695335331,2285.6352265616833,-8780.454014642899,0.003136185660439086,11.03448275862069,0.41585858585858587,4200.0
3852.0001295944053,2318.905327130439,-9105.35815354983,0.003108984762195871,11.724137931034484,0.41585858585858587,4200.0
3984.5864907529935,2347.0673334168027,-9417.48193427267,0.0030827247377649618,12.413793103448278,0.41585858585858587,4200.0
4112.632525965196,2370.6099978838392,-9717.772669779064,0.0030573444028425254,13.10344827586207,0.41585858585858587,4200.0
4236.45748703768,2389.9654038108647,-10007.107713682883,0.0030191940980060826,13.793103448275863,0.41585858585858587,4150.0
4356.348628302295,2405.5202850494957,-10286.263810428267,0.002995639143211909,14.482758620689657,0.41585858585858587,4150.0
4472.562813325789,2417.6205862335505,-10555.859242743769,0.0029728033919884794,15.172413793103448,0.41585858585858587,4150.0
4585.3302262666875,2426.577724103668,-10816.505754069578,0.0029506462098419606,15.862068965517242,0.41585858585858587,4150.0
4694.860386529742,2432.6712722990746,-11068.75888240405,0.002929130073668952,16.551724137931036,0.41585858585858587,4150.0
4801.3425736667095,2436.157101722038,-11313.122310671308,0.002908220705716038,17.24137931034483,0.41585858585858587,4150.0
4904.948243346403,2437.2615990888544,-11550.055454338879,0.0028878866030978266,17.931034482758623,0.41585858585858587,4150.0
5005.837425267844,2436.1987859150504,-11779.979278601837,0.0028680984455057667,18.620689655172416,0.41585858585858587,4150.0
5104.150694657891,2433.153675477029,-12003.278451331185,0.0028488293660480866,19.310344827586206,0.41585858585858587,4150.0
5200.025687449407,2428.305647341516,-12220.307067805777,0.0028300544283830216,20.0,0.41585858585858587,4150.0
0.0,0.0,9.041683475959871,0.003756168221872784,0.0,0.4257575757575757,4250.0
435.62296033807104,381.42515472560757,-934.5330828363876,0.003693057490954517,0.6896551724137931,0.4257575757575757,4250.0
800.3484740851892,682.6031195800967,-1770.877721309931,0.0036147657643187257,1.3793103448275863,0.4257575757575757,4200.0
1118.9443525225781,930.339441235496,-2523.2947704103935,0.003562002826013801,2.0689655172413794,0.4257575757575757,4200.0
1404.2706552487282,1138.9000419842434,-3207.8937096670998,0.0035128575673886936,2.7586206896551726,0.4257575757575757,4200.0
1664.0428226952408,1317.048020715352,-3836.468433748065,0.003466833014895906,3.4482758620689657,0.4257575757575757,4200.0
1903.3407906458783,1470.6788002687572,-4417.877726132989,0.0034235344999357354,4.137931034482759,0.4257575757575757,4200.0
2125.73130029984,1604.0219211590356,-4958.959905811615,0.0033826423440931844,4.827586206896552,0.4257575757575757,4200.0
2333.8391662073886,1720.246519962939,-5465.114624910275,0.0033438932469488803,5.517241379310345,0.4257575757575757,4200.0
2529.666709565591,1821.8135885041524,-5940.687326115709,0.0033070673346391037,6.206896551724139,0.4257575757575757,4200.0
2714.785789286678,1910.6864627022292,-6389.2331858554535,0.003271978585959884,6.8965517241379315,0.4257575757575757,4200.0
2890.4583255090033,1988.4613924460707,-6813.700797138445,0.0032384681674406984,7.586206896551724,0.4257575757575757,4200.0
3057.716876325703,2056.4652276717698,-7216.5661448717365,0.0032063990220408877,8.275862068965518,0.4257575757575757,4200.0
3217.423010464756,2115.810956511013,-7599.930869219141,0.0031756520096721903,8.965517241379311,0.4257575757575757,4200.0
3370.297103923389,2167.446217331463,-7965.594648480197,0.0031461228490184635,9.655172413793103,0.4257575757575757,4200.0
3516.955753518814,2212.1827980533267,-8315.113492917386,0.0031177194584552847,10.344827586206897,0.4257575757575757,4200.0
3657.9321522750975,2250.7304601473093,-8649.840337678412,0.00309036038334765,11.03448275862069,0.4257575757575757,4200.0
3793.6851375839765,2283.7025360849602,-8970.962220232446,0.003063972823418612,11.724137931034484,0.4257575757575757,4200.0
3924.617943959825,2311.6414737718696,-9279.524579147837,0.0030384916787737216,12.413793103448278,0.4257575757575757,4200.0
4051.087998058633,2335.02800656761,-9576.45492179921,0.0030138583774261137,13.10344827586207,0.4257575757575757,4200.0
4173.407173747106,2354.2844719190684,-9862.579803416935,0.0029900198580558954,13.793103448275863,0.4257575757575757,4200.0
4291.860536299385,2369.7954635511746,-10138.719789452109,0.002953673320446784,14.482758620689657,0.4257575757575757,4150.0
4406.695200325525,2381.8956644822474,-10405.46506535542,0.002931496162413813,15.172413793103448,0.4257575757575757,4150.0
4518.142600056359,2390.8975966957614,-10663.405818217492,0.0029099734791472476,15.862068965517242,0.4257575757575757,4150.0
4626.402661459607,2397.0703034626567,-10913.086468236921,0.002889069341842485,16.551724137931036,0.4257575757575757,4150.0
4731.666095541101,2400.6702760203398,-11155.002090815804,0.0028687506088455,17.24137931034483,0.4257575757575757,4150.0
4834.097901980501,2401.9185493336786,-11389.602393887348,0.0028489871462091367,17.931034482758623,0.4257575757575757,4150.0
4933.855588735823,2401.0245501191107,-11617.300527571584,0.0028297508177801,18.620689655172416,0.4257575757575757,4150.0
5031.0802004938205,2398.174765787248,-11838.475109623483,0.0028110155561183346,19.310344827586206,0.4257575757575757,4150.0
5125.900364568282,2393.538809307716,-12053.472505957368,0.0027927575668473216,20.0,0.4257575757575757,4150.0
0.0,0.0,9.041683475959871,0.003688136347858271,0.0,0.43565656565656563,4250.0
427.8908385685361,374.65315984127267,-917.75028038655,0.0036273073774895797,0.6896551724137931,0.43565656565656563,4250.0
786.3344626872005,670.6445666248122,-1739.6870956070852,0.0035514067829386675,1.3793103448275863,0.43565656565656563,4200.0
1099.5946965071587,914.2394200406061,-2479.5431633932894,0.0035004979151395826,2.0689655172413794,0.43565656565656563,4200.0
1380.2639484102845,1119.4115381679499,-3153.0467647891855,0.0034530570105189575,2.7586206896551726,0.43565656565656563,4200.0
1635.8979637251427,1294.7468193443387,-3771.719527474379,0.003408608754530916,3.4482758620689657,0.43565656565656563,4200.0
1871.4689938752922,1446.0200031597894,-4344.2167263355805,0.0033667756363599615,4.137931034482759,0.43565656565656563,4200.0
2090.4685630956374,1577.3746262959573,-4877.220546087468,0.0033272517913861682,4.827586206896552,0.43565656565656563,4200.0
2295.466085205655,1691.9166586701974,-5376.00807365396,0.0032897852723953653,5.517241379310345,0.43565656565656563,4200.0
2488.4218810219018,1792.0577060075884,-5844.8271516269815,0.003254165554361808,6.206896551724139,0.43565656565656563,4200.0
2670.8747714723495,1879.7232063138908,-6287.1533970877135,0.0032202145970619133,6.8965517241379315,0.43565656565656563,4200.0
2844.0601751368554,1956.4775036483768,-6705.869922430604,0.003187780306125788,7.586206896551724,0.43565656565656563,4200.0
3008.9918741309434,2023.624806053015,-7103.3987101341845,0.003156731340238629,8.275862068965518,0.43565656565656563,4200.0
3166.508854112784,2082.253293356045,-7481.795103984405,0.003126953662060401,8.965517241379311,0.43565656565656563,4200.0
3317.319184796967,2133.294143314495,-7842.820640560276,0.003098347194366873,9.655172413793103,0.43565656565656563,4200.0
3462.0283534711516,2177.54663600505,-8187.997241159508,0.0030708238622432116,10.344827586206897,0.43565656565656563,4200.0
3601.1564114264906,2215.704282987105,-8518.650091676653,0.003044305377515092,11.03448275862069,0.43565656565656563,4200.0
3735.15260726748,2248.370580379107,-8835.94036617718,0.0030187221335446273,11.724137931034484,0.43565656565656563,4200.0
3864.41654828301,2276.0806723503015,-9140.89270936275,0.0029940115100467986,12.413793103448278,0.43565656565656563,4200.0
3989.292150236932,2299.3030099991843,-9434.414670842336,0.0029701174655752793,13.10344827586207,0.43565656565656563,4200.0
4110.0915102650215,2318.4564287256226,-9717.316634392002,0.002946989000809764,13.793103448275863,0.43565656565656563,4200.0
4227.087761748411,2333.915122281277,-9990.358369545444,0.0029114416073407695,14.482758620689657,0.43565656565656563,4150.0
4340.529477002192,2346.0123270432064,-10254.206938883719,0.0028899169240764314,15.172413793103448,0.43565656565656563,4150.0
4450.637633981465,2355.050595710485,-10509.396802673065,0.0028690229516651834,15.862068965517242,0.43565656565656563,4150.0
4557.614419327758,2361.3007653159493,-10756.460467237011,0.0028487254009241948,16.551724137931036,0.43565656565656563,4150.0
4661.640195477414,2365.007928284123,-10995.88363987617,0.0028289924503273525,17.24137931034483,0.43565656565656563,4150.0
4762.8843917559125,2366.3974593302805,-11228.108391056761,0.0028097949172011622,17.931034482758623,0.43565656565656563,4150.0
4861.494379963766,2365.667966714893,-11453.538589616554,0.002791106020772306,18.620689655172416,0.43565656565656563,4150.0
4957.613978489565,2363.0092267588984,-11672.546013162115,0.002772900695644113,19.310344827586206,0.43565656565656563,4150.0
5051.367662002908,2358.5847537177424,-11885.471795039746,0.0027551558129290292,20.0,0.43565656565656563,4150.0
0.0,0.0,9.041683475959871,0.0036202284439888262,0.0,0.44555555555555554,4250.0
420.16677475241494,367.88828612130226,-900.9865134700813,0.0035616346014379933,0.6896551724137931,0.44555555555555554,4250.0
772.3280788842432,658.6927284603956,-1708.5143937422981,0.0034880855794895875,1.3793103448275863,0.44555555555555554,4200.0
1080.246907986462,898.1413371277525,-2435.794162973987,0.003438995853990057,2.0689655172413794,0.44555555555555554,4200.0
1356.2497750801363,1099.917549169576,-3098.176921770115,0.003393228422141037,2.7586206896551726,0.44555555555555554,4200.0
1607.7338190245905,1272.4311037313398,-3706.914765212685,0.0033503289907585664,3.4482758620689657,0.44555555555555554,4200.0
1839.5643166827927,1421.336718125383,-4270.461476442353,0.003309936669097116,4.137931034482759,0.44555555555555554,4200.0
2055.1580826330573,1550.6923762826061,-4795.344564069303,0.0032717589957486338,4.827586206896552,0.44555555555555554,4200.0
2257.029488902907,1663.5411890203745,-5286.7196433472345,0.0032355550397844364,5.517241379310345,0.44555555555555554,4200.0
2447.0971260579204,1762.2455912291307,-5748.737793703156,0.0032011233608544866,6.206896551724139,0.44555555555555554,4200.0
2626.8668901396763,1848.6930067435028,-6184.795665471844,0.00316829366112438,6.8965517241379315,0.44555555555555554,4200.0
2797.5499951706825,1924.4184898521614,-6597.711467068548,0.003136920381512343,7.586206896551724,0.44555555555555554,4200.0
2960.135521836102,1990.6976496409632,-6989.853389402495,0.003106877791085521,8.275862068965518,0.44555555555555554,4200.0
3115.445903037993,2048.5994549035154,-7363.231002195433,0.003078056733263168,8.965517241379311,0.44555555555555554,4200.0
3264.1756188955733,2099.0374565629722,-7719.567661431698,0.0030503613170908077,9.655172413793103,0.44555555555555554,4200.0
3406.9179129181716,2142.7972841938604,-8060.3516985617025,0.0030237072572441735,10.344827586206897,0.44555555555555554,4200.0
3544.1793917957734,2180.55607162149,-8386.880331158784,0.0029980194699130713,11.03448275862069,0.44555555555555554,4200.0
3676.4041080753846,2212.911132809995,-8700.28939494674,0.00297323132544712,11.724137931034484,0.44555555555555554,4200.0
3803.9792939393733,2240.382824996358,-9001.58235283423,0.0029492827667357887,12.413793103448278,0.44555555555555554,4200.0
3927.244721295531,2263.434994672344,-9291.64738085121,0.0029261200741353744,13.10344827586207,0.44555555555555554,4200.0
4046.5057867172977,2282.4779493114374,-9571.277873774598,0.002903694443948846,13.793103448275863,0.44555555555555554,4200.0
4162.02938031677,2297.878709443168,-9841.183700756766,0.002881961631718595,14.482758620689657,0.44555555555555554,4200.0
4274.060626201195,2309.967123110244,-10102.079118629023,0.0028480635921942477,15.172413793103448,0.44555555555555554,4150.0
4382.814427895472,2319.0376161696076,-10354.471629075248,0.002827792527737595,15.862068965517242,0.44555555555555554,4150.0
4488.490389172343,2325.359262690131,-10598.873285230096,0.0028080960264422737,16.551724137931036,0.44555555555555554,4150.0
4591.265194113015,2329.17129946059,-10835.759484564289,0.002788943710360528,17.24137931034483,0.44555555555555554,4150.0
4691.30312450351,2330.695689614853,-11065.564469531797,0.0027703074064696974,17.931034482758623,0.44555555555555554,4150.0
4788.752970884422,2330.129290137942,-11288.683914382382,0.0027521614300719316,18.620689655172416,0.44555555555555554,4150.0
4883.74899589668,2327.654864992323,-11505.48191991196,0.0027344818426419367,19.310344827586206,0.44555555555555554,4150.0
4976.421698952966,2323.4400584144983,-11716.293753460195,0.0027172463011060632,20.0,0.44555555555555554,4150.0
0.0,0.0,9.041683475959871,0.0035524439929746692,0.0,0.45545454545454545,4250.0
412.4507420855229,361.13050995086894,-884.241724379026,0.003496038926454481,0.6896551724137931,0.45545454545454545,4250.0
758.3293103172834,646.7475953824231,-1677.3595965865243,0.0034248020797910017,1.3793103448275863,0.45545454545454545,4200.0
1060.9009814444037,882.045190025078,-2392.047801486995,0.0033774966672346406,2.0689655172413794,0.45545454545454545,4200.0
1332.2287261119934,1080.4186564615854,-3043.2842258297096,0.0033333718800317253,2.7586206896551726,0.45545454545454545,4200.0
1579.5503517866716,1250.100849180517,-3642.054193163982,0.0032919937953618883,3.4482758620689657,0.45545454545454545,4200.0
1807.6266932962046,1396.6289014199967,-4196.6119796126295,0.0032530176305983747,4.137931034482759,0.45545454545454545,4200.0
2019.7997490240336,1523.9750983127758,-4713.331871603223,0.0032161639233518487,4.827586206896552,0.45545454545454545,4200.0
2218.52922663109,1635.1200150472855,-5197.249138195577,0.003181202418852122,5.517241379310345,0.45545454545454545,4200.0
2405.692093964778,1732.3770041983205,-5652.418832071693,0.00314794052925311,6.206896551724139,0.45545454545454545,4200.0
2582.7635519260075,1817.597229385827,-6082.159206898112,0.0031162154672895797,6.8965517241379315,0.45545454545454545,4200.0
2750.925676472659,1892.2825564938,-6489.224463923194,0.0030858879434734147,7.586206896551724,0.45545454545454545,4200.0
2911.147278589618,1957.683422833918,-6875.928911468189,0.003056837773879309,8.275862068965518,0.45545454545454545,4200.0
3064.2333983585263,2014.8489689132864,-7244.236920873715,0.003028960489092335,8.965517241379311,0.45545454545454545,4200.0
3210.866718290872,2064.6766098864737,-7595.8336676959225,0.003002164334551026,9.655172413793103,0.45545454545454545,4200.0
3351.622743557603,2107.9335590207097,-7932.17437814772,0.0029763686214753643,10.344827586206897,0.45545454545454545,4200.0
3487.000737782187,2145.285870908318,-8254.52800652475,0.002951501503370665,11.03448275862069,0.45545454545454545,4200.0
3617.436106960465,2177.3212766231495,-8564.005816273951,0.002927499099003998,11.724137931034484,0.45545454545454545,4200.0
3743.3046166061413,2204.547044530547,-8861.58921088076,0.0029043040347723485,12.413793103448278,0.45545454545454545,4200.0
3864.9445374533866,2227.423187788868,-9148.14846486388,0.002881864614811143,13.10344827586207,0.45545454545454545,4200.0
3982.648530915252,2246.348286511139,-9424.459017006346,0.002860134313466194,13.793103448275863,0.45545454545454545,4200.0
4096.684664553812,2261.6867758507165,-9691.216812861065,0.0028390705712422622,14.482758620689657,0.45545454545454545,4200.0
4207.286511865787,2273.758959130751,-9949.075285279017,0.0028059341778445272,15.172413793103448,0.45545454545454545,4150.0
4314.671162206506,2282.8578247890837,-10198.623445871854,0.0027862800468199615,15.862068965517242,0.45545454545454545,4150.0
4419.027869550304,2289.2444496454914,-10440.317322448143,0.0027671789524746537,16.551724137931036,0.45545454545454545,4150.0
4520.536697351056,2293.157663531568,-10674.621510277037,0.002748601955902343,17.24137931034483,0.45545454545454545,4150.0
4619.352488732317,2294.812069464868,-10901.96168894408,0.0027305220646993223,17.931034482758623,0.45545454545454545,4150.0
4715.625194795263,2294.4047545407043,-11122.72688435822,0.002712914388259489,18.620689655172416,0.45545454545454545,4150.0
4809.485987914389,2292.113841292653,-11337.272631616674,0.0026957561801803152,19.310344827586206,0.45545454545454545,4150.0
4901.058263371799,2288.1026448107186,-11545.927855367816,0.0026790260199052703,20.0,0.45545454545454545,4150.0
0.0,0.0,9.041683475959871,0.0034847824810288436,0.0,0.46535353535353535,4250.0
404.7427139311198,354.37980786244947,-867.5158557456307,0.0034305201175464334,0.6896551724137931,0.46535353535353535,4250.0
744.3381291486012,634.8091436263874,-1646.222671373158,0.0033615562219562844,1.3793103448275863,0.46535353535353535,4200.0
1041.5568967828726,865.95096283907,-2348.3040923169683,0.003316000391442477,2.0689655172413794,0.46535353535353535,4200.0
1308.2005510794806,1060.9146115976614,-2988.3687225587055,0.003273487462350699,2.7586206896551726,0.46535353535353535,4200.0
1551.3476529202926,1227.7561638739928,-3577.1378584438426,0.0032336032409247773,3.4482758620689657,0.46535353535353535,4200.0
1775.6560581536612,1371.8965095150845,-4122.668240491999,0.0031960185545125593,4.137931034482759,0.46535353535353535,4200.0
1984.3933780171935,1497.2226582360374,-4631.18229196551,0.0031604665685107643,4.827586206896552,0.46535353535353535,4200.0
2179.965492309284,1606.6533813320982,-5107.596323104124,0.0031267272978321003,5.517241379310345,0.46535353535353535,4200.0
2364.208577764482,1702.4536395591435,-5555.869849347444,0.0030946168365581284,6.206896551724139,0.46535353535353535,4200.0
2538.5630390363463,1786.4345885297669,-5979.243491242771,0.0030639796442586066,6.8965517241379315,0.46535353535353535,4200.0
2704.1865332931466,1860.0692110167975,-6380.407965551327,0.0030346825304351853,7.586206896551724,0.46535353535353535,4200.0
2862.026502035376,1924.5817129883133,-6761.623808662742,0.003006610731285837,8.275862068965518,0.46535353535353535,4200.0
3012.8730428755025,1981.0035208593117,-7124.811186014827,0.0029796642124695293,8.965517241379311,0.46535353535353535,4200.0
3157.3897774836014,2030.2094892671869,-7471.616385933143,0.002953755408844445,9.655172413793103,0.46535353535353535,4200.0
3296.1418857966373,2072.9548549841065,-7803.462745740704,0.002928806952850963,10.344827586206897,0.46535353535353535,4200.0
3429.6205025054064,2109.893997366222,-8121.590089465106,0.002904750311310994,11.03448275862069,0.46535353535353535,4200.0
3558.2470198544197,2141.5998135012437,-8427.086128579758,0.002881524147417896,11.724137931034484,0.46535353535353535,4200.0
3682.3936043204567,2168.5746751077504,-8720.909813117934,0.0028590737408474226,12.413793103448278,0.46535353535353535,4200.0
3802.3882794245724,2191.265798486121,-9003.913377371973,0.0028373494607876848,13.10344827586207,0.46535353535353535,4200.0
3918.5198156935353,2210.0680788183126,-9276.854942290003,0.00281630683939275,13.793103448275863,0.46535353535353535,4200.0
4031.04926187147,2225.3363920513502,-9540.415550305188,0.002795905188382172,14.482758620689657,0.46535353535353535,4200.0
4140.2071623197335,2237.3885779256716,-9795.207184857114,0.0027761075383991056,15.172413793103448,0.46535353535353535,4200.0
4246.203768748249,2246.5086506227394,-10041.845721159545,0.002744483277790705,15.862068965517242,0.46535353535353535,4150.0
4349.227959827442,2252.957135182503,-10280.78461057577,0.00272597193265466,16.551724137931036,0.46535353535353535,4150.0
4449.450993356498,2256.9649815164553,-10512.461335354637,0.0027079647971054994,17.24137931034483,0.46535353535353535,4150.0
4547.030871450929,2258.7468126044905,-10737.291709343473,0.002690436219457139,17.931034482758623,0.46535353535353535,4150.0
4642.1079501996055,2258.4930300855376,-10955.657420894226,0.0026733622500072396,18.620689655172416,0.46535353535353535,4150.0
4734.817831552974,2256.38202133969,-11167.90769542205,0.002656720922126817,19.310344827586206,0.46535353535353535,4150.0
4825.2767974621,2252.5730520361412,-11374.363493791992,0.002640491933264244,20.0,0.46535353535353535,4150.0
0.0,0.0,9.041683475959871,0.0034172433978339046,0.0,0.47525252525252526,4250.0
397.04266382806895,347.63615654309973,-850.8088505655905,0.0033650779409620233,0.6896551724137931,0.47525252525252526,4250.0
730.3546956795992,622.877537652401,-1615.1035855847222,0.003298347944559911,1.3793103448275863,0.47525252525252526,4200.0
1022.2146340781272,849.8586398243801,-2304.563049093631,0.00325450706343904,2.0689655172413794,0.47525252525252526,4200.0
1284.16485272191,1041.4050437272663,-2933.430458915973,0.0032135752464140187,2.7586206896551726,0.47525252525252526,4200.0
1523.1265916802474,1205.3978715187552,-3512.1658090798737,0.003175157400830643,3.4482758620689657,0.47525252525252526,4200.0
1743.6531989949665,1347.1403228286852,-4048.630265213942,0.0031389394756882573,4.137931034482759,0.47525252525252526,4200.0
1948.940115821033,1470.4361652033976,-4548.8958456511755,0.003104666868610759,4.827586206896552,0.47525252525252526,4200.0
2141.339055696486,1578.1419023761418,-5017.760967306829,0.0030721295644162375,5.517241379310345,0.47525252525252526,4200.0
2322.644420758734,1672.473585578982,-5459.0904310696205,0.003041152061659504,6.206896551724139,0.47525252525252526,4200.0
2494.264768318748,1755.2046480934196,-5876.047927414722,0.003011585840221504,6.8965517241379315,0.47525252525252526,4200.0
2657.332134018407,1827.7781816575261,-6271.261033369323,0.0029833036781007887,7.586206896551724,0.47525252525252526,4200.0
2812.7739737856477,1891.3933845135803,-6646.937077644696,0.002956196006703809,8.275862068965518,0.47525252525252526,4200.0
2961.3620689368086,1947.0608380935778,-7004.952154897117,0.0029301671673299724,8.965517241379311,0.47525252525252526,4200.0
3103.744142348333,1995.635724994982,-7346.914070405233,0.002905133595621319,9.655172413793103,0.47525252525252526,4200.0
3240.476294798397,2037.861759963493,-7674.214304373294,0.0028810212241459254,10.344827586206897,0.47525252525252526,4200.0
3372.0358023184817,2074.3782791368185,-7988.063936253435,0.0028577646527457,11.03448275862069,0.47525252525252526,4200.0
3498.8358987866613,2105.746800168071,-8289.526860070582,0.002835305139018024,11.724137931034484,0.47525252525252526,4200.0
3621.243284597796,2132.4635516933827,-8579.540157626849,0.0028135904053365173,12.413793103448278,0.47525252525252526,4200.0
3739.5741147064737,2154.96180553581,-8858.937229697876,0.0027925730323642784,13.10344827586207,0.47525252525252526,4200.0
3854.1173059684884,2173.6358613125212,-9128.460419821065,0.0027722102774179465,13.793103448275863,0.47525252525252526,4200.0
3965.1213986436424,2188.8266622670335,-9388.774809848255,0.0027524634407125968,14.482758620689657,0.47525252525252526,4200.0
4072.8193159361495,2200.85317535719,-9640.480120686,0.0027332969755552742,15.172413793103448,0.47525252525252526,4200.0
4177.410329658929,2209.9893164571668,-9884.131421057638,0.0027024000633404633,15.862068965517242,0.47525252525252526,4150.0
4279.084781653334,2216.4940676612778,-10120.267943478066,0.0026844725758814235,16.551724137931036,0.47525252525252526,4150.0
4378.007199256396,2220.5934884349817,-10349.27052828022,0.0026670297995542696,17.24137931034483,0.47525252525252526,4150.0
4474.332948148737,2222.4968822759024,-10571.545504529946,0.002650047286618975,17.931034482758623,0.47525252525252526,4150.0
4568.201632829116,2222.395208678723,-10787.466496816487,0.0026335021761371776,18.620689655172416,0.47525252525252526,4150.0
4659.740791850513,2220.4576436016214,-10997.37640629019,0.002617373248880351,19.310344827586206,0.47525252525252526,4150.0
4749.071983874709,2216.847536774272,-11201.589483307456,0.0026016410724428373,20.0,0.47525252525252526,4150.0
0.0,0.0,9.041683475959871,0.003349826236508975,0.0,0.4851515151515151,4250.0
389.3505654681711,340.8995328144578,-834.1206521389031,0.0032997121644230136,0.6896551724137931,0.4851515151515151,4250.0
716.3791547126456,610.9529155689019,-1584.0023069519812,0.0032351771866322336,1.3793103448275863,0.4851515151515151,4200.0
1002.8741735156729,833.7682053295433,-2260.824685515123,0.003193016720560482,2.0689655172413794,0.4851515151515151,4200.0
1260.121609231655,1021.8899375143401,-2878.4694823262616,0.0031536353099739117,2.7586206896551726,0.4851515151515151,4200.0
1494.886100517529,1183.0249703907964,-3447.138094008362,0.003116656349260849,3.4482758620689657,0.4851515151515151,4200.0
1711.6176858580973,1322.3599279761377,-3974.498061401173,0.003081780430175974,4.137931034482759,0.4851515151515151,4200.0
1913.4390515586172,1443.6147748776968,-4466.472466790292,0.0030487647903233144,4.827586206896552,0.4851515151515151,4200.0
2102.6484457738975,1549.5841823315309,-4927.742849241906,0.0030174091027442146,5.517241379310345,0.4851515151515151,4200.0
2280.9993271672056,1642.4366416030914,-5362.0800801489895,0.0029875460057076975,6.206896551724139,0.4851515151515151,4200.0
2449.868406842219,1723.9071952853187,-5772.571861153097,0.0029590337237135173,6.8965517241379315,0.4851515151515151,4200.0
2610.362531618886,1795.4096608763684,-6161.782731493724,0.002931750923784698,7.586206896551724,0.4851515151515151,4200.0
2763.3890207516097,1858.1179406746066,-6531.867479596673,0.0029055929983785433,8.275862068965518,0.4851515151515151,4200.0
2909.6996272031565,1913.0201695681208,-6884.658190414193,0.0028804686152642807,8.965517241379311,0.4851515151515151,4200.0
3049.929512678476,1960.9553085619955,-7221.7247273689645,0.0028562980023479423,9.655172413793103,0.4851515151515151,4200.0
3184.6238248274854,2002.6532109904485,-7544.426547060386,0.00283301040547144,10.344827586206897,0.4851515151515151,4200.0
3314.245532110599,2038.7380876255152,-7853.946573996262,0.0028105433488160108,11.03448275862069,0.4851515151515151,4200.0
3439.20355278003,2069.7632787250373,-8151.32424585968,0.002788840786886164,11.724137931034484,0.4851515151515151,4200.0
3559.8515079026142,2096.2123126331,-8437.476157544508,0.002767852573283003,12.413793103448278,0.4851515151515151,4200.0
3676.503503330781,2118.5128956494386,-8713.215889050116,0.0027475336115492383,13.10344827586207,0.4851515151515151,4200.0
3789.4379005682054,2137.0490890463616,-8979.270260348072,0.002727842843155268,13.793103448275863,0.4851515151515151,4200.0
3898.902325329844,2152.159219042325,-9236.288821508395,0.002708743386356343,14.482758620689657,0.4851515151515151,4200.0
4005.1195839397355,2164.151237543875,-9484.858134203627,0.002690201290882816,15.172413793103448,0.4851515151515151,4200.0
4108.290965404574,2173.300614078637,-9725.50755956646,0.002672185611270893,15.862068965517242,0.4851515151515151,4200.0
4208.595798983517,2179.85414599831,-9958.759841750274,0.002642678514894636,16.551724137931036,0.4851515151515151,4150.0
4306.2021538374875,2184.0415001525294,-10185.04036791317,0.0026257945335603538,17.24137931034483,0.4851515151515151,4150.0
4401.256513931524,2186.0615603410233,-10404.713862600016,0.002609352701046833,17.931034482758623,0.4851515151515151,4150.0
4493.899629739715,2186.106265279093,-10618.144516054752,0.0025933313842210126,18.620689655172416,0.4851515151515151,4150.0
4584.254987826641,2184.3419365840405,-10825.66841671252,0.0025777102413942986,19.310344827586206,0.4851515151515151,4150.0
4672.438982362852,2180.9245863901097,-11027.594412465915,0.0025624704637893393,20.0,0.4851515151515151,4150.0
0.0,0.0,9.041683475959871,0.0032825304935772677,0.0,0.495050505050505,4250.0
381.66639270206826,334.1699136380949,-817.4512040855916,0.003234422557016949,0.6896551724137931,0.495050505050505,4250.0
702.4111288098779,599.0349134382591,-1552.918803449611,0.0031720438876544554,1.3793103448275863,0.495050505050505,4200.0
983.5354953710972,817.6796437808993,-2217.089015295285,0.0031315294006702046,2.0689655172413794,0.495050505050505,4200.0
1236.0707989947882,1002.3692777910519,-2823.485840677953,0.003093667731215918,2.7586206896551726,0.495050505050505,4200.0
1466.6261434408934,1160.6374365599381,-3382.0547630728834,0.0030581001611932486,3.4482758620689657,0.495050505050505,4200.0
1679.5489285347912,1297.554798981957,-3900.271569696619,0.0030245414757878136,4.137931034482759,0.495050505050505,4200.0
1877.8897169845623,1416.758087874973,-4383.912076311186,0.0029927603065356147,4.827586206896552,0.495050505050505,4200.0
2063.8934935039533,1520.9803170913751,-4837.541749996228,0.002962565798782197,5.517241379310345,0.495050505050505,4200.0
2239.2730803418813,1612.3426719322708,-5264.838438517727,0.0029337984382298943,6.206896551724139,0.495050505050505,4200.0
2405.3735969257064,1692.5420164975772,-5668.814624340506,0.0029063229743705515,6.8965517241379315,0.495050505050505,4200.0
2563.278353881218,1762.9643123952224,-6051.971988013967,0.0028800238350931372,7.586206896551724,0.495050505050505,4200.0
2713.8700483566427,1824.7541244529061,-6416.413738548123,0.002854801118901319,8.275862068965518,0.495050505050505,4200.0
2857.8849656416182,1878.8808746087673,-6763.927497019009,0.002830567848576921,8.965517241379311,0.495050505050505,4200.0
2995.9465979769348,1926.1690581171886,-7096.0462896120225,0.0028072477572843113,9.655172413793103,0.495050505050505,4200.0
3128.5826953512956,1967.3279734527664,-7414.096722544084,0.0027847735080580153,10.344827586206897,0.495050505050505,4200.0
3256.2498151295886,2002.973895308828,-7719.234965806536,0.002763085243076879,11.03448275862069,0.495050505050505,4200.0
3379.3463849207315,2033.6465333887,-8012.475172197315,0.0027421296857805468,11.724137931034484,0.495050505050505,4200.0
3498.2172529712675,2059.8203519970875,-8294.713753903729,0.0027218587631012885,12.413793103448278,0.495050505050505,4200.0
3613.172441833742,2081.916147707199,-8566.744850200601,0.002702229537257807,13.10344827586207,0.495050505050505,4200.0
3724.4800349480674,2100.3072911180843,-8829.278919422897,0.00268320278939642,13.793103448275863,0.495050505050505,4200.0
3832.387149119136,2115.3306236667972,-9082.951690443631,0.0026647431087094124,14.482758620689657,0.495050505050505,4200.0
3937.1071525103393,2127.282963108178,-9328.335346113665,0.0026468182897912435,15.172413793103448,0.495050505050505,4200.0
4038.8401930098053,2136.4388979115606,-9565.948270706635,0.0026293986182666846,15.862068965517242,0.495050505050505,4200.0
4137.76089329879,2143.0381699704308,-9796.25919432882,0.0026124571419962523,16.551724137931036,0.495050505050505,4200.0
4234.031727067658,2147.3055870822373,-10019.763155933462,0.002584256392981337,17.24137931034483,0.495050505050505,4150.0
4327.800373785943,2149.4408437548864,-10236.787239999234,0.002568349882126927,17.931034482758623,0.495050505050505,4150.0
4419.198696006793,2149.625750967763,-10447.681526895634,0.0025528471327450103,18.620689655172416,0.495050505050505,4150.0
4508.354319129011,2148.031169588785,-10652.77370137415,0.0025377289012734777,19.310344827586206,0.495050505050505,4150.0
4595.376746936634,2144.804706726115,-10852.366571087958,0.002522977101397242,20.0,0.495050505050505,4150.0
0.0,0.0,9.041683475959871,0.0032153556689339586,0.0,0.5049494949494949,4250.0
373.99011954019613,327.4472761161096,-800.8004503503398,0.0031692088891571058,0.6896551724137931,0.5049494949494949,4250.0
688.4505933757589,587.1235102952317,-1521.853043293886,0.0031089479875536846,1.3793103448275863,0.5049494949494949,4200.0
964.1985802212154,801.5929398588717,-2173.3560527398076,0.0030700451413036584,2.0689655172413794,0.5049494949494949,4200.0
1212.0124005905357,982.8430495574089,-2768.479582318483,0.003033672588755712,2.7586206896551726,0.5049494949494949,4200.0
1438.3466846769834,1138.2352462966599,-3316.9158670215184,0.0029994889124005737,3.4482758620689657,0.5049494949494949,4200.0
1647.4469037116899,1272.7249288335397,-3825.950871808789,0.0029672226285925463,4.137931034482759,0.5049494949494949,4200.0
1842.2920004560153,1389.866030548695,-4301.214589863805,0.0029366533969251746,4.827586206896552,0.5049494949494949,4200.0
2025.0740298717453,1492.330196289173,-4747.157453326086,0.0029075995403383304,5.517241379310345,0.5049494949494949,4200.0
2197.4654333310696,1582.1915188367607,-5167.36518843675,0.0028799091235131445,6.206896551724139,0.5049494949494949,4200.0
2360.7819988096644,1661.1106963742739,-5564.775570851321,0.002853453261337302,6.8965517241379315,0.5049494949494949,4200.0
2516.077625921784,1730.4404743680313,-5941.828007474964,0.0028281219234402195,7.586206896551724,0.5049494949494949,4200.0
2664.2164960823575,1791.30158936422,-6300.574563586779,0.002803819789409525,8.275862068965518,0.5049494949494949,4200.0
2805.919068421475,1844.644411637163,-6642.758581920039,0.0027804641017347403,8.965517241379311,0.5049494949494949,4200.0
2941.7925772434833,1891.2747403566893,-6969.876668663244,0.0027579819961964765,9.655172413793103,0.5049494949494949,4200.0
3072.3521151879545,1931.8856098764468,-7283.222744418104,0.0027363094229391873,10.344827586206897,0.5049494949494949,4200.0
3198.0477386616903,1967.0851855748422,-7583.926112298053,0.0027153891546971543,11.03448275862069,0.5049494949494949,4200.0
3319.263156106648,1997.3958735515207,-7872.976227878942,0.002695170480063965,11.724137931034484,0.5049494949494949,4200.0
3436.3410166161793,2023.2881416124096,-8151.248657923577,0.00267560751472372,12.413793103448278,0.5049494949494949,4200.0
3549.5789486792296,2045.1704072210428,-8419.519457084396,0.0026566591741211086,13.10344827586207,0.5049494949494949,4200.0
3659.2444443167783,2063.4118627783105,-8678.481677840173,0.0026382882269677986,13.793103448275863,0.5049494949494949,4200.0
3765.5736080365505,2078.339642500915,-8928.757532981967,0.002620460660007581,14.482758620689657,0.5049494949494949,4200.0
3868.780921463962,2090.2480765544065,-9170.90528638287,0.0026031458558447,15.172413793103448,0.5049494949494949,4200.0
3969.0555975246543,2099.402274225899,-9405.431580880264,0.0025863154803888455,15.862068965517242,0.5049494949494949,4200.0
4066.575930920368,2106.0435631950218,-9632.795691138956,0.0025699435862844553,16.551724137931036,0.5049494949494949,4200.0
4161.494503644646,2110.386513799865,-9853.430399115692,0.0025424128670313963,17.24137931034483,0.5049494949494949,4150.0
4253.958877762375,2112.6312283058473,-10067.756895338971,0.0025270361019155848,17.931034482758623,0.5049494949494949,4150.0
4344.099137290935,2112.9549479120656,-10276.06729944174,0.002512046679998671,18.620689655172416,0.5049494949494949,4150.0
4432.034746805036,2111.522681322039,-10478.681581538665,0.0024974262943157953,19.310344827586206,0.5049494949494949,4150.0
4517.880301467738,2108.4850933685498,-10675.895473327262,0.0024831577722755523,20.0,0.5049494949494949,4150.0
0.0,0.0,9.041683475959871,0.003148301265794228,0.0,0.5148484848484849,4250.0
366.3217201513832,320.7315974900857,-784.1683351990287,0.003104070932570904,0.6896551724137931,0.5148484848484849,4250.0
674.4975239809253,575.2186853173663,-1490.8049949410197,0.003045889426697891,1.3793103448275863,0.5148484848484849,4200.0
944.8633981144937,785.508069314055,-2129.625812401886,0.003008563980218741,2.0689655172413794,0.5148484848484849,4200.0
1187.9463927904715,963.3112379806003,-2713.4507560519924,0.0029736499616360283,2.7586206896551726,0.5148484848484849,4200.0
1410.047688670486,1115.8183760724967,-3251.721457503947,0.002940822679448825,3.4482758620689657,0.5148484848484849,4200.0
1615.3115577222934,1247.8702844238517,-3751.535998792526,0.00290982392293939,4.137931034482759,0.5148484848484849,4200.0
1806.6457912970905,1362.9385300859137,-4218.3799274337,0.002880444040439733,4.827586206896552,0.5148484848484849,4200.0
1986.1898522561992,1463.633682937922,-4656.58971864717,0.00285251022343456,5.517241379310345,0.5148484848484849,4200.0
2155.577785773385,1551.9845482373055,-5069.65992903911,0.0028258778488570884,6.206896551724139,0.5148484848484849,4200.0
2316.0913112106523,1629.6112332375203,-5460.4540597794185,0.002800424254456482,6.8965517241379315,0.5148484848484849,4200.0
2468.759954303126,1697.8375121058996,-5831.349947535076,0.0027760447145584303,7.586206896551724,0.5148484848484849,4200.0
2614.428202244566,1757.7603737021507,-6184.34869457395,0.0027526484165332106,8.275862068965518,0.5148484848484849,4200.0
2753.800503813518,1810.3096374376355,-6521.149940376468,0.0027301566150088686,8.965517241379311,0.5148484848484849,4200.0
2887.4666333520177,1856.2718696678062,-6843.2138142735275,0.0027084998352156463,9.655172413793103,0.5148484848484849,4200.0
3015.933345310493,1896.3275379651263,-7151.802115634957,0.002687617115686215,10.344827586206897,0.5148484848484849,4200.0
3139.6366375854122,1931.069594598246,-7448.0168270899885,0.0026674539254711014,11.03448275862069,0.5148484848484849,4200.0
3258.9537889683443,1961.0116658597287,-7732.823887896819,0.0026479618337586,11.724137931034484,0.5148484848484849,4200.0
3374.218973873202,1986.6134268417209,-8007.077055136593,0.002629097284601615,12.413793103448278,0.5148484848484849,4200.0
3485.722463894639,2008.2757586121022,-8271.534997522154,0.0026108208917443674,13.10344827586207,0.5148484848484849,4200.0
3593.726638370181,2026.3596235452903,-8526.873397712057,0.0025930973243994677,13.793103448275863,0.5148484848484849,4200.0
3698.461221984935,2041.1863181679169,-8773.700061777366,0.0025758941253750645,14.482758620689657,0.5148484848484849,4200.0
3800.136429393325,2053.04364694534,-9012.561339028056,0.0025591818976214644,15.172413793103448,0.5148484848484849,4200.0
3898.93831079073,2062.1927949375,-9243.950661410163,0.0025429338613619486,15.862068965517242,0.5148484848484849,4200.0
3995.0370430229755,2068.8681259501004,-9468.31730568147,0.0025271251647055663,16.551724137931036,0.5148484848484849,4200.0
4088.5883578212774,2073.2834947052784,-9686.069285282909,0.002511733150399386,17.24137931034483,0.5148484848484849,4200.0
4179.729685677042,2075.6315304754794,-9897.613844807107,0.002485408641885904,17.931034482758623,0.5148484848484849,4150.0
4268.59392398579,2076.089435935758,-10103.291756571263,0.00247092720577776,18.620689655172416,0.5148484848484849,4150.0
4355.296154429468,2074.817848367496,-10303.381130683701,0.002456799507788654,19.310344827586206,0.5148484848484849,4150.0
4439.944800499038,2071.963286414681,-10498.169632304875,0.0024430093641094625,20.0,0.5148484848484849,4150.0
0.0,0.0,9.041683475959871,0.00308136678981534,0.0,0.5247474747474747,4250.0
358.66116886132727,314.02285513970526,-767.5548032156657,0.0030390084602883493,0.6896551724137931,0.5247474747474747,4250.0
660.5518963606661,563.3204178235613,-1459.774627082821,0.0029828681458911066,1.3793103448275863,0.5247474747474747,4200.0
925.5304121509414,769.4254909508364,-2085.8983090645197,0.002947085955413022,2.0689655172413794,0.5247474747474747,4200.0
1163.8727545581946,943.7738283949384,-2658.3994111344145,0.0029135999293235667,2.7586206896551726,0.5247474747474747,4200.0
1381.7291012429037,1093.3867860405946,-3186.4715560194672,0.0028821015494445157,3.4482758620689657,0.5247474747474747,4200.0
1583.1428264119677,1222.990823665043,-3677.026964783283,0.0028523454000644933,4.137931034482759,0.5247474747474747,4200.0
1770.9509238000835,1335.9754702868904,-4135.408015712281,0.0028241322141301316,4.827586206896552,0.5247474747474747,4200.0
1947.2420795167272,1434.8918883051451,-4565.8382684629105,0.002797297754371475,5.517241379310345,0.5247474747474747,4200.0
2113.6085681895465,1521.720360646952,-4971.72225865729,0.0027717044057332546,6.206896551724139,0.5247474747474747,4200.0
2271.301171210798,1598.0433960165383,-5355.849396462363,0.002747235636972975,6.8965517241379315,0.5247474747474747,4200.0
2421.324902741126,1665.1554687186556,-5720.53688642737,0.0027237917534402843,7.586206896551724,0.5247474747474747,4200.0
2564.5060231601074,1724.131376415821,-6067.734807711211,0.0027012864199728176,8.275862068965518,0.5247474747474747,4200.0
2701.5278307049657,1775.8754837238564,-6399.099943195717,0.0026796446538803554,8.965517241379311,0.5247474747474747,4200.0
2832.9682951393656,1821.1603157446154,-6716.055463371216,0.002658800425885124,9.655172413793103,0.5247474747474747,4200.0
2959.323660313203,1860.6516070641226,-7019.832318154375,0.002638695558396026,10.344827586206897,0.5247474747474747,4200.0
3081.015464522251,1894.9266760815435,-7311.504283354836,0.002619278334577963,11.03448275862069,0.5247474747474747,4200.0
3198.4173482685837,1924.4934511725032,-7592.01456159474,0.002600502427492683,11.724137931034484,0.5247474747474747,4200.0
3311.8497497543717,1949.79546487313,-7862.19507832505,0.0025823265342890043,12.413793103448278,0.5247474747474747,4200.0
3421.6020140032647,1971.231852226832,-8122.786549026372,0.0025647130621816116,13.10344827586207,0.5247474747474747,4200.0
3527.9247630642167,1989.1495937413952,-8374.448792591313,0.0025476282681882473,13.793103448275863,0.5247474747474747,4200.0
3631.0480231619695,2003.86917816341,-8617.7740760858,0.00253104141739261,14.482758620689657,0.5247474747474747,4200.0
3731.171589695786,2015.6687312768865,-8853.296716676057,0.0025149243146754025,15.172413793103448,0.5247474747474747,4200.0
3828.4828572477827,2024.807034440312,-9081.498285560294,0.0024992514670216506,15.862068965517242,0.5247474747474747,4200.0
3923.143893047501,2031.5124525079073,-9302.816909185727,0.002483999310195315,16.551724137931036,0.5247474747474747,4200.0
4015.308075542735,2035.993348315296,-9517.651949493113,0.002469146080202618,17.24137931034483,0.5247474747474747,4200.0
4105.112161391151,2038.4417960730052,-9726.366954629491,0.0024546719325176177,17.931034482758623,0.5247474747474747,4200.0
4192.68008237646,2039.0279529599302,-9929.345478736948,0.002429485772874714,18.620689655172416,0.5247474747474747,4150.0
4278.131784818409,2037.9130103400364,-10126.860891024917,0.0024158456270979034,19.310344827586206,0.5247474747474747,4150.0
4361.569468429047,2035.2396678557704,-10319.177289107727,0.002402528786149656,20.0,0.5247474747474747,4150.0
0.0,0.0,9.041683475959871,0.0030145517504158877,0.0,0.5346464646464646,4250.0
351.00844015143014,307.32102658164985,-750.959799299897,0.0029740212466305895,0.6896551724137931,0.5346464646464646,4250.0
646.6136864134971,551.4286872730304,-1428.7619086454797,0.0029198840863685644,1.3793103448275863,0.5346464646464646,4200.0
906.1994231394839,753.3450051208735,-2042.173557738868,0.002885611105120323,2.0689655172413794,0.5346464646464646,4200.0
1139.7915271885863,924.2308753094105,-2603.3255972724946,0.0028535225717059103,2.7586206896551726,0.5346464646464646,4200.0
1353.390853431209,1070.9404255965367,-3121.1662207077898,0.0028233255983077265,3.4482758620689657,0.5346464646464646,4200.0
1550.9408404691878,1198.0867035005756,-3602.4237854140374,0.002794787102418172,4.137931034482759,0.5346464646464646,4200.0
1735.2087253021427,1308.9781291761226,-4052.2987835388994,0.002767717896647434,4.827586206896552,0.5346464646464646,4200.0
1908.2296840513704,1406.1038662254505,-4474.9030302598185,0.0027419619946441477,5.517241379310345,0.5346464646464646,4200.0
2071.55726646753,1491.3985597075196,-4873.551763267555,0.0027173885954923154,6.206896551724139,0.5346464646464646,4200.0
2226.411222957879,1566.4069515448357,-5250.960903868006,0.002693887090174186,6.8965517241379315,0.5346464646464646,4200.0
2373.773476005639,1632.395493891598,-5609.387890654703,0.002671362593797027,7.586206896551724,0.5346464646464646,4200.0
2514.447550055242,1690.4126046922447,-5950.731583806955,0.002649733219273977,8.275862068965518,0.5346464646464646,4200.0
2649.100355283884,1741.3415309214317,-6276.606931390095,0.00262892749776625,8.965517241379311,0.5346464646464646,4200.0
2778.298425736555,1785.9407555909188,-6588.3998191689825,0.0026088828401572227,9.655172413793103,0.5346464646464646,4200.0
2902.521638041069,1824.8568829551887,-6887.310788004594,0.00258954373798183,10.344827586206897,0.5346464646464646,4200.0
3022.1851055984675,1858.657851936603,-7174.385679698047,0.0025708611573931972,11.03448275862069,0.5346464646464646,4200.0
3137.6508755468567,1887.839099909404,-7450.544574569423,0.0025527909319684222,11.724137931034484,0.5346464646464646,4200.0
3249.2336175413125,1912.8349981958102,-7716.598646425926,0.002535293753906534,12.413793103448278,0.5346464646464646,4200.0
3357.2141686140353,1934.03570715231,-7973.269721924713,0.0025183339689991958,13.10344827586207,0.5346464646464646,4200.0
3461.8392444010765,1951.782789668539,-8221.202475913866,0.002501879260617809,13.793103448275863,0.5346464646464646,4200.0
3563.3304907783076,1966.3865878077474,-8460.973662010947,0.00248590054244486,14.482758620689657,0.5346464646464646,4200.0
3661.8869346973597,1978.1244448359037,-8693.104853326906,0.002470370946784649,15.172413793103448,0.5346464646464646,4200.0
3757.6864787143336,1987.2435590859923,-8918.067054861669,0.0024552660279471583,15.862068965517242,0.5346464646464646,4200.0
3850.8934005466895,1993.973859637795,-9136.286579308246,0.0024405635467945742,16.551724137931036,0.5346464646464646,4200.0
3941.652029399023,1998.5157525495085,-9348.15365307319,0.0024262427268120076,17.24137931034483,0.5346464646464646,4200.0
4030.1000091763185,2001.0588378773612,-9554.024172894693,0.0024122845138136724,17.931034482758623,0.5346464646464646,4200.0
4116.357913098876,2001.7718093436881,-9754.222973868818,0.002398671476163245,18.620689655172416,0.5346464646464646,4200.0
4200.537870115505,2000.8063902787374,-9949.110958447476,0.002374561499336068,19.310344827586206,0.5346464646464646,4150.0
4282.747989473189,1998.3101271859255,-10138.906110795535,0.002361712961276011,20.0,0.5346464646464646,4150.0
0.0,0.0,9.041683475959871,0.002947855660762826,0.0,0.5445454545454546,4250.0
343.36350764492096,300.6260885759434,-734.383268664431,0.002909109067198737,0.6896551724137931,0.5445454545454546,4250.0
632.6828701998605,539.5434732640172,-1397.766808786575,0.0028569371897919573,1.3793103448275863,0.5445454545454546,4200.0
886.8701213762139,737.266317918586,-1998.4515736604226,0.0028241394678073144,2.0689655172413794,0.5445454545454546,4200.0
1115.7035200668265,904.683153194421,-2548.229364618106,0.002793417969088401,2.7586206896551726,0.5445454545454546,4200.0
1325.0339554336028,1048.4802715364854,-3055.805546557516,0.002764494892244521,3.4482758620689657,0.5445454545454546,4200.0
1518.7064693521552,1173.1585145330455,-3527.7264768349196,0.0027371490743278155,4.137931034482759,0.5445454545454546,4200.0
1699.41788101703,1281.9452920777853,-3969.0521619082647,0.002711201068250233,4.827586206896552,0.5445454545454546,4200.0
1869.1521294153356,1377.2691756282695,-4383.783799836048,0.0026865028401123468,5.517241379310345,0.5445454545454546,4200.0
2029.42363508719,1461.0189876315885,-4775.1480475690405,0.002662930212133814,6.206896551724139,0.5445454545454546,4200.0
2181.4216736665803,1534.7021987882542,-5145.788119290424,0.0026403782565454816,6.8965517241379315,0.5445454545454546,4200.0
2326.104419510561,1599.5565262697735,-5497.902016541731,0.0026187567961226577,7.586206896551724,0.5445454545454546,4200.0
2464.25234023254,1656.6038037749538,-5833.338002308446,0.002597988183541768,8.275862068965518,0.5445454545454546,4200.0
2596.5186486017274,1706.708531649359,-6153.669245463439,0.002578004425916094,8.965517241379311,0.5445454545454546,4200.0
2723.454241063302,1750.6109000618928,-6460.244927291322,0.0025587461796405327,9.655172413793103,0.5445454545454546,4200.0
2845.526229271423,1788.942771476735,-6754.23492676115,0.0025401606308730553,10.344827586206897,0.5445454545454546,4200.0
2963.143277972193,1822.2614093604325,-7036.658016452573,0.002522201199605156,11.03448275862069,0.5445454545454546,4200.0
3076.653044447175,1851.0478692179202,-7308.41039192582,0.0025048259897535764,11.724137931034484,0.5445454545454546,4200.0
3186.3684766571505,1875.730626939876,-7570.2835843186185,0.002487997456136141,12.413793103448278,0.5445454545454546,4200.0
3292.557186253693,1896.6867170950065,-7822.980046336292,0.0024716819026205676,13.10344827586207,0.5445454545454546,4200.0
3395.466532259343,1914.2567611710233,-8067.128773710552,0.0024558485100328944,13.793103448275863,0.5445454545454546,4200.0
3495.3073693688284,1928.7382131059992,-8303.292835490392,0.00244046951012666,14.482758620689657,0.5445454545454546,4200.0
3592.2773829931157,1940.4069428559012,-8531.979601676838,0.0024255195632092693,15.172413793103448,0.5445454545454546,4200.0
3686.548952139153,1949.5031136591724,-8753.649208626375,0.0024109752788464313,15.862068965517242,0.5445454545454546,4200.0
3778.281318489454,1956.2506785437447,-8968.718251969578,0.0023968154041796867,16.551724137931036,0.5445454545454546,4200.0
3867.6187651656887,1960.8504055485553,-9177.566052581671,0.0023830203912168758,17.24137931034483,0.5445454545454546,4200.0
3954.690548587717,1963.4816453203694,-9380.54056797779,0.0023695719878246233,17.931034482758623,0.5445454545454546,4200.0
4039.620298355862,1964.3154509371786,-9577.959934423598,0.0023564534604541645,18.620689655172416,0.5445454545454546,4200.0
4122.514893132893,1963.499571888549,-9770.12033457998,0.002332944079362308,19.310344827586206,0.5445454545454546,4150.0
4203.475896366434,1961.1733123740673,-9957.345116317156,0.0023205585901095475,20.0,0.5445454545454546,4150.0
0.0,0.0,9.041683475959871,0.0028812780372392596,0.0,0.5544444444444444,4250.0
335.72634313769436,293.93801782056903,-717.8251568311607,0.002844271698862638,0.6896551724137931,0.5544444444444444,4250.0
618.7594239398303,527.6647555320113,-1366.7902214876303,0.0028100953257016057,1.3793103448275863,0.5544444444444444,4250.0
867.5424882571172,721.1894147234012,-1954.7323722870933,0.002762671082170107,2.0689655172413794,0.5544444444444444,4200.0
1091.607821419052,885.1297918986207,-2493.110763765704,0.002733286202191052,2.7586206896551726,0.5544444444444444,4200.0
1296.6575874407106,1026.0055403190192,-2990.389589136037,0.002705609511254558,3.4482758620689657,0.5544444444444444,4200.0
1486.4385217286538,1148.2053794775998,-3452.935051172535,0.0026794313648105888,4.137931034482759,0.5544444444444444,4200.0
1663.5780778211508,1254.8767040623122,-3885.668018708522,0.002654581725722043,4.827586206896552,0.5544444444444444,4200.0
1830.0092470883453,1348.3877073342646,-4292.4803757719565,0.0026309201885612215,5.517241379310345,0.5544444444444444,4200.0
1987.2074041521687,1430.5811529467014,-4676.510721907129,0.002608329050373921,6.206896551724139,0.5544444444444444,4200.0
2136.333216552685,1502.929839896614,-5040.330417202815,0.002586708814839554,6.8965517241379315,0.5544444444444444,4200.0
2278.3166601408893,1566.6377338139612,-5386.078348833769,0.0025659739102645122,7.586206896551724,0.5544444444444444,4200.0
2413.919744499674,1622.7045655753857,-5715.552817290118,0.002546050725858042,8.275862068965518,0.5544444444444444,4200.0
2543.781780493597,1671.9758127313419,-6030.285157236496,0.0025268747212956184,8.965517241379311,0.5544444444444444,4200.0
2668.4349119428657,1715.170598593551,-6331.588742200838,0.00250838956200426,9.655172413793103,0.5544444444444444,4200.0
2788.3390360824005,1752.9109561664363,-6620.602127980805,0.002490545211294955,10.344827586206897,0.5544444444444444,4200.0
2903.888057370034,1785.7360463412735,-6898.318246637064,0.002473297279789528,11.03448275862069,0.5544444444444444,4200.0
3015.4250585810537,1814.120654661257,-7165.608805082731,0.002456606193489316,11.724137931034484,0.5544444444444444,4200.0
3123.251589183361,1838.4805187293673,-7423.245584705583,0.0024404361540893136,12.413793103448278,0.5544444444444444,4200.0
3227.6327167274194,1859.1870316086986,-7671.912823815597,0.002424755179298751,13.10344827586207,0.5544444444444444,4200.0
3328.804190346743,1876.570039796269,-7912.2228607717625,0.002409534096209639,13.793103448275863,0.5544444444444444,4200.0
3426.9780432315197,1890.924174771406,-8144.725410312189,0.002394746354839666,14.482758620689657,0.5544444444444444,4200.0
3522.3405499925334,1902.514729646652,-8369.914317678835,0.0023803679867061447,15.172413793103448,0.5544444444444444,4200.0
3615.0665184038253,1911.5832793962286,-8588.23801010145,0.0023663767962717073,15.862068965517242,0.5544444444444444,4200.0
3705.306406359303,1918.3429894836847,-8800.103472839139,0.00235275244982384,16.551724137931036,0.5544444444444444,4200.0
3793.2029193988506,1922.993531172519,-9005.880353083237,0.0023394764096454444,17.24137931034483,0.5544444444444444,4200.0
3878.8834118661975,1925.710866496358,-9205.907350461246,0.002326531432012758,17.931034482758623,0.5544444444444444,4200.0
3962.463830051868,1926.65842402256,-9400.495391491604,0.002313901493726949,18.620689655172416,0.5544444444444444,4200.0
4044.0553513557784,1925.987895197896,-9589.929518005672,0.002301571871555101,19.310344827586206,0.5544444444444444,4200.0
4123.753391843006,1923.8307074172237,-9774.482597450668,0.0022790624274629774,20.0,0.5544444444444444,4150.0
0.0,0.0,9.041683475959871,0.002814818399414566,0.0,0.5643434343434344,4250.0
328.097209687662,287.2570742954166,-701.2854096303854,0.002779508919749943,0.6896551724137931,0.5643434343434344,4250.0
604.8433240033438,515.7925139411793,-1335.839090565416,0.0027468822287774713,1.3793103448275863,0.5643434343434344,4250.0
848.216505341987,705.1142810542639,-1911.0159692954767,0.0027012059871309273,2.0689655172413794,0.5643434343434344,4200.0
1067.504392765358,865.5707611364753,-2437.969817688754,0.002673127361401049,2.7586206896551726,0.5643434343434344,4200.0
1268.261518421669,1003.5160255183494,-2924.918404900818,0.002646669536123473,3.4482758620689657,0.5643434343434344,4200.0
1454.136933714853,1123.2272631455655,-3378.049527005489,0.0026216340203663725,4.137931034482759,0.5643434343434344,4200.0
1627.6892297640863,1227.7723134568348,-3802.14632967965,0.002597859842331823,4.827586206896552,0.5643434343434344,4200.0
1790.8008686109872,1319.4593523717779,-4200.992559449951,0.0025752139397160418,5.517241379310345,0.5643434343434344,4200.0
1944.9097783694544,1400.0865159421896,-4577.639284843688,0.0025535849288509534,6.206896551724139,0.5643434343434344,4200.0
2091.144039081491,1471.0883163679523,-4934.587175578978,0.002532878445962765,6.8965517241379315,0.5643434343434344,4200.0
2230.4096753492136,1533.6387788269376,-5273.915812042469,0.0025130135155310204,7.586206896551724,0.5643434343434344,4200.0
2363.4514545630545,1588.7163446544387,-5597.374785687884,0.0024939202609835175,8.275862068965518,0.5643434343434344,4200.0
2490.8879913480346,1637.1420205653876,-5906.453027968055,0.0024755376527215676,8.965517241379311,0.5643434343434344,4200.0
2613.24020350108,1679.619928706461,-6202.429194090684,0.0024578121140540247,9.655172413793103,0.5643434343434344,4200.0
2730.956644141087,1716.7587107046443,-6486.4102151305415,0.0024406963890818488,10.344827586206897,0.5643434343434344,4200.0
2844.4183699400655,1749.081215525425,-6759.363289442976,0.002424148220607606,11.03448275862069,0.5643434343434344,4200.0
2953.963727637393,1777.05542058514,-7022.136268742681,0.002408130183142114,11.724137931034484,0.5643434343434344,4200.0
3059.88182666146,1801.084205562993,-7275.480551021996,0.0023926083166279965,12.413793103448278,0.5643434343434344,4200.0
3162.435892556975,1821.533057399191,-7520.063257160546,0.002377552134021246,13.10344827586207,0.5643434343434344,4200.0
3261.8517035517257,1838.7223389175301,-7756.479503864524,0.002362934147771285,13.793103448275863,0.5643434343434344,4200.0
3358.3379481981833,1852.9413677878904,-7985.2651494000165,0.0023487290809086083,14.482758620689657,0.5643434343434344,4200.0
3452.0773060347005,1864.4499333306308,-8206.902240629097,0.00233491405135344,15.172413793103448,0.5643434343434344,4200.0
3543.235797638993,1873.4821269297902,-8421.826209379935,0.0023214682082478818,15.862068965517242,0.5643434343434344,4200.0
3631.966137677378,1880.2495579915915,-8630.434227927108,0.0023083721482554786,16.551724137931036,0.5643434343434344,4200.0
3718.4025372252313,1884.9444096051502,-8833.087485627657,0.00229560814772071,17.24137931034483,0.5643434343434344,4200.0
3802.6723562778434,1887.7425947140594,-9030.114910748613,0.0022831599998295203,17.931034482758623,0.5643434343434344,4200.0
3884.888611149805,1888.8019373107445,-9221.819863943456,0.002271012455566436,18.620689655172416,0.5643434343434344,4200.0
3965.1554211580187,1888.26882407344,-9408.480752352174,0.0022591514490071314,19.310344827586206,0.5643434343434344,4200.0
4043.572859515072,1886.277681772443,-9590.353608495185,0.002247563994808323,20.0,0.5643434343434344,4200.0
0.0,0.0,9.041683475959871,0.0027484762700149597,0.0,0.5742424242424242,4250.0
320.4757980261987,280.58295580848335,-684.7639731965974,0.002714820509235177,0.6896551724137931,0.5742424242424242,4250.0
590.9345469249622,503.926728497173,-1304.9054759758146,0.002683705341100062,1.3793103448275863,0.5742424242424242,4250.0
828.8921543531995,689.0408085731528,-1867.302380578556,0.002639744221834758,2.0689655172413794,0.5742424242424242,4200.0
1043.3932241029058,846.0060561163677,-2382.806593255438,0.0026129415225203518,2.7586206896551726,0.5742424242424242,4200.0
1239.8457141945173,981.0117048772946,-2859.3920511961405,0.0025876750484209714,3.4482758620689657,0.5742424242424242,4200.0
1421.8016420605068,1098.224124456485,-3303.0699255342843,0.002563757087932647,4.137931034482759,0.5742424242424242,4200.0
1591.7512600356674,1200.63207630886,-3718.487089780341,0.0025410353903544515,4.827586206896552,0.5742424242424242,4200.0
1751.5274709327887,1290.4846292521045,-4109.3201448242835,0.002519384000232889,5.517241379310345,0.5742424242424242,4200.0
1902.5294251005553,1369.5339396398006,-4478.533467263522,0.002498697623707396,6.206896551724139,0.5742424242424242,4200.0
2045.853803335933,1439.1774148297764,-4828.557770575993,0.0024788868352551385,6.8965517241379315,0.5742424242424242,4200.0
2182.383608197067,1500.5599404344334,-5161.413688521003,0.0024598751319838724,7.586206896551724,0.5742424242424242,4200.0
2312.8448875822587,1554.6368984064084,-5478.802642302326,0.002441596214754596,8.275862068965518,0.5742424242424242,4200.0
2437.836700151657,1602.2068226912215,-5782.171466684871,0.002423992453041854,8.965517241379311,0.5742424242424242,4200.0
2557.870497836296,1643.9594479231341,-6072.764183651932,0.002407012971947752,9.655172413793103,0.5742424242424242,4200.0
2673.3780626338225,1680.4852614488848,-6351.656678398482,0.002390613125723032,10.344827586206897,0.5742424242424242,4200.0
2784.735385592754,1712.2982916144565,-6619.7898191816275,0.002374752862826802,11.03448275862069,0.5742424242424242,4200.0
2892.267253327355,1739.8512279230563,-6877.98921450421,0.002359396600769031,11.724137931034484,0.5742424242424242,4200.0
2996.260001523912,1763.5427963335474,-7126.984708460885,0.0023445123658576384,12.413793103448278,0.5742424242424242,4200.0
3096.964856613706,1783.7237830252805,-7367.426283590496,0.0023300711218498522,13.10344827586207,0.5742424242424242,4200.0
3194.6076195785017,1800.7130860577997,-7599.893336397508,0.0023160468016808246,13.793103448275863,0.5742424242424242,4200.0
3289.385381046775,1814.7890397780839,-7824.90661936604,0.002302415578298686,14.482758620689657,0.5742424242424242,4200.0
3381.4822954823503,1826.2088591642512,-8042.936193267291,0.0022891556273596054,15.172413793103448,0.5742424242424242,4200.0
3471.0563561091085,1835.1994840725358,-8254.40637376561,0.0022762471491232362,15.862068965517242,0.5742424242424242,4200.0
3558.2561575863733,1841.9677282344617,-8459.702848783985,0.002263671902904891,16.551724137931036,0.5742424242424242,4200.0
3643.2157495688084,1846.703169923287,-8659.178057328638,0.002251412965597578,17.24137931034483,0.5742424242424242,4200.0
3726.0549315013463,1849.5758863437243,-8853.15348321118,0.0022394548457471473,17.931034482758623,0.5742424242424242,4200.0
3806.887788843787,1850.7417202327063,-9041.92294882238,0.00222778330701045,18.620689655172416,0.5742424242424242,4200.0
3885.8150286940054,1850.344058997371,-9225.758470956593,0.0022163848967164113,19.310344827586206,0.5742424242424242,4200.0
3962.930271907256,1848.5126058486105,-9404.910019540795,0.0022052472325353924,20.0,0.5742424242424242,4200.0
0.0,0.0,9.041683475959871,0.0026822511748943543,0.0,0.5841414141414141,4250.0
312.8620833907158,273.9156405419333,-668.2607939661611,0.0026502062479290033,0.6896551724137931,0.5841414141414141,4250.0
577.0330693986208,492.0673793425477,-1273.9893477237856,0.0026205646077498783,1.3793103448275863,0.5841414141414141,4250.0
809.569417174599,672.9690606857723,-1823.5916222431697,0.0025782858256460824,2.0689655172413794,0.5841414141414141,4200.0
1019.2743091787216,826.4356753825479,-2327.621163521595,0.0025527287605706735,2.7586206896551726,0.5841414141414141,4200.0
1211.4101407980338,958.4925563434322,-2793.8105862513767,0.002528626130499,3.4482758620689657,0.5841414141414141,4200.0
1389.4325837482384,1073.1959225710013,-3227.9962694633723,0.002505800615669538,4.137931034482759,0.5841414141414141,4200.0
1555.7641163681403,1173.4559904576877,-3634.690239548647,0.0024841083570050645,4.827586206896552,0.5841414141414141,4200.0
1712.1892219592849,1261.4637162594445,-4017.462928031695,0.002463430278254865,5.517241379310345,0.5841414141414141,4200.0
1860.0657978422357,1338.922996330099,-4379.192948350639,0.0024436669255474357,6.206896551724139,0.5841414141414141,4200.0
2000.462162724824,1407.1969160754477,-4722.24155920928,0.0024247336790521943,6.8965517241379315,0.5841414141414141,4200.0
2134.239130842736,1467.4019224390343,-5048.57113646654,0.0024065583057414587,7.586206896551724,0.5841414141414141,4200.0
2262.0993341894264,1520.466050766459,-5359.835116690258,0.0023890780163056615,8.275862068965518,0.5841414141414141,4200.0
2384.6283380464383,1567.1708550328433,-5657.438854780608,0.0023722383939826118,8.965517241379311,0.5841414141414141,4200.0
2502.3230080451053,1608.1869584578058,-5942.591419490891,0.0023559912877150735,9.655172413793103,0.5841414141414141,4200.0
2615.602876091168,1644.0903082173254,-6216.339006534203,0.002340294382504448,10.344827586206897,0.5841414141414141,4200.0
2724.8356165077503,1675.384547307285,-6479.595310336736,0.002325109935148261,11.03448275862069,0.5841414141414141,4200.0
2830.3350639959663,1702.5080558586374,-6733.16396430249,0.002310404111031337,11.724137931034484,0.5841414141414141,4200.0
2932.382081097374,1725.8529658388059,-6977.753919404124,0.0022961467692366256,12.413793103448278,0.5841414141414141,4200.0
3031.21975542746,1745.7599353407502,-7213.99740975778,0.002282310404979449,13.10344827586207,0.5841414141414141,4200.0
3127.0682224248703,1762.5401733759068,-7442.45886685999,0.002268870215340428,13.793103448275863,0.5841414141414141,4200.0
3220.1211308940706,1776.468520350333,-7663.64376620359,0.002255803805816314,14.482758620689657,0.5841414141414141,4200.0
3310.553100211135,1787.7902463160697,-7878.009841198058,0.0022430904489338255,15.172413793103448,0.5841414141414141,4200.0
3398.524654761857,1796.733657892519,-8085.970714235817,0.002230711295383926,15.862068965517242,0.5841414141414141,4200.0
3484.1752467410747,1803.4975167724037,-8287.901130381513,0.0022186491625082834,16.551724137931036,0.5841414141414141,4200.0
3567.637483569202,1808.2666539495565,-8484.143942188683,0.0022068880426336446,17.24137931034483,0.5841414141414141,4200.0
3649.029567611519,1811.2097348023906,-8675.012620758454,0.002195413179445039,17.931034482758623,0.5841414141414141,4200.0
3728.4586176062508,1812.4768632206649,-8860.794064943562,0.002184211002261372,18.620689655172416,0.5841414141414141,4200.0
3806.0269843391907,1812.2095002224048,-9041.751533684008,0.0021732689694506733,19.310344827586206,0.5841414141414141,4200.0
3881.824928015144,1810.5352697637006,-9218.12929747493,0.0021625752251936818,20.0,0.5841414141414141,4200.0
0.0,0.0,9.041683475959871,0.0026161426430056003,0.0,0.594040404040404,4250.0
305.2560411661568,267.25510680776307,-651.7758186749124,0.0025856659176676042,0.6896551724137931,0.594040404040404,4250.0
563.1388682731472,480.2144467529146,-1243.0906760333382,0.002557459974212282,1.3793103448275863,0.594040404040404,4250.0
790.2482758506169,656.8990395952956,-1779.8837106068095,0.0025168308381455385,2.0689655172413794,0.594040404040404,4200.0
995.1476283028945,806.8596054464624,-2272.4135810012012,0.002492489158097144,2.7586206896551726,0.594040404040404,4200.0
1182.9547644926172,935.9585580699359,-2728.1740691782907,0.002469522865489712,3.4482758620689657,0.594040404040404,4200.0
1357.029660750138,1048.1425871379058,-3152.8285344236356,0.002447764663851345,4.137931034482759,0.594040404040404,4200.0
1519.7290556529656,1146.2452577212562,-3550.755721725691,0.0024270787311462014,4.827586206896552,0.594040404040404,4200.0
1672.7849687655844,1232.3955928841517,-3925.420717904519,0.002407352678735008,5.517241379310345,0.594040404040404,4200.0
1817.5186515900941,1308.253529846355,-4279.617353358255,0.002388492638350736,6.206896551724139,0.594040404040404,4200.0
1954.9698479812307,1375.1476267536448,-4615.63790966892,0.0023704186679754445,6.8965517241379315,0.594040404040404,4200.0
2085.9742328294415,1434.1630271037411,-4935.38725779848,0.0023530625954850783,7.586206896551724,0.594040404040404,4200.0
2211.2141350538163,1486.2033856625603,-5240.470776441631,0.002336365113189182,8.275862068965518,0.594040404040404,4200.0
2331.2622803783865,1532.0337181787547,-5532.253575949871,0.0023202747486574843,8.965517241379311,0.594040404040404,4200.0
2446.597041120493,1572.3020747589394,-5811.909171866668,0.002304746133514488,9.655172413793103,0.594040404040404,4200.0
2557.631464806508,1607.5749327225376,-6080.454634462083,0.0022897391363710376,10.344827586206897,0.594040404040404,4200.0
2664.717895043924,1638.339321914173,-6338.776741684429,0.0022752182355956123,11.03448275862069,0.594040404040404,4200.0
2768.166828957162,1665.0260224772055,-6587.65663127289,0.002261151385463871,11.724137931034484,0.594040404040404,4200.0
2868.2465291770914,1688.0137415436193,-6827.784025008557,0.0022475099932380864,12.413793103448278,0.594040404040404,4200.0
2965.198485951324,1707.6401685226012,-7059.77211932349,0.002234268244720983,13.10344827586207,0.594040404040404,4200.0
3059.231912941623,1724.2029661261934,-7284.170199423883,0.0022214025745013266,13.793103448275863,0.594040404040404,4200.0
3150.5400203946137,1737.9754151090044,-7501.470494568071,0.00220889171697417,14.482758620689657,0.594040404040404,4200.0
3239.289979116718,1749.1951644968847,-7712.1166429627265,0.002196716264054309,15.172413793103448,0.594040404040404,4200.0
3325.6367978280164,1758.0826259040475,-7916.511582800224,0.002184858270665677,15.862068965517242,0.594040404040404,4200.0
3409.720879244993,1764.837371346651,-8115.020737996296,0.0021733013792632526,16.551724137931036,0.594040404040404,4200.0
3491.6659817178906,1769.6345483360124,-8307.976115988058,0.0021620306405735665,17.24137931034483,0.594040404040404,4200.0
3571.590546688217,1772.641589205334,-8495.683322113546,0.002151031998929341,17.931034482758623,0.594040404040404,4200.0
3649.5994133006275,1774.0072071946358,-8678.421883035648,0.002140292563291551,18.620689655172416,0.594040404040404,4200.0
3725.788462695648,1773.8643052640568,-8856.448479574421,0.002129800424410157,19.310344827586206,0.594040404040404,4200.0
3800.2495001549987,1772.3419135374363,-9029.999479352264,0.002119544524006328,20.0,0.594040404040404,4200.0
0.0,0.0,9.041683475959871,0.002550150206372063,0.0,0.6039393939393939,4250.0
297.65764688383376,260.6013330468287,-635.308994356099,0.002521199301502156,0.6896551724137931,0.6039393939393939,4250.0
549.2519205513676,468.36791113626913,-1212.2094313459165,0.002494391386373054,1.3793103448275863,0.6039393939393939,4250.0
770.9287125850353,640.8307313688122,-1736.1786621943465,0.0024553792991267283,2.0689655172413794,0.6039393939393939,4200.0
971.0131619727409,787.2778329831738,-2217.183898634765,0.002432222798044335,2.7586206896551726,0.6039393939393939,4200.0
1154.4795515176497,913.4096882227071,-2662.48255929297,0.0024103653377124793,3.4482758620689657,0.6039393939393939,4200.0
1324.5938206433827,1023.0650564541561,-3077.5667672948402,0.0023896492774989,4.137931034482759,0.6039393939393939,4200.0
1483.6445548445226,1118.9984761978137,-3466.6834812632733,0.0023699465032944165,4.827586206896552,0.6039393939393939,4200.0
1633.3144836088652,1203.2801021888592,-3833.1932124487794,0.002351151129080335,5.517241379310345,0.6039393939393939,4200.0
1774.8876920856267,1277.5253467103885,-4179.80631096939,0.002333174568323228,6.206896551724139,0.6039393939393939,4200.0
1909.3762187656407,1343.0290249629809,-4508.746063237311,0.0023159415141809792,6.8965517241379315,0.6039393939393939,4200.0
2037.5884696344895,1400.8429794062383,-4821.861158167776,0.0022993875620998124,7.586206896551724,0.6039393939393939,4200.0
2160.190355791615,1451.850067355318,-5120.708631184745,0.0022834568889070353,8.275862068965518,0.6039393939393939,4200.0
2277.736634471582,1496.7939367107927,-5406.613998138717,0.002268100797336625,8.965517241379311,0.6039393939393939,4200.0
2390.692717905165,1536.3052010270815,-5680.71546459369,0.002253276620075038,9.655172413793103,0.6039393939393939,4200.0
2499.4607449319333,1570.9367454717672,-5944.000790723396,0.0022389463871583816,10.344827586206897,0.6039393939393939,4200.0
2604.382195712356,1601.1630117175582,-6197.331088509316,0.002225076561138131,11.03448275862069,0.6039393939393939,4200.0
2705.759486962859,1627.40285813572,-6441.464167424325,0.0022116369844126737,11.724137931034484,0.6039393939393939,4200.0
2803.853770198889,1650.0265496168493,-6677.070622590363,0.0021986005414649755,12.413793103448278,0.6039393939393939,4200.0
2898.8980744639257,1669.3625209010418,-6904.745634265026,0.002185942929002262,13.10344827586207,0.6039393939393939,4200.0
2991.0990363041683,1685.7023046962236,-7125.02256678493,0.0021736419124981613,13.793103448275863,0.6039393939393939,4200.0
3080.639646126291,1699.3089940494572,-7338.3802950589525,0.0021616773156163146,14.482758620689657,0.6039393939393939,4200.0
3167.6888262382286,1710.4208745433768,-7545.249784079591,0.0021500308390801585,15.172413793103448,0.6039393939393939,4200.0
3252.3924249471634,1719.2470000501585,-7746.022023398,0.0021386855980286656,15.862068965517242,0.6039393939393939,4200.0
3334.888046291671,1725.9838615094493,-7941.052674872553,0.0021276260620942474,16.551724137931036,0.6039393939393939,4200.0
3415.2991112959626,1730.8061116621245,-8130.665470306885,0.0021168380093485105,17.24137931034483,0.6039393939393939,4200.0
3493.735863650217,1733.871046780105,-8315.155819644802,0.0021063083623508636,17.931034482758623,0.6039393939393939,4200.0
3570.3039869498343,1735.327876522077,-8494.7963492673,0.002096024820611152,18.620689655172416,0.6039393939393939,4200.0
3645.0971827025974,1735.3080358439431,-8669.837068573186,0.00208597608542535,19.310344827586206,0.6039393939393939,4200.0
3718.201293911458,1733.9322702015913,-8840.50817144441,0.0020761516886185585,20.0,0.6039393939393939,4200.0
0.0,0.0,9.041683475959871,0.00248427340005951,0.0,0.6138383838383838,4250.0
290.0668762198711,253.95429782751134,-618.8602683359713,0.0024568061836884626,0.6896551724137931,0.6138383838383838,4250.0
535.3721703255787,456.5277244512876,-1181.3455843166448,0.0024313587905140173,1.3793103448275863,0.6138383838383838,4250.0
751.6106956930757,624.7641093640467,-1692.4764740939354,0.002393931255539189,2.0689655172413794,0.6138383838383838,4200.0
946.8708908722219,767.6903448310221,-2161.9321697846826,0.0023719297637530986,2.7586206896551726,0.6138383838383838,4200.0
1125.9851107442166,890.8465582042343,-2596.7361134851235,0.0023511536341180254,3.4482758620689657,0.6138383838383838,4200.0
1292.1243650177198,997.9626559968527,-3002.211046314049,0.0023314544971584903,4.137931034482759,0.6138383838383838,4200.0
1447.5105068844246,1091.7155769136516,-3382.473465331219,0.00231271166562679,4.827586206896552,0.6138383838383838,4200.0
1593.7776656270485,1174.1171916588003,-3740.780355862051,0.0022948255137789568,5.517241379310345,0.6138383838383838,4200.0
1732.1743394037458,1246.7398526502457,-4079.7594533323863,0.002277712523921344,6.206896551724139,0.6138383838383838,4200.0
1863.6802137769762,1310.8398100427232,-4401.565652661557,0.0022613018701128796,6.8965517241379315,0.6138383838383838,4200.0
1989.0813480919874,1367.4414690920457,-4707.991939035681,0.002245532771387466,7.586206896551724,0.6138383838383838,4200.0
2109.026621985979,1417.4049629996978,-5000.547512566212,0.0022303527582272376,8.275862068965518,0.6138383838383838,4200.0
2224.0506397990653,1461.4504630096371,-5280.518373967512,0.0022157158423870963,8.965517241379311,0.6138383838383838,4200.0
2334.6097532433173,1500.1963002761229,-5549.0082566304845,0.0022015818685551577,9.655172413793103,0.6138383838383838,4200.0
2441.0898054522045,1534.1752367194392,-5806.97516798626,0.002187915065630287,10.344827586206897,0.6138383838383838,4200.0
2543.827701344586,1563.8546647864803,-6055.255297122705,0.0021746837146444735,11.03448275862069,0.6138383838383838,4200.0
2643.111677968505,1589.637810405661,-6294.582992044823,0.002161859535137022,11.724137931034484,0.6138383838383838,4200.0
2739.2009763727833,1611.8893688382009,-6525.609461057633,0.002149416879535738,12.413793103448278,0.6138383838383838,4200.0
2832.3176324668925,1630.926421469105,-6748.913141873105,0.0021373327454992917,13.10344827586207,0.6138383838383838,4200.0
2922.66513477109,1647.035042361602,-6965.010548817983,0.0021255863336333116,13.793103448275863,0.6138383838383838,4200.0
3010.420958407249,1660.4710310565022,-7174.367187349257,0.002114158516903326,14.482758620689657,0.6138383838383838,4200.0
3095.7464250532166,1671.4652311976442,-7377.402269429884,0.0021030319538013916,15.172413793103448,0.6138383838383838,4200.0
3178.788330510896,1680.2249240084145,-7574.494448487632,0.0020921908561835666,15.862068965517242,0.6138383838383838,4200.0
3259.6759965896117,1686.9380696615217,-7765.98947564933,0.0020816205154335584,16.551724137931036,0.6138383838383838,4200.0
3338.5312480815933,1691.7776878858451,-7952.202177581152,0.0020713074668438753,17.24137931034483,0.6138383838383838,4200.0
3415.463254685233,1694.897382067135,-8133.420160030822,0.0020612393214359,17.931034482758623,0.6138383838383838,4200.0
3490.5703218618346,1696.4397207018378,-8309.906931477228,0.002051404623854348,18.620689655172416,0.6138383838383838,4200.0
3563.9467425366033,1696.536693278525,-8481.906227772131,0.002041792603538047,19.310344827586206,0.6138383838383838,4200.0
3635.676953139533,1695.305168619129,-8649.642159601353,0.0020323933415086586,20.0,0.6138383838383838,4200.0
0.0,0.0,9.041683475959871,0.002418511762148393,0.0,0.6237373737373737,4250.0
282.4837049943302,247.313979844775,-602.4295882340448,0.0023924863496766497,0.6896551724137931,0.6237373737373737,4250.0
521.5001665380852,444.69442416818987,-1150.4991058136075,0.0023683621333086217,1.3793103448275863,0.6237373737373737,4250.0
732.2943134881742,608.6992697162058,-1648.7771762468255,0.0023324867424743996,2.0689655172413794,0.6237373737373737,4200.0
922.7213726640291,748.0976991787402,-2106.6584482337566,0.0023116101389574345,2.7586206896551726,0.6237373737373737,4200.0
1097.4712498059878,868.2689724343478,-2530.9347926549526,0.0022918878403045064,3.4482758620689657,0.6237373737373737,4200.0
1259.6209091801074,972.8350475794115,-2926.761400771895,0.0022731803762633947,4.137931034482759,0.6237373737373737,4200.0
1411.3268037444584,1064.3963022524556,-3298.125620029641,0.0022553742134167583,4.827586206896552,0.6237373737373737,4200.0
1554.1745433607068,1144.9069551597884,-3648.181996451931,0.002238375738894456,5.517241379310345,0.6237373737373737,4200.0
1689.3769404721359,1215.895558743145,-3979.4764072462494,0.002222106319099036,6.206896551724139,0.6237373737373737,4200.0
1817.8814946028576,1278.5801657610828,-4294.0960782329275,0.002206499430083166,6.8965517241379315,0.6237373737373737,4200.0
1940.4542909827912,1333.959961393475,-4593.778659310628,0.0021914978029678608,7.586206896551724,0.6237373737373737,4200.0
2057.7216971816656,1382.8671351352975,-4879.986197074511,0.0021770521468552615,8.275862068965518,0.6237373737373737,4200.0
2170.204715542923,1426.004520733905,-5153.96502593215,0.002163119167918632,8.965517241379311,0.6237373737373737,4200.0
2278.3458079779,1463.9735548406338,-5416.785508363158,0.002149661001105865,9.655172413793103,0.6237373737373737,4200.0
2382.5190703505455,1497.2911412402416,-5669.375417099516,0.0021366441108303536,10.344827586206897,0.6237373737373737,4200.0
2483.0515787801464,1526.4125731076526,-5912.546001755567,0.002124038541436968,11.03448275862069,0.6237373737373737,4200.0
2580.2243132781623,1551.7321915438793,-6147.0095182972655,0.002111817662889317,11.724137931034484,0.6237373737373737,4200.0
2674.2859767646237,1573.6008139137596,-6373.396777543843,0.002099957409604965,12.413793103448278,0.6237373737373737,4200.0
2765.456448674113,1592.3318185509152,-6592.269388411478,0.002088436035529012,13.10344827586207,0.6237373737373737,4200.0
2853.928216322104,1608.2001690097254,-6804.128677345056,0.002077233938969303,13.793103448275863,0.6237373737373737,4200.0
2939.8792533719447,1621.45818491766,-7009.425377735133,0.002066333202500676,14.482758620689657,0.6237373737373737,4200.0
3023.462473749421,1632.328520494067,-7208.566772130071,0.002055717413525404,15.172413793103448,0.6237373737373737,4200.0
3104.8204883861986,1641.0139780951124,-7401.9212140203235,0.0020453716146973723,15.862068965517242,0.6237373737373737,4200.0
3184.081885205823,1647.6985658039346,-7589.822751906373,0.0020352821248340912,16.551724137931036,0.6237373737373737,4200.0
3261.361270198225,1652.548744311789,-7772.577726327399,0.0020254361525534384,17.24137931034483,0.6237373737373737,4200.0
3336.766726862909,1655.7169928859823,-7950.46567330337,0.0020158219897239552,17.931034482758623,0.6237373737373737,4200.0
3410.3955252710048,1657.3416289584106,-8123.742774957042,0.002006428826081029,18.620689655172416,0.6237373737373737,4200.0
3482.33530776024,1657.5493960369731,-8292.644565580267,0.001997246622293711,19.310344827586206,0.6237373737373737,4200.0
3552.6701247303827,1656.4570317192827,-8457.389416245562,0.0019882659380381228,20.0,0.6237373737373737,4200.0
0.0,0.0,9.041683475959871,0.00235286483370638,0.0,0.6336363636363637,4250.0
274.9081091696172,240.6803579189988,-586.0169019577079,0.002328239586101048,0.6896551724137931,0.6336363636363637,4250.0
507.6353613516719,432.86747606068695,-1119.669966914138,0.0023054013618176773,1.3793103448275863,0.6336363636363637,4250.0
712.9801004918326,592.6367287099149,-1605.0807965790227,0.0022710457965576854,2.0689655172413794,0.6336363636363637,4200.0
898.5643738226562,728.4996576632313,-2051.3627881809007,0.0022512640077813934,2.7586206896551726,0.6336363636363637,4200.0
1068.9374527664327,845.6764530179806,-2465.078659190418,0.0022325680422555665,3.4482758620689657,0.6336363636363637,4200.0
1227.08339142331,947.6821917052341,-2851.2178614699005,0.002214826969477834,4.137931034482759,0.6336363636363637,4200.0
1375.0933346865002,1037.0406626635872,-3213.639885513927,0.0021979341467751596,4.827586206896552,0.6336363636363637,4200.0
1514.506206131528,1115.650448169398,-3555.3979559186264,0.002181801718018952,5.517241379310345,0.6336363636363637,4200.0
1646.4950292359608,1184.992114675412,-3878.9567757259138,0.0021663557762676435,6.206896551724139,0.6336363636363637,4200.0
1771.9796551220886,1246.249857996167,-4186.336744167129,0.0021515338908144306,6.8965517241379315,0.6336363636363637,4200.0
1891.7051720856985,1300.3966180912048,-4479.220254226631,0.0021372822484579564,7.586206896551724,0.6336363636363637,4200.0
2006.275011191373,1348.236236865407,-4759.02346487817,0.002123554482613785,8.275862068965518,0.6336363636363637,4200.0
2116.1982820110647,1390.4557373967825,-5026.952620922719,0.0021103100157946896,8.965517241379311,0.6336363636363637,4200.0
2221.8999973558284,1427.6364448599486,-5284.045110570427,0.0020975131557828823,9.655172413793103,0.6336363636363637,4200.0
2323.747348912118,1460.2836653047525,-5531.199023227367,0.0020851324837394313,10.344827586206897,0.6336363636363637,4200.0
2422.0526929114953,1488.8362874822326,-5769.200440467794,0.0020731398012523495,11.03448275862069,0.6336363636363637,4200.0
2517.0942292031277,1513.6835910199493,-5998.740130084618,0.0020615099965732905,11.724137931034484,0.6336363636363637,4200.0
2609.1082816498442,1535.1610309608782,-6220.428382547354,0.002050220580737009,12.413793103448278,0.6336363636363637,4200.0
2698.310839230928,1553.576541076755,-6434.809930621006,0.002039251029586319,13.10344827586207,0.6336363636363637,4200.0
2784.8893176331017,1569.199243748005,-6642.37126311646,0.0020285828505144637,13.793103448275863,0.6336363636363637,4200.0
2869.0120576823474,1582.2691297412944,-6843.548681063512,0.0020181992870479722,14.482758620689657,0.6336363636363637,4200.0
2950.8335354152027,1593.00922705974,-7038.7370868704165,0.002008084876828719,15.172413793103448,0.6336363636363637,4200.0
3030.487999821243,1601.6144093234789,-7228.293996504457,0.0019982255094351856,15.862068965517242,0.6336363636363637,4200.0
3108.1010822537874,1608.2625491326385,-7412.544055268845,0.0019886082624047687,16.551724137931036,0.6336363636363637,4200.0
3183.786235334358,1613.118809863631,-7591.783026285593,0.00197922124037765,17.24137931034483,0.6336363636363637,4200.0
3257.645044671264,1616.329838869035,-7766.2828132920695,0.0019700533321365425,17.931034482758623,0.6336363636363637,4200.0
3329.7734544490236,1618.0300273982941,-7936.292310663048,0.0019610943323126583,18.620689655172416,0.6336363636363637,4200.0
3400.258881325681,1618.345328409178,-8102.040280547342,0.0019523347925929225,19.310344827586206,0.6336363636363637,4200.0
3469.179337944032,1617.3877177053382,-8263.737584180453,0.0019437659180570283,20.0,0.6336363636363637,4200.0
0.0,0.0,9.041683475959871,0.002287332158761279,0.0,0.6435353535353535,4250.0
267.34006484951954,234.0534109949453,-569.6221577020042,0.0022640656807701607,0.6896551724137931,0.6435353535353535,4250.0
493.77771893232625,421.0468479888461,-1088.8581389034007,0.0022424764234850593,1.3793103448275863,0.6435353535353535,4250.0
693.6673992634938,576.5758498165916,-1561.387352501748,0.0022096084585250964,2.0689655172413794,0.6435353535353535,4200.0
874.3995141789053,708.8958637519422,-1996.0452442377427,0.002190891454735894,2.7586206896551726,0.6435353535353535,4200.0
1040.3836557316886,823.0689518678391,-2399.1677230345085,0.002173194338249926,3.4482758620689657,0.6435353535353535,4200.0
1194.5117502862045,922.5040491325914,-2775.580460719626,0.002156394332697798,4.137931034482759,0.6435353535353535,4200.0
1338.810416056351,1009.6491184137589,-3129.0161545215306,0.0021403914729763553,4.827586206896552,0.6435353535353535,4200.0
1474.7710526123547,1086.3462199781227,-3462.42805893311,0.0021251033668057097,5.517241379310345,0.6435353535353535,4200.0
1603.528294373775,1154.0293124631685,-3778.200069608756,0.0021104607290263347,6.206896551724139,0.6435353535353535,4200.0
1725.9763948906173,1213.8505495514785,-4078.2870586622594,0.0020964049514756024,6.8965517241379315,0.6435353535353535,4200.0
1842.8334356758737,1266.7510564412223,-4364.3161277766485,0.002082885637056221,7.586206896551724,0.6435353535353535,4200.0
1954.687213456519,1313.5130796848828,-4637.658096308813,0.0020698591965131368,8.275862068965518,0.6435353535353535,4200.0
2062.0294900195704,1354.8026748901525,-4899.479556343911,0.0020572876667196353,8.965517241379311,0.6435353535353535,4200.0
2165.272770617408,1391.1855383459874,-5150.784751268293,0.002045137494006247,9.655172413793103,0.6435353535353535,4200.0
2264.772447489565,1423.1511957515197,-5392.443471529186,0.002033379145730549,10.344827586206897,0.6435353535353535,4200.0
2360.8324982834283,1451.127498803405,-5625.21573496225,0.002021986268477722,11.03448275862069,0.6435353535353535,4200.0
2453.7193664377637,1475.4901625342834,-5849.770772411161,0.0020109352180781217,11.724137931034484,0.6435353535353535,4200.0
2543.667023393659,1496.569736276142,-6066.700077291789,0.002000204838909545,12.413793103448278,0.6435353535353535,4200.0
2630.8792967354907,1514.6599088768517,-6276.530110896463,0.001989775975698273,13.10344827586207,0.6435353535353535,4200.0
2715.543293789849,1530.0276800274298,-6479.732580770229,0.001979631189934652,13.793103448275863,0.6435353535353535,4200.0
2797.8196796760362,1542.904976942974,-6676.7308797203805,0.0019697546785683953,14.482758620689657,0.6435353535353535,4200.0
2877.856208842139,1553.505357007996,-6867.90626963292,0.0019601320673037544,15.172413793103448,0.6435353535353535,4200.0
2955.787762675091,1562.023479059385,-7053.605792559938,0.001950750013800693,15.862068965517242,0.6435353535353535,4200.0
3031.7324575393195,1568.6302716114214,-7234.144302189852,0.001941596354232662,16.551724137931036,0.6435353535353535,4200.0
3105.801145638606,1573.4849142052797,-7409.808767540591,0.001932659903851062,17.24137931034483,0.6435353535353535,4200.0
3178.0946473446643,1576.7334826340164,-7580.861699333625,0.0019239303124616047,17.931034482758623,0.6435353535353535,4200.0
3248.703024821731,1578.5054441897908,-7747.545011335445,0.0019153979175291385,18.620689655172416,0.6435353535353535,4200.0
3317.711368388637,1578.9211214684851,-7910.080815478133,0.0019070538122262309,19.310344827586206,0.6435353535353535,4200.0
3385.19903362769,1578.0940198949784,-8068.6738736400075,0.0018988897256030982,20.0,0.6435353535353535,4200.0
0.0,0.0,9.041683475959871,0.0022219132842742333,0.0,0.6534343434343434,4250.0
259.7795482778799,227.43311814071234,-553.2453039463217,0.002199964422656705,0.6896551724137931,0.6534343434343434,4250.0
479.92721702363207,409.23252099748163,-1058.0635932720324,0.00217958726613355,1.3793103448275863,0.6534343434343434,4250.0
674.356192790535,560.5166197726983,-1517.6968616209851,0.002148174769309536,2.0689655172413794,0.6534343434343434,4200.0
850.2267751204979,689.2863049072245,-1940.7058714265004,0.0021304925647156036,2.7586206896551726,0.6534343434343434,4200.0
1011.8098557773654,800.4464741593515,-2333.2020986809366,0.002113766804130343,3.4482758620689657,0.6534343434343434,4200.0
1161.9059245565338,897.3005808770347,-2699.8492323440587,0.0020978825230518012,4.137931034482759,0.6534343434343434,4200.0
1302.4785024353978,982.2221104016107,-3044.2544043742673,0.0020827461857245355,4.827586206896552,0.6534343434343434,4200.0
1434.9689150237064,1056.9941637584075,-3369.272133154991,0.0020682806029829436,5.517241379310345,0.6534343434343434,4200.0
1560.4765785234179,1123.0070844080783,-3677.2061396002973,0.0020544209629591733,6.206896551724139,0.6534343434343434,4200.0
1679.8694103161924,1181.3802086923558,-3969.9464339578117,0.0020411123137175817,6.8965517241379315,0.6534343434343434,4200.0
1793.8386326693947,1233.0228620961745,-4249.065405632486,0.0020283075410648514,7.586206896551724,0.6534343434343434,4200.0
1902.9573746090534,1278.6969591891911,-4515.888687776242,0.002015965750706141,8.275862068965518,0.6534343434343434,4200.0
2007.6976282453138,1319.044914366923,-4771.544232824803,0.00200405140325239,8.965517241379311,0.6534343434343434,4200.0
2108.463012654372,1354.619727443763,-5017.002800406022,0.00199253309134471,9.655172413793103,0.6534343434343434,4200.0
2205.593210874522,1385.8930568879182,-5253.106161216492,0.0019813830708022995,10.344827586206897,0.6534343434343434,4200.0
2299.3875100210244,1413.283466069382,-5480.588846740815,0.001970576735847196,11.03448275862069,0.6534343434343434,4200.0
2390.0997410973237,1437.152701732138,-5700.098365330108,0.0019600918894064658,11.724137931034484,0.6534343434343434,4200.0
2477.9587499685103,1457.8244781840117,-5912.207429447088,0.0019499086543148007,12.413793103448278,0.6534343434343434,4200.0
2563.1625959154026,1475.5831803161486,-6117.425080141751,0.001940009137076982,13.10344827586207,0.6534343434343434,4200.0
2645.888356144039,1490.685360862707,-6316.207624853239,0.0019303769847147504,13.793103448275863,0.6534343434343434,4200.0
2726.297740009572,1503.3627165958064,-6508.9651320562625,0.001920997347333343,14.482758620689657,0.6534343434343434,4200.0
2804.5303193769405,1513.8177287221847,-6696.067345328338,0.0019118566985481986,15.172413793103448,0.6534343434343434,4200.0
2880.715822272525,1522.239825050725,-6877.8489489156855,0.0019029426465808465,15.862068965517242,0.6534343434343434,4200.0
2954.972627145355,1528.799736927067,-7054.615448343138,0.0018942437051684352,16.551724137931036,0.6534343434343434,4200.0
3027.404865651655,1533.6474350974295,-7226.645047738901,0.001885749356002681,17.24137931034483,0.6534343434343434,4200.0
3098.110399480161,1536.9259039534622,-7394.192117730054,0.001877449901066912,17.931034482758623,0.6534343434343434,4200.0
3167.179548802613,1538.7646877999523,-7557.490102297539,0.0018693363373272663,18.620689655172416,0.6534343434343434,4200.0
3234.6921018993958,1539.2777971396877,-7716.754742415469,0.0018614002478515126,19.310344827586206,0.6534343434343434,4200.0
3300.723511267801,1538.573885540268,-7872.184641599677,0.0018536338531743744,20.0,0.6534343434343434,4200.0
0.0,0.0,9.041683475959871,0.002156607760113267,0.0,0.6633333333333333,4250.0
252.2265358373355,220.81945854654128,-536.886289451264,0.00213593560188783,0.6896551724137931,0.6633333333333333,4250.0
466.0838335152627,397.42447625694905,-1027.286301713364,0.0021167338379606167,1.3793103448275863,0.6633333333333333,4250.0
655.0464642136427,544.4590254454154,-1474.0093417343887,0.0020867447700376462,2.0689655172413794,0.6633333333333333,4200.0
826.046138219264,669.6709687530006,-1885.344725174502,0.0020700674229958372,2.7586206896551726,0.6633333333333333,4200.0
983.2160315279513,777.8090089451855,-2267.1818699308933,0.0020542855243438256,3.4482758620689657,0.6633333333333333,4200.0
1129.2664109534942,872.0722993104648,-2624.0242116761074,0.002039291598901561,4.137931034482759,0.6633333333333333,4200.0
1266.0965259351112,954.7586600034368,-2959.354665899278,0.0020249982727286306,4.827586206896552,0.6633333333333333,4200.0
1395.0996257208237,1027.5941729672027,-3275.930009252683,0.0020113333463675823,5.517241379310345,0.6633333333333333,4200.0
1517.3414212675523,1091.9269321633253,-3575.974635877261,0.001998236297951199,6.206896551724139,0.6633333333333333,4200.0
1633.6583516160067,1148.8386165755446,-3861.314263488006,0.0019856556865006144,6.8965517241379315,0.6633333333333333,4200.0
1744.7214354845748,1199.2126112675885,-4133.46721773046,0.001973547535290059,7.586206896551724,0.6633333333333333,4200.0
1851.0840235748535,1243.7867164848067,-4393.714119602693,0.001961873568460525,8.275862068965518,0.6633333333333333,4200.0
1953.203330638538,1283.1833003746285,-4643.145054372624,0.0019506005098851328,8.965517241379311,0.6633333333333333,4200.0
2051.468881566819,1317.9381097945345,-4882.697225926451,0.0019396990742815618,9.655172413793103,0.6633333333333333,4200.0
2146.2110807148792,1348.5109099566678,-5113.184328677831,0.0019291432559236763,10.344827586206897,0.6633333333333333,4200.0
2237.7163135212504,1375.3033431383476,-5335.316735426655,0.0019189099957588587,11.03448275862069,0.6633333333333333,4200.0
2326.2343973231,1398.671014064256,-5549.719334747919,0.0019089786245763316,11.724137931034484,0.6633333333333333,4200.0
2411.982137652465,1418.92464662486,-5756.946163602392,0.0018993304824540692,12.413793103448278,0.6633333333333333,4200.0
2495.1561916033156,1436.343021471365,-5957.489975268509,0.0018899487728447093,13.10344827586207,0.6633333333333333,4200.0
2575.9251755132937,1451.1737280080379,-6151.7908517424,0.0018808183100483258,13.793103448275863,0.6633333333333333,4200.0
2654.4436808039936,1463.6402759282637,-6340.245863123266,0.0018719251217098449,14.482758620689657,0.6633333333333333,4200.0
2730.851842485874,1473.9437425478873,-6523.212808653167,0.001863256527129937,15.172413793103448,0.6633333333333333,4200.0
2805.271767648895,1482.2641771149933,-6701.015682421414,0.0018548009236500705,15.862068965517242,0.6633333333333333,4200.0
2877.8173446407427,1488.7674910528692,-6873.949126321313,0.0018465476217483122,16.551724137931036,0.6633333333333333,4200.0
2948.593264227838,1493.6039790319087,-7042.282832124976,0.0018384867165772126,17.24137931034483,0.6633333333333333,4200.0
3017.691360605817,1496.9077929747198,-7206.263244912741,0.0018306091013564746,17.931034482758623,0.6633333333333333,4200.0
3085.197820286923,1498.8048667883597,-7366.1164232964,0.0018229063540659033,18.620689655172416,0.6633333333333333,4200.0
3151.1947720965013,1499.4115700121922,-7522.050279826704,0.0018153706485578252,19.310344827586206,0.6633333333333333,4200.0
3215.752301861204,1498.8284811922917,-7674.257640279058,0.0018079946417370837,20.0,0.6633333333333333,4200.0
0.0,0.0,9.041683475959871,0.002091415139027102,0.0,0.6732323232323232,4250.0
244.68100404834428,214.21241152404068,-520.5450632577777,0.0020719790097353972,0.6896551724137931,0.6732323232323232,4250.0
452.2475464421552,385.6226950624945,-996.5262361223795,0.002053916087534351,1.3793103448275863,0.6732323232323232,4250.0
635.7381968256576,528.4030538317802,-1430.3248108292464,0.002025318502026765,2.0689655172413794,0.6732323232323232,4200.0
801.8575852310873,650.0498430747127,-1829.9618613138373,0.002009616115229341,2.7586206896551726,0.6732323232323232,4200.0
954.6021510168727,755.1565360415847,-2201.1071029802333,0.001994750588230754,3.4482758620689657,0.6732323232323232,4200.0
1096.5933234620138,846.8193116621308,-2548.1054355608503,0.001980621619842525,4.137931034482759,0.6732323232323232,4200.0
1229.6643807837127,927.2586999244817,-2874.3168998978,0.0019671477362072924,4.827586206896552,0.6732323232323232,4200.0
1355.1629497916495,998.1460890285986,-3182.401520274536,0.0019542615190840866,5.517241379310345,0.6732323232323232,4200.0
1474.120812177823,1060.7870500818399,-3474.5052123144997,0.0019419065562879486,6.206896551724139,0.6732323232323232,4200.0
1587.3427866860413,1116.2254905358782,-3752.3897710784368,0.0019300348049396143,6.8965517241379315,0.6732323232323232,4200.0
1695.4811838931319,1165.320148666147,-4017.5206983579046,0.0019186051970913024,7.586206896551724,0.6732323232323232,4200.0
1799.0666565983279,1208.7820598057629,-4271.1333400313815,0.0019075820674178906,8.275862068965518,0.6732323232323232,4200.0
1898.5454168070537,1247.2169455117069,-4514.28029360091,0.0018969342897805666,8.965517241379311,0.6732323232323232,4200.0
1994.2894803288614,1281.1401629457653,-4747.865998185174,0.001886634570765184,9.655172413793103,0.6732323232323232,4200.0
2086.6228603529266,1311.0020714260183,-4972.675861491727,0.001876658620178514,10.344827586206897,0.6732323232323232,4200.0
2175.818708374951,1337.1874254107015,-5189.396143118363,0.0018669848640798326,11.03448275862069,0.6732323232323232,4200.0
2262.1203617815313,1360.0429559627719,-5398.6300675509265,0.001857594040008576,11.724137931034484,0.6732323232323232,4200.0
2345.7380221166295,1379.8706760846073,-5600.912425452421,0.0018484687229885972,12.413793103448278,0.6732323232323232,4200.0
2426.8579778606586,1396.9382882793675,-5796.7193887506655,0.0018395931966114951,13.10344827586207,0.6732323232323232,4200.0
2505.6494397210863,1411.4896650023588,-5986.476700176419,0.0018309532353348815,13.793103448275863,0.6732323232323232,4200.0
2582.2576873503867,1423.738959353052,-6170.56683010218,0.0018225358798741873,14.482758620689657,0.6732323232323232,4200.0
2656.81753441387,1433.8815153443945,-6349.33604895325,0.0018143292198235358,15.172413793103448,0.6732323232323232,4200.0
2729.4513745661757,1442.0939026457531,-6523.097740586294,0.0018063223894706467,15.862068965517242,0.6732323232323232,4200.0
2800.266200574358,1448.5354411794597,-6692.136701385767,0.001798505417190291,16.551724137931036,0.6732323232323232,4200.0
2869.361985052043,1453.3517909054137,-6856.7129354632125,0.0017908690818693618,17.24137931034483,0.6732323232323232,4200.0
2936.8322214499385,1456.6759017719578,-7017.065145058412,0.0017834048275063572,17.931034482758623,0.6732323232323232,4200.0
3002.7577493978038,1458.628081986884,-7173.412131873854,0.0017761047626997865,18.620689655172416,0.6732323232323232,4200.0
3067.2153234866896,1459.3196429687482,-7325.955277148998,0.001768961563646595,19.310344827586206,0.6732323232323232,4200.0
3130.277471334249,1458.8530113386887,-7474.879968611931,0.001761968434214213,20.0,0.6732323232323232,4200.0
0.0,0.0,9.041683475959871,0.0020263349766193196,0.0,0.6831313131313131,4250.0
237.14292956779423,207.61195650486115,-504.2215746838483,0.0020080944386064122,0.6896551724137931,0.6831313131313131,4250.0
438.4183335552799,373.82715843252913,-965.7833680891927,0.0019911339639853537,1.3793103448275863,0.6831313131313131,4250.0
616.4313740707023,512.3486920580285,-1386.643287080391,0.0019638960067817983,2.0689655172413794,0.6831313131313131,4200.0
777.6610980951722,630.422915818925,-1774.5573360758426,0.00194913872744321,2.7586206896551726,0.6831313131313131,4200.0
925.9686662117341,732.4895163667604,-2134.977864885048,0.0019351620858953536,3.4482758620689657,0.6831313131313131,4200.0
1063.8858717665664,821.5408874800272,-2472.0929423544003,0.0019218726467044617,4.137931034482759,0.6831313131313131,4200.0
1193.1819614505293,899.7221631707919,-2789.141069448626,0.001909194580087511,4.827586206896552,0.6831313131313131,4200.0
1315.1603215754778,968.6511277551898,-3088.6863875414856,0.001897065063656849,5.517241379310345,0.6831313131313131,4200.0
1430.8145052929394,1029.5872838139517,-3372.797526521994,0.0018854315626790187,6.206896551724139,0.6831313131313131,4200.0
1540.923338161648,1083.541530434875,-3643.172635241717,0.0018742493447270459,6.8965517241379315,0.6831313131313131,4200.0
1646.1165224739677,1131.3443754781122,-3901.2249862390017,0.0018634801064305268,7.586206896551724,0.6831313131313131,4200.0
1746.9057878994904,1173.6836856940279,-4148.145149494514,0.0018530906865414413,8.275862068965518,0.6831313131313131,4200.0
1843.7222221277248,1211.1445827176892,-4384.948313958092,0.0018430520420490417,8.965517241379311,0.6831313131313131,4200.0
1936.926108303941,1244.2273974885948,-4612.507090148058,0.001833338710304774,9.655172413793103,0.6831313131313131,4200.0
2026.8273859101103,1273.3653228388364,-4831.578247070771,0.001823928126965257,10.344827586206897,0.6831313131313131,4200.0
2113.693914733925,1298.9353753829198,-5042.82405482584,0.0018148001381235836,11.03448275862069,0.6831313131313131,4200.0
2197.7564655821398,1321.26800808943,-5246.826946407018,0.0018059367509350348,11.724137931034484,0.6831313131313131,4200.0
2279.222252375926,1340.6602859263105,-5444.101982381668,0.0017973218101679164,12.413793103448278,0.6831313131313131,4200.0
2358.2692485958946,1357.37074057346,-5635.109049936473,0.0017889406070573388,13.10344827586207,0.6831313131313131,4200.0
2435.0585467748224,1371.631705792178,-5820.259192278696,0.0017807798620410433,13.793103448275863,0.6831313131313131,4200.0
2509.7357720422656,1383.6564142836667,-5999.921727483976,0.001772827496346757,14.482758620689657,0.6831313131313131,4200.0
2582.4274397619815,1393.6314395090817,-6174.430192565145,0.0017650724429368137,15.172413793103448,0.6831313131313131,4200.0
2653.2510106265154,1401.7269200058834,-6344.087546238952,0.0017575045272917706,15.862068965517242,0.6831313131313131,4200.0
2722.3142320149095,1408.1004568899023,-6509.169070717828,0.0017501144266329483,16.551724137931036,0.6831313131313131,4200.0
2789.710922524829,1412.8915465456746,-6669.925827219355,0.0017428935573735775,17.24137931034483,0.6831313131313131,4200.0
2855.5290377923925,1416.2283508099715,-6826.587698186879,0.0017358339675974212,17.931034482758623,0.6831313131313131,4200.0
2919.8519682636634,1418.2296358621215,-6979.366468245957,0.0017289282555476156,18.620689655172416,0.6831313131313131,4200.0
2982.751679718141,1419.0028520078615,-7128.456783156384,0.001722169578982334,19.310344827586206,0.6831313131313131,4200.0
3044.296337551321,1418.6465966056376,-7274.038356035795,0.0017155515677859784,20.0,0.6831313131313131,4200.0
0.0,0.0,9.041683475959871,0.001961366831322786,0.0,0.693030303030303,4250.0
229.6122891878744,201.0180730398166,-487.91577332163433,0.0019442816820335169,0.6896551724137931,0.693030303030303,4250.0
424.5961615957332,362.0378370719525,-935.0576562234783,0.0019283874217174274,1.3793103448275863,0.693030303030303,4250.0
597.1259795432252,496.2959273786645,-1342.968621206688,0.0019134920945820223,2.0689655172413794,0.693030303030303,4250.0
753.4566588480949,610.7901632874806,-1719.1312058505064,0.0018886353461521816,2.7586206896551726,0.693030303030303,4200.0
897.3156901207733,709.8080518610127,-2068.7942235581286,0.001875520108203294,3.4482758620689657,0.693030303030303,4200.0
1031.1439691675516,796.236966373983,-2395.9867218030267,0.0018630447504056624,4.137931034482759,0.693030303030303,4200.0
1156.6491626512118,872.1489830545673,-2703.827139914887,0.0018511388100102696,4.827586206896552,0.693030303030303,4200.0
1275.090108738392,939.1078316897028,-2994.7845311306883,0.0018397438948450995,5.517241379310345,0.693030303030303,4200.0
1387.4222546298301,998.3274792799248,-3270.8512398785533,0.0018288111442814395,6.206896551724139,0.693030303030303,4200.0
1494.3998775764717,1050.7866900444021,-3533.662285131366,0.0018182990175523244,6.8965517241379315,0.693030303030303,4200.0
1596.6269322765804,1097.2849648710085,-3784.579082580618,0.0018081718624488484,7.586206896551724,0.693030303030303,4200.0
1694.6008115340628,1138.490908548729,-4024.7483528427983,0.0017983988673018197,8.275862068965518,0.693030303030303,4200.0
1788.7331373278273,1174.965870318207,-4255.147766591923,0.0017889530314976676,8.965517241379311,0.693030303030303,4200.0
1879.375957603997,1207.1975060743796,-4476.618297532928,0.0017798106421067017,9.655172413793103,0.693030303030303,4200.0
1966.8245112785664,1235.6015375316495,-4689.8889740421,0.0017709507406331105,10.344827586206897,0.693030303030303,4200.0
2051.3393201722265,1260.5452593269722,-4895.597687842674,0.0017623545842240854,11.03448275862069,0.693030303030303,4200.0
2133.143351117953,1282.3472463182097,-5094.305922651154,0.001754005414250172,11.724137931034484,0.693030303030303,4200.0
2212.433178993251,1301.2925905009527,-5286.510594349318,0.0017458881759173366,12.413793103448278,0.693030303030303,4200.0
2289.38564693729,1317.6364817249573,-5472.654073529266,0.0017379892490180925,13.10344827586207,0.693030303030303,4200.0
2364.153045021451,1331.60112408821,-5653.133057460625,0.0017302962319016913,13.793103448275863,0.693030303030303,4200.0
2436.8747966613882,1343.390819052362,-5828.3039043214885,0.0017227978650871311,14.482758620689657,0.693030303030303,4200.0
2507.6773072683786,1353.1908768733556,-5998.488144353054,0.001715483870744087,15.172413793103448,0.693030303030303,4200.0
2576.6707920072954,1361.1644391831599,-6163.977483719616,0.0017083447948647674,15.862068965517242,0.693030303030303,4200.0
2643.9576400914725,1367.4605087403465,-6325.037775535791,0.0017013719299002093,16.551724137931036,0.693030303030303,4200.0
2709.6337837210185,1372.2200167602102,-6481.911456726062,0.0016945572691265745,17.24137931034483,0.693030303030303,4200.0
2773.7812357689486,1375.565204798531,-6634.820432946144,0.001687893414170986,17.931034482758623,0.693030303030303,4200.0
2836.4778640124455,1377.6089057503623,-6783.968265255244,0.0016813735120874223,18.620689655172416,0.693030303030303,4200.0
2897.797029709275,1378.4573187983794,-6929.543273377843,0.0016749911517457913,19.310344827586206,0.693030303030303,4200.0
2957.804494127837,1378.206955904498,-7071.718916925522,0.0016687403986489276,20.0,0.693030303030303,4200.0
0.0,0.0,9.041683475959871,0.0018965102643744081,0.0,0.702929292929293,4250.0
222.08905983519327,194.43074079799484,-471.62760903707385,0.001880540534665625,0.6896551724137931,0.702929292929293,4250.0
410.78102231011667,350.2547250795021,-904.3490885994106,0.0018656764041541248,1.3793103448275863,0.702929292929293,4250.0
577.8219969871303,480.2447471758443,-1299.305681704609,0.0018517398491534537,2.0689655172413794,0.702929292929293,4250.0
729.2444585436791,591.1516569445816,-1663.683488745286,0.0018281060665591975,2.7586206896551726,0.702929292929293,4200.0
868.6425647888035,687.1115234538335,-2002.5562477663625,0.0018158247467793516,3.4482758620689657,0.702929292929293,4200.0
998.3675587917397,770.9075135116443,-2319.7868185173575,0.0018041379938911967,4.137931034482759,0.702929292929293,4200.0
1120.0668463444988,844.5400393503285,-2618.3750789514597,0.001792980433335985,4.827586206896552,0.702929292929293,4200.0
1234.9520961973271,909.5161983396671,-2900.6958535542726,0.0017822979324588224,5.517241379310345,0.702929292929293,4200.0
1343.9441716394172,967.0078410255804,-3168.666017569427,0.0017720451307229722,6.206896551724139,0.702929292929293,4200.0
1447.7710191806875,1017.9597926216517,-3423.8581542549873,0.001762183537772329,6.8965517241379315,0.702929292929293,4200.0
1547.0126410309801,1063.1423000299965,-3667.5821915927736,0.0017526800480105948,7.586206896551724,0.702929292929293,4200.0
1642.1500930983445,1103.2024028945352,-3900.941759464891,0.0017435060537418776,8.275862068965518,0.702929292929293,4200.0
1733.5791366113053,1138.6819898666995,-4124.877070679409,0.0017346365506808105,8.965517241379311,0.702929292929293,4200.0
1821.6379022056387,1170.0497712161407,-4340.197649011214,0.0017260495003779128,9.655172413793103,0.702929292929293,4200.0
1906.6139039276748,1197.7107327205038,-4547.605532491405,0.0017177254265962594,10.344827586206897,0.702929292929293,4200.0
1988.7537376263394,1222.0161203074085,-4747.713997040322,0.001709646993997442,11.03448275862069,0.702929292929293,4200.0
2068.2773561527574,1243.277857859184,-4941.063865609511,0.0017017986060745072,11.724137931034484,0.702929292929293,4200.0
2145.3716323612166,1261.7689909719973,-5128.133722000799,0.0016941662745153557,12.413793103448278,0.702929292929293,4200.0
2220.20509983414,1277.7347546166238,-5309.3495494524905,0.001686737364968703,13.10344827586207,0.702929292929293,4200.0
2292.929090975392,1291.3951964455584,-5485.092863890779,0.0016795003825737223,13.793103448275863,0.702929292929293,4200.0
2363.675060030648,1302.9433573529973,-5655.707171503927,0.0016724448451460156,14.482758620689657,0.702929292929293,4200.0
2432.5636965721333,1312.5583053028802,-5821.50247736305,0.0016655611913499932,15.172413793103448,0.702929292929293,4200.0
2499.705681165164,1320.4022110473345,-5982.759622401907,0.0016588406607936695,15.862068965517242,0.702929292929293,4200.0
2565.197023032297,1326.6172244029005,-6139.734341541589,0.0016522751775133566,16.551724137931036,0.702929292929293,4200.0
2629.1276683425253,1331.33609808324,-6292.660556069408,0.0016458572783995748,17.24137931034483,0.702929292929293,4200.0
2691.5816878327732,1334.6822554753676,-6441.752261159258,0.0016395800825164386,17.931034482758623,0.702929292929293,4200.0
2752.6328644760756,1336.7650308917173,-6587.206064769947,0.001633437206490653,18.620689655172416,0.702929292929293,4200.0
2812.349480973302,1337.6832259426844,-6729.202428013807,0.0016274227506048473,19.310344827586206,0.702929292929293,4200.0
2870.795676571789,1337.531565626102,-6867.909144769372,0.0016215311561039122,20.0,0.702929292929293,4200.0
0.0,0.0,9.041683475959871,0.0018317648397901515,0.0,0.7128282828282828,4250.0
214.5732185692053,187.849939565491,-455.35703196539544,0.0018168707922586564,0.6896551724137931,0.7128282828282828,4250.0
396.97289430751516,338.47780424348707,-873.6576379184335,0.0018030008613653104,1.3793103448275863,0.7128282828282828,4250.0
558.5194102946668,464.19513895846376,-1255.6457949805845,0.0017899903081660944,2.0689655172413794,0.7128282828282828,4250.0
705.0249578924834,571.5079800612857,-1608.2142733889414,0.0017675509687714109,2.7586206896551726,0.7128282828282828,4200.0
839.9492591070366,664.3999117820173,-1936.2640071282876,0.0017560760940049562,3.4482758620689657,0.7128282828282828,4200.0
965.5566143341225,745.5525199975514,-2243.4933366556215,0.0017451524316689255,4.137931034482759,0.7128282828282828,4200.0
1083.434417466676,816.8947681025219,-2532.7848565107197,0.001734719459149953,4.827586206896552,0.7128282828282828,4200.0
1194.7461170503893,879.8761227057221,-2806.4202009948276,0.0017247271068576249,5.517241379310345,0.7128282828282828,4200.0
1300.3809780464119,935.6291147922776,-3066.2414096890934,0.0017151333676422504,6.206896551724139,0.7128282828282828,4200.0
1401.0364210998384,985.0606274601474,-3313.7596805329376,0.00170590262244687,6.8965517241379315,0.7128282828282828,4200.0
1497.2739759812368,1028.9167926251098,-3550.233593187455,0.0016970042373162244,7.586206896551724,0.7128282828282828,4200.0
1589.5529921209181,1067.8180623162255,-3776.7240574181196,0.0016884117045620193,8.275862068965518,0.7128282828282828,4200.0
1678.2583794848936,1102.2914324180247,-3994.1346495975667,0.0016801018944959877,8.965517241379311,0.7128282828282828,4200.0
1763.7116655948475,1132.7842558496232,-4203.243318385677,0.0016720544024791076,9.655172413793103,0.7128282828282828,4200.0
1846.1927745854653,1159.6907752653196,-4404.725102645774,0.0016642511792142609,10.344827586206897,0.7128282828282828,4200.0
1925.9384555659399,1183.3494374335257,-4599.169936892169,0.0016566761593743084,11.03448275862069,0.7128282828282828,4200.0
2003.157056355435,1204.0590697738535,-4787.097163541337,0.0016493149368427382,11.724137931034484,0.7128282828282828,4200.0
2078.0338225684472,1222.0866113370985,-4968.967312857858,0.0016421545259482648,12.413793103448278,0.7128282828282828,4200.0
2150.727988536362,1237.6669305845755,-5145.190343191767,0.0016351832102609568,13.10344827586207,0.7128282828282828,4200.0
2221.3840201257244,1251.0117217582947,-5316.132983998599,0.0016283903610612232,13.793103448275863,0.7128282828282828,4200.0
2290.132460283185,1262.311189140819,-5482.125434047157,0.0016217662708179212,14.482758620689657,0.7128282828282828,4200.0
2357.086981669506,1271.7350976179275,-5643.466162750665,0.001615302062066577,15.172413793103448,0.7128282828282828,4200.0
2422.352302607177,1279.439112747824,-5800.4256618768195,0.0016089896063391524,15.862068965517242,0.7128282828282828,4200.0
2486.0258438615315,1285.5660562659975,-5953.249956125124,0.0016028214268842388,16.551724137931036,0.7128282828282828,4200.0
2548.19156186552,1290.240162231433,-6102.163680292579,0.0015967906271934318,17.24137931034483,0.7128282828282828,4200.0
2608.9285502541775,1293.579873284151,-6247.373160877127,0.0015908908034882926,17.931034482758623,0.7128282828282828,4200.0
2668.3102730446944,1295.6930613205272,-6389.067661377609,0.0015851160403390619,18.620689655172416,0.7128282828282828,4200.0
2726.4039363510456,1296.6779399217075,-6527.421570995371,0.001579460837823707,19.310344827586206,0.7128282828282828,4200.0
2783.2693248017063,1296.621820709134,-6662.595555461754,0.0015739200883076927,20.0,0.7128282828282828,4200.0
0.0,0.0,9.041683475959871,0.0017671301243403683,0.0,0.7227272727272727,4250.0
207.06474258147648,181.27564924466884,-439.10399250986666,0.0017532722516663275,0.6896551724137931,0.7227272727272727,4250.0
383.17175633620525,326.70705647171013,-842.983277072497,0.0017403607437712926,1.3793103448275863,0.7227272727272727,4250.0
539.2181973707549,448.14708515682815,-1211.9889797345095,0.0017282435147054484,2.0689655172413794,0.7227272727272727,4250.0
680.7974583971602,551.8584613407716,-1552.7236321567761,0.0017069701372782178,2.7586206896551726,0.7227272727272727,4200.0
811.2357421971212,641.6731976981248,-1869.9175721097781,0.001696274243015724,3.4482758620689657,0.7227272727272727,4200.0
932.7113380799876,720.1722142704037,-2167.106320779276,0.0016860881295161678,4.137931034482759,0.7227272727272727,4200.0
1046.7512983406605,789.2126615589422,-2447.056444849979,0.001676355898267573,4.827586206896552,0.7227272727272727,4200.0
1154.4720045851489,850.1875001284013,-2711.957422765954,0.0016670313505756935,5.517241379310345,0.7227272727272727,4200.0
1256.7310956835483,904.189890156071,-2963.577173354941,0.0016580756820729456,6.206896551724139,0.7227272727272727,4200.0
1354.1957426065762,952.0890042435146,-3203.3663063570784,0.0016494559913739946,6.8965517241379315,0.7227272727272727,4200.0
1447.4091235167393,994.6069092018578,-3432.5324448944375,0.0016411440209245318,7.586206896551724,0.7227272727272727,4200.0
1536.8100548425148,1032.3386226073342,-3652.0940871530765,0.0016331152693392283,8.275862068965518,0.7227272727272727,4200.0
1622.7695714255074,1065.7930481569197,-3862.9189310845177,0.00162534836026579,8.965517241379311,0.7227272727272727,4200.0
1705.5977171605978,1095.4016609273294,-4065.7532911578746,0.001617824484595928,9.655172413793103,0.7227272727272727,4200.0
1785.5602320628102,1121.5411870812143,-4261.245521338802,0.0016105269433383468,10.344827586206897,0.7227272727272727,4200.0
1862.8896009451996,1144.5425976691909,-4449.9622791736765,0.0016034408871825148,11.03448275862069,0.7227272727272727,4200.0
1937.7832251621483,1164.6920553892733,-4632.40218556796,0.0015965530177092738,11.724137931034484,0.7227272727272727,4200.0
2010.4178973338414,1182.2444003278224,-4809.007290068766,0.0015898513438356435,12.413793103448278,0.7227272727272727,4200.0
2080.9507409489943,1197.430437023421,-4980.1715542205275,0.0015833250231175136,13.10344827586207,0.7227272727272727,4200.0
2149.5180882641835,1210.4521172127293,-5146.247596931404,0.0015769642222513327,13.793103448275863,0.7227272727272727,4200.0
2216.2440389809603,1221.492640904379,-5307.552299149596,0.0015707599876691855,14.482758620689657,0.7227272727272727,4200.0
2281.242214857129,1230.7178015874197,-5464.372326396944,0.0015647041141153035,15.172413793103448,0.7227272727272727,4200.0
2344.610944427678,1238.2767154346616,-5616.967800877763,0.0015587890732174452,15.862068965517242,0.7227272727272727,4200.0
2406.441658704508,1244.3053041444216,-5765.575355883157,0.0015530079495559219,16.551724137931036,0.7227272727272727,4200.0
2466.8192305753864,1248.9282318279131,-5910.411087543209,0.001547354356073791,17.24137931034483,0.7227272727272727,4200.0
2525.818703083896,1252.2567887746375,-6051.672611404145,0.001541822407389116,17.931034482758623,0.7227272727272727,4200.0
2583.509185986171,1254.3949891580748,-6189.542312209458,0.001536406604258216,18.620689655172416,0.7227272727272727,4200.0
2639.9548691214113,1255.437588691946,-6324.187864192718,0.0015311018611715715,19.310344827586206,0.7227272727272727,4200.0
2695.216961411599,1255.472548357699,-6455.764158277452,0.0015259034415265663,20.0,0.7227272727272727,4200.0
0.0,0.0,9.041683475959871,0.0017026056875253967,0.0,0.7326262626262626,4250.0
199.56360919445197,174.70784985306716,-422.8684413406809,0.0016897447108311229,0.6896551724137931,0.7326262626262626,4250.0
369.37758728256387,314.9424637909002,-812.3259791413511,0.0016777560021389879,1.3793103448275863,0.7326262626262626,4250.0
519.9188946969405,432.10112141551525,-1168.335254841455,0.0016664995120427722,2.0689655172413794,0.7326262626262626,4250.0
656.5619428987442,532.2030905869725,-1497.2116233298948,0.0016463636600011985,2.7586206896551726,0.7326262626262626,4200.0
782.5019834123339,618.9313622716526,-1803.5170140233604,0.001636419287698977,3.4482758620689657,0.7326262626262626,4200.0
899.8324207590986,694.7672664973185,-2090.625816966982,0.0016269451544499722,4.137931034482759,0.7326262626262626,4200.0
1010.0173442628974,761.4936206039255,-2361.1897405062773,0.001617889772679754,4.827586206896552,0.7326262626262626,4200.0
1114.1308390997203,820.451441235965,-2617.307371331146,0.0016092105983345592,5.517241379310345,0.7326262626262626,4200.0
1212.9943119305542,872.689642861873,-2860.67305059552,0.0016008719048045015,6.206896551724139,0.7326262626262626,4200.0
1307.2504852486518,919.0464354902423,-3092.677427896524,0.001592843372047251,6.8965517241379315,0.7326262626262626,4200.0
1397.4176282556546,960.2123742970547,-3314.4779091422824,0.0015850989922525443,7.586206896551724,0.7326262626262626,4200.0
1483.9206841395574,996.7636708323322,-3527.0508262853036,0.0015776161889948326,8.275862068965518,0.7326262626262626,4200.0
1567.111837337112,1029.1861348123323,-3731.2281493570044,0.0015703752644618588,8.965517241379311,0.7326262626262626,4200.0
1647.2933150182207,1057.8997849932778,-3927.7255564916777,0.0015633588849750398,9.655172413793103,0.7326262626262626,4200.0
1724.7173985491302,1083.2634199991992,-4117.164323328092,0.0015565516859741516,10.344827586206897,0.7326262626262626,4200.0
1799.605957980669,1105.5949366050424,-4300.088036690016,0.0015499399679070333,11.03448275862069,0.7326262626262626,4200.0
1872.1526879726998,1125.1737675480608,-4476.975223182468,0.001543511464921911,11.724137931034484,0.7326262626262626,4200.0
1942.524264408406,1142.2433967964437,-4648.249387713055,0.0015372551515771586,12.413793103448278,0.7326262626262626,4200.0
2010.871028273544,1157.023898828872,-4814.288526781202,0.001531161022690822,13.10344827586207,0.7326262626262626,4200.0
2077.327334370434,1169.7139209848087,-4975.430991249777,0.0015252200095006295,13.793103448275863,0.7326262626262626,4200.0
2142.0102160989413,1180.4881810860513,-5131.9811640589905,0.001519423847557391,14.482758620689657,0.7326262626262626,4200.0
2205.0266455363835,1189.5050964382037,-5284.213762100859,0.001513764985653717,15.172413793103448,0.7326262626262626,4200.0
2266.4757200495096,1196.9110038413144,-5432.378274545212,0.0015082364871378223,15.862068965517242,0.7326262626262626,4200.0
2326.443183158789,1202.8360605011324,-5576.702017613345,0.0015028319613096769,16.551724137931036,0.7326262626262626,4200.0
2385.0088367912576,1207.3994302136048,-5717.3924720235955,0.0014975455227062837,17.24137931034483,0.7326262626262626,4200.0
2442.246418806273,1210.7096304827164,-5854.639874093147,0.001492371713320878,17.931034482758623,0.7326262626262626,4200.0
2498.223903250073,1212.8675162270224,-5988.618324840885,0.0014873055123709835,18.620689655172416,0.7326262626262626,4200.0
2553.0013818291336,1213.9638335083928,-6119.489298302207,0.0014823421985870483,19.310344827586206,0.7326262626262626,4200.0
2606.6357833103834,1214.0826162800442,-6247.401573650786,0.0014774774000425204,20.0,0.7326262626262626,4200.0
0.0,0.0,9.041683475959871,0.0016381911015514437,0.0,0.7425252525252525,4250.0
192.0697958602152,168.14652152246737,-406.6503293903297,0.001626287968775325,0.6896551724137931,0.7425252525252525,4250.0
355.59036616988016,303.18400834526074,-781.685717390952,0.0016151865875781637,1.3793103448275863,0.7425252525252525,4250.0
500.62112285065376,416.05686870345073,-1124.6846393486776,0.0016047583436320995,2.0689655172413794,0.7425252525252525,4250.0
632.3183944201256,512.5418552690578,-1441.6783055720516,0.001585731625218954,2.7586206896551726,0.7425252525252525,4200.0
753.7479523382184,596.1743867898982,-1737.062405022385,0.001576511322691198,3.4482758620689657,0.7425252525252525,4200.0
866.9187943603519,669.3366721511712,-2014.0518728123207,0.0015677235747271314,4.137931034482759,0.7425252525252525,4200.0
973.2324815904683,733.7376055911238,-2275.1847780012104,0.0015593210891162756,4.827586206896552,0.7425252525252525,4200.0
1073.7215501383387,790.6669450730775,-2522.4699023209905,0.001551264787055767,5.517241379310345,0.7425252525252525,4200.0
1169.1703808249963,841.1286099317515,-2757.5287223917476,0.0015435218754198481,6.206896551724139,0.7425252525252525,4200.0
1260.198406738494,885.9309322748709,-2981.6924172742292,0.0015360644967110496,6.8965517241379315,0.7425252525252525,4200.0
1347.2993607072733,925.7332425777103,-3196.0691533468344,0.001528868747625143,7.586206896551724,0.7425252525252525,4200.0
1430.8832797155915,961.0919288868722,-3401.5931037295013,0.0015219139181423178,8.275862068965518,0.7425252525252525,4200.0
1511.286896968317,992.4728999045705,-3599.0609236366945,0.0015151818955269234,8.965517241379311,0.7425252525252525,4200.0
1588.797552177497,1020.2781061093067,-3789.15807065471,0.0015086567468660288,9.655172413793103,0.7425252525252525,4200.0
1663.661386462807,1044.855138281074,-3972.4790071512034,0.0015023243773473693,10.344827586206897,0.7425252525252525,4200.0
1736.0881231267963,1066.5074782457325,-4149.544371584205,0.0014961721861341227,11.03448275862069,0.7425252525252525,4200.0
1806.2634044826036,1085.5036715039207,-4320.81243375608,0.0014901889035200705,11.724137931034484,0.7425252525252525,4200.0
1874.3499564917172,1102.0813827179632,-4486.68933192268,0.0014843643712646212,12.413793103448278,0.7425252525252525,4200.0
1940.4891558905617,1116.4483694204773,-4647.536309235002,0.0014786894379980658,13.10344827586207,0.7425252525252525,4200.0
2004.809223799916,1128.7956848995411,-4803.67785207156,0.0014731557413948282,13.793103448275863,0.7425252525252525,4200.0
2067.42608808586,1139.29502466571,-4955.405562223234,0.0014677556865634286,14.482758620689657,0.7425252525252525,4200.0
2128.440324327237,1148.097811513939,-5102.98298640272,0.001462482322492007,15.172413793103448,0.7425252525252525,4200.0
2187.9447020005355,1155.3414979400716,-5246.649014535142,0.0014573292728248908,15.862068965517242,0.7425252525252525,4200.0
2246.024829685804,1161.154741873316,-5386.621180995273,0.0014522906779757,16.551724137931036,0.7425252525252525,4200.0
2302.757084960965,1165.6524861562511,-5523.098617308431,0.0014473611087775032,17.24137931034483,0.7425252525252525,4200.0
2358.2106925140306,1168.9388631180843,-5656.263591746145,0.0014425355564973517,17.931034482758623,0.7425252525252525,4200.0
2412.4500530103924,1171.1087021040994,-5786.283692962432,0.0014378093691055486,18.620689655172416,0.7425252525252525,4200.0
2465.53573358229,1172.252272296502,-5913.313108378643,0.0014331782306016138,19.310344827586206,0.7425252525252525,4200.0
2517.5215493747974,1172.4503399265384,-6037.494357002863,0.0014286381260123614,20.0,0.7425252525252525,4200.0
0.0,0.0,9.041683475959871,0.001573885941306746,0.0,0.7524242424242424,4250.0
184.5832801596348,161.5916444978535,-390.4496078532102,0.0015629018255921081,0.6896551724137931,0.7524242424242424,4250.0
341.81007215716215,291.43167239574933,-751.0624652724073,0.0015526524515376433,1.3793103448275863,0.7524242424242424,4250.0
481.32468407107933,400.0141400583685,-1081.0371524738148,0.0015430200531072902,2.0689655172413794,0.7524242424242424,4250.0
608.066796165452,492.8747444517175,-1386.1237379253726,0.00152507412156399,2.7586206896551726,0.7524242424242424,4200.0
724.9740307046577,573.4026661350362,-1670.5537956035332,0.0015165504465121137,3.4482758620689657,0.7524242424242424,4200.0
833.9704001947335,643.8803949204383,-1937.384537424361,0.0015084234598441069,4.137931034482759,0.7524242424242424,4200.0
936.3967914607142,705.9447405683914,-2189.0415793115462,0.0015006498602916024,4.827586206896552,0.7524242424242424,4200.0
1033.2436336612348,760.8335982909485,-2427.444874551824,0.0014931938558733176,5.517241379310345,0.7524242424242424,4200.0
1125.2599118037717,809.5074832300658,-2654.1438737235803,0.001486025436094492,6.206896551724139,0.7524242424242424,4200.0
1213.03925603185,852.7423579420768,-2870.410914152926,0.00147911907891016,6.8965517241379315,0.7524242424242424,4200.0
1297.0551831457042,891.1704591300352,-3077.3052928298566,0.0014724528911223508,7.586206896551724,0.7524242424242424,4200.0
1377.6972548428353,925.3230490734497,-3275.7197536213644,0.0014660079142954888,8.275862068965518,0.7524242424242424,4200.0
1455.2917640339158,955.6508251543652,-3466.4157707030245,0.0014597675572710117,8.965517241379311,0.7524242424242424,4200.0
1530.1109202882917,982.5369506011604,-3650.0486120340574,0.0014537172287596562,9.655172413793103,0.7524242424242424,4200.0
1602.3908033750827,1006.3154708807641,-3827.1870741225503,0.0014478439893469818,10.344827586206897,0.7524242424242424,4200.0
1672.33395217563,1027.2786623758209,-3998.328236441048,0.001442136336263245,11.03448275862069,0.7524242424242424,4200.0
1740.1157375519122,1045.682650672039,-4163.9105911445,0.001436583922073953,11.724137931034484,0.7524242424242424,4200.0
1805.892377559087,1061.7559875491859,-4324.322436319962,0.0014311774504156241,12.413793103448278,0.7524242424242424,4200.0
1869.8017594634416,1075.7014761310668,-4479.909941943384,0.0014259084952339906,13.10344827586207,0.7524242424242424,4200.0
1931.9642056566356,1087.6987134413976,-4630.982480303959,0.0014207694475849287,13.793103448275863,0.7524242424242424,4200.0
1992.4893009232283,1097.9122123834827,-4777.819414434503,0.001415753318747198,14.482758620689657,0.7524242424242424,4200.0
2051.4776911194554,1106.4914422060253,-4920.672850783645,0.0014108537405906234,15.172413793103448,0.7524242424242424,4200.0
2109.0161865088653,1113.5678623043075,-5059.771564466289,0.0014060648659676134,15.862068965517242,0.7524242424242424,4200.0
2165.185364548456,1119.2616443150898,-5195.32386608376,0.0014013813047272815,16.551724137931036,0.7524242424242424,4200.0
2220.058844830609,1123.6848741521078,-5327.519672095063,0.0013967981145800263,17.24137931034483,0.7524242424242424,4200.0
2273.7057551573153,1126.9402707714255,-5456.533798876058,0.0013923106810707303,17.931034482758623,0.7524242424242424,4200.0
2326.1857302171206,1129.1185020391615,-5582.526619945071,0.0013879147434003197,18.620689655172416,0.7524242424242424,4200.0
2377.5555735804587,1130.30289710968,-5705.645972728678,0.0013836063390302656,19.310344827586206,0.7524242424242424,4200.0
2427.8677245784816,1130.572983305912,-5826.028642425983,0.0013793817590728313,20.0,0.7524242424242424,4200.0
0.0,0.0,9.041683475959871,0.0015096897843380021,0.0,0.7623232323232323,4250.0
177.10403980124454,155.04319913675286,-374.266228183762,0.0014995860824367894,0.6896551724137931,0.7623232323232323,4250.0
328.03694103975783,279.68569619699906,-720.4561964178647,0.0014901535458016586,1.3793103448275863,0.7623232323232323,4250.0
462.02956295783275,383.9729235961616,-1037.3928136025934,0.0014812846842791336,2.0689655172413794,0.7623232323232323,4250.0
583.8071315201126,473.2017473595065,-1330.5518795363605,0.0014728986222225598,2.7586206896551726,0.7623232323232323,4250.0
696.1804230115025,550.6163960528767,-1603.9912373197076,0.0014565367578273528,3.4482758620689657,0.7623232323232323,4200.0
800.9871798519454,618.3983987811429,-1860.6238614273316,0.0014490448805369088,4.137931034482759,0.7623232323232323,4200.0
899.5112739624047,678.1160076997393,-2102.7601239323194,0.001441876104545587,4.827586206896552,0.7623232323232323,4200.0
992.6968693663505,730.951253309931,-2332.2320407651496,0.0014349977567228072,5.517241379310345,0.7623232323232323,4200.0
1081.262674753817,777.8260969299893,-2550.5181936047084,0.001428382431619049,6.206896551724139,0.7623232323232323,4200.0
1165.7726844543488,819.480306066786,-2758.8323638966103,0.0014220068527472708,6.8965517241379315,0.7623232323232323,4200.0
1246.682932982998,856.5221606593072,-2958.185414376967,0.0014158510316794692,7.586206896551724,0.7623232323232323,4200.0
1324.363306289659,889.4579226431368,-3149.4296154035983,0.0014098976379423329,8.275862068965518,0.7623232323232323,4200.0
1399.1257036629577,918.7194836037988,-3333.291136146465,0.001404131557345869,8.965517241379311,0.7623232323232323,4200.0
1471.232106600534,944.6756616749576,-3510.3955592021593,0.0013985394509324347,9.655172413793103,0.7623232323232323,4200.0
1540.9055516440858,967.6447817545987,-3681.2857579586052,0.0013931095140766736,10.344827586206897,0.7623232323232323,4200.0
1608.341339745362,987.9070476770066,-3846.4365884573126,0.0013878312131536236,11.03448275862069,0.7623232323232323,4200.0
1673.7076593539866,1005.7093470600865,-4006.266016904592,0.001382695136073581,11.724137931034484,0.7623232323232323,4200.0
1737.1519145306975,1021.269007405919,-4161.1450257247925,0.0013776927736807371,12.413793103448278,0.7623232323232323,4200.0
1798.806029999281,1034.7811739444096,-4311.404019853675,0.0013728164448082339,13.10344827586207,0.7623232323232323,4200.0
1858.7879607599912,1046.4198942314276,-4457.339153439949,0.0013680591531767205,13.793103448275863,0.7623232323232323,4200.0
1917.200250457868,1056.341024087447,-4599.216221705101,0.0013634145678227255,14.482758620689657,0.7623232323232323,4200.0
1974.1371751402805,1064.6865579584205,-4737.27637979282,0.0013588768477979904,15.172413793103448,0.7623232323232323,4200.0
2029.6851020822894,1071.5858922965751,-4871.738156724299,0.0013544406513882462,15.862068965517242,0.7623232323232323,4200.0
2083.920839990168,1077.1546104206436,-5002.800568402847,0.0013501010615458,16.551724137931036,0.7623232323232323,4200.0
2136.9138725383887,1081.4979148199213,-5130.645654030239,0.001345853521694761,17.24137931034483,0.7623232323232323,4200.0
2188.7282650285524,1084.713622972371,-5255.439488407683,0.0013416938641458117,17.931034482758623,0.7623232323232323,4200.0
2239.4241876427473,1086.89154432162,-5377.335697931827,0.0013376181735272551,18.620689655172416,0.7623232323232323,4200.0
2289.0559840152564,1088.1132247893013,-5496.47561024873,0.0013336228260675605,19.310344827586206,0.7623232323232323,4200.0
2337.6727076901398,1088.4512837781338,-5612.989803278171,0.0013297044473895203,20.0,0.7623232323232323,4200.0
0.0,0.0,9.041683475959871,0.0014456022108270655,0.0,0.7722222222222221,4250.0
169.63205261994446,148.50116590788693,-358.1001420922112,0.0014363405415181757,0.6896551724137931,0.7722222222222221,4250.0
314.27094462397423,267.9460480447054,-689.866884641131,0.0014276898224861042,1.3793103448275863,0.7722222222222221,4250.0
442.73574425371453,367.9332075551524,-993.7516422857734,0.0014195522811324512,2.0689655172413794,0.7722222222222221,4250.0
559.5393840504312,453.52285337687465,-1274.971019118435,0.0014118543664248951,2.7586206896551726,0.7722222222222221,4250.0
667.3664645711469,527.8148169543714,-1537.374866791608,0.0013964703448107504,3.4482758620689657,0.7722222222222221,4200.0
767.9690752038381,592.8906480005246,-1783.7698969596167,0.0013895879087808388,4.137931034482759,0.7722222222222221,4200.0
862.5745645698943,650.2501339615812,-2016.3403959438874,0.00138299984139084,4.827586206896552,0.7722222222222221,4200.0
952.0811459409896,701.0198517343924,-2236.83137515383,0.001376676421669114,5.517241379310345,0.7722222222222221,4200.0
1037.1775589687388,746.0834865378779,-2446.6513751176753,0.001370592709421566,6.206896551724139,0.7722222222222221,4200.0
1118.399516717064,786.1456249247756,-2646.956232388213,0.001364727552024981,6.8965517241379315,0.7722222222222221,4200.0
1196.1822660471692,821.788160470251,-2838.7089391140325,0.0013590627564492746,7.586206896551724,0.7722222222222221,4200.0
1270.8803313501317,853.4956919981312,-3022.721382102034,0.0013535825636456352,8.275862068965518,0.7722222222222221,4200.0
1342.7885787641785,881.6790371255206,-3199.6854722160133,0.0013482732060048797,8.965517241379311,0.7722222222222221,4200.0
1412.1593169188936,906.6930984191541,-3370.1968629388357,0.0013431225690769511,9.655172413793103,0.7722222222222221,4200.0
1479.205001398484,928.8424147160208,-3534.7729109841966,0.0013381199032357785,10.344827586206897,0.7722222222222221,4200.0
1544.1099275745335,948.392839347897,-3693.866155870288,0.0013332556272908033,11.03448275862069,0.7722222222222221,4200.0
1607.0366358096135,965.582023952414,-3847.875071717448,0.0013285211552773728,11.724137931034484,0.7722222222222221,4200.0
1668.1260673575684,980.6187629667633,-3997.152720660313,0.001323908771638942,12.413793103448278,0.7722222222222221,4200.0
1727.502573645298,993.6884231230097,-4142.014236154209,0.0013194114706749352,13.10344827586207,0.7722222222222221,4200.0
1785.2776696132553,1004.9576550653746,-4282.741749271998,0.0013150229012275543,13.793103448275863,0.7722222222222221,4200.0
1841.5535417454,1014.5776300292486,-4419.5893713476835,0.0013107372551227593,14.482758620689657,0.7722222222222221,4200.0
1896.4173940852672,1022.6829745082072,-4552.78623274494,0.001306549253922448,15.172413793103448,0.7722222222222221,4200.0
1949.950555510335,1029.3966693498223,-4682.540785763194,0.001302454028259572,15.862068965517242,0.7722222222222221,4200.0
2002.2267987599128,1034.8304885128368,-4809.04292423062,0.0012984470946278076,16.551724137931036,0.7722222222222221,4200.0
2053.315462024735,1039.0872051431727,-4932.4660849728825,0.0012945243203496776,17.24137931034483,0.7722222222222221,4200.0
2103.2756808185977,1042.2583243510508,-5052.96939599733,0.0012906818687122104,17.931034482758623,0.7722222222222221,4200.0
2152.1638761342265,1044.429685557685,-5170.698914875749,0.001286916193748078,18.620689655172416,0.7722222222222221,4200.0
2200.031785218907,1045.6794465328446,-5285.78911575344,0.0012832240118957996,19.310344827586206,0.7722222222222221,4200.0
2246.928625106293,1046.0804704026978,-5398.36489772208,0.0012796022329208342,20.0,0.7722222222222221,4200.0
0.0,0.0,9.041683475959871,0.0013816228035679159,0.0,0.7821212121212121,4250.0
162.167296576309,141.96552539059252,-341.9513015448247,0.0013731650060899248,0.6896551724137931,0.7821212121212121,4250.0
300.5118134150523,256.2124669846151,-659.2945039331025,0.001365261234035017,1.3793103448275863,0.7821212121212121,4250.0
423.44320997821853,351.8949776868538,-950.1136540159496,0.001357822888578085,2.0689655172413794,0.7821212121212121,4250.0
535.2635157877099,433.8380371778026,-1219.3690826323727,0.001350783329198472,2.7586206896551726,0.7821212121212121,4250.0
638.5321256294699,504.997959267319,-1470.7047589253852,0.0013363513056007118,3.4482758620689657,0.7821212121212121,4200.0
734.9161084332235,567.3571952099218,-1706.8226976736405,0.0013300526177901864,4.137931034482759,0.7821212121212121,4200.0
825.5865603277402,622.3470556300696,-1929.7823817753742,0.0013240210921045574,4.827586206896552,0.7821212121212121,4200.0
911.3974881007267,671.0404536988477,-2141.2427931157363,0.0013182297932246745,5.517241379310345,0.7821212121212121,4200.0
993.0042790882654,714.2794693693297,-2342.543033320537,0.0013126561262752651,6.206896551724139,0.7821212121212121,4200.0
1070.918933260441,752.7378889244309,-2534.78199035499,0.0013072809135029051,6.8965517241379315,0.7821212121212121,4200.0
1145.5528583779653,786.9683350053997,-2718.87501218947,0.001302087681155415,7.586206896551724,0.7821212121212121,4200.0
1217.2469639110989,817.4352863606765,-2895.594020841949,0.0012970621483835974,8.275862068965518,0.7821212121212121,4200.0
1286.2806787096674,844.529993615613,-3065.5972060507047,0.0012921918184531337,8.965517241379311,0.7821212121212121,4200.0
1352.8918931707992,868.5890019171597,-3229.4505341264667,0.001287465732752805,9.655172413793103,0.7821212121212121,4200.0
1417.2867217137523,889.906565605191,-3387.6460650456793,0.0012828741402212181,10.344827586206897,0.7821212121212121,4200.0
1479.6391087050174,908.7358930938832,-3540.6141255213806,0.0012784083604930416,11.03448275862069,0.7821212121212121,4200.0
1540.1023024369663,925.3009796831467,-3688.733889430143,0.0012740606029319952,11.724137931034484,0.7821212121212121,4200.0
1598.8121407717979,939.8034768598687,-3832.341232775354,0.001269823861194571,12.413793103448278,0.7821212121212121,4200.0
1655.8878748984985,952.4213875617756,-3971.7354849002295,0.0012656918077208203,13.10344827586207,0.7821212121212121,4200.0
1711.4346069802493,963.3131125618424,-4107.18526526192,0.0012616586705135522,13.793103448275863,0.7821212121212121,4200.0
1765.5474375155454,972.6215210843303,-4238.932183796525,0.0012577191980127904,14.482758620689657,0.7821212121212121,4200.0
1818.3133115475207,980.477353188425,-4367.194809355169,0.0012538685714242345,15.172413793103448,0.7821212121212121,4200.0
1869.8089052855175,986.9984131576645,-4492.171230472944,0.0012501023843154294,15.862068965517242,0.7821212121212121,4200.0
1920.1035819599426,992.2907909154172,-4614.041789114686,0.001246416588904547,16.551724137931036,0.7821212121212121,4200.0
1969.2614725422227,996.4520205700568,-4732.9718350935145,0.001242807421992971,17.24137931034483,0.7821212121212121,4200.0
2017.3417821151108,999.5705951808563,-4849.112729625398,0.0012392714131642067,17.931034482758623,0.7821212121212121,4200.0
2064.398796926996,1001.7295010691942,-4962.60369826336,0.0012358053389122268,18.620689655172416,0.7821212121212121,4200.0
2110.480755881438,1003.0028408820677,-5073.57324243585,0.0012324061907711113,19.310344827586206,0.7821212121212121,4200.0
2155.633108304574,1003.459390688123,-5182.139568974009,0.0012290711983373268,20.0,0.7821212121212121,4200.0
0.0,0.0,9.041683475959871,0.0013177511479438803,0.0,0.792020202020202,4250.0
154.70974975535245,135.43625827377357,-325.81965876048343,0.0013100592804421037,0.6896551724137931,0.792020202020202,4250.0
286.7595270957035,244.48493572822667,-628.7390284628564,0.001302867733216916,1.3793103448275863,0.792020202020202,4250.0
404.1519300590618,335.8582087331382,-906.4788463185323,0.001296096554617439,2.0689655172413794,0.792020202020202,4250.0
510.98046215515814,414.148212983882,-1163.7461301828007,0.001289685599743143,2.7586206896551726,0.792020202020202,4250.0
609.6773752340945,482.165882617002,-1403.980985428585,0.0012761797399939562,3.4482758620689657,0.792020202020202,4200.0
701.829285867678,541.7990299343336,-1629.7822559739216,0.0012704390883194392,4.137931034482759,0.792020202020202,4200.0
788.5471585856533,594.4067093464006,-1843.0860702119826,0.0012649398797328494,4.827586206896552,0.792020202020202,4200.0
870.6449654435518,641.0121938496704,-2045.4661474429595,0.0012596578233431879,5.517241379310345,0.792020202020202,4200.0
948.7425984521687,682.4139020243699,-2238.1928875944213,0.001254572532548495,6.206896551724139,0.792020202020202,4200.0
1023.3299061903366,719.2562522943492,-2422.309113426796,0.00124966667693242,6.8965517241379315,0.792020202020202,4200.0
1094.795933208496,752.0636818317439,-2598.6828261222618,0.0012449254173645804,7.586206896551724,0.792020202020202,4200.0
1163.462681487673,781.2764109336252,-2768.046531231841,0.0012403358541606532,8.275862068965518,0.792020202020202,4200.0
1229.5995400089055,807.270341829337,-2931.024587802749,0.0012358867239833833,8.965517241379311,0.792020202020202,4200.0
1293.4307953558807,830.3645768000215,-3088.1545886358217,0.0012315680942069837,9.655172413793103,0.792020202020202,4200.0
1355.1498185300813,850.8371907887134,-3239.9027163101564,0.0012273712068033126,10.344827586206897,0.792020202020202,4200.0
1414.9261222927996,868.933632027665,-3386.6776102246586,0.0012232882086867446,11.03448275862069,0.792020202020202,4200.0
1472.9035237537958,884.8656788086024,-3528.83902316905,0.0012193120771213982,11.724137931034484,0.792020202020202,4200.0
1529.2100012256744,898.8237769876629,-3666.706004714746,0.001215436472921065,12.413793103448278,0.792020202020202,4200.0
1583.9593299750206,910.9784890749163,-3800.56277446435,0.001211655672637455,13.10344827586207,0.792020202020202,4200.0
1637.2534921620575,921.4829604092762,-3930.663802194853,0.0012079644920248516,13.793103448275863,0.792020202020202,4200.0
1689.1813119269539,930.4726037180089,-4057.238732036356,0.001204358174418496,14.482758620689657,0.792020202020202,4200.0
1739.8241445427725,938.0701612945471,-4180.494959530872,0.001200832379862182,15.172413793103448,0.792020202020202,4200.0
1789.2555752911355,944.3884167548986,-4300.6208297755,0.0011973831163769114,15.862068965517242,0.792020202020202,4200.0
1837.54444136833,949.5316379955117,-4417.787993153965,0.0011940067037312172,16.551724137931036,0.792020202020202,4200.0
1884.74917669855,953.59081632701,-4532.152606929252,0.001190699784746628,17.24137931034483,0.792020202020202,4200.0
1930.9257220607597,956.651186498548,-4643.858808345336,0.0011874592063488808,17.931034482758623,0.792020202020202,4200.0
1976.1251800632563,958.7895392603627,-4753.038846141746,0.0011842820578218238,18.620689655172416,0.792020202020202,4200.0
2020.3952831861222,960.0789597952473,-4859.814654099806,0.0011811656331144136,19.310344827586206,0.792020202020202,4200.0
2063.7797765472574,960.5858877668899,-4964.299061158963,0.0011781074020970072,20.0,0.792020202020202,4200.0
0.0,0.0,9.041683475959871,0.0012539868317612405,0.0,0.8019191919191919,4250.0
147.25939036547823,128.91334535494244,-309.705166209038,0.0012470231698927803,0.6896551724137931,0.8019191919191919,4250.0
273.0140654790384,232.76343709917995,-598.2004325729504,0.0012405092731213063,1.3793103448275863,0.8019191919191919,4250.0
384.86191083554354,319.82290857231925,-862.8472703681109,0.0012343733180197876,2.0689655172413794,0.8019191919191919,4250.0
486.6892782145204,394.45246281102106,-1108.1022222384709,0.001228561267622129,2.7586206896551726,0.8019191919191919,4250.0
580.8021841207978,459.31856757222914,-1337.2036228951547,0.0012159557473114403,3.4482758620689657,0.8019191919191919,4200.0
668.7073994460917,516.215001323598,-1552.648673313095,0.0012107473908056466,4.137931034482759,0.8019191919191919,4200.0
751.456257005105,566.429032123391,-1756.251452399607,0.0012057562290950436,4.827586206896552,0.8019191919191919,4200.0
829.82301008974,610.9345945095591,-1949.5013125518453,0.0012009604624894554,5.517241379310345,0.8019191919191919,4200.0
904.3938113009887,650.4881265592974,-2133.600780899571,0.0011963417728734938,6.206896551724139,0.8019191919191919,4200.0
975.6320311951669,685.7004598069749,-2309.5369534033016,0.0011918845939311456,6.8965517241379315,0.8019191919191919,4200.0
1043.909207853147,717.0722834959041,-2478.1315804220503,0.0011875755796209918,7.586206896551724,0.8019191919191919,4200.0
1109.5284682300169,745.0202489186379,-2640.0777219632073,0.0011834031615681807,8.275862068965518,0.8019191919191919,4200.0
1172.7446051407796,769.899790853443,-2795.9664932272717,0.001179357215451934,8.965517241379311,0.8019191919191919,4200.0
1233.7728989963227,792.0172738919144,-2946.3067674688573,0.0011754288244914676,9.655172413793103,0.8019191919191919,4200.0
1292.795272542788,811.6355913244244,-3091.540384269945,0.0011716100844423461,10.344827586206897,0.8019191919191919,4200.0
1349.9701042572508,828.9859899504931,-3232.053514415209,0.0011678939790902142,11.03448275862069,0.8019191919191919,4200.0
1405.4374565531216,844.2740775115975,-3368.187062817182,0.0011642741815742754,11.724137931034484,0.8019191919191919,4200.0
1459.317474993691,857.6782640436669,-3500.2430213614934,0.0011607450064161496,12.413793103448278,0.8019191919191919,4200.0
1511.7172631621704,869.3609120436253,-3628.490762505673,0.0011573012973918237,13.10344827586207,0.8019191919191919,4200.0
1562.7325530239725,879.4667545632906,-3753.1716124040977,0.001153938374770733,13.793103448275863,0.8019191919191919,4200.0
1612.4503504743182,888.1273203241209,-3874.5023088493326,0.0011506520005091416,14.482758620689657,0.8019191919191919,4200.0
1660.9468240336566,895.4595102392843,-3992.6796524248566,0.001147438255937241,15.172413793103448,0.8019191919191919,4200.0
1708.2913122557943,901.5685373286564,-4107.881990450143,0.0011442935588524725,15.862068965517242,0.8019191919191919,4200.0
1754.5471745051414,906.5526151174694,-4220.271850891557,0.0011412146081684102,16.551724137931036,0.8019191919191919,4200.0
1799.772664501532,910.5009669277176,-4329.997944607865,0.0011381983456570195,17.24137931034483,0.8019191919191919,4200.0
1844.0213654713673,913.4954279710502,-4437.196387445314,0.0011352419567334144,17.931034482758623,0.8019191919191919,4200.0
1887.3402680544461,915.608955670964,-4541.992097521659,0.0011323428415450556,18.620689655172416,0.8019191919191919,4200.0
1929.7741349733026,916.9087829174242,-4644.500975428295,0.001129498551604898,19.310344827586206,0.8019191919191919,4200.0
1971.3641592330378,917.4584707685491,-4744.829882343518,0.0011267068181217035,20.0,0.8019191919191919,4200.0
0.0,0.0,9.041683475959871,0.0011903294451828894,0.0,0.8118181818181818,4250.0
139.81619109061276,122.39676256177552,-293.6077766093222,0.0011840564807797096,0.6896551724137931,0.8118181818181818,4250.0
259.27540850756816,221.0479540323841,-567.6786907791538,0.0011781858071551632,1.3793103448275863,0.8118181818181818,4250.0
365.57313763830945,303.7890659446911,-819.218946433859,0.0011726532235572379,2.0689655172413794,0.8118181818181818,4250.0
462.3899482144359,374.750776655157,-1052.437419627684,0.00116741042275887,2.7586206896551726,0.8118181818181818,4250.0
551.9065235124357,436.4559969695093,-1270.3909780060276,0.001162419955219157,3.4482758620689657,0.8118181818181818,4250.0
635.5504165074126,490.60509552232406,-1475.4220539852395,0.0011509775977610714,4.137931034482759,0.8118181818181818,4200.0
714.3146491863763,538.4148460646386,-1669.2785218502831,0.0011464701667878736,4.827586206896552,0.8118181818181818,4200.0
788.9314573002794,580.8075544908125,-1853.3481669949688,0.001142137663258275,5.517241379310345,0.8118181818181818,4200.0
859.9564309543557,618.5007699063601,-2028.766403171634,0.0011379637092356577,6.206896551724139,0.8118181818181818,4200.0
927.8256233585251,652.0709460654404,-2196.465101334972,0.00113393440205065,6.8965517241379315,0.8118181818181818,4200.0
992.8922158677858,681.994083094442,-2357.220466284067,0.0011300377865884658,7.586206896551724,0.8118181818181818,4200.0
1055.4426517818101,708.6652307389465,-2511.6864600811023,0.0011262635467729643,8.275862068965518,0.8118181818181818,4200.0
1115.7164981865722,732.4192445105983,-2660.421328798562,0.0011226026247330393,8.965517241379311,0.8118181818181818,4200.0
1173.917476815087,753.5467125693523,-2803.9055051352407,0.001119047056884214,9.655172413793103,0.8118181818181818,4200.0
1230.219620274789,772.2989889430852,-2942.5563094930912,0.0011155897717852463,10.344827586206897,0.8118181818181818,4200.0
1284.7714561832977,788.8941125339132,-3076.7388064850384,0.001112224473113579,11.03448275862069,0.8118181818181818,4200.0
1337.7035262101465,803.5254042968492,-3206.774267827728,0.0011089455392597745,11.724137931034484,0.8118181818181818,4200.0
1389.131853478908,816.3651347570897,-3332.9482021677104,0.0011057478717522566,12.413793103448278,0.8118181818181818,4200.0
1439.1579770835972,827.5659434044272,-3455.5149334870875,0.001102626869881971,13.10344827586207,0.8118181818181818,4200.0
1487.871509644589,837.2651741924054,-3574.7024896232615,0.0010995783451818318,13.793103448275863,0.8118181818181818,4200.0
1535.3535739567346,845.5865663124298,-3690.716226945202,0.0010965984758826305,14.482758620689657,0.8118181818181818,4200.0
1581.6772353127615,852.6420566979833,-3803.741353869911,0.0010936837904837857,15.172413793103448,0.8118181818181818,4200.0
1626.9097665239212,858.5343411842097,-3913.9464421460943,0.001090831081882727,15.862068965517242,0.8118181818181818,4200.0
1671.109609520126,863.3530549547133,-4021.4851856479654,0.001088037393119458,16.551724137931036,0.8118181818181818,4200.0
1714.3314031140553,867.1836555429953,-4126.49798745165,0.0010852999989061237,17.24137931034483,0.8118181818181818,4200.0
1756.625164377667,870.1032480895504,-4229.113713134633,0.0010826163691524623,17.931034482758623,0.8118181818181818,4200.0
1798.0371204886542,872.1827169897729,-4329.450907974067,0.0010799841556830567,18.620689655172416,0.8118181818181818,4200.0
1838.6103713679804,873.4878069402421,-4427.618638187618,0.0010774011883473544,19.310344827586206,0.8118181818181818,4200.0
1878.3824826726511,874.076076558486,-4523.717647336736,0.0010748654480036749,20.0,0.8118181818181818,4200.0
0.0,0.0,9.041683475959871,0.001126778581289913,0.0,0.8217171717171717,4250.0
132.38034131528002,115.8867006230044,-277.527442926832,0.001121159020452129,0.6896551724137931,0.8217171717171717,4250.0
245.543536252282,209.33846957310098,-537.1737777685048,0.0011158972890394892,1.3793103448275863,0.8217171717171717,4250.0
346.2855959369215,287.75666970947634,-775.5938949384727,0.001110936316161595,2.0689655172413794,0.8217171717171717,4250.0
438.0824565833013,355.0431446714339,-996.7517835359176,0.0011062331554338896,2.7586206896551726,0.8217171717171717,4250.0
522.9908260554354,413.5786148836949,-1203.5260606700976,0.0011017545276505926,3.4482758620689657,0.8217171717171717,4250.0
602.3582804989188,464.96907437316617,-1398.102458294874,0.0010911297877495452,4.137931034482759,0.8217171717171717,4200.0
677.1217932548842,510.36364905808284,-1582.1671544594356,0.001087081730326894,4.827586206896552,0.8217171717171717,4200.0
747.9701426293867,550.6309730502109,-1757.006592642727,0.0010831893805467148,5.517241379310345,0.8217171717171717,4200.0
815.4299721654029,586.4514672105661,-1923.6894488664184,0.001079438205572837,6.206896551724139,0.8217171717171717,4200.0
879.9110183258813,618.3681224242538,-2083.093167043866,0.0010758158426874892,6.8965517241379315,0.8217171717171717,4200.0
941.7445154921691,646.8288599373245,-2235.948492632975,0.0010723116709150896,7.586206896551724,0.8217171717171717,4200.0
1001.204132403773,672.210275933561,-2382.8716198670663,0.0010689164891673222,8.275862068965518,0.8217171717171717,4200.0
1058.513909170478,694.827707046873,-2524.3875433572393,0.0010656222812224724,8.965517241379311,0.8217171717171717,4200.0
1113.865131305277,714.9538402040013,-2660.948859394128,0.0010624219545376807,9.655172413793103,0.8217171717171717,4200.0
1167.4219410816715,732.8269037225936,-2792.9484146917457,0.001059309233386468,10.344827586206897,0.8217171717171717,4200.0
1219.326634949812,748.6552504845286,-2920.7301360058264,0.0010562785093751808,11.03448275862069,0.8217171717171717,4200.0
1269.7009858947627,762.6203950575241,-3044.5970005316194,0.0010533247627171434,11.724137931034484,0.8217171717171717,4200.0
1318.6531045647882,774.8845826879312,-3164.8171254658955,0.0010504434966446732,12.413793103448278,0.8217171717171717,4200.0
1366.279007946198,785.5921728139128,-3281.630375286557,0.0010476306047797071,13.10344827586207,0.8217171717171717,4200.0
1412.6659487615532,794.8750346652095,-3395.2514562457727,0.0010448823693153095,13.793103448275863,0.8217171717171717,4200.0
1457.888409878485,802.8490141727399,-3505.8737637722734,0.001042195395365853,14.482758620689657,0.8217171717171717,4200.0
1502.0153723056771,809.6201029125069,-3613.6722926575094,0.00103956656927281,15.172413793103448,0.8217171717171717,4200.0
1545.1090846400036,815.2843887716282,-3718.8057926864276,0.0010369930422227706,15.862068965517242,0.8217171717171717,4200.0
1587.226279061584,819.9295414950825,-3821.4184524450757,0.0010344722096339177,16.551724137931036,0.8217171717171717,4200.0
1628.4194408812803,823.6350524962843,-3921.642940083453,0.001032001632363896,17.24137931034483,0.8217171717171717,4200.0
1668.7345061198826,826.4739354764754,-4019.6006234864035,0.0010295790653831918,17.931034482758623,0.8217171717171717,4200.0
1708.2147709839435,828.5131857713424,-4115.403161168761,0.0010272024244675124,18.620689655172416,0.8217171717171717,4200.0
1746.9001348324534,829.8143275426319,-4209.15365948683,0.0010248697635046517,19.310344827586206,0.8217171717171717,4200.0
1784.8274145816567,830.4339733674271,-4300.947413855669,0.0010225792726402875,20.0,0.8217171717171717,4200.0
0.0,0.0,9.041683475959871,0.0010633338356836265,0.0,0.8316161616161616,4250.0
124.9516816551423,109.38300235304058,-261.46411837213236,0.00105833059726262,0.6896551724137931,0.8316161616161616,4250.0
231.81842891152704,197.6349668761696,-506.68566839687264,0.0010536436728058858,1.3793103448275863,0.8316161616161616,4250.0
326.9995721801005,271.7260110901787,-731.9721364568904,0.0010492226409215604,2.0689655172413794,0.8316161616161616,4250.0
413.7667849040554,335.32955448865323,-941.045370443353,0.0010450295568222641,2.7586206896551726,0.8316161616161616,4250.0
494.0552220543336,390.68654722171846,-1136.6077924718993,0.001041035026875469,3.4482758620689657,0.8316161616161616,4250.0
569.130934065893,439.3070580379823,-1320.6907852661752,0.001037215635670833,4.137931034482759,0.8316161616161616,4250.0
639.8771537111929,482.27495573042637,-1494.9175032605635,0.001027590937146883,4.827586206896552,0.8316161616161616,4200.0
706.940109094282,520.4059379810193,-1660.476474699528,0.0010241155715653787,5.517241379310345,0.8316161616161616,4200.0
770.8141899002713,554.3400697308228,-1818.3696365058786,0.0010207651254759778,6.206896551724139,0.8316161616161616,4200.0
831.8866390623376,584.5906121652998,-1969.4206244196102,0.001017528671607124,6.8965517241379315,0.8316161616161616,4200.0
890.4675442607924,611.5781097937123,-2114.3152112894095,0.0010143968366399894,7.586206896551724,0.8316161616161616,4200.0
946.8121694187425,635.6553621503056,-2253.631864819079,0.0010113614828032261,8.275862068965518,0.8316161616161616,4200.0
1001.1352668456148,657.12374555917,-2387.863624433652,0.0010084155136547406,8.965517241379311,0.8316161616161616,4200.0
1053.6142665033049,676.2374694896242,-2517.434787995866,0.001005552690061499,9.655172413793103,0.8316161616161616,4200.0
1104.4030783287085,693.2205899952045,-2642.7143219153077,0.0010027674568669096,10.344827586206897,0.8316161616161616,4200.0
1153.6345799777591,708.2688987053579,-2764.0249602657423,0.001000054868968082,11.03448275862069,0.8316161616161616,4200.0
1201.4264589040126,721.5565792115016,-2881.6512327916207,0.0009974104827098849,11.724137931034484,0.8316161616161616,4200.0
1247.8787427357292,733.2351024204415,-2995.8453836327753,0.0009948303008431433,12.413793103448278,0.8316161616161616,4200.0
1293.0813810277111,743.4410438600506,-3106.831955210342,0.0009923107237258958,13.10344827586207,0.8316161616161616,4200.0
1337.1146815474028,752.2962478668119,-3214.812619594064,0.0009898484624433755,13.793103448275863,0.8316161616161616,4200.0
1380.0511563500183,759.9122901842164,-3319.969052256878,0.0009874405151205552,14.482758620689657,0.8316161616161616,4200.0
1421.9560160028793,766.3899643423888,-3422.46548536051,0.0009850841374975507,15.172413793103448,0.8316161616161616,4200.0
1462.8867664520558,771.8189849445391,-3522.4511606994056,0.0009827768020005383,15.862068965517242,0.8316161616161616,4200.0
1502.8966001820045,776.2819543262075,-3620.0620368103846,0.0009805161853661355,16.551724137931036,0.8316161616161616,4200.0
1542.0339622718495,779.8542453782198,-3715.422311970091,0.0009783001479536793,17.24137931034483,0.8316161616161616,4200.0
1580.3430559342394,782.6037477855801,-3808.645622539145,0.0009761267188325891,17.931034482758623,0.8316161616161616,4200.0
1617.8662467778986,784.5959765302637,-3899.837185769684,0.000973994043799578,18.620689655172416,0.8316161616161616,4200.0
1654.639419068604,785.8878385930944,-3989.093783109376,0.000971900408536836,19.310344827586206,0.8316161616161616,4200.0
1690.6972673764726,786.5328776958753,-4076.504932755466,0.0009698442143954508,20.0,0.8316161616161616,4200.0
0.0,0.0,9.041683475959871,0.0009999948064437093,0.0,0.8415151515151514,4250.0
117.53012323479697,102.88558237924445,-245.4177563985795,0.0009955710205590792,0.6896551724137931,0.8415151515151514,4250.0
218.10006681013834,185.93742920517093,-476.214337687823,0.0009914249127931604,1.3793103448275863,0.8415151515151514,4250.0
307.7151586131288,255.69717693977145,-688.35369171403,0.0009875122430800087,2.0689655172413794,0.8415151515151514,4250.0
389.4428935001872,315.60997487188104,-885.31820117194,0.0009837997219136177,2.7586206896551726,0.8415151515151514,4250.0
465.0990651331527,367.77917696505307,-1069.6362532504718,0.0009802615518198546,3.4482758620689657,0.8415151515151514,4250.0
535.8683247848822,413.6190733358853,-1243.2080162605198,0.0009768772046243916,4.137931034482759,0.8415151515151514,4250.0
602.5806330897433,454.14870762377126,-1407.5295764587936,0.0009679978191841577,4.827586206896552,0.8415151515151514,4200.0
665.8402651451838,490.13143701413225,-1563.7575554696523,0.0009649162048193525,5.517241379310345,0.8415151515151514,4200.0
726.1093523973062,522.1669405868281,-1712.8066889372785,0.0009619443353333089,6.206896551724139,0.8415151515151514,4200.0
783.7521302788621,550.7382013466618,-1855.4469427068398,0.0009590726480205895,6.8965517241379315,0.8415151515151514,4200.0
839.0589950193705,576.2398027354411,-1992.3198455038582,0.0009562929130068491,7.586206896551724,0.8415151515151514,4200.0
892.2684775842704,599.0023073328723,-2123.9663629033894,0.0009535979983195234,8.275862068965518,0.8415151515151514,4200.0
943.5798347997843,619.3068108128687,-2250.8478464236396,0.0009509816643846578,8.965517241379311,0.8415151515151514,4200.0
993.1631347277632,637.3963197257482,-2373.361334126035,0.0009484384303828864,9.655172413793103,0.8415151515151514,4200.0
1041.160550945227,653.4781101472314,-2491.851459966798,0.0009459634448494551,10.344827586206897,0.8415151515151514,4200.0
1087.696524404673,667.7367118798733,-2606.6203300284906,0.0009435523594867168,11.03448275862069,0.8415151515151514,4200.0
1132.8795787453669,680.3341939592539,-2717.9340026579957,0.0009412012839302798,11.724137931034484,0.8415151515151514,4200.0
1176.8059376603735,691.4152303995213,-2826.028526190974,0.0009389067050339748,12.413793103448278,0.8415151515151514,4200.0
1219.560053144316,701.1083939853886,-2931.114375969155,0.0009366654470387173,13.10344827586207,0.8415151515151514,4200.0
1261.2162374413049,709.5281558783645,-3033.380107536228,0.000934474629953935,13.793103448275863,0.8415151515151514,4200.0
1301.8417030726646,716.7774831867192,-3132.9952520742227,0.0009323316368557657,14.482758620689657,0.8415151515151514,4200.0
1341.4972233166,722.9511377732847,-3230.1137761410355,0.0009302340486519655,15.172413793103448,0.8415151515151514,4200.0
1380.2381656798036,728.1351608456176,-3324.875249376142,0.0009281796535361698,15.862068965517242,0.8415151515151514,4200.0
1418.1147984960394,732.4077352306974,-3417.4069155274847,0.0009261664122488704,16.551724137931036,0.8415151515151514,4200.0
1455.1716260925666,735.8389117116427,-3507.8252244046307,0.0009241924364899169,17.24137931034483,0.8415151515151514,4200.0
1491.4502332256116,738.4936445991113,-3596.236928339429,0.0009222559831475676,17.931034482758623,0.8415151515151514,4200.0
1526.9887909668091,740.4308368095996,-3682.740236724181,0.0009203554348076876,18.620689655172416,0.8415151515151514,4200.0
1561.8222440187621,741.7053629129811,-3767.4252644074368,0.0009184893027931348,19.310344827586206,0.8415151515151514,4200.0
1595.983797776046,742.3686761524139,-3850.3761939765027,0.0009166561712444421,20.0,0.8415151515151514,4200.0
0.0,0.0,9.041683475959871,0.0009367610941069239,0.0,0.8514141414141414,4250.0
110.11564486358901,96.39442202814811,-229.38831070024025,0.000932880100676764,0.6896551724137931,0.8514141414141414,4250.0
204.38843039831008,174.2458399314946,-445.7597608305441,0.0009292409636440072,1.3793103448275863,0.8514141414141414,4250.0
288.43193391647804,239.6697572490481,-644.7385815816815,0.0009258051680312529,2.0689655172413794,0.8514141414141414,4250.0
365.11080103940225,295.88442637540174,-829.5703942579712,0.0009225437358558285,2.7586206896551726,0.8514141414141414,4250.0
436.12232742499174,344.85648782810927,-1002.6115236529149,0.0009194342021673777,3.4482758620689657,0.8514141414141414,4250.0
502.57162478699536,387.90627835580113,-1165.6324596514896,0.0009164587096120797,4.137931034482759,0.8514141414141414,4250.0
565.232130921629,425.98469975444783,-1320.003378038884,0.0009083024107071441,4.827586206896552,0.8514141414141414,4200.0
624.6701962606509,459.80712300024675,-1466.8499212574316,0.0009055912292528294,5.517241379310345,0.8514141414141414,4200.0
681.3158468322251,489.93253141145425,-1607.00025704765,0.0009029757084017189,6.206896551724139,0.8514141414141414,4200.0
735.5073367372399,516.8108808796163,-1741.1716283549322,0.0009004475301933064,6.8965517241379315,0.8514141414141414,4200.0
787.5183886043393,540.8136549100899,-1869.9615738565117,0.0008979995373230475,7.586206896551724,0.8514141414141414,4200.0
837.5703738236183,562.2487738649464,-1993.8740935718452,0.0008956255224090696,8.275862068965518,0.8514141414141414,4200.0
885.8489702636979,581.3788508743622,-2113.3389736981044,0.0008933200557414503,8.965517241379311,0.8514141414141414,4200.0
932.5112656956157,598.4297920499758,-2228.726288685517,0.0008910783564085816,9.655172413793103,0.8514141414141414,4200.0
977.6927099868814,613.5983665887983,-2340.357366381075,0.0008888961923230684,10.344827586206897,0.8514141414141414,4200.0
1021.5086084129347,627.0556144182748,-2448.5130976898145,0.0008867698023171887,11.03448275862069,0.8514141414141414,4200.0
1064.0597566294662,638.9532899432486,-2553.441645199957,0.0008846957890752183,11.724137931034484,0.8514141414141414,4200.0
1105.4351470459785,649.4261091410019,-2655.3628670555627,0.0008826711007771916,12.413793103448278,0.8514141414141414,4200.0
1145.7135776468217,658.594413969965,-2754.4729188710917,0.0008806929707433442,13.10344827586207,0.8514141414141414,4200.0
1184.9663017224323,666.5671904054894,-2850.947676628348,0.0008787588834711442,13.793103448275863,0.8514141414141414,4200.0
1223.2555092564378,673.4412102246494,-2944.945493094121,0.0008768665485690141,14.482758620689657,0.8514141414141414,4200.0
1260.6373096014636,679.3033302205845,-3036.609449734795,0.0008750138747682296,15.172413793103448,0.8514141414141414,4200.0
1297.1628229329513,684.2340077640046,-3126.069449481067,0.0008731989423150775,15.862068965517242,0.8514141414141414,4200.0
1332.878652961925,688.3064363002275,-3213.4443052624483,0.000871419969275416,16.551724137931036,0.8514141414141414,4200.0
1367.8272146087033,691.587151040882,-3298.842489911185,0.0008696753164159115,17.24137931034483,0.8514141414141414,4200.0
1402.0485996796742,694.138200321026,-3382.3635611318823,0.0008679634637638162,17.931034482758623,0.8514141414141414,4200.0
1435.5772118443456,696.014371870341,-3464.099191177418,0.0008662829970704992,18.620689655172416,0.8514141414141414,4200.0
1468.4458426438962,697.266772580492,-3544.133894288105,0.0008646326047420937,19.310344827586206,0.8514141414141414,4200.0
1500.6848031662098,697.9420796112713,-3622.545847805559,0.0008630110639829834,20.0,0.8514141414141414,4200.0
0.0,0.0,9.041683475959871,0.0008736323016460816,0.0,0.8613131313131313,4250.0
102.70822546850113,89.90950272988307,-213.3757352105531,0.0008702576489304204,0.6896551724137931,0.8613131313131313,4250.0
190.6835002506984,162.5601825334591,-415.3219131780934,0.0008670917803016901,1.3793103448275863,0.8613131313131313,4250.0
269.1498840863691,223.64374133108356,-601.1268270776636,0.0008641014613183381,2.0689655172413794,0.8613131313131313,4250.0
340.77049272538284,276.15289983666247,-773.8020124688774,0.0008612616905254062,2.7586206896551726,0.8613131313131313,4250.0
407.1249797890062,321.91846243933213,-935.5336823732941,0.0008585530785585001,3.4482758620689657,0.8613131313131313,4250.0
469.23954610219465,362.1674386295562,-1087.9641802836777,0.0008559602277303646,4.137931034482759,0.8613131313131313,4250.0
527.8318777910771,397.78318573105173,-1232.3631322011352,0.0008534706097748302,4.827586206896552,0.8613131313131313,4250.0
583.4297445249991,429.4329013814388,-1369.7534788143166,0.0008461406090792338,5.517241379310345,0.8613131313131313,4200.0
636.4322537468448,457.6355661619583,-1500.950071333842,0.0008438591159184275,6.206896551724139,0.8613131313131313,4200.0
687.1533503838673,482.80981971518673,-1626.5941680157193,0.0008416530807787558,6.8965517241379315,0.8613131313131313,4200.0
735.845461560773,505.29960317062404,-1747.2396114642397,0.0008395163463387576,7.586206896551724,0.8613131313131313,4200.0
782.7172472678023,525.3944077704025,-1863.3539190993324,0.0008374435533097288,8.275862068965518,0.8613131313131313,4200.0
827.939897953859,543.3375055705155,-1975.3356509470177,0.0008354300220168255,8.965517241379311,0.8613131313131313,4200.0
871.659091821313,559.3390009619962,-2083.528059299264,0.0008334716259407412,9.655172413793103,0.8613131313131313,4200.0
913.999599830873,573.5815742844683,-2188.2292576939362,0.0008315647090776895,10.344827586206897,0.8613131313131313,4200.0
955.0694773411057,586.2248755488284,-2289.700146920135,0.0008297060134830902,11.03448275862069,0.8613131313131313,4200.0
994.9636321489054,597.4113776013422,-2388.170390422747,0.0008278926276181234,11.724137931034484,0.8613131313131313,4200.0
1033.7634414615054,607.2657100826178,-2483.8439823541194,0.0008261219161254425,12.413793103448278,0.8613131313131313,4200.0
1071.5421148778155,615.900056563464,-2576.9029308187237,0.0008243914918129941,13.10344827586207,0.8613131313131313,4200.0
1108.364837983143,623.415112080904,-2667.5103454150812,0.0008226991871650922,13.793103448275863,0.8613131313131313,4200.0
1144.290037019746,629.9016858429362,-2755.8132338127034,0.0008210430200562652,14.482758620689657,0.8613131313131313,4200.0
1179.3710856559117,635.4426658574523,-2841.944532074711,0.0008194211796948368,15.172413793103448,0.8613131313131313,4200.0
1213.6552670699475,640.1119144220713,-2926.0249693516234,0.0008178320037642731,15.862068965517242,0.8613131313131313,4200.0
1247.1852221999584,643.9769693363196,-3008.1645036832924,0.0008162739638454966,16.551724137931036,0.8613131313131313,4200.0
1280.0002487458062,647.100312503637,-3088.4635289269136,0.0008147456531820592,17.24137931034483,0.8613131313131313,4200.0
1312.1365228854986,649.5388715491054,-3167.014675495251,0.0008132457534302545,17.931034482758623,0.8613131313131313,4200.0
1343.6271660178693,651.3448280434042,-3243.9029582155345,0.0008117730476900386,18.620689655172416,0.8613131313131313,4200.0
1374.502796263113,652.5662454920797,-3319.2068390626446,0.0008103264030339319,19.310344827586206,0.8613131313131313,4200.0
1404.7925780147998,653.2482452509157,-3392.998977477677,0.0008089047595258283,20.0,0.8613131313131313,4200.0
0.0,0.0,9.041683475959871,0.0008106080344492282,0.0,0.8712121212121212,4250.0
95.30784207000471,83.43080407364856,-197.37998241223977,0.00080770347804663,0.6896551724137931,0.8712121212121212,4250.0
176.98525706552394,150.88044059577118,-384.9007702456438,0.000804977318006765,1.3793103448275863,0.8712121212121212,4250.0
249.8689952542378,207.6191186148733,-557.5184493627967,0.0008024011686303381,2.0689655172413794,0.8712121212121212,4250.0
316.4226572229438,256.41608735640955,-718.0131189137537,0.0007999536781404773,2.7586206896551726,0.8712121212121212,4250.0
378.1069565793226,298.96505180762216,-868.4027419314662,0.0007976182868536136,3.4482758620689657,0.8712121212121212,4250.0
435.872033497518,336.4025214677453,-1010.2032445081568,0.0007953818373551952,4.137931034482759,0.8712121212121212,4250.0
490.3804986092588,369.544964765061,-1144.5861196505284,0.0007932336442864436,4.827586206896552,0.8712121212121212,4250.0
542.1187474755742,399.0086581086757,-1272.4783528514163,0.000791164872443128,5.517241379310345,0.8712121212121212,4250.0
591.4584028804018,425.2759571421817,-1394.6560242157066,0.0007845944248027898,6.206896551724139,0.8712121212121212,4200.0
638.6881286537784,448.7331930606752,-1511.713927303601,0.0007826890707497637,6.8965517241379315,0.8712121212121212,4200.0
684.0412869170337,469.69884369663123,-1624.1531842180775,0.000780842978870772,7.586206896551724,0.8712121212121212,4200.0
727.7090198286885,488.43938825255316,-1732.404692883727,0.0007790515930587514,8.275862068965518,0.8712121212121212,4200.0
769.8518532847835,505.18234142670656,-1836.836357235392,0.0007773109106299431,8.965517241379311,0.8712121212121212,4200.0
810.6039979222551,520.1219799362547,-1937.7648367835427,0.0007756174124083355,9.655172413793103,0.8712121212121212,4200.0
850.0801915455323,533.4270059632775,-2035.4652322155453,0.0007739679743077654,10.344827586206897,0.8712121212121212,4200.0
888.3800574769654,545.2457380196322,-2130.178333434902,0.0007723598112888474,11.03448275862069,0.8712121212121212,4200.0
925.5904647724127,555.7084661425909,-2222.116342137888,0.0007707904282522063,11.724137931034484,0.8712121212121212,4200.0
961.7882093374021,564.932372478195,-2311.467456488477,0.00076925757702013,12.413793103448278,0.8712121212121212,4200.0
997.0411652601745,573.0220284516707,-2398.3991854039486,0.0007677592334007275,13.10344827586207,0.8712121212121212,4200.0
1031.4087683567636,580.0700142953804,-2483.0623256062827,0.0007662935381336431,13.793103448275863,0.8712121212121212,4200.0
1064.9449818852565,586.1605577663316,-2565.592483138418,0.000764858802570641,14.482758620689657,0.8712121212121212,4200.0
1097.698409414531,591.3699170306218,-2646.112371892814,0.000763453479320202,15.172413793103448,0.8712121212121212,4200.0
1129.7130417540886,595.7673746900385,-2724.733513800529,0.0007620761443688055,15.862068965517242,0.8712121212121212,4200.0
1161.0288250718506,599.4158660196466,-2801.5575224430577,0.0007607254890787644,16.551724137931036,0.8712121212121212,4200.0
1191.6833684687972,602.3735519259819,-2876.6773480923584,0.0007594003046609661,17.24137931034483,0.8712121212121212,4200.0
1221.7087782273056,604.6928933155799,-2950.178288890391,0.0007580994714123087,17.931034482758623,0.8712121212121212,4200.0
1251.1355956719,606.4223024815547,-3022.138573671189,0.0007568219569392569,18.620689655172416,0.8712121212121212,4200.0
1279.9920497773435,607.6063777682399,-3092.6307107691755,0.0007555667918284467,19.310344827586206,0.8712121212121212,4200.0
1308.3042378892178,608.2862221692146,-3161.721845678301,0.0007543330705957207,20.0,0.8712121212121212,4200.0
0.0,0.0,9.041683475959871,0.0007476879002990758,0.0,0.8811111111111111,4250.0
87.91447271637479,76.95830662764537,-181.4010057623891,0.0007452174013942045,0.6896551724137931,0.8811111111111111,4250.0
163.29368166342417,139.20659780825997,-354.4963077091961,0.0007428975322938793,1.3793103448275863,0.8811111111111111,4250.0
230.58925368596982,191.59587864471715,-513.9134697391491,0.0007407043357997118,2.0689655172413794,0.8811111111111111,4250.0
292.06676752417303,236.6734641886855,-662.2037770409297,0.000738619791257618,2.7586206896551726,0.8811111111111111,4250.0
349.0682808324317,275.9962838453887,-801.2188764450693,0.0007366299221359626,3.4482758620689657,0.8811111111111111,4250.0
402.4690320593937,310.61149450916724,-932.349720181257,0.0007347236181413068,4.137931034482759,0.8811111111111111,4250.0
452.8768341798774,341.2689471947777,-1056.670862409861,0.0007328918724189479,4.827586206896552,0.8811111111111111,4250.0
500.73840611957706,368.5353100685117,-1175.0327119916183,0.0007311272258355879,5.517241379310345,0.8811111111111111,4250.0
546.3940509564859,392.85355878846923,-1288.1214044266308,0.0007294234314888236,6.206896551724139,0.8811111111111111,4250.0
590.1114565554857,414.580897959704,-1396.5307077564285,0.0007235552553964361,6.8965517241379315,0.8811111111111111,4200.0
632.1035716983683,434.0093670292693,-1500.7013345271844,0.0007219790841918729,7.586206896551724,0.8811111111111111,4200.0
672.5460662030437,451.3842969998109,-1601.0252709081687,0.0007204491445101302,8.275862068965518,0.8811111111111111,4200.0
711.585226676561,466.91406407258387,-1697.8395382202143,0.0007189620744494095,8.965517241379311,0.8811111111111111,4200.0
749.3450407292155,480.7782055805261,-1791.4346409172067,0.0007175149018441448,9.655172413793103,0.8811111111111111,4200.0
785.9322648734955,493.1334596215585,-1882.0629020910637,0.0007161049921785865,10.344827586206897,0.8811111111111111,4200.0
821.4372122459334,504.115288398624,-1969.9451800889656,0.0007147299952110431,11.03448275862069,0.8811111111111111,4200.0
855.9396784711461,513.8443474294481,-2055.276180825538,0.0007133878019017771,11.724137931034484,0.8811111111111111,4200.0
889.5097955536402,522.4272909863432,-2138.228558712195,0.0007120765144994875,12.413793103448278,0.8811111111111111,4200.0
922.209654021978,529.960288441622,-2218.9563292477033,0.0007107944149568842,13.10344827586207,0.8811111111111111,4200.0
954.0946224822536,536.5297383699489,-2297.5975849080496,0.0007095399417009231,13.793103448275863,0.8811111111111111,4200.0
985.2152050607639,542.2142465260505,-2374.2763773452098,0.0007083116793307874,14.482758620689657,0.8811111111111111,4200.0
1015.6149315650081,547.0830779923153,-2449.105545294384,0.0007071083152880739,15.172413793103448,0.8811111111111111,4200.0
1045.3342369723202,551.2001688785164,-2522.187352638408,0.0007059286506498481,15.862068965517242,0.8811111111111111,4200.0
1074.4098230602322,554.6237634601379,-2593.6150510079315,0.0007047715802268667,16.551724137931036,0.8811111111111111,4200.0
1102.875185448706,557.4070970199082,-2663.474007583871,0.0007036360804840717,17.24137931034483,0.8811111111111111,4200.0
1130.7609681308631,559.5983885638818,-2731.8425197869437,0.0007025212056073362,17.931034482758623,0.8811111111111111,4200.0
1158.0953101557216,561.242611714016,-2798.7926461650713,0.0007014260777501497,18.620689655172416,0.8811111111111111,4200.0
1184.9049840957632,562.3820361325733,-2864.3908936348234,0.0007003498798874734,19.310344827586206,0.8811111111111111,4200.0
1211.213204774812,563.0539857336444,-2928.6988021065627,0.0006992918499803939,20.0,0.8811111111111111,4200.0
0.0,0.0,9.041683475959871,0.0006848715093526446,0.0,0.891010101010101,4250.0
80.52810009061562,70.49199540295635,-165.43876273653586,0.0006827992323948567,0.6896551724137931,0.891010101010101,4250.0
149.6087549866756,127.5386379654378,-324.1085014037235,0.0006808523789885405,1.3793103448275863,0.891010101010101,4250.0
211.31064569114784,175.57401100466808,-470.31190939911903,0.0006790110088422167,2.0689655172413794,0.891010101010101,4250.0
267.70261931557985,216.9248382186632,-606.3740506338945,0.0006772601227686907,2.7586206896551726,0.891010101010101,4250.0
320.00951418194444,253.01273050084654,-733.9821701265682,0.0006755880873878533,3.4482758620689657,0.891010101010101,4250.0
369.03043553183,284.7942819441931,-854.4035768545946,0.0006739856559834605,4.137931034482759,0.891010101010101,4250.0
415.32078514327895,312.9550736398557,-968.6173718326318,0.0006724453257415093,4.827586206896552,0.891010101010101,4250.0
459.2873631680211,338.01192128109193,-1077.397981291164,0.0006709609014946916,5.517241379310345,0.891010101010101,4250.0
501.2403238997587,360.36948695499444,-1181.370478406956,0.0006695271813977575,6.206896551724139,0.891010101010101,4250.0
541.4229820474305,380.352725190001,-1281.0477864666682,0.0006681397516257282,6.8965517241379315,0.891010101010101,4250.0
580.0320114355281,398.23102497108226,-1376.8836648923752,0.0006629242938521967,7.586206896551724,0.891010101010101,4200.0
617.2262020507684,414.22728536802873,-1469.2144440930788,0.0006616357159795683,8.275862068965518,0.891010101010101,4200.0
653.1390558523295,428.5320413628955,-1558.3435706672026,0.0006603828686924252,8.965517241379311,0.891010101010101,4200.0
687.8833471608982,441.30917992007164,-1644.5354644083927,0.0006591632846840556,9.655172413793103,0.891010101010101,4200.0
721.5555121479802,452.70113987184266,-1728.0197419287942,0.0006579747775196347,10.344827586206897,0.891010101010101,4200.0
754.2393784112761,462.8332314229625,-1808.9976848269798,0.0006568153885246997,11.03448275862069,0.891010101010101,4200.0
786.0081348573877,471.8162776491822,-1887.6465920499031,0.0006556833649481978,11.724137931034484,0.891010101010101,4200.0
816.9249121513313,479.7475859361258,-1964.123789084697,0.0006545771244362064,12.413793103448278,0.891010101010101,4200.0
847.0463398733385,486.7145189619466,-2038.5695916410696,0.0006534952362893243,13.10344827586207,0.891010101010101,4200.0
876.4228692102396,492.79585111204244,-2111.1098077241113,0.0006524364006546432,13.793103448275863,0.891010101010101,4200.0
905.0997071191922,498.0631161583545,-2181.857785373468,0.0006513994313638502,14.482758620689657,0.891010101010101,4200.0
933.1175691352496,502.580731477221,-2250.916089753584,0.0006503832422078529,15.172413793103448,0.891010101010101,4200.0
960.5134992630483,506.4074338951391,-2318.377723319507,0.0006493868394239984,15.862068965517242,0.891010101010101,4200.0
987.3213907579311,509.5970379423405,-2384.327600308796,0.0006484093043852602,16.551724137931036,0.891010101010101,4200.0
1013.5711003432134,512.1976379178487,-2448.84358907977,0.0006474497841710553,17.24137931034483,0.891010101010101,4200.0
1039.2905835332663,514.2539312229034,-2511.997034848908,0.0006465074916135743,17.931034482758623,0.891010101010101,4200.0
1064.505524652929,515.8069670962872,-2573.853637205968,0.0006455816947130825,18.620689655172416,0.891010101010101,4200.0
1089.2395923673623,516.8938966462463,-2634.4740607772837,0.0006446717113890081,19.310344827586206,0.891010101010101,4200.0
1113.5146380433546,517.5499771846562,-2693.914403651135,0.0006437769070678762,20.0,0.891010101010101,4200.0
0.0,0.0,9.041683475959871,0.0006221584741211444,0.0,0.9009090909090909,4250.0
73.14870358059082,64.03185223532591,-149.49320820811408,0.0006204487862194976,0.6896551724137931,0.9009090909090909,4250.0
135.9305218956522,115.8766102539013,-293.737327320021,0.0006188418142039895,1.3793103448275863,0.9009090909090909,4250.0
192.03315760253923,159.55350530135712,-426.7137893683321,0.0006173212339412517,2.0689655172413794,0.9009090909090909,4250.0
243.33019847616146,197.17020089256562,-550.5240038094053,0.0006158747658976921,2.7586206896551726,0.9009090909090909,4250.0
290.9305195849996,230.01425850965003,-666.6927079817615,0.0006144928863360697,3.4482758620689657,0.9009090909090909,4250.0
335.55629219150916,258.9509496463968,-776.3650123994521,0.0006131680259598881,4.137931034482759,0.9009090909090909,4250.0
377.7122179483876,284.6032564925133,-880.42559195371,0.0006118940405055794,4.827586206896552,0.9009090909090909,4250.0
417.76528232954837,307.4382334117373,-979.5740650573789,0.0006106658601473853,5.517241379310345,0.9009090909090909,4250.0
455.9959144827104,327.8222974269171,-1074.3749605334015,0.0006094792321841513,6.206896551724139,0.9009090909090909,4250.0
492.6240999524412,346.0501796257215,-1165.2916347714126,0.0006083305435450362,6.8965517241379315,0.9009090909090909,4250.0
527.8265704970137,362.3639766028773,-1252.7098932991576,0.0006072166937119917,7.586206896551724,0.9009090909090909,4250.0
561.7489815017293,376.9681266310912,-1336.9714869473028,0.000602610804255909,8.275862068965518,0.9009090909090909,4200.0
594.5116037558785,390.0349086476451,-1418.3470703254716,0.0006015726442791872,8.965517241379311,0.9009090909090909,4200.0
626.216020831666,401.71249706040567,-1497.065115718724,0.0006005617564326109,9.655172413793103,0.9009090909090909,4200.0
656.9494867161661,412.1300887406771,-1573.3331594757547,0.0005995763479825566,10.344827586206897,0.9009090909090909,4200.0
686.7873442290932,421.40094389408824,-1647.3327107060832,0.0005986148238959041,11.03448275862069,0.9009090909090909,4200.0
715.795360309699,429.62517915920415,-1719.223896468895,0.0005976757500242062,11.724137931034484,0.9009090909090909,4200.0
744.031404291652,436.891860297973,-1789.14887522559,0.0005967578309952849,12.413793103448278,0.9009090909090909,4200.0
771.5476192611527,443.2814945222708,-1857.2343889591139,0.0005958598960310034,13.10344827586207,0.9009090909090909,4200.0
798.3887431538056,448.8647876204297,-1923.5941393257308,0.0005949808789692246,13.793103448275863,0.9009090909090909,4200.0
824.5955994040035,453.70556462593896,-1988.3305394882118,0.0005941198083939817,14.482758620689657,0.9009090909090909,4200.0
850.2050134635117,457.86303388685286,-2051.536255848565,0.0005932757951201757,15.172413793103448,0.9009090909090909,4200.0
875.2503085600391,461.39038174949377,-2113.2954789670766,0.0005924480222262474,15.862068965517242,0.9009090909090909,4200.0
899.7617665911498,464.33610262395734,-2173.684980527054,0.0005916357369298038,16.551724137931036,0.9009090909090909,4200.0
923.7670124009671,466.7445325951435,-2232.775005591153,0.0005908382436167363,17.24137931034483,0.9009090909090909,4200.0
947.2912900117232,468.6562775955011,-2290.6299157208196,0.0005900549001439713,17.931034482758623,0.9009090909090909,4200.0
970.3583486708573,470.1091420071443,-2347.308944630102,0.0005892851103015024,18.620689655172416,0.9009090909090909,4200.0
992.9893491792881,471.13727056783074,-2402.867048641725,0.0005885283135367997,19.310344827586206,0.9009090909090909,4200.0
1015.2037859291285,471.77204298893423,-2457.3549347255102,0.0005877839901231477,20.0,0.9009090909090909,4200.0
0.0,0.0,9.041683475959871,0.0005595484094500654,0.0,0.9108080808080807,4250.0
65.77626268716068,57.5778590600255,-133.56429728033254,0.0005581658789803024,0.6896551724137931,0.9108080808080807,4250.0
122.25932840011265,104.22085878776176,-263.38276160634996,0.0005568657943380516,1.3793103448275863,0.9108080808080807,4250.0
172.756776072829,143.53435141139158,-383.11913132514746,0.000555635057308097,2.0689655172413794,0.9108080808080807,4250.0
218.9494910629887,177.40954381518134,-494.65370101336885,0.0005544638141975699,2.7586206896551726,0.9108080808080807,4250.0
261.83079432382897,207.00038721980536,-599.3505758074825,0.0005533444234488944,3.4482758620689657,0.9108080808080807,4250.0
302.0477034619199,233.08259774439688,-698.2341025885253,0.0005522708118162999,4.137931034482759,0.9108080808080807,4250.0
340.05105002998874,256.2134505797912,-792.0955708373949,0.000551238049966249,4.827586206896552,0.9108080808080807,4250.0
376.17197009435876,276.81412418522194,-881.5608070746093,0.0005502420669041027,5.517241379310345,0.9108080808080807,4250.0
410.660265166183,295.2118813984419,-967.1345816969988,0.0005492794545766337,6.206896551724139,0.9108080808080807,4250.0
443.7128284503698,311.67106157971295,-1049.231160640942,0.0005483473172483134,6.8965517241379315,0.9108080808080807,4250.0
475.4878753048942,326.40900206160944,-1128.1955608856515,0.0005474431676171191,7.586206896551724,0.9108080808080807,4250.0
506.1150546350216,339.6077115948569,-1204.318698166091,0.0005465648511107334,8.275862068965518,0.9108080808080807,4250.0
535.7024040929391,351.4225100573525,-1277.84884686632,0.0005425307524985078,8.965517241379311,0.9108080808080807,4200.0
564.3420818277192,361.98757290350864,-1349.0220873292492,0.0005417094972750919,9.655172413793103,0.9108080808080807,4200.0
592.1114549567664,371.41817955774917,-1418.0006316445433,0.0005409087195663088,10.344827586206897,0.9108080808080807,4200.0
619.077845501967,379.81587820040704,-1484.9469284683291,0.0005401271365941549,11.03448275862069,0.9108080808080807,4200.0
645.3001240360516,387.27057765288635,-1550.0041806611189,0.0005393635978320885,11.724137931034484,0.9108080808080807,4200.0
670.8300167933536,393.8622299976718,-1613.2993424800516,0.00053861706793631,12.413793103448278,0.9108080808080807,4200.0
695.7132971373546,399.6623346886514,-1674.9456077159339,0.0005378866107307999,13.10344827586207,0.9108080808080807,4200.0
719.9908676475562,404.7352375829454,-1735.0447630135823,0.0005371713692773625,13.793103448275863,0.9108080808080807,4200.0
743.6993269067244,409.13898783613746,-1793.6883883420232,0.0005364705644959519,14.482758620689657,0.9108080808080807,4200.0
766.872360656468,412.9266582503067,-1850.9593878084124,0.0005357834819753842,15.172413793103448,0.9108080808080807,4200.0
789.5392143489596,416.1452777725503,-1906.9330899675188,0.0005351094653312943,15.862068965517242,0.9108080808080807,4200.0
811.7268687336543,418.8387869576,-1961.678165667974,0.0005344479105590149,16.551724137931036,0.9108080808080807,4200.0
833.4600605237881,421.0470765904405,-2015.2574517932808,0.0005337982594972911,17.24137931034483,0.9108080808080807,4200.0
854.7614379844114,422.80671404430296,-2067.728628763907,0.0005331599950061911,17.931034482758623,0.9108080808080807,4200.0
875.651805334431,424.151293641373,-2119.144799427493,0.0005325326367869003,18.620689655172416,0.9108080808080807,4200.0
896.1503308964824,425.1117395339547,-2169.554986396659,0.0005319157377411098,19.310344827586206,0.9108080808080807,4200.0
916.2747254443402,425.71656905993797,-2219.004561506321,0.0005313088807864763,20.0,0.9108080808080807,4200.0
0.0,0.0,9.041683475959871,0.0004970409324994901,0.0,0.9207070707070707,4250.0
58.41075702300815,51.12999791077897,-117.65198528410838,0.000495950327723337,0.6896551724137931,0.9207070707070707,4250.0
108.59472698871669,92.57094238190274,-233.04478056357766,0.0004949242760700687,1.3793103448275863,0.9207070707070707,4250.0
153.48148789304284,127.51653932993386,-339.5279570995481,0.0004939525252840007,2.0689655172413794,0.9207070707070707,4250.0
194.56048331149108,157.6428587500637,-438.7632070193795,0.0004930273615470785,2.7586206896551726,0.9207070707070707,4250.0
232.7103123301699,183.9711020469614,-531.9558601871686,0.0004921428039330705,3.4482758620689657,0.9207070707070707,4250.0
268.5034280456744,207.18802839479144,-620.0109219108344,0.0004912940987283432,4.137931034482759,0.9207070707070707,4250.0
302.33849323138037,227.78689176709884,-703.627410064626,0.0004904773881567406,4.827586206896552,0.9207070707070707,4250.0
334.50737452474993,246.13961182776882,-783.3581204402217,0.0004896894863745115,5.517241379310345,0.9207070707070707,4250.0
365.2330846366774,262.5380566958143,-859.6489938385785,0.0004889277234537259,6.206896551724139,0.9207070707070707,4250.0
394.68872087127045,277.21536355476627,-932.8658686085546,0.0004881898348535093,6.8965517241379315,0.9207070707070707,4250.0
423.01394588486573,290.3640042785135,-1003.3132702430667,0.0004874738786697285,7.586206896551724,0.9207070707070707,4250.0
450.3233900687506,302.145265015346,-1071.2481841329354,0.0004867781673679177,8.275862068965518,0.9207070707070707,4250.0
476.71253289054215,312.696193269086,-1136.8896554160383,0.00048610122855598096,8.965517241379311,0.9207070707070707,4250.0
502.2620724572395,322.13533627859437,-1200.4263280881423,0.00048544176499674393,9.655172413793103,0.9207070707070707,4250.0
527.041025149948,330.5654821942961,-1262.0220375641875,0.00048479862809172917,10.344827586206897,0.9207070707070707,4250.0
551.1093819942693,338.0771402274826,-1321.837813669532,0.0004813511450723764,11.03448275862069,0.9207070707070707,4200.0
574.519334970202,344.75022200091996,-1379.9838154294412,0.0004807455397119366,11.724137931034484,0.9207070707070707,4200.0
597.3161023932618,350.6551399426916,-1436.570417940653,0.0004801532715379839,12.413793103448278,0.9207070707070707,4200.0
619.5401937963712,355.8553645384741,-1491.6977116309572,0.0004795736058255328,13.10344827586207,0.9207070707070707,4200.0
641.2277083313282,360.40796155606813,-1545.4554604202785,0.0004790058745779635,13.793103448275863,0.9207070707070707,4200.0
662.4109686010709,364.3644405476018,-1597.924477235334,0.0004784494694137203,14.482758620689657,0.9207070707070707,4200.0
683.1190675567253,367.7714765483418,-1649.1778396214577,0.00047790383404348435,15.172413793103448,0.9207070707070707,4200.0
703.3784396101285,370.67158542179675,-1699.2822040905085,0.00047736845290234837,15.862068965517242,0.9207070707070707,4200.0
723.2130562463902,373.10342279152087,-1748.2982301019438,0.00047684285320613416,16.551724137931036,0.9207070707070707,4200.0
742.6447933008901,375.1020254561398,-1796.2814402153963,0.0004763265976671646,17.24137931034483,0.9207070707070707,4200.0
761.6941412290213,376.7008115919603,-1843.2828200264266,0.0004758192807050578,17.931034482758623,0.9207070707070707,4200.0
780.3792640903995,377.92945967141367,-1889.3492877644894,0.00047532052633695053,18.620689655172416,0.9207070707070707,4200.0
798.7168787674525,378.8152200870381,-1934.5241587261407,0.0004748299845762063,19.310344827586206,0.9207070707070707,4200.0
816.7226501671687,379.383454363453,-1978.8475252502976,0.00047434732891565216,20.0,0.9207070707070707,4200.0
0.0,0.0,9.041683475959871,0.00043463566272462393,0.0,0.9306060606060605,4250.0
51.052166312002996,44.68825091914314,-101.75622777613899,0.0004338019504212443,0.6896551724137931,0.9306060606060605,4250.0
94.93669907211542,80.9268452340217,-202.72336064492993,0.00043301721635783427,1.3793103448275863,0.9306060606060605,4250.0
134.2074110811364,111.50019165040192,-295.9402886532407,0.0004322736843411756,2.0689655172413794,0.9306060606060605,4250.0
170.1631616353549,137.87013761964397,-382.85258692390926,0.0004315655021475947,2.7586206896551726,0.9306060606060605,4250.0
203.5690477897428,160.9263886470908,-464.5086484887288,0.0004308881337307311,3.4482758620689657,0.9306060606060605,4250.0
234.92341280480474,181.26721104733778,-541.6955463558988,0.0004302379731485898,4.137931034482759,0.9306060606060605,4250.0
264.57329473464233,199.32237234462724,-615.0211316433488,0.0004296120946542426,4.827586206896552,0.9306060606060605,4250.0
292.772703812816,215.41593021423807,-684.9660540829864,0.00042900808224627737,5.517241379310345,0.9306060606060605,4250.0
319.71482501437157,229.80136620479095,-751.9180206523233,0.0004284239112765227,6.206896551724139,0.9306060606060605,4250.0
345.5513511971703,242.68292093439288,-816.1951242494542,0.0004278578634559739,6.8965517241379315,0.9306060606060605,4250.0
370.40427558119745,254.2288583534816,-878.0621904177751,0.0004273084643927596,7.586206896551724,0.9306060606060605,4250.0
394.3725551922038,264.57919427819206,-937.7424145552213,0.0004267744388559114,8.275862068965518,0.9306060606060605,4250.0
417.5392315182448,273.8536088790576,-995.4261809915988,0.0004262546707445821,8.965517241379311,0.9306060606060605,4250.0
439.97451157680155,282.1547299153149,-1051.2774976982619,0.00042574817613201657,9.655172413793103,0.9306060606060605,4250.0
461.7384252868879,289.5726971270756,-1105.4387797467716,0.0004252540837952028,10.344827586206897,0.9306060606060605,4250.0
482.8828634307835,296.1862131198299,-1158.0347146034983,0.0004247716164111351,11.03448275862069,0.9306060606060605,4250.0
503.4530804833479,302.06486753969284,-1209.1752008812546,0.00042430007772790263,11.724137931034484,0.9306060606060605,4250.0
523.488866784866,307.27059082432226,-1258.9585574628,0.00042136485423542786,12.413793103448278,0.9306060606060605,4200.0
543.025458126436,311.85880631350057,-1307.486044111145,0.00042091908519376097,13.10344827586207,0.9306060606060605,4200.0
562.0949374406322,315.8800030096162,-1354.820228815246,0.00042048238674997576,13.793103448275863,0.9306060606060605,4200.0
580.7247514086253,319.37854931349926,-1401.0314281923565,0.0004200542966175647,14.482758620689657,0.9306060606060605,4200.0
598.9402518251967,322.395243961062,-1446.1832822843135,0.00041963439140590877,15.172413793103448,0.9306060606060605,4200.0
616.7643863601434,324.9672158189172,-1490.3336192445058,0.00041922228208953534,15.862068965517242,0.9306060606060605,4200.0
634.2180126056909,327.12834243526413,-1533.5351802457299,0.00041881761014328993,16.551724137931036,0.9306060606060605,4200.0
651.3201472881253,328.9096094752944,-1575.8361945752622,0.0004184200447424847,17.24137931034483,0.9306060606060605,4200.0
668.088153768569,330.33940576484883,-1617.280813434576,0.0004180292810464415,17.931034482758623,0.9306060606060605,4200.0
684.5381064611956,331.44366470081263,-1657.9099929455042,0.0004176450316291822,18.620689655172416,0.9306060606060605,4200.0
700.6847596061749,332.24638447291426,-1697.761402532611,0.0004172670309923715,19.310344827586206,0.9306060606060605,4200.0
716.5417485120222,332.77006060485184,-1736.8699134354683,0.00041689503138473967,20.0,0.9306060606060605,4200.0
0.0,0.0,9.041683475959871,0.000372332221856532,0.0,0.9405050505050505,4250.0
43.70047038826184,38.25260031381464,-85.87698053784698,0.00037172056596603047,0.6896551724137931,0.9405050505050505,4250.0
81.28521440658285,69.28854068192035,-172.41846340560733,0.00037114457337049226,1.3793103448275863,0.9405050505050505,4250.0
114.9349648488003,95.48572530119485,-252.35614807721868,0.0003705985810802385,2.0689655172413794,0.9405050505050505,4250.0
145.75751227111982,118.0913722161436,-326.921905149713,0.00037007833058940576,2.7586206896551726,0.9405050505050505,4250.0
174.406975143424,137.86623291781115,-397.0090288593201,0.00036958051951629505,3.4482758620689657,0.9405050505050505,4250.0
201.30760494369989,155.32011550251283,-463.28805341266707,0.00036910252280530654,4.137931034482759,0.9405050505050505,4250.0
226.75524732463768,170.81973264706212,-526.2767600143343,0.0003686422109151857,4.827586206896552,0.9405050505050505,4250.0
250.96638777276752,184.64160200385393,-586.3845306738367,0.0003681978255047566,5.517241379310345,0.9405050505050505,4250.0
274.10563916062443,197.00203628488015,-643.9415546593664,0.0003677678931400773,6.206896551724139,0.9405050505050505,4250.0
296.3020158938275,208.07513594732018,-699.2187136985303,0.00036735116339912753,6.8965517241379315,0.9405050505050505,4250.0
317.65912910509684,218.00421735750714,-752.441514089558,0.00036694656338849015,7.586206896551724,0.9405050505050505,4250.0
338.26187280563965,226.90941517352718,-803.8000935094387,0.00036655316363258116,8.275862068965518,0.9405050505050505,4250.0
358.18165655331455,234.89359575584933,-853.4565667167553,0.00036617015203006863,8.965517241379311,0.9405050505050505,4250.0
377.4775700117712,242.04413828146056,-901.5505004514052,0.00036579681400007356,9.655172413793103,0.9405050505050505,4250.0
396.20064997585433,248.43742213347323,-948.2030082910569,0.00036543251788842784,10.344827586206897,0.9405050505050505,4250.0
414.3951358831902,254.14062060712382,-993.5203477316754,0.00036507669672274974,11.03448275862069,0.9405050505050505,4250.0
432.09957149037774,259.2134863240339,-1037.5960876526951,0.00036472884385857225,11.724137931034484,0.9405050505050505,4250.0
449.3478535996093,263.7089702022072,-1080.5132531495547,0.0003643885023517517,12.413793103448278,0.9405050505050505,4250.0
466.1699987695827,267.6744727361918,-1122.3459171035793,0.00036405525873236573,13.10344827586207,0.9405050505050505,4250.0
482.5927552251166,271.1526306817405,-1163.1605056174158,0.00036372873738919225,13.793103448275863,0.9405050505050505,4250.0
498.6400974958225,274.1819625684693,-1203.016878641829,0.00036340859559056055,14.482758620689657,0.9405050505050505,4250.0
514.3336247802102,276.7973988647705,-1241.9692143891152,0.0003630945195021046,15.172413793103448,0.9405050505050505,4250.0
529.692887190324,279.03072322356473,-1280.0789897229552,0.0003606682248280756,15.862068965517242,0.9405050505050505,4200.0
544.7356554203959,280.9109431054858,-1317.37904120233,0.0003603692141689246,16.551724137931036,0.9405050505050505,4200.0
559.4786692403483,282.4650933417257,-1353.910061267372,0.00036007538905992865,17.24137931034483,0.9405050505050505,4200.0
573.9362470016371,283.7170406666886,-1389.7097898872016,0.00035978652605288166,17.931034482758623,0.9405050505050505,4200.0
588.1220304515832,284.6891542386763,-1424.8129783377808,0.0003595024175907443,18.620689655172416,0.9405050505050505,4200.0
602.0485943999607,285.40205602353774,-1459.2517138703115,0.0003592228704371171,19.310344827586206,0.9405050505050505,4200.0
615.7275602374259,285.87477597552584,-1493.055700040415,0.0003589477043025917,20.0,0.9405050505050505,4200.0
0.0,0.0,9.041683475959871,0.0003101302338830901,0.0,0.9504040404040404,4250.0
36.355649195180845,31.823028419682494,-70.01419957334292,0.00030970599416190836,0.6896551724137931,0.9504040404040404,4250.0
67.6402666617736,57.656024325654826,-142.13008088678907,0.0003093063033455461,1.3793103448275863,0.9504040404040404,4250.0
95.66357323562676,79.4725721907819,-208.775557589659,0.0003089272622276832,2.0689655172413794,0.9504040404040404,4250.0
121.34412321127695,98.30715552634264,-270.97122524761653,0.00030856594179894125,2.7586206896551726,0.9504040404040404,4250.0
145.22406908886884,114.79062099975832,-329.45709022370283,0.0003082200686933405,3.4482758620689657,0.9504040404040404,4250.0
167.65595201351832,129.3467119156924,-384.78852206731244,0.00030788783670114144,4.137931034482759,0.9504040404040404,4250.0
188.88425428074115,142.27891626573017,-437.39432205352205,0.0003075677802782682,4.827586206896552,0.9504040404040404,4250.0
209.0882670972741,153.8165336476949,-487.6134764120725,0.00030725868963305653,5.517241379310345,0.9504040404040404,4250.0
228.4042919579149,164.13895362239816,-535.7193683208461,0.0003069595510617525,6.206896551724139,0.9504040404040404,4250.0
246.93913653119466,173.39057759576002,-581.936257536654,0.0003066695043353101,6.8965517241379315,0.9504040404040404,4250.0
264.77856695489,181.69029418815023,-626.450824983418,0.00030638781138785575,7.586206896551724,0.9504040404040404,4250.0
281.9928494834826,189.1377811606812,-669.4204636573268,0.00030611383283605625,8.275862068965518,0.9504040404040404,4250.0
298.64052410174236,195.8178604968946,-710.9793639878844,0.0003058470100530668,8.965517241379311,0.9504040404040404,4250.0
314.7710573554219,201.80360668567755,-751.2430671546826,0.000305586851264602,9.655172413793103,0.9504040404040404,4250.0
330.4267585839081,207.15862693060743,-790.3119308694877,0.00030533292061137577,10.344827586206897,0.9504040404040404,4250.0
345.6443857532245,211.9389508063514,-828.2738080729905,0.00030508482943540904,11.03448275862069,0.9504040404040404,4250.0
360.45598406834563,216.1941075517664,-865.2061460021287,0.00030484222925836093,11.724137931034484,0.9504040404040404,4250.0
374.889223812457,219.96744246982624,-901.1775853730433,0.00030460480682694026,12.413793103448278,0.9504040404040404,4250.0
388.96893336950853,223.29866403561883,-936.249398300839,0.0003043722781791377,13.10344827586207,0.9504040404040404,4250.0
402.71728177138294,226.2232378998099,-970.4766386505289,0.00030414438408190875,13.793103448275863,0.9504040404040404,4250.0
416.15411385533645,228.77319394126658,-1003.9088560906166,0.000303920888750275,14.482758620689657,0.9504040404040404,4250.0
429.2973133997834,230.9775890171619,-1036.590910430823,0.00030370157606143306,15.172413793103448,0.9504040404040404,4250.0
442.1630670376752,232.86286793785823,-1068.563563255164,0.00030348624757088025,15.862068965517242,0.9504040404040404,4250.0
454.7660873871025,234.4531706506082,-1099.8639886036472,0.000303274720516335,16.551724137931036,0.9504040404040404,4250.0
467.1198009585973,235.77059344098905,-1130.5262095548533,0.0003030668260115369,17.24137931034483,0.9504040404040404,4250.0
479.23650436923583,236.83541090987882,-1160.581464216746,0.0003028624075830952,17.931034482758623,0.9504040404040404,4250.0
491.1274965016512,237.6662667430724,-1190.058518392725,0.00030266131990268905,18.620689655172416,0.9504040404040404,4250.0
502.80319104684827,238.28033870395643,-1218.9839341640036,0.0003024634276833848,19.310344827586206,0.9504040404040404,4250.0
514.2732129241862,238.69348216481498,-1247.389101507295,0.00030050103730897866,20.0,0.9504040404040404,4200.0
0.0,0.0,9.041683475959871,0.00024802932503013674,0.0,0.9603030303030302,4250.0
29.017682784652777,25.399517657207408,-54.167841106849664,0.0002477580557182279,0.6896551724137931,0.9603030303030302,4250.0
54.00183865578299,46.02928164805488,-111.8581913540038,0.00024750236401485816,1.3793103448275863,0.9603030303030302,4250.0
76.3932070043863,63.46070776355981,-165.19851394982106,0.0002472597753815944,2.0689655172413794,0.9603030303030302,4250.0
96.92265699953057,78.51715369477996,-215.0006131216942,0.00024702843081978414,2.7586206896551726,0.9603030303030302,4250.0
116.02110527063037,91.70033849673963,-261.852919658937,0.00024680688949153985,3.4482758620689657,0.9603030303030302,4250.0
133.9685661275487,103.34713651551364,-306.19703280129033,0.0002465940051117228,4.137931034482759,0.9603030303030302,4250.0
150.96021931488374,113.69986728249282,-348.37384707575984,0.0002463888479673267,4.827586206896552,0.9603030303030302,4250.0
167.1381829578389,122.9406322251522,-388.65282103803474,0.00024619065062214,5.517241379310345,0.9603030303030302,4250.0
182.6105430324857,131.21197812429057,-427.2512388265459,0.000245998770156375,6.206896551724139,0.9603030303030302,4250.0
197.4621101735311,138.62879822947704,-464.3473242448308,0.00024581266101984437,6.8965517241379315,0.9603030303030302,4250.0
211.76097746976387,145.2857030719671,-500.0894245584859,0.00024563185516003074,7.586206896551724,0.9603030303030302,4250.0
225.56292637991248,151.26203169579094,-534.602605077991,0.00024545594712127366,8.275862068965518,0.9603030303030302,4250.0
238.91442614512724,156.62531405337867,-567.9934888147691,0.00024528458266979774,8.965517241379311,0.9603030303030302,4250.0
251.85474182902306,161.43374172926207,-600.3538772522297,0.0002451174499716859,9.655172413793103,0.9603030303030302,4250.0
264.4174566771331,165.73798017877465,-631.7635059806562,0.0002449542726535426,10.344827586206897,0.9603030303030302,4250.0
276.6315975531623,169.58252984532336,-662.292174275608,0.00024479480427451054,11.03448275862069,0.9603030303030302,4250.0
288.52248405950064,173.0067697273871,-692.0014136850223,0.00024463882387203313,11.724137931034484,0.9603030303030302,4250.0
300.1123807328424,176.04577204888963,-720.9458117910108,0.0002444861323354754,12.413793103448278,0.9603030303030302,4250.0
311.42100596021146,178.7309484457044,-749.1740743482442,0.00024433654942578655,13.10344827586207,0.9603030303030302,4250.0
322.46593471157456,181.09056980630274,-776.7298863256947,0.0002441899113049647,13.793103448275863,0.9603030303030302,4250.0
333.2629212769394,183.14993219942176,-803.6526165341056,0.00024404606847186494,14.482758620689657,0.9603030303030302,4250.0
343.82622875016784,184.9324911405226,-829.9778992604697,0.00024390488402494917,15.172413793103448,0.9603030303030302,4250.0
354.1689362962522,186.45964191438833,-855.7381182159297,0.00024376623219034553,15.862068965517242,0.9603030303030302,4250.0
364.302404813543,187.75033894782786,-880.9627705153762,0.0002436299974025511,16.551724137931036,0.9603030303030302,4250.0
374.23727697329593,188.82221816278937,-905.6788426117782,0.00024349607293346564,17.24137931034483,0.9603030303030302,4250.0
383.98334923627567,189.69149473324575,-929.9112345747926,0.00024336435892313474,17.931034482758623,0.9603030303030302,4250.0
393.5495959248348,190.3730661011564,-953.6828072319186,0.00024323476319820304,18.620689655172416,0.9603030303030302,4250.0
402.9442898697841,190.880662169998,-977.0146737099567,0.0002431071999186534,19.310344827586206,0.9603030303030302,4250.0
412.1750799064295,191.2269598774525,-999.9263865489047,0.00024298158893138337,20.0,0.9603030303030302,4250.0
0.0,0.0,9.041683475959871,0.00018602912374283254,0.0,0.9702020202020202,4250.0
21.68655131622511,18.98205054148848,-38.33786158202565,0.00018587657224246735,0.6896551724137931,0.9702020202020202,4250.0
40.36991226725355,34.40829724893794,-81.60277187664906,0.00018573271347456798,1.3793103448275863,0.9702020202020202,4250.0
57.12386741664181,47.450135113348246,-121.6250609100316,0.0001855961664792305,2.0689655172413794,0.9702020202020202,4250.0
72.49280226859993,58.72106690067582,-159.01009790052194,0.0001854658936478246,2.7586206896551726,0.9702020202020202,4250.0
86.79750592943297,68.59481906190511,-194.19660249894514,0.00018534109083174336,3.4482758620689657,0.9702020202020202,4250.0
100.24627819643622,77.32223428237954,-227.5136631802452,0.00018522111969304745,4.137931034482759,0.9702020202020202,4250.0
112.98397263020735,85.08345355787499,-259.2153666728991,0.00018510546109773426,4.827586206896552,0.9702020202020202,4250.0
125.11647464918664,92.01430251666902,-289.5024978480942,0.00018499368698070474,5.517241379310345,0.9702020202020202,4250.0
136.7242409493714,98.2210611622338,-318.5369481271846,0.00018488543865647614,6.206896551724139,0.9702020202020202,4250.0
147.8705960246058,103.78960197410194,-346.4514882815347,0.00018478041186076387,6.8965517241379315,0.9702020202020202,4250.0
158.60589952898903,108.79018278472688,-373.35662140190834,0.00018467834556850631,7.586206896551724,0.9702020202020202,4250.0
168.971502764926,113.28183224589789,-399.3455006475924,0.00018457901367406235,8.275862068965518,0.9702020202020202,4250.0
179.0019247417463,117.31488285325463,-424.49753765410424,0.00018448221864338435,8.965517241379311,0.9702020202020202,4250.0
188.72633156387394,120.93271859472844,-448.8811017651169,0.0001843877865912567,9.655172413793103,0.9702020202020202,4250.0
198.1696683657165,124.17312311013671,-472.55557404272986,0.00018429556340941958,10.344827586206897,0.9702020202020202,4250.0
207.35349591151558,127.06929212015359,-495.5729344179781,0.00018420541168239678,11.03448275862069,0.9702020202020202,4250.0
216.29662165326312,129.65060957980447,-517.9790051157979,0.00018411720820258988,11.724137931034484,0.9702020202020202,4250.0
225.01558433922995,131.94325355207562,-539.8144370057125,0.00018403084194734795,12.413793103448278,0.9702020202020202,4250.0
233.52503209196365,133.9706767636218,-561.1155009243957,0.00018394621241655588,13.10344827586207,0.9702020202020202,4250.0
241.83802155443615,135.753993198277,-581.9147291126137,0.00018386322825466345,13.793103448275863,0.9702020202020202,4250.0
249.96625758312868,137.31229305499443,-602.2414400785274,0.000183781806099439,14.482758620689657,0.9702020202020202,4250.0
257.9202874920134,138.66290226711104,-622.1221718083543,0.0001837018696131268,15.172413793103448,0.9702020202020202,4250.0
265.7096600875647,139.82159853465845,-641.581042188307,0.00018362334866160214,15.862068965517242,0.9702020202020202,4250.0
273.3430570917646,140.80279282128816,-660.6400510825115,0.00018354617861459955,16.551724137931036,0.9702020202020202,4250.0
280.8284026745295,141.61968311904903,-679.3193352412927,0.00018347029974568143,17.24137931034483,0.9702020202020202,4250.0
288.1729554515222,142.284247611906,-697.637384769223,0.00018339565671497547,17.931034482758623,0.9702020202020202,4250.0
295.38338630838064,142.80767752163553,-715.6112280373563,0.00018332219812100558,18.620689655172416,0.9702020202020202,4250.0
302.46584466777756,143.2003433882053,-733.2565905020892,0.00018324987611058314,19.310344827586206,0.9702020202020202,4250.0
309.42601526052687,143.471737176634,-750.588031822459,0.00018317864603770935,20.0,0.9702020202020202,4250.0
0.0,0.0,9.041683475959871,0.0001241292606672234,0.0,0.98010101010101,4250.0
14.362235056193677,12.57060968175532,-22.524217660393333,0.00012406136623330992,0.6896551724137931,0.98010101010101,4250.0
26.744469488449933,22.79305582583757,-51.363799668128195,0.00012399731008424074,1.3793103448275863,0.98010101010101,4250.0
37.85554805720919,31.440850359941123,-78.05523042454297,0.00012393648238512767,2.0689655172413794,0.98010101010101,4250.0
48.05456166044765,38.91890145084283,-102.9997726663787,0.00012387842498210472,2.7586206896551726,0.98010101010101,4250.0
57.55295514565973,45.473767739391185,-126.48815074768208,0.00012382278284247617,3.4482758620689657,0.98010101010101,4250.0
66.48795561765323,51.27091080044071,-148.7384241614127,0.00012376927385452134,4.137931034482759,0.98010101010101,4250.0
74.95491153266195,56.42911745139145,-169.91886480404355,0.0001237176691590996,4.827586206896552,0.98010101010101,4250.0
83.02349799976552,61.03796110398101,-190.1624353336374,0.00012366777985578674,5.517241379310345,0.98010101010101,4250.0
90.74661787771645,65.16752185976439,-209.57627983676502,0.00012361944797044166,6.206896551724139,0.98010101010101,4250.0
98.1657310870849,68.87426444268499,-228.2483298117877,0.00012357253895612746,6.8965517241379315,0.98010101010101,4250.0
105.31409904173864,72.2046940405599,-246.25173131661722,0.0001235269376216088,7.586206896551724,0.98010101010101,4250.0
112.21896273935572,75.19782963897241,-263.64814150481106,0.00012348254417022728,8.275862068965518,0.98010101010101,4250.0
118.9030109920647,77.88690094087373,-280.4901160554946,0.00012343927143956213,8.965517241379311,0.98010101010101,4250.0
125.38541308974219,80.30055977529086,-296.8228992371878,0.00012339704270815933,9.655172413793103,0.98010101010101,4250.0
131.6825638167254,82.46376810334446,-312.6857850359884,0.00012335578998231902,10.344827586206897,0.98010101010101,4250.0
137.80863381656022,84.39846471318283,-328.11316848804563,0.00012331545263450259,11.03448275862069,0.98010101010101,4250.0
143.77610223130694,86.12418878860218,-343.13536920525075,0.00012327597630637846,11.724137931034484,0.98010101010101,4250.0
149.59580757410816,87.6582287779234,-357.77928454194625,0.00012323731201588673,12.413793103448278,0.98010101010101,4250.0
155.2772887896124,89.01600848719502,-372.06891354305117,0.00012319941542348524,13.10344827586207,0.98010101010101,4250.0
160.8291298445068,90.21150245304658,-386.0257815976074,0.00012316224622398736,13.793103448275863,0.98010101010101,4250.0
166.25902677911319,91.25735019940225,-399.6692878725735,0.00012312576763850162,14.482758620689657,0.98010101010101,4250.0
171.57391532178752,92.16502711675794,-413.0169920470653,0.0001230899459868916,15.172413793103448,0.98010101010101,4250.0
176.78007535658168,92.94498672080216,-426.084852843931,0.0001230547503255701,15.862068965517242,0.98010101010101,4250.0
181.88321724413893,93.60678018447291,-438.8874279286538,0.0001230201521387362,16.551724137931036,0.98010101010101,4250.0
186.888553756374,94.15915761957905,-451.4380425797208,0.00012298612507363356,17.24137931034483,0.98010101010101,4250.0
191.800860491494,94.61015455288053,-463.7489329124728,0.00012295264471234155,17.931034482758623,0.98010101010101,4250.0
196.62452697749052,94.96716627626483,-475.831368212479,0.0001229196883740595,18.620689655172416,0.98010101010101,4250.0
201.3636001849841,95.23701218065133,-487.69575600294775,0.00012288723494300775,19.310344827586206,0.98010101010101,4250.0
206.02182180298422,95.4259917496626,-499.3517327459267,0.00012285526471796267,20.0,0.98010101010101,4250.0
0.0,0.0,9.041683475959871,6.23293686319911e-05,0.0,0.99,4250.0
7.044714376819693,6.165177780468725,-6.7268662184651475,6.231226107378384e-05,0.6896551724137931,0.99,4250.0
13.125492424070831,11.183542172974096,-21.141252084285952,6.229611246400821e-05,1.3793103448275863,0.99,4250.0
18.588236621600245,15.432844277200557,-34.48904527783452,6.22807704207205e-05,2.0689655172413794,0.99,4250.0
23.607935179648088,19.11066130629803,-46.969726168506895,6.226612047922469e-05,2.7586206896551726,0.99,4250.0
28.287481253501433,22.33721714684601,-58.72775450199697,6.225207395050585e-05,3.4482758620689657,0.99,4250.0
32.69356550648583,25.193153084974462,-69.87143605541496,6.223856037045774e-05,4.137931034482759,0.99,4250.0
36.8724743060389,27.736348854445573,-80.48431530412927,6.222552258262299e-05,4.827586206896552,0.99,4250.0
40.85800028523724,30.010449676106152,-90.63238392947824,6.221291341196201e-05,5.517241379310345,0.99,4250.0
44.675792113099625,32.04961608291005,-100.36882386156503,6.22006933419955e-05,6.206896551724139,0.99,4250.0
48.34592351998481,33.881367579449694,-109.73723360924487,6.21888288480379e-05,6.8965517241379315,0.99,4250.0
51.88449883305187,35.52838521936258,-118.77388657928532,6.21772911729068e-05,7.586206896551724,0.99,4250.0
55.304703479225964,37.00970858272746,-127.50935161935922,6.21660554091496e-05,8.275862068965518,0.99,4250.0
58.617517953482164,38.341561830945714,-135.96968153801572,6.215509979862664e-05,8.965517241379311,0.99,4250.0
61.832218835677445,39.537942584876475,-144.17730173793825,6.214440518943881e-05,9.655172413793103,0.99,4250.0
64.95674009706443,40.611053511575214,-152.1516861159471,6.213395460886683e-05,10.344827586206897,0.99,4250.0
67.99793985994224,41.571626275148965,-159.90987910739204,6.212373292325095e-05,11.03448275862069,0.99,4250.0
70.96180142937631,42.4291698008185,-167.46690450174356,6.211372656400832e-05,11.724137931034484,0.99,4250.0
73.85358754298008,43.19216403236697,-174.8360896077429,6.210392330462369e-05,12.413793103448278,0.99,4250.0
76.6779586937834,43.868212338272514,-182.0293204897025,6.209431208784391e-05,13.10344827586207,0.99,4250.0
79.4390634700388,44.46416220253651,-189.05724077032937,6.20848828980903e-05,13.793103448275863,0.99,4250.0
82.1406397783386,44.986222162330975,-195.92948577777133,6.207562650084849e-05,14.482758620689657,0.99,4250.0
84.78604835260226,45.44002631125003,-202.65475565830275,6.20665344888104e-05,15.172413793103448,0.99,4250.0
87.37833309805818,45.83070999562164,-209.24095775429305,6.205759913661023e-05,15.862068965517242,0.99,4250.0
89.92026276397783,46.16296789825436,-215.69530561241118,6.204881332413165e-05,16.551724137931036,0.99,4250.0
92.41436545489948,46.441103161507456,-222.02440189557092,6.204017047275247e-05,17.24137931034483,0.99,4250.0
94.86295796570622,46.66906954030662,-228.23430982261198,6.20316644866969e-05,17.931034482758623,0.99,4250.0
97.2681704618047,46.85050758265709,-234.33061379168066,6.202328970366096e-05,18.620689655172416,0.99,4250.0
99.63196748986941,46.988775947735704,-240.31847143380583,6.201504085185973e-05,19.310344827586206,0.99,4250.0
101.95616597630057,47.086978675193016,-246.20265854544414,6.200691301247644e-05,20.0,0.99,4250.0
