CAPE_u,CAPE_ext,dh,sat_def,P,RH,dz
0.0,0.0,6.881474271722254,0.00973321193479749,0.0,0.01,4300.0
2146.5701674162974,1827.8864771678827,-4035.227541549888,0.00882560692417112,0.6896551724137931,0.01,4300.0
3650.2100381344135,2951.1024451416547,-6718.224056826279,0.008124973674758259,1.3793103448275863,0.01,4300.0
4826.609068264502,3711.5003375675087,-8613.056645757883,0.007521240387911809,2.0689655172413794,0.01,4250.0
5798.1084000441115,4245.629315910856,-10001.715029565763,0.007055991803074449,2.7586206896551726,0.01,4250.0
6627.279255155666,4625.026537455899,-11044.027772296511,0.0066605792063460555,3.4482758620689657,0.01,4250.0
7351.08176572763,4892.760190360852,-11838.83404257187,0.006290274915279562,4.137931034482759,0.01,4200.0
7993.41222564737,5077.077422299861,-12450.208414302528,0.005993441308635182,4.827586206896552,0.01,4200.0
8570.709397301523,5197.600888514342,-12922.163975218064,0.005730600674373645,5.517241379310345,0.01,4200.0
9094.816137820235,5268.54167658366,-13286.071331127321,0.005495758449497409,6.206896551724139,0.01,4200.0
9574.568526631101,5300.512417432296,-13564.890465607845,0.005262557253896957,6.8965517241379315,0.01,4150.0
10016.74829465776,5301.629426329317,-13776.031178866491,0.005072217899326864,7.586206896551724,0.01,4150.0
10426.677303168197,5278.213211959389,-13932.272793331846,0.004898676942938162,8.275862068965518,0.01,4150.0
10808.614920465507,5235.260876396677,-14043.781354626684,0.004739650532557428,8.965517241379311,0.01,4150.0
11166.032384433378,5176.774778997559,-14118.5570871386,0.004593268450560612,9.655172413793103,0.01,4150.0
11501.782852783994,5105.979883931169,-14162.973502165412,0.004457982189295141,10.344827586206897,0.01,4150.0
11818.252736698443,5025.502896688244,-14182.163004316695,0.004332496312470833,11.03448275862069,0.01,4150.0
12117.456959183935,4937.498544521097,-14180.347742407568,0.004200019516151638,11.724137931034484,0.01,4100.0
12401.108934741429,4843.7347500114465,-14161.021048724084,0.004091633615471205,12.413793103448278,0.01,4100.0
12670.679066178016,4745.672142395457,-14126.869786382886,0.0039901748159681,13.10344827586207,0.01,4100.0
12927.440740953924,4644.520397102591,-14080.243551516964,0.003894961077628365,13.793103448275863,0.01,4100.0
13172.502893242743,4541.2825200912675,-14023.107046762503,0.0038054001908815367,14.482758620689657,0.01,4100.0
13406.837678131487,4436.789731865757,-13957.111881847144,0.003720975068228642,15.172413793103448,0.01,4100.0
13631.303337196012,4331.73475707604,-13883.653085445752,0.003641231910422145,15.862068965517242,0.01,4100.0
13846.655934337594,4226.6866913077965,-13803.913245668686,0.0035657710767586803,16.551724137931036,0.01,4100.0
14053.570924467489,4122.11818126559,-13718.90140126535,0.0034942377889584015,17.24137931034483,0.01,4100.0
14252.651215448834,4018.4191214264683,-13629.478554950663,0.0034263169389755076,17.931034482758623,0.01,4100.0
14444.440889614778,3915.9097202934513,-13536.399315563678,0.0033501093487136456,18.620689655172416,0.01,4050.0
14629.427913269836,3814.849639148258,-13440.362857429027,0.003288902721537729,19.310344827586206,0.01,4050.0
14808.049657817402,3715.4465057979496,-13341.828959959174,0.0032305316569195886,20.0,0.01,4050.0
0.0,0.0,6.881474271722254,0.009623289395123634,0.0,0.0198989898989899,4300.0
2124.0194129069723,1808.6440310869498,-3994.4142817909815,0.00873617891172744,0.6896551724137931,0.0198989898989899,4300.0
3613.7832300077084,2921.5485377801497,-6656.486941903764,0.008050176545850204,1.3793103448275863,0.0198989898989899,4300.0
4780.467726782046,3675.8546055445236,-8540.654004298747,0.007457663961381864,2.0689655172413794,0.0198989898989899,4250.0
5744.694391300775,4206.301750674961,-9924.534628788504,0.007000968330674155,2.7586206896551726,0.0198989898989899,4250.0
6568.179273185266,4583.526042654217,-10965.606159721974,0.006612430523264794,3.4482758620689657,0.0198989898989899,4250.0
7287.40345167248,4850.089007601796,-11761.337436402864,0.006247832175676723,4.137931034482759,0.0198989898989899,4200.0
7925.96126358393,5033.9223989706015,-12375.089067723042,0.005955681417494415,4.827586206896552,0.0198989898989899,4200.0
8500.098605214533,5154.447792870137,-12850.323660670569,0.005696803270035165,5.517241379310345,0.0198989898989899,4200.0
9021.518113391043,5225.733528095123,-13218.080468908607,0.0054653520332373995,6.206896551724139,0.0198989898989899,4200.0
9498.959650109015,5258.295400688576,-13501.068475371787,0.005256844670484956,6.8965517241379315,0.0198989898989899,4200.0
9939.131253930556,5260.177928397338,-13716.584207544409,0.005047287510344512,7.586206896551724,0.0198989898989899,4150.0
10347.301285239904,5237.650610077136,-13877.315877097884,0.004875980312736984,8.275862068965518,0.0198989898989899,4150.0
10727.691692569984,5195.675398494379,-13993.334609777565,0.004718927741837542,8.965517241379311,0.0198989898989899,4150.0
11083.730749788647,5138.218521763064,-14072.59035959695,0.004574299688817213,9.655172413793103,0.0198989898989899,4150.0
11418.255901535755,5068.489109723129,-14121.421534878398,0.004440579899891508,10.344827586206897,0.0198989898989899,4150.0
11733.627130274961,4989.096205697797,-14144.93641427574,0.004316499390991388,11.03448275862069,0.0198989898989899,4150.0
12031.840567967796,4902.179548605408,-14147.290898192208,0.0042009864475139125,11.724137931034484,0.0198989898989899,4150.0
12314.59623552824,4809.496538876254,-14132.067746441302,0.00407801547521634,12.413793103448278,0.0198989898989899,4100.0
12583.354092270427,4712.504309975014,-14101.89785980466,0.003977594383495615,13.10344827586207,0.0198989898989899,4100.0
12839.377339668566,4612.403858738167,-14059.126543164079,0.0038833254991738285,13.793103448275863,0.0198989898989899,4100.0
13083.766326096256,4510.1965626423535,-14005.717188800038,0.0037946274428478704,14.482758620689657,0.0198989898989899,4100.0
13317.485408176251,4406.708525994929,-13943.321731440992,0.0037109923915017353,15.172413793103448,0.0198989898989899,4100.0
13541.384084097886,4302.6291211043,-13873.336025428456,0.0036319749204945235,15.862068965517242,0.0198989898989899,4100.0
13756.215823490038,4198.52890844484,-13796.946890613872,0.003557181444028442,16.551724137931036,0.0198989898989899,4100.0
13962.650709664638,4094.8780633762744,-13715.165110205846,0.0034862635165598633,17.24137931034483,0.0198989898989899,4100.0
14161.291664172404,3992.067723277698,-13628.8543157534,0.0034189116694503794,17.931034482758623,0.0198989898989899,4100.0
14352.673996001558,3890.4157844214787,-13538.757585406871,0.0033548489715541003,18.620689655172416,0.0198989898989899,4100.0
14537.280986207235,3790.1814170504977,-13445.581460799862,0.0032824741120162674,19.310344827586206,0.0198989898989899,4050.0
14715.554101135802,3691.5759868712285,-13349.832477755444,0.0032245568770747557,20.0,0.0198989898989899,4050.0
0.0,0.0,6.881474271722254,0.009513672015245157,0.0,0.029797979797979796,4300.0
2101.4933601372245,1789.4234082617847,-3953.6042062880224,0.008646764750564376,0.6896551724137931,0.029797979797979796,4300.0
3577.3553312400877,2891.995469210521,-6594.618962277818,0.007975226282154604,1.3793103448275863,0.029797979797979796,4300.0
4734.284571436838,3640.1791218791236,-8467.95254467403,0.007393837238685974,2.0689655172413794,0.029797979797979796,4250.0
5691.19194053341,4166.911950465611,-9846.889038039495,0.006945632859388815,2.7586206896551726,0.029797979797979796,4250.0
6508.944847401759,4541.93386116859,-10886.566862504857,0.006563932114672286,3.4482758620689657,0.029797979797979796,4250.0
7223.546052117883,4807.30101814332,-11683.087870738957,0.006205020143907157,4.137931034482759,0.029797979797979796,4200.0
7858.291024369634,4990.630679369725,-12299.099655257101,0.005917539935475176,4.827586206896552,0.029797979797979796,4200.0
8429.226751590966,5111.138292986358,-12777.512869444043,0.00566261886881283,5.517241379310345,0.029797979797979796,4200.0
8947.922225252456,5182.754582923499,-13149.033797915596,0.005434558061887589,6.206896551724139,0.029797979797979796,4200.0
9423.017427121811,5215.895232269003,-13436.147730299672,0.005228983578743883,6.8965517241379315,0.029797979797979796,4200.0
9861.148334020412,5218.533967312492,-13655.948874083908,0.005021978774445169,7.586206896551724,0.029797979797979796,4150.0
10267.531737740932,5196.89049177773,-13821.120472299808,0.004852912037839188,8.275862068965518,0.029797979797979796,4150.0
10646.343288463158,5155.884848678275,-13941.60914678796,0.004697840613616801,8.965517241379311,0.029797979797979796,4150.0
11000.981752721269,5099.455718311988,-14025.31236478444,0.0045549747416883495,9.655172413793103,0.029797979797979796,4150.0
11334.251557812966,5030.787104453877,-14078.532646097105,0.0044228301510202414,10.344827586206897,0.029797979797979796,4150.0
11648.500266553407,4952.4770118482065,-14106.353204631487,0.004300164041988361,11.03448275862069,0.029797979797979796,4150.0
11945.701747428442,4866.64730476307,-14112.912849154687,0.004185926366356996,11.724137931034484,0.029797979797979796,4150.0
12227.541588404469,4775.048017114937,-14101.733268487093,0.004064077687440087,12.413793103448278,0.029797979797979796,4100.0
12495.46768811912,4679.1267942565755,-14075.539325746184,0.003964703208806156,13.10344827586207,0.029797979797979796,4100.0
12750.733097733784,4580.080184324112,-14036.621055759191,0.0038713879775932425,13.793103448275863,0.029797979797979796,4100.0
12994.429532492395,4478.903876562543,-13986.940086713912,0.0037835614435179883,14.482758620689657,0.029797979797979796,4100.0
13227.51370699951,4376.423252648802,-13928.147783431705,0.003700725314050039,15.172413793103448,0.029797979797979796,4100.0
13450.829720750333,4273.322773566644,-13861.642765610384,0.0036224414120444495,15.862068965517242,0.029797979797979796,4100.0
13665.126536539536,4170.173621662024,-13788.612947281676,0.00354832331314022,16.551724137931036,0.029797979797979796,4100.0
13871.070728373234,4067.4466386639956,-13710.071122670837,0.0034780288485058057,17.24137931034483,0.029797979797979796,4100.0
14069.25523964729,3965.5275625500212,-13626.885604012066,0.0034112533419552804,17.931034482758623,0.029797979797979796,4100.0
14260.214295593274,3864.7356787334948,-13539.802150985532,0.0033477244101223795,18.620689655172416,0.029797979797979796,4100.0
14444.432097209768,3765.3327582087104,-13449.4826696526,0.0032758072587740716,19.310344827586206,0.029797979797979796,4050.0
14622.344050247604,3667.5287472214845,-13356.535144043904,0.0032183505037752646,20.0,0.029797979797979796,4050.0
0.0,0.0,6.881474271722254,0.009404357872064024,0.0,0.039696969696969696,4300.0
2078.99293813913,1770.2255287546766,-3912.7975028917645,0.00855736483196634,0.6896551724137931,0.039696969696969696,4300.0
3540.9262834748247,2862.443198012587,-6532.620773156843,0.007900123659424564,1.3793103448275863,0.039696969696969696,4300.0
4688.06037407788,3604.474635721894,-8394.952895422655,0.007329760581420454,2.0689655172413794,0.039696969696969696,4250.0
5637.600826649059,4127.4597880464125,-9768.778185531475,0.006889985211186442,2.7586206896551726,0.039696969696969696,4250.0
6449.578521833939,4500.252500136669,-10806.908752246309,0.00651508314218768,3.4482758620689657,0.039696969696969696,4250.0
7159.51078100445,4764.397468284251,-11604.082706041394,0.006161837493763232,4.137931034482759,0.039696969696969696,4200.0
7790.400227334274,4947.201464574812,-12222.236219535545,0.005879014843314253,4.827586206896552,0.039696969696969696,4200.0
8358.0930795939,5067.672132889671,-12703.726054051163,0.005628044977105007,5.517241379310345,0.039696969696969696,4200.0
8874.026206516814,5139.603490430557,-13078.924141388743,0.005403373556349526,6.206896551724139,0.039696969696969696,4200.0
9346.739686581759,5173.3107745294865,-13370.090347572754,0.00520073430740061,6.8965517241379315,0.039696969696969696,4200.0
9782.799493285089,5176.69815911998,-13594.114801693642,0.004996288134487684,7.586206896551724,0.039696969696969696,4150.0
10187.364537874055,5155.930557587824,-13763.674966864564,0.004829468001803564,8.275862068965518,0.039696969696969696,4150.0
10564.566690198919,5115.887470569816,-13888.591346320078,0.0046763851326252675,8.965517241379311,0.039696969696969696,4150.0
10917.77765402676,5060.482573475029,-13976.708287247493,0.004535289274086686,9.655172413793103,0.039696969696969696,4150.0
11249.771062436403,4992.875724614739,-14034.290731876106,0.00440472831896556,10.344827586206897,0.039696969696969696,4150.0
11562.86940862037,4915.644626642736,-14066.396169870335,0.0042834854155121855,11.03448275862069,0.039696969696969696,4150.0
11859.034489797587,4830.900323891334,-14077.145569876244,0.00417053195946947,11.724137931034484,0.039696969696969696,4150.0
12139.936949694411,4740.38543322314,-14069.997863091863,0.004049815300479896,12.413793103448278,0.039696969696969696,4100.0
12407.010871647773,4645.535886270135,-14047.773332585697,0.00395149628506045,13.10344827586207,0.039696969696969696,4100.0
12661.498949160423,4547.545435400717,-14012.705002375304,0.0038591436065642274,13.793103448275863,0.039696969696969696,4100.0
12904.48423559434,4447.402290015906,-13966.752406547967,0.0037721974599712093,14.482758620689657,0.039696969696969696,4100.0
13136.917858157647,4345.931881539884,-13911.567450234674,0.0036901683270944372,15.172413793103448,0.039696969696969696,4100.0
13359.637658037549,4243.8160125415525,-13848.548830971755,0.003612626198500973,15.862068965517242,0.039696969696969696,4100.0
13573.384382672682,4141.621542897372,-13778.885776567877,0.0035391916825334322,16.551724137931036,0.039696969696969696,4100.0
13778.81870374199,4039.8185836894886,-13703.594323858182,0.0034695284610730807,17.24137931034483,0.039696969696969696,4100.0
13976.531739121345,3938.794593165248,-13623.545825840345,0.0034033367591022826,17.931034482758623,0.039696969696969696,4100.0
14167.057695275844,3838.869330631692,-13539.487871823992,0.0033403492715888823,18.620689655172416,0.039696969696969696,4100.0
14350.872662845328,3740.301443891742,-13452.066702770935,0.0032803260854968254,19.310344827586206,0.039696969696969696,4100.0
14528.407342986153,3643.3011368603566,-13361.908256247945,0.003211907550702093,20.0,0.039696969696969696,4050.0
0.0,0.0,6.881474271722254,0.009295345062004528,0.0,0.049595959595959596,4300.0
2056.5169910002924,1751.0492788016745,-3871.9943572736884,0.008467979543370165,0.6896551724137931,0.049595959595959596,4300.0
3504.496024570256,2832.891681206491,-6470.493026316573,0.007824869439451586,1.3793103448275863,0.049595959595959596,4300.0
4641.793494708195,3568.739662635851,-8321.6556269918,0.007265434410248514,2.0689655172413794,0.049595959595959596,4250.0
5583.922629031237,4087.946769487829,-9690.20199043952,0.006834025220264841,2.7586206896551726,0.049595959595959596,4250.0
6390.076801657044,4458.479280906344,-10726.630696772765,0.006465882773897936,3.4482758620689657,0.049595959595959596,4250.0
7095.2965420722085,4721.377201616167,-11524.319756003773,0.006118282676954013,4.137931034482759,0.049595959595959596,4200.0
7722.285966483533,4903.632605370893,-12144.494645895218,0.005840104194275098,4.827586206896552,0.049595959595959596,4200.0
8286.69894323805,5024.050780688666,-12628.95752560717,0.005593079101570437,5.517241379310345,0.049595959595959596,4200.0
8799.831014641628,5096.281484485378,-13007.744002477732,0.005371795637174132,6.206896551724139,0.049595959595959596,4200.0
9270.128317034987,5130.54403156052,-13302.887841989432,0.005172093282159474,6.8965517241379315,0.049595959595959596,4200.0
9704.081910287727,5134.669027827922,-13531.071405483643,0.004970211997508255,7.586206896551724,0.049595959595959596,4150.0
10106.79506568505,5114.767918196319,-13704.967608840569,0.0048056440798321465,8.275862068965518,0.049595959595959596,4150.0
10482.362929307646,5075.684429460167,-13834.26780868235,0.004654556967964126,8.965517241379311,0.049595959595959596,4150.0
10834.113831073537,5021.297149421275,-13926.762813071953,0.004515239061260558,9.655172413793103,0.049595959595959596,4150.0
11164.805234539828,4954.749781411406,-13988.679330796273,0.00438626994223867,10.344827586206897,0.049595959595959596,4150.0
11476.732502133933,4878.5977091695295,-14025.047652889632,0.004266458795524113,11.03448275862069,0.049595959595959596,4150.0
11771.838880461844,4794.940048325586,-14039.970172772453,0.004154798367607276,11.724137931034484,0.049595959595959596,4150.0
12051.780571635001,4705.508874092456,-14036.841278671243,0.004035223491471129,12.413793103448278,0.049595959595959596,4100.0
12317.981040323102,4611.732005973203,-14018.578253122483,0.00393796887108734,13.10344827586207,0.049595959595959596,4100.0
12571.672781843909,4514.799153401955,-13987.356162613432,0.003846587401087388,13.793103448275863,0.049595959595959596,4100.0
12813.93012604555,4415.693188017847,-13945.132063680714,0.003760529918579453,14.482758620689657,0.049595959595959596,4100.0
13045.695235763107,4315.2348462569835,-13893.556737290579,0.0036793161614453495,15.172413793103448,0.049595959595959596,4100.0
13267.798775708248,4214.105297193271,-13834.029050479447,0.0036025241400909442,15.862068965517242,0.049595959595959596,4100.0
13480.977100673479,4112.867815161354,-13767.740044338672,0.0035297813405543756,16.551724137931036,0.049595959595959596,4100.0
13685.886815416257,4011.9927510676457,-13695.708604900967,0.0034607569539564444,17.24137931034483,0.049595959595959596,4100.0
13883.118535779064,3911.8691644088176,-13618.807499157556,0.00339515678245665,17.931034482758623,0.049595959595959596,4100.0
14073.194872739094,3812.812799736789,-13537.788211938234,0.0033327180460122614,18.620689655172416,0.049595959595959596,4100.0
14256.590996767605,3715.0835261872485,-13453.300323320553,0.0032732045209083087,19.310344827586206,0.049595959595959596,4100.0
14433.740387220358,3618.8936235646197,-13365.923224000144,0.003205222884971832,20.0,0.049595959595959596,4050.0
0.0,0.0,6.881474271722254,0.009186631700736289,0.0,0.059494949494949496,4300.0
2034.0654055463158,1731.8945616217559,-3831.194952832644,0.008378609271864044,0.6896551724137931,0.059494949494949496,4300.0
3468.065759055557,2803.3420831744393,-6408.236353808388,0.0077494643916751,1.3793103448275863,0.059494949494949496,4300.0
4595.483849749312,3532.9741654229438,-8248.061309818535,0.007200859147331121,2.0689655172413794,0.059494949494949496,4250.0
5530.156251156894,4048.3719765049073,-9611.160279645832,0.006777752833690333,2.7586206896551726,0.059494949494949496,4250.0
6330.439157731609,4416.613869599429,-10645.731416439128,0.006416330281941273,3.4482758620689657,0.059494949494949496,4250.0
7030.901161978499,4678.238542693828,-11443.796590808968,0.006074354306306853,4.137931034482759,0.059494949494949496,4200.0
7653.947817716055,4859.923810403746,-12065.871091812238,0.005800805883001802,4.827586206896552,0.059494949494949496,4200.0
8215.03951539937,4980.270665225242,-12553.20171749057,0.005557718661607579,5.517241379310345,0.059494949494949496,4200.0
8725.33374725235,5052.786689892882,-12935.486658449336,0.005339821018117041,6.206896551724139,0.059494949494949496,4200.0
9193.17807197894,5087.591492864294,-13234.531293354346,0.005143057200809875,6.8965517241379315,0.059494949494949496,4200.0
9624.990682532552,5092.443175723966,-13466.808080106217,0.004943746638131272,7.586206896551724,0.059494949494949496,4150.0
10025.823334670178,5073.402553613802,-13644.986252752453,0.004781436368182852,8.275862068965518,0.059494949494949496,4150.0
10399.724137641848,5035.2717758167655,-13778.625295196674,0.004632351627701905,8.965517241379311,0.059494949494949496,4150.0
10749.99163057819,4981.901340975742,-13875.461228505024,0.004494819391607806,9.655172413793103,0.059494949494949496,4150.0
11079.349581775381,4916.407296146982,-13941.681666249322,0.004367450444155219,10.344827586206897,0.059494949494949496,4150.0
11390.080653435083,4841.332311388604,-13982.289265335232,0.004249079628713545,11.03448275862069,0.059494949494949496,4150.0
11684.105610312698,4758.761730364851,-14001.36696732403,0.0041387209382894394,11.724137931034484,0.059494949494949496,4150.0
11963.065838240856,4670.414316321078,-14002.27502049649,0.004035533331547489,12.413793103448278,0.059494949494949496,4150.0
12228.372432694412,4577.713010900392,-13987.933269830944,0.003924115616974727,13.10344827586207,0.059494949494949496,4100.0
12481.247472155736,4481.838363489293,-13960.552765186316,0.003833713849326823,13.793103448275863,0.059494949494949496,4100.0
12722.756436991182,4383.771869159583,-13922.055567865384,0.003748553516125846,14.482758620689657,0.059494949494949496,4100.0
12953.833764100604,4284.327610519389,-13874.090948113226,0.0036681636095142367,15.172413793103448,0.059494949494949496,4100.0
13175.303749642035,4184.186004845318,-13818.058172245408,0.003592130048518496,15.862068965517242,0.059494949494949496,4100.0
13387.900285881644,4083.9118907680886,-13755.150244948753,0.0035200867034010947,16.551724137931036,0.059494949494949496,4100.0
13592.27335555556,3983.9701841191645,-13686.386999622395,0.0034517089623469486,17.24137931034483,0.059494949494949496,4100.0
13789.00370219479,3884.748023854899,-13612.643373784093,0.003386708109331679,17.931034482758623,0.059494949494949496,4100.0
13978.615000191614,3786.563294460721,-13534.675078751978,0.003324825297966528,18.620689655172416,0.059494949494949496,4100.0
14161.583265989775,3689.6780764837567,-13453.132819173421,0.0032658288467453866,19.310344827586206,0.059494949494949496,4100.0
14338.331873346371,3594.3015245488855,-13368.581751193553,0.003209510111094827,20.0,0.059494949494949496,4100.0
0.0,0.0,6.881474271722254,0.009078215922902266,0.0,0.06939393939393938,4300.0
2011.6380698467703,1712.7612815038758,-3790.399470911332,0.008289254396235545,0.6896551724137931,0.06939393939393938,4300.0
3431.6346533843466,2773.793625919951,-6345.851387424504,0.007673909277747509,1.3793103448275863,0.06939393939393938,4300.0
4549.131348755029,3497.178090447417,-8174.170514413621,0.007136035216384182,2.0689655172413794,0.06939393939393938,4250.0
5476.300625328718,4008.7345168192837,-9531.653170672136,0.006721167782680075,2.7586206896551726,0.06939393939393938,4250.0
6270.666244379921,4374.656970430754,-10564.210046221917,0.006366424740779705,3.4482758620689657,0.06939393939393938,4250.0
6966.324122248572,4634.981648521232,-11362.510744648163,0.006030050945776098,4.137931034482759,0.06939393939393938,4200.0
7585.387566978792,4816.076361235367,-11986.361735084502,0.005761117868363006,4.827586206896552,0.06939393939393938,4200.0
8143.113513783771,4936.330499879737,-12476.453300215333,0.005521960973494992,5.517241379310345,0.06939393939393938,4200.0
8650.531144208588,5009.116491226525,-12862.144806341377,0.005307446762236944,6.206896551724139,0.06939393939393938,4200.0
9115.885911843385,5044.450558783127,-13165.01156969076,0.005113622699062319,6.8965517241379315,0.06939393939393938,4200.0
9545.52569610522,5050.020673121541,-13401.314680382762,0.004916888069158876,7.586206896551724,0.06939393939393938,4150.0
9944.445183174812,5031.83319222135,-13583.718324261667,0.004756840961496509,8.275862068965518,0.06939393939393938,4150.0
10316.647486235002,4994.6483545536175,-13721.64999990235,0.004609764844023706,8.965517241379311,0.06939393939393938,4150.0
10665.403075927183,4942.290524199494,-13822.78852265056,0.004474025563372223,9.655172413793103,0.06939393939393938,4150.0
10993.405651437153,4877.849195160308,-13893.28174522773,0.004348264754484829,10.344827586206897,0.06939393939393938,4150.0
11302.911946269935,4803.848645200885,-13938.103816467148,0.004231342624669148,11.03448275862069,0.06939393939393938,4150.0
11595.829286648768,4722.363115485829,-13961.317564757308,0.0041222942189330985,11.724137931034484,0.06939393939393938,4150.0
11873.78543470042,4635.099831208746,-13966.269295365812,0.004020296054961461,12.413793103448278,0.06939393939393938,4150.0
12138.176649248275,4543.475158785349,-13955.816921532714,0.003909931162276464,13.10344827586207,0.06939393939393938,4100.0
12390.214557738464,4448.660396290664,-13932.271979598088,0.003820517619568802,13.793103448275863,0.06939393939393938,4100.0
12630.955715568152,4351.634656165234,-13897.498705537662,0.0037362630537544055,14.482758620689657,0.06939393939393938,4100.0
12861.329071474122,4253.209441486305,-13853.145276342642,0.0036567054258845474,15.172413793103448,0.06939393939393938,4100.0
13082.151407839961,4154.060668948397,-13800.611256411008,0.0035814382159156614,15.862068965517242,0.06939393939393938,4100.0
13294.147857630485,4054.7507326608875,-13741.089839994202,0.0035101022759666807,16.551724137931036,0.06939393939393938,4100.0
13497.963871850774,3955.74516336902,-13675.601712823816,0.0034423792956696153,17.24137931034483,0.06939393939393938,4100.0
13694.17826225371,3857.428488337604,-13605.026062122386,0.003377985052498148,17.931034482758623,0.06939393939393938,4100.0
13883.315360295648,3760.122103075833,-13530.119435168279,0.0033166656183624453,18.620689655172416,0.06939393939393938,4100.0
14065.838116153014,3664.082996491915,-13451.535898397866,0.003258193423637673,19.310344827586206,0.06939393939393938,4100.0
14242.17057951855,3569.522442644618,-13369.844244456603,0.0032023629699008604,20.0,0.06939393939393938,4100.0
0.0,0.0,6.881474271722254,0.008970095881699332,0.0,0.07929292929292929,4300.0
1989.2348731915488,1693.6493437872982,-3749.608090808746,0.00819991528998717,0.6896551724137931,0.07929292929292929,4300.0
3395.2022040118222,2744.2458454333178,-6283.3388199779365,0.007598204780333043,1.3793103448275863,0.07929292929292929,4300.0
4502.737678576481,3461.353043689919,-8099.983769897881,0.007070963095645322,2.0689655172413794,0.07929292929292929,4250.0
5422.355537808329,3969.034269781915,-9451.680602065564,0.00666426990277857,2.7586206896551726,0.07929292929292929,4250.0
6210.75893711719,4332.609488510372,-10482.065464065468,0.006316165344684632,3.4482758620689657,0.07929292929292929,4250.0
6901.567775838522,4591.608747598865,-11280.459674025966,0.005985371200856857,4.137931034482759,0.07929292929292929,4200.0
7516.600904803487,4772.087619772554,-11905.962564692854,0.005721038166641571,4.827586206896552,0.07929292929292929,4200.0
8070.92329187687,4892.232774839631,-12398.706613129085,0.005485803569679564,5.517241379310345,0.07929292929292929,4200.0
8575.423575191919,4965.271551905258,-12787.711100712775,0.0052746698619900514,6.206896551724139,0.07929292929292929,4200.0
9038.25303337703,5001.123208571485,-13094.319698198837,0.00508378625347767,6.8965517241379315,0.07929292929292929,4200.0
9465.684711301805,5007.4013322734545,-13334.601968154326,0.004910124614712569,7.586206896551724,0.07929292929292929,4200.0
9862.655846347678,4990.057074189195,-13521.15195113705,0.004731853530890636,8.275862068965518,0.07929292929292929,4150.0
10233.13336399205,4953.815348952412,-13663.327644666926,0.004586792463030302,8.965517241379311,0.07929292929292929,4150.0
10580.343720198878,4902.462511609487,-13768.729222346185,0.004452853043851718,9.655172413793103,0.07929292929292929,4150.0
10906.963782557477,4839.070867535169,-13843.462660230776,0.004328708044975681,10.344827586206897,0.07929292929292929,4150.0
11215.223043626816,4766.145678617604,-13892.473046189749,0.004213242755858915,11.03448275862069,0.07929292929292929,4150.0
11507.01076840857,4685.74492108143,-13919.802356064582,0.004105513049816735,11.724137931034484,0.07929292929292929,4150.0
11783.938477849468,4599.566285000043,-13928.782292560645,0.0040047128704243954,12.413793103448278,0.07929292929292929,4150.0
12047.392158817334,4509.017832114546,-13922.20707143574,0.003895410233161504,13.10344827586207,0.07929292929292929,4100.0
12298.57258900928,4415.266035069043,-13902.490110138271,0.0038069936106537965,13.793103448275863,0.07929292929292929,4100.0
12538.527532953864,4319.283281989234,-13871.437490250762,0.0037236531451132152,14.482758620689657,0.07929292929292929,4100.0
12768.176299848583,4221.879197530401,-13830.695289982024,0.003644935837282694,15.172413793103448,0.07929292929292929,4100.0
12988.330069849577,4123.724566394773,-13781.662180188789,0.003570443070885379,15.862068965517242,0.07929292929292929,4100.0
13199.707819649908,4025.381219718962,-13725.531137563907,0.0034998228002620603,16.551724137931036,0.07929292929292929,4100.0
13402.95303627061,3927.3151795377667,-13663.326079598344,0.0034327620740256075,17.24137931034483,0.07929292929292929,4100.0
13598.640578638018,3829.9115158880522,-13595.927012063694,0.003368981989637327,17.931034482758623,0.07929292929292929,4100.0
13787.282688755537,3733.4845859995166,-13524.092018221789,0.0033082335537600576,18.620689655172416,0.07929292929292929,4100.0
13969.344830064036,3638.2951966685,-13448.479871262956,0.0032502925862613057,19.310344827586206,0.07929292929292929,4100.0
14145.253820909662,3544.557861815132,-13369.659955585608,0.0031949576317017348,20.0,0.07929292929292929,4100.0
0.0,0.0,6.881474271722254,0.008862269745905798,0.0,0.08919191919191918,4300.0
1966.8557060667972,1674.5586548403157,-3708.820989790809,0.008110592322411273,0.6896551724137931,0.08919191919191918,4300.0
3358.7683593161664,2714.698708383493,-6220.699292006015,0.0075223516408725235,1.3793103448275863,0.08919191919191918,4300.0
4456.30152391574,3425.4978358500125,-8025.501643403055,0.007005643243665154,2.0689655172413794,0.08919191919191918,4250.0
5368.322504862953,3929.272687905874,-9371.242515579172,0.0066070590334563715,2.7586206896551726,0.08919191919191918,4250.0
6150.71458595021,4290.469212396104,-10399.296552951033,0.006265551268826529,3.4482758620689657,0.08919191919191918,4250.0
6836.6281063416745,4548.11659074186,-11197.640891482952,0.0059403136439686866,4.137931034482759,0.08919191919191918,4200.0
7447.586725087035,4727.956953481024,-11824.669503719495,0.005680564763717694,4.827586206896552,0.08919191919191918,4200.0
7998.464054091448,4847.974349523163,-12319.955915094666,0.005449243894467837,5.517241379310345,0.08919191919191918,4200.0
8500.009076899096,4921.251374152497,-12712.177851939363,0.0052414873667426766,6.206896551724139,0.08919191919191918,4200.0
8960.275306330008,4957.607105499674,-13022.44696172751,0.005053544186177589,6.8965517241379315,0.08919191919191918,4200.0
9385.462415051665,4964.581818923493,-13266.67023985261,0.004882463324461448,7.586206896551724,0.08919191919191918,4200.0
9780.455495409922,4948.075130243698,-13457.27486504949,0.004706469838822074,8.275862068965518,0.08919191919191918,4150.0
10149.173964553795,4912.768016329875,-13603.644582784502,0.004563429864126953,8.965517241379311,0.08919191919191918,4150.0
10494.814903299248,4862.418004535249,-13713.267231541286,0.004431297423737868,9.655172413793103,0.08919191919191918,4150.0
10820.02029726739,4800.071200223815,-13792.206965693586,0.004308775696915695,10.344827586206897,0.08919191919191918,4150.0
11127.005641302098,4728.219101832726,-13845.378176562452,0.004194775161299701,11.03448275862069,0.08919191919191918,4150.0
11417.639045787208,4648.902079171273,-13876.801165297453,0.004088372427831652,11.724137931034484,0.08919191919191918,4150.0
11693.516133512801,4563.809478276765,-13889.792383387758,0.0039887787418055615,12.413793103448278,0.08919191919191918,4150.0
11956.010327645557,4474.3379943143345,-13887.108099911842,0.0038953155515585136,13.10344827586207,0.08919191919191918,4150.0
12206.311941527865,4381.651019755211,-13871.18432514136,0.003793136195337755,13.793103448275863,0.08919191919191918,4100.0
12445.459473801722,4286.712746223983,-13843.847944728324,0.0037107180156352175,14.482758620689657,0.08919191919191918,4100.0
12674.364444624724,4190.33078098205,-13806.71538997889,0.003632849213418257,15.172413793103448,0.08919191919191918,4100.0
12893.831543625212,4093.175034963301,-13761.183755463098,0.0035591392380746817,15.862068965517242,0.08919191919191918,4100.0
13104.577413420755,3995.803885969998,-13708.44781278535,0.0034892423620441803,16.551724137931036,0.08919191919191918,4100.0
13307.23573450775,3898.6810780512233,-13649.531817979077,0.0034228515745850937,17.24137931034483,0.08919191919191918,4100.0
13502.375170683661,3802.1899659863016,-13585.316404795129,0.0033596934976859666,17.931034482758623,0.08919191919191918,4100.0
13690.508472026419,3706.647609961975,-13516.563928501098,0.003299523188608211,18.620689655172416,0.08919191919191918,4100.0
13872.101492415415,3612.315866349372,-13443.933944758712,0.003242120697237678,19.310344827586206,0.08919191919191918,4100.0
14047.566569523575,3519.4026945442242,-13367.99895593863,0.0031872882164745825,20.0,0.08919191919191918,4100.0
0.0,0.0,6.881474271722254,0.00875473570446964,0.0,0.09909090909090908,4300.0
1944.50046013816,1655.4891220463223,-3668.038343119835,0.008021285858651707,0.6896551724137931,0.09909090909090908,4300.0
3322.33306895952,2685.1521825296,-6157.933441148154,0.007446350598192966,1.3793103448275863,0.09909090909090908,4300.0
4409.822331860134,3389.6119871238316,-7950.724787760613,0.006940076017693831,2.0689655172413794,0.09909090909090908,4250.0
5314.200650129255,3889.4490435457224,-9290.33885631858,0.006549535018206871,2.7586206896551726,0.09909090909090908,4250.0
6090.532735795576,4248.235868488709,-10315.902159026307,0.006214581715123213,3.4482758620689657,0.09909090909090908,4250.0
6771.50452491617,4504.504855474534,-11114.053508325174,0.005922818466619538,4.137931034482759,0.09909090909090908,4250.0
7378.347059686739,4683.686360218779,-11742.478433291537,0.005639695654762506,4.827586206896552,0.09909090909090908,4200.0
7925.7339277504,4803.554062717106,-12240.195402108351,0.0054122793894923575,5.517241379310345,0.09909090909090908,4200.0
8424.283958199228,4877.053463031155,-12635.538191627646,0.005207895928502153,6.206896551724139,0.09909090909090908,4200.0
8881.949267100103,4913.9001423534455,-12949.384182785645,0.005022893075650799,6.8965517241379315,0.09909090909090908,4200.0
9304.858439572508,4921.562560438604,-13197.476691422613,0.004854395552034807,7.586206896551724,0.09909090909090908,4200.0
9697.839840012766,4905.884972419919,-13392.074465866273,0.004680685824066563,8.275862068965518,0.09909090909090908,4150.0
10064.766994150456,4871.504964018598,-13542.586880995688,0.004539672445490568,8.965517241379311,0.09909090909090908,4150.0
10408.807780683588,4822.153088931976,-13656.38754245449,0.00440935366078992,9.655172413793103,0.09909090909090908,4150.0
10732.574954812922,4760.851147985383,-13739.49764365198,0.00428846268070763,10.344827586206897,0.09909090909090908,4150.0
11038.258165949273,4690.068293267075,-13796.800486653905,0.0041759347758125575,11.03448275862069,0.09909090909090908,4150.0
11327.709998756483,4611.833619676038,-13832.29400492597,0.004070867109335506,11.724137931034484,0.09909090909090908,4150.0
11602.511654245041,4527.826211157945,-13849.278723470386,0.003972488108772151,12.413793103448278,0.09909090909090908,4150.0
11864.023901601511,4439.4330429955835,-13850.499777943609,0.003880133698116701,13.10344827586207,0.09909090909090908,4150.0
12113.425512880305,4347.811426448828,-13838.331078762589,0.003778939674386857,13.793103448275863,0.09909090909090908,4100.0
12351.74660194169,4253.9219216854335,-13814.705107321206,0.003697451997272766,14.482758620689657,0.09909090909090908,4100.0
12579.890167416565,4158.5657568982615,-13781.17893388441,0.0036204401303910603,15.172413793103448,0.09909090909090908,4100.0
12798.65438150724,4062.411856398631,-13739.149917570248,0.0035475208090124687,15.862068965517242,0.09909090909090908,4100.0
13008.747057675293,3966.0154402791113,-13689.812069359126,0.0034783551158458275,16.551724137931036,0.09909090909090908,4100.0
13210.79869424391,3869.837887991598,-13634.189591846065,0.0034126421667192734,17.24137931034483,0.09909090909090908,4100.0
13405.376398424596,3774.2644543605425,-13573.165879652479,0.0033501135320175572,17.931034482758623,0.09909090909090908,4100.0
13592.98935897795,3679.6118358306862,-13507.504820575872,0.003290528668645013,18.620689655172416,0.09909090909090908,4100.0
13774.091846447496,3586.1375777151584,-13437.867040665973,0.0032336720405679157,19.310344827586206,0.09909090909090908,4100.0
13949.100839460569,3494.0541084769247,-13364.829712912928,0.0031793488563756846,20.0,0.09909090909090908,4100.0
0.0,0.0,6.881474271722254,0.00864749196548858,0.0,0.10898989898989898,4300.0
1922.169024727267,1636.440650757562,-3627.2603240856624,0.007931996259763685,0.6896551724137931,0.10898989898989898,4300.0
3285.8965724621535,2655.6065153831296,-6095.04190219297,0.007370202388553669,1.3793103448275863,0.10898989898989898,4300.0
4363.300027371947,3353.6954626450984,-7875.653774107937,0.006874261847396984,2.0689655172413794,0.10898989898989898,4250.0
5259.98866281016,3849.562228675145,-9208.969461471643,0.006491697777676106,2.7586206896551726,0.10898989898989898,4250.0
6030.214858885584,4205.910906505126,-10231.881094713863,0.006163255908670095,3.4482758620689657,0.10898989898989898,4250.0
6706.198384616768,4460.774929082041,-11029.73973356688,0.005876909993048717,4.137931034482759,0.10898989898989898,4250.0
7308.878657693057,4639.273371156635,-11659.385658293846,0.00559842863397896,4.827586206896552,0.10898989898989898,4200.0
7852.734570287153,4758.97366152608,-12159.41975904262,0.0053749072581327365,5.517241379310345,0.10898989898989898,4200.0
8348.248108798649,4832.678231720092,-12557.7846691515,0.0051738924841435415,6.206896551724139,0.10898989898989898,4200.0
8803.275734317085,4870.003583941914,-12875.12192174988,0.004991829502126764,6.8965517241379315,0.10898989898989898,4200.0
9223.870714315062,4878.3426516501195,-13127.01076344154,0.00482591717709908,7.586206896551724,0.10898989898989898,4200.0
9614.80367405812,4863.483465133079,-13325.537645459452,0.004654497452747121,8.275862068965518,0.10898989898989898,4150.0
9979.912001483506,4830.026695899758,-13480.14016957669,0.00451551577109776,8.965517241379311,0.10898989898989898,4150.0
10322.319101292594,4781.6665233707545,-13598.074283084527,0.004387016926549229,9.655172413793103,0.10898989898989898,4150.0
10644.618910622314,4721.405758727564,-13685.31763646657,0.004267763813599537,10.344827586206897,0.10898989898989898,4150.0
10948.975570227938,4651.691238449085,-13746.72162967013,0.00415671616218583,11.03448275862069,0.10898989898989898,4150.0
11237.222554690725,4574.540173384308,-13786.261079171643,0.004052991512737625,11.724137931034484,0.10898989898989898,4150.0
11510.9257156127,4491.617461896603,-13807.219921852098,0.003955835343536796,12.413793103448278,0.10898989898989898,4150.0
11771.432839230694,4404.3045558955355,-13812.331576183205,0.0038645979542940435,13.10344827586207,0.10898989898989898,4150.0
12019.912471501355,4313.749314997368,-13803.905983851044,0.003764398440901954,13.793103448275863,0.10898989898989898,4100.0
12257.38457563236,4220.909844028086,-13783.982929687416,0.0036838496905396614,14.482758620689657,0.10898989898989898,4100.0
12484.745169299938,4126.581118417558,-13754.0604278151,0.0036077026141542083,15.172413793103448,0.10898989898989898,4100.0
12702.785182810767,4031.4302270679405,-13715.533465247812,0.003535581833623236,15.862068965517242,0.10898989898989898,4100.0
12912.20613549836,3936.0109356564944,-13669.595112826079,0.003467155281698634,16.551724137931036,0.10898989898989898,4100.0
13113.638064503777,3840.78569072652,-13617.270793039876,0.003402127896927947,17.24137931034483,0.10898989898989898,4100.0
13307.63836745929,3746.134083022659,-13559.445415329174,0.003340236107073381,17.931034482758623,0.10898989898989898,4100.0
13494.709817463343,3652.3723990827293,-13496.883041679743,0.0032812442815406406,18.620689655172416,0.10898989898989898,4100.0
13675.30938587468,3559.76106525931,-13430.248461985335,0.003224940499314092,19.310344827586206,0.10898989898989898,4100.0
13849.850527623827,3468.5123562752983,-13360.119461154085,0.0031711337058328366,20.0,0.10898989898989898,4100.0
0.0,0.0,6.881474271722254,0.008540536754743871,0.0,0.11888888888888888,4300.0
1899.8617613758101,1617.4136083093708,-3586.487099280763,0.007842723891910581,0.6896551724137931,0.11888888888888888,4300.0
3249.459991965622,2626.062789224344,-6032.0253071288025,0.007293907745691206,1.3793103448275863,0.11888888888888888,4300.0
4316.7351247084425,3317.748782024309,-7800.28917406212,0.006808201164270875,2.0689655172413794,0.11888888888888888,4250.0
5205.686421817036,3809.612203612421,-9127.13442051044,0.006433547101812498,2.7586206896551726,0.11888888888888888,4250.0
5969.7599529975305,4163.493553222214,-10147.232475975099,0.006111572946294381,3.4482758620689657,0.11888888888888888,4250.0
6640.708349556115,4416.925851793221,-10944.651370077532,0.0058306162451950624,4.137931034482759,0.11888888888888888,4250.0
7239.179738064475,4594.716783302819,-11575.38711171673,0.005556761751972312,4.827586206896552,0.11888888888888888,4200.0
7779.462928423078,4714.231009685526,-12077.62322311935,0.005337124981134601,5.517241379310345,0.11888888888888888,4200.0
8271.900622404906,4788.125435520513,-12478.909753130414,0.005139474006134153,6.206896551724139,0.11888888888888888,4200.0
8724.250818881028,4825.914962587228,-12799.651084831181,0.004960349794375072,6.8965517241379315,0.11888888888888888,4200.0
9142.493975082301,4834.9188002140045,-13055.261388343868,0.0047970242972351276,7.586206896551724,0.11888888888888888,4200.0
9531.347812773844,4820.87092128886,-13257.652359317442,0.004627900155853084,8.275862068965518,0.11888888888888888,4150.0
9894.60107437932,4788.329170793229,-13416.28948394538,0.004490955520692939,8.965517241379311,0.11888888888888888,4150.0
10235.348763263179,4740.959303076275,-13538.311103714681,0.0043642825708833585,9.655172413793103,0.11888888888888888,4150.0
10556.149599079768,4681.733705379753,-13629.649242632411,0.004246674051373888,10.344827586206897,0.11888888888888888,4150.0
10859.150476831677,4613.084911399347,-13695.122406335497,0.004137114049754053,11.03448275862069,0.11888888888888888,4150.0
11146.166651757982,4537.016536377433,-13738.681748161449,0.004034740197319183,11.724137931034484,0.11888888888888888,4150.0
11418.746627976845,4455.178495676371,-13763.593825206393,0.003938814925122952,12.413793103448278,0.11888888888888888,4150.0
11678.225230785854,4368.9465813999495,-13772.579695593107,0.003848702846387499,13.10344827586207,0.11888888888888888,4150.0
11925.7602790008,4279.459177026586,-13767.92141410787,0.0037638530239555933,13.793103448275863,0.11888888888888888,4150.0
12162.362572734037,4187.670448421331,-13751.656801394325,0.0036699049827768693,14.482758620689657,0.11888888888888888,4100.0
12388.919819682744,4094.3731923164696,-13725.333247137089,0.0035946306678337676,15.172413793103448,0.11888888888888888,4100.0
12606.218768661065,4000.2297028968546,-13690.306176173748,0.0035233164381058284,15.862068965517242,0.11888888888888888,4100.0
12814.953464969667,3905.7923861224353,-13647.768347286896,0.0034556369352153316,16.551724137931036,0.11888888888888888,4100.0
13015.744554930614,3811.5201421024367,-13598.746078350814,0.0033913026033634713,17.24137931034483,0.11888888888888888,4100.0
13209.147345128864,3717.7936960485417,-13544.123863630164,0.003330055288422803,17.931034482758623,0.11888888888888888,4100.0
13395.6646287458,3624.9289097755905,-13484.66828558164,0.0032716637864044144,18.620689655172416,0.11888888888888888,4100.0
13575.747401469045,3533.1853556229585,-13421.04596679112,0.003215919972300176,19.310344827586206,0.11888888888888888,4100.0
13749.800644457933,3442.7730217120866,-13353.835508602875,0.0031626367137996304,20.0,0.11888888888888888,4100.0
0.0,0.0,6.881474271722254,0.008433868315456531,0.0,0.12878787878787878,4300.0
1877.5786543001118,1598.4079905601186,-3545.718829446436,0.0077534691238854555,0.6896551724137931,0.12878787878787878,4300.0
3213.0218326522872,2596.5194867595055,-5968.884284998072,0.007217467402301864,1.3793103448275863,0.12878787878787878,4300.0
4270.1286849919825,3281.772782757883,-7724.631559791698,0.006741894401692797,2.0689655172413794,0.12878787878787878,4250.0
5151.295545228977,3769.6005240795034,-9044.833727023914,0.006375082859099173,2.7586206896551726,0.12878787878787878,4250.0
5909.166376181453,4120.982492151851,-10061.955188286549,0.006059532073483151,3.4482758620689657,0.12878787878787878,4250.0
6575.032168652467,4372.9558975458185,-10858.78575061349,0.005783935836734316,4.137931034482759,0.12878787878787878,4250.0
7169.251265205481,4550.017723319428,-11490.47873286582,0.005514692970525321,4.827586206896552,0.12878787878787878,4200.0
7705.9163013249745,4669.32428697847,-11994.799970400112,0.005298929991041914,5.517241379310345,0.12878787878787878,4200.0
8195.236854574518,4743.391864873738,-12398.90557836731,0.005104637469812804,6.206896551724139,0.12878787878787878,4200.0
8644.871010709898,4781.632130741102,-12722.962657157528,0.00492845020758633,6.8965517241379315,0.12878787878787878,4200.0
9060.727856341184,4791.290332299695,-12982.217105356394,0.004767713106388043,7.586206896551724,0.12878787878787878,4200.0
9447.46710899369,4778.045526604763,-13188.419883787174,0.0046202954711287245,8.275862068965518,0.12878787878787878,4200.0
9808.832895836129,4746.412372780511,-13351.02101034853,0.004465986762673855,8.965517241379311,0.12878787878787878,4150.0
10147.888081064908,4700.026356327997,-13477.081684512093,0.0043411457650857615,9.655172413793103,0.12878787878787878,4150.0
10467.164112286451,4641.834195963958,-13572.474001473485,0.0042251885896825506,10.344827586206897,0.12878787878787878,4150.0
10768.782176073844,4574.250220680322,-13641.982832100242,0.004117123423088976,11.03448275862069,0.12878787878787878,4150.0
11054.539168066824,4499.26082908083,-13689.534492266299,0.00401610799206373,11.724137931034484,0.12878787878787878,4150.0
11325.969961280949,4418.508054689286,-13718.377789137972,0.0039214214517701625,12.413793103448278,0.12878787878787878,4150.0
11584.396368036123,4333.356420253092,-13731.221027319341,0.0038324425399944686,13.10344827586207,0.12878787878787878,4150.0
11830.96508082217,4244.940356874971,-13730.337065876301,0.003748632396035738,13.793103448275863,0.12878787878787878,4150.0
12066.677459636256,4154.205277803882,-13717.700664955446,0.003655611893480455,14.482758620689657,0.12878787878787878,4100.0
12292.412997879504,4061.942089148994,-13694.96976376867,0.0035812183809796915,15.172413793103448,0.12878787878787878,4100.0
12508.948806022745,3968.8087371562956,-13663.439799754786,0.00351071867869622,15.862068965517242,0.12878787878787878,4100.0
12716.975033058034,3875.3546524728263,-13624.303104038656,0.0034437937870129475,16.551724137931036,0.12878787878787878,4100.0
12917.106639323896,3782.0382955813384,-13578.584878196947,0.003380160182810063,17.24137931034483,0.12878787878787878,4100.0
13109.899371475192,3689.2421031029767,-13527.170457092914,0.0033195649195565074,17.931034482758623,0.12878787878787878,4100.0
13295.845391845503,3597.2783451410883,-13470.828666664107,0.0032617809403171273,18.620689655172416,0.12878787878787878,4100.0
13475.39104262302,3506.405147368402,-13410.225888374174,0.00320660449114806,19.310344827586206,0.12878787878787878,4100.0
13648.946217111708,3416.8362027781072,-13345.945056784389,0.0031538515676439085,20.0,0.12878787878787878,4100.0
0.0,0.0,6.881474271722254,0.00832748490804796,0.0,0.1386868686868687,4300.0
1855.3190541489487,1579.4231761464437,-3504.9556995275707,0.0076642322711575565,0.6896551724137931,0.1386868686868687,4300.0
3176.5820198120346,2566.97647272945,-5905.619421039519,0.00714088214554646,1.3793103448275863,0.1386868686868687,4300.0
4223.478913751221,3245.76574642128,-7648.681468633942,0.006675342021412001,2.0689655172413794,0.1386868686868687,4250.0
5096.815021030733,3729.5259760498484,-8962.067340123343,0.006316304909071499,2.7586206896551726,0.1386868686868687,4250.0
5848.433665200427,4078.3774545527917,-9976.048132161639,0.00600713248278344,3.4482758620689657,0.1386868686868687,4250.0
6509.169910151002,4328.865335654678,-10772.140686546009,0.0057368671443569245,4.137931034482759,0.1386868686868687,4250.0
7099.091828155624,4505.1752927148045,-11404.656203598584,0.0054722203379003265,4.827586206896552,0.1386868686868687,4200.0
7632.095421760655,4624.254522998196,-11910.944035270928,0.005260319714229654,5.517241379310345,0.1386868686868687,4200.0
8118.256765048987,4698.477773335359,-12317.76516584633,0.005069379457664185,6.206896551724139,0.1386868686868687,4200.0
8565.137267227226,4737.155352985436,-12645.047207551186,0.004896127204707986,6.8965517241379315,0.1386868686868687,4200.0
8978.569674532502,4747.456901744136,-12907.86708860327,0.004737979396748149,7.586206896551724,0.1386868686868687,4200.0
9363.156784141942,4735.004593778737,-13117.856038363781,0.004592860772277346,8.275862068965518,0.1386868686868687,4200.0
9722.605423234727,4704.2757681708545,-13284.320034367345,0.004440604799654231,8.965517241379311,0.1386868686868687,4150.0
10059.93511368449,4658.866498419185,-13414.370189465015,0.0043176013270175805,9.655172413793103,0.1386868686868687,4150.0
10377.654760734855,4601.703790311503,-13513.77471122348,0.004203301931206894,10.344827586206897,0.1386868686868687,4150.0
10677.862963049645,4535.183210454109,-13587.284017238322,0.004096738647021927,11.03448275862069,0.1386868686868687,4150.0
10962.336072754038,4461.272774647149,-13638.799074107184,0.003997089037742783,11.724137931034484,0.1386868686868687,4150.0
11232.593354548246,4381.606122838249,-13671.550124315232,0.0039036488941158617,12.413793103448278,0.1386868686868687,4150.0
11489.943504805045,4297.535521156931,-13688.232005003323,0.0038158110108949305,13.10344827586207,0.1386868686868687,4150.0
11735.522104000936,4210.191189272434,-13691.107963064547,0.003733048487462144,13.793103448275863,0.1386868686868687,4150.0
11970.32077471505,4120.511149542031,-13682.089774955406,0.0036549016211026024,14.482758620689657,0.1386868686868687,4150.0
12195.211325653248,4029.2826372934187,-13662.94243743486,0.0035674597473943246,15.172413793103448,0.1386868686868687,4100.0
12410.963939789877,3937.1618947258153,-13634.906311961531,0.003497782183923799,15.862068965517242,0.1386868686868687,4100.0
12618.264501031494,3844.6964392367113,-13599.169429385103,0.003431619609822439,16.551724137931036,0.1386868686868687,4100.0
12817.722507172955,3752.3418438630465,-13556.756192784233,0.0033686945080948416,17.24137931034483,0.1386868686868687,4100.0
13009.883568009787,3660.477387644526,-13508.554050659426,0.0033087585737650626,17.931034482758623,0.1386868686868687,4100.0
13195.238629250032,3569.4163514307306,-13455.331013806048,0.0032515895410614205,18.620689655172416,0.1386868686868687,4100.0
13374.236419773983,3479.419685766831,-13397.756093385855,0.003196987519073905,19.310344827586206,0.1386868686868687,4100.0
13547.275535960367,3390.6969439240247,-13336.413748213963,0.003144771931322057,20.0,0.1386868686868687,4100.0
0.0,0.0,6.881474271722254,0.008221384809904725,0.0,0.1485858585858586,4300.0
1833.0828582470294,1560.4590773211885,-3464.1978753303047,0.0075750136793040065,0.6896551724137931,0.1485858585858586,4300.0
3140.1405337613505,2537.4339307990913,-5842.2313707139765,0.007064152671522525,1.3793103448275863,0.1485858585858586,4300.0
4176.7857337191745,3209.72789985362,-7572.439457834764,0.006608544479223939,2.0689655172413794,0.1485858585858586,4250.0
5042.243688230798,3689.3877102340907,-8878.835223041002,0.006257213115649902,2.7586206896551726,0.1485858585858586,4250.0
5787.564584306454,4035.680364377234,-9889.510119572813,0.005954373419331142,3.4482758620689657,0.1485858585858586,4250.0
6443.123149260807,4284.655283073345,-10684.713749212904,0.00568940872127091,4.137931034482759,0.1485858585858586,4250.0
7028.69881612113,4460.187133757903,-11317.9158908975,0.005429341589808746,4.827586206896552,0.1485858585858586,4200.0
7557.998669176516,4579.0200191698605,-11826.05007687337,0.005221291298899961,5.517241379310345,0.1485858585858586,4200.0
8040.959872354216,4653.382540827857,-12235.48089241275,0.005033696818022212,6.206896551724139,0.1485858585858586,4200.0
8485.045262521291,4692.482874955386,-12565.894956328928,0.004863377307845858,6.8965517241379315,0.1485858585858586,4200.0
8896.014527406705,4703.415616610765,-12832.200285838524,0.004707818987655533,7.586206896551724,0.1485858585858586,4200.0
9278.417976121942,4691.7498655963855,-13045.905326015542,0.004565002232501684,8.275862068965518,0.1485858585858586,4200.0
9635.911532174703,4661.915177919151,-13216.17137153171,0.004414805115943002,8.965517241379311,0.1485858585858586,4150.0
9971.487590152356,4617.479508032972,-13350.159991078697,0.00429364425111832,9.655172413793103,0.1485858585858586,4150.0
10287.620289994162,4561.342887625252,-13453.53314770438,0.004181008778332387,10.344827586206897,0.1485858585858586,4150.0
10586.387088593927,4495.880468870779,-13531.006242401723,0.004075954168737456,11.03448275862069,0.1485858585858586,4150.0
10869.54866867654,4423.048381517337,-13586.45416172457,0.003977677616502945,11.724137931034484,0.1485858585858586,4150.0
11138.606502938492,4344.466752297833,-13623.087925897242,0.0038854914038196453,12.413793103448278,0.1485858585858586,4150.0
11394.855576402118,4261.4786049315735,-13643.588114825405,0.0037988023443145786,13.10344827586207,0.1485858585858586,4150.0
11639.420256377043,4175.205976048053,-13650.20781023019,0.003717095470927345,13.793103448275863,0.1485858585858586,4150.0
11873.282933745175,4086.584245929726,-13644.852487320895,0.003639921031410403,14.482758620689657,0.1485858585858586,4150.0
12097.309506678359,3996.3943050232097,-13629.22385319457,0.0035533483600974623,15.172413793103448,0.1485858585858586,4100.0
12312.261378316634,3905.2898947261488,-13604.676389369,0.0034845006507423677,15.862068965517242,0.1485858585858586,4100.0
12518.815638301821,3813.8154342809066,-13572.336408702991,0.0034191082788181375,16.551724137931036,0.1485858585858586,4100.0
12717.577486699298,3722.425027464471,-13533.229629709509,0.0033568990133088505,17.24137931034483,0.1485858585858586,4100.0
12909.089006405371,3631.4961726774377,-13488.242073381014,0.0032976298603175154,17.931034482758623,0.1485858585858586,4100.0
13093.84135490204,3541.3447375099795,-13438.142581131433,0.0032410831249804536,18.620689655172416,0.1485858585858586,4100.0
13272.270894019077,3452.2266378968925,-13383.60256272355,0.003187062573777923,19.310344827586206,0.1485858585858586,4100.0
13444.775713092664,3364.3529626983855,-13325.206044106075,0.003135391509451096,20.0,0.1485858585858586,4100.0
0.0,0.0,6.881474271722254,0.008115566315147607,0.0,0.15848484848484848,4300.0
1810.8699650031692,1541.5156072703842,-3423.445520826659,0.007485813690095128,0.6896551724137931,0.15848484848484848,4300.0
3103.697343152947,2507.8918463468995,-5778.720781079843,0.006987279676979176,1.3793103448275863,0.15848484848484848,4300.0
4130.049118430076,3173.6592531472747,-7495.906191545822,0.006541502178529476,2.0689655172413794,0.15848484848484848,4250.0
4987.581292504441,3649.1858015142025,-8795.137256613809,0.006197807398164104,2.7586206896551726,0.15848484848484848,4250.0
5726.555571774207,3992.8887991317074,-9802.34011197267,0.005901254054876593,3.4482758620689657,0.15848484848484848,4250.0
6376.888305709066,4240.322906276153,-10596.502444866543,0.005641559150384985,4.137931034482759,0.15848484848484848,4250.0
6958.072337384582,4415.053579822393,-11230.253720541179,0.005386054700276008,4.827586206896552,0.15848484848484848,4200.0
7483.622765402241,4533.618864995124,-11740.112252329272,0.005181842137908732,5.517241379310345,0.15848484848484848,4200.0
7963.34141178042,4608.103777207346,-12152.04498564588,0.004997586496632597,6.206896551724139,0.15848484848484848,4200.0
8404.591562753278,4647.612703820653,-12485.496791185098,0.004830196670414975,6.8965517241379315,0.15848484848484848,4200.0
8813.062704760958,4659.167489001674,-12755.205271196326,0.004677227856740323,7.586206896551724,0.15848484848484848,4200.0
9193.244258257486,4648.277352656762,-12972.55506598833,0.004536715153568294,8.275862068965518,0.15848484848484848,4200.0
9548.750526648273,4619.329878189339,-13146.560071726315,0.0043885829593443984,8.965517241379311,0.15848484848484848,4150.0
9882.53755342821,4575.861436899015,-13284.43377070508,0.004269269769699365,9.655172413793103,0.15848484848484848,4150.0
10197.05501838281,4520.74877688678,-13391.730453410128,0.004158303992190493,10.344827586206897,0.15848484848484848,4150.0
10494.354305608706,4456.343398982845,-13473.129067804592,0.004054764570223998,11.03448275862069,0.15848484848484848,4150.0
10776.1756497442,4384.588366576739,-13532.4776510542,0.003957868143208978,11.724137931034484,0.15848484848484848,4150.0
11044.006739758166,4307.090037844875,-13572.967379088404,0.0038669433254602194,12.413793103448278,0.15848484848484848,4150.0
11299.129745059652,4225.18568869857,-13597.264477666802,0.0037814106903624693,13.10344827586207,0.15848484848484848,4150.0
11542.657783960643,4139.986712079615,-13607.611523323169,0.0037007670072990353,13.793103448275863,0.15848484848484848,4150.0
11775.563576064058,4052.424887464257,-13605.906164710352,0.00362457269303868,14.482758620689657,0.15848484848484848,4150.0
11998.702165540644,3963.2759923403733,-13593.785328608821,0.0035388778929273217,15.172413793103448,0.15848484848484848,4100.0
12212.829053626087,3873.188783110702,-13572.719584878636,0.003470867925538049,15.862068965517242,0.15848484848484848,4100.0
12418.616141927765,3782.707227029621,-13543.774383346783,0.0034062531179956,16.551724137931036,0.15848484848484848,4100.0
12616.66517308362,3692.2852549672275,-13507.973258778213,0.0033447671571025872,17.24137931034483,0.15848484848484848,4100.0
12807.512103355848,3602.298654222874,-13466.20133030739,0.0032861723533600872,17.931034482758623,0.15848484848484848,4100.0
12991.63917898995,3513.0584326929734,-13419.230120698972,0.0032302550202664235,18.620689655172416,0.15848484848484848,4100.0
13169.483177027632,3424.8229191083933,-13367.729885117471,0.003176823199238452,19.310344827586206,0.15848484848484848,4100.0
13341.443680022043,3337.805624041482,-13312.287743898902,0.003125703486520091,20.0,0.15848484848484848,4100.0
0.0,0.0,6.881474271722254,0.00801002773440461,0.0,0.16838383838383839,4300.0
1788.6802738954498,1522.592680100376,-3382.698798180667,0.007396632641547666,0.6896551724137931,0.16838383838383839,4300.0
3067.253568654508,2478.351309305437,-5715.088270710941,0.006910263883315,1.3793103448275863,0.16838383838383839,4300.0
4083.270888664652,3137.5615442030917,-7419.082243685538,0.006474215563779346,2.0689655172413794,0.16838383838383839,4250.0
4932.829710029221,3608.922045499312,-8710.973485399816,0.0061380875851011,2.7586206896551726,0.16838383838383839,4250.0
5665.4062984034035,3950.002650101077,-9714.537184537643,0.005847773529378339,3.4482758620689657,0.16838383838383839,4250.0
6310.464575699434,4195.868118259689,-10507.504182546152,0.005593317007417722,4.137931034482759,0.16838383838383839,4250.0
6887.212810202774,4369.775788707221,-11141.665573833947,0.005342357683126079,4.827586206896552,0.16838383838383839,4200.0
7408.968108340863,4488.052155327763,-11653.124615351524,0.005141969677584211,5.517241379310345,0.16838383838383839,4200.0
7885.400929921696,4562.641669803052,-12067.449571549325,0.004961045342450151,6.206896551724139,0.16838383838383839,4200.0
8323.777535260522,4602.546583238691,-12403.843336049591,0.004796581504337075,6.8965517241379315,0.16838383838383839,4200.0
8729.709941280735,4614.709996676458,-12676.870119583618,0.0046462020857174074,7.586206896551724,0.16838383838383839,4200.0
9107.631845163029,4604.5847795271,-12897.791909747422,0.004507995015745617,8.275862068965518,0.16838383838383839,4200.0
9461.118390128213,4576.518911811479,-13075.471480424902,0.004361933324333928,8.965517241379311,0.16838383838383839,4150.0
9793.084414276898,4534.013016593833,-13217.175252187779,0.004244472555882374,9.655172413793103,0.16838383838383839,4150.0
10105.952090102575,4479.917284491103,-13328.348145766868,0.0041351822104423825,10.344827586206897,0.16838383838383839,4150.0
10401.754289628769,4416.567065719625,-13413.632181745481,0.004033164336457471,11.03448275862069,0.16838383838383839,4150.0
10682.20878200104,4345.888549537364,-13476.847841859366,0.003937654836158229,11.724137931034484,0.16838383838383839,4150.0
10948.787411819301,4269.473976539845,-13521.165772973036,0.00384799851604929,12.413793103448278,0.16838383838383839,4150.0
11202.758957485012,4188.65291501002,-13549.236985533818,0.003763629662396275,13.10344827586207,0.16838383838383839,4150.0
11445.225171879318,4104.52933900786,-13563.292888533091,0.0036840567369062537,13.793103448275863,0.16838383838383839,4150.0
11677.148924074194,4018.027777864509,-13565.22281218972,0.0036088502590523193,14.482758620689657,0.16838383838383839,4150.0
11899.37691072842,3929.921524761713,-13556.635549993829,0.0035376329802384253,15.172413793103448,0.16838383838383839,4150.0
12112.659500975618,3840.856472799081,-13539.00692807915,0.0034568772651901157,15.862068965517242,0.16838383838383839,4100.0
12317.66259478273,3751.3730639516193,-13513.45195275404,0.0033930475179188456,16.551724137931036,0.16838383838383839,4100.0
12514.977788273092,3661.9218044814684,-13480.953761774894,0.003332292538738911,17.24137931034483,0.16838383838383839,4100.0
12705.137804116745,3572.8780318336194,-13442.399396337292,0.003274379216429527,17.931034482758623,0.16838383838383839,4100.0
12888.623564770558,3484.554230882811,-13398.558807696209,0.0032190985674572263,18.620689655172416,0.16838383838383839,4100.0
13065.86853712866,3397.2079629458426,-13350.103498554025,0.003166262558470384,19.310344827586206,0.16838383838383839,4100.0
13237.262142205063,3311.0486244889435,-13297.622534219518,0.0031157011127186606,20.0,0.16838383838383839,4100.0
0.0,0.0,6.881474271722254,0.007904767394588003,0.0,0.1782828282828283,4300.0
1766.5136854565255,1503.6902108252168,-3341.957867771962,0.007307470867976981,0.6896551724137931,0.1782828282828283,4300.0
3030.8086105339503,2448.8117555647127,-5651.334455651326,0.006833106009660401,1.3793103448275863,0.1782828282828283,4300.0
4036.4495801594753,3101.433434935465,-7341.968189843254,0.006406685077695953,2.0689655172413794,0.1782828282828283,4250.0
4877.98754399617,3568.5952278291225,-8626.343975796932,0.006078053531461441,2.7586206896551726,0.1782828282828283,4250.0
5604.117640694125,3907.022852388768,-9626.100234701487,0.005793931124330302,3.4482758620689657,0.1782828282828283,4250.0
6243.854234036797,4151.29312430317,-10417.716559365683,0.005544680783721806,4.137931034482759,0.1782828282828283,4250.0
6816.11641256566,4324.3508435297745,-11052.147118006935,0.005298248558953071,4.827586206896552,0.1782828282828283,4200.0
7334.033477015752,4442.319279533834,-11565.081133716769,0.005101671294899543,5.517241379310345,0.1782828282828283,4200.0
7807.138164530344,4516.99648994896,-11981.687447909462,0.00492406991773478,6.206896551724139,0.1782828282828283,4200.0
8242.598314295707,4557.281289379912,-12320.924904113679,0.004762528173752946,6.8965517241379315,0.1782828282828283,4200.0
8645.95207691587,4570.040690660137,-12597.184020150547,0.004614737226920343,7.586206896551724,0.1782828282828283,4200.0
9021.581888134975,4560.673247917234,-12821.601945314018,0.0044788375103337295,8.275862068965518,0.1782828282828283,4200.0
9373.009096982567,4533.479093768337,-13002.937490352138,0.004353310954355903,8.965517241379311,0.1782828282828283,4200.0
9703.123086079037,4491.931721880179,-13148.367477281543,0.004219247358785488,9.655172413793103,0.1782828282828283,4150.0
10014.312264661463,4438.850001293453,-13263.367823812107,0.004111637805519766,10.344827586206897,0.1782828282828283,4150.0
10308.584584964065,4376.551227553705,-13352.495599682574,0.004011147570084834,11.03448275862069,0.1782828282828283,4150.0
10587.641959109706,4306.945124852137,-13419.543001189326,0.003917031620048954,11.724137931034484,0.1782828282828283,4150.0
10852.94009538653,4231.6147919990235,-13467.659494081112,0.0038286508006876822,12.413793103448278,0.1782828282828283,4150.0
11105.734235485856,4151.87679404519,-13499.480291692009,0.0037454529914270882,13.10344827586207,0.1782828282828283,4150.0
11347.114394675333,4068.830878344405,-13517.224641260284,0.003666958404923618,13.793103448275863,0.1782828282828283,4150.0
11578.034029949271,3983.3924212913603,-13522.774121423769,0.0035927473830523484,14.482758620689657,0.1782828282828283,4150.0
11799.331538782251,3896.331897272443,-13517.731733808956,0.00352245116583852,15.172413793103448,0.1782828282828283,4150.0
12011.748235316109,3808.2916790280046,-13503.507671435043,0.003442522010683353,15.862068965517242,0.1782828282828283,4100.0
12215.942454132994,3719.808240841292,-13481.336438122074,0.0033794849695983377,16.551724137931036,0.1782828282828283,4100.0
12412.502768972838,3631.3304992614067,-13452.139492196206,0.0033194681733951696,17.24137931034483,0.1782828282828283,4100.0
12601.96056383704,3543.235472370507,-13416.802129356125,0.0032622436149823634,17.931034482758623,0.1782828282828283,4100.0
12784.787081004133,3455.8317777484776,-13376.09348680848,0.003207606963785859,18.620689655172416,0.1782828282828283,4100.0
12961.410977937854,3369.375845656107,-13330.687741801346,0.0031553737332448433,19.310344827586206,0.1782828282828283,4100.0
13132.224023755642,3284.080148634681,-13281.172571790674,0.003105377678420824,20.0,0.1782828282828283,4100.0
0.0,0.0,6.881474271722254,0.007799783638675225,0.0,0.18818181818181817,4300.0
1744.3701012594133,1484.808115354486,-3301.222888223594,0.007218328700047953,0.6896551724137931,0.18818181818181817,4300.0
2994.361844405452,2419.272605468332,-5587.459949457145,0.006755806772914675,1.3793103448275863,0.18818181818181817,4300.0
3989.584685948459,3065.2744892071173,-7264.564606588785,0.0063389111651708414,2.0689655172413794,0.18818181818181817,4250.0
4823.053861351182,3528.2045797227643,-8541.248696761002,0.006017705159196901,2.7586206896551726,0.18818181818181817,4250.0
5542.689752234381,3863.9496665525226,-9537.02818480348,0.005739726059562068,3.4482758620689657,0.18818181818181817,4250.0
6177.054394552605,4106.595606415395,-10327.137321666,0.005495648912739785,4.137931034482759,0.18818181818181817,4250.0
6744.7827884057115,4278.778754306369,-10961.69462710576,0.005253725093914136,4.827586206896552,0.18818181818181817,4200.0
7258.815467322091,4396.417819068124,-11475.976393631216,0.005060944114078153,5.517241379310345,0.18818181818181817,4200.0
7728.548398673836,4471.164960714723,-11894.750838641623,0.004886656994493351,6.206896551724139,0.18818181818181817,4200.0
8161.0502621121295,4511.814650265961,-12236.731370669302,0.0047280331258621085,6.8965517241379315,0.18818181818181817,4200.0
8561.790228293989,4525.160182103922,-12516.13536854626,0.004582829051680261,7.586206896551724,0.18818181818181817,4200.0
8935.086627657758,4516.538815597212,-12743.972176749121,0.0044492378388438485,8.275862068965518,0.18818181818181817,4200.0
9284.422964721916,4490.211787278381,-12928.90856968546,0.004325782536372508,8.965517241379311,0.18818181818181817,4200.0
9612.6469388494,4449.613375339548,-13077.992844520013,0.004193589069595508,9.655172413793103,0.18818181818181817,4150.0
9922.126277881389,4397.542617952261,-13196.770293877518,0.004087665278670165,10.344827586206897,0.18818181818181817,4150.0
10214.841035851308,4336.294466595238,-13289.698429085518,0.003988708499967974,11.03448275862069,0.18818181818181817,4150.0
10492.473928788555,4267.760288662803,-13360.540431062334,0.0038959925413923208,11.724137931034484,0.18818181818181817,4150.0
10756.464584987356,4193.514009432795,-13412.42397394777,0.003808894123286596,12.413793103448278,0.18818181818181817,4150.0
11008.054716336743,4114.859339674376,-13447.967969685436,0.0037268746002790698,13.10344827586207,0.18818181818181817,4150.0
11248.323113058294,4032.8900230939735,-13469.380043962425,0.003649465547706099,13.793103448275863,0.18818181818181817,4150.0
11478.213158211782,3948.5173040786303,-13478.532394539077,0.003576257272653645,14.482758620689657,0.18818181818181817,4150.0
11698.554715344786,3862.503348014816,-13477.021460919204,0.0035068895662599686,15.172413793103448,0.18818181818181817,4150.0
11910.08134931869,3775.488693494257,-13466.21459948786,0.003441044409701131,15.862068965517242,0.18818181818181817,4150.0
12113.44768903161,3688.0093302805694,-13447.396538675508,0.003365558488661191,16.551724137931036,0.18818181818181817,4100.0
12309.237096364297,3600.5122840621843,-13421.49681790806,0.0033062871537025986,17.24137931034483,0.18818181818181817,4100.0
12497.969439446495,3513.36768762858,-13389.373956486976,0.003249758812006245,17.931034482758623,0.18818181818181817,4100.0
12680.11549849415,3426.886682377109,-13351.799350982306,0.003195773111759939,18.620689655172416,0.18818181818181817,4100.0
12856.104646855627,3341.3276498250334,-13309.445292295197,0.003144149802131816,19.310344827586206,0.18818181818181817,4100.0
13026.31856927271,3256.8991364383774,-13262.901556161785,0.0030947259284376098,20.0,0.18818181818181817,4100.0
0.0,0.0,6.881474271722254,0.007695074825493597,0.0,0.19808080808080808,4300.0
1722.2494037131996,1465.9462787318248,-3260.494016425124,0.007129206464825026,0.6896551724137931,0.19808080808080808,4300.0
2957.913232114333,2389.733837190424,-5523.4653632334375,0.006678366887782161,1.3793103448275863,0.19808080808080808,4300.0
3942.676122344651,3029.084664781716,-7186.872031747502,0.00627089429924414,2.0689655172413794,0.19808080808080808,4250.0
4768.028436680065,3487.749977050276,-8455.687633343237,0.00595704235506914,2.7586206896551726,0.19808080808080808,4250.0
5481.120294419396,3820.7811583662196,-9447.319807295622,0.005685157627167294,3.4482758620689657,0.19808080808080808,4250.0
6110.063731126027,4061.774637420952,-10235.763971033077,0.005446220001715007,4.137931034482759,0.19808080808080808,4250.0
6673.213705791397,4233.061325163314,-10870.338847035375,0.005233819849571144,4.827586206896552,0.19808080808080808,4250.0
7183.314353536308,4350.348451848405,-11385.804480110673,0.005019785462957976,5.517241379310345,0.19808080808080808,4200.0
7649.631391201806,4425.147469099146,-11806.631701496844,0.0048488034881502195,6.206896551724139,0.19808080808080808,4200.0
8079.1357405674735,4466.14859971422,-12151.25367772107,0.004693092330589729,6.8965517241379315,0.19808080808080808,4200.0
8477.218523986348,4480.0654788477295,-12433.71216012595,0.004550473499022874,7.586206896551724,0.19808080808080808,4200.0
8848.144317656725,4472.181115133175,-12664.889127973198,0.0044191912658720625,8.275862068965518,0.19808080808080808,4200.0
9195.353256002256,4446.713005085226,-12853.357112902318,0.004297809750459026,8.965517241379311,0.19808080808080808,4200.0
9521.656908946963,4407.059604334313,-13006.033885373261,0.004167492497901163,9.655172413793103,0.19808080808080808,4150.0
9829.390017781156,4355.993668121682,-13128.53572052926,0.004063259316798462,10.344827586206897,0.19808080808080808,4150.0
10120.51474472862,4295.790915393539,-13225.21893164354,0.003965841578392781,11.03448275862069,0.19808080808080808,4150.0
10396.693681983916,4228.3283050558575,-13299.816971207198,0.0038745317496608894,11.724137931034484,0.19808080808080808,4150.0
10659.348839314245,4155.163898419045,-13355.435038654905,0.0037887222722392776,12.413793103448278,0.19808080808080808,4150.0
10909.708269723335,4077.5946101189666,-13394.675090781013,0.0037078878446054463,13.10344827586207,0.19808080808080808,4150.0
11148.839149904365,3996.7029405657495,-13419.732030410116,0.003631571444168506,13.793103448275863,0.19808080808080808,4150.0
11377.674796398212,3913.3963220178266,-13432.468516228284,0.003559373201974211,14.482758620689657,0.19808080808080808,4150.0
11597.038185212952,3828.433334208474,-13434.473562947802,0.0034909415551465425,15.172413793103448,0.19808080808080808,4150.0
11807.655743900012,3742.449040424534,-13427.111233988762,0.0034259655391628385,15.862068965517242,0.19808080808080808,4150.0
12010.17280869881,3655.9762589967154,-13411.599376131933,0.003351261078813857,16.551724137931036,0.19808080808080808,4100.0
12205.165774367055,3569.459436517297,-13388.990761913985,0.003292742620870131,17.24137931034483,0.19808080808080808,4100.0
12393.153235875267,3483.2703536768504,-13360.081003835716,0.0032369175018558756,17.931034482758623,0.19808080808080808,4100.0
12574.604758227764,3397.7195431678697,-13325.63973627764,0.0031835899047087,18.620689655172416,0.19808080808080808,4100.0
12749.936806812035,3313.0595447108603,-13286.339223105038,0.0031325835197027526,19.310344827586206,0.19808080808080808,4100.0
12919.532491106376,3229.5018405782425,-13242.771124781197,0.0030837386838522742,20.0,0.19808080808080808,4100.0
0.0,0.0,6.881474271722254,0.007590639329508792,0.0,0.207979797979798,4300.0
1700.1524663069297,1447.105448606757,-3219.7714075574113,0.007040104485821147,0.6896551724137931,0.207979797979798,4300.0
2921.462734243148,2360.195427679563,-5459.351302219497,0.006600787069806332,1.3793103448275863,0.207979797979798,4300.0
3895.7247068327106,2992.8647719321193,-7108.89103523938,0.006202634933340477,2.0689655172413794,0.207979797979798,4250.0
4712.913517214336,3447.23355703794,-8369.660707183626,0.005896065046709708,2.7586206896551726,0.207979797979798,4250.0
5419.40892657214,3777.5171622759754,-9356.974259143899,0.005630224945053498,3.4482758620689657,0.207979797979798,4250.0
6042.88330552032,4016.831390554524,-10143.593988670524,0.005396392634318948,4.137931034482759,0.207979797979798,4250.0
6601.404804538333,4187.195169773971,-10778.05859471394,0.005188364883207227,4.827586206896552,0.207979797979798,4250.0
7107.529220796991,4304.110830492321,-11294.55930011208,0.0049781927847649815,5.517241379310345,0.207979797979798,4200.0
7570.386123714085,4378.943409849837,-11717.322267383417,0.004810506095365372,6.206896551724139,0.207979797979798,4200.0
7996.848538659383,4420.278753415576,-12064.482037608563,0.004657701970859699,6.8965517241379315,0.207979797979798,4200.0
8392.233373673393,4434.754907417203,-12349.902672046519,0.0045176663074169825,7.586206896551724,0.207979797979798,4200.0
8760.753684942345,4427.600116556996,-12584.33880801704,0.0043886931934368515,8.275862068965518,0.207979797979798,4200.0
9105.796022782308,4402.980180807491,-12776.267462616612,0.0042693874758803416,8.965517241379311,0.207979797979798,4200.0
9430.14435312853,4364.266234936248,-12932.473532206197,0.0041409521034793915,9.655172413793103,0.207979797979798,4150.0
9736.101937927937,4314.203354548075,-13058.64551127165,0.004038414015418091,10.344827586206897,0.207979797979798,4150.0
10025.605632764202,4255.042939679728,-13159.036805288757,0.003942540633078815,11.03448275862069,0.207979797979798,4150.0
10300.299146468795,4188.649433261652,-13237.350421228788,0.0038526428752631557,11.724137931034484,0.207979797979798,4150.0
10561.589557781765,4116.565733855108,-13296.668439611414,0.00376812874247178,12.413793103448278,0.207979797979798,4150.0
10810.69112043205,4040.081558883179,-13339.575284300467,0.003688486149084664,13.10344827586207,0.207979797979798,4150.0
11048.659100471783,3960.269606219004,-13368.252276432235,0.0036132694622000566,13.793103448275863,0.207979797979798,4150.0
11276.416989482292,3878.0311331246253,-13384.552431300079,0.003542088532280721,14.482758620689657,0.207979797979798,4150.0
11494.77762581011,3794.120423874786,-13390.05832713603,0.0034746000185423864,15.172413793103448,0.207979797979798,4150.0
11704.460096998695,3709.1684450516946,-13386.127945844128,0.003410500392434599,15.862068965517242,0.207979797979798,4150.0
11906.103420801051,3623.7040237748843,-13373.93134962803,0.003349520268595266,16.551724137931036,0.207979797979798,4150.0
12100.282090037867,3538.1727775725526,-13354.587681406025,0.003278827264459849,17.24137931034483,0.207979797979798,4100.0
12287.507552568119,3452.943652017826,-13328.887234239417,0.003223712465054362,17.931034482758623,0.207979797979798,4100.0
12468.239204820335,3368.323086479809,-13297.577169766162,0.00317105015118155,18.620689655172416,0.207979797979798,4100.0
12642.896593420453,3284.5672106759266,-13261.331990259576,0.0031206675357380426,19.310344827586206,0.207979797979798,4100.0
12811.859843824983,3201.886984824661,-13220.74126598848,0.0030724087476415394,20.0,0.207979797979798,4100.0
0.0,0.0,6.881474271722254,0.007486475540616882,0.0,0.21787878787878787,4300.0
1678.0783364462764,1428.2848359412012,-3179.0552151152515,0.006951023083046055,0.6896551724137931,0.21787878787878787,4300.0
2885.0106073263714,2330.657644976137,-5395.118319904104,0.00652306807411481,1.3793103448275863,0.21787878787878787,4300.0
3848.7309807681027,2956.6153369262856,-7030.622296854752,0.00613413345913562,2.0689655172413794,0.21787878787878787,4250.0
4657.706872794167,3406.653349526038,-8283.167932882978,0.00583477311894964,2.7586206896551726,0.21787878787878787,4250.0
5357.558234454357,3734.160130854436,-9265.990552768606,0.005574927218938163,3.4482758620689657,0.21787878787878787,4250.0
5975.5122606914665,3971.765324991021,-10050.624758370213,0.005346165404226837,4.137931034482759,0.21787878787878787,4250.0
6529.354948175841,4141.179668573753,-10684.832146137458,0.005142486047889063,4.827586206896552,0.21787878787878787,4250.0
7031.456229990832,4257.702039288616,-11202.234854460286,0.004936163387078094,5.517241379310345,0.21787878787878787,4200.0
7490.808309783315,4332.549245947967,-11626.815048780874,0.004771761379804229,6.206896551724139,0.21787878787878787,4200.0
7914.186145759501,4374.204516255176,-11976.406323539028,0.004621858384767634,6.8965517241379315,0.21787878787878787,4200.0
8306.836736415838,4389.230770751169,-12264.695484794858,0.004484403007694576,7.586206896551724,0.21787878787878787,4200.0
8672.907780972739,4382.791531851028,-12502.307168302541,0.004357739018128961,8.275862068965518,0.21787878787878787,4200.0
9015.75103871509,4359.014272320385,-12697.623359322315,0.004240510737243823,8.965517241379311,0.21787878787878787,4200.0
9338.10605716557,4321.2322364311985,-12857.349252187938,0.004131594783782566,9.655172413793103,0.21787878787878787,4200.0
9642.253076483923,4272.165814093319,-12987.079910937944,0.0040131236413319515,10.344827586206897,0.21787878787878787,4150.0
9930.104838227267,4214.046239884816,-13091.130442137386,0.0039187996545505975,11.03448275862069,0.21787878787878787,4150.0
10203.283958699858,4148.719981022891,-13173.117380819102,0.003830319663948014,11.724137931034484,0.21787878787878787,4150.0
10463.18100094383,4077.7175319254725,-13236.098781899003,0.0037471071342016554,12.413793103448278,0.21787878787878787,4150.0
10710.99647573072,4002.317158864115,-13282.641134207748,0.003668663046633499,13.10344827586207,0.21787878787878787,4150.0
10947.77412574524,3923.5864949458028,-13314.912483526801,0.0035945528833393036,13.793103448275863,0.21787878787878787,4150.0
11174.427314071205,3842.4168309463766,-13334.755398357134,0.0035243961355675897,14.482758620689657,0.21787878787878787,4150.0
11391.760037221853,3759.559335764378,-13343.744456512279,0.0034578578493840426,15.172413793103448,0.21787878787878787,4150.0
11600.485294563185,3675.642869864176,-13343.231282387707,0.00339464192608365,15.862068965517242,0.21787878787878787,4150.0
11801.23641316653,3591.1934938588806,-13334.38345296235,0.0033344850988448623,16.551724137931036,0.21787878787878787,4150.0
11994.57765296349,3506.6502925030177,-13318.252314368743,0.003264533763463145,17.24137931034483,0.21787878787878787,4100.0
12181.015725202797,3422.3823457865487,-13295.755157969696,0.0032101365090391183,17.931034482758623,0.21787878787878787,4100.0
12361.011281136374,3338.698058555719,-13267.575065749435,0.0031581462855320664,18.620689655172416,0.21787878787878787,4100.0
12534.976450022987,3255.8510025539263,-13234.384158757624,0.003108394463544323,19.310344827586206,0.21787878787878787,4100.0
12703.283653874145,3174.049495981192,-13196.77331985494,0.0030607284107457143,20.0,0.21787878787878787,4100.0
0.0,0.0,6.881474271722254,0.007382581863940046,0.0,0.22777777777777777,4300.0
1656.026830324398,1409.4842728560177,-3138.3455909320546,0.006861962573053092,0.6896551724137931,0.22777777777777777,4300.0
2848.5579418054926,2301.1215378754623,-5330.7670985519435,0.0064452105430472285,1.3793103448275863,0.22777777777777777,4300.0
3801.6934900535284,2920.335038094552,-6952.066386698672,0.006065390366347032,2.0689655172413794,0.22777777777777777,4250.0
4602.408049431916,3366.009014442449,-8196.209452905023,0.005773166401061332,2.7586206896551726,0.22777777777777777,4250.0
5295.565222867015,3690.707521689789,-9174.36760676284,0.005519263753186943,3.4482758620689657,0.22777777777777777,4250.0
5907.948388025544,3926.5747283180576,-9956.854188650745,0.005295536696682353,4.137931034482759,0.22777777777777777,4250.0
6457.066950679502,4095.017416049044,-10590.655729967359,0.005096181062653974,4.827586206896552,0.22777777777777777,4250.0
6955.095923715292,4211.122210854334,-11108.825605043574,0.00489369439482103,5.517241379310345,0.22777777777777777,4200.0
7410.8982751948415,4285.966710577174,-11535.102119658688,0.004732566050772217,6.206896551724139,0.22777777777777777,4200.0
7831.150082947286,4327.927777368731,-11887.01663702431,0.004585557750196815,6.8965517241379315,0.22777777777777777,4200.0
8221.021087943074,4343.488053985359,-12178.07861629904,0.00445067926587889,7.586206896551724,0.22777777777777777,4200.0
8584.606544740893,4337.755271047495,-12418.780833190758,0.004326323753483816,8.275862068965518,0.22777777777777777,4200.0
8925.210110969803,4314.811044514826,-12617.409001784581,0.0042111743770203765,8.965517241379311,0.22777777777777777,4200.0
9245.539723856453,4277.957232412219,-12780.595845828138,0.0041041395730528046,9.655172413793103,0.22777777777777777,4200.0
9547.84201257659,4229.881752258173,-12913.818360232472,0.003987382627946063,10.344827586206897,0.22777777777777777,4150.0
9834.007113376729,4172.798855783799,-13021.477383926242,0.0038946127758727744,11.03448275862069,0.22777777777777777,4150.0
10105.639419967942,4108.536162065916,-13107.093448731292,0.0038075560396633817,11.724137931034484,0.22777777777777777,4150.0
10364.113268911275,4038.614658738752,-13173.700524972723,0.0037256510340238237,12.413793103448278,0.22777777777777777,4150.0
10610.614700200644,3964.2983554331063,-13223.846324937425,0.0036484117161141205,13.10344827586207,0.22777777777777777,4150.0
10846.175999908743,3886.6488743416717,-13259.684587630807,0.0035754146651920215,13.793103448275863,0.22777777777777777,4150.0
11071.700180572227,3806.552327927703,-13283.047032579772,0.0035062889263575026,14.482758620689657,0.22777777777777777,4150.0
11287.982077425399,3724.751488178424,-13295.499363626142,0.0034407080067993976,15.172413793103448,0.22777777777777777,4150.0
11495.72612507086,3641.8722209877974,-13298.388844987603,0.003378382734264151,15.862068965517242,0.22777777777777777,4150.0
11695.5585191774,3558.4377462075286,-13292.877892455595,0.0033190562532118047,16.551724137931036,0.22777777777777777,4150.0
11888.03859621229,3474.886404405143,-13279.97356797479,0.0032624995023764823,17.24137931034483,0.22777777777777777,4150.0
12073.673314785236,3391.586912355995,-13260.648902371635,0.0031961819219179853,17.931034482758623,0.22777777777777777,4100.0
12252.911041729736,3308.8420784389878,-13235.594683048017,0.003144870772687737,18.620689655172416,0.22777777777777777,4100.0
12426.160167865914,3226.9058049097507,-13205.45654184479,0.003095756591645283,19.310344827586206,0.22777777777777777,4100.0
12593.797945752176,3145.9903389049714,-13170.826715647228,0.0030486900373101946,20.0,0.22777777777777777,4100.0
0.0,0.0,6.881474271722254,0.00727895671962566,0.0,0.23767676767676768,4300.0
1633.997854490663,1390.703679545818,-3097.6426852016593,0.006772923268985692,0.6896551724137931,0.23767676767676768,4300.0
2812.10331450136,2271.585760498038,-5266.298235643902,0.006367215200683146,1.3793103448275863,0.23767676767676768,4300.0
3754.6121819169775,2884.023860690373,-6873.223884812796,0.005996406116876046,2.0689655172413794,0.23767676767676768,4250.0
4547.01696623883,3325.300567604092,-8108.785257669588,0.005711244841942402,2.7586206896551726,0.23767676767676768,4250.0
5233.429166637308,3647.1588338763536,-9082.104326574496,0.005463233819300334,3.4482758620689657,0.23767676767676768,4250.0
5840.191879535726,3881.259970087688,-9862.27982188214,0.005244505065122317,4.137931034482759,0.23767676767676768,4250.0
6384.536076930909,4048.703911559039,-10495.525328645657,0.005049447741468004,4.827586206896552,0.23767676767676768,4250.0
6878.447337786916,4164.371866947052,-11014.325569242152,0.004850783091425815,5.517241379310345,0.23767676767676768,4200.0
7330.653812251808,4239.194556997502,-11442.175156726902,0.00469291699307196,6.206896551724139,0.23767676767676768,4200.0
7747.733989036221,4281.444145887862,-11796.303454963949,0.004548796037408357,6.8965517241379315,0.23767676767676768,4200.0
8134.784742059005,4297.526353988895,-12090.039482097462,0.00441649096615013,7.586206896551724,0.23767676767676768,4200.0
8495.845702354382,4292.489594132461,-12333.745673585523,0.0042944425659809556,8.275862068965518,0.23767676767676768,4200.0
8834.172220980116,4270.370899856681,-12535.608654186552,0.004181373021888134,8.965517241379311,0.23767676767676768,4200.0
9152.437601097869,4234.436112091326,-12702.18830066701,0.004076221854950976,9.655172413793103,0.23767676767676768,4200.0
9452.862363318254,4187.3486653719965,-12838.841449825515,0.003961185005344547,10.344827586206897,0.23767676767676768,4150.0
9737.310178699261,4131.300342445965,-12950.056311225395,0.003869973751199964,11.03448275862069,0.23767676767676768,4150.0
10007.365683055905,4068.100457647009,-13039.255735108993,0.003784345411615058,11.724137931034484,0.23767676767676768,4150.0
10264.386500785073,3999.257699847868,-13109.44866339027,0.0037037536539581977,12.413793103448278,0.23767676767676768,4150.0
10509.54512269634,3926.026731600999,-13163.163555841718,0.003627725249865936,13.10344827586207,0.23767676767676768,4150.0
10743.861305273878,3849.4582326599457,-13202.539085921482,0.0035558478260569724,13.793103448275863,0.23767676767676768,4150.0
10968.227994725996,3770.433873252593,-13229.39570644797,0.0034877599216216037,14.482758620689657,0.23767676767676768,4150.0
11183.43179428811,3689.691908541966,-13245.291717389562,0.0034231430521450114,15.172413793103448,0.23767676767676768,4150.0
11390.16891800612,3607.851699295136,-13251.567047903962,0.0033617153343724125,15.862068965517242,0.23767676767676768,4150.0
11589.061556974608,3525.436514093815,-13249.378698318047,0.0033032263045693847,16.551724137931036,0.23767676767676768,4150.0
11780.662201024425,3442.8815760717557,-13239.731988671789,0.003247452178439134,17.24137931034483,0.23767676767676768,4150.0
11965.467187987308,3360.551116032538,-13223.530507569958,0.0031818410567444983,17.931034482758623,0.23767676767676768,4100.0
12143.924290709056,3278.7494660185866,-13201.596408114448,0.003131215953972626,18.620689655172416,0.23767676767676768,4100.0
12316.443584098184,3197.731900737088,-13174.509450371843,0.003082746108662446,19.310344827586206,0.23767676767676768,4100.0
12483.387241521563,3117.704193276548,-13142.85907349205,0.0030362859367096743,20.0,0.23767676767676768,4100.0
0.0,0.0,6.881474271722254,0.007175598542648921,0.0,0.24757575757575756,4300.0
1611.9912981137072,1371.9429595782015,-3056.9466277186366,0.0066839055073290065,0.6896551724137931,0.24757575757575756,4300.0
2775.646692772591,2242.0502957690755,-5201.712329763432,0.006289082754060727,1.3793103448275863,0.24757575757575756,4300.0
3707.4870602518527,2847.6818519142744,-6794.095374614277,0.005927181168758917,2.0689655172413794,0.24757575757575756,4250.0
4491.53598586654,3284.5302439843,-8020.895345308752,0.0056490083831119845,2.7586206896551726,0.24757575757575756,4250.0
5171.150925130461,3603.515005871338,-8989.19957994335,0.005406836699526967,3.4482758620689657,0.24757575757575756,4250.0
5772.24372978856,3835.8213465179633,-9766.899157980552,0.005193069137607811,4.137931034482759,0.24757575757575756,4250.0
6311.761146406984,4002.2393721136687,-10399.436770422872,0.005002284002541818,4.827586206896552,0.24757575757575756,4250.0
6801.506588131015,4117.448230271386,-10918.72849058592,0.004807426910670052,5.517241379310345,0.24757575757575756,4200.0
7250.071097899583,4192.230224912329,-11348.026584970139,0.004652810738498386,6.206896551724139,0.24757575757575756,4200.0
7663.936867933185,4234.75357144674,-11704.256728495937,0.0045115693523879,6.8965517241379315,0.24757575757575756,4200.0
8048.127115449957,4251.344632971274,-12000.56666765143,0.0043818335010306015,7.586206896551724,0.24757575757575756,4200.0
8406.619417238175,4246.991557579095,-12247.186888516611,0.004262090835341305,8.275862068965518,0.24757575757575756,4200.0
8742.633335442451,4225.691961444247,-12452.205845933458,0.0041511014227031936,8.965517241379311,0.24757575757575756,4200.0
9058.799072838468,4190.669586323063,-12622.108229716388,0.0040478359565198204,9.655172413793103,0.24757575757575756,4200.0
9357.308206143349,4144.563850205182,-12762.15655997394,0.003951430724117567,10.344827586206897,0.24757575757575756,4200.0
9640.004444749518,4089.5446518794643,-12876.845046216724,0.0038448762925728137,11.03448275862069,0.24757575757575756,4150.0
9908.45109207946,4027.406716897105,-12969.57998737909,0.0037606812609963093,11.724137931034484,0.24757575757575756,4150.0
10163.988243512124,3959.6411831542464,-13043.316875509445,0.0036814082849718115,12.413793103448278,0.24757575757575756,4150.0
10407.77429551496,3887.4952360992256,-13100.564333007875,0.0036065968268539504,13.10344827586207,0.24757575757575756,4150.0
10640.817268856084,3812.008885473509,-13143.446267127103,0.0035358453082307956,13.793103448275863,0.24757575757575756,4150.0
10864.000147079492,3734.058022580635,-13173.77143829169,0.0034688016393677884,14.482758620689657,0.24757575757575756,4150.0
11078.102300546956,3654.377561069649,-13193.088801250124,0.003405155506590243,15.172413793103448,0.24757575757575756,4150.0
11283.81041605909,3573.5821487039498,-13202.730796782751,0.0033446322693915635,15.862068965517242,0.24757575757575756,4150.0
11481.737678346204,3492.188131786849,-13203.850938294105,0.0032869874483305206,16.551724137931036,0.24757575757575756,4150.0
11672.43193419232,3410.630663885426,-13197.45023177479,0.003232002830356694,17.24137931034483,0.24757575757575756,4150.0
11856.386917746711,3329.273914654079,-13184.40010711323,0.0031794829790681624,17.931034482758623,0.24757575757575756,4150.0
12034.046619944738,3248.4211188791814,-13165.541582944461,0.0031171737982803598,18.620689655172416,0.24757575757575756,4100.0
12205.809264387522,3168.3226057133807,-13141.501108358701,0.0030693551629764277,19.310344827586206,0.24757575757575756,4100.0
12372.041592025977,3089.188233305152,-13112.829452216982,0.0030235078791990217,20.0,0.24757575757575756,4100.0
0.0,0.0,6.881474271722254,0.007072505782618712,0.0,0.25747474747474747,4300.0
1590.0070896813188,1353.2020538625027,-3016.2575857340053,0.0065949095645674305,0.6896551724137931,0.25747474747474747,4300.0
2739.1880453735666,2212.515127802131,-5137.009978048394,0.00621081390511123,1.3793103448275863,0.25747474747474747,4300.0
3660.3202179203677,2811.311002812949,-6714.681387294579,0.005857716012989547,2.0689655172413794,0.25747474747474747,4250.0
4435.962279006926,3243.695532502248,-7932.539670950675,0.00558645697044444,2.7586206896551726,0.25747474747474747,4250.0
5108.730792096779,3559.775800167297,-8895.65261617137,0.005350071525328296,3.4482758620689657,0.25747474747474747,4250.0
5704.100534411926,3790.256954747249,-9670.709508115004,0.0051412275590931025,4.137931034482759,0.25747474747474747,4250.0
6238.744849865579,3955.626443582838,-10302.38562375612,0.004954687847454006,4.827586206896552,0.25747474747474747,4250.0
6724.274335096108,4070.3523345963627,-10822.02849990956,0.004763623072917549,5.517241379310345,0.25747474747474747,4200.0
7169.1512468873425,4145.075242924987,-11252.64858274821,0.00461224386510525,6.206896551724139,0.25747474747474747,4200.0
7579.757879029468,4187.855707124026,-11610.865882156788,0.004473874005304087,6.8965517241379315,0.25747474747474747,4200.0
7961.041980923577,4204.940196869453,-11909.648031460463,0.004346702399776699,7.586206896551724,0.25747474747474747,4200.0
8316.929784054102,4201.263740071495,-12159.090869307664,0.00422926348353137,8.275862068965518,0.25747474747474747,4200.0
8650.586694376965,4180.769795847219,-12367.18378963472,0.004120354432951139,8.965517241379311,0.25747474747474747,4200.0
8964.617199571054,4146.654777515658,-12540.336511519134,0.004018976341961417,9.655172413793103,0.25747474747474747,4200.0
9261.17834514834,4101.527955036633,-12683.754064234126,0.003924290653085482,10.344827586206897,0.25747474747474747,4200.0
9542.088560289594,4047.533943140777,-12801.820455118439,0.003819314226267887,11.03448275862069,0.25747474747474747,4150.0
9808.892614231989,3986.4543370626734,-12898.040980901664,0.0037365571798539006,11.724137931034484,0.25747474747474747,4150.0
10062.914709903715,3919.76508182913,-12975.278406256279,0.0036586082252383035,12.413793103448278,0.25747474747474747,4150.0
10305.299078559778,3848.7029235224245,-13036.021063423992,0.0035850193525501267,13.10344827586207,0.25747474747474747,4150.0
10537.041538123787,3774.3016537251024,-13082.37689708532,0.003515399763076713,13.793103448275863,0.25747474747474747,4150.0
10759.014347049791,3697.4263019146774,-13116.142431315413,0.0034494066509493386,14.482758620689657,0.25747474747474747,4150.0
10971.985650787292,3618.807045599698,-13138.856487108882,0.0033867379285148188,15.172413793103448,0.25747474747474747,4150.0
11176.636711895037,3539.055932996049,-13151.8460557968,0.003327125717368673,15.862068965517242,0.25747474747474747,4150.0
11373.574032332917,3458.6873442745186,-13156.258404923115,0.003270331840398262,16.551724137931036,0.25747474747474747,4150.0
11563.342044882365,3378.133539704429,-13153.08957214444,0.003216143653037843,17.24137931034483,0.25747474747474747,4150.0
11746.424721802574,3297.7541795111706,-13143.21019790972,0.003164370225302477,17.931034482758623,0.25747474747474747,4150.0
11923.26035998059,3217.851517609126,-13127.389149529328,0.003102736335475203,18.620689655172416,0.25747474747474747,4100.0
12094.249458111848,3138.6785673211784,-13106.390214747931,0.0030555755091261853,19.310344827586206,0.25747474747474747,4100.0
12259.750404302378,3060.441902943995,-13080.694786382599,0.0030103477536812893,20.0,0.25747474747474747,4100.0
0.0,0.0,6.881474271722254,0.00696967690358685,0.0,0.2673737373737374,4300.0
1568.0451413346593,1334.480887665516,-2975.575707283606,0.006505935742098829,0.6896551724137931,0.2673737373737374,4300.0
2702.727320399069,2182.980223547684,-5072.1917754446185,0.006132409353806362,1.3793103448275863,0.2673737373737374,4300.0
3613.1094122767104,2774.9092457272,-6635.001552767455,0.005820354560465764,2.0689655172413794,0.2673737373737374,4300.0
4380.2956709830205,3202.796351470964,-7843.71825111394,0.005523590527636301,2.7586206896551726,0.2673737373737374,4250.0
5046.166549763351,3515.9398470155065,-8801.462414669048,0.00529293755847955,3.4482758620689657,0.2673737373737374,4250.0
5635.7619691172085,3744.5667382314177,-9573.708812410412,0.0050889787337551895,4.137931034482759,0.2673737373737374,4250.0
6165.482655461508,3908.8615523122057,-10204.36814057199,0.004906656987414538,4.827586206896552,0.2673737373737374,4250.0
6646.749237072555,4023.083460133181,-10724.242063027239,0.004742223335941438,5.517241379310345,0.2673737373737374,4250.0
7087.890782300015,4097.727305073357,-11156.033038501388,0.004571213043339215,6.206896551724139,0.2673737373737374,4200.0
7495.191732064262,4140.746467393585,-11516.121356682925,0.004435705895829315,6.8965517241379315,0.2673737373737374,4200.0
7873.529277579639,4158.313989672819,-11817.27094436175,0.004311093314598644,7.586206896551724,0.2673737373737374,4200.0
8226.768582813866,4155.3008760094835,-12069.44325503183,0.0041959555194196274,8.275862068965518,0.2673737373737374,4200.0
8558.033908485351,4135.606383806492,-12280.526634642563,0.004089126482422951,8.965517241379311,0.2673737373737374,4200.0
8869.887235121058,4102.389587840549,-12456.85509739154,0.00398963714639124,9.655172413793103,0.2673737373737374,4200.0
9164.463217384122,4058.2340398197466,-12603.57559178165,0.0038966736765709805,10.344827586206897,0.2673737373737374,4200.0
9443.554171112733,4005.2639409862063,-12724.960199375288,0.0037932811587625837,11.03448275862069,0.2673737373737374,4150.0
9708.683848048026,3945.2397586735533,-12824.61474845776,0.00371196640135614,11.724137931034484,0.2673737373737374,4150.0
9961.159629613554,3879.627089632876,-12905.30734610727,0.0036353464262139164,12.413793103448278,0.2673737373737374,4150.0
10202.111497080567,3809.6480970226003,-12969.505375450746,0.0035629856131356675,13.10344827586207,0.2673737373737374,4150.0
10432.52295630793,3736.3297740926973,-13019.30016779917,0.003494503868323407,13.793103448275863,0.2673737373737374,4150.0
10653.25584874299,3660.5320076151406,-13056.475632414229,0.0034295675823786294,14.482758620689657,0.2673737373737374,4150.0
10865.070437495144,3582.976537104163,-13082.561932245291,0.0033678824843815895,15.172413793103448,0.2673737373737374,4150.0
11068.641630922066,3504.273978631485,-13098.877537574386,0.003309187814014982,15.862068965517242,0.2673737373737374,4150.0
11264.566189894085,3424.933630716102,-13106.563250731204,0.0032532516219697673,16.551724137931036,0.2673737373737374,4150.0
11453.38037900173,3345.384386360286,-13106.61266724659,0.0031998663828231256,17.24137931034483,0.2673737373737374,4150.0
11635.56581727632,3265.98595441719,-13099.892247467855,0.00314884611981567,17.931034482758623,0.2673737373737374,4150.0
11811.559917814095,3187.0406399060557,-13087.160038941845,0.0031000235436812475,18.620689655172416,0.2673737373737374,4150.0
11981.751754484974,3108.7963426286396,-13069.134623665981,0.003041398868496714,19.310344827586206,0.2673737373737374,4100.0
12146.497819239617,3031.460524626547,-13046.410136924991,0.002996797355561162,20.0,0.2673737373737374,4100.0
0.0,0.0,6.881474271722254,0.00686711038386044,0.0,0.2772727272727273,4300.0
1546.10536327908,1315.7793843286713,-2934.901135923865,0.006416984342026862,0.6896551724137931,0.2772727272727273,4300.0
2666.2658730927183,2153.4468997714275,-5007.2583147377445,0.006053869798187268,1.3793103448275863,0.2772727272727273,4300.0
3565.8546522198894,2738.4766201952234,-6555.052340872797,0.005750122549140875,2.0689655172413794,0.2772727272727273,4300.0
4324.536814115017,3161.832779658583,-7754.431279875476,0.005460408906758487,2.7586206896551726,0.2772727272727273,4250.0
4983.457773021308,3472.007068218916,-8706.627922970809,0.005235434126167858,3.4482758620689657,0.2772727272727273,4250.0
5567.230503198125,3698.753082635374,-9475.89467990306,0.0050363211999595705,4.137931034482759,0.2772727272727273,4250.0
6091.973347570162,3861.9440049833443,-10105.380283778053,0.004858189237161767,4.827586206896552,0.2772727272727273,4250.0
6568.927784141285,3975.639131579424,-10625.37594394829,0.004697417062409969,5.517241379310345,0.2772727272727273,4250.0
7006.286105458863,4050.183296221663,-11058.171478974182,0.004529715086455815,6.206896551724139,0.2772727272727273,4200.0
7410.238751906038,4093.4278200342214,-11420.013066037172,0.004397061014726786,6.8965517241379315,0.2772727272727273,4200.0
7785.584986406042,4111.463686056618,-11723.423196181684,0.004275001781071624,7.586206896551724,0.2772727272727273,4200.0
8136.133779308202,4109.101935978723,-11978.229085243154,0.004162162071160649,8.275862068965518,0.2772727272727273,4200.0
8464.966198690774,4090.197281481635,-12192.217611510445,0.004057412120814314,8.965517241379311,0.2772727272727273,4200.0
8774.608202030835,4057.874638439248,-12371.645246271473,0.0039598124658323415,9.655172413793103,0.2772727272727273,4200.0
9067.161604177203,4014.684252763562,-12521.600442122915,0.0038685734974000523,10.344827586206897,0.2772727272727273,4200.0
9344.396371174054,3962.732993119723,-12646.26467288292,0.003783025544651242,11.03448275862069,0.2772727272727273,4200.0
9607.817048456336,3903.760919558127,-12749.276239554041,0.0036869021292894742,11.724137931034484,0.2772727272727273,4150.0
9858.713965835852,3839.222049301528,-12833.376340525247,0.003611615883219707,12.413793103448278,0.2772727272727273,4150.0
10098.202706807408,3770.327280660429,-12900.987599097927,0.0035404884526624276,13.10344827586207,0.2772727272727273,4150.0
10327.254805209572,3698.0931674618773,-12954.185111747742,0.003473150185212187,13.793103448275863,0.2772727272727273,4150.0
10546.721568023713,3623.3738864018546,-12994.739661072257,0.0034092765906553347,14.482758620689657,0.2772727272727273,4150.0
10757.35338928962,3546.886574911874,-13024.170815883932,0.0033485813269185072,15.172413793103448,0.2772727272727273,4150.0
10959.814854513792,3469.2330274279957,-13043.788372141615,0.0032908106868008947,15.862068965517242,0.2772727272727273,4150.0
11154.698645998627,3390.9222172517066,-13054.7288766786,0.0032357385125940086,16.551724137931036,0.2772727272727273,4150.0
11342.5372486904,3312.382120922122,-13057.980345270043,0.0031831628016256784,17.24137931034483,0.2772727272727273,4150.0
11523.805030051763,3233.969291838874,-13054.404765824314,0.0031329024279169917,17.931034482758623,0.2772727272727273,4150.0
11698.93035852898,3155.9820557192315,-13044.760255831192,0.0030847939641912214,18.620689655172416,0.2772727272727273,4150.0
11868.303159865918,3078.670595917346,-13029.7112853957,0.0030386901653185823,19.310344827586206,0.2772727272727273,4150.0
12032.277627750227,3002.2421001880657,-13009.932324045221,0.002982847891359528,20.0,0.2772727272727273,4100.0
0.0,0.0,6.881474271722254,0.006764804715817466,0.0,0.2871717171717172,4300.0
1524.1880031420778,1297.0978019427534,-2894.2340140268425,0.006328055661165765,0.6896551724137931,0.2871717171717172,4300.0
2629.802673097964,2123.914176392651,-4942.210149589133,0.005975195961089836,1.3793103448275863,0.2871717171717172,4300.0
3518.555891106452,2702.013117120279,-6474.819538005409,0.005679647959140038,2.0689655172413794,0.2871717171717172,4300.0
4268.686833387374,3120.8065155630707,-7664.678792918072,0.005396912046369919,2.7586206896551726,0.2871717171717172,4250.0
4920.607171518752,3427.9800490558728,-8611.14796555251,0.0051775605748460565,3.4482758620689657,0.2871717171717172,4250.0
5498.502142573674,3652.812715890529,-9377.264653522165,0.0049832535565062655,4.137931034482759,0.2871717171717172,4250.0
6018.219663877014,3814.8765046938106,-10005.417889343786,0.004809282477671352,4.827586206896552,0.2871717171717172,4250.0
6490.810856487484,3928.020620956888,-10525.38919979828,0.004652151221088837,5.517241379310345,0.2871717171717172,4250.0
6924.339673536621,4002.446175398531,-10959.056452516197,0.004487746402620383,6.206896551724139,0.2871717171717172,4200.0
7324.89562428305,4045.8978126900865,-11322.530511236117,0.004357935456808576,6.8965517241379315,0.2871717171717172,4200.0
7697.204553761643,4064.3866414436643,-11628.09273045393,0.004238423147077387,7.586206896551724,0.2871717171717172,4200.0
8045.023586034904,4062.666168283649,-11885.433967436336,0.004127878124490435,8.275862068965518,0.2871717171717172,4200.0
8371.38105763899,4044.541935804333,-12102.239187048137,0.004025206064320724,8.965517241379311,0.2871717171717172,4200.0
8678.770895527476,4013.1034356561504,-12284.687388084378,0.003929496507568367,9.655172413793103,0.2871717171717172,4200.0
8969.26643138629,3970.875159555472,-12437.806930811894,0.0038399839171272816,10.344827586206897,0.2871717171717172,4200.0
9244.611272898532,3919.9385542432615,-12565.733119212731,0.0037560186086501236,11.03448275862069,0.2871717171717172,4200.0
9506.289774169176,3862.0180738033237,-12671.99933531908,0.003661357653868769,11.724137931034484,0.2871717171717172,4150.0
9755.575393512067,3798.5509746465605,-12759.45757717498,0.003587409568955206,12.413793103448278,0.2871717171717172,4150.0
9993.5693736624,3730.7398952484514,-12830.438995193479,0.0035175204406121163,13.10344827586207,0.2871717171717172,4150.0
10221.230833198479,3659.5901815481475,-12887.00115437353,0.0034513310481115796,13.793103448275863,0.2871717171717172,4150.0
10439.400432046448,3585.9490903257006,-12930.901131043967,0.003388525910509818,14.482758620689657,0.2871717171717172,4150.0
10648.819149091598,3510.528627244556,-12963.64735444056,0.0033288266138367635,15.172413793103448,0.2871717171717172,4150.0
10850.146209829927,3433.9290396382016,-12986.542989802678,0.0032719860517885727,15.862068965517242,0.2871717171717172,4150.0
11043.966948437685,3356.6536499893737,-13000.71707383496,0.0032177842576102903,16.551724137931036,0.2871717171717172,4150.0
11230.803077817076,3279.124852519493,-13007.151778355,0.0031660246415777652,17.24137931034483,0.2871717171717172,4150.0
11411.125617591793,3201.699135011706,-13006.707817769406,0.0031165304313925434,17.931034482758623,0.2871717171717172,4150.0
11585.36228879412,3124.6759857763686,-13000.138371684254,0.0030691427369981873,18.620689655172416,0.2871717171717172,4150.0
11753.894857814295,3048.302070463513,-12988.107193931639,0.003023717756062741,19.310344827586206,0.2871717171717172,4150.0
11917.070785383145,2972.782465013939,-12971.215350260398,0.002968490772933113,20.0,0.2871717171717172,4100.0
0.0,0.0,6.881474271722254,0.006662758405725382,0.0,0.29707070707070704,4300.0
1502.293308590729,1278.43638838168,-2853.5744824530193,0.006239149993181688,0.6896551724137931,0.29707070707070704,4300.0
2593.337334644021,2094.3816987557143,-4877.047890777969,0.0058963885193474,1.3793103448275863,0.29707070707070704,4300.0
3471.2147088068787,2665.520273016054,-6394.303718317693,0.005608931275845239,2.0689655172413794,0.29707070707070704,4300.0
4212.743560875418,3079.715654361008,-7574.460804477203,0.00533309993414789,2.7586206896551726,0.29707070707070704,4250.0
4857.611328005823,3383.855847871096,-8515.021742770514,0.005119316099615399,3.4482758620689657,0.29707070707070704,4250.0
5429.57599984132,3606.745118354015,-9277.816045019528,0.004929774502543616,4.137931034482759,0.29707070707070704,4250.0
5944.216872961551,3767.6553328445434,-9904.47645694852,0.0047599347345259665,4.827586206896552,0.29707070707070704,4250.0
6412.396221715032,3880.225346368818,-10424.276165534182,0.004606422864780535,5.517241379310345,0.29707070707070704,4250.0
6842.045982812133,3954.512426643419,-10858.679816706317,0.004445303576369355,6.206896551724139,0.29707070707070704,4200.0
7239.157914631351,3998.1536658935333,-11223.663364341992,0.004318325299387191,6.8965517241379315,0.29707070707070704,4200.0
7608.38978826436,4017.084599408985,-11531.26689360058,0.004201352868462959,7.586206896551724,0.29707070707070704,4200.0
7953.431419129904,4015.9904991801113,-11791.043467226104,0.004093098506200814,8.275862068965518,0.29707070707070704,4200.0
8277.275987369934,3998.6396129012564,-12010.575199038198,0.003992502627006149,8.965517241379311,0.29707070707070704,4200.0
8582.374778942281,3968.0776574594897,-12195.962680712408,0.003898683303747596,9.655172413793103,0.29707070707070704,4200.0
8870.772077307925,3926.8043769470582,-12352.173851014391,0.0038108986142705247,10.344827586206897,0.29707070707070704,4200.0
9144.189388798903,3876.8769041388005,-12483.297143342403,0.0037285185900026666,11.03448275862069,0.29707070707070704,4200.0
9404.09121061468,3820.0054380960587,-12592.75910887299,0.003635325959486326,11.724137931034484,0.29707070707070704,4150.0
9651.732234736199,3757.6087289808297,-12683.524103897667,0.003562720164829543,12.413793103448278,0.29707070707070704,4150.0
9888.199274993654,3690.879307762737,-12757.829969453152,0.0034940740664009765,13.10344827586207,0.29707070707070704,4150.0
10114.439771204436,3620.815737495097,-12817.716051031719,0.0034290388010127042,13.793103448275863,0.29707070707070704,4150.0
10331.284356260545,3548.255473542287,-12864.925771252201,0.0033673077177061406,14.482758620689657,0.29707070707070704,4150.0
10539.464579387195,3473.905537794363,-12900.95728522056,0.0033086100729393187,15.172413793103448,0.29707070707070704,4150.0
10739.62939273966,3398.3605254885974,-12927.10420028316,0.003252705650414878,15.862068965517242,0.29707070707070704,4150.0
10932.356483813466,3322.120500721277,-12944.487990555404,0.003199380552986252,16.551724137931036,0.29707070707070704,4150.0
11118.165035293323,3245.6074103762685,-12954.08786466736,0.0031484431223826764,17.24137931034483,0.29707070707070704,4150.0
11297.52201834787,3169.1756393776914,-12956.75869061178,0.003099721561130804,17.931034482758623,0.29707070707070704,4150.0
11470.843622512448,3093.1191611606737,-12953.251128590804,0.0030530609566624223,18.620689655172416,0.29707070707070704,4150.0
11638.510752676566,3017.6857466522924,-12944.227622149017,0.003008321219957635,19.310344827586206,0.29707070707070704,4150.0
11800.8716513669,2943.082575865175,-12930.271133225819,0.0029653756099516132,20.0,0.29707070707070704,4150.0
0.0,0.0,6.881474271722254,0.00656096997356279,0.0,0.30696969696969695,4300.0
1480.4205237737874,1259.7944161222583,-2812.922680573589,0.00615026762863301,0.6896551724137931,0.30696969696969695,4300.0
2556.869858759219,2064.849480123108,-4811.772164481066,0.005817448137312081,1.3793103448275863,0.30696969696969695,4300.0
3423.830113417793,2628.9969372424525,-6313.505468981435,0.005537972960600986,2.0689655172413794,0.30696969696969695,4300.0
4156.706795314616,3038.560093455769,-7483.777283538111,0.005268972559417072,2.7586206896551726,0.30696969696969695,4250.0
4794.469913341913,3339.634311623224,-8418.248374427254,0.005060699940906414,3.4482758620689657,0.30696969696969695,4250.0
5360.454878221552,3560.5529957222598,-9177.546753355418,0.004875882493080415,4.137931034482759,0.30696969696969695,4250.0
5869.963847039719,3720.2797158662747,-9802.552323965974,0.004710143704579353,4.827586206896552,0.30696969696969695,4250.0
6333.68090595362,3832.2523267121783,-10322.030908835382,0.004560229101151365,5.517241379310345,0.30696969696969695,4250.0
6759.40313633658,3906.3811614602414,-10757.033083624417,0.0044023833040162915,6.206896551724139,0.30696969696969695,4200.0
7153.027899152579,3950.197986101202,-11123.401731807622,0.0042782263814198675,6.8965517241379315,0.30696969696969695,4200.0
7519.132769040648,3969.551937010868,-11432.9327203785,0.004163786514705437,7.586206896551724,0.30696969696969695,4200.0
7861.357699472009,3969.076440798822,-11695.042436453667,0.004057818148642839,8.275862068965518,0.30696969696969695,4200.0
8182.643668393604,3952.485286707496,-11917.208472710343,0.003959296195311252,8.965517241379311,0.30696969696969695,4200.0
8485.413175853952,3922.794240334386,-12105.451970568312,0.0038673667548805306,9.655172413793103,0.30696969696969695,4200.0
8771.676614919885,3882.4712281129578,-12264.679922572876,0.0037813110873969997,10.344827586206897,0.30696969696969695,4200.0
9043.130936318428,3833.5502874328913,-12398.933185805872,0.0037005186439828565,11.03448275862069,0.30696969696969695,4200.0
9301.21977108083,3777.722507680603,-12511.570571565746,0.0036244664512241932,11.724137931034484,0.30696969696969695,4200.0
9547.1821865961,3716.3960503521425,-12605.547416549802,0.0035375403842852465,12.413793103448278,0.30696969696969695,4150.0
9782.090387316908,3650.7479982495242,-12683.129585330542,0.0034701418452096344,13.10344827586207,0.30696969696969695,4150.0
10006.878741958359,3581.769110366284,-12746.297745913384,0.0034062655848550445,13.793103448275863,0.30696969696969695,4150.0
10222.366587912013,3510.2907380491315,-12796.78057461066,0.0033456138266335744,14.482758620689657,0.30696969696969695,4150.0
10429.27659552898,3437.011886707545,-12836.064427678706,0.0032879234934852647,15.172413793103448,0.30696969696969695,4150.0
10628.249506866043,3362.5228973032126,-12865.433248906702,0.0032329611823357905,15.862068965517242,0.30696969696969695,4150.0
10819.860238922269,3287.323238283361,-12886.00341821427,0.003180518612117108,16.551724137931036,0.30696969696969695,4150.0
11004.616802548182,3211.829064774274,-12898.746921876875,0.003130409615218112,17.24137931034483,0.30696969696969695,4150.0
11182.978271735805,3136.3913588536875,-12904.514391171331,0.0030824669277135664,17.931034482758623,0.30696969696969695,4150.0
11355.362180754702,3061.3063173563546,-12904.054695279992,0.0030365396433228663,18.620689655172416,0.30696969696969695,4150.0
11522.143585868087,2986.8195197358978,-12898.02557523144,0.002992491621591229,19.310344827586206,0.30696969696969695,4150.0
11683.661388658551,2913.1340898872863,-12887.011077231567,0.002950198968639331,20.0,0.30696969696969695,4150.0
0.0,0.0,6.881474271722254,0.006459437952583696,0.0,0.31686868686868686,4300.0
1458.5695625626097,1241.171811664048,-2772.278746287353,0.006061408855009867,0.6896551724137931,0.31686868686868686,4300.0
2520.400221108772,2035.3175105642679,-4746.383555884226,0.005738375506250274,1.3793103448275863,0.31686868686868686,4300.0
3376.401372057464,2592.442464981825,-6232.425305273624,0.005466773508984917,2.0689655172413794,0.31686868686868686,4300.0
4100.577871642698,2997.341171322875,-7392.628287549596,0.00520452986938241,2.7586206896551726,0.31686868686868686,4250.0
4731.184491926056,3295.3170306929483,-8320.826880653301,0.005001711391261893,3.4482758620689657,0.31686868686868686,4250.0
5291.1352099780215,3514.2334194823393,-9076.45446982878,0.004821576065096497,4.137931034482759,0.31686868686868686,4250.0
5795.4635507316525,3672.7518111558234,-9699.641403318332,0.004659907219590598,4.827586206896552,0.31686868686868686,4250.0
6254.666604928636,3784.1035790318133,-10218.647283377562,0.004513567101075127,5.517241379310345,0.31686868686868686,4250.0
6676.412397066475,3858.054017539548,-10654.108264344599,0.004358982156964489,6.206896551724139,0.31686868686868686,4200.0
7066.499042615192,3902.0256767965675,-11021.735189859974,0.004237634642781968,6.8965517241379315,0.31686868686868686,4200.0
7429.4328822236375,3921.789992476762,-11333.078204393787,0.00412571931348003,7.586206896551724,0.31686868686868686,4200.0
7768.795843682184,3921.9199352421465,-11597.415802445452,0.004022031990379652,8.275862068965518,0.31686868686868686,4200.0
8087.484878811206,3906.080820903138,-11822.121120655247,0.003925581259478742,8.965517241379311,0.31686868686868686,4200.0
8387.881125804694,3877.2510974087563,-12013.135181886915,0.003835540848710976,9.655172413793103,0.31686868686868686,4200.0
8671.970287410957,3837.870167447207,-12175.302795589712,0.00375121490520467,10.344827586206897,0.31686868686868686,4200.0
8941.424467245486,3789.952423216973,-12312.616549013015,0.003672011984277012,11.03448275862069,0.31686868686868686,4200.0
9197.665304778679,3735.16585904563,-12428.397400297486,0.0035974252376239054,11.724137931034484,0.31686868686868686,4200.0
9441.914808877309,3674.9066027431627,-12525.49882276183,0.0035118628392805953,12.413793103448278,0.31686868686868686,4150.0
9675.230542437994,3610.340127511174,-12606.308076555477,0.003445715974342454,13.10344827586207,0.31686868686868686,4150.0
9898.534265212365,3542.4457108985207,-12672.714135116468,0.0033830034167705103,13.793103448275863,0.31686868686868686,4150.0
10112.635438787309,3472.0493056701644,-12726.430413763337,0.0033234361247969275,14.482758620689657,0.31686868686868686,4150.0
10318.247946849913,3399.8451172781542,-12768.931484810295,0.003266758577152951,15.172413793103448,0.31686868686868686,4150.0
10516.003822306626,3326.417480268914,-12801.493083267902,0.0032127438752500214,15.862068965517242,0.31686868686868686,4150.0
10706.466823584162,3252.258617737225,-12825.222760688586,0.0031611897810639245,16.551724137931036,0.31686868686868686,4150.0
10890.141394099284,3177.7846295676445,-12841.086566832048,0.00311191524276922,17.24137931034483,0.31686868686868686,4150.0
11067.48677739057,3103.347545658935,-12849.93222942308,0.0030647574168138785,17.931034482758623,0.31686868686868686,4150.0
11238.907660781506,3029.237370809391,-12852.502848263844,0.0030195697796716104,18.620689655172416,0.31686868686868686,4150.0
11404.775023276181,2955.698690301189,-12849.455795405716,0.002976219426078711,19.310344827586206,0.31686868686868686,4150.0
11565.431841379603,2882.9384786502565,-12841.371333731768,0.0029345861614200864,20.0,0.31686868686868686,4150.0
0.0,0.0,6.881474271722254,0.006358160887461394,0.0,0.32676767676767676,4300.0
1436.740339693908,1222.5685022517675,-2731.6428160415235,0.005972573956773184,0.6896551724137931,0.32676767676767676,4300.0
2483.929060493952,2005.7864274536478,-4680.882646146863,0.005659171320266305,1.3793103448275863,0.32676767676767676,4300.0
3328.9284925695974,2555.857124982426,-6151.063895048537,0.005395333342874143,2.0689655172413794,0.32676767676767676,4300.0
4044.356498664381,2956.058661157669,-7301.014044147312,0.005139771752191668,2.7586206896551726,0.32676767676767676,4250.0
4667.753911618506,3250.903088373763,-8222.756177481031,0.00494234982917536,3.4482758620689657,0.32676767676767676,4250.0
5221.616006758863,3467.7857474698803,-8974.53679020649,0.004766853800501987,4.137931034482759,0.32676767676767676,4250.0
5720.711102530864,3625.068638380955,-9595.739509531712,0.004609223154143694,4.827586206896552,0.32676767676767676,4250.0
6175.349383777105,3735.7762238694518,-10114.11881915872,0.004466434180046145,5.517241379310345,0.32676767676767676,4250.0
6593.068239850102,3809.527043999352,-10549.931707389209,0.0043361698578053606,6.206896551724139,0.32676767676767676,4250.0
6979.569644896645,3853.6359356599264,-10918.652725381988,0.004196546197974505,6.8965517241379315,0.32676767676767676,4200.0
7339.287888708143,3873.7978991423706,-11231.690555558562,0.004087146598231382,7.586206896551724,0.32676767676767676,4200.0
7675.7431137428985,3874.519570288094,-11498.148991752467,0.003985734730122817,8.275862068965518,0.32676767676767676,4200.0
7991.79118586435,3859.421886689487,-11725.296346736497,0.003891352060886622,8.965517241379311,0.32676767676767676,4200.0
8289.776542529673,3831.447894287821,-11918.992817834449,0.0038031994425263525,9.655172413793103,0.32676767676767676,4200.0
8571.652759889714,3793.0036531639616,-12084.020579460324,0.0037206035072440513,10.344827586206897,0.32676767676767676,4200.0
8839.067516280385,3746.082281035376,-12224.323270306995,0.0036429916296528368,11.03448275862069,0.32676767676767676,4200.0
9093.423424815366,3692.334546939846,-12343.183330876753,0.0035698728483351204,11.724137931034484,0.32676767676767676,4200.0
9335.925127521821,3633.1399848203914,-12443.3555091038,0.0035008231127988555,12.413793103448278,0.32676767676767676,4200.0
9567.615438027207,3569.6543295751903,-12527.334481598737,0.0034207886430407002,13.10344827586207,0.32676767676767676,4150.0
9789.403227022785,3502.8463023768195,-12596.931434947714,0.003359244299140277,13.793103448275863,0.32676767676767676,4150.0
10002.086493813713,3433.532624686867,-12653.840033249435,0.0033007662818725432,14.482758620689657,0.32676767676767676,4150.0
10206.369195964802,3362.4022069595585,-12699.522581541765,0.0032451066338548985,15.172413793103448,0.32676767676767676,4150.0
10402.875688793547,3290.0351306693974,-12735.244186717675,0.0031920450996960757,15.862068965517242,0.32676767676767676,4150.0
10592.165174524793,3216.922318236749,-12762.104641372469,0.0031413851825844805,16.551724137931036,0.32676767676767676,4150.0
10774.73557525233,3143.475245276902,-12781.065260019524,0.003092950810709956,17.24137931034483,0.32676767676767676,4150.0
10951.033546363264,3070.039799487911,-12792.96688625079,0.003046583958775812,17.931034482758623,0.32676767676767676,4150.0
11121.465357166602,2996.907968094133,-12798.550643200011,0.003002141795490068,18.620689655172416,0.32676767676767676,4150.0
11286.399908258529,2924.324797006184,-12798.470079494808,0.00295949534032506,19.310344827586206,0.32676767676767676,4150.0
11446.166133782153,2852.4908364061707,-12793.303114149654,0.002918527482297857,20.0,0.32676767676767676,4150.0
0.0,0.0,6.881474271722254,0.006257137337895702,0.0,0.33666666666666667,4300.0
1414.932770759079,1203.9844158664553,-2691.015024849119,0.005883763215392444,0.6896551724137931,0.33666666666666667,4300.0
2447.4567405698326,1976.2565818387563,-4615.2700099073845,0.005579836280848294,1.3793103448275863,0.33666666666666667,4300.0
3281.4124847861567,2519.241916686002,-6069.421898287052,0.00532365289474172,2.0689655172413794,0.33666666666666667,4300.0
3988.041285895494,2914.7113671958405,-7208.934622533627,0.005074698172454022,2.7586206896551726,0.33666666666666667,4250.0
4604.176579187498,3206.39121035311,-8124.035236842508,0.0048826145892163966,3.4482758620689657,0.33666666666666667,4250.0
5151.899208651706,3421.2111135405394,-8871.791043604302,0.004711714419049447,4.137931034482759,0.33666666666666667,4250.0
5645.705374677672,3577.2296245350058,-9490.842176792437,0.004558089515681541,4.827586206896552,0.33666666666666667,4250.0
6095.727111508454,3687.268958446109,-10008.439984991419,0.004418827326434487,5.517241379310345,0.33666666666666667,4250.0
6509.370633942612,3760.800478280409,-10444.488400495611,0.004291694598948981,6.206896551724139,0.33666666666666667,4250.0
6892.239573532925,3805.030201179134,-10814.144574018472,0.004154956812816426,6.8965517241379315,0.33666666666666667,4200.0
7248.691663727656,3825.5718200481356,-11128.756388324698,0.004048063827708687,7.586206896551724,0.33666666666666667,4200.0
7582.197850994422,3826.8744826013135,-11397.226616624532,0.003948921148709105,8.275862068965518,0.33666666666666667,4200.0
7895.560693749834,3812.508448703399,-11626.716642935942,0.0038566028201081864,8.965517241379311,0.33666666666666667,4200.0
8191.090880302656,3785.378428289194,-11823.00521724356,0.0037703362703591374,9.655172413793103,0.33666666666666667,4200.0
8470.715019877374,3747.866698591947,-11990.811303814917,0.003689470205985739,10.344827586206897,0.33666666666666667,4200.0
8736.053341582652,3701.9373447308635,-12134.028921690857,0.003613450517620498,11.03448275862069,0.33666666666666667,4200.0
8988.487949858973,3649.2260463708653,-12255.901367553677,0.0035418018872188663,11.724137931034484,0.33666666666666667,4200.0
9229.205930221693,3591.0941319330823,-12359.151950388994,0.0034741136575268915,12.413793103448278,0.33666666666666667,4200.0
9459.23552305329,3528.686657913677,-12446.176531535253,0.003395352034293869,13.10344827586207,0.33666666666666667,4150.0
9679.473245039815,3462.9641231817077,-12518.916637309405,0.0033349799252676603,13.793103448275863,0.33666666666666667,4150.0
9890.705646408496,3394.734488797465,-12578.974519758805,0.0032775957938679483,14.482758620689657,0.33666666666666667,4150.0
10093.630107604644,3324.680942516775,-12627.799379238197,0.003222959093477676,15.172413793103448,0.33666666666666667,4150.0
10288.860626065887,3253.3784678785523,-12666.646594250175,0.0031708559700172256,15.862068965517242,0.33666666666666667,4150.0
10476.946922254458,3181.312494476676,-12696.60864684105,0.003121095613794755,16.551724137931036,0.33666666666666667,4150.0
10658.380690771854,3108.8919608520214,-12718.638713716391,0.003073507223937158,17.24137931034483,0.33666666666666667,4150.0
10833.608241521868,3036.463675255275,-12733.573953299972,0.003027936977165867,17.931034482758623,0.33666666666666667,4150.0
11003.027244261199,2964.315480607818,-12742.151177296786,0.002984246249241868,18.620689655172416,0.33666666666666667,4150.0
11166.997737437903,2892.6886465346897,-12745.019431285764,0.0029423097062652092,19.310344827586206,0.33666666666666667,4150.0
11325.854325639253,2821.7880980791783,-12742.756855017447,0.002902013153071959,20.0,0.33666666666666667,4150.0
0.0,0.0,6.881474271722254,0.006156365877142898,0.0,0.3465656565656566,4300.0
1393.146772193195,1185.4194812157064,-2650.3955063088724,0.005794976909383688,0.6896551724137931,0.3465656565656566,4300.0
2410.982200002191,1946.7269703730474,-4549.546225242724,0.0055003710740136,1.3793103448275863,0.3465656565656566,4300.0
3233.85358236441,2482.597076107598,-5987.499914459899,0.005251732631577787,2.0689655172413794,0.3465656565656566,4300.0
3931.6320300288703,2873.2991899753547,-7116.390089481334,0.005009309112786315,2.7586206896551726,0.3465656565656566,4250.0
4540.453180963961,3161.7821811389904,-8024.663381316866,0.0048225048836736005,3.4482758620689657,0.3465656565656566,4250.0
5081.982309991921,3374.5083783657074,-8768.215116476487,0.004656156433974021,4.137931034482759,0.3465656565656566,4250.0
5570.449130096875,3529.2374885091835,-9384.945786873206,0.004506504013002568,4.827586206896552,0.3465656565656566,4250.0
6015.802467254241,3638.584544357977,-9901.604653048009,0.004370743671650205,5.517241379310345,0.3465656565656566,4250.0
6425.317890727127,3711.873076995212,-10337.742650322667,0.004246724138540758,6.206896551724139,0.3465656565656566,4250.0
6804.503072128241,3756.204606811588,-10708.20016665908,0.004112862362387305,6.8965517241379315,0.3465656565656566,4200.0
7157.646089081411,3777.1141331898853,-11024.26347466353,0.0040084661963285225,7.586206896551724,0.3465656565656566,4200.0
7488.152824385407,3778.9813514478983,-11294.633069002295,0.003911586062272896,8.275862068965518,0.3465656565656566,4200.0
7798.789203015381,3765.3386328500533,-11526.363723321338,0.0038213278374616133,8.965517241379311,0.3465656565656566,4200.0
8091.824318092213,3739.0459784436343,-11725.151740434078,0.003736945123357939,9.655172413793103,0.3465656565656566,4200.0
8369.153501697661,3702.4582234876307,-11895.651889947992,0.003657808351103214,10.344827586206897,0.3465656565656566,4200.0
8632.374987564746,3657.515380296422,-12041.707923266367,0.0035833816111824858,11.03448275862069,0.3465656565656566,4200.0
8882.850082192865,3605.8349507837224,-12166.523417131008,0.00351320498242894,11.724137931034484,0.3465656565656566,4200.0
9121.748593912378,3548.7655348883195,-12272.790497081944,0.0034468808592352696,12.413793103448278,0.3465656565656566,4200.0
9350.083714756187,3487.435915223819,-12362.803507267454,0.0033693979564751605,13.10344827586207,0.3465656565656566,4150.0
9568.739193913596,3422.7988005653897,-12438.635928186392,0.0033102019925898385,13.793103448275863,0.3465656565656566,4150.0
9778.490521184645,3355.654673224652,-12501.79693440588,0.003253916171798167,14.482758620689657,0.3465656565656566,4150.0
9980.022929556402,3286.6791604250216,-12553.72369230647,0.003200307068405078,15.172413793103448,0.3465656565656566,4150.0
10173.94437568402,3216.4418192904923,-12595.660992071535,0.0031491673500227023,15.862068965517242,0.3465656565656566,4150.0
10360.798377957555,3145.4256319099454,-12628.69164996349,0.003100311980602023,16.551724137931036,0.3465656565656566,4150.0
10541.071635228187,3074.037438403581,-12653.763356191681,0.0030535749130870533,17.24137931034483,0.3465656565656566,4150.0
10715.199139110782,3002.6181447127865,-12671.707681982414,0.003008806945777526,17.931034482758623,0.3465656565656566,4150.0
10883.575390461941,2931.4553464597966,-12683.25552092943,0.0029658735492699593,18.620689655172416,0.3465656565656566,4150.0
11046.56240316008,2860.7923640517115,-12689.05563509876,0.002924652508363676,19.310344827586206,0.3465656565656566,4150.0
11204.480004216157,2790.827140411883,-12689.68017482933,0.0028850333754797557,20.0,0.3465656565656566,4150.0
0.0,0.0,6.881474271722254,0.006055845091319782,0.0,0.3564646464646465,4300.0
1371.3822612648273,1166.873627725214,-2609.7843926224523,0.005706215314345584,0.6896551724137931,0.3564646464646465,4300.0
2374.5054150026995,1917.1975834664051,-4483.711863262906,0.005420776386376457,1.3793103448275863,0.3564646464646465,4300.0
3186.250503468657,2445.921434566671,-5905.298541619908,0.005179573028226924,2.0689655172413794,0.3564646464646465,4300.0
3875.1310607305586,2831.8243768997722,-7023.380401552822,0.004943604627368341,2.7586206896551726,0.3564646464646465,4250.0
4476.5846671718555,3117.0768043491335,-7924.639672042045,0.0047620200283201046,3.4482758620689657,0.3564646464646465,4250.0
5011.863950640543,3327.6765938833146,-8663.806762527223,0.004600178396463473,4.137931034482759,0.3564646464646465,4250.0
5494.937658114143,3481.0885074522143,-9278.046206971092,0.004454464498370152,4.827586206896552,0.3564646464646465,4250.0
5935.569737321729,3589.718539692274,-9793.606433777852,0.004322180420318991,5.517241379310345,0.3564646464646465,4250.0
6340.905955059225,3662.742959466652,-10229.68676495902,0.00420125479145741,6.206896551724139,0.3564646464646465,4250.0
6716.360736994944,3707.160552443054,-10600.808493624034,0.0040702588050501995,6.8965517241379315,0.3564646464646465,4200.0
7066.14414168357,3728.418841251889,-10918.198854533839,0.003968348936313707,7.586206896551724,0.3564646464646465,4200.0
7393.609139693909,3730.8422569328027,-11190.35355737665,0.0038737240741517675,8.275862068965518,0.3564646464646465,4200.0
7701.470609866571,3717.9077994435966,-11424.220285711235,0.003785521218103519,8.965517241379311,0.3564646464646465,4200.0
7991.967691828768,3692.445167220919,-11625.412382786002,0.0037030196424348073,9.655172413793103,0.3564646464646465,4200.0
8266.96292188779,3656.774853241214,-11798.519908639093,0.0036256111151770735,10.344827586206897,0.3564646464646465,4200.0
8528.029251788746,3612.81599035471,-11947.335696105452,0.0035527776286879502,11.03448275862069,0.3564646464646465,4200.0
8776.50725215203,3562.1632060448032,-12075.022957676243,0.0034840744108061016,11.724137931034484,0.3564646464646465,4200.0
9013.549217282387,3506.151962002466,-12184.241627483396,0.003419116772478288,12.413793103448278,0.3564646464646465,4200.0
9240.153336313217,3445.9001586751965,-12277.244826476992,0.003357569823778901,13.10344827586207,0.3564646464646465,4200.0
9457.190477291531,3382.347021889191,-12356.053936621945,0.003284902141333283,13.793103448275863,0.3564646464646465,4150.0
9665.425654261197,3316.2871989598816,-12422.27115243426,0.0032297185588287176,14.482758620689657,0.3564646464646465,4150.0
9865.535665984831,3248.3908536680024,-12477.257313119626,0.0031771415551095695,15.172413793103448,0.3564646464646465,4150.0
10058.119960547523,3179.2229690744475,-12522.245552063629,0.003126970174944803,15.862068965517242,0.3564646464646465,4150.0
10243.71244050336,3109.260197625869,-12558.31125581482,0.0030790247288132937,16.551724137931036,0.3564646464646465,4150.0
10422.792325355917,3038.905532267497,-12586.394646073597,0.003033144310912503,17.24137931034483,0.3564646464646465,4150.0
10595.792994811974,2968.499749237322,-12607.320125465332,0.0029891842360586945,17.931034482758623,0.3564646464646465,4150.0
10763.103713422957,2898.328479049468,-12621.81685266387,0.0029470134844173912,18.620689655172416,0.3564646464646465,4150.0
10925.074897180102,2828.629979355508,-12630.527075203754,0.0029065138926473184,19.310344827586206,0.3564646464646465,4150.0
11082.03195731905,2759.6066955932497,-12634.022501613916,0.0028675776591606285,20.0,0.3564646464646465,4150.0
0.0,0.0,6.881474271722254,0.005955573579242201,0.0,0.36636363636363634,4300.0
1349.6391246004723,1148.34675747575,-2569.1818034121025,0.005617478714912768,0.6896551724137931,0.36636363636363634,4300.0
2338.026330515546,1887.668383067426,-4417.767443141049,0.005341052932358692,1.3793103448275863,0.36636363636363634,4300.0
3138.603214499955,2409.214996588255,-5822.818362450431,0.005107174586166075,2.0689655172413794,0.36636363636363634,4300.0
3818.5361050859105,2790.284890067277,-6929.90569605599,0.004877584680073734,2.7586206896551726,0.36636363636363634,4250.0
4412.568469816972,3072.2724991593877,-7823.963173878539,0.004701159353203914,3.4482758620689657,0.36636363636363634,4250.0
4941.545988350493,3280.7177040250094,-8558.56361733521,0.00454377890375867,4.137931034482759,0.36636363636363634,4250.0
5419.170427111583,3432.7826273117053,-9170.139156409416,0.0044019688729424866,4.827586206896552,0.36636363636363634,4250.0
5855.028524905577,3540.670152793764,-9684.439324332401,0.004273134727409033,5.517241379310345,0.36636363636363634,4250.0
6256.136362376446,3613.4121377196607,-10120.312396301088,0.004155282975812668,6.206896551724139,0.36636363636363634,4250.0
6627.808375725642,3657.895349340987,-10491.959300563401,0.004027141967742181,6.8965517241379315,0.36636363636363634,4200.0
6974.1840865410295,3679.48707912018,-10810.549003483138,0.003927707359987254,7.586206896551724,0.36636363636363634,4200.0
7298.5595028093985,3682.4526265163113,-11084.372411170873,0.0038353298331461577,8.275862068965518,0.36636363636363634,4200.0
7603.605038692797,3670.2183512930537,-11320.26840930502,0.0037491770448054725,8.965517241379311,0.36636363636363634,4200.0
7891.518930550285,3645.5761173037213,-11523.766878944807,0.0036685534099772437,9.655172413793103,0.36636363636363634,4200.0
8164.136497090346,3610.8149484811383,-11699.392594826488,0.0035928716298809587,10.344827586206897,0.36636363636363634,4200.0
8423.0062645018,3567.8329014571677,-11850.886837862425,0.0035216312896978385,11.03448275862069,0.36636363636363634,4200.0
8669.447854219141,3518.2049184271473,-11981.37168001703,0.0034544025491778886,11.724137931034484,0.36636363636363634,4200.0
8904.595925698017,3463.249328436146,-12093.474297038818,0.00339081343301119,12.413793103448278,0.36636363636363634,4200.0
9129.433889011787,3404.0731412613827,-12189.421998967788,0.003330539892390569,13.10344827586207,0.36636363636363634,4200.0
9344.819827025402,3341.606743110529,-12271.136740965514,0.0032590716159790023,13.793103448275863,0.36636363636363634,4150.0
9551.5073415369,3276.6333618335043,-12340.360150489993,0.0032049941275168643,14.482758620689657,0.36636363636363634,4150.0
9750.161742890916,3209.817007433979,-12398.359866020939,0.0031534535507399242,15.172413793103448,0.36636363636363634,4150.0
9941.37456764929,3141.717845867684,-12446.3593949981,0.003104254918826527,15.862068965517242,0.36636363636363634,4150.0
10125.674233408134,3072.809795427277,-12485.424157546433,0.0030572243073667556,16.551724137931036,0.36636363636363634,4150.0
10303.534849274496,3003.4933905398816,-12516.485781425981,0.003012205779862456,17.24137931034483,0.36636363636363634,4150.0
10475.3797352581,2934.1042086537955,-12540.365291207905,0.0029690586118364596,17.931034482758623,0.36636363636363634,4150.0
10641.59289990204,2864.9260611616646,-12557.784486172219,0.0029276561677945524,18.620689655172416,0.36636363636363634,4150.0
10802.527189486633,2796.1993905823747,-12569.383431408525,0.0028878833500853595,19.310344827586206,0.36636363636363634,4150.0
10958.494662432191,2728.12035905805,-12575.730033935972,0.002849635792479718,20.0,0.36636363636363634,4150.0
0.0,0.0,6.881474271722254,0.005855549952266182,0.0,0.37626262626262624,4300.0
1327.9181196980662,1129.839623020736,-2528.587869666633,0.005528767378515892,0.6896551724137931,0.37626262626262624,4300.0
2301.5450724529114,1858.1395086191994,-4351.713625067139,0.00526120133850655,1.3793103448275863,0.37626262626262624,4300.0
3090.9121383348643,2372.4782178232344,-5740.059869545548,0.0050345378304559344,2.0689655172413794,0.37626262626262624,4300.0
3761.846797756383,2748.680470995811,-6835.966213637032,0.004811249205707708,2.7586206896551726,0.37626262626262624,4250.0
4348.404146527011,3027.3696452753265,-7722.632698439782,0.004639922312576104,3.4482758620689657,0.37626262626262624,4250.0
4871.0261016300865,3233.6298640729033,-8452.483060610051,0.004486956661863542,4.137931034482759,0.37626262626262624,4250.0
5343.149011394809,3384.3215767251536,-9061.220455670264,0.004349015065090952,4.827586206896552,0.37626262626262624,4250.0
5774.179564267061,3491.441554041509,-9574.097454026974,0.004223603649064591,5.517241379310345,0.37626262626262624,4250.0
6171.004333800386,3563.8772366298253,-10009.610813576634,0.004108805191238951,6.206896551724139,0.37626262626262624,4250.0
6538.843043305824,3608.406379136042,-10381.692688889947,0.004003111561310202,6.8965517241379315,0.37626262626262624,4250.0
6881.764041081188,3630.318280791885,-10701.301274693113,0.0038865366270882697,7.586206896551724,0.37626262626262624,4200.0
7203.001624177585,3633.811294080367,-10976.673596088185,0.0037963980230539137,8.275862068965518,0.37626262626262624,4200.0
7505.183260474738,3622.265014439599,-11214.48936777041,0.00371228945063511,8.965517241379311,0.37626262626262624,4200.0
7790.472277849362,3598.434699055869,-11420.193978361509,0.0036335400320658723,9.655172413793103,0.37626262626262624,4200.0
8060.671638440546,3564.5784511501133,-11598.246096038267,0.003559583030381446,10.344827586206897,0.37626262626262624,4200.0
8317.304969572555,3522.5678167825,-11752.334850897016,0.0034899353065607802,11.03448275862069,0.37626262626262624,4200.0
8561.671134850825,3473.961201367707,-11885.54099730379,0.0034241816354255365,11.724137931034484,0.37626262626262624,4200.0
8794.887188838298,3420.059205452525,-12000.458492118203,0.003361962557883256,12.413793103448278,0.37626262626262624,4200.0
9017.921382548488,3361.956283053116,-12099.287576653456,0.003302964842025311,13.10344827586207,0.37626262626262624,4200.0
9231.618824824887,3300.57320131983,-12183.90683118168,0.0032469139328963497,13.793103448275863,0.37626262626262624,4200.0
9436.72177743886,3236.686314915851,-12256.025178383505,0.003179733976366418,14.482758620689657,0.37626262626262624,4150.0
9633.88748447724,3170.95218003731,-12316.99228177846,0.0031292335854057962,15.172413793103448,0.37626262626262624,4150.0
9823.69998585529,3103.925790406827,-12367.960480882371,0.0030810121061118946,15.862068965517242,0.37626262626262624,4150.0
10006.676803545382,3036.075608474836,-12409.984863762314,0.0030349010980528814,16.551724137931036,0.37626262626262624,4150.0
10183.284609361419,2967.798129204637,-12443.99183370603,0.0029907490924212083,17.24137931034483,0.37626262626262624,4150.0
10353.944947683467,2899.429194794743,-12470.79377186211,0.002948420135024838,17.931034482758623,0.37626262626262624,4150.0
10519.036615852592,2831.2501950705455,-12491.108570189172,0.002907791102149867,18.620689655172416,0.37626262626262624,4150.0
10678.901348784226,2763.4963658548368,-12505.572405505329,0.002868750480632077,19.310344827586206,0.37626262626262624,4150.0
10833.854979197944,2696.36772650459,-12514.748366256841,0.002831197103655501,20.0,0.37626262626262624,4150.0
0.0,0.0,6.881474271722254,0.005755772834131638,0.0,0.38616161616161615,4300.0
1306.218567656316,1111.3515662121288,-2488.002734068148,0.005440081556740279,0.6896551724137931,0.38616161616161615,4300.0
2265.0631517036163,1828.6124197019935,-4285.550980743654,0.005181222283753152,1.3793103448275863,0.38616161616161615,4300.0
3043.1785838869305,2335.7123437464375,-5657.023817631954,0.004961663172280012,2.0689655172413794,0.38616161616161615,4300.0
3705.0636659478932,2707.0117095113474,-6741.562058413321,0.004744598200041317,2.7586206896551726,0.38616161616161615,4250.0
4284.094564874445,2982.370975377001,-7620.647663227894,0.004578308149152299,3.4482758620689657,0.38616161616161615,4250.0
4800.302796705827,3186.412002232647,-8345.563000882357,0.004429710244630763,4.137931034482759,0.38616161616161615,4250.0
5266.869339942919,3335.701586298551,-8951.286330800009,0.004295600854578305,4.827586206896552,0.38616161616161615,4250.0
5693.0182867222975,3442.029365141627,-9462.574650823844,0.00417358430319992,5.517241379310345,0.38616161616161615,4250.0
6085.508114631509,3514.137508162625,-9897.574024944035,0.004061817815399633,6.206896551724139,0.38616161616161615,4250.0
6449.465094394241,3558.6955082108707,-10269.962826094175,0.0039588506558914174,6.8965517241379315,0.38616161616161615,4250.0
6788.877983024384,3580.9086965014158,-10590.442580273084,0.0038448318840245276,7.586206896551724,0.38616161616161615,4200.0
7106.932789090516,3584.9169295727393,-10867.242071130473,0.003756923136736881,8.275862068965518,0.38616161616161615,4200.0
7406.205289852665,3574.049291505007,-11106.865481911693,0.0036748523693118785,8.965517241379311,0.38616161616161615,4200.0
7688.822232788702,3551.019330694318,-11314.673299235867,0.0035979729164756368,9.655172413793103,0.38616161616161615,4200.0
7956.55865439499,3518.0598733277347,-11495.057559430541,0.0035257382148423727,10.344827586206897,0.38616161616161615,4200.0
8210.914134758841,3477.015361590872,-11651.654622059381,0.0034576820928599156,11.03448275862069,0.38616161616161615,4200.0
8453.164715414412,3429.424668839738,-11787.503122803122,0.0033934037177784813,11.724137931034484,0.38616161616161615,4200.0
8684.409787515577,3376.5744172604755,-11905.163185262216,0.003332555929114667,12.413793103448278,0.38616161616161615,4200.0
8905.603057550263,3319.5440141249173,-12006.807237263441,0.0032748361605127643,13.10344827586207,0.38616161616161615,4200.0
9117.57744626272,3259.2448798405585,-12094.292489122228,0.0032199788838694365,13.793103448275863,0.38616161616161615,4200.0
9321.06366206,3196.445311204544,-12169.229180644586,0.003153928743760202,14.482758620689657,0.38616161616161615,4150.0
9516.707804904212,3131.7944276794556,-12233.113797792052,0.003104472319018697,15.172413793103448,0.38616161616161615,4150.0
9705.08352135674,3065.841223111856,-12287.004803525648,0.00305723216873134,15.862068965517242,0.38616161616161615,4150.0
9886.70461161996,2999.0512618098574,-12331.949773897955,0.003012044912491197,16.551724137931036,0.38616161616161615,4150.0
10062.032648491468,2931.818575957832,-12368.8647302354,0.0029687642985870505,17.24137931034483,0.38616161616161615,4150.0
10231.478185805907,2864.4729308987685,-12398.55648607992,0.0029272583372009064,17.931034482758623,0.38616161616161615,4150.0
10395.415588098585,2797.2945513565583,-12421.738217123908,0.0028874077586697132,18.620689655172416,0.38616161616161615,4150.0
10554.187414558659,2730.5206088178766,-12439.039549880377,0.002849104703165564,19.310344827586206,0.38616161616161615,4150.0
10708.098169351615,2664.3449850455845,-12451.023501367301,0.002812250584506435,20.0,0.38616161616161615,4150.0
0.0,0.0,6.881474271722254,0.005656240860808559,0.0,0.39606060606060606,4300.0
1284.5401881352868,1092.8823231152528,-2447.4265235214116,0.005351421514142595,0.6896551724137931,0.39606060606060606,4300.0
2228.5789485349087,1799.0853796270724,-4219.2800800529,0.005101116445399988,1.3793103448275863,0.39606060606060606,4300.0
2995.400803868287,2298.915759560941,-5573.710838266306,0.004888551082974516,2.0689655172413794,0.39606060606060606,4300.0
3648.187986424936,2665.279831662663,-6646.693341964114,0.004677631665563768,2.7586206896551726,0.39606060606060606,4250.0
4219.636323350316,2937.2735528211456,-7518.007205646274,0.004516316198051311,3.4482758620689657,0.39606060606060606,4250.0
4729.377946696286,3139.0660836684015,-8237.801228066026,0.004372038232631789,4.137931034482759,0.39606060606060606,4250.0
5190.331603133171,3286.923314906982,-8840.332665293296,0.004241724102855632,4.827586206896552,0.39606060606060606,4250.0
5611.545275537556,3392.434688000526,-9349.864357232422,0.004123073916209171,5.517241379310345,0.39606060606060606,4250.0
5999.648423716908,3464.193811842483,-9784.193769281032,0.00401431721096436,6.206896551724139,0.39606060606060606,4250.0
6359.6683268473325,3508.7588434902787,-10156.743883480143,0.0039140596065969785,6.8965517241379315,0.39606060606060606,4250.0
6695.527799595105,3531.260910514027,-10477.959216134564,0.0038025883331242742,7.586206896551724,0.39606060606060606,4200.0
7010.346860729349,3535.7669845875134,-10756.061816511516,0.003716899717209407,8.275862068965518,0.39606060606060606,4200.0
7306.664267539781,3525.566748573546,-10997.378340659583,0.0036368597607682224,8.965517241379311,0.39606060606060606,4200.0
7586.5664609487085,3503.33033352355,-11207.183887117651,0.0035618454971940126,9.655172413793103,0.39606060606060606,4200.0
7851.797959718992,3471.2597825002345,-11389.80333899436,0.003491330130396067,10.344827586206897,0.39606060606060606,4200.0
8103.832293879292,3431.176733662451,-11548.819606081597,0.003424864157500006,11.03448275862069,0.39606060606060606,4200.0
8343.926275641837,3384.5976027571064,-11687.228479795675,0.0033620609091230247,11.724137931034484,0.39606060606060606,4200.0
8573.161583222482,3332.795037922253,-11807.556044275487,0.003302585257652519,12.413793103448278,0.39606060606060606,4200.0
8792.47620023142,3276.8363603974235,-11911.947485161108,0.0032461449754147232,13.10344827586207,0.39606060606060606,4200.0
9002.689265178456,3217.6203434373883,-12002.23675902556,0.00319248370957879,13.793103448275863,0.39606060606060606,4200.0
9204.520544131077,3155.9066735329975,-12080.000997518197,0.0031413753580128117,14.482758620689657,0.39606060606060606,4200.0
9398.60690582955,3092.338887230626,-12146.682261654045,0.0030791602394624716,15.172413793103448,0.39606060606060606,4150.0
9585.516409873411,3027.4622456700995,-12203.450344629397,0.0030329049934590914,15.862068965517242,0.39606060606060606,4150.0
9765.751197422514,2961.735250035713,-12251.272181290355,0.0029886458396932913,16.551724137931036,0.39606060606060606,4150.0
9939.763964413514,2895.5471721031463,-12291.056522411447,0.002946240965151469,17.24137931034483,0.39606060606060606,4150.0
10107.965172149647,2829.2288652733478,-12323.603949618504,0.0029055626211130724,17.931034482758623,0.39606060606060606,4150.0
10270.722283368672,2763.056983997034,-12349.619779617686,0.0028664955671978327,18.620689655172416,0.39606060606060606,4150.0
10428.368107311764,2697.2639640841585,-12369.732458929218,0.00282893479476671,19.310344827586206,0.39606060606060606,4150.0
10581.210127330209,2632.0474343165492,-12384.49761685654,0.0027927853938031714,20.0,0.39606060606060606,4150.0
0.0,0.0,6.881474271722254,0.005556952680345723,0.0,0.40595959595959596,4300.0
1262.8829024214037,1074.4318266169284,-2406.859363619631,0.005262787512535536,0.6896551724137931,0.40595959595959596,4300.0
2192.0924482495893,1769.5584620152924,-4152.901491078257,0.005020884499135864,1.3793103448275863,0.40595959595959596,4300.0
2947.578779181679,2262.0884810856815,-5490.121542951405,0.004815202046677829,2.0689655172413794,0.40595959595959596,4300.0
3591.2175062996275,2623.48224199505,-6551.360029814903,0.0046103496814520915,2.7586206896551726,0.40595959595959596,4250.0
4155.0290719762215,2892.0772159660237,-7414.710440081399,0.004453945813520994,3.4482758620689657,0.40595959595959596,4250.0
4658.249474735077,3091.59046359904,-8129.1954189327735,0.004313939248694604,4.137931034482759,0.40595959595959596,4250.0
5113.535991867909,3237.98778758332,-8728.35508195086,0.004187382744300948,4.827586206896552,0.40595959595959596,4250.0
5529.758960150933,3342.656620415092,-9235.96098661964,0.004072069521960198,5.517241379310345,0.40595959595959596,4250.0
5913.419689039338,3414.041595997015,-9669.461375516272,0.003966299800454058,6.206896551724139,0.40595959595959596,4250.0
6269.453543860267,3458.5979789820167,-10042.025306349475,0.003868734069528935,6.8965517241379315,0.40595959595959596,4250.0
6601.705644357411,3481.368084752909,-10363.83825347865,0.003759801043262764,7.586206896551724,0.40595959595959596,4200.0
6913.244229800076,3486.363047352493,-10643.116503698511,0.003676322306627003,8.275862068965518,0.40595959595959596,4200.0
7206.556677582212,3476.8154654158902,-10886.008748684144,0.0035983056031781892,8.965517241379311,0.40595959595959596,4200.0
7483.695939279328,3455.362666541249,-11097.703855029897,0.003525151199155315,9.655172413793103,0.40595959595959596,4200.0
7746.377909836932,3424.17322278343,-11282.458793112863,0.0034563516962781765,10.344827586206897,0.40595959595959596,4200.0
7996.049177763776,3385.0449967008353,-11443.802654763895,0.0033914739108792656,11.03448275862069,0.40595959595959596,4200.0
8233.94545941649,3339.474840264462,-11584.688215025453,0.0033301450301878904,11.724137931034484,0.40595959595959596,4200.0
8461.130491450263,3288.7166174723748,-11707.606418743693,0.0032720418718261562,12.413793103448278,0.40595959595959596,4200.0
8678.527002105273,3233.826161838803,-11814.674129590065,0.0032168824455379675,13.10344827586207,0.40595959595959596,4200.0
8886.942681141345,3175.6934631720956,-11907.70172484059,0.0031644193322155926,13.793103448275863,0.40595959595959596,4200.0
9087.08515908064,3115.0687477630695,-11988.24857240809,0.00311443398620672,14.482758620689657,0.40595959595959596,4200.0
9279.580924444135,3052.5867599187013,-12057.663507464116,0.0030667327738297333,15.172413793103448,0.40595959595959596,4200.0
9464.986408110462,2988.786003054842,-12117.251813545292,0.0030080207588219178,15.862068965517242,0.40595959595959596,4150.0
9643.799768578987,2924.1230679644996,-12167.905660449578,0.0029646934852627814,16.551724137931036,0.40595959595959596,4150.0
9816.469782958497,2858.985341011435,-12210.51914631053,0.0029231684926065045,17.24137931034483,0.40595959595959596,4150.0
9983.394384338044,2793.69673118993,-12245.883703561012,0.002883322421143518,17.931034482758623,0.40595959595959596,4150.0
10144.937966768035,2728.5331441290764,-12274.701940741506,0.002845043246504442,18.620689655172416,0.40595959595959596,4150.0
10301.433081400843,2663.7281821826978,-12297.594230908573,0.002808229892195991,19.310344827586206,0.40595959595959596,4150.0
10453.175512267246,2599.473396381705,-12315.115069596388,0.0027727898846600586,20.0,0.40595959595959596,4150.0
0.0,0.0,6.881474271722254,0.005457906952721716,0.0,0.41585858585858587,4300.0
1241.2466325745338,1056.000010270404,-2366.3013786607044,0.005174179811020812,0.6896551724137931,0.41585858585858587,4300.0
2155.6036372068065,1740.0317811970583,-4086.4157801272813,0.004940527119055398,1.3793103448275863,0.41585858585858587,4300.0
2899.7126140739165,2225.23065382114,-5406.256545383105,0.004741616550601356,2.0689655172413794,0.41585858585858587,4300.0
3534.1521611502408,2581.619572655668,-6455.589329302566,0.00456847472293635,2.7586206896551726,0.41585858585858587,4300.0
4090.27482814325,2846.7840110607344,-7310.75631153243,0.004391196416994322,3.4482758620689657,0.41585858585858587,4250.0
4586.915584872708,3043.983439270067,-8019.742996324123,0.004255412000270382,4.137931034482759,0.41585858585858587,4250.0
5036.479051075412,3188.8923589654432,-8615.349744879597,0.004132574636861234,4.827586206896552,0.41585858585858587,4250.0
5447.655927401962,3292.692795480008,-9120.858355019445,0.004020568231963947,5.517241379310345,0.41585858585858587,4250.0
5826.822804285861,3363.6833326347514,-9553.368514278402,0.003917761957593756,6.206896551724139,0.41585858585858587,4250.0
6178.816408621047,3408.2101759636516,-9925.795976228495,0.00382286973507578,6.8965517241379315,0.41585858585858587,4250.0
6507.411262667072,3431.2325973207367,-10248.119504888396,0.0037348580912312545,7.586206896551724,0.41585858585858587,4250.0
6815.6169216973885,3436.700033287567,-10528.390790051344,0.0036351852861929907,8.275862068965518,0.41585858585858587,4200.0
7105.879123905803,3427.795468103267,-10772.738758830885,0.0035591836459964808,8.965517241379311,0.41585858585858587,4200.0
7380.211250125872,3407.117366137977,-10986.212539000364,0.0034878831973971717,9.655172413793103,0.41585858585858587,4200.0
7640.297712192316,3376.80161044848,-11173.000710482542,0.0034207955418571138,10.344827586206897,0.41585858585858587,4200.0
7887.561838405675,3338.621189794048,-11336.577869923814,0.0033575035159976755,11.03448275862069,0.41585858585858587,4200.0
8123.218348492575,3294.054761496108,-11479.853025398246,0.003297647925355597,11.724137931034484,0.41585858585858587,4200.0
8348.312910241362,3244.339521668355,-11605.281421745742,0.0032409173009147335,12.413793103448278,0.41585858585858587,4200.0
8563.753038299325,3190.5160978963495,-11714.951331013064,0.0031870396773137797,13.10344827586207,0.41585858585858587,4200.0
8770.331808489445,3133.4640977893937,-11810.650603470203,0.0031357762227085906,13.793103448275863,0.41585858585858587,4200.0
8968.746339522106,3073.925628954953,-11893.918410678052,0.0030869162195039544,14.482758620689657,0.41585858585858587,4200.0
9159.613296274101,3012.529278599012,-11966.087008392642,0.003040272763988782,15.172413793103448,0.41585858585858587,4200.0
9343.483596581022,2949.8090639689967,-12028.364680953775,0.002982569121377442,15.862068965517242,0.41585858585858587,4150.0
9520.844353010654,2886.2144051593964,-12081.803570226286,0.002940177320785781,16.551724137931036,0.41585858585858587,4150.0
9692.134091295007,2822.127162440023,-12127.201526177188,0.0028995363449114842,17.24137931034483,0.41585858585858587,4150.0
9857.75197024535,2757.8726197651526,-12165.345539831622,0.002860526468363231,17.931034482758623,0.41585858585858587,4150.0
10018.054220306622,2693.722799945068,-12196.929115456485,0.0028230398889069284,18.620689655172416,0.41585858585858587,4150.0
10173.363746926703,2629.906502348123,-12222.569793009614,0.0027869783469828043,19.310344827586206,0.41585858585858587,4150.0
10323.980816095695,2566.619575082968,-12242.8164019748,0.002752252719617866,20.0,0.41585858585858587,4150.0
0.0,0.0,6.881474271722254,0.0053591023496984734,0.0,0.4257575757575757,4300.0
1219.6313014183647,1037.5868082869501,-2325.7526916621573,0.005085598666021682,0.6896551724137931,0.4257575757575757,4300.0
2119.1124850414703,1710.5053226705388,-4019.8235071180243,0.004860044984627398,1.3793103448275863,0.4257575757575757,4300.0
2851.8042926857256,2188.344181594133,-5322.116425636545,0.004667795103380123,2.0689655172413794,0.4257575757575757,4300.0
3476.993686970625,2539.6935452063226,-6359.368774228584,0.00450027163207708,2.7586206896551726,0.4257575757575757,4300.0
4025.3716052951695,2801.392231549642,-7206.144098485922,0.004328067374119321,3.4482758620689657,0.4257575757575757,4250.0
4515.378366118249,2996.2469980149453,-7909.441965360966,0.004196455091517369,4.137931034482759,0.4257575757575757,4250.0
4959.161869614518,3139.638416756402,-8501.31270005177,0.004077297631543553,4.827586206896552,0.4257575757575757,4250.0
5365.238461226923,3242.545099936269,-9004.550008329374,0.003968567209608308,5.517241379310345,0.4257575757575757,4250.0
5739.854714461508,3313.1170705217237,-9435.90700696253,0.003868700030501124,6.206896551724139,0.4257575757575757,4250.0
6087.754083282075,3357.5934947395754,-9808.045005119107,0.00377646224201467,6.8965517241379315,0.4257575757575757,4250.0
6412.6406910883115,3380.852355884295,-10130.753672664141,0.0036908617280551055,7.586206896551724,0.4257575757575757,4250.0
6717.464966071189,3386.778126209801,-10411.86824637383,0.00359348310948648,8.275862068965518,0.4257575757575757,4200.0
7004.625369908419,3378.503527563544,-10657.549405180958,0.0035194877312579925,8.965517241379311,0.4257575757575757,4200.0
7276.102097714302,3358.5884741192435,-10872.688230771855,0.0034500347740152883,9.655172413793103,0.4257575757575757,4200.0
7533.548530372441,3329.13993009482,-11061.404387969313,0.0033846544409640755,10.344827586206897,0.4257575757575757,4200.0
7778.361787588395,3291.9018125444004,-11227.117404944234,0.0033229452736449005,11.03448275862069,0.4257575757575757,4200.0
8011.735509728141,3248.3335190905404,-11372.692150085852,0.003264561410312749,11.724137931034484,0.4257575757575757,4200.0
8234.69763194156,3199.6567525869677,-11500.548422857399,0.0032092027657458057,12.413793103448278,0.4257575757575757,4200.0
8448.140063995615,3146.8991610937815,-11612.745057653752,0.0031566073292119694,13.10344827586207,0.4257575757575757,4200.0
8652.8447191962,3090.9281539857097,-11711.045547371687,0.0031065449218896897,13.793103448275863,0.4257575757575757,4200.0
8849.49561458597,3032.4774013307797,-11796.968764874058,0.003058812357546588,14.482758620689657,0.4257575757575757,4200.0
9038.699737415163,2972.1683406254833,-11871.832670562784,0.0030132290132698692,15.172413793103448,0.4257575757575757,4200.0
9220.996231399427,2910.527315065362,-11936.783507985325,0.0029696341638478906,15.862068965517242,0.4257575757575757,4200.0
9396.867446340071,2848.001261408682,-11992.916419456655,0.0029150868665743755,16.551724137931036,0.4257575757575757,4150.0
9566.748516055673,2784.96996403136,-12041.054823687555,0.0028753332988558354,17.24137931034483,0.4257575757575757,4150.0
9731.025583052751,2721.7515595771197,-12081.935362644523,0.0028371638358346152,17.931034482758623,0.4257575757575757,4150.0
9890.052294579125,2658.6176328542915,-12116.247040286667,0.0028004738793134176,18.620689655172416,0.4257575757575757,4150.0
10044.151001488806,2595.797574388776,-12144.601310318685,0.002765168681761894,19.310344827586206,0.4257575757575757,4150.0
10193.60854652558,2533.4805205261414,-12167.542369987314,0.0027311619658415337,20.0,0.4257575757575757,4150.0
0.0,0.0,6.881474271722254,0.005260537554676969,0.0,0.43565656565656563,4300.0
1198.0368325313332,1019.1921555282131,-2285.2134243782057,0.0049970443313145,0.6896551724137931,0.43565656565656563,4300.0
2082.6202759823345,1680.980348998891,-3953.1251766341084,0.004779438801417651,1.3793103448275863,0.43565656565656563,4300.0
2803.851646305924,2151.4270483331456,-5237.7017237806285,0.004593738242244566,2.0689655172413794,0.43565656565656563,4300.0
3419.7410927437504,2497.7032851151175,-6262.684284752795,0.004431748655494682,2.7586206896551726,0.43565656565656563,4300.0
3960.318442699914,2755.901168775787,-7100.873075045922,0.004264558032590235,3.4482758620689657,0.43565656565656563,4250.0
4443.635588327977,2948.379903325516,-7798.290113340299,0.004137067153193747,4.137931034482759,0.43565656565656563,4250.0
4881.583133988872,3090.225155231819,-8386.239817146074,0.004021549613361219,4.827586206896552,0.43565656565656563,4250.0
5282.501800565313,3192.209991683355,-8887.03006279903,0.003916063537617715,5.517241379310345,0.43565656565656563,4250.0
5652.512364452901,3262.3410153687537,-9317.068233270315,0.003819110387934849,6.206896551724139,0.43565656565656563,4250.0
5996.266642418277,3306.7484002528804,-9688.76179914899,0.0037295072026059116,6.8965517241379315,0.43565656565656563,4250.0
6317.39000905459,3330.2253274085047,-10011.710650673005,0.003646302222145486,7.586206896551724,0.43565656565656563,4250.0
6618.7819109465545,3336.5941956631323,-10293.532405522848,0.0035512101628120333,8.275862068965518,0.43565656565656563,4200.0
6902.793996588306,3328.94008762008,-10540.421018549932,0.0034792116870655553,8.965517241379311,0.43565656565656563,4200.0
7171.367644977323,3309.778168921583,-10757.108414938433,0.003411599171057348,9.655172413793103,0.43565656565656563,4200.0
7426.126660878,3281.1861549717137,-10947.644774749686,0.0033479210324406884,10.344827586206897,0.43565656565656563,4200.0
7668.443961754666,3244.8854900719834,-11115.394128020045,0.003287791191929979,11.03448275862069,0.43565656565656563,4200.0
7899.491901578301,3202.3108350743714,-11263.176438759088,0.0032308769170653205,11.724137931034484,0.43565656565656563,4200.0
8120.280356485146,3154.6691941253453,-11393.375048183785,0.0031768893847802992,12.413793103448278,0.43565656565656563,4200.0
8331.685861165965,3102.9746854995683,-11508.018765833687,0.0031255763118477626,13.10344827586207,0.43565656565656563,4200.0
8534.474937016896,3048.083441822797,-11608.84697795059,0.003076715894893685,13.793103448275863,0.43565656565656563,4200.0
8729.32203100784,2990.7199716600558,-11697.35972638183,0.0030301121479303066,14.482758620689657,0.43565656565656563,4200.0
8916.824161687591,2931.4978615118935,-11774.856706983694,0.0029855912270069958,15.172413793103448,0.43565656565656563,4200.0
9097.513572578382,2870.939569672515,-11842.469973567277,0.002942998081825127,15.862068965517242,0.43565656565656563,4200.0
9271.862660657913,2809.485594531811,-11901.197011933888,0.002889410979518339,16.551724137931036,0.43565656565656563,4150.0
9440.296244694475,2747.5100090515316,-11952.026494874612,0.0028505484593321184,17.24137931034483,0.43565656565656563,4150.0
9603.201398429725,2685.3323701317513,-11995.600038114448,0.002813222961452747,17.931034482758623,0.43565656565656563,4150.0
9760.922915721021,2623.2193439578637,-12032.599570268794,0.0027773336483596176,18.620689655172416,0.43565656565656563,4150.0
9913.773911722466,2561.3962920748927,-12063.62994186116,0.0027427890414450625,19.310344827586206,0.43565656565656563,4150.0
10062.046984122871,2500.0566645007166,-12089.23303005634,0.002709505491960396,20.0,0.43565656565656563,4150.0
0.0,0.0,6.881474271722254,0.005162211262555322,0.0,0.44555555555555554,4300.0
1176.463150237902,1000.8159874987916,-2244.6836973141762,0.004908517058060082,0.6896551724137931,0.44555555555555554,4300.0
2046.1261218404925,1651.4559999028975,-3886.321399148561,0.004698709211718094,1.3793103448275863,0.44555555555555554,4300.0
2755.8547461645458,2114.4793490820466,-5153.013208501987,0.004519446407156153,2.0689655172413794,0.44555555555555554,4300.0
3362.393347294644,2455.6479258856584,-6165.536007257819,0.004362905797327745,2.7586206896551726,0.44555555555555554,4300.0
3895.1168631185487,2710.3124125934046,-6994.942402856228,0.004200667780025352,3.4482758620689657,0.44555555555555554,4250.0
4371.6856931335915,2900.3810404881533,-7686.285165747424,0.0040772468377979435,4.137931034482759,0.44555555555555554,4250.0
4803.739949423923,3040.6504531247747,-8270.126772468728,0.0039653285224766546,4.827586206896552,0.44555555555555554,4250.0
5199.445342837702,3141.6881327695933,-8768.292488372623,0.0038630543259414473,5.517241379310345,0.44555555555555554,4250.0
5564.796987387851,3211.356943288131,-9196.8435492543,0.0037689893976884563,6.206896551724139,0.44555555555555554,4250.0
5904.347952618371,3255.6716991890385,-9567.935137331173,0.0036820002524695587,6.8965517241379315,0.44555555555555554,4250.0
6221.658927180319,3279.3522677181254,-9890.976893955696,0.003601174507026787,7.586206896551724,0.44555555555555554,4250.0
6519.565566876225,3286.1483720665738,-10173.392915808654,0.003525765989969642,8.275862068965518,0.44555555555555554,4250.0
6800.376746495312,3279.0984442887366,-10421.33545260656,0.0034383490827468834,8.965517241379311,0.44555555555555554,4200.0
7065.999842733064,3260.681869907658,-10639.452183285757,0.0033725693436429034,9.655172413793103,0.44555555555555554,4200.0
7318.025569981829,3232.9389511206805,-10831.697935035947,0.0033105877527733153,10.344827586206897,0.44555555555555554,4200.0
7557.801712620733,3197.567391003793,-11001.380663753924,0.003252033291353834,11.03448275862069,0.44555555555555554,4200.0
7786.479286074884,3155.983036578813,-11151.274815026154,0.003196586091782958,11.724137931034484,0.44555555555555554,4200.0
8005.0501245635,3109.372425122181,-11283.726867983132,0.003143968344847105,12.413793103448278,0.44555555555555554,4200.0
8214.375541019836,3058.7375651218217,-11400.736342183554,0.0030939371557387125,13.10344827586207,0.44555555555555554,4200.0
8415.210858171751,3004.925080380247,-11504.017478226087,0.0030462791018396273,13.793103448275863,0.44555555555555554,4200.0
8608.217204287776,2948.6492197256357,-11595.048887650992,0.003000805576457309,14.482758620689657,0.44555555555555554,4200.0
8793.980816020976,2890.516185680984,-11675.113702038907,0.002957348965694178,15.172413793103448,0.44555555555555554,4200.0
8973.02367879165,2831.0406518729264,-11745.331370056585,0.002915759655832335,15.862068965517242,0.44555555555555554,4200.0
9145.813151339033,2770.660305529616,-11806.680542400638,0.002875903914795027,16.551724137931036,0.44555555555555554,4200.0
9312.768989423954,2709.7460884352768,-11860.064902427504,0.0028251703300311436,17.24137931034483,0.44555555555555554,4150.0
9474.266223463326,2648.610711963256,-11906.285108852666,0.002788692251426427,17.931034482758623,0.44555555555555554,4150.0
9630.647595072229,2587.520899823206,-11945.928638751975,0.002753607422732523,18.620689655172416,0.44555555555555554,4150.0
9782.224652484017,2526.7016499822753,-11979.597484926053,0.00271982714971545,19.310344827586206,0.44555555555555554,4150.0
9929.275382959184,2466.339259661529,-12007.824782592783,0.0026872712131351417,20.0,0.44555555555555554,4150.0
0.0,0.0,6.881474271722254,0.00506412217958905,0.0,0.45545454545454545,4300.0
1154.9103970402266,982.45845912453,-2204.163629741932,0.004820017094834402,0.6896551724137931,0.45545454545454545,4300.0
2009.6296377495955,1621.9319192882806,-3819.4127633835233,0.0046178568682366285,1.3793103448275863,0.45545454545454545,4300.0
2707.8135151868264,2077.501054322289,-5068.051502461065,0.004444920097171675,2.0689655172413794,0.45545454545454545,4300.0
3304.9505994274427,2413.527716824833,-6067.923920738955,0.004293743124163478,2.7586206896551726,0.45545454545454545,4300.0
3829.7659301921844,2664.6251024048283,-6888.351130419622,0.004136396044636918,3.4482758620689657,0.45545454545454545,4250.0
4299.530747275206,2852.252604572847,-7573.4245722282285,0.004016992874862716,4.137931034482759,0.45545454545454545,4250.0
4725.634565563993,2990.916407111672,-8152.969953518244,0.003908632196763965,4.827586206896552,0.45545454545454545,4250.0
5116.069355133073,3090.9802881100204,-8648.330962485103,0.0038095367031116393,5.517241379310345,0.45545454545454545,4250.0
5476.703037410194,3160.16011306701,-9075.224917530417,0.0037183333610142353,6.206896551724139,0.45545454545454545,4250.0
5811.999340190019,3204.365524197786,-9445.553925780972,0.0036339369777519505,6.8965517241379315,0.45545454545454545,4250.0
6125.440228207983,3228.227007992824,-9768.538240036236,0.0035554735108055324,7.586206896551724,0.45545454545454545,4250.0
6419.812196424689,3235.4390066965093,-10051.456875804775,0.0034822277346568797,8.275862068965518,0.45545454545454545,4250.0
6697.374540184813,3228.9825984762156,-10300.272970260245,0.003396893668115171,8.965517241379311,0.45545454545454545,4200.0
6959.996029669811,3211.298551472021,-10519.696805061423,0.003332938450646878,9.655172413793103,0.45545454545454545,4200.0
7209.239773931493,3184.3964885014184,-10713.5380364839,0.003272647193181373,10.344827586206897,0.45545454545454545,4200.0
7446.428153910118,3149.9470317278697,-10885.048136850877,0.003215663602747821,11.03448275862069,0.45545454545454545,4200.0
7672.6910133980955,3109.3462394106837,-11036.956115540343,0.003161680327780103,11.724137931034484,0.45545454545454545,4200.0
7889.0020998237505,3063.765106327468,-11171.571179226266,0.0031104303758551772,12.413793103448278,0.45545454545454545,4200.0
8096.2071682691885,3014.189608976657,-11290.861729911689,0.003061680295780963,13.10344827586207,0.45545454545454545,4200.0
8295.045676657068,2961.453158696586,-11396.516280746255,0.0030152248239750335,13.793103448275863,0.45545454545454545,4200.0
8486.169052314326,2906.262861973658,-11489.993832774599,0.0029708822553724513,14.482758620689657,0.45545454545454545,4200.0
8670.154785423198,2849.2183219395843,-11572.560175380175,0.0029284912851916083,15.172413793103448,0.45545454545454545,4200.0
8847.516347630628,2790.8284180123715,-11645.318452805906,0.0028879080884604775,15.862068965517242,0.45545454545454545,4200.0
9018.710631990592,2731.5237215222255,-11709.237349039337,0.002849003447305681,16.551724137931036,0.45545454545454545,4200.0
9184.148868712871,2671.670590209487,-11765.168396970395,0.0028116613532055985,17.24137931034483,0.45545454545454545,4200.0
9344.206554262117,2611.5827061861746,-11813.93371668701,0.0027635600106309267,17.931034482758623,0.45545454545454545,4150.0
9499.215687260581,2551.5205281038398,-11856.177778357807,0.0027292828582864475,18.620689655172416,0.45545454545454545,4150.0
9649.481288702893,2491.7068334901583,-11892.441387048617,0.002696270943550693,19.310344827586206,0.45545454545454545,4150.0
9795.284837434545,2432.3304997824916,-11923.256957682454,0.002664446193645367,20.0,0.45545454545454545,4150.0
0.0,0.0,6.881474271722254,0.004966269023253545,0.0,0.46535353535353535,4300.0
1133.379049610685,964.1200419980861,-2163.653339714452,0.0047315446876587345,0.6896551724137931,0.46535353535353535,4300.0
1973.1308152543097,1592.40811104816,-3752.3998271270175,0.004536882437133704,1.3793103448275863,0.46535353535353535,4300.0
2659.7302425769367,2040.4943687932246,-4982.817230698303,0.004370159814537471,2.0689655172413794,0.46535353535353535,4300.0
3247.4148853356687,2371.3446156284585,-5969.848397216687,0.004224260616213802,2.7586206896551726,0.46535353535353535,4300.0
3764.2640833133532,2618.837421074905,-6781.098504329064,0.004071742231806136,3.4482758620689657,0.46535353535353535,4250.0
4227.168198891976,2803.9924870905356,-7459.706510014032,0.003956303876599629,4.137931034482759,0.46535353535353535,4250.0
4647.263731702097,2941.0199939975755,-8034.765270919808,0.0038514585430446326,4.827586206896552,0.46535353535353535,4250.0
5032.3694179211025,3040.0832006548567,-8527.139282559488,0.003755507779081355,5.517241379310345,0.46535353535353535,4250.0
5388.231362644377,3108.7520823236882,-8952.203719987396,0.0036671386270560272,6.206896551724139,0.46535353535353535,4250.0
5719.215394370435,3152.8261739597733,-9321.607554305374,0.0035853129236996253,6.8965517241379315,0.46535353535353535,4250.0
6028.735704357258,3176.8537273468905,-9644.38151399351,0.003509193975783268,7.586206896551724,0.46535353535353535,4250.0
6319.516698476727,3184.463002506095,-9927.659272878635,0.0034380968130870095,8.275862068965518,0.46535353535353535,4250.0
6593.7775054448675,3178.586492052127,-10177.213982724279,0.0033548390372459404,8.965517241379311,0.46535353535353535,4200.0
6853.349361518449,3161.624710638259,-10397.819896748413,0.0032926994356918325,9.655172413793103,0.46535353535353535,4200.0
7099.76378075133,3135.5558244766894,-10593.140230914425,0.0032340916328640413,10.344827586206897,0.46535353535353535,4200.0
7334.317825800242,3102.0225716968516,-10766.36937044331,0.0031786737715835027,11.03448275862069,0.46535353535353535,4200.0
7558.119988888056,3062.399740913847,-10920.18998485244,0.0031261508329323024,11.724137931034484,0.46535353535353535,4200.0
7772.125779249166,3017.84186879197,-11056.87326096875,0.003076266428631019,12.413793103448278,0.46535353535353535,4200.0
7977.165268495942,2969.3213375709374,-11178.356584204936,0.0030287962417826207,13.10344827586207,0.46535353535353535,4200.0
8173.967593201716,2917.662218874012,-11286.304123917434,0.002983542797643956,13.793103448275863,0.46535353535353535,4200.0
8363.170249307143,2863.5597789493445,-11382.152513256697,0.002940331591238555,14.482758620689657,0.46535353535353535,4200.0
8545.33890131171,2807.6043959087174,-11467.148806246594,0.0028990075568618634,15.172413793103448,0.46535353535353535,4200.0
8720.977904971563,2750.29923957518,-11542.383672310592,0.002859431929042293,15.862068965517242,0.46535353535353535,4200.0
8890.5400181037,2692.072515450032,-11608.811816332578,0.0028214806219857996,16.551724137931036,0.46535353535353535,4200.0
9054.428633998845,2633.285781358805,-11667.273651270436,0.0027850419365164007,17.24137931034483,0.46535353535353535,4200.0
9213.007774846914,2574.245830732746,-11718.514462354804,0.0027500146978196283,17.931034482758623,0.46535353535353535,4200.0
9366.609940933116,2515.2150258894803,-11763.285800400787,0.002704347920558463,18.620689655172416,0.46535353535353535,4150.0
9515.534297631953,2456.4125149557635,-11802.102127675425,0.0026721074743474866,19.310344827586206,0.46535353535353535,4150.0
9660.052269177542,2398.022618870407,-11835.463172715201,0.002641017933453608,20.0,0.46535353535353535,4150.0
0.0,0.0,6.881474271722254,0.004868650522108689,0.0,0.47525252525252526,4300.0
1111.8682691930655,945.7999233599481,-2123.152944081172,0.0046431000800293215,0.6896551724137931,0.47525252525252526,4300.0
1936.6296469336976,1562.884579977415,-3685.283146518799,0.0044557865830826835,1.3793103448275863,0.47525252525252526,4300.0
2611.602809600669,2003.4570986619917,-4897.311020665591,0.004295166064707681,2.0689655172413794,0.47525252525252526,4300.0
3189.7837566270664,2329.096420943527,-5871.309632408826,0.004154458294790177,2.7586206896551726,0.47525252525252526,4300.0
3698.612491934602,2572.951323309976,-6673.18387910421,0.004006705745585561,3.4482758620689657,0.47525252525252526,4250.0
4154.596661546446,2755.5997489872543,-7345.128727606541,0.003895178537887206,4.137931034482759,0.47525252525252526,4250.0
4568.62590140305,2890.961126427381,-7915.508437356941,0.0037938055043259034,4.827586206896552,0.47525252525252526,4250.0
4948.347193596653,2988.9989388120284,-8404.711649181765,0.0037009646404359575,5.517241379310345,0.47525252525252526,4250.0
5299.378479271689,3057.1312780435023,-8827.771005067436,0.003615401577649974,6.206896551724139,0.47525252525252526,4250.0
5625.994904602327,3101.053428688666,-9196.084639831271,0.003536123697082586,6.8965517241379315,0.47525252525252526,4250.0
5931.538076660609,3125.227567856138,-9518.49289276923,0.003462330775103543,7.586206896551724,0.47525252525252526,4250.0
6218.6781265925565,3133.219986023584,-9801.983884023044,0.0033933673175016756,8.275862068965518,0.47525252525252526,4250.0
6489.585795522068,3127.911969657597,-10052.170648297179,0.003328689051954931,8.965517241379311,0.47525252525252526,4250.0
6746.056095692247,3111.6604068813303,-10273.799554040146,0.0032518451670275833,9.655172413793103,0.47525252525252526,4200.0
6989.591373974734,3086.4138686710407,-10470.479215625426,0.0031949134102744153,10.344827586206897,0.47525252525252526,4200.0
7221.463206297864,3053.7900518569904,-10645.315272066713,0.003141055678380922,11.03448275862069,0.47525252525252526,4200.0
7442.758711958878,3015.141025949667,-10800.943744671313,0.0030899889783336377,11.724137931034484,0.47525252525252526,4200.0
7654.4154858383345,2971.603290880793,-10939.598245652553,0.003041467184685156,12.413793103448278,0.47525252525252526,4200.0
7857.248183504057,2924.1360941340345,-11063.184742154226,0.0029952749705855373,13.10344827586207,0.47525252525252526,4200.0
8051.969554068706,2873.550016890607,-11173.340397082648,0.0029512228470702866,13.793103448275863,0.47525252525252526,4200.0
8239.207077774712,2820.53196378118,-11271.47994944379,0.002909143126782655,14.482758620689657,0.47525252525252526,4200.0
8419.5190936106,2765.6670232215433,-11358.834528159125,0.00286888647355338,15.172413793103448,0.47525252525252526,4200.0
8593.399786271448,2709.450400074472,-11436.477435487082,0.002830319837936684,15.862068965517242,0.47525252525252526,4200.0
8761.290283906861,2652.302626052056,-11505.350888652974,0.002793323751131913,16.551724137931036,0.47525252525252526,4200.0
8923.58949739056,2594.5828210996456,-11566.286537172258,0.0027577904959794463,17.24137931034483,0.47525252525252526,4200.0
9080.657804755061,2536.596253671309,-11620.017153446264,0.002723623187268878,17.931034482758623,0.47525252525252526,4200.0
9232.817092520316,2478.5989480282874,-11667.196820720194,0.0026907334584965765,18.620689655172416,0.47525252525252526,4200.0
9380.363993381285,2420.8103073143125,-11708.514914182728,0.0026473241999687264,19.310344827586206,0.47525252525252526,4150.0
9523.56763636049,2363.4142347410825,-11744.379969885471,0.002616972997857694,20.0,0.47525252525252526,4150.0
0.0,0.0,6.881474271722254,0.004771265415665566,0.0,0.4851515151515151,4300.0
1090.377982950313,927.4980411625388,-2082.662558381853,0.004554683513199154,0.6896551724137931,0.4851515151515151,4300.0
1900.126977235506,1533.362169420031,-3618.06327607017,0.0043745699692840055,1.3793103448275863,0.4851515151515151,4300.0
2563.4310737478268,1966.3890828055878,-4811.533415469101,0.004219939384342487,2.0689655172413794,0.4851515151515151,4300.0
3132.057108510667,2286.7831181790607,-5772.30780545342,0.004084336192167191,2.7586206896551726,0.4851515151515151,4300.0
3632.811193140821,2526.9669632434257,-6564.6064667300525,0.003941286010385156,3.4482758620689657,0.4851515151515151,4250.0
4081.8190093348826,2707.07727121513,-7229.6889249419255,0.003833615562126826,4.137931034482759,0.4851515151515151,4250.0
4489.723323722982,2840.7421744242893,-7795.1957099206775,0.0037356709351921706,4.827586206896552,0.4851515151515151,4250.0
4863.999469583072,2937.7248763384755,-8281.041834630465,0.003645904413342681,5.517241379310345,0.4851515151515151,4250.0
5210.142209576713,3005.296622937225,-8701.918960393152,0.0035631184293155294,6.206896551724139,0.4851515151515151,4250.0
5532.3355621415585,3049.045245673071,-9068.973981144467,0.003486364829599766,6.8965517241379315,0.4851515151515151,4250.0
5833.846658320937,3073.349313413479,-9390.857956182008,0.003414878765905088,7.586206896551724,0.4851515151515151,4250.0
6117.28885508508,3081.706673691824,-9674.413376501121,0.00334803340908166,8.275862068965518,0.4851515151515151,4250.0
6384.791465285489,3076.9528041894373,-9925.139409347641,0.003285308100366769,8.965517241379311,0.4851515151515151,4250.0
6638.110359124777,3061.402986737825,-10147.61226099047,0.0032103686273291772,9.655172413793103,0.4851515151515151,4200.0
6878.717298328449,3036.9701560979174,-10345.528330871326,0.003155104877055287,10.344827586206897,0.4851515151515151,4200.0
7107.858655788517,3005.2473262061862,-10521.85679264211,0.0031028009614682385,11.03448275862069,0.4851515151515151,4200.0
7326.600176367821,2967.565861096404,-10679.186532071624,0.003053185671276602,11.724137931034484,0.4851515151515151,4200.0
7535.861083280369,2925.044599897018,-10819.712108243897,0.003006023101652694,12.413793103448278,0.4851515151515151,4200.0
7736.440490747614,2878.626952024981,-10945.307118910372,0.0029611067612720816,13.10344827586207,0.4851515151515151,4200.0
7929.039732960841,2829.1137624513212,-11057.583126436235,0.0029182546725489557,13.793103448275863,0.4851515151515151,4200.0
8114.273449513083,2777.1817152192975,-11157.933717165724,0.002877305765713356,14.482758620689657,0.4851515151515151,4200.0
8292.686832322512,2723.406164143657,-11247.569413483965,0.0028381169652976347,15.172413793103448,0.4851515151515151,4200.0
8464.765521096995,2668.276242346342,-11327.549238603635,0.0028005602113387908,15.862068965517242,0.4851515151515151,4200.0
8630.948730702765,2612.2111467594746,-11398.803290893382,0.0027645206038265186,16.551724137931036,0.4851515151515151,4200.0
8791.622377576296,2555.5618279975133,-11462.149299420627,0.002729894988747025,17.24137931034483,0.4851515151515151,4200.0
8947.139161789222,2498.6291979175135,-11518.314407069643,0.0026965896335371716,17.931034482758623,0.4851515151515151,4200.0
9097.822332747894,2441.6711781242475,-11567.941194019928,0.002664520084107032,18.620689655172416,0.4851515151515151,4200.0
9243.9572214111,2384.900660401606,-11611.617351062188,0.0026219077347425556,19.310344827586206,0.4851515151515151,4150.0
9385.809821706946,2328.501302369509,-11649.939111537351,0.0025922982614383972,20.0,0.4851515151515151,4150.0
0.0,0.0,6.881474271722254,0.004674112454255256,0.0,0.495050505050505,4300.0
1068.9080977351646,909.214314121223,-2042.182271625832,0.004466295246088256,0.6896551724137931,0.495050505050505,4300.0
1863.6227917039719,1503.8408618639028,-3550.7407686807055,0.004293233257478789,1.3793103448275863,0.495050505050505,4300.0
2515.215044912653,1929.290637505546,-4725.485120264624,0.004144480267717659,2.0689655172413794,0.495050505050505,4300.0
3074.236556974596,2244.4063370944127,-5672.843055282232,0.004013894360711109,2.7586206896551726,0.495050505050505,4300.0
3566.858112517236,2480.8826128311794,-6455.365396488138,0.003875482481414392,3.4482758620689657,0.495050505050505,4250.0
4008.8313569494994,2658.4216183717954,-7113.384823897555,0.0037716136600420363,4.137931034482759,0.495050505050505,4250.0
4410.551626101166,2790.3596704491874,-7673.823168133655,0.0036770527727930198,4.827586206896552,0.495050505050505,4250.0
4779.324190146749,2886.2592451684372,-8156.123275598504,0.003590324269448763,5.517241379310345,0.495050505050505,4250.0
5120.522982722259,2953.2492388420605,-8574.638842308981,0.003510285553468412,6.206896551724139,0.495050505050505,4250.0
5438.233353741547,2996.8005356937765,-8940.264933284772,0.0034360318011807606,6.8965517241379315,0.495050505050505,4250.0
5735.657389021636,3021.2160292234253,-9261.463547164487,0.00336683258231543,7.586206896551724,0.495050505050505,4250.0
6015.3499326252295,3029.925313735085,-9544.931430707089,0.0033020890156769743,8.275862068965518,0.495050505050505,4250.0
6279.3927602798085,3025.7105108162955,-9796.053965206847,0.0032413033805303833,8.965517241379311,0.495050505050505,4250.0
6529.507259067506,3010.849323589555,-10019.235911480602,0.0031682624676474674,9.655172413793103,0.495050505050505,4200.0
6767.135002591628,2987.2219147241217,-10218.26282302798,0.0031146580023672615,10.344827586206897,0.495050505050505,4200.0
6993.496915000429,2956.3927660358813,-10395.96571693568,0.0030639010787137906,11.03448275862069,0.495050505050505,4200.0
7209.637169027075,2919.672779384995,-10554.885640581546,0.0030157320275414133,11.724137931034484,0.495050505050505,4200.0
7416.456724803533,2878.1631046047632,-10697.178120433666,0.0029699248343959405,12.413793103448278,0.495050505050505,4200.0
7614.7392219198,2832.7934630291634,-10824.685619870783,0.0029262814477640764,13.10344827586207,0.495050505050505,4200.0
7805.170430331973,2784.350666882141,-10938.99217579289,0.0028846275274343088,13.793103448275863,0.495050505050505,4200.0
7988.353936216044,2733.5021569279456,-11041.467722864283,0.0028448087532225385,14.482758620689657,0.495050505050505,4200.0
8164.829041113449,2680.8179538036006,-11133.305871970486,0.0028066875398220933,15.172413793103448,0.495050505050505,4200.0
8335.06961096593,2626.7786191438076,-11215.549551072487,0.0027701410568563133,15.862068965517242,0.495050505050505,4200.0
8499.501366052924,2571.7949707155212,-11289.113311015913,0.002735059257551736,16.551724137931036,0.495050505050505,4200.0
8658.510754219109,2516.218332846649,-11354.807174478105,0.002701342540975068,17.24137931034483,0.495050505050505,4200.0
8812.442679272028,2460.3449932149224,-11413.345052412595,0.002668901387418799,17.931034482758623,0.495050505050505,4200.0
8961.608683556773,2404.4260947438156,-11465.364226112724,0.002637654163217183,18.620689655172416,0.495050505050505,4200.0
9106.297466065025,2348.678164295759,-11511.431012122943,0.0026075269405444255,19.310344827586206,0.495050505050505,4200.0
9246.764861146818,2293.278960066324,-11552.073906004633,0.002566979856621501,20.0,0.495050505050505,4150.0
0.0,0.0,6.881474271722254,0.0045771903988996426,0.0,0.5049494949494949,4300.0
1047.4585671490236,890.9487050781573,-2001.7122263569327,0.004377935491804646,0.6896551724137931,0.5049494949494949,4300.0
1827.1162373486181,1474.3198470640082,-3483.31614627628,0.004211777120075949,1.3793103448275863,0.5049494949494949,4300.0
2466.9567590327683,1892.1637452558457,-4639.166820158542,0.004068789225029838,2.0689655172413794,0.5049494949494949,4300.0
3016.3212387081453,2201.9653203447347,-5572.9155138003625,0.003943132863245925,2.7586206896551726,0.5049494949494949,4300.0
3500.7540419056772,2434.6991977955145,-6345.473815160229,0.003831023930698894,3.4482758620689657,0.5049494949494949,4300.0
3935.6334029248105,2609.6321801383297,-6996.214572818637,0.0037091715015713533,4.137931034482759,0.5049494949494949,4250.0
4331.111439377879,2739.8146498206456,-7551.386721630806,0.0036179489511983082,4.827586206896552,0.5049494949494949,4250.0
4694.322848028287,2834.604823433098,-8029.950530463553,0.0035342212107266767,5.517241379310345,0.5049494949494949,4250.0
5030.515217681103,2900.9851541161397,-8445.921624306364,0.003456899314640688,6.206896551724139,0.5049494949494949,4250.0
5343.6888254391015,2944.32075771686,-8809.945905083587,0.003385120203182438,6.8965517241379315,0.5049494949494949,4250.0
5636.967230825341,2968.826042743716,-9130.295521159882,0.0033181870424134254,7.586206896551724,0.5049494949494949,4250.0
5912.852766108219,2977.870389309812,-9413.521243119598,0.0032555281678551184,8.275862068965518,0.5049494949494949,4250.0
6173.383549467528,2974.1822292664524,-9664.894545614421,0.0031966681975634024,8.965517241379311,0.5049494949494949,4250.0
6420.242166844523,2959.9982474098556,-9888.715477660953,0.003141207264256846,9.655172413793103,0.5049494949494949,4250.0
6654.839732414445,2937.1662181468027,-10088.655738347516,0.003073565035203345,10.344827586206897,0.5049494949494949,4200.0
6878.371922390218,2907.2243917352516,-10267.611482518078,0.0030243476862101553,11.03448275862069,0.5049494949494949,4200.0
7091.861649724197,2871.4593199612605,-10428.00813467335,0.0029776189479002557,11.724137931034484,0.5049494949494949,4200.0
7296.191659745919,2830.955965085514,-10571.96186622054,0.002933162491668627,12.413793103448278,0.5049494949494949,4200.0
7492.130548921829,2786.6300233106213,-10701.281634574298,0.0028907888237803513,13.10344827586207,0.5049494949494949,4200.0
7680.350719951075,2739.256300889243,-10817.523724974671,0.002850330975254029,13.793103448275863,0.5049494949494949,4200.0
7861.444166698989,2689.492282425727,-10922.037538801349,0.002811640759650454,14.482758620689657,0.5049494949494949,4200.0
8035.935581396877,2637.8970606736693,-11015.996044537875,0.0027745865341202818,15.172413793103448,0.5049494949494949,4200.0
8204.293117381541,2584.9472831981484,-11100.424945994448,0.002739050610692458,15.862068965517242,0.5049494949494949,4200.0
8366.937877430799,2531.0496895064443,-11176.228337930545,0.002704926985768651,16.551724137931036,0.5049494949494949,4200.0
8524.242554482424,2476.5471824506217,-11244.20093052293,0.0026721206099100873,17.24137931034483,0.5049494949494949,4200.0
8676.548597335623,2421.7345905693146,-11305.049748666352,0.0026405450872083874,17.931034482758623,0.5049494949494949,4200.0
8824.164716218587,2366.8618986451415,-11359.40151314911,0.0026101223599604285,18.620689655172416,0.5049494949494949,4200.0
8967.367237923934,2312.1384603611323,-11407.816672285378,0.0025807811878401908,19.310344827586206,0.5049494949494949,4200.0
9106.415347500963,2257.7457132915765,-11450.796288590776,0.0025524566673047907,20.0,0.5049494949494949,4200.0
0.0,0.0,6.881474271722254,0.004480498021184208,0.0,0.5148484848484849,4300.0
1026.029320809483,872.7011541273401,-1961.252535194988,0.004289604483817644,0.6896551724137931,0.5148484848484849,4300.0
1790.607307363839,1444.7991302951123,-3415.7899523542947,0.0041302022176274095,1.3793103448275863,0.5148484848484849,4300.0
2418.65457999582,1855.0068613164901,-4552.579152162696,0.003992866774343683,2.0689655172413794,0.5148484848484849,4300.0
2958.3101910972623,2159.459250966069,-5472.525588632459,0.0038720517202696213,2.7586206896551726,0.5148484848484849,4300.0
3434.4997717278397,2388.4175731961,-6234.951568234668,0.003764160710757347,3.4482758620689657,0.5148484848484849,4300.0
3862.227437827244,2560.712108262429,-6878.175942630885,0.0036462878324932703,4.137931034482759,0.5148484848484849,4250.0
4251.402216645942,2689.1070192627344,-7427.882186029354,0.0035583574247451616,4.827586206896552,0.5148484848484849,4250.0
4608.990597039354,2782.757981726249,-7902.51727437818,0.0034775924209006874,5.517241379310345,0.5148484848484849,4250.0
4940.120971147795,2848.5055141153766,-8315.759545631605,0.0034029558850810853,6.206896551724139,0.5148484848484849,4250.0
5248.695526386953,2891.601483759596,-8678.005711943959,0.003333625505571695,6.8965517241379315,0.5148484848484849,4250.0
5537.7737690695585,2916.1796711195466,-8997.339210602535,0.0032689369352271913,7.586206896551724,0.5148484848484849,4250.0
5809.797892920951,2925.5422409753255,-9280.16507895037,0.003208344922760709,8.275862068965518,0.5148484848484849,4250.0
6066.760246135097,2922.3670358783374,-9531.64023793974,0.0031513958953154936,8.965517241379311,0.5148484848484849,4250.0
6310.30870859573,2908.8477203104503,-9755.973993407177,0.0030977081168701167,9.655172413793103,0.5148484848484849,4250.0
6541.824113523675,2886.8006852003655,-9956.68073568405,0.003031817940523837,10.344827586206897,0.5148484848484849,4200.0
6762.476593433433,2857.737176621976,-10136.765582673514,0.0029841319739099858,11.03448275862069,0.5148484848484849,4200.0
6973.267492050527,2822.9229157951813,-10298.522147253272,0.002938837081968364,11.724137931034484,0.5148484848484849,4200.0
7175.060997263053,2783.4231731559266,-10444.02621820171,0.002895726464454787,12.413793103448278,0.5148484848484849,4200.0
7368.609255995439,2740.1373600069924,-10575.054411191559,0.0028546187235778727,13.10344827586207,0.5148484848484849,4200.0
7554.571088148769,2693.829225295462,-10693.136597595381,0.002815353931017982,13.793103448275863,0.5148484848484849,4200.0
7733.527553718318,2645.1471184326774,-10799.596918628522,0.0027777905346989314,14.482758620689657,0.5148484848484849,4200.0
7905.99473945265,2594.6429097453315,-10895.589370357746,0.002741802340732671,15.172413793103448,0.5148484848484849,4200.0
8072.4294628988055,2542.7846749853093,-10982.125211414961,0.0027072763423975532,15.862068965517242,0.5148484848484849,4200.0
8233.241034331975,2489.9715858299387,-11060.09117059075,0.002674111415326873,16.551724137931036,0.5148484848484849,4200.0
8388.803779318614,2436.547583536853,-11130.273279736364,0.0026422159597581487,17.24137931034483,0.5148484848484849,4200.0
8539.445911031919,2382.799254709987,-11193.366095493722,0.002611507463519476,17.931034482758623,0.5148484848484849,4200.0
8685.470360340676,2328.9738670557545,-11249.988924984114,0.002581910834579446,18.620689655172416,0.5148484848484849,4200.0
8827.153839252058,2275.2810994639485,-11300.69430399024,0.00255335778512987,19.310344827586206,0.5148484848484849,4200.0
8964.742258583572,2221.8953332970814,-11345.97689260653,0.0025257859961689577,20.0,0.5148484848484849,4200.0
0.0,0.0,6.881474271722254,0.0043840341031327855,0.0,0.5247474747474747,4300.0
1004.620288684163,854.4716016370322,-1920.8033092387486,0.004201302453514943,0.6896551724137931,0.5247474747474747,4300.0
1754.0960364809796,1415.2787545689002,-3348.1627920288665,0.004048509189525787,1.3793103448275863,0.5247474747474747,4300.0
2370.3082041203047,1817.8197355861764,-4465.722756131909,0.003916713436782873,2.0689655172413794,0.5247474747474747,4300.0
2900.2038417717545,2116.8881811582687,-5371.673465174543,0.00380065101257398,2.7586206896551726,0.5247474747474747,4300.0
3368.0929667430546,2342.0357605787112,-6123.763705116195,0.0036969069263701744,3.4482758620689657,0.5247474747474747,4300.0
3788.6096073008393,2511.65820027766,-6759.266589266539,0.003582961412669898,4.137931034482759,0.5247474747474747,4250.0
4171.421074311728,2638.2342054968103,-7303.306121533766,0.0034982760477523323,4.827586206896552,0.5247474747474747,4250.0
4523.3287153833135,2730.720538053958,-7773.8169968579095,0.003420435067216097,5.517241379310345,0.5247474747474747,4250.0
4849.335336593767,2795.808194236332,-8184.143796153679,0.0033484516433235118,6.206896551724139,0.5247474747474747,4250.0
5153.255230896478,2838.6449196693206,-8544.433619664553,0.0032815431400952263,6.8965517241379315,0.5247474747474747,4250.0
5438.072370073496,2863.2743075581593,-8862.581544879722,0.003219076794244321,7.586206896551724,0.5247474747474747,4250.0
5706.177853328895,2872.937679281819,-9144.846817825113,0.003160533045432901,8.275862068965518,0.5247474747474747,4250.0
5959.518101153719,2870.261094935762,-9396.271949932328,0.0031054794807542866,8.965517241379311,0.5247474747474747,4250.0
6199.703319521267,2857.396811331511,-9620.975210335768,0.003053552020392464,9.655172413793103,0.5247474747474747,4250.0
6428.083980693878,2836.1249801897716,-9822.360147094558,0.0030044410002202206,10.344827586206897,0.5247474747474747,4250.0
6645.804671217742,2807.931190490032,-10003.397477158185,0.002943245367950356,11.03448275862069,0.5247474747474747,4200.0
6853.845349704148,2774.059120633219,-10166.392996641946,0.0028993773225671348,11.724137931034484,0.5247474747474747,4200.0
7053.052101954855,2735.5560696510724,-10313.334895112668,0.0028576067697121538,12.413793103448278,0.5247474747474747,4200.0
7244.163561382982,2693.3087724591724,-10445.965807319088,0.0028177604356795973,13.10344827586207,0.5247474747474747,4200.0
7427.822556612212,2648.0661423753027,-10565.786389767884,0.0027796855949434353,13.793103448275863,0.5247474747474747,4200.0
7604.598019294748,2600.465861436349,-10674.098904820225,0.0027432466138342377,14.482758620689657,0.5247474747474747,4200.0
7774.994173147784,2551.0506150177284,-10772.037911199179,0.002708322723769403,15.172413793103448,0.5247474747474747,4200.0
7939.462207613278,2500.284360806394,-10860.595305054812,0.0026748061075931332,15.862068965517242,0.5247474747474747,4200.0
8098.4038224136175,2448.5603378148744,-10940.646919339437,0.002642599468030428,16.551724137931036,0.5247474747474747,4200.0
8252.178959877267,2396.213459714024,-11012.963862346529,0.002611615461016248,17.24137931034483,0.5247474747474747,4200.0
8401.117857909954,2343.5321803240713,-11078.23181919883,0.0025817747974567545,17.931034482758623,0.5247474747474747,4200.0
8545.513989979207,2290.7580356291355,-11137.060719966328,0.0025530055753183213,18.620689655172416,0.5247474747474747,4200.0
8685.636341759284,2238.097568437872,-11189.99503377678,0.002525242370592911,19.310344827586206,0.5247474747474747,4200.0
8821.732917490983,2185.727122372872,-11237.523590139412,0.002498425306348164,20.0,0.5247474747474747,4200.0
0.0,0.0,6.881474271722254,0.004287797437084207,0.0,0.5346464646464646,4300.0
983.2313930028891,836.259981285002,-1880.3646584664093,0.004113029629928828,0.6896551724137931,0.5346464646464646,4300.0
1717.5829182005882,1385.7592215751454,-3280.4352078099328,0.003966698696168472,1.3793103448275863,0.5346464646464646,4300.0
2321.9176219727888,1780.6023944167544,-4378.598260212093,0.0038403297407794395,2.0689655172413794,0.5346464646464646,4300.0
2842.0037858326314,2074.253917735245,-5270.359366131437,0.003728930809523024,2.7586206896551726,0.5346464646464646,4300.0
3301.534207002528,2295.554499810558,-6011.90941739094,0.0036292620199352196,3.4482758620689657,0.5346464646464646,4300.0
3714.780429478215,2462.4712340704505,-6639.484607861254,0.003519190932825406,4.137931034482759,0.5346464646464646,4250.0
4091.1701232556043,2587.1982291422437,-7177.654412222146,0.003437702823778056,4.827586206896552,0.5346464646464646,4250.0
4437.334446161167,2678.4905598595283,-7643.844187687566,0.003362746163037153,5.517241379310345,0.5346464646464646,4250.0
4758.1574912594315,2742.8934606468056,-8051.065308423567,0.0032933829416900507,6.206896551724139,0.5346464646464646,4250.0
5057.361757890707,2785.4458427559143,-8409.217805908207,0.0032288686864052956,6.8965517241379315,0.5346464646464646,4250.0
5337.862606173126,2810.110881221163,-8726.00789411601,0.00316860140716341,7.586206896551724,0.5346464646464646,4250.0
5601.99210828689,2820.058128812875,-9007.548923815899,0.0031120865260217683,8.275862068965518,0.5346464646464646,4250.0
5851.652808261789,2817.864094641111,-9258.768779812788,0.003058912219171967,8.965517241379311,0.5346464646464646,4250.0
6088.4192434851075,2805.6405345887847,-9483.694499361445,0.0030087315744785443,9.655172413793103,0.5346464646464646,4250.0
6313.611545426144,2785.1351826704313,-9685.656207933687,0.002961249389351461,10.344827586206897,0.5346464646464646,4250.0
6528.349044625577,2757.803905935746,-9867.476817768089,0.0029016790664484933,11.03448275862069,0.5346464646464646,4200.0
6733.590140304466,2724.8686154216075,-10031.588529548339,0.0028592300241766736,11.724137931034484,0.5346464646464646,4200.0
6930.1624585058025,2687.358564555793,-10179.851384020003,0.002818793338059019,12.413793103448278,0.5346464646464646,4200.0
7118.786109689911,2646.143540986054,-10313.973693591659,0.0027802036160941117,13.10344827586207,0.5346464646464646,4200.0
7300.092919501878,2601.961775868906,-10435.429936407207,0.002743314707674366,13.793103448275863,0.5346464646464646,4200.0
7474.641733342543,2555.4421168865424,-10545.49745023394,0.002707997185578837,14.482758620689657,0.5346464646464646,4200.0
7642.924488906674,2507.117481728817,-10645.289073918888,0.002674135806262515,15.172413793103448,0.5346464646464646,4200.0
7805.381205962734,2457.4429353715177,-10735.783036168425,0.002641627027328032,15.862068965517242,0.5346464646464646,4200.0
7962.406813251161,2406.807694621936,-10817.837315585173,0.0026103782272093464,16.551724137931036,0.5346464646464646,4200.0
8114.357129894422,2355.5434929015864,-10892.212666951382,0.002580305537442294,17.24137931034483,0.5346464646464646,4200.0
8261.54945132128,2303.9307074629974,-10959.583309744987,0.002551333174586933,17.931034482758623,0.5346464646464646,4200.0
8404.277080025215,2252.211760142292,-11020.549647609027,0.0025233923408437657,18.620689655172416,0.5346464646464646,4200.0
8542.801926940057,2200.5890861036964,-11075.649331318324,0.0024964202211090044,19.310344827586206,0.5346464646464646,4200.0
8677.364655050076,2149.2349235900942,-11125.36296025585,0.002470359643329356,20.0,0.5346464646464646,4200.0
0.0,0.0,6.881474271722254,0.004191786825570855,0.0,0.5445454545454546,4300.0
961.8632427347505,818.0669056362486,-1839.9366917476436,0.004024786239762699,0.6896551724137931,0.5445454545454546,4300.0
1681.0686439785284,1356.2412003879351,-3212.607744869427,0.0038847713920089747,1.3793103448275863,0.5445454545454546,4300.0
2273.4846459807463,1743.3566283447917,-4291.206209823431,0.0037637162408675996,2.0689655172413794,0.5445454545454546,4300.0
2783.7076988481426,2031.5545833607846,-5168.5833890487265,0.003656891218379492,2.7586206896551726,0.5445454545454546,4300.0
3234.8245382413015,2248.9749021902794,-5899.387978824001,0.0035612254293927574,3.4482758620689657,0.5445454545454546,4300.0
3640.740925133854,2413.1523867452174,-6518.828039796594,0.0034549751381404425,4.137931034482759,0.5445454545454546,4250.0
4010.645862607419,2535.997099526625,-7050.922801857429,0.0033766357482528796,4.827586206896552,0.5445454545454546,4250.0
4351.006136842631,2626.0669371536915,-7512.592655656888,0.003304522886293414,5.517241379310345,0.5445454545454546,4250.0
4666.5861067388005,2689.7608618552185,-7916.51635638209,0.0032377459325970493,6.206896551724139,0.5445454545454546,4250.0
4961.0149968761425,2732.006570155686,-8272.347236240312,0.003175597545359113,6.8965517241379315,0.5445454545454546,4250.0
5237.137545977402,2756.6834200370686,-8587.603757986377,0.003117505442288229,7.586206896551724,0.5445454545454546,4250.0
5497.233895831973,2766.8994962223965,-8868.253638975846,0.0030629992690463133,8.275862068965518,0.5445454545454546,4250.0
5743.159667870952,2765.174415728708,-9119.110084882777,0.003011687201821053,8.965517241379311,0.5445454545454546,4250.0
5976.452590591521,2753.5795246316516,-9344.1086555711,0.0029632390263779596,9.655172413793103,0.5445454545454546,4250.0
6198.4024734427685,2733.828783705724,-9546.505616834802,0.002917373639372568,10.344827586206897,0.5445454545454546,4250.0
6410.1031920628275,2707.3513161512205,-9729.023235346845,0.002873849615591298,11.03448275862069,0.5445454545454546,4250.0
6612.491392314419,2675.3458914605467,-9894.07379369541,0.0028183858304242004,11.724137931034484,0.5445454545454546,4200.0
6806.3775158110375,2638.823524615757,-10043.53697156399,0.00277927619278157,12.413793103448278,0.5445454545454546,4200.0
6992.466908020728,2598.63903152648,-10179.038691900765,0.0027419373059842742,13.10344827586207,0.5445454545454546,4200.0
7171.375884864983,2555.5174578940996,-10302.022855376243,0.0027062299905503567,13.793103448275863,0.5445454545454546,4200.0
7343.649089444406,2510.0755674135353,-10413.742901640566,0.0026720306540458853,14.482758620689657,0.5445454545454546,4200.0
7509.7707793872905,2462.839669238702,-10515.293593257542,0.002639228963832503,15.172413793103448,0.5445454545454546,4200.0
7670.173440704033,2414.25908536253,-10607.63231598428,0.0026077264659386257,15.862068965517242,0.5445454545454546,4200.0
7825.240580040073,2364.71454365296,-10691.604995770314,0.0025774342877170615,16.551724137931036,0.5445454545454546,4200.0
7975.320035423111,2314.5326590364493,-10767.958226444556,0.002548272451663371,17.24137931034483,0.5445454545454546,4200.0
8120.72753949045,2263.9927722065786,-10837.355373955033,0.0025201684916897767,17.931034482758623,0.5445454545454546,4200.0
8261.744009512138,2213.3297986803923,-10900.388403037126,0.0024930564649611967,18.620689655172416,0.5445454545454546,4200.0
8398.631349975607,2162.7477269676847,-10957.585190246806,0.002466876495623204,19.310344827586206,0.5445454545454546,4200.0
8531.623001211608,2112.415197879044,-11009.421114593373,0.002441573614121697,20.0,0.5445454545454546,4200.0
0.0,0.0,6.881474271722254,0.004096001081067456,0.0,0.5544444444444444,4300.0
940.5154165112195,799.8919622327726,-1799.5195168578357,0.0039365725074167295,0.6896551724137931,0.5544444444444444,4300.0
1644.552037703476,1326.7235646168137,-3144.6809468704014,0.003802727930122708,1.3793103448275863,0.5544444444444444,4300.0
2225.0079772207037,1706.0811921127488,-4203.547443313939,0.003686873415464247,2.0689655172413794,0.5544444444444444,4300.0
2725.3155808788456,1988.790254739982,-5066.34593516637,0.0035845322869022954,2.7586206896551726,0.5544444444444444,4300.0
3167.9616177664493,2202.2944861897395,-5786.198997145868,0.0034927965495556183,3.4482758620689657,0.5544444444444444,4300.0
3566.488012354101,2363.6991493795495,-6397.294706058703,0.00339031282053487,4.137931034482759,0.5544444444444444,4250.0
3929.8477789351446,2484.6308240414705,-6923.10788936758,0.0033150726885514815,4.827586206896552,0.5544444444444444,4250.0
4264.344301783841,2573.4500534199724,-7380.055897156628,0.003245762427156666,5.517241379310345,0.5544444444444444,4250.0
4574.617566931919,2636.408174866017,-7780.4881103548105,0.003181536983363207,6.206896551724139,0.5544444444444444,4250.0
4864.2114830153105,2678.3250894989305,-8133.811001358321,0.0031217251266146802,6.8965517241379315,0.5544444444444444,4250.0
5135.898873012362,2702.9958029280588,-8447.355803049752,0.0030657833982639026,7.586206896551724,0.5544444444444444,4250.0
5391.902180962065,2713.4610165951467,-8726.944713205732,0.0030132649437789732,8.275862068965518,0.5544444444444444,4250.0
5634.034518057753,2712.1905964636676,-8977.276194497768,0.002963797353131959,8.965517241379311,0.5544444444444444,4250.0
5863.79725041537,2701.2113908360107,-9202.194092149817,0.002917066647369925,9.655172413793103,0.5544444444444444,4250.0
6082.44966805596,2682.2047068367433,-9404.880167501593,0.00287280547080344,10.344827586206897,0.5544444444444444,4250.0
6291.06043286901,2656.5721294128352,-9587.996784326679,0.002830783993595039,11.03448275862069,0.5544444444444444,4250.0
6490.544953110852,2625.489861815941,-9753.814973770233,0.0027768350289018445,11.724137931034484,0.5544444444444444,4200.0
6681.694165678053,2589.949423595405,-9904.355632833154,0.002739044830370527,12.413793103448278,0.5544444444444444,4200.0
6865.196432087598,2550.7900141871173,-10041.1183472185,0.002702950799203146,13.10344827586207,0.5544444444444444,4200.0
7041.656759167587,2508.7249127926634,-10165.519658345722,0.002668420060960075,13.793103448275863,0.5544444444444444,4200.0
7211.609542869255,2464.3614830608076,-10278.788979252102,0.002635334728503423,14.482758620689657,0.5544444444444444,4200.0
7375.524793649866,2418.2147059944336,-10381.99770985882,0.0026035899014580995,15.172413793103448,0.5544444444444444,4200.0
7533.824373148967,2370.725706928731,-10476.088767118788,0.0025730912277810787,15.862068965517242,0.5544444444444444,4200.0
7686.889720003041,2322.2736424411737,-10561.890663455051,0.0025437541676012667,16.551724137931036,0.5544444444444444,4200.0
7835.0568687996965,2273.177161324582,-10640.13783003747,0.002515502262201685,17.24137931034483,0.5544444444444444,4200.0
7978.633645536108,2223.7111185816957,-10711.482943924093,0.0024882662186970755,17.931034482758623,0.5544444444444444,4200.0
8117.900526509835,2174.1105510347465,-10776.506839636197,0.00246198323633529,18.620689655172416,0.5544444444444444,4200.0
8253.107160570073,2124.5717266792954,-10835.731022175649,0.002436595821278742,19.310344827586206,0.5544444444444444,4200.0
8384.489019515033,2075.2661827628685,-10889.621563739136,0.002412051697515873,20.0,0.5544444444444444,4200.0
0.0,0.0,6.881474271722254,0.004000439024825683,0.0,0.5643434343434344,4300.0
919.1875340481911,781.7347879413637,-1759.113240488863,0.0038483886550134067,0.6896551724137931,0.5643434343434344,4300.0
1608.033101067113,1297.2063270718645,-3076.655355983974,0.0037205689622171524,1.3793103448275863,0.5643434343434344,4300.0
2176.487211875844,1668.7757430033803,-4115.622585419405,0.0036098018176165788,2.0689655172413794,0.5643434343434344,4300.0
2666.8295646044985,1945.9630532171122,-4963.647347029182,0.0035118540970764615,2.7586206896551726,0.5643434343434344,4300.0
3100.9460064029336,2155.514058129756,-5672.341702666548,0.0034239748828768925,3.4482758620689657,0.5643434343434344,4300.0
3492.0228471617074,2314.1129326222203,-6274.882237490172,0.003325202794500595,4.137931034482759,0.5643434343434344,4250.0
3848.776970739425,2433.100804544718,-6794.2057683282255,0.003253011644489371,4.827586206896552,0.5643434343434344,4250.0
4177.344655769522,2520.6377233840744,-7246.228309087077,0.0031864618337022073,5.517241379310345,0.5643434343434344,4250.0
4482.2527174194,2582.8359443238455,-7642.971436172411,0.003124752449440814,6.206896551724139,0.5643434343434344,4250.0
4766.948610503924,2624.4003942454424,-7993.597062158973,0.0030672469930001895,6.8965517241379315,0.5643434343434344,4250.0
5034.138367898499,2649.0427982733754,-8305.248928943307,0.0030134300285577197,7.586206896551724,0.5643434343434344,4250.0
5285.990891341379,2659.7403354248936,-8583.603774533258,0.00296287750477081,8.275862068965518,0.5643434343434344,4250.0
5524.272521218279,2658.9086136465958,-8833.245287344631,0.0029152358486764433,8.965517241379311,0.5643434343434344,4250.0
5750.44829711436,2648.5337139968083,-9057.92556558468,0.002870206823783183,9.655172413793103,0.5643434343434344,4250.0
5965.747488402583,2630.260936478398,-9260.752606730224,0.002827536318641954,10.344827586206897,0.5643434343434344,4250.0
6171.213203561184,2605.463901840952,-9444.327656390138,0.002787005899569688,11.03448275862069,0.5643434343434344,4250.0
6367.739201276711,2575.296582979448,-9610.847495258713,0.002748426373745193,11.724137931034484,0.5643434343434344,4250.0
6556.099767660324,2540.7330102241804,-9762.267395524817,0.002698089107396837,12.413793103448278,0.5643434343434344,4200.0
6736.9667347867535,2502.596060808313,-9900.171472983435,0.002663232990663394,13.10344827586207,0.5643434343434344,4200.0
6910.9300504957155,2461.5851716526527,-10025.876108104792,0.0026298731536570728,13.793103448275863,0.5643434343434344,4200.0
7078.509904689832,2418.2957695182586,-10140.584505930383,0.002597897500081881,14.482758620689657,0.5643434343434344,4200.0
7240.171730957754,2373.237969878472,-10245.350295163706,0.002567205684589162,15.172413793103448,0.5643434343434344,4200.0
7396.325537186398,2326.843855376385,-10341.09532686993,0.002537708160289974,15.862068965517242,0.5643434343434344,4200.0
7547.339942601214,2279.4831421712647,-10428.634490777229,0.0025093241175402512,16.551724137931036,0.5643434343434344,4200.0
7693.550773324333,2231.4747699719396,-10508.688670783049,0.002481980652909894,17.24137931034483,0.5643434343434344,4200.0
7835.2554696124835,2183.0865176831817,-10581.89816359146,0.0024556117988139324,17.931034482758623,0.5643434343434344,4200.0
7972.727230246243,2134.548339281963,-10648.835688734522,0.002430157380780236,18.620689655172416,0.5643434343434344,4200.0
8106.2152758166485,2086.057870471232,-10710.012009906983,0.0024055627971935525,19.310344827586206,0.5643434343434344,4200.0
8235.942916520238,2037.779698953481,-10765.887829160361,0.002381777848246463,20.0,0.5643434343434344,4200.0
0.0,0.0,6.881474271722254,0.0039050994890213425,0.0,0.5742424242424242,4300.0
897.8795285723929,763.5953259418085,-1718.717968261728,0.003760234902422579,0.6896551724137931,0.5742424242424242,4300.0
1571.5118321697303,1267.6894972979226,-3008.5315050966965,0.0036382951412581095,1.3793103448275863,0.5742424242424242,4300.0
2127.922356114304,1631.440321585975,-4027.4322759222923,0.0035325019935354947,2.0689655172413794,0.5742424242424242,4300.0
2608.248000199569,1903.0714683958333,-4860.487830571918,0.0034388567787523006,2.7586206896551726,0.5742424242424242,4300.0
3033.7788268165555,2108.6351962566696,-5557.815329966848,0.0033547599170694648,3.4482758620689657,0.5742424242424242,4300.0
3417.3449466183038,2264.3931612705446,-6151.634316728494,0.0032784063367611626,4.137931034482759,0.5742424242424242,4300.0
3767.429468975442,2381.4039409188636,-6664.212243808273,0.0031904506545695427,4.827586206896552,0.5742424242424242,4250.0
4090.009356133642,2467.632563295777,-7111.103938317989,0.0031266182472315467,5.517241379310345,0.5742424242424242,4250.0
4389.486340950753,2529.0408902982026,-7503.958694569985,0.0030673884716739407,6.206896551724139,0.5742424242424242,4250.0
4669.224920204237,2570.2314386594107,-7851.694647978344,0.003012158475972155,6.8965517241379315,0.5742424242424242,4250.0
4931.857904159404,2594.8273577333507,-8161.269168867868,0.0029604398496635297,7.586206896551724,0.5742424242424242,4250.0
5179.498055553083,2605.7379494326765,-8438.213835000664,0.0029118306225781546,8.275862068965518,0.5742424242424242,4250.0
5413.869465143455,2605.328864749922,-8686.997558072173,0.0028659954887361454,8.965517241379311,0.5742424242424242,4250.0
5636.400595888553,2595.5437279498015,-8911.280423820805,0.002822651511717916,9.655172413793103,0.5742424242424242,4250.0
5848.290405212205,2577.9938216695155,-9114.095789152547,0.002781557529180144,10.344827586206897,0.5742424242424242,4250.0
6050.5563281446375,2554.0246662744453,-9297.98329267757,0.0027425062017609847,11.03448275862069,0.5742424242424242,4250.0
6244.071003701238,2524.766565975469,-9465.090574106245,0.0027053176637524255,11.724137931034484,0.5742424242424242,4250.0
6429.588604164717,2491.173365119807,-9617.246899225553,0.0026698349742103867,12.413793103448278,0.5742424242424242,4250.0
6607.765635806819,2454.0526856397473,-9756.155684308134,0.0026227727448741855,13.10344827586207,0.5742424242424242,4200.0
6779.181513865544,2414.0935328008372,-9883.044449425928,0.0025905777257978074,13.793103448275863,0.5742424242424242,4200.0
6944.342912738952,2371.879099373905,-9999.081764545292,0.0025597063620731654,14.482758620689657,0.5742424242424242,4200.0
7103.700445497278,2327.90752283377,-10105.296643678892,0.0025300635553528097,15.172413793103448,0.5742424242424242,4200.0
7257.659287085404,2282.6067477201623,-10202.595408109592,0.0025015637448209394,15.862068965517242,0.5742424242424242,4200.0
7406.58041062595,2236.3407269327863,-10291.775972766976,0.0024741301118351,16.551724137931036,0.5742424242424242,4200.0
7550.7865795192665,2189.4192171353297,-10373.545592904236,0.0024476932536441126,17.24137931034483,0.5742424242424242,4200.0
7690.57546041929,2142.1108065299472,-10448.534117727613,0.002422190132629202,17.931034482758623,0.5742424242424242,4200.0
7826.210030886958,2094.639873953701,-10517.302238354561,0.0023975636428264597,18.620689655172416,0.5742424242424242,4200.0
7957.934484560632,2047.2008127722404,-10580.354063063125,0.0023737614404994367,19.310344827586206,0.5742424242424242,4200.0
8085.970056097408,1999.957613775828,-10638.140672850735,0.0023507359053460382,20.0,0.5742424242424242,4200.0
0.0,0.0,6.881474271722254,0.0038099813159201412,0.0,0.5841414141414141,4300.0
876.5913339434642,745.4735199595619,-1678.3338047397556,0.0036721114672860107,0.6896551724137931,0.5841414141414141,4300.0
1534.9884148506753,1238.17327734587,-2940.3098733889856,0.003555907135554484,1.3793103448275863,0.5841414141414141,4300.0
2079.3152910715094,1594.076786215196,-3938.977170545957,0.003454974483807345,2.0689655172413794,0.5841414141414141,4300.0
2549.570247173874,1860.1149957843015,-4756.867630924695,0.0033655404453606435,2.7586206896551726,0.5841414141414141,4300.0
2966.457563729691,2061.655739046829,-5442.619235761027,0.0032851511280638595,3.4482758620689657,0.5841414141414141,4300.0
3342.452104361357,2214.537774479546,-6027.51326939775,0.00321210181350206,4.137931034482759,0.5841414141414141,4300.0
3685.80712138522,2329.542399585374,-6533.123650222922,0.003127387668478329,4.827586206896552,0.5841414141414141,4250.0
4002.334034314615,2414.43128025444,-6974.676227260388,0.0030662289035990765,5.517241379310345,0.5841414141414141,4250.0
4296.320375762069,2475.0261825098137,-7363.441020938844,0.0030094414087635723,6.206896551724139,0.5841414141414141,4250.0
4571.036429676312,2515.815770157103,-7708.092588516731,0.00295645498578749,6.8965517241379315,0.5841414141414141,4250.0
4829.050037753344,2540.343457905224,-8015.402584026226,0.002906807378112751,7.586206896551724,0.5841414141414141,4250.0
5072.418622897747,2551.451175912618,-8290.757673727028,0.0028601179899986878,8.275862068965518,0.5841414141414141,4250.0
5302.820722639518,2551.4495706718044,-8538.511800581211,0.002816069240378993,8.965517241379311,0.5841414141414141,4250.0
5521.648499719269,2542.240707882469,-8762.233051082287,0.002774393005549599,9.655172413793103,0.5841414141414141,4250.0
5730.070848164129,2525.4015014629645,-8964.880356837399,0.0027348606277207547,10.344827586206897,0.5841414141414141,4250.0
5929.080054610316,2502.2493488922864,-9148.93287251176,0.0026972753892854067,11.03448275862069,0.5841414141414141,4250.0
6119.528504878923,2473.892405071076,-9316.486761412649,0.0026614667413864864,11.724137931034484,0.5841414141414141,4250.0
6302.150797666703,2441.2645260205545,-9469.328097089492,0.0026272858597992084,12.413793103448278,0.5841414141414141,4250.0
6477.588155450266,2405.157720547972,-9609.027790331987,0.002581558834261075,13.10344827586207,0.5841414141414141,4200.0
6646.403097438303,2366.2454437559636,-9736.980196485056,0.0025505216042127315,13.793103448275863,0.5841414141414141,4200.0
6809.092790042581,2325.1020879561815,-9854.228605789402,0.0025207490059128597,14.482758620689657,0.5841414141414141,4200.0
6966.099940358102,2282.2184882516017,-9961.783698905281,0.0024921502750498577,15.172413793103448,0.5841414141414141,4200.0
7117.815295686806,2238.0113093805844,-10060.530870511124,0.0024646443211775266,15.862068965517242,0.5841414141414141,4200.0
7264.5933207164935,2192.8398332933575,-10151.253036491209,0.002438158005178565,16.551724137931036,0.5841414141414141,4200.0
7406.752467821443,2147.010420127557,-10234.644084137071,0.002412625214256772,17.24137931034483,0.5841414141414141,4200.0
7544.576588090666,2100.7826350071814,-10311.320614678021,0.0023879861428561452,17.931034482758623,0.5841414141414141,4200.0
7678.331382116129,2054.382779709147,-10381.834832818771,0.0023641861774099616,18.620689655172416,0.5841414141414141,4200.0
7808.248686229218,2007.9971827475258,-10446.679873320682,0.002341175726260582,19.310344827586206,0.5841414141414141,4200.0
7934.548506009609,1961.7908178618402,-10506.30058067938,0.0023189091995418688,20.0,0.5841414141414141,4200.0
0.0,0.0,6.881474271722254,0.003715083357399297,0.0,0.594040404040404,4300.0
855.3228846473854,727.3693142603371,-1637.9608534395957,0.0035840185650415895,0.6896551724137931,0.594040404040404,4300.0
1498.4641582898269,1208.6589370965576,-2871.9910983974914,0.003473405559291192,1.3793103448275863,0.594040404040404,4300.0
2030.664549777468,1556.6837383234256,-3850.257829192844,0.003377219855358266,2.0689655172413794,0.594040404040404,4300.0
2490.797353593173,1817.094746495946,-4652.786883688321,0.003291905240271033,2.7586206896551726,0.594040404040404,4300.0
2898.983056796416,2014.5766530958983,-5326.753116696978,0.0032151479491206703,3.4482758620689657,0.594040404040404,4300.0
3267.346538233954,2164.5498598373815,-5902.507365558995,0.003145340133824236,4.137931034482759,0.594040404040404,4300.0
3603.9076690912134,2277.5136192777272,-6400.936506844577,0.0030638206343308245,4.827586206896552,0.594040404040404,4250.0
3914.3187566927127,2361.034646923991,-6836.9395237009885,0.0030052908868011415,5.517241379310345,0.594040404040404,4250.0
4202.749270747127,2420.787768811001,-7221.409251492383,0.002950907620720963,6.206896551724139,0.594040404040404,4250.0
4472.382720240732,2461.1550958482967,-7562.778672461682,0.0029001320624781252,6.8965517241379315,0.594040404040404,4250.0
4725.715156336931,2485.5930764400873,-7867.633776587114,0.0028525273108185225,7.586206896551724,0.594040404040404,4250.0
4964.749664212568,2496.8778481300815,-8141.21654601246,0.002807733458470454,8.275862068965518,0.594040404040404,4250.0
5191.121783578198,2497.2685991349986,-8387.766499877136,0.002765450030285982,8.965517241379311,0.594040404040404,4250.0
5406.1873879780915,2488.6233061058147,-8610.759650853783,0.0027254232564406294,9.655172413793103,0.594040404040404,4250.0
5611.085130592067,2472.4841253582667,-8813.07991616545,0.0026874366576650393,10.344827586206897,0.594040404040404,4250.0
5806.781797779404,2450.1404275416257,-8997.144419462224,0.00265130398514711,11.03448275862069,0.594040404040404,4250.0
5994.10669553641,2422.675830049694,-9164.998660295438,0.0026168636036721345,11.724137931034484,0.594040404040404,4250.0
6173.7773639757825,2391.0057546871344,-9318.38786973626,0.002583974253756511,12.413793103448278,0.594040404040404,4250.0
6346.4203136177875,2355.907369868142,-9458.810561042708,0.0025525118716477856,13.10344827586207,0.594040404040404,4250.0
6512.583984640421,2318.040503551478,-9587.634118254893,0.0025096929640920844,13.793103448275863,0.594040404040404,4200.0
6672.752234696879,2277.9671662187347,-9705.975695863686,0.00248101253592623,14.482758620689657,0.594040404040404,4200.0
6827.355107399828,2236.168078018811,-9814.755775880127,0.002453452621679454,15.172413793103448,0.594040404040404,4200.0
6976.779890580597,2193.056159304866,-9914.84307381756,0.0024269360119820275,15.862068965517242,0.594040404040404,4200.0
7121.367420974767,2148.979996877639,-10007.003638705624,0.0024013932702033752,16.551724137931036,0.594040404040404,4200.0
7261.429547906272,2104.241573817747,-10091.916864391489,0.0023767616749404683,17.24137931034483,0.594040404040404,4200.0
7397.247299971508,2059.098697006472,-10170.188494654809,0.002352984195779472,17.931034482758623,0.594040404040404,4200.0
7529.072503245486,2013.7694475960764,-10242.358510784754,0.0023300091283002056,18.620689655172416,0.594040404040404,4200.0
7657.141011701799,1968.4439102738027,-10308.912428524098,0.002307789086528897,19.310344827586206,0.594040404040404,4200.0
7781.659062507785,1923.2780637893377,-10370.28586030774,0.00228628087280046,20.0,0.594040404040404,4200.0
0.0,0.0,6.881474271722254,0.003620404474836671,0.0,0.6039393939393939,4300.0
834.0741157889651,709.2826536433479,-1597.5992168421217,0.0034959564089472794,0.6896551724137931,0.6039393939393939,4300.0
1461.9376185696378,1179.1450849586395,-2803.575717222069,0.0033907910595113717,1.3793103448275863,0.6039393939393939,4300.0
1981.9698188930759,1519.2609143017442,-3761.27502332288,0.0032992386285772583,2.0689655172413794,0.6039393939393939,4300.0
2431.929800644284,1774.0112163960287,-4548.246192041952,0.003217951226466349,2.7586206896551726,0.6039393939393939,4300.0
2831.356307948748,1967.3990257262883,-5210.216274974147,0.003144749917931478,3.4482758620689657,0.6039393939393939,4300.0
3192.02559815322,2114.427211142258,-5776.6146685563,0.0030781200347823946,4.137931034482759,0.6039393939393939,4300.0
3521.7296998439515,2225.317376258141,-6267.646682713683,0.0029997476381334815,4.827586206896552,0.6039393939393939,4250.0
3825.962588035816,2307.4416860895667,-6697.888093713431,0.0029438013184666175,5.517241379310345,0.6039393939393939,4250.0
4108.773917630247,2366.327334067881,-7077.855850269996,0.002891783247738418,6.206896551724139,0.6039393939393939,4250.0
4373.258697844566,2406.2461186643,-7415.742466569842,0.00284318497557707,6.8965517241379315,0.6039393939393939,4250.0
4621.8471826347,2430.5731154786586,-7717.949331880867,0.0027975940345906776,7.586206896551724,0.6039393939393939,4250.0
4856.48666341332,2442.016849945127,-7989.574098734156,0.0027546705159194724,8.275862068965518,0.6039393939393939,4250.0
5078.768080331116,2442.7829243445885,-8234.741657595747,0.002714130534123348,8.965517241379311,0.6039393939393939,4250.0
5290.01101444001,2434.6867158266896,-8456.83554015107,0.002675734262872956,9.655172413793103,0.6039393939393939,4250.0
5491.324013004908,2419.235614820542,-8658.664609203523,0.0026392770085899788,10.344827586206897,0.6039393939393939,4250.0
5683.649790462502,2397.6907718843127,-8842.585340902559,0.002604582474260902,11.03448275862069,0.6039393939393939,4250.0
5867.796423025589,2371.11238981694,-9010.592126051954,0.002571497698120686,11.724137931034484,0.6039393939393939,4250.0
6044.461770072087,2340.3955292655387,-9164.385995027005,0.002539889132793657,12.413793103448278,0.6039393939393939,4250.0
6214.255297893626,2306.3002202135826,-9305.43050200642,0.0025096391871111167,13.10344827586207,0.6039393939393939,4250.0
6377.712177000344,2269.473252681938,-9434.992252141186,0.002480643824588917,13.793103448275863,0.6039393939393939,4250.0
6535.307283475148,2230.4680725148514,-9554.26996805946,0.002440484230358104,14.482758620689657,0.6039393939393939,4200.0
6687.4577723273,2189.7538126875534,-9664.157978685187,0.0024139570327406375,15.172413793103448,0.6039393939393939,4200.0
6834.537989913312,2147.733590817519,-9765.472526088597,0.0023884246856529776,15.862068965517242,0.6039393939393939,4200.0
6976.887537931557,2104.7548507663564,-9858.963772839721,0.002363821309294186,16.551724137931036,0.6039393939393939,4200.0
7114.805115962788,2061.1101146680116,-9945.297346417196,0.002340087285640575,17.24137931034483,0.6039393939393939,4200.0
7248.566776356633,2017.0539225304128,-10025.065539852782,0.0023171686434239826,17.931034482758623,0.6039393939393939,4200.0
7378.420167598574,1972.801572796285,-10098.798837681803,0.0022950161023022287,18.620689655172416,0.6039393939393939,4200.0
7504.590839843118,1928.5356467106094,-10166.97221925501,0.0022735848228592147,19.310344827586206,0.6039393939393939,4200.0
7627.286853994472,1884.4153664632145,-10230.013558930157,0.002252833647267444,20.0,0.6039393939393939,4200.0
0.0,0.0,6.881474271722254,0.0035259435390015002,0.0,0.6138383838383838,4300.0
812.8449526854952,691.2134736317884,-1557.248983385769,0.0034079252169509507,0.6896551724137931,0.6138383838383838,4300.0
1425.4088019642404,1149.631737815536,-2735.064263565153,0.0033080642833161335,1.3793103448275863,0.6138383838383838,4300.0
1933.231134321919,1481.8083818945777,-3672.0294883644456,0.003221031338832531,2.0689655172413794,0.6138383838383838,4300.0
2372.965998998598,1730.8629941176048,-4443.245844077981,0.00314367854447973,2.7586206896551726,0.6138383838383838,4300.0
2763.5748259177094,1920.120722234775,-5093.007938334398,0.0030739565854295174,3.4482758620689657,0.6138383838383838,4300.0
3116.4887292426406,2064.1696421841466,-5649.833593679068,0.003010440220746187,4.137931034482759,0.6138383838383838,4300.0
3439.274587179042,2172.9557147121977,-6133.255048471037,0.002952089808107406,4.827586206896552,0.6138383838383838,4300.0
3737.262300164216,2253.65024124349,-6557.515350797934,0.0028817574694060895,5.517241379310345,0.6138383838383838,4250.0
4014.3910257958883,2311.6419001208415,-6932.77180880135,0.0028320646590120563,6.206896551724139,0.6138383838383838,4250.0
4273.665503034989,2351.0909553918873,-7266.9723972093925,0.0027856091605829086,6.8965517241379315,0.6138383838383838,4250.0
4517.446048818749,2375.2851136908494,-7566.33447202012,0.0027420021128202053,7.586206896551724,0.6138383838383838,4250.0
4747.626868636863,2386.868219887578,-7835.811732084228,0.0027009229199846424,8.275862068965518,0.6138383838383838,4250.0
4965.75546780571,2387.993019770442,-8079.414724974755,0.002662103709037094,8.965517241379311,0.6138383838383838,4250.0
5173.115440597433,2380.4319612381933,-8300.435172416983,0.0026253180623678827,9.655172413793103,0.6138383838383838,4250.0
5370.78533466922,2365.6573663586196,-8501.607016169408,0.0025903726673634675,10.344827586206897,0.6138383838383838,4250.0
5559.681494742754,2344.9007284729264,-8685.224365980568,0.0025571010472830087,11.03448275862069,0.6138383838383838,4250.0
5740.589840336195,2319.198278081011,-8853.229378398224,0.0025253587600930767,11.724137931034484,0.6138383838383838,4250.0
5914.191992159986,2289.4269237906765,-9007.282266494636,0.002495019325803593,12.413793103448278,0.6138383838383838,4250.0
6081.082673119072,2256.3312437401623,-9148.809786352613,0.002465971587021238,13.10344827586207,0.6138383838383838,4250.0
6241.780568068733,2220.5424866037497,-9279.045974496628,0.002438117341021979,13.793103448275863,0.6138383838383838,4250.0
6396.746548690272,2182.6011408664267,-9399.06847129386,0.0024113689389813693,14.482758620689657,0.6138383838383838,4250.0
6546.392029728843,2142.970946776708,-9509.933464026617,0.0023736498451802225,15.172413793103448,0.6138383838383838,4200.0
6691.0800757209645,2102.045300877353,-9612.358822010421,0.002349096055827898,15.862068965517242,0.6138383838383838,4200.0
6831.137873041709,2060.1624148470255,-9707.06951608717,0.002325427127592951,16.551724137931036,0.6138383838383838,4200.0
6966.863644303737,2017.6135663974214,-9794.716426451341,0.002302586651998124,17.24137931034483,0.6138383838383838,4200.0
7098.520339579419,1974.644221159679,-9875.87998329752,0.0022805233393623156,17.931034482758623,0.6138383838383838,4200.0
7226.353947536471,1931.4698616604542,-9951.078886016418,0.002259190599757153,18.620689655172416,0.6138383838383838,4200.0
7350.58196944285,1888.2692331686333,-10020.77893868964,0.0022385457954858233,19.310344827586206,0.6138383838383838,4200.0
7471.408440289524,1845.1986596194306,-10085.399779671105,0.0022185499228085225,20.0,0.6138383838383838,4200.0
0.0,0.0,6.881474271722254,0.0034316994299467933,0.0,0.6237373737373737,4300.0
791.6354533135508,673.1618446962012,-1516.9102555693826,0.003319925196311051,0.6896551724137931,0.6237373737373737,4300.0
1388.8777127704475,1120.1189109993047,-2666.4572600471947,0.0032252258827394015,1.3793103448275863,0.6237373737373737,4300.0
1884.4505606549267,1444.328172576185,-3582.5218849396697,0.003142598545651669,2.0689655172413794,0.6237373737373737,4300.0
2313.9061946825886,1687.650422337165,-4337.786081150574,0.003069087364868035,2.7586206896551726,0.6237373737373737,4300.0
2695.639568648001,1872.7428415299703,-4975.127608981464,0.0030027674598671946,3.4482758620689657,0.6237373737373737,4300.0
3040.7379863398255,2013.7793405301277,-5522.162050683641,0.0029422995118059667,4.137931034482759,0.6237373737373737,4300.0
3356.5386504101907,2120.4257119903627,-5997.809729612862,0.0028867064175243833,4.827586206896552,0.6237373737373737,4300.0
3648.2197740557594,2199.663319537833,-6415.81565236795,0.002819156460662982,5.517241379310345,0.6237373737373737,4250.0
3919.5989661481467,2256.731258883883,-6786.148250115126,0.002771748187127997,6.206896551724139,0.6237373737373737,4250.0
4173.596297221072,2295.68333301974,-7116.456383051365,0.002727400103885455,6.8965517241379315,0.6237373737373737,4250.0
4412.505563209296,2319.724448032259,-7412.774189594609,0.0026857461131210214,7.586206896551724,0.6237373737373737,4250.0
4638.165078407938,2331.4291768890344,-7679.911804901632,0.0026464842631094944,8.275862068965518,0.6237373737373737,4250.0
4852.078512925456,2332.896234883657,-7921.765520808825,0.0026093621563052184,8.965517241379311,0.6237373737373737,4250.0
5055.493447047782,2325.8556479655426,-8141.534833928788,0.002574166384882977,9.655172413793103,0.6237373737373737,4250.0
5249.458733087417,2311.744828628574,-8341.87778763086,0.002540714749003434,10.344827586206897,0.6237373737373737,4250.0
5434.866378263157,2291.7669980056203,-8525.027243472978,0.0025088501364610937,11.03448275862069,0.6237373737373737,4250.0
5612.480605907333,2266.9341103213824,-8692.875052292475,0.0024784361127166634,11.724137931034484,0.6237373737373737,4250.0
5782.963154189729,2238.102315957731,-8847.036456753944,0.002449353460316846,12.413793103448278,0.6237373737373737,4250.0
5946.891394403648,2205.9986578024473,-8988.901859326601,0.0024214972300506924,13.10344827586207,0.6237373737373737,4250.0
6104.775342355531,2171.2445506726144,-9119.676703412646,0.0023947743983277164,13.793103448275863,0.6237373737373737,4250.0
6257.060925341515,2134.3667880879007,-9240.408951856298,0.00236910246337331,14.482758620689657,0.6237373737373737,4250.0
6404.146062818746,2095.8165945214196,-9352.025716892706,0.00233251713626223,15.172413793103448,0.6237373737373737,4200.0
6546.3892060829485,2055.983906560871,-9455.44080922065,0.0023089355538833266,15.862068965517242,0.6237373737373737,4200.0
6684.107208722507,2015.1984911298077,-9551.255218370577,0.0022861956345048323,16.551724137931036,0.6237373737373737,4200.0
6817.587895748333,1973.744943324571,-9640.105109420925,0.00226424394541001,17.24137931034483,0.6237373737373737,4200.0
6947.093199882969,1931.8679362290152,-9722.557855455489,0.0022430320280468425,17.931034482758623,0.6237373737373737,4200.0
7072.856037461,1889.7736120750217,-9799.12110077664,0.0022225156913865973,18.620689655172416,0.6237373737373737,4200.0
7195.096024166278,1847.6416538654985,-9870.251118736298,0.002202654594449775,19.310344827586206,0.6237373737373737,4200.0
7314.004326013686,1805.6213427635191,-9936.357790412003,0.0021834118192056782,20.0,0.6237373737373737,4200.0
0.0,0.0,6.881474271722254,0.0033376710369032747,0.0,0.6336363636363637,4300.0
770.4462933899429,655.1284359520208,-1476.5831495035382,0.003231956545141721,0.6896551724137931,0.6336363636363637,4300.0
1352.3443660133485,1090.6066382018066,-2597.755237070218,0.0031422765013391744,1.3793103448275863,0.6336363636363637,4300.0
1835.6263878918844,1406.818576325098,-3492.7528492490164,0.003063940824103459,2.0689655172413794,0.6336363636363637,4300.0
2254.752377529861,1644.3754699232454,-4231.867065344653,0.002994177864558893,2.7586206896551726,0.6336363636363637,4300.0
2627.551302913919,1825.2662301672344,-4856.575016286617,0.002931182032084887,3.4482758620689657,0.6336363636363637,4300.0
2964.7696776857233,1963.2532282057332,-5393.59772374959,0.0028736967604970558,4.137931034482759,0.6336363636363637,4300.0
3273.5238031364474,2067.7296557239106,-5861.250906513269,0.00282080474015359,4.827586206896552,0.6336363636363637,4300.0
3558.830250107608,2145.477287043487,-6272.783406152237,0.0027559954237610378,5.517241379310345,0.6336363636363637,4250.0
3824.3968150356886,2201.596041275307,-6637.977494867191,0.002710830011051009,6.206896551724139,0.6336363636363637,4250.0
4073.0537052791487,2240.0279216861254,-6964.184120090504,0.0026685530534283895,6.8965517241379315,0.6336363636363637,4250.0
4307.025901268741,2263.8921826645014,-7257.254991901958,0.002628820387080047,7.586206896551724,0.6336363636363637,4250.0
4528.099537935207,2275.698039630784,-7521.857062550596,0.0025913480502284935,8.275862068965518,0.6336363636363637,4250.0
4737.734444217494,2277.4910037148466,-7761.772094532571,0.0025558986331500207,8.965517241379311,0.6336363636363637,4250.0
4937.14242787969,2270.9571803135505,-7980.107885817313,0.002522271242006054,9.655172413793103,0.6336363636363637,4250.0
5127.342170623677,2257.4981672377558,-8179.448065904115,0.0024902942427560307,10.344827586206897,0.6336363636363637,4250.0
5309.199635363337,2238.287626754416,-8361.962950659676,0.002459819691240052,11.03448275862069,0.6336363636363637,4250.0
5483.457891158024,2214.313825541896,-8529.491399471204,0.002430719181542895,11.724137931034484,0.6336363636363637,4250.0
5650.763320922324,2186.415185211108,-8683.606913285024,0.0024028801942090057,12.413793103448278,0.6336363636363637,4250.0
5811.675389942927,2155.3003918523386,-8825.663651073693,0.0023762037056175144,13.10344827586207,0.6336363636363637,4250.0
5966.686631409094,2121.57447557827,-8956.833327951994,0.002350602242410651,13.793103448275863,0.6336363636363637,4250.0
6116.235816135452,2085.7564031396514,-9078.140743839678,0.002325997635984029,14.482758620689657,0.6336363636363637,4250.0
6260.709393353872,2048.2878073162447,-9190.481122150835,0.002302320261374339,15.172413793103448,0.6336363636363637,4250.0
6400.452128210608,2009.5464862070278,-9294.656595740555,0.002267928446933646,15.862068965517242,0.6336363636363637,4200.0
6535.778370728461,1969.8602883360286,-9391.454774050595,0.0022461113896371813,16.551724137931036,0.6336363636363637,4200.0
6666.964612581061,1929.504524756432,-9481.392732103479,0.002225043204902509,17.24137931034483,0.6336363636363637,4200.0
6794.265996074153,1888.7187783807194,-9565.024472267003,0.0022046780620009676,17.931034482758623,0.6336363636363637,4200.0
6917.912260263142,1847.7079552350872,-9642.846821644423,0.002184974202222774,18.620689655172416,0.6336363636363637,4200.0
7038.11224999542,1806.646678274734,-9715.304851061119,0.002165893513227379,19.310344827586206,0.6336363636363637,4200.0
7155.058944015238,1765.684772530516,-9782.801673291491,0.0021474009589516514,20.0,0.6336363636363637,4200.0
0.0,0.0,6.881474271722254,0.0032438572581749304,0.0,0.6435353535353535,4300.0
749.2765681305759,637.112364618351,-1436.267763751588,0.0031440194684601176,0.6896551724137931,0.6435353535353535,4300.0
1315.8104271372451,1061.09654619592,-2528.9587254484577,0.0030592167800722993,1.3793103448275863,0.6435353535353535,4300.0
1786.7583677122025,1369.2790502960142,-3402.72300257413,0.002985058745869835,2.0689655172413794,0.6435353535353535,4300.0
2195.5022101276327,1601.0353582085868,-4125.489311965888,0.0029189501676062956,2.7586206896551726,0.6435353535353535,4300.0
2559.3078233372958,1777.6886719624001,-4737.349578846166,0.002859199865216591,3.4482758620689657,0.6435353535353535,4300.0
2888.585271718991,1912.5929772879501,-5264.139244884602,0.002804630692711948,4.137931034482759,0.6435353535353535,4300.0
3190.2271811550036,2014.865379469159,-5723.574297646934,0.0027543828331888904,4.827586206896552,0.6435353535353535,4300.0
3469.0956650361695,2091.0946918019354,-6128.412050987819,0.0026922716499649946,5.517241379310345,0.6435353535353535,4250.0
3728.7812075909496,2146.23429195712,-6488.250428067768,0.0026493065128937367,6.206896551724139,0.6435353535353535,4250.0
3972.0302712584253,2184.119670794818,-6810.143477357022,0.002609063489530378,6.8965517241379315,0.6435353535353535,4250.0
4201.0008321741125,2207.7856416550003,-7099.76129830884,0.002571219534837372,7.586206896551724,0.6435353535353535,4250.0
4417.423897147602,2219.673155003296,-7361.6282671477675,0.002535508000692627,8.275862068965518,0.6435353535353535,4250.0
4622.716116612681,2221.7742141072276,-7599.412845337349,0.0025017058276412176,8.965517241379311,0.6435353535353535,4250.0
4818.053806430763,2215.7317957252085,-7816.130526633751,0.0024696242560098744,9.655172413793103,0.6435353535353535,4250.0
5004.426309700092,2202.912288219082,-8014.289163400244,0.0024391019955288086,10.344827586206897,0.6435353535353535,4250.0
5182.673700800118,2184.4596014987587,-8195.996614979558,0.002409999962401867,11.03448275862069,0.6435353535353535,4250.0
5353.518202304168,2161.337955745701,-8363.04174492586,0.0023821971765252224,11.724137931034484,0.6435353535353535,4250.0
5517.58481826943,2134.3635452633685,-8516.953160967976,0.002355587856851621,12.413793103448278,0.6435353535353535,4250.0
5675.420654532554,2104.23127530374,-8659.047413047469,0.002330078890586604,13.10344827586207,0.6435353535353535,4250.0
5827.505455230425,2071.532479666716,-8790.46771329338,0.002305587621817268,13.793103448275863,0.6435353535353535,4250.0
5974.26092714926,2036.7709477740084,-8912.208570378149,0.0022820407153754992,14.482758620689657,0.6435353535353535,4250.0
6116.066548853613,2000.3812660619617,-9025.144957410324,0.002259372337873949,15.172413793103448,0.6435353535353535,4250.0
6253.258028049811,1962.732164182506,-9130.045714584987,0.0022375235155934954,15.862068965517242,0.6435353535353535,4250.0
6386.136255750311,1924.1417337094142,-9227.601142626852,0.0022051587812344908,16.551724137931036,0.6435353535353535,4200.0
6514.97715671615,1884.885311414401,-9318.507612868554,0.0021849681353283035,17.24137931034483,0.6435353535353535,4200.0
6640.023087882986,1845.193663441375,-9403.204335541886,0.002165444551492806,17.931034482758623,0.6435353535353535,4200.0
6761.501648961497,1805.2702328494634,-9482.1751002257,0.0021465486715608177,18.620689655172416,0.6435353535353535,4200.0
6879.61367033206,1765.2821097265974,-9555.856886010326,0.0021282444009665855,19.310344827586206,0.6435353535353535,4200.0
6994.548202902379,1725.379428883349,-9624.64066976923,0.0021104988580252174,20.0,0.6435353535353535,4200.0
0.0,0.0,6.881474271722254,0.003150257001036037,0.0,0.6534343434343434,4300.0
728.1262156362961,619.1135780783186,-1395.9641958959692,0.0030561141692161493,0.6896551724137931,0.6534343434343434,4300.0
1279.2742132388355,1031.5867091816333,-2460.0681806994617,0.002976047377621525,1.3793103448275863,0.6534343434343434,4300.0
1737.8464530353078,1331.71001588499,-3312.4329951102845,0.0029059528786795842,2.0689655172413794,0.6534343434343434,4300.0
2136.1557138421645,1557.630756433352,-4018.653278204809,0.0028434044213059306,2.7586206896551726,0.6534343434343434,4300.0
2490.9102994067875,1730.011276648604,-4617.450491795775,0.0027868205765729025,3.4482758620689657,0.6534343434343434,4300.0
2812.184417400659,1861.7976142560456,-5133.784808251963,0.002735100115631086,4.137931034482759,0.6534343434343434,4300.0
3106.6484421138744,1961.8325967692585,-5584.776988315563,0.0026874385805074614,4.827586206896552,0.6534343434343434,4300.0
3379.0121159124083,2036.5125796582101,-5982.724939058069,0.002643226568123895,5.517241379310345,0.6534343434343434,4300.0
3632.7524401888136,2090.647167345709,-6336.958590050461,0.002587173994701333,6.206896551724139,0.6534343434343434,4250.0
3870.5284243928677,2127.9619324834143,-6654.323194481229,0.0025489267858382846,6.8965517241379315,0.6534343434343434,4250.0
4094.43044270152,2151.4064971777634,-6940.2791980146285,0.0025129379442845458,7.586206896551724,0.6534343434343434,4250.0
4306.137496714538,2163.355870003876,-7199.208843102038,0.002478957496169125,8.275862068965518,0.6534343434343434,4250.0
4507.022698885745,2165.7481505072737,-7434.6669202665,0.0024467762699216587,8.965517241379311,0.6534343434343434,4250.0
4698.225975915883,2160.1819978809704,-7649.576354371202,0.0024162172506068664,9.655172413793103,0.6534343434343434,4250.0
4880.706636107516,2147.9879555199345,-7846.370873573556,0.002387128963210379,10.344827586206897,0.6534343434343434,4250.0
5055.280256916373,2130.2808967289347,-8027.096437192573,0.0023593807816224815,11.03448275862069,0.6534343434343434,4250.0
5222.649591326265,2108.002487266095,-8193.488327100335,0.0023328592363369475,11.724137931034484,0.6534343434343434,4250.0
5383.4198131616595,2081.9472025125415,-8347.032396528797,0.0023074648907790043,12.413793103448278,0.6534343434343434,4250.0
5538.120574240628,2052.7913053057227,-8489.009277544239,0.0022831101006783893,13.10344827586207,0.6534343434343434,4250.0
5687.217970647543,2021.1125611476823,-8620.527760553443,0.002259717426797702,13.793103448275863,0.6534343434343434,4250.0
5831.125411609401,1987.4057174126378,-8742.558776602462,0.0022372176116393985,14.482758620689657,0.6534343434343434,4250.0
5970.205962321717,1952.0911939688283,-8855.951049764612,0.0022155489377812952,15.172413793103448,0.6534343434343434,4250.0
6104.7899788548775,1915.5338550410634,-8961.455467108157,0.002194655769945275,15.862068965517242,0.6534343434343434,4250.0
6235.169127551242,1878.0429499604465,-9059.735092548268,0.0021744880351486904,16.551724137931036,0.6534343434343434,4250.0
6361.608631232967,1839.8857190547676,-9151.381620051958,0.002155000291899718,17.24137931034483,0.6534343434343434,4250.0
6484.34912821254,1801.2902920748254,-9237.019604383982,0.002125314352892657,17.931034482758623,0.6534343434343434,4200.0
6603.606554820158,1762.4531799881972,-9317.025710514506,0.0021072212252565,18.620689655172416,0.6534343434343434,4200.0
6719.581508001725,1723.544113015935,-9391.819493418341,0.0020896889840421474,19.310344827586206,0.6534343434343434,4200.0
6832.452951581324,1684.704680863387,-9461.78647283611,0.00207268637056917,20.0,0.6534343434343434,4200.0
0.0,0.0,6.881474271722254,0.003056869181629741,0.0,0.6633333333333333,4300.0
706.9951745871947,601.1320242148266,-1355.6725425515324,0.0029682408483142314,0.6896551724137931,0.6633333333333333,4300.0
1242.7357911890344,1002.0774798247875,-2391.0842271914735,0.002892768906501665,1.3793103448275863,0.6633333333333333,4300.0
1688.8931466708348,1294.1139029483913,-3221.883664275505,0.002826623759175725,2.0689655172413794,0.6633333333333333,4300.0
2076.715151908428,1514.1640034363327,-3911.3593082105726,0.0027675408042908763,2.7586206896551726,0.6633333333333333,4300.0
2422.358820029012,1682.2348047987148,-4496.8774558391815,0.0027140437066900704,3.4482758620689657,0.6633333333333333,4300.0
2735.564724588135,1810.8659778704734,-5002.5322091876515,0.002665103924857804,4.137931034482759,0.6633333333333333,4300.0
3022.7882438260704,1908.6319756630749,-5444.8552717568455,0.0026199699869108818,4.827586206896552,0.6633333333333333,4300.0
3288.580162121657,1981.7307530850496,-5835.725683033452,0.002578072453987928,5.517241379310345,0.6633333333333333,4300.0
3536.3062920323414,2034.8306649812664,-6184.094098046822,0.0025244286849338635,6.206896551724139,0.6633333333333333,4250.0
3768.5415033472773,2071.549067762008,-6496.712451699343,0.002488138246929135,6.8965517241379315,0.6633333333333333,4250.0
3987.308776727473,2094.750244532479,-6778.794203029487,0.0024539700371770863,7.586206896551724,0.6633333333333333,4250.0
4194.233230177745,2106.74130990258,-7034.579849917238,0.002421690137969561,8.275862068965518,0.6633333333333333,4250.0
4390.645321694953,2109.406919989149,-7267.51130758207,0.0023911026951367246,8.965517241379311,0.6633333333333333,4250.0
4577.650324544717,2104.302465647579,-7480.420432407256,0.0023620418624914034,9.655172413793103,0.6633333333333333,4250.0
4756.177056658105,2092.722092673543,-7675.664978901586,0.0023343657856610177,10.344827586206897,0.6633333333333333,4250.0
4927.01573800717,2075.7508589968575,-7855.227523645837,0.002307952157824872,11.03448275862069,0.6633333333333333,4250.0
5090.8460030840015,2054.304346012689,-8020.793347460647,0.0022826944257054453,11.724137931034484,0.6633333333333333,4250.0
5248.257269273889,2029.158861623732,-8173.803636996294,0.002258499368699018,12.413793103448278,0.6633333333333333,4250.0
5399.764046208604,2000.974658932202,-8315.500590008363,0.002235284906821423,13.10344827586207,0.6633333333333333,4250.0
5545.816560526314,1970.313195455365,-8446.964221026261,0.0022129781027017,13.793103448275863,0.6633333333333333,4250.0
5686.814952175081,1937.656780776887,-8569.13469509934,0.002191514215329067,14.482758620689657,0.6633333333333333,4250.0
5823.116129059956,1903.41869576272,-8682.84037230676,0.002170835065680073,15.172413793103448,0.6633333333333333,4250.0
5955.034443937327,1867.9499745426833,-8788.809182037912,0.0021508885487536624,15.862068965517242,0.6633333333333333,4250.0
6082.859613839087,1831.5575149915192,-8887.68876200878,0.002131627484028998,16.551724137931036,0.6633333333333333,4250.0
6206.844438905353,1794.4996778272082,-8980.052955072111,0.0021130092825884187,17.24137931034483,0.6633333333333333,4250.0
6327.225048199749,1757.0029442792766,-9066.417204042991,0.0020949950693318073,17.931034482758623,0.6633333333333333,4250.0
6444.210321096423,1719.2574702784136,-9147.314124117365,0.002066973871354685,18.620689655172416,0.6633333333333333,4200.0
6557.995286558591,1681.4275800348903,-9223.107280577176,0.002050208381839823,19.310344827586206,0.6633333333333333,4200.0
6668.7541552722205,1643.6543150222963,-9294.145536774195,0.002033944295499516,20.0,0.6633333333333333,4200.0
0.0,0.0,6.881474271722254,0.0029636927248680735,0.0,0.6732323232323232,4300.0
685.8833842357492,583.167651404459,-1315.392899374041,0.0028803997046345526,0.6896551724137931,0.6732323232323232,4300.0
1206.1951802472963,972.5689034872939,-2322.007403644937,0.002809382001564733,1.3793103448275863,0.6732323232323232,4300.0
1639.8961998597965,1256.488576524437,-3131.075693432591,0.0027470719593654393,2.0689655172413794,0.6732323232323232,4300.0
2017.1786198429834,1470.6333351733379,-3803.6076216905712,0.0026913595349290676,2.7586206896551726,0.6732323232323232,4300.0
2353.6516384012775,1634.3577837725695,-4375.63019975894,0.0026408688102715462,3.4482758620689657,0.6732323232323232,4300.0
2658.728923582986,1759.8011539364243,-4870.379706354965,0.0025946409573769764,4.137931034482759,0.6732323232323232,4300.0
2938.642832211992,1855.2614284512697,-5303.804883392899,0.0025519751579352666,4.827586206896552,0.6732323232323232,4300.0
3197.797736510325,1926.749421266975,-5687.369945941842,0.0025123402208398465,5.517241379310345,0.6732323232323232,4300.0
3439.44398057815,1978.787462890227,-6029.647727152893,0.0024610669875284956,6.206896551724139,0.6732323232323232,4250.0
3666.0709384704683,2014.8836643740042,-6337.298845104109,0.002426693368495192,6.8965517241379315,0.6732323232323232,4250.0
3879.635735432998,2037.8179043050466,-6615.290896038772,0.0023943103487422943,7.586206896551724,0.6732323232323232,4250.0
4081.711169503825,2049.830538306814,-6867.723577137316,0.0023636993987677327,8.275862068965518,0.6732323232323232,4250.0
4273.58420890832,2052.7517079513827,-7097.925736326426,0.002334677508942947,8.965517241379311,0.6732323232323232,4250.0
4456.323766818184,2048.092203621635,-7308.637002216405,0.0023070897052921767,9.655172413793103,0.6732323232323232,4250.0
4630.829667975436,2037.110666759957,-7502.14021866594,0.0022808033298262584,10.344827586206897,0.6732323232323232,4250.0
4797.869409594438,2020.8641975599378,-7680.357071926941,0.0022557038315547135,11.03448275862069,0.6732323232323232,4250.0
4958.099880754907,2000.2425691845674,-7844.918823242166,0.002231691639317392,11.724137931034484,0.6732323232323232,4250.0
5112.090644304735,1976.0002018075988,-7997.223210990334,0.002208679489556063,12.413793103448278,0.6732323232323232,4250.0
5260.340442875698,1948.7802466091478,-8138.476440005776,0.002186590373266814,13.10344827586207,0.6732323232323232,4250.0
5403.28863882454,1919.1322731361047,-8269.723873876763,0.002165356203027073,13.793103448275863,0.6732323232323232,4250.0
5541.320392361225,1887.5225810150082,-8391.881640197462,0.002144916059787383,14.482758620689657,0.6732323232323232,4250.0
5674.781517720744,1854.3557903068092,-8505.751094356347,0.002125215635478581,15.172413793103448,0.6732323232323232,4250.0
5803.980532382393,1819.9771229883736,-8612.042630040014,0.002106205887513602,15.862068965517242,0.6732323232323232,4250.0
5929.192021573619,1784.682004731891,-8711.383034360588,0.002087842735498634,16.551724137931036,0.6732323232323232,4250.0
6050.669098208683,1748.7274252538766,-8804.333561972875,0.0020700860395304476,17.24137931034483,0.6732323232323232,4250.0
6168.633100183698,1712.3276121647818,-8891.392299742489,0.0020528995362821103,17.931034482758623,0.6732323232323232,4250.0
6283.294474789301,1675.6754811090743,-8973.009771794903,0.0020362499004087167,18.620689655172416,0.6732323232323232,4250.0
6394.835170465195,1638.928605515775,-9049.629945360415,0.0020097836481766038,19.310344827586206,0.6732323232323232,4200.0
6503.431174550693,1602.2271521993623,-9121.625503243442,0.0019942528263569735,20.0,0.6732323232323232,4200.0
0.0,0.0,6.881474271722254,0.002870726564333447,0.0,0.6831313131313131,4300.0
664.790784400859,565.2204085125126,-1275.1253610715212,0.002792590935054091,0.6896551724137931,0.6831313131313131,4300.0
1169.6523573860745,943.0609730007193,-2252.8382362125994,0.0027258872993870913,1.3793103448275863,0.6831313131313131,4300.0
1590.8556573370718,1218.8341109247867,-3040.0097686271984,0.0026672980547876603,2.0689655172413794,0.6831313131313131,4300.0
1957.5456437694527,1427.0384024232599,-3695.3985336689584,0.002614860813564243,2.7586206896551726,0.6831313131313131,4300.0
2284.7905167607873,1586.382094915229,-4253.708244461035,0.0025672954887122294,3.4482758620689657,0.6831313131313131,4300.0
2581.6740127663224,1708.600566176644,-4737.325854267721,0.002523710026798152,4.137931034482759,0.6831313131313131,4300.0
2854.2153590615244,1801.7243406543896,-5161.622860094081,0.0024834520467118767,4.827586206896552,0.6831313131313131,4300.0
3106.6634110274526,1871.5680498987654,-5537.652299140231,0.0024460269631301733,5.517241379310345,0.6831313131313131,4300.0
3342.1602322539675,1922.5142878500444,-5873.650376770434,0.0024110489486990705,6.206896551724139,0.6831313131313131,4300.0
3563.110837518437,1957.962495503468,-6176.071906778197,0.0023645874403644255,6.8965517241379315,0.6831313131313131,4250.0
3771.405238598062,1980.6068030301865,-6449.75575850725,0.002333953189266925,7.586206896551724,0.6831313131313131,4250.0
3968.5637177775825,1992.6203529126099,-6698.622126500115,0.0023049787071850124,8.275862068965518,0.6831313131313131,4250.0
4155.830777485129,1995.7793641057133,-6925.8871269890005,0.0022774933383565136,8.965517241379311,0.6831313131313131,4250.0
4334.240092486511,1991.5505436081446,-7134.200035481248,0.0022513524070470817,9.655172413793103,0.6831313131313131,4250.0
4504.661870259919,1981.156207384074,-7325.768436871833,0.002226432094900017,10.344827586206897,0.6831313131313131,4250.0
4667.836373308437,1965.6218144959137,-7502.450211005642,0.0022026255813546256,11.03448275862069,0.6831313131313131,4250.0
4824.401193295391,1945.8137837973775,-7665.826099796475,0.002179839763615782,11.724137931034484,0.6831313131313131,4250.0
4974.90994273353,1922.4669529907756,-7817.249392737947,0.002157993097969431,12.413793103448278,0.6831313131313131,4250.0
5119.842130337795,1896.2050990934406,-7957.887539181393,0.002137013752299522,13.10344827586207,0.6831313131313131,4250.0
5259.622871798709,1867.5629863911881,-8088.756515906047,0.0021168378548172754,13.793103448275863,0.6831313131313131,4250.0
5394.628682783532,1836.9987048920775,-8210.741382095242,0.002097408686411463,14.482758620689657,0.6831313131313131,4250.0
5525.191002724502,1804.9022220917657,-8324.623239746084,0.0020786752040998155,15.172413793103448,0.6831313131313131,4250.0
5651.610685476297,1771.611934912265,-8431.088222004793,0.002060591735034573,15.862068965517242,0.6831313131313131,4250.0
5774.1542591076195,1737.4143157288995,-8530.748504066796,0.0020431168047417288,16.551724137931036,0.6831313131313131,4250.0
5893.064135865245,1702.560176995653,-8624.145810523274,0.00202621305559299,17.24137931034483,0.6831313131313131,4250.0
6008.559502160397,1667.2628900194936,-8711.767970812856,0.002009846283577239,17.931034482758623,0.6831313131313131,4250.0
6120.839086648038,1631.7056016576482,-8794.05002338766,0.0019939854874145304,18.620689655172416,0.6831313131313131,4250.0
6230.084518183047,1596.0443356801225,-8871.385483133658,0.001978602147237454,19.310344827586206,0.6831313131313131,4250.0
6336.462242272495,1560.416009896821,-8944.131307467665,0.0019535919362926426,20.0,0.6831313131313131,4200.0
0.0,0.0,6.881474271722254,0.0027779696421815618,0.0,0.693030303030303,4300.0
643.717315461804,547.2902448876599,-1234.870021412804,0.0027048147344673145,0.6896551724137931,0.693030303030303,4300.0
1133.1089812588884,913.5553202344669,-2183.577249710972,0.002642285435286725,1.3793103448275863,0.693030303030303,4300.0
1541.7717940643963,1181.1508157515939,-2948.6865485587623,0.0025873026352883034,2.0689655172413794,0.693030303030303,4300.0
1897.8179854267873,1383.380989460362,-3586.732692217636,0.0025380448012318957,2.7586206896551726,0.693030303030303,4300.0
2215.774423379986,1538.3069261131398,-4131.110784489727,0.0024933234117599117,3.4482758620689657,0.693030303030303,4300.0
2504.4002747620907,1657.2648531897282,-4603.3688223266145,0.0024523100149978646,4.137931034482759,0.693030303030303,4300.0
2769.501743926123,1748.017375653784,-5018.305710116518,0.002414398680217363,4.827586206896552,0.693030303030303,4300.0
3015.177427487609,1816.1875010842793,-5386.567217573931,0.0023791297867427237,5.517241379310345,0.693030303030303,4300.0
3244.457624047294,1866.0143817393853,-5716.0889438168815,0.002346144693595638,6.206896551724139,0.693030303030303,4300.0
3459.66269991213,1900.7883133959017,-6013.020048903789,0.002301815846708805,6.8965517241379315,0.693030303030303,4250.0
3662.617972776008,1923.1193231768455,-6282.1732209992915,0.002272893056920264,7.586206896551724,0.693030303030303,4250.0
3854.791056458675,1935.1129465071301,-6527.256603319918,0.002245521599679321,8.275862068965518,0.693030303030303,4250.0
4037.383438275791,1938.4907036789025,-6751.374473202901,0.0022195426073666267,8.965517241379311,0.693030303030303,4250.0
4211.393628497948,1934.6746995463461,-6957.084253125693,0.0021948214244024377,9.655172413793103,0.693030303030303,4250.0
4377.663572048406,1924.8522674000346,-7146.518062308089,0.0021712427898566092,10.344827586206897,0.693030303030303,4250.0
4536.90939775743,1910.0192737709285,-7321.473275177224,0.0021487070372834603,11.03448275862069,0.693030303030303,4250.0
4689.745257313007,1891.015474762582,-7483.47675567821,0.002127127484286013,11.724137931034484,0.693030303030303,4250.0
4836.704894070451,1868.554503882939,-7633.837900601226,0.0021064281341276227,12.413793103448278,0.693030303030303,4250.0
4978.2577141105585,1843.2463047217975,-7773.6877144956015,0.0020865418711129243,13.10344827586207,0.693030303030303,4250.0
5114.810193750966,1815.607234489403,-7904.007699534872,0.0020674092913068065,13.793103448275863,0.693030303030303,4250.0
5246.727195688914,1786.0826658165831,-8025.658271468303,0.0020489772454033565,14.482758620689657,0.693030303030303,4250.0
5374.3319829140855,1755.053984345381,-8139.39298198506,0.0020311983145033558,15.172413793103448,0.693030303030303,4250.0
5497.911665771428,1722.8483341489289,-8245.88057430603,0.0020140296281471824,15.862068965517242,0.693030303030303,4250.0
5617.729062705174,1689.7500678852803,-8345.711521374164,0.001997432660935354,16.551724137931036,0.693030303030303,4250.0
5734.0141562319,1655.998009011725,-8439.41471959032,0.0019813722995250032,17.24137931034483,0.693030303030303,4250.0
5846.984021142899,1621.802814316484,-8527.461234168106,0.0019658167608266478,17.931034482758623,0.693030303030303,4250.0
5956.826097772093,1587.3412681226616,-8610.275288709126,0.0019507369211503886,18.620689655172416,0.693030303030303,4250.0
6063.7217157815285,1552.7710622151878,-8688.238832996976,0.0019361061907359673,19.310344827586206,0.693030303030303,4250.0
6167.826358556437,1518.2181686202098,-8761.695985489117,0.0019219001761461155,20.0,0.693030303030303,4250.0
0.0,0.0,6.881474271722254,0.0026854209090457037,0.0,0.702929292929293,4300.0
622.6629183519968,529.3771103566587,-1194.6269732403598,0.0026170712958065293,0.6896551724137931,0.702929292929293,4300.0
1096.563565713072,884.0504961017638,-2114.2249676314095,0.0025585770433277887,1.3793103448275863,0.702929292929293,4300.0
1492.6463517595184,1143.4404058353584,-2857.1065573535816,0.0025070863124199085,2.0689655172413794,0.702929292929293,4300.0
1837.9950881434017,1339.6606176239338,-3477.6104916027252,0.002460911707471175,2.7586206896551726,0.702929292929293,4300.0
2146.602151803243,1490.131305630981,-4007.8377454775327,0.0024189521594152386,3.4482758620689657,0.702929292929293,4300.0
2426.908387951325,1605.7949715803347,-4468.5063674530975,0.0023804398817402817,4.137931034482759,0.702929292929293,4300.0
2684.5029039787278,1694.1419885515654,-4873.8493160680955,0.002344813185553883,4.827586206896552,0.702929292929293,4300.0
2923.3361808043833,1760.605307743757,-5234.108246792421,0.0023116459227982113,5.517241379310345,0.702929292929293,4300.0
3146.329649354161,1809.2829441011727,-5556.920526354996,0.002280605443921267,6.206896551724139,0.702929292929293,4300.0
3355.7201233656624,1843.3561217133588,-5848.1450095441905,0.002251426064684431,6.8965517241379315,0.702929292929293,4300.0
3553.267020518106,1865.3498436404673,-6112.52924837546,0.0022111243257193465,7.586206896551724,0.702929292929293,4250.0
3740.386252896726,1877.302545369817,-6353.60986923438,0.002185321409638514,8.275862068965518,0.702929292929293,4250.0
3918.2363409098816,1880.8808671043244,-6574.365287082459,0.002160817790157494,8.965517241379311,0.702929292929293,4250.0
4087.781049851661,1877.4632954712479,-6777.2628149600205,0.0021374883289530335,9.655172413793103,0.702929292929293,4250.0
4249.831895481701,1868.1992511017825,-6964.360328441944,0.0021152258399686737,10.344827586206897,0.702929292929293,4250.0
4405.079702639506,1854.0542806860258,-7137.391250485991,0.0020939377832542017,11.03448275862069,0.702929292929293,4250.0
4554.121627214776,1835.8462396630894,-7297.831527027367,0.0020735434903137746,11.724137931034484,0.702929292929293,4250.0
4697.470305075625,1814.2652243674534,-7446.946068568039,0.002053972233175893,12.413793103448278,0.702929292929293,4250.0
4835.576186831824,1789.9003244799574,-7585.827275411451,0.0020351616604043447,13.10344827586207,0.702929292929293,4250.0
4968.838768521155,1763.25877199977,-7715.426115270064,0.00201705632946292,13.793103448275863,0.702929292929293,4250.0
5097.604954143808,1734.7700368823694,-7836.5727182956325,0.00199960692180465,14.482758620689657,0.702929292929293,4250.0
5222.190013493227,1704.807332714119,-7949.9991549705155,0.0019827690911739977,15.172413793103448,0.702929292929293,4250.0
5342.871476143656,1673.6879039237594,-8056.350373040681,0.001966503072624859,15.862068965517242,0.702929292929293,4250.0
5459.901078488905,1641.6849490310478,-8156.20085499643,0.0019507727969408728,16.551724137931036,0.702929292929293,4250.0
5573.505467948492,1609.0361659299265,-8250.061374533208,0.0019355456711135195,17.24137931034483,0.702929292929293,4250.0
5683.889215290322,1575.9442864538871,-8338.389821369405,0.0019207919512877253,17.931034482758623,0.702929292929293,4250.0
5791.23970435315,1542.5829240379392,-8421.59767469875,0.001906484526795033,18.620689655172416,0.702929292929293,4250.0
5895.72631806112,1509.1020066137787,-8500.054502305306,0.001892598601065081,19.310344827586206,0.702929292929293,4250.0
5997.504941764153,1475.63082218129,-8574.096513905039,0.0018791113320912186,20.0,0.702929292929293,4250.0
0.0,0.0,6.881474271722254,0.002593079323942442,0.0,0.7128282828282828,4300.0
601.6280949006303,511.481515094504,-1154.3963084768475,0.0025293608100619837,0.6896551724137931,0.7128282828282828,4300.0
1060.0160318605624,854.5464354951779,-2044.781905596872,0.002474762759249005,1.3793103448275863,0.7128282828282828,4300.0
1443.477510991352,1105.7011407233545,-2765.270718068823,0.00242664963276994,2.0689655172413794,0.7128282828282828,4300.0
1778.07587841512,1295.8763546832793,-3368.032330148664,0.0023834617523886227,2.7586206896551726,0.7128282828282828,4300.0
2077.276129172834,1441.8577502605874,-3883.8888294556527,0.0023441813531864574,3.4482758620689657,0.7128282828282828,4300.0
2349.1958265729554,1554.1888341246608,-4332.73739814946,0.002308098463920206,4.137931034482759,0.7128282828282828,4300.0
2599.217842002582,1640.0973009702761,-4728.25065058779,0.0022746935940429003,4.827586206896552,0.7128282828282828,4300.0
2831.141715244244,1704.8229287342256,-5080.270190565563,0.002243572499542988,5.517241379310345,0.7128282828282828,4300.0
3047.7796704873513,1752.3222019270063,-5396.137686164366,0.0022144273407413546,6.206896551724139,0.7128282828282828,4300.0
3251.2854001490828,1785.6682807951363,-5681.4873161982905,0.0021870121699961225,6.8965517241379315,0.7128282828282828,4300.0
3443.353681524183,1807.3010535314318,-5940.809126329979,0.0021486413831437847,7.586206896551724,0.7128282828282828,4250.0
3625.347948417007,1819.1909592304105,-6177.662548306667,0.0021243716407593222,8.275862068965518,0.7128282828282828,4250.0
3798.385061178786,1822.9504787815965,-6394.83768581105,0.0021013113261407704,8.965517241379311,0.7128282828282828,4250.0
3963.3945294443124,1819.9142853321198,-6594.710681901568,0.0020793444705035817,9.655172413793103,0.7128282828282828,4250.0
4121.159038451939,1811.1955471613744,-6779.263709100924,0.0020583717796232716,10.344827586206897,0.7128282828282828,4250.0
4272.34402044662,1797.728396407704,-6950.169845342236,0.002038307314099529,11.03448275862069,0.7128282828282828,4250.0
4417.5220705362935,1780.3019335865827,-7108.8513683993515,0.0020190762824535994,11.724137931034484,0.7128282828282828,4250.0
4557.19394897401,1759.591231813881,-7256.529226100502,0.00200061307174583,12.413793103448278,0.7128282828282828,4250.0
4691.791030237256,1736.1657802943153,-7394.258627468276,0.0019828597176708967,13.10344827586207,0.7128282828282828,4250.0
4821.696393560258,1710.5154672345752,-7522.956844705943,0.0019657648441320334,13.793103448275863,0.7128282828282828,4250.0
4947.250590290536,1683.06098051402,-7643.42762647599,0.0019492825136802141,14.482758620689657,0.7128282828282828,4250.0
5068.751668920945,1654.1583291493964,-7756.376961953851,0.0019333716461577108,15.172413793103448,0.7128282828282828,4250.0
5186.474079773978,1624.1224550112588,-7862.430176852227,0.0019179951624277568,15.862068965517242,0.7128282828282828,4250.0
5300.655363048228,1593.216195299713,-7962.141966353418,0.0019031196277027736,16.551724137931036,0.7128282828282828,4250.0
5411.518564898388,1561.6716555391743,-8056.007277692399,0.0018887146581925084,17.24137931034483,0.7128282828282828,4250.0
5519.25794791484,1529.6823737994678,-8144.469895816728,0.0018747526133865604,17.931034482758623,0.7128282828282828,4250.0
5624.058032425532,1497.4232136985863,-8227.927066769007,0.001861208293609355,18.620689655172416,0.7128282828282828,4250.0
5726.079020259014,1465.0361952916219,-8306.739164685358,0.0018480585402852183,19.310344827586206,0.7128282828282828,4250.0
5825.475377637046,1432.6483232355797,-8381.230120283886,0.001835282184328914,20.0,0.7128282828282828,4250.0
0.0,0.0,6.881474271722254,0.002500943854178646,0.0,0.7227272727272727,4300.0
580.6126236116731,493.6032404128131,-1114.1781178380625,0.002441683466530391,0.6896551724137931,0.7227272727272727,4300.0
1023.4663567850979,825.043129190785,-1975.248506465854,0.0023908432319607246,1.3793103448275863,0.7227272727272727,4300.0
1394.2653293700143,1067.933107028656,-2673.1797336161108,0.002345993184290518,2.0689655172413794,0.7227272727272727,4300.0
1718.0613633484568,1252.0292942161368,-3257.998337722842,0.0023056952079219396,2.7586206896551726,0.7227272727272727,4300.0
2007.7943231273673,1393.4844655145212,-3759.263632213195,0.0022690106432585993,3.4482758620689657,0.7227272727272727,4300.0
2271.2650012970685,1502.4483461815819,-4196.060211189608,0.0022352846797515594,4.137931034482759,0.7227272727272727,4300.0
2513.6451235385193,1585.8818998993304,-4581.50637616359,0.002204037973259223,4.827586206896552,0.7227272727272727,4300.0
2738.5892847184587,1648.8372900793977,-4925.047489790159,0.0021749066764487866,5.517241379310345,0.7227272727272727,4300.0
2948.8013960549633,1695.1291182236598,-5233.731783715753,0.0021476066251678687,6.206896551724139,0.7227272727272727,4300.0
3146.351575433451,1727.721302595305,-5512.970563587922,0.002121910698918074,6.8965517241379315,0.7227272727272727,4300.0
3332.8710804720404,1748.9696386964763,-5767.014983080415,0.0020976339307898187,7.586206896551724,0.7227272727272727,4300.0
3509.671327016624,1760.7765846333016,-5999.397427343327,0.0020626656282575887,8.275862068965518,0.7227272727272727,4250.0
3677.82682049434,1764.699780743256,-6212.769678270619,0.00204101558003238,8.965517241379311,0.7227272727272727,4250.0
3838.2314352305784,1762.0278553407197,-6409.400479045653,0.00202038133385069,9.655172413793103,0.7227272727272727,4250.0
3991.6383754853427,1753.8368232968044,-6591.198781839084,0.0020006709615299815,10.344827586206897,0.7227272727272727,4250.0
4138.691981748513,1741.0342152096691,-6759.773725709747,0.0019818050495170408,11.03448275862069,0.7227272727272727,4250.0
4279.942039958104,1724.3829622709222,-6916.4966218947375,0.0019637143441996307,11.724137931034484,0.7227272727272727,4250.0
4415.867062845634,1704.5325465712635,-7062.543618934105,0.0019463380868431413,12.413793103448278,0.7227272727272727,4250.0
4546.889585388303,1682.040175263898,-7198.931855109324,0.001929622656602526,13.10344827586207,0.7227272727272727,4250.0
4673.3744544411065,1657.3752175161246,-7326.546716918041,0.0019135203894672472,13.793103448275863,0.7227272727272727,4250.0
4795.650261491422,1630.9477303816466,-7446.16296789929,0.0018979888016357619,14.482758620689657,0.7227272727272727,4250.0
4914.00710015052,1603.1064981292086,-7558.4629297192805,0.0018829897411357448,15.172413793103448,0.7227272727272727,4250.0
5028.704895084851,1574.1516891167487,-7664.050079501219,0.0018684888946822562,15.862068965517242,0.7227272727272727,4250.0
5139.97825704377,1544.3410390756555,-7763.460328114132,0.0018544552149807325,16.551724137931036,0.7227272727272727,4250.0
5248.037475652187,1513.898702023786,-7857.172907868757,0.0018408605218083985,17.24137931034483,0.7227272727272727,4250.0
5353.074414165394,1483.0170945535474,-7945.615275135278,0.0018276792107789542,17.931034482758623,0.7227272727272727,4250.0
5455.262900966694,1451.8590829260756,-8029.174034979929,0.001814887810682066,18.620689655172416,0.7227272727272727,4250.0
5554.761314183369,1420.5684403188482,-8108.19604530737,0.0018024649072312551,19.310344827586206,0.7227272727272727,4250.0
5651.716022601544,1389.2680435212983,-8182.995988956027,0.001790390776613564,20.0,0.7227272727272727,4250.0
0.0,0.0,6.881474271722254,0.002409013475259858,0.0,0.7326262626262626,4300.0
559.6160528346902,475.74185023409143,-1073.9724903636525,0.0023540394531249755,0.6896551724137931,0.7326262626262626,4300.0
986.9145876161041,795.5406315595787,-1905.625365684391,0.0023068190750283706,1.3793103448275863,0.7326262626262626,4300.0
1345.0105043629324,1030.137027736976,-2580.8343050019685,0.002265117559184013,2.0689655172413794,0.7326262626262626,4300.0
1657.9522144721082,1208.1201245206187,-3147.5092682029717,0.0022276122702786032,2.7586206896551726,0.7326262626262626,4300.0
1938.1559015234318,1345.0103325345663,-3633.961426457907,0.0021934397401219665,3.4482758620689657,0.7326262626262626,4300.0
2193.113340408179,1450.571701541144,-4058.472766408733,0.002161997504380411,4.137931034482759,0.7326262626262626,4300.0
2427.7858731062715,1531.4983099522858,-4433.61257543962,0.002132844469900764,4.827586206896552,0.7326262626262626,4300.0
2645.6818239503496,1592.6523547090246,-4768.433762395391,0.0021056457152581324,5.517241379310345,0.7326262626262626,4300.0
2849.397259996268,1637.7070259901375,-5069.694245109378,0.002080139575427438,6.206896551724139,0.7326262626262626,4300.0
3040.921225341797,1669.5187672747143,-5342.584039224952,0.0020561168700269613,6.8965517241379315,0.7326262626262626,4300.0
3221.819780654093,1690.3576554201634,-5591.182029315882,0.0020334071874853602,7.586206896551724,0.7326262626262626,4300.0
3393.3530428832464,1702.057831418344,-5818.795562855448,0.0020001967840819652,8.275862068965518,0.7326262626262626,4250.0
3556.554508204242,1706.1230484928517,-6028.138773689076,0.001979922964443414,8.965517241379311,0.7326262626262626,4250.0
3712.285102742758,1703.7995038915883,-6221.3071841096025,0.0019605901955876575,9.655172413793103,0.7326262626262626,4250.0
3861.2669337032535,1696.1248000032053,-6400.133985405169,0.0019421137720231447,10.344827586206897,0.7326262626262626,4250.0
4004.117475450331,1683.9730652641215,-6566.168185219227,0.0019244203364844655,11.03448275862069,0.7326262626262626,4250.0
4141.3700982030105,1668.0858193795975,-6720.727476251988,0.0019074460072219888,11.724137931034484,0.7326262626262626,4250.0
4273.483957781153,1649.088069805404,-6864.944361225549,0.0018911346946698048,12.413793103448278,0.7326262626262626,4250.0
4400.861856897329,1627.5174561778351,-6999.797850344126,0.0018754368482284294,13.10344827586207,0.7326262626262626,4250.0
4523.861126729021,1603.8349047208578,-7126.14067538864,0.0018603084761804986,13.793103448275863,0.7326262626262626,4250.0
4642.792463697663,1578.4311542795826,-7244.719405048498,0.0018457102801635345,14.482758620689657,0.7326262626262626,4250.0
4757.940213289206,1551.6462542966915,-7356.191953537833,0.0018316070255218705,15.172413793103448,0.7326262626262626,4250.0
4869.550410135846,1523.7695690217658,-7461.1397174987,0.0018179669735546916,15.862068965517242,0.7326262626262626,4250.0
4977.852526762858,1495.0555513358884,-7560.08095914992,0.0018047613929271817,16.551724137931036,0.7326262626262626,4250.0
5083.045656050363,1465.715613635348,-7653.476231739478,0.0017919642713078632,17.24137931034483,0.7326262626262626,4250.0
5185.318841763751,1435.9401857623816,-7741.740690628882,0.0017795518291059901,17.931034482758623,0.7326262626262626,4250.0
5284.835226938913,1405.887193284091,-7825.246011827105,0.001767502416716136,18.620689655172416,0.7326262626262626,4250.0
5381.751866812153,1375.6958388312921,-7904.328098338978,0.0017557961620293509,19.310344827586206,0.7326262626262626,4250.0
5476.205864416229,1345.4836081267447,-7979.291757224775,0.0017444148023320484,20.0,0.7326262626262626,4250.0
0.0,0.0,6.881474271722254,0.002317287170799936,0.0,0.7425252525252525,4300.0
538.6383062368578,457.89727799312874,-1033.779489552864,0.0022664289632349515,0.6896551724137931,0.7425252525252525,4300.0
950.3622621748754,766.0404672207284,-1835.9130274827912,0.0022226909121913162,1.3793103448275863,0.7425252525252525,4300.0
1295.714064846807,992.3139184744808,-2488.2351361857072,0.0021840233531061947,2.0689655172413794,0.7425252525252525,4300.0
1597.7468591045135,1164.147424749841,-3036.5655802625697,0.0021492131808800653,2.7586206896551726,0.7425252525252525,4300.0
1868.3639728962526,1296.4386524053205,-3507.9823284493687,0.0021174682749199995,3.4482758620689657,0.7425252525252525,4300.0
2114.740943087497,1398.5597358994346,-3919.9737354520403,0.0020882358744099415,4.137931034482759,0.7425252525252525,4300.0
2341.636555546826,1476.943733291858,-4284.566211032055,0.0020611111875916423,4.827586206896552,0.7425252525252525,4300.0
2552.414273356118,1536.2641229166986,-4610.424108276078,0.002035786779462528,5.517241379310345,0.7425252525252525,4300.0
2749.5620188921966,1580.0520125854878,-4904.017368584908,0.002012022393575617,6.206896551724139,0.7425252525252525,4300.0
2934.9877926199965,1611.0557626715843,-5170.316296919882,0.0019896259274210294,6.8965517241379315,0.7425252525252525,4300.0
3110.1942866374734,1631.460329728795,-5413.228772707815,0.001968440835215972,7.586206896551724,0.7425252525252525,4300.0
3276.3904865966947,1643.033490287603,-5635.886739365509,0.0019483375004181527,8.275862068965518,0.7425252525252525,4300.0
3434.567467328255,1647.2234041728816,-5840.923250848442,0.0019180257804549666,8.965517241379311,0.7425252525252525,4250.0
3585.5499030368956,1645.2294421875017,-6030.403136245273,0.0018999624424912607,9.655172413793103,0.7425252525252525,4250.0
3730.035503238967,1638.0559367521687,-6206.039449437994,0.0018826904726688908,10.344827586206897,0.7425252525252525,4250.0
3868.6154268758705,1626.543358260611,-6369.317429492068,0.001866142451522995,11.03448275862069,0.7425252525252525,4250.0
4001.7991858987475,1611.4057394505908,-6521.504052144199,0.0018502595501481433,11.724137931034484,0.7425252525252525,4250.0
4130.032562991461,1593.252904513453,-6663.686523386539,0.0018349901405399463,12.413793103448278,0.7425252525252525,4250.0
4253.7002046653715,1572.6002491763704,-6796.8065861206705,0.0018202885990519977,13.10344827586207,0.7425252525252525,4250.0
4373.144432242445,1549.8911218750472,-6921.683669434511,0.00180611439444966,13.793103448275863,0.7425252525252525,4250.0
4488.667615247184,1525.5068017400552,-7039.0367630207475,0.0017924313201167932,14.482758620689657,0.7425252525252525,4250.0
4600.537887834489,1499.7746572021722,-7149.498015946825,0.0017792069129910159,15.172413793103448,0.7425252525252525,4250.0
4708.997881053883,1472.9770788091519,-7253.628835267584,0.0017664118772004445,15.862068965517242,0.7425252525252525,4250.0
4814.2623893700065,1445.3546215193537,-7351.926185056749,0.001754019787076106,16.551724137931036,0.7425252525252525,4250.0
4916.528718408266,1417.1194716230227,-7444.836381289249,0.0017420065594750869,17.24137931034483,0.7425252525252525,4250.0
5015.973470541363,1388.4509940823102,-7532.758033735598,0.0017303503197335704,17.931034482758623,0.7425252525252525,4250.0
5112.757697536292,1359.5034244059455,-7616.0499619231705,0.0017190310601137766,18.620689655172416,0.7425252525252525,4250.0
5207.030307846003,1330.4138779617924,-7695.037065663106,0.0017080304273578005,19.310344827586206,0.7425252525252525,4250.0
5298.92312943292,1301.29319972932,-7770.011948544707,0.0016973315986704297,20.0,0.7425252525252525,4250.0
0.0,0.0,6.881474271722254,0.0022257639324320196,0.0,0.7524242424242424,4300.0
517.6793490585127,440.0693547986901,-993.5992321340455,0.002178852170391821,0.6896551724137931,0.7524242424242424,4300.0
913.8081070942883,736.5413838116026,-1766.1120090197655,0.0021384593712187646,1.3793103448275863,0.7524242424242424,4300.0
1246.37442606923,954.4622808700104,-2395.382799575178,0.00210271118391478,2.0689655172413794,0.7524242424242424,4300.0
1537.4460152838922,1120.1114986586624,-2925.1677218768164,0.0020704981928156146,2.7586206896551726,0.7524242424242424,4300.0
1798.4153524905266,1247.766931945779,-3381.3260124328153,0.002041095934825114,3.4482758620689657,0.7524242424242424,4300.0
2036.148977882435,1346.4138394203503,-3780.561656283324,0.0020139987419123227,4.137931034482759,0.7524242424242424,4300.0
2255.2005088268465,1422.2218028290936,-4134.364055408703,0.001988836245793193,4.827586206896552,0.7524242424242424,4300.0
2458.7890879197134,1479.6756901025426,-4451.012761614598,0.0019653270985989448,5.517241379310345,0.7524242424242424,4300.0
2649.29768043257,1522.166229944173,-4736.692312564257,0.001943251374188897,6.206896551724139,0.7524242424242424,4300.0
2828.5529223192902,1552.3338193044206,-4996.155840717933,0.0019224331559674146,6.8965517241379315,0.7524242424242424,4300.0
2997.993605775491,1572.27943500935,-5233.141528595741,0.001902729051511262,7.586206896551724,0.7524242424242424,4300.0
3158.7779451866495,1583.7021622848913,-5450.645796442317,0.0018840203366500589,8.275862068965518,0.7524242424242424,4300.0
3311.858274762845,1587.9975663590535,-5651.110364899185,0.0018662073573760104,8.965517241379311,0.7524242424242424,4300.0
3458.023354970193,1586.3176127611205,-5836.6631309038785,0.001838489294964731,9.655172413793103,0.7524242424242424,4250.0
3597.9391856435414,1579.6268749698538,-6008.883434754389,0.001822391328777074,10.344827586206897,0.7524242424242424,4250.0
3732.1765926588646,1568.7407322612316,-6169.186511788117,0.0018069605906948494,11.03448275862069,0.7524242424242424,4250.0
3861.223602282805,1554.3457745911726,-6318.785685161638,0.001792143145604537,11.724137931034484,0.7524242424242424,4250.0
3985.50434682407,1537.025806864167,-6458.725119194634,0.0017778915891343448,12.413793103448278,0.7524242424242424,4250.0
4105.393280043593,1517.282111639584,-6589.907427226128,0.0017641640548089984,13.10344827586207,0.7524242424242424,4250.0
4221.2142926122415,1495.5409453766956,-6713.12054019358,0.0017509233038199535,13.793103448275863,0.7524242424242424,4250.0
4333.260848554748,1472.1729814666821,-6829.053535565938,0.0017381361097907003,14.482758620689657,0.7524242424242424,4250.0
4441.788202826003,1447.4891875507249,-6938.315629065539,0.00172577260095435,15.172413793103448,0.7524242424242424,4250.0
4547.030714448732,1421.766618183605,-7041.44432438197,0.0017138059161159516,15.862068965517242,0.7524242424242424,4250.0
4649.1931820805585,1395.2374956203148,-7138.919749833505,0.0017022116882647092,16.551724137931036,0.7524242424242424,4250.0
4748.467830430316,1368.1053764277451,-7231.169933170655,0.0016909678233685652,17.24137931034483,0.7524242424242424,4250.0
4845.020549542734,1340.54371745266,-7318.578516497415,0.0016800541911869693,17.931034482758623,0.7524242424242424,4250.0
4939.010446980061,1312.7057511207242,-7401.492005325541,0.001669452365533028,18.620689655172416,0.7524242424242424,4250.0
5030.576098633965,1284.71760416377,-7480.221862035825,0.0016591454904912287,19.310344827586206,0.7524242424242424,4250.0
5119.848376100476,1256.693906827746,-7555.051362767612,0.0016491180435392445,20.0,0.7524242424242424,4250.0
0.0,0.0,6.881474271722254,0.002134442759720716,0.0,0.7623232323232323,4300.0
496.73912784958094,422.25817496005084,-953.4318088362052,0.002091309255213422,0.6896551724137931,0.7623232323232323,4300.0
877.251960242012,707.0432358511555,-1696.2228261830314,0.0020541250786570093,1.3793103448275863,0.7623232323232323,4300.0
1196.9917204170204,916.5822677272466,-2302.2781263643556,0.0020211816424856852,2.0689655172413794,0.7623232323232323,4300.0
1477.0509861889716,1076.0139400897463,-2813.315976695849,0.0019914675863642382,2.7586206896551726,0.7623232323232323,4300.0
1728.3107567091593,1198.9960724013206,-3253.9920318307704,0.0019643224330455383,3.4482758620689657,0.7623232323232323,4300.0
1957.334525668636,1294.1315980483532,-3640.2347282532137,0.0019392851064136641,4.137931034482759,0.7623232323232323,4300.0
2168.4731434108553,1367.3287415225552,-3983.0023454035545,0.0019160178276455867,4.827586206896552,0.7623232323232323,4300.0
2364.8021052343092,1422.8829300945372,-4290.193873127901,0.0018942639424405297,5.517241379310345,0.7623232323232323,4300.0
2548.599073838501,1464.0457154075366,-4567.711315641143,0.0018738227790031396,6.206896551724139,0.7623232323232323,4300.0
2721.6114268722677,1493.3511659496614,-4820.091962314771,0.0018545337837992156,6.8965517241379315,0.7623232323232323,4300.0
2885.214320025549,1512.8142490751038,-5050.905011289273,0.0018362660821554604,7.586206896551724,0.7623232323232323,4300.0
3040.5157106403467,1524.0662837463256,-5263.013856652848,0.0018189112277667585,8.275862068965518,0.7623232323232323,4300.0
3188.4240979860506,1528.4436712964373,-5458.7517098985845,0.0018023781904108439,8.965517241379311,0.7623232323232323,4300.0
3329.6972068055716,1527.0587705227706,-5640.05948026845,0.0017761620433811166,9.655172413793103,0.7623232323232323,4250.0
3464.973433459203,1520.8395217010227,-5808.6358022315835,0.0017612065026904587,10.344827586206897,0.7623232323232323,4250.0
3594.7948978715717,1510.565703097977,-5965.739084481524,0.0017468639014743023,11.03448275862069,0.7623232323232323,4250.0
3719.6331721700517,1496.899772911322,-6112.532394106383,0.0017330848744296266,11.724137931034484,0.7623232323232323,4250.0
3839.8928020587477,1480.4045227996014,-6250.01402878698,0.0017198260977334993,12.413793103448278,0.7623232323232323,4250.0
3955.9308770148564,1461.5622772986385,-6379.050274013243,0.0017070492280860674,13.10344827586207,0.7623232323232323,4250.0
4068.0610969679583,1440.7842141310082,-6500.394434847272,0.0016947202296259062,13.793103448275863,0.7623232323232323,4250.0
4176.5607434977355,1418.423773258611,-6614.709130762894,0.001682808633280655,14.482758620689657,0.7623232323232323,4250.0
4281.678566293045,1394.7880364730872,-6722.576757083909,0.001671287136875404,15.172413793103448,0.7623232323232323,4250.0
4383.635221553096,1370.1375296929182,-6824.514712098127,0.0016601310900909926,15.862068965517242,0.7623232323232323,4250.0
4482.631274701401,1344.6994600252103,-6920.983114097573,0.0016493181917937938,16.551724137931036,0.7623232323232323,4250.0
4578.846402598173,1318.6706813949431,-7012.392575049293,0.0016388282030336285,17.24137931034483,0.7623232323232323,4250.0
4672.443740351716,1292.2171510040776,-7099.112886763272,0.0016286426434275166,17.931034482758623,0.7623232323232323,4250.0
4763.5736720893065,1265.4877285703524,-7181.475714999331,0.001618744644691472,18.620689655172416,0.7623232323232323,4250.0
4852.369243481434,1238.605336776634,-7259.7814309294845,0.0016091187293208432,19.310344827586206,0.7623232323232323,4250.0
4938.958462310689,1211.6794519396494,-7334.302700318993,0.0015997506536063032,20.0,0.7623232323232323,4250.0
0.0,0.0,6.881474271722254,0.0020433226600755365,0.0,0.7722222222222221,4300.0
475.81758725370815,404.46369336453216,-913.2773063403729,0.002003800397554057,0.6896551724137931,0.7722222222222221,4300.0
840.6938442633732,677.5460547333406,-1626.2459935955121,0.001969688659831857,1.3793103448275863,0.7722222222222221,4300.0
1147.5671776563397,878.6751214991917,-2208.9218793666223,0.0019394353282227933,2.0689655172413794,0.7722222222222221,4300.0
1416.559866436838,1031.8532282056256,-2701.010966453745,0.001912121624750074,2.7586206896551726,0.7722222222222221,4300.0
1658.0515145894585,1150.1275084594577,-3125.9801084237115,0.0018871474916768952,3.4482758620689657,0.7722222222222221,4300.0
1878.3003091713397,1241.7159620971422,-3498.991483785372,0.0018640939735008013,4.137931034482759,0.7722222222222221,4300.0
2081.4566578393096,1312.2665690261874,-3830.478174344171,0.0018426540922671284,4.827586206896552,0.7722222222222221,4300.0
2270.4551098748707,1365.8885972218052,-4127.962421874756,0.0018225945465080607,5.517241379310345,0.7722222222222221,4300.0
2447.4686689524906,1405.6947934997334,-4397.066158956397,0.0018037328890938853,6.206896551724139,0.7722222222222221,4300.0
2614.1636258981785,1434.1094982033087,-4642.112707893197,0.001785923115435097,6.8965517241379315,0.7722222222222221,4300.0
2771.853255264515,1453.0630966121926,-4866.505040489974,0.001769046142444464,7.586206896551724,0.7722222222222221,4300.0
2921.596595886288,1464.1191350045788,-5072.972725700871,0.0017530033149640292,8.275862068965518,0.7722222222222221,4300.0
3064.2612731986137,1468.5620991174574,-5263.741401934218,0.0017377117840867366,8.965517241379311,0.7722222222222221,4300.0
3200.5688528818796,1467.455414419518,-5440.65138477322,0.0017231011556809483,9.655172413793103,0.7722222222222221,4300.0
3331.1299399995205,1461.6897527212338,-5605.264531038396,0.0016991261575597459,10.344827586206897,0.7722222222222221,4250.0
3456.465200328769,1452.0149865442331,-5758.940088098185,0.0016858414332306148,11.03448275862069,0.7722222222222221,4250.0
3577.0199678928084,1439.0662511330656,-5902.702639237708,0.001673072756578628,11.724137931034484,0.7722222222222221,4250.0
3693.18753796626,1423.3882244149365,-6037.508211217755,0.0016607805923383179,12.413793103448278,0.7722222222222221,4250.0
3805.3036691421844,1405.4371662824717,-6164.183040183532,0.001648930040198837,13.10344827586207,0.7722222222222221,4250.0
3913.672315651077,1385.6152839000065,-6283.449749406478,0.0016374900074800768,13.793103448275863,0.7722222222222221,4250.0
4018.5558574218603,1364.2603847518087,-6395.940693772274,0.0016264327433668446,14.482758620689657,0.7722222222222221,4250.0
4120.194598748509,1341.6661983215513,-6502.214531234116,0.0016157333140456075,15.172413793103448,0.7722222222222221,4250.0
4218.797226024488,1318.0852265962076,-6602.766515288597,0.0016053692238199035,15.862068965517242,0.7722222222222221,4250.0
4314.558918429072,1293.738632206153,-6698.036654979478,0.0015953201396969132,16.551724137931036,0.7722222222222221,4250.0
4407.648185999285,1268.8103353050813,-6788.419905939358,0.0015855675469628537,17.24137931034483,0.7722222222222221,4250.0
4498.224498110687,1243.4676798644757,-6874.269614831297,0.0015760945873283243,17.931034482758623,0.7722222222222221,4250.0
4586.428513873108,1217.8473516544989,-6955.90443158472,0.0015668858492730712,18.620689655172416,0.7722222222222221,4250.0
4672.390582906276,1192.0724137700647,-7033.613068662336,0.001557927173646529,19.310344827586206,0.7722222222222221,4250.0
4756.231432641173,1166.247822543299,-7107.6560198281,0.0015492055682135755,20.0,0.7722222222222221,4250.0
0.0,0.0,6.881474271722254,0.0019524026486655583,0.0,0.7821212121212121,4300.0
454.9146724231794,386.685863479366,-873.135810472726,0.0019163257754598179,0.6896551724137931,0.7821212121212121,4300.0
804.133778422972,648.049869091685,-1556.1820246218558,0.0018851507388508101,1.3793103448275863,0.7821212121212121,4300.0
1098.1008499485952,840.7409051924435,-2115.314774603801,0.0018574728500794396,2.0689655172413794,0.7821212121212121,4300.0
1355.9731154354251,987.6298955589041,-2588.2532556439546,0.0018324605814133013,2.7586206896551726,0.7821212121212121,4300.0
1587.6353766943782,1101.1592592525974,-2997.2901997753725,0.0018095708277288847,3.4482758620689657,0.7821212121212121,4300.0
1799.0437374151284,1189.1647288110357,-3356.830629506934,0.001788424349800564,4.137931034482759,0.7821212121212121,4300.0
1994.1489093027988,1257.033509828626,-3676.7883571306957,0.0017687432231739558,4.827586206896552,0.7821212121212121,4300.0
2175.74475861534,1308.6909268630557,-3964.3125595027523,0.001750316202234366,5.517241379310345,0.7821212121212121,4300.0
2345.90074431245,1347.1092020426054,-4224.748463320371,0.0017329780190250296,6.206896551724139,0.7821212121212121,4300.0
2506.205824264823,1374.6062590825675,-4462.207660205153,0.0017165964026476046,6.8965517241379315,0.7821212121212121,4300.0
2657.909460389222,1393.0255408941925,-4679.926773678431,0.0017010634590007782,7.586206896551724,0.7821212121212121,4300.0
2802.019618564163,1403.8642460980495,-4880.503852750124,0.001686289751267071,8.275862068965518,0.7821212121212121,4300.0
2939.3639162928384,1408.350919784947,-5066.057850373021,0.0016722001644906709,8.965517241379311,0.7821212121212121,4300.0
3070.6326415664116,1407.5044062708635,-5238.340281711025,0.0016587308863633293,9.655172413793103,0.7821212121212121,4300.0
3196.404915133722,1402.1761873165856,-5398.818430907209,0.0016458271030949418,10.344827586206897,0.7821212121212121,4300.0
3317.1782888229554,1393.0875588646995,-5548.752586373848,0.0016238822138129694,11.03448275862069,0.7821212121212121,4250.0
3433.379562993382,1380.8464581446256,-5689.25639378553,0.0016120946867060745,11.724137931034484,0.7821212121212121,4250.0
3545.379128005702,1365.970761420646,-5821.160424423433,0.001600741944851686,12.413793103448278,0.7821212121212121,4250.0
3653.503438511588,1348.9069350162224,-5945.255163328307,0.0015897922395459627,13.10344827586207,0.7821212121212121,4250.0
3758.037001531914,1330.0331525759304,-6062.228878516471,0.001579217360830369,13.793103448275863,0.7821212121212121,4250.0
3859.2353124416104,1309.6774256411707,-6172.686119698767,0.0015689920904034557,14.482758620689657,0.7821212121212121,4250.0
3957.323413403933,1288.1222678829297,-6277.160771189992,0.0015590937506548387,15.172413793103448,0.7821212121212121,4250.0
4052.504434931714,1265.6091289685362,-6376.124994146565,0.0015495019303080658,15.862068965517242,0.7821212121212121,4250.0
4144.96120570605,1242.3496589493648,-6470.001017654686,0.0015401981013616812,16.551724137931036,0.7821212121212121,4250.0
4234.857143072311,1218.5239809169925,-6559.165502163545,0.0015311654395587925,17.24137931034483,0.7821212121212121,4250.0
4322.344377389623,1194.289607773949,-6643.956684053854,0.0015223886216104352,17.931034482758623,0.7821212121212121,4250.0
4407.556138388803,1169.7816988265024,-6724.680310331409,0.0015138535977208792,18.620689655172416,0.7821212121212121,4250.0
4490.619034769892,1145.1156951379537,-6801.61169504375,0.0015055475025240212,19.310344827586206,0.7821212121212121,4250.0
4571.645906373645,1120.3945289058001,-6875.0010962553715,0.001497458501221623,20.0,0.7821212121212121,4250.0
0.0,0.0,6.881474271722254,0.001861681748325916,0.0,0.792020202020202,4300.0
434.0303843803003,368.92469730175026,-833.0074062172935,0.0018288855651863375,0.6896551724137931,0.792020202020202,4300.0
767.5732238510709,618.5561392621837,-1486.031367039861,0.0018005119475966315,1.3793103448275863,0.792020202020202,4300.0
1048.591717695998,802.7783345323044,-2021.45753108192,0.0017752948204462385,2.0689655172413794,0.792020202020202,4300.0
1295.2927664757751,943.3459844270051,-2475.043336473522,0.0017524847448318432,2.7586206896551726,0.792020202020202,4300.0
1517.0640920814778,1052.0932180116743,-2867.9220635069796,0.0017315921832181632,3.4482758620689657,0.792020202020202,4300.0
1719.5653533648904,1136.4778889292174,-3213.750532828941,0.0017122752782022627,4.137931034482759,0.792020202020202,4300.0
1906.5498487692385,1201.6309113474153,-3521.9292524821285,0.001694283451570851,4.827586206896552,0.792020202020202,4300.0
2080.672089688069,1251.2917087285168,-3799.2390825197654,0.001677426198117961,5.517241379310345,0.792020202020202,4300.0
2243.8984107381298,1288.292593838506,-4050.750623708729,0.0016615544709112637,6.206896551724139,0.792020202020202,4300.0
2397.737044787263,1314.8408977832676,-4280.365150121543,0.0016465489504853892,6.8965517241379315,0.792020202020202,4300.0
2543.3776252715807,1332.7002349675965,-4491.155799596505,0.0016323122509143636,7.586206896551724,0.792020202020202,4300.0
2681.7807258522944,1343.3002406768155,-4685.589233300183,0.0016187636685107473,8.275862068965518,0.792020202020202,4300.0
2813.7303695060928,1347.809465351051,-4865.67779762164,0.0016058353901164698,8.965517241379311,0.792020202020202,4300.0
2939.882711030951,1347.2035055996364,-5033.087135584101,0.0015934697600541547,9.655172413793103,0.792020202020202,4300.0
3060.7922901765105,1342.2995855128804,-5189.210200555957,0.0015816173153893338,10.344827586206897,0.792020202020202,4300.0
3176.9285427168693,1333.7810606022326,-5335.227255165359,0.0015702351607899414,11.03448275862069,0.792020202020202,4300.0
3288.7011253269065,1322.2344175825076,-5472.151296040327,0.0015501385366481566,11.724137931034484,0.792020202020202,4250.0
3396.4604411622113,1308.154601739787,-5600.925161535517,0.0015396968730928178,12.413793103448278,0.792020202020202,4250.0
3500.51855088789,1291.9668311479873,-5722.214314353412,0.0015296214815932105,13.10344827586207,0.792020202020202,4250.0
3601.1453710987803,1274.0345529118413,-5836.674613638272,0.0015198868573608477,13.793103448275863,0.792020202020202,4250.0
3698.5858814910075,1254.6745769068395,-5944.882619358439,0.0015104701535040687,14.482758620689657,0.792020202020202,4250.0
3793.051831330606,1234.1515392790084,-6047.345787434606,0.0015013508975564593,15.172413793103448,0.792020202020202,4250.0
3884.7407797635547,1212.7048963157813,-6144.5160048124235,0.0014925105705175295,15.862068965517242,0.792020202020202,4250.0
3973.8227716119636,1190.5309919033143,-6236.795060209442,0.001483932408003757,16.551724137931036,0.792020202020202,4250.0
4060.4570740537974,1167.8066838778457,-6324.542222096723,0.0014756011987503473,17.24137931034483,0.792020202020202,4250.0
4144.785856068866,1144.682044768642,-6408.081345906838,0.0014675030285794047,17.931034482758623,0.792020202020202,4250.0
4226.937355647441,1121.284926458381,-6487.703377882244,0.0014596251857817459,18.620689655172416,0.792020202020202,4250.0
4307.0338273212965,1097.732077680213,-6563.671683441644,0.0014519560183151655,19.310344827586206,0.792020202020202,4250.0
4385.180421101041,1074.115294880412,-6636.225973075532,0.001444484778350629,20.0,0.792020202020202,4250.0
0.0,0.0,6.881474271722254,0.0017711589890160833,0.0,0.8019191919191919,4300.0
413.16550527046877,351.18097460694423,-792.8921777205251,0.0017414799412163917,0.6896551724137931,0.8019191919191919,4300.0
731.0109797693739,589.0636748174984,-1415.7945981749072,0.0017157728976276091,1.3793103448275863,0.8019191919191919,4300.0
999.03980927268,764.7875988333122,-1927.3507675211004,0.0016929018652135288,2.0689655172413794,0.8019191919191919,4300.0
1234.5164754211096,898.9993203940472,-2361.3815790902663,0.0016721944233281886,2.7586206896551726,0.8019191919191919,4300.0
1446.3370390997557,1002.9289586212188,-2737.875229114863,0.0016532113319453685,3.4482758620689657,0.8019191919191919,4300.0
1639.8655274553769,1083.6567329965815,-3069.749727554292,0.0016356458126481172,4.137931034482759,0.8019191919191919,4300.0
1818.659313979438,1146.059064253912,-3365.898194794325,0.0016192729864506887,4.827586206896552,0.8019191919191919,4300.0
1985.2346065497277,1193.6893030703914,-3632.7367475446445,0.0016039218477665609,5.517241379310345,0.8019191919191919,4300.0
2141.4558314135143,1229.2392992078019,-3875.064059929384,0.00158945859449273,6.206896551724139,0.8019191919191919,4300.0
2288.7551211518303,1254.8143506543438,-4096.574484939876,0.001575776042979129,6.8965517241379315,0.8019191919191919,4300.0
2428.2587040722915,1272.0898573796164,-4300.1775853403815,0.0015627867542610224,7.586206896551724,0.8019191919191919,4300.0
2560.8755839966743,1282.423381855289,-4488.210098961201,0.0015504182056853028,8.275862068965518,0.8019191919191919,4300.0
2687.355063487471,1286.9363644575894,-4662.579729463301,0.001538609450731879,8.965517241379311,0.8019191919191919,4300.0
2808.316200779729,1286.5548459069407,-4824.8640545122325,0.0015273086949308503,9.655172413793103,0.8019191919191919,4300.0
2924.2853154735626,1282.0553239142257,-4976.385841983982,0.0015164714202010273,10.344827586206897,0.8019191919191919,4300.0
3035.71080235738,1274.0954713200936,-5118.262892319814,0.0015060590953507788,11.03448275862069,0.8019191919191919,4300.0
3142.9775968091435,1263.2311336659513,-5251.451234651038,0.001496038049828313,11.724137931034484,0.8019191919191919,4300.0
3246.4233064162827,1249.9354681578554,-5376.773399084799,0.0014863786780303905,12.413793103448278,0.8019191919191919,4300.0
3346.3395495554905,1234.6153323011647,-5495.008280027636,0.001468403307557533,13.10344827586207,0.8019191919191919,4250.0
3442.9876630438234,1217.619528280389,-5606.729606732959,0.0014594829007180924,13.793103448275863,0.8019191919191919,4250.0
3536.59555938474,1199.2459890740697,-5712.465688118529,0.001450850285457685,14.482758620689657,0.8019191919191919,4250.0
3627.369072082738,1179.7555497693907,-5812.700780408661,0.001442486975397112,15.172413793103448,0.8019191919191919,4250.0
3715.4923047892453,1159.368679484787,-5907.86382705353,0.0014343762938968394,15.862068965517242,0.8019191919191919,4250.0
3801.1283204181423,1138.2795633840299,-5998.3367295955395,0.0014265031672947351,16.551724137931036,0.8019191919191919,4250.0
3884.4306742759018,1116.6558227333749,-6084.462623048697,0.0014188538448845131,17.24137931034483,0.8019191919191919,4250.0
3965.5311160742967,1094.6402096337047,-6166.54894739078,0.0014114157972629185,17.931034482758623,0.8019191919191919,4250.0
4044.5545872353628,1072.3573408976656,-6244.87287591854,0.0014041775793779447,18.620689655172416,0.8019191919191919,4250.0
4121.614865571929,1049.9164126450987,-6319.686167207721,0.0013971286534013871,19.310344827586206,0.8019191919191919,4250.0
4196.813393430975,1027.4081636790827,-6391.216871081109,0.001390259322369755,20.0,0.8019191919191919,4250.0
0.0,0.0,6.881474271722254,0.0016808334085023655,0.0,0.8118181818181818,4300.0
392.31909343870603,333.45377010747245,-752.7902083028166,0.0016541090762771137,0.6896551724137931,0.8118181818181818,4300.0
694.4468950265718,559.5723397857137,-1345.4722492105939,0.0016309342085214827,1.3793103448275863,0.8118181818181818,4300.0
949.4469833328027,726.770753943194,-1832.99531579444,0.001610294592419463,2.0689655172413794,0.8118181818181818,4300.0
1173.6445233797256,854.5902661057153,-2247.2686232639826,0.0015915899135648054,2.7586206896551726,0.8118181818181818,4300.0
1375.4529772735377,953.6652325641634,-2607.149859230427,0.0015744280244357994,3.4482758620689657,0.8118181818181818,4300.0
1559.9421213513199,1030.6998204779284,-2924.8270662477953,0.001558535019297619,4.137931034482759,0.8118181818181818,4300.0
1730.47584571623,1090.3171581995982,-3208.6919896434556,0.0015437100819665763,4.827586206896552,0.8118181818181818,4300.0
1889.432669646607,1135.883749937829,-3464.799728777456,0.0015298005020984895,5.517241379310345,0.8118181818181818,4300.0
2038.5756946517258,1169.9544110566146,-3697.681351468251,0.0015166867176035707,6.206896551724139,0.8118181818181818,4300.0
2179.2575667479723,1194.5256806909806,-3910.824408289627,0.0015042730060586026,6.8965517241379315,0.8118181818181818,4300.0
2312.546976640169,1211.1892973031374,-4106.977462254952,0.0014924811988381505,7.586206896551724,0.8118181818181818,4300.0
2439.3040122421726,1221.2371368444524,-4288.348751295547,0.001481246478301869,8.275862068965518,0.8118181818181818,4300.0
2560.23327562968,1225.73088042331,-4456.740290683949,0.0014705143704145135,8.965517241379311,0.8118181818181818,4300.0
2675.927307254005,1225.5539599487759,-4613.645205818379,0.0014602385205257024,9.655172413793103,0.8118181818181818,4300.0
2786.8793610331713,1221.4442665288598,-4760.312933069261,0.0014503791438925146,10.344827586206897,0.8118181818181818,4300.0
2893.5166228541993,1214.0285822681965,-4897.802439496831,0.0014409017408860219,11.03448275862069,0.8118181818181818,4300.0
2996.202868943927,1203.8326878349205,-5027.017889051596,0.0014317761768212665,11.724137931034484,0.8118181818181818,4300.0
3095.2577791967237,1191.3124846766132,-5148.737936806188,0.0014229759786719687,12.413793103448278,0.8118181818181818,4300.0
3190.958103646615,1176.8508537954415,-5263.639274778514,0.0014144776635377234,13.10344827586207,0.8118181818181818,4300.0
3283.5515334870765,1160.7830459976838,-5372.334633706487,0.0013979898061950245,13.793103448275863,0.8118181818181818,4250.0
3373.2530847757594,1143.3923691868395,-5475.371972085704,0.001390115631177412,14.482758620689657,0.8118181818181818,4250.0
3460.2606154323284,1124.9271178617716,-5573.1555518749665,0.0013824840206483357,15.172413793103448,0.8118181818181818,4250.0
3544.7449435023286,1105.5998092688797,-5666.091685964675,0.0013750800661152065,15.862068965517242,0.8118181818181818,4250.0
3626.864517505043,1085.5927188801923,-5754.544069443487,0.0013678902099558052,16.551724137931036,0.8118181818181818,4250.0
3706.7614997245764,1065.0689399676762,-5838.83755088436,0.0013609021357329537,17.24137931034483,0.8118181818181818,4250.0
3784.562486647334,1044.1612249700768,-5919.263854376441,0.0013541046310727703,17.931034482758623,0.8118181818181818,4250.0
3860.387487349213,1022.9942176476324,-5996.087275358419,0.0013474873949872405,18.620689655172416,0.8118181818181818,4250.0
3934.3419952126455,1001.6665124164659,-6069.546690850671,0.0013410409693333555,19.310344827586206,0.8118181818181818,4250.0
4006.5230881820885,980.269406894932,-6139.857874313027,0.0013347566978878808,20.0,0.8118181818181818,4250.0
0.0,0.0,6.881474271722254,0.0015907040522816457,0.0,0.8217171717171717,4300.0
371.4910960056529,315.74303897159024,-712.7015804655239,0.0015667731413570767,0.6896551724137931,0.8217171717171717,4300.0
657.8809957225394,530.0821687696723,-1275.0648238873982,0.0015459965008795603,1.3793103448275863,0.8217171717171717,4300.0
899.8121604702484,688.7267493509411,-1738.3919532457367,0.0015274736244027464,2.0689655172413794,0.8217171717171717,4300.0
1112.679444750565,810.1213561699931,-2132.7050852754182,0.0015106715318880775,2.7586206896551726,0.8217171717171717,4300.0
1304.4147607217662,904.3044940893325,-2475.7457543849887,0.0014952420555685198,3.4482758620689657,0.8217171717171717,4300.0
1479.7982892278792,977.6105043430645,-2778.981045785331,0.0014809419937509216,4.137931034482759,0.8217171717171717,4300.0
1642.000412855504,1034.4066542147493,-3050.3071075493644,0.0014675930246689011,4.827586206896552,0.8217171717171717,4300.0
1793.2643532664795,1077.874569127324,-3295.423396005106,0.0014550594898812203,5.517241379310345,0.8217171717171717,4300.0
1935.253232032796,1110.4346050791833,-3518.5942392560173,0.0014432352263118505,6.206896551724139,0.8217171717171717,4300.0
2069.244026709992,1133.9750374813311,-3723.103921597496,0.0014320351538887781,6.8965517241379315,0.8217171717171717,4300.0
2196.241809464721,1150.0006902417624,-3911.541392817984,0.001421389821198205,7.586206896551724,0.8217171717171717,4300.0
2317.0595401404366,1159.73841782317,-4085.9861540124257,0.0014112416282956986,8.275862068965518,0.8217171717171717,4300.0
2432.3643918478724,1164.1928694922071,-4248.137977700229,0.0014015421111140173,8.965517241379311,0.8217171717171717,4300.0
2542.7103241122213,1164.2007303253486,-4399.402854681408,0.0013922500863964855,9.655172413793103,0.8217171717171717,4300.0
2648.5695674338263,1160.4661407464193,-4540.960469796228,0.00138333014066867,10.344827586206897,0.8217171717171717,4300.0
2750.3396096263673,1153.576714793336,-4673.809104492117,0.001374751580972474,11.03448275862069,0.8217171717171717,4300.0
2848.3692111308405,1144.040817747481,-4798.801896048193,0.0013664876198931566,11.724137931034484,0.8217171717171717,4300.0
2942.9558779452914,1132.2821663168002,-4916.675012268461,0.001358514637938918,12.413793103448278,0.8217171717171717,4300.0
3034.3649108419136,1118.672204138322,-5028.065644412651,0.0013508117979950367,13.10344827586207,0.8217171717171717,4300.0
3122.8269473342293,1103.524226557083,-5133.532389019405,0.0013433604929406976,13.793103448275863,0.8217171717171717,4300.0
3208.5483806136085,1087.1104862161728,-5233.565460545789,0.0013361440820548267,14.482758620689657,0.8217171717171717,4300.0
3291.7135113800623,1069.6668416497193,-5328.638766389631,0.0013213239222045715,15.172413793103448,0.8217171717171717,4250.0
3372.485160393599,1051.3929985610873,-5419.12326202148,0.0013146025978950388,15.862068965517242,0.8217171717171717,4250.0
3451.0145316220164,1032.4684015894404,-5505.333564213179,0.0013080731361041543,16.551724137931036,0.8217171717171717,4250.0
3527.433174912538,1013.0408627755468,-5587.576732243331,0.0013017245844188666,17.24137931034483,0.8217171717171717,4250.0
3601.8629315568446,993.243594525006,-5666.130095260094,0.0012955469068329604,17.931034482758623,0.8217171717171717,4250.0
3674.4174612752286,973.1907316149353,-5741.243666539085,0.0012895309116195547,18.620689655172416,0.8217171717171717,4250.0
3745.194821216261,952.9796949297795,-5813.142492826781,0.0012836682122809974,19.310344827586206,0.8217171717171717,4250.0
3814.288564730282,932.6942368178551,-5882.032735610905,0.001277951036359717,20.0,0.8217171717171717,4250.0
0.0,0.0,6.881474271722254,0.001500769973199715,0.0,0.8316161616161616,4300.0
350.6814605753046,298.04873678453254,-672.6263758985006,0.0014794723057230575,0.6896551724137931,0.8316161616161616,4300.0
621.3133003652023,500.5931900801619,-1204.5728295694862,0.00146096039269365,1.3793103448275863,0.8316161616161616,4300.0
850.1349122021761,650.6552026521788,-1643.5413972262904,0.0014444395895532038,2.0689655172413794,0.8316161616161616,4300.0
1051.6187522416635,765.5902596235361,-2017.6914835750358,0.0014294396058290495,2.7586206896551726,0.8316161616161616,4300.0
1233.2197558813689,854.8450898659255,-2343.6626555668336,0.001415653230343149,3.4482758620689657,0.8316161616161616,4300.0
1399.430256335138,924.3855102399975,-2632.2101534371104,0.0014028658494353238,4.137931034482759,0.8316161616161616,4300.0
1553.230546447599,978.3245031421615,-2890.7411907114147,0.0013909200763305733,4.827586206896552,0.8316161616161616,4300.0
1696.7299775286544,1019.6634112710685,-3124.602141564501,0.0013796962075958582,5.517241379310345,0.8316161616161616,4300.0
1831.4899796306954,1050.6823807231244,-3337.794922565641,0.0013691004938604524,6.206896551724139,0.8316161616161616,4300.0
1958.7102736606262,1073.1596982899166,-3533.402411812145,0.0013590578252564345,6.8965517241379315,0.8316161616161616,4300.0
2079.3404558860893,1088.5240985365938,-3713.8542421661623,0.0013495068861232968,7.586206896551724,0.8316161616161616,4300.0
2194.141182559016,1097.926637370295,-3881.104966170453,0.0013403967560212384,8.275862068965518,0.8316161616161616,4300.0
2303.741262509541,1102.3203373003093,-4036.749485329092,0.001331684667591376,8.965517241379311,0.8316161616161616,4300.0
2408.6632189787188,1102.4965000780685,-4182.110721394092,0.0013233341876782972,9.655172413793103,0.8316161616161616,4300.0
2509.3488977588595,1099.116508024999,-4318.296573483654,0.0013153140279061001,10.344827586206897,0.8316161616161616,4300.0
2606.175409495329,1092.74326632726,-4446.245860818424,0.0013075970729460663,11.03448275862069,0.8316161616161616,4300.0
2699.4686344355923,1083.8503154765895,-4566.762049560915,0.0013001595823607399,11.724137931034484,0.8316161616161616,4300.0
2789.510081613634,1072.8452274062142,-4680.536014089208,0.0012929807362157535,12.413793103448278,0.8316161616161616,4300.0
2876.5497860113423,1060.0761099288309,-4788.16950336974,0.0012860420401217525,13.10344827586207,0.8316161616161616,4300.0
2960.8036303504196,1045.8406226505556,-4890.187608549262,0.001279327040833397,13.793103448275863,0.8316161616161616,4300.0
3042.4686190920506,1030.3985817616576,-4987.051518336375,0.001272821044791271,14.482758620689657,0.8316161616161616,4300.0
3121.715548389969,1013.9705511756815,-5079.170267582689,0.0012665107928873523,15.172413793103448,0.8316161616161616,4300.0
3198.700054174411,996.749104129723,-5166.906373376682,0.0012603843310352567,15.862068965517242,0.8316161616161616,4300.0
3273.5633683337237,978.9020163623403,-5250.6205141980245,0.0012470313384191792,16.551724137931036,0.8316161616161616,4250.0
3346.4298022451235,960.5714423431031,-5330.589944041116,0.001241299402377679,17.24137931034483,0.8316161616161616,4250.0
3417.415602698921,941.8834294126649,-5407.050495142488,0.0012357196983093384,17.931034482758623,0.8316161616161616,4250.0
3486.625486573257,922.9459254030988,-5480.236717658852,0.0012302841331833373,18.620689655172416,0.8316161616161616,4250.0
3554.153603149858,903.8520060583076,-5550.362903135792,0.0012249852230888246,19.310344827586206,0.8316161616161616,4250.0
3620.0887391414353,884.6816604904268,-5617.6236131198675,0.001219816071796928,20.0,0.8316161616161616,4250.0
0.0,0.0,6.881474271722254,0.0014110302313727987,0.0,0.8415151515151514,4300.0
329.89013523030917,280.37081954500286,-632.5646754897753,0.001392206736936645,0.6896551724137931,0.8415151515151514,4300.0
584.7453932332504,471.1069822903907,-1133.9967724029411,0.0013758265007545538,1.3793103448275863,0.8415151515151514,4300.0
800.4154931870686,612.5564009659481,-1548.4443819318549,0.001361193116898435,2.0689655172413794,0.8415151515151514,4300.0
990.4625317068677,720.9971620249503,-1902.2282597558806,0.0013478944758064098,2.7586206896551726,0.8415151515151514,4300.0
1161.8684985810025,805.2877505491914,-2210.9004283519607,0.0013356613615891977,3.4482758620689657,0.8415151515151514,4300.0
1318.8404134937289,871.0274659743924,-2484.5135478167067,0.0013243056947971404,4.137931034482759,0.8415151515151514,4300.0
1464.168571303987,922.0744054486756,-2729.9908829273627,0.0013136895696370778,4.827586206896552,0.8415151515151514,4300.0
1599.827465456122,961.2490355489645,-2952.3308384990814,0.0013037080415864407,5.517241379310345,0.8415151515151514,4300.0
1727.2826654390944,990.6939012572498,-3155.275877496577,0.001294278926149347,6.206896551724139,0.8415151515151514,4300.0
1847.6580156348916,1012.0838875790114,-3341.7082370062562,0.001285336394688506,6.8965517241379315,0.8415151515151514,4300.0
1961.8393148095643,1026.75692921009,-3513.902577802488,0.0012768266252199808,7.586206896551724,0.8415151515151514,4300.0
2070.5456114480717,1035.8021449788391,-3673.68593607386,0.0012687050143239359,8.275862068965518,0.8415151515151514,4300.0
2174.3612661109623,1040.1139529339812,-3822.5532028229936,0.0012609339863293312,8.965517241379311,0.8415151515151514,4300.0
2273.7798243881416,1040.437114613782,-3961.741536155918,0.0012534816066781002,9.655172413793103,0.8415151515151514,4300.0
2369.212425691868,1037.397244213543,-4092.289289282853,0.0012463204126385925,10.344827586206897,0.8415151515151514,4300.0
2461.016621951925,1031.5229755079629,-4215.076660413506,0.0012394265608387097,11.03448275862069,0.8415151515151514,4300.0
2549.4936866073826,1023.2620877913823,-4330.855050542836,0.0012327792721815185,11.724137931034484,0.8415151515151514,4300.0
2634.9126472932317,1012.9989935081237,-4440.274169939919,0.0012263601978026698,12.413793103448278,0.8415151515151514,4300.0
2717.5036246305112,1001.0615550259322,-4543.897268750523,0.0012201531136976356,13.10344827586207,0.8415151515151514,4300.0
2797.4724535859978,987.7313645968457,-4642.216653920623,0.00121414358874064,13.793103448275863,0.8415151515151514,4300.0
2875.002567044441,973.2541078350994,-4735.666541917533,0.0012083186606621809,14.482758620689657,0.8415151515151514,4300.0
2950.254298793917,957.8368719125725,-4824.62991537607,0.0012026666979255108,15.172413793103448,0.8415151515151514,4300.0
3023.375434044165,941.6645705005822,-4909.446916561996,0.001197177211224345,15.862068965517242,0.8415151515151514,4300.0
3094.496536818899,924.8923246275119,-4990.422336204661,0.0011918406535339613,16.551724137931036,0.8415151515151514,4300.0
3163.735538881738,907.6576152101362,-5067.829178246575,0.0011866483363371268,17.24137931034483,0.8415151515151514,4300.0
3231.2020178406265,890.0777216817537,-5141.925402819834,0.0011745998416643672,17.931034482758623,0.8415151515151514,4250.0
3296.993302053282,872.2570150601596,-5212.961561067896,0.0011697226884817401,18.620689655172416,0.8415151515151514,4250.0
3361.1986644088965,854.2803600606701,-5281.095779792937,0.0011649664827703243,19.310344827586206,0.8415151515151514,4250.0
3423.9017812456805,836.2280546266654,-5346.510357989602,0.001160325177868238,20.0,0.8415151515151514,4250.0
0.0,0.0,6.881474271722254,0.0013214838941101802,0.0,0.8514141414141414,4300.0
309.1170685270859,262.7092436607776,-592.5165593324346,0.0013049766008705376,0.6896551724137931,0.8514141414141414,4300.0
548.1758897644114,441.62217750177945,-1063.3371573210752,0.00129059544065253,1.3793103448275863,0.8514141414141414,4300.0
750.6558675067208,574.4323004697949,-1453.1015523802635,0.0012777348453729858,2.0689655172413794,0.8514141414141414,4300.0
929.2135384848963,676.3448264789218,-1786.3160367246019,0.0012660364799059055,2.7586206896551726,0.8514141414141414,4300.0
1090.3626211940802,755.6342053410572,-2077.4592948752834,0.0012552662648651289,3.4482758620689657,0.8514141414141414,4300.0
1238.0273666459555,817.5351208679295,-2335.8897499611558,0.0012452606913590184,4.137931034482759,0.8514141414141414,4300.0
1374.810606885786,865.6534542062996,-2568.053150210355,0.0012358998346846232,4.827586206896552,0.8514141414141414,4300.0
1502.5575860484025,902.6329636801507,-2778.6047092570952,0.0012270924065595301,5.517241379310345,0.8514141414141414,4300.0
1622.6313343076174,930.4720422025034,-2971.0286373388735,0.0012187669710367686,6.206896551724139,0.8514141414141414,4300.0
1736.0822803975138,950.7443232597087,-3148.011579212711,0.001210866201233975,6.8965517241379315,0.8514141414141414,4300.0
1843.7391919182123,964.7013313088592,-3311.671051569945,0.0012033433389530177,7.586206896551724,0.8514141414141414,4300.0
1946.2687980319838,973.3641183309285,-3463.712027308189,0.0011961594984232192,8.275862068965518,0.8514141414141414,4300.0
2044.2222583923472,977.5719553725203,-3605.5260644889713,0.0011892820365177323,8.965517241379311,0.8514141414141414,4300.0
2138.0552393636053,978.0238166690232,-3738.268393027778,0.0011826831172792064,9.655172413793103,0.8514141414141414,4300.0
2228.1570358586564,975.3067162052505,-3862.9074685689775,0.0011763388152229487,10.344827586206897,0.8514141414141414,4300.0
2314.8563495537346,969.9166808911588,-3980.263459146052,0.0011702284168583074,11.03448275862069,0.8514141414141414,4300.0
2398.4393073280885,962.2745439365711,-4091.0396816981956,0.001164333755220455,11.724137931034484,0.8514141414141414,4300.0
2479.154477045339,952.7424577698655,-4195.841281173307,0.0011586388828592187,12.413793103448278,0.8514141414141414,4300.0
2557.2173113801446,941.6259617170904,-4295.194527534688,0.0011531296685171528,13.10344827586207,0.8514141414141414,4300.0
2632.8229031101487,929.1950065455829,-4389.5606530232835,0.0011477934873270978,13.793103448275863,0.8514141414141414,4300.0
2706.139053549357,915.6745887080478,-4479.344215692508,0.0011426190727491829,14.482758620689657,0.8514141414141414,4300.0
2777.317521411324,901.2645920526214,-4564.903281690218,0.0011375962908820065,15.172413793103448,0.8514141414141414,4300.0
2846.4976814272063,886.1360779052968,-4646.557129970417,0.0011327159564330877,15.862068965517242,0.8514141414141414,4300.0
2913.7996069500905,870.4378632510262,-4724.5905927947315,0.0011279697430195818,16.551724137931036,0.8514141414141414,4300.0
2979.334173444787,854.2953321866908,-4799.257683055614,0.0011233501165230243,17.24137931034483,0.8514141414141414,4300.0
3043.2054086876888,837.8249463399297,-4870.788863606496,0.001118850150460628,17.931034482758623,0.8514141414141414,4300.0
3105.5027344337664,821.119533161124,-4939.392208017118,0.0011144634958031106,18.620689655172416,0.8514141414141414,4300.0
3166.310271045482,804.2630825888958,-5005.255665503726,0.0011101843406252537,19.310344827586206,0.8514141414141414,4300.0
3225.706606604029,787.3301375413669,-5068.571400113971,0.0010994513422048725,20.0,0.8514141414141414,4250.0
0.0,0.0,6.881474271722254,0.0012321300358378675,0.0,0.8613131313131313,4300.0
288.3622026215852,245.0639595019989,-552.4820972402958,0.0012177820632294175,0.6896551724137931,0.8613131313131313,4300.0
511.60466841563425,412.13867058618945,-992.5944215154886,0.0012052678326960116,1.3793103448275863,0.8613131313131313,4300.0
700.8541098054278,536.2810358754618,-1357.5137265304365,0.001194065404275411,2.0689655172413794,0.8613131313131313,4300.0
867.8692945976859,631.6301849345818,-1669.955605790834,0.00118386595953282,2.7586206896551726,0.8613131313131313,4300.0
1018.6997659165356,705.8823649252349,-1943.3390338868048,0.0011744677980945395,3.4482758620689657,0.8613131313131313,4300.0
1156.9908295244186,763.907816107603,-2186.3372147408954,0.001165730014011774,4.137931034482759,0.8613131313131313,4300.0
1285.1603952822434,809.0657253725981,-2404.9255896355826,0.001157549210560255,4.827586206896552,0.8613131313131313,4300.0
1404.9178721993703,843.8119699281702,-2603.418038686199,0.0011498467683132322,5.517241379310345,0.8613131313131313,4300.0
1517.5344685771618,870.0165048556438,-2785.0464922370156,0.0011425610394086203,6.206896551724139,0.8613131313131313,4300.0
1623.9834308844227,889.141023596918,-2952.3006403511245,0.0011356426721945447,6.8965517241379315,0.8613131313131313,4300.0
1725.0349044072245,902.3556778269659,-3107.1465597333736,0.0011290512707479068,7.586206896551724,0.8613131313131313,4300.0
1821.3098454744993,910.6122554385884,-3251.1639027325145,0.0011227533747515572,8.275862068965518,0.8613131313131313,4300.0
1913.3186554592164,914.6946108425009,-3385.6462097788317,0.00111672076225377,8.965517241379311,0.8613131313131313,4300.0
2001.4868819783644,915.2554623737938,-3511.6646673790165,0.0011109294441116952,9.655172413793103,0.8613131313131313,4300.0
2086.1751454570935,912.8440377433654,-3630.1182865119918,0.0011053587965866728,10.344827586206897,0.8613131313131313,4300.0
2167.6892036511863,907.9219790408573,-3741.770554454335,0.0010999908812757205,11.03448275862069,0.8613131313131313,4300.0
2246.297539961535,900.8872929750936,-3847.2728941853566,0.0010948100756091503,11.724137931034484,0.8613131313131313,4300.0
2322.22769417717,892.0729266409015,-3947.188774634589,0.001089802589002761,12.413793103448278,0.8613131313131313,4300.0
2395.6836657907347,881.770688189108,-4042.008346852781,0.0010849561825589653,13.10344827586207,0.8613131313131313,4300.0
2466.844531397688,870.2279041442887,-4132.158957688218,0.0010802599971620943,13.793103448275863,0.8613131313131313,4300.0
2535.8670186662757,857.6600995589205,-4218.0175008455335,0.001075704290545152,14.482758620689657,0.8613131313131313,4300.0
2602.8943560856055,844.2506330214721,-4299.918164347677,0.0010712802741111571,15.172413793103448,0.8613131313131313,4300.0
2668.0537389304704,830.1635207790547,-4378.157679282151,0.001066980018776966,15.862068965517242,0.8613131313131313,4300.0
2731.457790400505,815.5341382404013,-4452.999983839138,0.0010627963645702192,16.551724137931036,0.8613131313131313,4300.0
2793.2111044818944,800.484961688688,-4524.683498282517,0.001058722753092583,17.24137931034483,0.8613131313131313,4300.0
2853.4091139829147,785.1219678331391,-4593.4228167955225,0.0010547531897043387,17.931034482758623,0.8613131313131313,4300.0
2912.135621902003,769.5325411975763,-4659.411271309327,0.0010508822011915503,18.620689655172416,0.8613131313131313,4300.0
2969.4688056144255,753.7974485960178,-4722.823514363561,0.001047104774758966,19.310344827586206,0.8613131313131313,4300.0
3025.4826570732093,737.9842524796727,-4783.819805499064,0.0010434162597095262,20.0,0.8613131313131313,4300.0
0.0,0.0,6.881474271722254,0.0011429677380233006,0.0,0.8712121212121212,4300.0
267.62548073884295,227.4349184326222,-512.4613589468354,0.001130623287496421,0.6896551724137931,0.8712121212121212,4300.0
475.0317990966783,382.65653526436466,-921.7691377075389,0.0011198442829511081,1.3793103448275863,0.8712121212121212,4300.0
651.0103737517248,498.10277940221977,-1261.6817674176273,0.001110185425298927,2.0689655172413794,0.8712121212121212,4300.0
806.4299138862675,586.8541263643926,-1553.147451822544,0.0011013832880483107,2.7586206896551726,0.8712121212121212,4300.0
946.8819916144083,656.0344601340411,-1808.5393241119455,0.0010932658302684783,3.4482758620689657,0.8712121212121212,4300.0
1075.7321508854739,710.1480986398896,-2035.855435731879,0.0010857128176964823,4.137931034482759,0.8712121212121212,4300.0
1195.213413464007,752.3074555500056,-2240.604795509207,0.001078636100939119,4.827586206896552,0.8712121212121212,4300.0
1306.9096436567258,784.7897615540857,-2426.766614222506,0.0010719685586555664,5.517241379310345,0.8712121212121212,4300.0
1411.990616613252,809.3270592813111,-2597.3209234131573,0.00106565764054382,6.206896551724139,0.8712121212121212,4300.0
1511.3593031996425,827.274763412348,-2754.5657875955294,0.0010596611767475156,6.8965517241379315,0.8712121212121212,4300.0
1605.7253895624042,839.7205390869167,-2900.3136864329863,0.0010539447576006992,7.586206896551724,0.8712121212121212,4300.0
1695.664935193795,847.5463000130609,-3036.0247452737603,0.0010484797463899728,8.275862068965518,0.8712121212121212,4300.0
1781.6474690434086,851.4809823276365,-3162.8910144844413,0.0010432421122016445,8.965517241379311,0.8712121212121212,4300.0
1864.069933130494,852.1319914585208,-3281.9027746362844,0.0010382113469635432,9.655172413793103,0.8712121212121212,4300.0
1943.2623618278608,850.0078909542838,-3393.891232553069,0.0010333698035074432,10.344827586206897,0.8712121212121212,4300.0
2019.5111564997123,845.5409247022949,-3499.5596930890533,0.0010287022232724626,11.03448275862069,0.8712121212121212,4300.0
2093.061121018543,839.0975238765342,-3599.5120732555806,0.0010241952123946094,11.724137931034484,0.8712121212121212,4300.0
2164.125140479195,830.9911478900976,-3694.2695608971335,0.0010198369704145689,12.413793103448278,0.8712121212121212,4300.0
2232.8929420922595,821.4916729021904,-3784.2835662657526,0.0010156170899320392,13.10344827586207,0.8712121212121212,4300.0
2299.5276280684766,810.831103625997,-3869.9507302296843,0.0010115262583919001,13.793103448275863,0.8712121212121212,4300.0
2364.176106967843,799.2062108279486,-3951.620424664594,0.0010075561233752737,14.482758620689657,0.8712121212121212,4300.0
2426.9718755935974,786.7948245106322,-4029.6012625836374,0.0010036991881222216,15.172413793103448,0.8712121212121212,4300.0
2488.03024797699,773.7432605140076,-4104.167086781883,0.0009999486947957037,15.862068965517242,0.8712121212121212,4300.0
2547.457246019727,760.1812025276025,-4175.564016079152,0.000996298479719676,16.551724137931036,0.8712121212121212,4300.0
2605.3503273812016,746.2238477578031,-4244.012820654156,0.0009927429269009887,17.24137931034483,0.8712121212121212,4300.0
2661.796517179484,731.9659608110313,-4309.71177729997,0.0009892769241094332,17.931034482758623,0.8712121212121212,4300.0
2716.873860991277,717.4938706768693,-4372.83947929275,0.000985895800663213,18.620689655172416,0.8712121212121212,4300.0
2770.655338007264,702.8802572992182,-4433.5593200476,0.000982595234095157,19.310344827586206,0.8712121212121212,4300.0
2823.209602547583,688.1893332024028,-4492.019793429994,0.0009793712400951666,20.0,0.8712121212121212,4300.0
0.0,0.0,6.881474271722254,0.0010539960891011047,0.0,0.8811111111111111,4300.0
246.90737791670037,209.82260399256575,-472.45444689401484,0.0010435004306014093,0.6896551724137931,0.8811111111111111,4300.0
438.457342669877,353.1758419772711,-850.8618432914955,0.0010343254007726486,1.3793103448275863,0.8811111111111111,4300.0
601.1256846754649,459.89858100051515,-1165.6063861648436,0.0010260955564798694,2.0689655172413794,0.8811111111111111,4300.0
744.8981284372747,542.0194493164279,-1435.8920662024466,0.0010185888411200425,2.7586206896551726,0.8811111111111111,4300.0
874.9084666450321,606.0898064744199,-1673.0606022704014,0.00101166021308014,3.4482758620689657,0.8811111111111111,4300.0
994.2488771605937,656.2539677783071,-1884.4429519940022,0.001005208328162151,4.137931034482759,0.8811111111111111,4300.0
1104.9730736855306,695.3818194217772,-2075.0882955645357,0.0009991588887180859,4.827586206896552,0.8811111111111111,4300.0
1208.5301642484196,725.5645079516665,-2248.6450533829484,0.0009934552928483548,5.517241379310345,0.8811111111111111,4300.0
1305.999929154273,748.4030873021591,-2407.8450611779917,0.0009880532384538682,6.206896551724139,0.8811111111111111,4300.0
1398.2075728530829,765.1452310497393,-2554.795380408177,0.0009829171852935295,6.8965517241379315,0.8811111111111111,4300.0
1485.8095761384761,776.7949882295655,-2691.159598877297,0.0009780180675792475,7.586206896551724,0.8811111111111111,4300.0
1569.3303062343582,784.165960866145,-2818.275240163639,0.0009733317963840675,8.275862068965518,0.8811111111111111,4300.0
1649.2072463133206,787.9316131658453,-2937.2382322674675,0.0009688380396881243,8.965517241379311,0.8811111111111111,4300.0
1725.79970394971,788.652732299818,-3048.956806680777,0.0009645195080077712,9.655172413793103,0.8811111111111111,4300.0
1799.4144879508797,786.7983827617439,-3154.192895668755,0.0009603613475608124,10.344827586206897,0.8811111111111111,4300.0
1870.3145712608598,782.7705029970418,-3253.594391909137,0.0009563506256918242,11.03448275862069,0.8811111111111111,4300.0
1938.7239332616116,776.9058258541254,-3347.715578791729,0.0009524760435344836,11.724137931034484,0.8811111111111111,4300.0
2004.8402738444183,769.4953018729389,-3437.0337654097093,0.0009487276807126527,12.413793103448278,0.8811111111111111,4300.0
2068.8363456964944,760.7901137097513,-3521.965725276088,0.0009450967055524684,13.10344827586207,0.8811111111111111,4300.0
2130.863152393164,751.0005029636234,-3602.8762189956033,0.0009415752432654361,13.793103448275863,0.8811111111111111,4300.0
2191.056564066372,740.315238468551,-3680.085619236168,0.0009381562633081487,14.482758620689657,0.8811111111111111,4300.0
2249.538186126861,728.8942443343531,-3753.877506507226,0.00093483343927312,15.172413793103448,0.8811111111111111,4300.0
2306.4148125665333,716.874355759101,-3824.505277018601,0.000931601029116051,15.862068965517242,0.8811111111111111,4300.0
2361.784308509001,704.3776662280158,-3892.195349628404,0.0009284538206452557,16.551724137931036,0.8811111111111111,4300.0
2415.7367440700004,691.5079345669853,-3957.1503705874784,0.0009253870839730382,17.24137931034483,0.8811111111111111,4300.0
2468.3510538914647,678.3562494906603,-4019.552407962241,0.0009223965070401438,17.931034482758623,0.8811111111111111,4300.0
2519.7001448069063,665.0014621545355,-4079.5674111315893,0.0009194781117831188,18.620689655172416,0.8811111111111111,4300.0
2569.851178940351,651.5093920619198,-4137.345791544023,0.00091662824055038,19.310344827586206,0.8811111111111111,4300.0
2618.8673668547253,637.9430275776394,-4193.024271793292,0.0009138435284133952,20.0,0.8811111111111111,4300.0
0.0,0.0,6.881474271722254,0.0009652141843998153,0.0,0.891010101010101,4300.0
226.2077698739917,192.22689431383228,-432.46143817255506,0.0009564136520483303,0.6896551724137931,0.891010101010101,4300.0
401.88296752855115,323.6981483073695,-779.8730391921708,0.0009487117976986991,1.3793103448275863,0.891010101010101,4300.0
551.2005263187615,421.66893790794677,-1069.288303661815,0.000941796447010485,2.0689655172413794,0.891010101010101,4300.0
683.2713775913143,497.12372671785334,-1318.1900795767724,0.0009354829963404777,2.7586206896551726,0.891010101010101,4300.0
802.778516675266,556.0477382314607,-1536.9028581222083,0.0009296508409955698,3.4482758620689657,0.891010101010101,4300.0
912.544090466979,602.2287798679637,-1732.0982354153384,0.0009242157813859049,4.137931034482759,0.891010101010101,4300.0
1014.4359099661176,638.2857648943273,-1908.373575310674,0.0009191159948708565,4.827586206896552,0.891010101010101,4300.0
1109.7810649398023,666.1386429083825,-2069.048326000542,0.0009143044855301451,5.517241379310345,0.891010101010101,4300.0
1199.5594494957193,687.2445121127198,-2216.611099997397,0.0009097443704660572,6.206896551724139,0.891010101010101,4300.0
1284.5291304840932,702.7539953553288,-2352.979741464311,0.0009054061172991318,6.8965517241379315,0.891010101010101,4300.0
1365.2832751758267,713.5791024675858,-2479.6689059747005,0.0009012655727482107,7.586206896551724,0.891010101010101,4300.0
1442.3064446897654,720.4715932968343,-2597.8986937885347,0.0008973026489887572,8.275862068965518,0.891010101010101,4300.0
1515.9926578000188,724.046245649309,-2708.665861198555,0.0008935004809138161,8.965517241379311,0.891010101010101,4300.0
1586.6722152776674,724.8154891357987,-2812.7985669605187,0.0008898446764166911,9.655172413793103,0.891010101010101,4300.0
1654.627337620534,723.2164401580898,-2910.9927197400466,0.0008863228376359138,10.344827586206897,0.891010101010101,4300.0
1720.0942227285977,719.6102950342865,-3003.837904512002,0.0008829242311775846,11.03448275862069,0.891010101010101,4300.0
1783.2794038222107,714.3104188701087,-3091.8391075122345,0.0008796394668019584,11.724137931034484,0.891010101010101,4300.0
1844.3649277267696,707.5861072653227,-3175.43350480729,0.0008764602456715051,12.413793103448278,0.891010101010101,4300.0
1903.5060664279295,699.6619707739671,-3255.001147396688,0.0008733792171179741,13.10344827586207,0.891010101010101,4300.0
1960.8417557021437,690.7377851388078,-3330.8738420136797,0.0008703898509769608,13.793103448275863,0.891010101010101,4300.0
2016.4973372604652,680.9842525945355,-3403.3445577436723,0.0008674862820341493,14.482758620689657,0.891010101010101,4300.0
2070.5823124670856,670.5475781492503,-3472.673327114484,0.0008646632167926236,15.172413793103448,0.891010101010101,4300.0
2123.195225113307,659.5565301170519,-3539.091441394812,0.0008619158728565859,15.862068965517242,0.891010101010101,4300.0
2174.425340598989,648.1203308313836,-3602.8051660198616,0.0008592399227065306,16.551724137931036,0.891010101010101,4300.0
2224.3553408885487,636.3375123060371,-3663.999416328974,0.0008566314288181484,17.24137931034483,0.891010101010101,4300.0
2273.0570258727894,624.2910988387612,-3722.8419589960686,0.0008540867726232575,17.931034482758623,0.891010101010101,4300.0
2320.597429557886,612.051944522926,-3779.4844263227133,0.0008516026358337528,18.620689655172416,0.891010101010101,4300.0
2367.0379337176983,599.6837506819528,-3834.0642358353507,0.0008491759743166225,19.310344827586206,0.891010101010101,4300.0
2412.4360725965144,587.2431428579665,-3886.7060686873665,0.0008468039896733896,20.0,0.891010101010101,4300.0
0.0,0.0,6.881474271722254,0.0008766211260696301,0.0,0.9009090909090909,4300.0
205.52617802464786,174.6473219547741,-392.4824091168266,0.0008693631097297996,0.6896551724137931,0.9009090909090909,4300.0
365.307077451007,294.22175438534,-708.8032194844418,0.0008630040847575531,1.3793103448275863,0.9009090909090909,4300.0
501.23366628705935,383.4126711916408,-972.7281814706366,0.0008572887498546176,2.0689655172413794,0.9009090909090909,4300.0
621.5500362747847,452.16739776950345,-1200.0423913476843,0.0008520661314708257,2.7586206896551726,0.9009090909090909,4300.0
730.4946750554857,505.91034380350095,-1400.0658194321004,0.0008472376327549548,3.4482758620689657,0.9009090909090909,4300.0
830.6145755549283,548.0696759828966,-1578.8210046902677,0.0008427343935444239,4.137931034482759,0.9009090909090909,4300.0
923.6044012707235,581.0231577316031,-1740.4572369179514,0.0008385058920247125,4.827586206896552,0.9009090909090909,4300.0
1010.6594003798521,606.50914562564,-1887.9723395768087,0.0008345136573891437,5.517241379310345,0.9009090909090909,4300.0
1092.6711010128574,625.8545269816533,-2023.611433605518,0.0008307275827330793,6.206896551724139,0.9009090909090909,4300.0
1170.319765161049,640.0976831849837,-2149.1077107598394,0.0008271234746199985,6.8965517241379315,0.9009090909090909,4300.0
1244.1473658873842,650.0753241389461,-2265.8289930298197,0.000823681580146488,7.586206896551724,0.9009090909090909,4300.0
1314.588343338576,656.4627329558226,-2374.8760594510677,0.000820385504282978,8.275862068965518,0.9009090909090909,4300.0
1382.0005598989542,659.8226249436003,-2477.151175907995,0.0008172214073336462,8.965517241379311,0.9009090909090909,4300.0
1446.6860233580287,660.6247932996139,-2573.4027863815136,0.0008141775117002657,9.655172413793103,0.9009090909090909,4300.0
1508.895151218501,659.2587991416834,-2664.2582937776024,0.0008112437099655925,10.344827586206897,0.9009090909090909,4300.0
1568.844488703745,656.0601440517614,-2750.25186962718,0.0008084111944720068,11.03448275862069,0.9009090909090909,4300.0
1626.7229871405807,651.3133856276316,-2831.8410777619065,0.0008056722569404371,11.724137931034484,0.9009090909090909,4300.0
1682.6921420993517,645.2600198585114,-2909.420858225916,0.0008030201161095654,12.413793103448278,0.9009090909090909,4300.0
1736.893812733809,638.1096155480541,-2983.3338651526064,0.0008004487770165639,13.10344827586207,0.9009090909090909,4300.0
1789.4547239241772,630.0410759394621,-3053.881775966627,0.0007979528663972094,13.793103448275863,0.9009090909090909,4300.0
1840.4885152330467,621.2116358435351,-3121.33024614663,0.0007955275685027177,14.482758620689657,0.9009090909090909,4300.0
1890.0934500233273,611.7552430865269,-3185.9144377951234,0.000793168553943738,15.172413793103448,0.9009090909090909,4300.0
1938.3592564739852,601.7871618619765,-3247.8432216135043,0.0007908719168878037,15.862068965517242,0.9009090909090909,4300.0
1985.3670818929354,591.4089720094923,-3307.3035330524,0.0007886341091128757,16.551724137931036,0.9009090909090909,4300.0
2031.1920052148635,580.7113324630016,-3364.464012867458,0.0007864518851022156,17.24137931034483,0.9009090909090909,4300.0
2075.89902229776,569.7681364356738,-3419.4766146052207,0.0007843222777122877,17.931034482758623,0.9009090909090909,4300.0
2119.548988598623,558.6451704968433,-3472.478622951792,0.0007822425725265447,18.620689655172416,0.9009090909090909,4300.0
2162.1974979364054,547.4015184222351,-3523.594429532568,0.0007802102773341496,19.310344827586206,0.9009090909090909,4300.0
2203.8963719303956,536.0878675277434,-3572.936964238601,0.0007782230991482689,20.0,0.9009090909090909,4300.0
0.0,0.0,6.881474271722254,0.0007882160230111031,0.0,0.9108080808080807,4300.0
184.86255367118127,157.08384569487635,-352.517435310423,0.0007823489599421151,0.6896551724137931,0.9108080808080807,4300.0
328.7297046197132,264.7469268660938,-637.6528680067277,0.0007772028724565118,1.3793103448275863,0.9108080808080807,4300.0
451.2252484751234,345.1299456889575,-875.926846663875,0.0007725731129325698,2.0689655172413794,0.9108080808080807,4300.0
559.7367151407769,407.15311349339976,-1081.4495808757201,0.000768338650987218,2.7586206896551726,0.9108080808080807,4300.0
658.054190039076,455.6758966447361,-1262.5496313693584,0.0007644205022300868,3.4482758620689657,0.9108080808080807,4300.0
748.4630258069144,493.77966769081326,-1424.6099177637516,0.0007607634465984018,4.137931034482759,0.9108080808080807,4300.0
832.4758577009545,523.59182322634,-1571.3373805143492,0.0007573270276489376,4.827586206896552,0.9108080808080807,4300.0
911.1674453909767,546.6791072324846,-1705.4113502646214,0.0007540804076124867,5.517241379310345,0.9108080808080807,4300.0
985.3311109868793,564.2304301474796,-1828.8394758224895,0.0007509994286988623,6.206896551724139,0.9108080808080807,4300.0
1055.5806540041326,577.1804002831589,-1943.1693242655747,0.0007480647430721668,6.8965517241379315,0.9108080808080807,4300.0
1122.3982516683202,586.2799926308096,-2049.624587069935,0.0007452604967735806,7.586206896551724,0.9108080808080807,4300.0
1186.1737997114565,592.139889983123,-2149.1905331651506,0.000742573523432965,8.275862068965518,0.9108080808080807,4300.0
1247.230558704214,595.2644473330632,-2242.6729178122623,0.0007399927545171356,8.965517241379311,0.9108080808080807,4300.0
1305.8349174888867,596.0756866318802,-2330.7409186404766,0.0007375087527415065,9.655172413793103,0.9108080808080807,4300.0
1362.2136115202425,594.9279922004296,-2413.9575541134036,0.000735113378492085,10.344827586206897,0.9108080808080807,4300.0
1416.5619186044298,592.120544034674,-2492.8005253969895,0.0007327995734408264,11.03448275862069,0.9108080808080807,4300.0
1469.047353146691,587.9116662666776,-2567.678659881407,0.0007305611707976617,11.724137931034484,0.9108080808080807,4300.0
1519.8146148793567,582.5195090261124,-2638.945357591547,0.0007283927326077086,12.413793103448278,0.9108080808080807,4300.0
1568.9919982568451,576.1305729845192,-2706.908992382465,0.0007262894221277976,13.10344827586207,0.9108080808080807,4300.0
1616.6939962411786,568.9101018027117,-2771.8395423251277,0.0007242469295190472,13.793103448275863,0.9108080808080807,4300.0
1663.020615098425,560.998429507529,-2833.9748121479643,0.000722261396290458,14.482758620689657,0.9108080808080807,4300.0
1708.0607058706337,552.5149316435101,-2893.524890027329,0.0007203293569549499,15.172413793103448,0.9108080808080807,4300.0
1751.8950016913088,543.5655403427367,-2950.6776558032943,0.0007184476655164669,15.862068965517242,0.9108080808080807,4300.0
1794.5967749171664,534.2431453583406,-3005.6014191671784,0.000716613460929602,16.551724137931036,0.9108080808080807,4300.0
1836.2329311486371,524.6279120988903,-3058.44728832235,0.0007148241376827793,17.24137931034483,0.9108080808080807,4300.0
1876.8619608498086,514.7861883334056,-3109.3514057406137,0.0007130773174033995,17.931034482758623,0.9108080808080807,4300.0
1916.5384533349504,504.77989389420503,-3158.4368446446024,0.0007113708208792019,18.620689655172416,0.9108080808080807,4300.0
1955.312209789587,494.66113867633254,-3205.8149345021448,0.000709702649440615,19.310344827586206,0.9108080808080807,4300.0
1993.2296492696762,484.4745368605633,-3251.5881395166434,0.0007080709454886236,20.0,0.9108080808080807,4300.0
0.0,0.0,6.881474271722254,0.0006999979908048194,0.0,0.9207070707070707,4300.0
164.21684855768513,139.53642469506926,-312.5665915955615,0.0006953713574000971,0.6896551724137931,0.9207070707070707,4300.0
292.1508862304247,235.2737102249487,-566.4224808424478,0.0006913087680679984,1.3793103448275863,0.9207070707070707,4300.0
401.1772432773693,306.82273947081825,-778.8851870532089,0.000687650186754296,2.0689655172413794,0.9207070707070707,4300.0
497.82888036091,362.07847654304567,-962.4121053567651,0.0006843009720549089,2.7586206896551726,0.9207070707070707,4300.0
585.4591348822283,405.34660093195055,-1124.354727479964,0.000681199373868676,3.4482758620689657,0.9207070707070707,4300.0
666.0872374981699,439.35585073963017,-1269.4634928941377,0.0006783022392596504,4.137931034482759,0.9207070707070707,4300.0
741.052629109298,465.9946398227583,-1401.011299941034,0.0006755779070095657,4.827586206896552,0.9207070707070707,4300.0
811.3016521769867,486.6466579184344,-1521.3616060943168,0.000673002304431603,5.517241379310345,0.9207070707070707,4300.0
877.541002380666,502.3730264623801,-1632.2867507915798,0.0006705565388362932,6.206896551724139,0.9207070707070707,4300.0
940.3093317700846,514.00131554307,-1735.154122759588,0.0006682254561805793,6.8965517241379315,0.9207070707070707,4300.0
1000.0340081444178,522.1953817899238,-1831.0432701851823,0.0006659966797056741,7.586206896551724,0.9207070707070707,4300.0
1057.0625704540223,527.5026053979036,-1920.8235882980662,0.0006638599267860595,8.275862068965518,0.9207070707070707,4300.0
1111.6775070624194,530.3701042458955,-2005.2078730735957,0.0006618065179515339,8.965517241379311,0.9207070707070707,4300.0
1164.1160322422525,531.1707079341209,-2084.787640797891,0.0006598290653162928,9.655172413793103,0.9207070707070707,4300.0
1214.5796408327585,530.2216336681216,-2160.059754792477,0.0006579212147680076,10.344827586206897,0.9207070707070707,4300.0
1263.2407592611762,527.7916763095392,-2231.4456965135832,0.000656077454714561,11.03448275862069,0.9207070707070707,4300.0
1310.2465069288437,524.1067803640536,-2299.3078609466465,0.0006542929435274766,11.724137931034484,0.9207070707070707,4300.0
1355.7262751903984,519.3615890303741,-2363.9592667075194,0.0006525634155539998,12.413793103448278,0.9207070707070707,4300.0
1399.7937866863037,513.7257357987459,-2425.6722662063694,0.0006508850922805364,13.10344827586207,0.9207070707070707,4300.0
1442.5506116013275,507.34534369705386,-2484.685435235944,0.0006492546049544786,13.793103448275863,0.9207070707070707,4300.0
1484.0839941753914,500.34225999683724,-2541.208613655166,0.0006476689395664227,14.482758620689657,0.9207070707070707,4300.0
1524.4737387497823,492.82633863398945,-2595.4288833694445,0.0006461253668600358,15.172413793103448,0.9207070707070707,4300.0
1563.7914248931754,484.89217826201633,-2647.5127135683506,0.0006446214191921848,15.862068965517242,0.9207070707070707,4300.0
1602.1020371989207,476.6218128224502,-2697.6089439461502,0.0006431548591125406,16.551724137931036,0.9207070707070707,4300.0
1639.4646467636417,468.08527199001975,-2745.8513126301186,0.0006417236480066475,17.24137931034483,0.9207070707070707,4300.0
1675.9311597090625,459.345098267224,-2792.360320483218,0.0006403259234576785,17.931034482758623,0.9207070707070707,4300.0
1711.549867121133,450.4549461864103,-2837.2447170752785,0.0006389599811023783,18.620689655172416,0.9207070707070707,4300.0
1746.365284159239,441.46141699082676,-2880.604207080949,0.0006376242418978027,19.310344827586206,0.9207070707070707,4300.0
1780.4181908047308,432.403540707234,-2922.52942469719,0.000636317250861046,20.0,0.9207070707070707,4300.0
0.0,0.0,6.881474271722254,0.000611966151642,0.0,0.9306060606060605,4300.0
143.58901486534006,122.0050184935405,-272.62995207887434,0.000608430455251723,0.6896551724137931,0.9306060606060605,4300.0
255.57083351187873,205.8023285368133,-495.1124794618663,0.0006053223807290007,1.3793103448275863,0.9306060606060605,4300.0
351.088443585064,268.48987457115186,-681.6039665805147,0.0006025206315286831,2.0689655172413794,0.9306060606060605,4300.0
435.8270119082263,316.94404596749536,-842.9306464515539,0.0005999535096085858,2.7586206896551726,0.9306060606060605,4300.0
512.7091546789122,354.9222893869884,-985.4810476975254,0.0005975742075045295,3.4482758620689657,0.9306060606060605,4300.0
583.4887061659618,384.8008887524549,-1113.3815766273765,0.0005953500575347732,4.137931034482759,0.9306060606060605,4300.0
649.3318937492413,408.2290043344828,-1229.4758091434342,0.0005932570686859022,4.827586206896552,0.9306060606060605,4300.0
711.0650596845335,426.4156106886409,-1335.8180315415375,0.0005912769851048233,5.517241379310345,0.9306060606060605,4300.0
769.298689869508,440.283236994956,-1433.9474564088887,0.0005893955097590987,6.206896551724139,0.9306060606060605,4300.0
824.5039911762321,450.5579818088603,-1525.0517467795144,0.0005876011714735442,6.8965517241379315,0.9306060606060605,4300.0
877.0551830957273,457.8239968708473,-1610.0699229962338,0.0005858845755192459,7.586206896551724,0.9306060606060605,4300.0
927.2510372804248,462.55248166072465,-1689.7581481201632,0.0005842379232084729,8.275862068965518,0.9306060606060605,4300.0
975.3391040307888,465.13812466657424,-1764.7355441318941,0.0005826546479415825,8.965517241379311,0.9306060606060605,4300.0
1021.5264926281482,465.90950284428624,-1835.5157374534028,0.0005811291602843183,9.655172413793103,0.9306060606060605,4300.0
1065.9892862222107,465.1436983189559,-1902.531517434967,0.0005796566331124794,10.344827586206897,0.9306060606060605,4300.0
1108.8758330986172,463.0722880712321,-1966.1503354929446,0.0005782328759145318,11.03448275862069,0.9306060606060605,4300.0
1150.3155215050185,459.89694643605117,-2026.6871040984843,0.0005768542239426806,11.724137931034484,0.9306060606060605,4300.0
1190.4210749538397,455.7889635264608,-2084.4140742285017,0.0005755174463641373,12.413793103448278,0.9306060606060605,4300.0
1229.2923433606634,450.8961413506751,-2139.5677791438284,0.0005742196835037708,13.10344827586207,0.9306060606060605,4300.0
1267.0162004714223,445.3440855536906,-2192.3563104188725,0.0005729583752062502,13.793103448275863,0.9306060606060605,4300.0
1303.6699122143132,439.24373005562154,-2242.963282977711,0.0005717312236071244,14.482758620689657,0.9306060606060605,4300.0
1339.3229675184846,432.6903620131299,-2291.5513657561823,0.0005705361610442446,15.172413793103448,0.9306060606060605,4300.0
1374.0377569232953,425.7664872845987,-2338.265460049275,0.0005693713180953355,15.862068965517242,0.9306060606060605,4300.0
1407.8709648672161,418.5429167110294,-2383.2352911972557,0.0005682349966338421,16.551724137931036,0.9306060606060605,4300.0
1440.87409361843,411.08436728960675,-2426.577246683497,0.0005671256510623716,17.24137931034483,0.9306060606060605,4300.0
1473.0923741951178,403.4441541387421,-2468.3962901603663,0.0005660418682552481,17.931034482758623,0.9306060606060605,4300.0
1504.5682369072915,395.6696140631108,-2508.7881038975684,0.0005649823450527467,18.620689655172416,0.9306060606060605,4300.0
1535.3404607761904,387.80074836702687,-2547.8394745038604,0.0005639458833100225,19.310344827586206,0.9306060606060605,4300.0
1565.4446207924543,379.8739325001179,-2585.6294115590936,0.0005629313795497,20.0,0.9306060606060605,4300.0
0.0,0.0,6.881474271722254,0.0005241196342560347,0.0,0.9405050505050505,4300.0
122.9790052083879,104.48958700279861,-232.7075901387143,0.0005215264050925489,0.6896551724137931,0.9405050505050505,4300.0
218.99085851408245,176.3340867970761,-423.7234451731347,0.0005192443106784941,1.3793103448275863,0.9405050505050505,4300.0
300.9585145176571,230.1306226695409,-584.083923894199,0.0005171851121935325,2.0689655172413794,0.9405050505050505,4300.0
373.73351145326035,271.75225303190234,-723.00615761886,0.0005152966827611269,2.7586206896551726,0.9405050505050505,4300.0
439.80303658204343,304.40199435015427,-845.9282828017167,0.0005135449800787679,3.4482758620689657,0.9405050505050505,4300.0
500.6670752287425,330.1149483294887,-956.3630035907263,0.0005119062396498906,4.137931034482759,0.9405050505050505,4300.0
557.316280041333,350.297245123643,-1056.7294152867544,0.0005103630395995808,4.827586206896552,0.9405050505050505,4300.0
610.4539732332837,365.98294091768196,-1148.775975377037,0.0005089021034579848,5.517241379310345,0.9405050505050505,4300.0
660.6036209806982,377.96175355842365,-1233.8132615001086,0.0005075130262572927,6.206896551724139,0.9405050505050505,4300.0
708.1663376648504,386.85546680239923,-1312.8524714283121,0.0005061874649527503,6.8965517241379315,0.9405050505050505,4300.0
753.4585766004935,393.16206455246277,-1386.692352379323,0.000504918599252553,7.586206896551724,0.9405050505050505,4300.0
796.7368166583949,397.288647834754,-1455.9763979564887,0.0005037007615021987,8.275862068965518,0.9405050505050505,4300.0
838.2130811429545,399.5719320663985,-1521.2323494002048,0.0005025291676412407,8.965517241379311,0.9405050505050505,4300.0
878.064100444314,400.29347311994405,-1582.8983292302582,0.0005013997442474474,9.655172413793103,0.9405050505050505,4300.0
916.4381669715453,399.69034025610256,-1641.3426431999978,0.0005003089853460848,10.344827586206897,0.9405050505050505,4300.0
953.4630963412103,397.9637345414042,-1696.8782479389192,0.0004992538451057339,11.03448275862069,0.9405050505050505,4300.0
989.2491696232696,395.28520186934117,-1749.7730932000559,0.000498231661210101,11.724137931034484,0.9405050505050505,4300.0
1023.8931158294777,391.8006865936902,-1800.259409767401,0.0004972400804408434,12.413793103448278,0.9405050505050505,4300.0
1057.480024407518,387.6390816377878,-1848.5396558041102,0.0004962770125062645,13.10344827586207,0.9405050505050505,4300.0
1090.083558580187,382.90866032434906,-1894.7912068667065,0.0004953405945652056,13.793103448275863,0.9405050505050505,4300.0
1121.770109375081,377.70397244321407,-1939.1704943864315,0.0004944291567181187,14.482758620689657,0.9405050505050505,4300.0
1152.5990239575835,372.1063963901831,-1981.8162757041282,0.0004935411941973137,15.172413793103448,0.9405050505050505,4300.0
1182.6236139063599,366.18674671572757,-2022.8522439437802,0.0004926753452424434,15.862068965517242,0.9405050505050505,4300.0
1211.892042038497,360.008009748071,-2062.3887630555473,0.0004918303762975796,16.551724137931036,0.9405050505050505,4300.0
1240.448735925749,353.6248484956875,-2100.525536926245,0.0004910051583090943,17.24137931034483,0.9405050505050505,4300.0
1268.332358110506,347.08311661723855,-2137.352690605796,0.0004901986570487508,17.931034482758623,0.9405050505050505,4300.0
1295.5791157320148,340.42302740571074,-2172.951790592335,0.0004894099240457634,18.620689655172416,0.9405050505050505,4300.0
1322.2221339291077,333.6797097440862,-2207.3968970447677,0.0004886380877638187,19.310344827586206,0.9405050505050505,4300.0
1348.291832191429,326.88490945078405,-2240.7555398921104,0.00048788234397564536,20.0,0.9405050505050505,4300.0
0.0,0.0,6.881474271722254,0.0004364575738549302,0.0,0.9504040404040404,4300.0
102.38677262960675,86.99009050549303,-192.7995784321247,0.0004346593569799822,0.6896551724137931,0.9504040404040404,4300.0
182.40959000982784,146.86763157179,-352.2559001619229,0.00043307516088240944,1.3793103448275863,0.9504040404040404,4300.0
250.7880181861653,191.7458917826983,-486.3256843008712,0.00043164429883786967,2.0689655172413794,0.9504040404040404,4300.0
311.5461155194664,226.50094309114888,-602.6393195301207,0.000430330929645671,2.7586206896551726,0.9504040404040404,4300.0
366.7439946181712,253.78901615738832,-705.697214215179,0.00042911165960358543,3.4482758620689657,0.9504040404040404,4300.0
417.62181000206806,275.2978951932701,-798.4063968028931,0.00042797014668719365,4.137931034482759,0.9504040404040404,4300.0
465.00312384794773,292.1984497972872,-882.7690498659067,0.00042689440972235975,4.827586206896552,0.9504040404040404,4300.0
509.47093536620287,305.3505004379165,-960.2316702105454,0.0004258753288242956,5.517241379310345,0.9504040404040404,4300.0
551.4564268814847,315.4096179928218,-1031.878135043211,0.0004249057602297747,6.206896551724139,0.9504040404040404,4300.0
591.2924648427352,322.8916985977657,-1098.5456487174379,0.000423979962737811,6.8965517241379315,0.9504040404040404,4300.0
629.242158494011,328.21216251926523,-1160.8955904565082,0.0004230932440435342,7.586206896551724,0.9504040404040404,4300.0
665.5195014439589,331.712036185477,-1219.4608798335248,0.0004222417055783415,8.275862068965518,0.9504040404040404,4300.0
700.298384292696,333.670804773796,-1274.678107927306,0.00042142206263230566,8.965517241379311,0.9504040404040404,4300.0
733.7248719467107,334.3228358619258,-1326.9099386060843,0.00042063151575220356,9.655172413793103,0.9504040404040404,4300.0
765.9226838989239,333.8652999401531,-1376.460998498631,0.0004198676572272176,10.344827586206897,0.9504040404040404,4300.0
796.9979673164373,332.4657864990038,-1423.5909028293536,0.0004191283882426147,11.03448275862069,0.9504040404040404,4300.0
827.0424754458234,330.268623762721,-1468.5221610715234,0.0004184118724751913,11.724137931034484,0.9504040404040404,4300.0
856.137117805935,327.3977352398032,-1511.4471481996152,0.0004177164919323588,12.413793103448278,0.9504040404040404,4300.0
884.3508311332378,323.9577220464445,-1552.5334870153893,0.00041704081081395464,13.10344827586207,0.9504040404040404,4300.0
911.7456043396425,320.0399085408536,-1591.928207544668,0.00041638354771596274,13.793103448275863,0.9504040404040404,4300.0
938.3765609164404,315.72197401805715,-1629.76105209667,0.0004157435531519043,14.482758620689657,0.9504040404040404,4300.0
964.2929341407757,311.0738433986002,-1666.146984770341,0.00041511979227788347,15.172413793103448,0.9504040404040404,4300.0
989.5389207260023,306.15505613717914,-1701.188403020089,0.0004145113292000575,15.862068965517242,0.9504040404040404,4300.0
1014.154578567588,301.0174493839054,-1734.977530360935,0.00041391730958313666,16.551724137931036,0.9504040404040404,4300.0
1038.1770222914267,295.70691552436983,-1767.5971539931197,0.00041333695532987666,17.24137931034483,0.9504040404040404,4300.0
1061.638428835557,290.26177223880615,-1799.1219622842036,0.00041276955541906676,17.931034482758623,0.9504040404040404,4300.0
1084.5687281814032,284.71526428725696,-1829.6196300423617,0.00041221445739513787,18.620689655172416,0.9504040404040404,4300.0
1106.9954551757403,279.0981526086439,-1859.151690988554,0.0004116710606952881,19.310344827586206,0.9504040404040404,4300.0
1128.9438998269877,273.4362861885132,-1887.774269002446,0.00041113881103720383,20.0,0.9504040404040404,4300.0
0.0,0.0,6.881474271722254,0.0003489791120546502,0.0,0.9603030303030302,4300.0
81.8123038549732,69.50652358388322,-152.90598890202818,0.00034782945944732385,0.6896551724137931,0.9603030303030302,4300.0
145.82706955441412,117.4030079077031,-280.7103373383143,0.0003468155344846819,1.3793103448275863,0.9603030303030302,4300.0
200.57839248861202,153.3372420876122,-388.3301124613936,0.000345898856670744,2.0689655172413794,0.9603030303030302,4300.0
249.2655279924117,181.1903640231656,-481.8306078892201,0.00034505670225177024,2.7586206896551726,0.9603030303030302,4300.0
293.5291715160606,203.0807161260876,-564.7880006271153,0.00034427424687103776,3.4482758620689657,0.9603030303030302,4300.0
334.35447005997713,220.35152756293186,-639.5116677497717,0.00034354113820752853,4.137931034482759,0.9603030303030302,4300.0
372.39485843591234,233.93556541708392,-707.592458634419,0.00034284977954495365,4.827586206896552,0.9603030303030302,4300.0
408.1135199907256,244.51841720413108,-770.1795920066797,0.00034219439093578275,5.517241379310345,0.9603030303030302,4300.0
441.8543482958568,252.62437615180252,-828.1345141751663,0.0003415704424208628,6.206896551724139,0.9603030303030302,4300.0
473.88295004037076,258.667068975948,-882.1221007526765,0.00034097429939412534,6.8965517241379315,0.9603030303030302,4300.0
504.4076745274164,262.9773810945686,-932.667724406434,0.00034040298971145093,7.586206896551724,0.9603030303030302,4300.0
533.5972753437777,265.8251852138011,-980.1946256887022,0.00033985404427499806,8.275862068965518,0.9603030303030302,4300.0
561.5911264446854,267.4355175717371,-1025.0501019556687,0.0003393253781578679,8.965517241379311,0.9603030303030302,4300.0
588.5056672957979,267.99648000370115,-1067.5225679867144,0.00033881521554632896,9.655172413793103,0.9603030303030302,4300.0
614.4394782226723,267.66642054252657,-1107.8545710461767,0.00033832202766697836,10.344827586206897,0.9603030303030302,4300.0
639.4770284776378,266.57985929468344,-1146.2522931865824,0.0003378444860669361,11.03448275862069,0.9603030303030302,4300.0
663.6921605868862,264.8525049341886,-1182.8926434873574,0.0003373814272397121,11.724137931034484,0.9603030303030302,4300.0
687.1474746795341,262.58163304434896,-1217.9286733295303,0.00033693182497724754,12.413793103448278,0.9603030303030302,4300.0
709.8988276637602,259.8513960171505,-1251.493774623581,0.00033649476846625293,13.10344827586207,0.9603030303030302,4300.0
731.9955476781463,256.7359573449125,-1283.7048142149579,0.0003360694457478826,13.793103448275863,0.9603030303030302,4300.0
753.4815201382341,253.29874096517818,-1314.6649752457597,0.00033565512805728957,14.482758620689657,0.9603030303030302,4300.0
774.3960933179163,249.594824692712,-1344.4661386989756,0.00033525115647424573,15.172413793103448,0.9603030303030302,4300.0
794.7745793694794,245.67204646791498,-1373.1901191537327,0.00033485693527369987,15.862068965517242,0.9603030303030302,4300.0
814.6488386333667,241.57201801764595,-1400.910171232259,0.00033447192359979574,16.551724137931036,0.9603030303030302,4300.0
834.0479590680268,237.33090097580327,-1427.6922018363548,0.0003340956281716231,17.24137931034483,0.9603030303030302,4300.0
852.998586374204,232.98010196206155,-1453.5957388805546,0.00033372759757708116,17.931034482758623,0.9603030303030302,4300.0
871.5240946604746,228.54730943369094,-1478.6747419713938,0.00033336741743890516,18.620689655172416,0.9603030303030302,4300.0
889.6464506502406,224.05644576349468,-1502.9782865965099,0.0003330147062801497,19.310344827586206,0.9603030303030302,4300.0
907.3858333729528,219.52832195219432,-1526.551145027348,0.00033266911196852214,20.0,0.9603030303030302,4300.0
0.0,0.0,6.881474271722254,0.0002616833968133371,0.0,0.9702020202020202,4300.0
61.25641633870081,52.03970833000839,-113.02689262430067,0.00026103685952733713,0.6896551724137931,0.9702020202020202,4300.0
109.24333969547385,87.94026507724219,-209.08724844668177,0.0002604660334312878,1.3793103448275863,0.9702020202020202,4300.0
150.3280837788341,114.90315478187789,-290.0981026891968,0.00025994945546745915,2.0689655172413794,0.9702020202020202,4300.0
186.89350838191652,135.8226455756716,-360.58075444457063,0.0002594744544648293,2.7586206896551726,0.9702020202020202,4300.0
220.16052610965065,152.2787035709563,-423.20039194966375,0.00025903276440500004,3.4482758620689657,0.9702020202020202,4300.0
250.86327013272603,165.2744422319346,-479.67778538329003,0.00025861861425920184,4.137931034482759,0.9702020202020202,4300.0
279.48915282215575,175.50676993626243,-531.1978297559544,0.000258227772679465,4.827586206896552,0.9702020202020202,4300.0
306.38290042844005,183.48852107928522,-578.6165497894399,0.00025785701839090236,5.517241379310345,0.9702020202020202,4300.0
331.8000266561835,189.6112150429151,-622.5758741427417,0.00025750382466919206,6.206896551724139,0.9702020202020202,4300.0
355.93756113463377,194.18360491416013,-663.5711588783015,0.00025716616545870086,6.8965517241379315,0.9702020202020202,4300.0
378.951349174821,197.45406373237475,-701.9939214710175,0.0002568423836065903,7.586206896551724,0.9702020202020202,4300.0
400.96742442231107,199.62569772086127,-738.1597503564117,0.00025653110159627615,8.275862068965518,0.9702020202020202,4300.0
422.0895794423225,200.86674630490296,-772.3272656134213,0.00025623115861773764,8.965517241379311,0.9702020202020202,4300.0
442.4045965087616,201.31800437411053,-804.7114079427556,0.00025594156493865286,9.655172413793103,0.9702020202020202,4300.0
461.98639198374565,201.09810459738696,-835.492999888258,0.0002556614680581676,10.344827586206897,0.9702020202020202,4300.0
480.8978739121676,200.30821267278543,-864.8257820141298,0.00025539012710029175,11.03448275862069,0.9702020202020202,4300.0
499.1929990843411,199.03445610464732,-892.8415585316106,0.0002551268937660581,11.724137931034484,0.9702020202020202,4300.0
516.9191978362793,197.35082982376488,-919.6544373161305,0.00025487119585293326,12.413793103448278,0.9702020202020202,4300.0
534.1182069567509,195.32111131966457,-945.3641045714758,0.00025462252431813137,13.10344827586207,0.9702020202020202,4300.0
550.8268958830093,193.0003890386476,-970.0579281109094,0.00025438042530981803,13.793103448275863,0.9702020202020202,4300.0
567.078056566744,190.43638039920512,-993.8130139106652,0.00025414449180700147,14.482758620689657,0.9702020202020202,4300.0
582.9010185118085,187.6705030929561,-1016.6978055292129,0.00025391435688022334,15.172413793103448,0.9702020202020202,4300.0
598.3221430522115,184.73876872498255,-1038.7733604945097,0.0002536896883267217,15.862068965517242,0.9702020202020202,4300.0
613.3652297189981,181.67191225889954,-1060.0943964469043,0.00025347018420259415,16.551724137931036,0.9702020202020202,4300.0
628.0518532276435,178.4976112172279,-1080.7101557181886,0.0002532555690738096,17.24137931034483,0.9702020202020202,4300.0
642.4016451378152,175.2398669703792,-1100.6651252980955,0.00025304559084862743,17.931034482758623,0.9702020202020202,4300.0
656.4331377885875,171.9199651008868,-1119.9996405962738,0.0002528400180841939,18.620689655172416,0.9702020202020202,4300.0
670.1621160768949,168.5553634375029,-1138.7503950306127,0.00025263863768277807,19.310344827586206,0.9702020202020202,4300.0
683.6036812827646,165.16176279837003,-1156.9508727254724,0.0002524412529104887,20.0,0.9702020202020202,4300.0
0.0,0.0,6.881474271722254,0.00017456958236641124,0.0,0.98010101010101,4300.0
40.71817020222494,34.588714261377525,-73.16235892461555,0.0001742817027855698,0.6896551724137931,0.98010101010101,4300.0
72.65892436608186,58.4799335882508,-137.38712406804552,0.00017402725846808373,1.3793103448275863,0.98010101010101,4300.0
100.03722686170447,76.44378428759173,-191.6304340286879,0.0001737967713797039,2.0689655172413794,0.98010101010101,4300.0
124.42820344076485,90.39625156363287,-238.89073787849338,0.00017358464747971447,2.7586206896551726,0.98010101010101,4300.0
146.63778010954601,101.382901113122,-280.9349523958663,0.00017338723826760055,3.4482758620689657,0.98010101010101,4300.0
167.15070723954693,110.06842226284739,-318.9036176777299,0.00017320199685033733,4.137931034482759,0.98010101010101,4300.0
186.28843599901913,116.9146260433432,-353.58205995762546,0.00017302705558648577,4.827586206896552,0.98010101010101,4300.0
204.27867388848662,122.2613021864242,-385.53759662584343,0.00017286099287103598,5.517241379310345,0.98010101010101,4300.0
221.29054107502384,126.36838541454175,-415.19548506103456,0.0001727026945250197,6.206896551724139,0.98010101010101,4300.0
237.45419191819101,129.44147784939702,-442.88397166087816,0.00017255126655584416,6.8965517241379315,0.98010101010101,4300.0
252.87260535932793,131.64570703882416,-468.86251694323437,0.00017240597767110216,7.586206896551724,0.98010101010101,4300.0
267.62905507384755,133.11617441306427,-493.34019416591036,0.0001722662202826357,8.275862068965518,0.98010101010101,4300.0
281.79274278759135,133.96544439772796,-516.4883890143246,0.0001721314821744175,8.965517241379311,0.98010101010101,4300.0
295.42050040055483,134.28673380125215,-538.4497060850263,0.00017200132600497488,9.655172413793103,0.98010101010101,4300.0
308.5609437757404,134.15920280336286,-559.344049893698,0.00017187537540607145,10.344827586206897,0.98010101010101,4300.0
321.25572702258586,133.6501515092106,-579.2733767400932,0.00017175330330901744,11.03448275862069,0.98010101010101,4300.0
333.5408748897075,132.817100795376,-598.3252009530988,0.0001716348231901642,11.724137931034484,0.98010101010101,4300.0
345.4478069602492,131.70943726457054,-616.57526513419,0.00017151968227627866,12.413793103448278,0.98010101010101,4300.0
357.00413126586,130.36972246292365,-634.0896102046827,0.00017140765616196628,13.10344827586207,0.98010101010101,4300.0
368.2342683463075,128.83474866383213,-650.9262021091563,0.00017129854449368743,13.793103448275863,0.98010101010101,4300.0
379.15994842871913,127.13620845149043,-667.1362257840228,0.00017119216747105257,14.482758620689657,0.98010101010101,4300.0
389.8006121715831,125.30159731622213,-682.7651258079568,0.00017108836298250163,15.172413793103448,0.98010101010101,4300.0
400.17373708463634,123.3553838663885,-697.8534516949294,0.000170986984239227,15.862068965517242,0.98010101010101,4300.0
410.2951059426349,121.3185297632571,-712.4375507450895,0.00017088789780459718,16.551724137931036,0.98010101010101,4300.0
420.17902941099703,119.20929791464647,-726.5501406729454,0.00017079098194061357,17.24137931034483,0.98010101010101,4300.0
429.838532152062,117.04360578613753,-740.2207864812226,0.00017069612521078908,17.931034482758623,0.98010101010101,4300.0
439.2855095276783,114.8353267727818,-753.4763003843691,0.00017060322529213607,18.620689655172416,0.98010101010101,4300.0
448.530860422337,112.59654851251355,-766.3410793774965,0.00017051218795900282,19.310344827586206,0.98010101010101,4300.0
457.58464287414,110.33782499850227,-778.8373918913421,0.0001704229262091121,20.0,0.98010101010101,4300.0
0.0,0.0,6.881474271722254,8.763682916250423e-05,0.0,0.99,4300.0
20.197505214498797,17.153489132313883,-33.31243593686668,8.75641334139793e-05,0.6896551724137931,0.99,4300.0
36.074557472934565,29.022751949917986,-65.61045295912481,8.749980914584666e-05,1.3793103448275863,0.99,4300.0
49.707494119224776,37.960823711856875,-92.92788842295704,8.744148376770834e-05,2.0689655172413794,0.99,4300.0
61.870809654808774,44.91244803953624,-116.76129008403223,8.738775672749173e-05,2.7586206896551726,0.99,4300.0
72.96041430078613,50.39346068447076,-137.9920953114197,8.733771494658149e-05,3.4482758620689657,0.99,4300.0
83.21418807972448,54.73194264895344,-157.18906512667309,8.729072114196099e-05,4.137931034482759,0.99,4300.0
92.79020166392122,58.15643236053446,-174.74372577750182,8.724630804192534e-05,4.827586206896552,0.99,4300.0
101.79995946639106,60.83484655785524,-190.9388691206841,8.720411999183662e-05,5.517241379310345,0.99,4300.0
110.32643106417366,62.89605555521743,-205.9864550755883,8.716387825515329e-05,6.206896551724139,0.99,4300.0
118.43356793557416,64.4417974329405,-220.05008539110713,8.712535917855417e-05,6.8965517241379315,0.99,4300.0
126.17199770672238,65.55405538511965,-233.25908002037613,8.708837980644273e-05,7.586206896551724,0.99,4300.0
133.5826996336026,66.29998122081187,-245.71769472422602,8.70527880399759e-05,8.275862068965518,0.99,4300.0
140.69945155085514,66.73528345385462,-257.51138302536856,8.701845569030881e-05,8.965517241379311,0.99,4300.0
147.55052060000835,66.90658281967698,-268.7111836176482,8.698527344276608e-05,9.655172413793103,0.99,4300.0
154.15986802614967,66.85314443655955,-279.37687621900113,8.695314712209166e-05,10.344827586206897,0.99,4300.0
160.54803030643112,66.60876847028293,-289.5593034943304,8.692199486734751e-05,11.03448275862069,0.99,4300.0
166.7327780284648,66.20215012549932,-299.3021133577713,8.689174495760227e-05,11.724137931034484,0.99,4300.0
172.72961811558653,65.6579411011945,-308.64308910896943,8.686233411276989e-05,12.413793103448278,0.99,4300.0
178.55218310472233,64.99739780534168,-317.6151805276604,8.683370614762209e-05,13.10344827586207,0.99,4300.0
184.21253735628258,64.2389045372481,-326.24731410411187,8.680581089255309e-05,13.793103448275863,0.99,4300.0
189.7214210892805,63.39840058659394,-334.5650375221885,8.677860331872606e-05,14.482758620689657,0.99,4300.0
195.08844715044367,62.48973237623604,-342.5910379652778,8.675204282186431e-05,15.172413793103448,0.99,4300.0
200.32226134597374,61.52494634395473,-350.345563124225,8.672609263061963e-05,15.862068965517242,0.99,4300.0
205.43067432723188,60.51453441307555,-357.84676628337184,8.670071931384181e-05,16.551724137931036,0.99,4300.0
210.4207710167294,59.467641128568474,-365.11099153294344,8.667589236711357e-05,17.24137931034483,0.99,4300.0
215.2990021155754,58.39223950286203,-372.1530112959299,8.665158386339789e-05,17.931034482758623,0.99,4300.0
220.07126117958254,57.295281101731916,-378.9862255342887,8.66277681559686e-05,18.620689655172416,0.99,4300.0
224.74294997187866,56.182824760097915,-385.6228299056529,8.660442162430752e-05,19.310344827586206,0.99,4300.0
229.3190342151325,55.060147446237714,-392.07395856305084,8.658152245555166e-05,20.0,0.99,4300.0
