z,p,T_rho,T,qv,h,qsat_env,T_env,q_env,h_env,T_rho_u,T_u,qv_u,h_u,CAPE_u,B_u,T_rho_w,T_w,qv_w,h_w,CAPE_w,B_w,ent,dh,dz,sat_def
50.0,100000.0,302.1144508362445,300.0,0.011596392067629968,56765.232711822384,0.022382317026070322,300.0870865746809,0.011581130824889872,56815.16485182788,302.1144508362445,300.0,0.011596392067629968,56765.232711822384,1920.76569818047,0.0,302.1144508362445,300.0870865746809,0.011596392067629968,56765.232711822384,211.37464715120862,0.0,0.0,-4498.192380755398,4200.0,0.29861478828188404
100.0,99435.97618595102,301.62813986069045,299.5170926373685,0.011596392067629968,56765.232711822384,0.021925666003205488,299.6447922810482,0.011329452023525553,56221.2103163415,301.62813986069045,299.5170926373685,0.011596392067629968,56765.232711822384,1920.76569818047,0.0,301.62813986069045,299.6447922810482,0.011596392067629968,56765.232711822384,211.37464715120862,0.0,0.0,-4498.192380755398,4200.0,0.29861478828188404
150.0,98874.23192058632,301.1418288851365,299.03418527473696,0.011596392067629968,56765.232711822384,0.021475819188289027,299.2017821202186,0.011081904807781628,55637.147524849905,301.1418288851365,299.03418527473696,0.011596392067629968,56765.232711822384,1920.76569818047,0.0,301.1418288851365,299.2017821202186,0.011596392067629968,56765.232711822384,211.37464715120862,0.0,0.0,-4498.192380755398,4200.0,0.29861478828188404
200.0,98314.76164688013,300.65551790958244,298.55127791210543,0.011596392067629968,56765.232711822384,0.02103273105326117,298.7580620160854,0.010838452775359313,55062.886356278934,300.65551790958244,298.55127791210543,0.011596392067629968,56765.232711822384,1920.76569818047,0.0,300.65551790958244,298.7580620160854,0.011596392067629968,56765.232711822384,211.37464715120862,0.0,0.0,-4498.192380755398,4200.0,0.29861478828188404
250.0,97757.55981241263,300.16920693402847,298.0683705494739,0.011596392067629968,56765.232711822384,0.02059635531363172,298.31363796159394,0.010599059218228252,54498.33602404104,300.16920693402847,298.0683705494739,0.011596392067629968,56765.232711822384,1920.76569818047,0.0,300.16920693402847,298.31363796159394,0.011596392067629968,56765.232711822384,211.37464715120862,0.0,0.0,-4498.192380755398,4200.0,0.29861478828188404
300.0,97202.6208693732,299.6828959584744,297.58546318684233,0.011596392067629968,56765.232711822384,0.02016664494321527,297.86851601662937,0.010363687133247809,53943.40510163174,299.6828959584744,297.58546318684233,0.011596392067629968,56765.232711822384,1920.76569818047,0.0,299.6828959584744,297.86851601662937,0.011596392067629968,56765.232711822384,211.37464715120862,0.0,0.0,-4498.192380755398,4200.0,0.29861478828188404
350.0,96649.93927456379,299.1965849829204,297.1025558242108,0.011596392067629968,56765.232711822384,0.019743552189338674,297.4227023058648,0.010132299232994654,53398.001548687105,299.1965849829204,297.1025558242108,0.011596392067629968,56765.232711822384,1920.76569818047,0.0,299.1965849829204,297.4227023058648,0.011596392067629968,56765.232711822384,211.37464715120862,0.0,0.0,-4498.192380755398,4200.0,0.29861478828188404
400.0,96099.50948940302,298.71027400736637,296.6196484615793,0.011596392067629968,56765.232711822384,0.019327028588506965,296.976203016571,0.009904857956786358,52862.0327374759,298.71027400736637,296.6196484615793,0.011596392067629968,56765.232711822384,1920.76569818047,0.0,298.71027400736637,296.976203016571,0.011596392067629968,56765.232711822384,211.37464715120862,0.0,0.0,-4498.192380755398,4200.0,0.29861478828188404
450.0,95551.32597992972,298.2239630318124,296.13674109894777,0.011596392067629968,56765.232711822384,0.018917024982515095,296.5290243963907,0.009681325481891623,52335.405479805275,298.2239630318124,296.13674109894777,0.011596392067629968,56765.232711822384,1920.76569818047,0.0,298.2239630318124,296.5290243963907,0.011596392067629968,56765.232711822384,211.37464715120862,0.0,0.0,-4498.192380755398,4200.0,0.29861478828188404
500.0,95005.3832168064,297.73765205625836,295.65383373631624,0.011596392067629968,56765.232711822384,0.018513491534991537,296.08117275107816,0.009461663734916984,51818.02605431434,297.73765205625836,295.65383373631624,0.011596392067629968,56765.232711822384,1920.76569818047,0.0,297.73765205625836,296.08117275107816,0.011596392067629968,56765.232711822384,211.37464715120862,0.0,0.0,-4498.192380755398,4200.0,0.29861478828188404
550.0,94461.67567532294,297.2513410807044,295.1709263736847,0.011596392067629968,56765.232711822384,0.018116377748359187,295.6326544422074,0.009245834403359604,51309.80023413176,297.2513410807044,295.1709263736847,0.011596392067629968,56765.232711822384,1920.76569818047,0.0,297.2513410807044,295.6326544422074,0.011596392067629968,56765.232711822384,211.37464715120862,0.0,0.0,-4498.192380755398,4200.0,0.29861478828188404
600.0,93920.19783540051,296.76503010515034,294.6880190110532,0.011596392067629968,56765.232711822384,0.01772563248119753,295.1834758848502,0.009033798947315149,50810.63331487013,296.76503010515034,294.6880190110532,0.011596392067629968,56765.232711822384,1920.76569818047,0.0,296.76503010515034,295.1834758848502,0.011596392067629968,56765.232711822384,211.37464715120862,0.0,0.0,-4498.192380755398,4200.0,0.29861478828188404
650.0,93380.94418159488,296.27871912959637,294.2051116484217,0.011596392067629968,56765.232711822384,0.017341203965993545,294.73364354522727,0.0088255186113314,50320.43014293601,296.27871912959637,294.2051116484217,0.011596392067629968,56765.232711822384,1920.76569818047,0.0,296.27871912959637,294.73364354522727,0.011596392067629968,56765.232711822384,211.37464715120862,0.0,0.0,-4498.192380755398,4200.0,0.29861478828188404
700.0,92843.90920310051,295.79240815404233,293.72220428579016,0.011596392067629968,56765.232711822384,0.016963039827259767,294.2831639383322,0.008620954436394004,49839.09514412073,295.79240815404233,293.72220428579016,0.011596392067629968,56765.232711822384,1920.76569818047,0.0,295.79240815404233,294.2831639383322,0.011596392067629968,56765.232711822384,211.37464715120862,0.0,0.0,-4498.192380755398,4200.0,0.29861478828188404
750.0,92309.08739375364,295.3060971784883,293.2392969231586,0.011596392067629968,56765.232711822384,0.01659108710000934,293.83204362553454,0.008420067272036333,49366.53235245634,295.3060971784883,293.2392969231586,0.011596392067629968,56765.232711822384,1920.76569818047,0.0,295.3060971784883,293.83204362553454,0.011596392067629968,56765.232711822384,211.37464715120862,0.0,0.0,-4498.192380755398,4200.0,0.29861478828188404
800.0,91776.47325203681,294.81978620293427,292.75638956052705,0.011596392067629968,56765.232711822384,0.016225292248565854,293.3802892121599,0.008222817788559605,48902.64543930064,294.81978620293427,292.75638956052705,0.011596392067629968,56765.232711822384,1920.76569818047,0.0,294.81978620293427,293.3802892121599,0.011596392067629968,56765.232711822384,211.37464715120862,0.0,0.0,-4498.192380755398,4200.0,0.29861478828188404
850.0,91246.06128108199,294.3334752273803,292.27348219789553,0.011596392067629968,56765.232711822384,0.015865601185693145,292.9279073450521,0.008029166489353147,48447.33774262857,294.3334752273803,292.27348219789553,0.011596392067629968,56765.232711822384,1920.76569818047,0.0,294.3334752273803,292.9279073450521,0.011596392067629968,56765.232711822384,211.37464715120862,0.0,0.0,-4498.192380755398,4200.0,0.29861478828188404
900.0,90717.84598867457,293.84716425182626,291.790574835264,0.011596392067629968,56765.232711822384,0.015511959292026348,292.474904710119,0.007839073723302798,48000.51229650155,293.84716425182626,291.790574835264,0.011596392067629968,56765.232711822384,1920.76569818047,0.0,293.84716425182626,292.474904710119,0.011596392067629968,56765.232711822384,211.37464715120862,0.0,0.0,-4498.192380755398,4200.0,0.29861478828188404
950.0,90191.82188725675,293.3608532762723,291.3076674726325,0.011596392067629968,56765.232711822384,0.015164311435786693,292.02128802986414,0.007652499697276176,47562.071860688375,293.3608532762723,291.3076674726325,0.011596392067629968,56765.232711822384,1920.76569818047,0.0,293.3608532762723,292.02128802986414,0.011596392067629968,56765.232711822384,211.37464715120862,0.0,0.0,-4498.192380755398,4200.0,0.29861478828188404
1000.0,89667.98349393178,292.87454230071825,290.82476011000097,0.011596392067629968,56765.232711822384,0.014822601992760184,291.567064060906,0.007469404488672459,47131.918950406776,292.87454230071825,290.82476011000097,0.011596392067629968,56765.232711822384,1920.76569818047,0.0,292.87454230071825,291.567064060906,0.011596392067629968,56765.232711822384,211.37464715120862,0.0,0.0,-4498.192380755398,4200.0,0.29861478828188404
1050.0,89146.32533046715,292.38823132516427,290.34185274736944,0.011596392067629968,56765.232711822384,0.014486774866522611,291.1122395914884,0.007289748058025467,46709.95586616133,292.38823132516427,290.34185274736944,0.011596392067629968,56765.232711822384,1920.76569818047,0.0,292.38823132516427,291.1122395914884,0.011596392067629968,56765.232711822384,211.37464715120862,0.0,0.0,-4498.192380755398,4200.0,0.29861478828188404
1100.0,88626.84192329904,291.90192034961024,289.8589453847379,0.011596392067629968,56765.232711822384,0.014156773508891428,290.6568214389837,0.0071134902616481486,46296.08472364837,291.90192034961024,289.8589453847379,0.011596392067629968,56765.232711822384,1920.76569818047,0.0,291.90192034961024,290.6568214389837,0.011596392067629968,56765.232711822384,211.37464715120862,0.0,0.0,-4498.192380755398,4200.0,0.29861478828188404
1150.0,88109.52780353537,291.41560937405626,289.3760380221064,0.011596392067629968,56765.232711822384,0.013832540940584321,290.2008164473903,0.006940590864306195,45890.20748369876,291.41560937405626,289.3760380221064,0.011596392067629968,56765.232711822384,1920.76569818047,0.0,291.41560937405626,290.2008164473903,0.011596392067629968,56765.232711822384,211.37464715120862,0.0,0.0,-4498.192380755398,4200.0,0.29861478828188404
1200.0,87594.37750696001,290.9292983985022,288.8931306594749,0.011596392067629968,56765.232711822384,0.013514019772066885,289.74423148482896,0.0067710095519099385,45492.22598223452,290.9292983985022,288.8931306594749,0.011596392067629968,56765.232711822384,1920.76569818047,0.0,290.9292983985022,289.74423148482896,0.011596392067629968,56765.232711822384,211.37464715120862,0.0,0.0,-4498.192380755398,4200.0,0.29861478828188404
1250.0,87081.38557403663,290.4429874229482,288.4102232968433,0.011596392067629968,56765.232711822384,0.013201152224567074,289.2870734410372,0.006604705944211426,45102.04196020613,290.4429874229482,288.4102232968433,0.011596392067629968,56765.232711822384,1920.76569818047,0.0,290.4429874229482,289.2870734410372,0.011596392067629968,56765.232711822384,211.37464715120862,0.0,0.0,-4498.192380755398,4200.0,0.29861478828188404
1300.0,86570.54654991218,289.95667644739416,287.9273159342118,0.011596392067629968,56765.232711822384,0.012893880151239514,288.82934922486737,0.0064416396074964315,44719.5570934893,289.95667644739416,287.9273159342118,0.011596392067629968,56765.232711822384,1920.76569818047,0.0,289.95667644739416,288.82934922486737,0.011596392067629968,56765.232711822384,211.37464715120862,0.0,0.0,-4498.192380755398,4200.0,0.29861478828188404
1350.0,86061.85498442088,289.4703654718402,287.44440857158025,0.011596392067629968,56765.232711822384,0.012592145058457386,288.37106576178786,0.0062817700672585025,44344.673022708346,289.4703654718402,287.44440857158025,0.011596392067629968,56765.232711822384,1920.76569818047,0.0,289.4703654718402,288.37106576178786,0.011596392067629968,56765.232711822384,211.37464715120862,0.0,0.0,-4498.192380755398,4200.0,0.29861478828188404
1400.0,85555.30543208809,289.01581488557343,286.9954290500708,0.011582595468093988,56765.232711822384,0.01231954835196032,287.9418252402393,0.006136798932015239,44036.72913655507,289.01581488557343,286.9954290500708,0.011582595468093988,56765.232711822384,1920.76569818047,0.0,289.01581488557343,287.9418252402393,0.011582595468093988,56765.232711822384,211.37464715120862,0.0,0.0,-4498.192380755398,4200.0,0.29861478828188404
1450.0,85050.94771913977,288.76806985804967,286.7673334130226,0.011479071434676823,56765.232711822384,0.012203819600969295,287.7050069360824,0.006079363393902557,44143.43606170083,288.76806985804967,286.7673334130226,0.011479071434676823,56765.232711822384,1920.76569818047,0.0,288.76806985804967,287.7050069360824,0.011479071434676823,56765.232711822384,211.37464715120862,-0.0007652704930818467,0.0001777789483449199,-4498.192380755398,4200.0,0.29861478828188404
1500.0,84549.13436390353,288.47601992080195,286.50013414818676,0.011347065392118291,56653.03822508828,0.012056305450320999,287.42677558256804,0.006006147102670862,44168.63946164864,288.5203198634951,286.5391035618452,0.011376130047606818,56765.232711822384,1920.76569818047,0.0015064768223687658,288.47601992080195,287.42677558256804,0.011347065392118291,56653.03822508828,211.37464715120862,-1.8989466851402894e-05,0.0001769957709940086,-4498.192380755398,4200.0,0.29861478828188404
1550.0,84049.77824425802,288.184063406956,286.23279863735235,0.011216138403057444,56543.04387434567,0.011910147303529888,287.1484967255864,0.005933597391470388,44195.505238741134,288.2720144146202,286.3102534909969,0.011273421142769136,56765.232711822384,1920.76569818047,0.002993917758620644,288.2047828724771,287.1484967255864,0.011229612721700494,56595.24162707443,211.37464715120862,0.0007053060268462258,0.00017622171378770289,-4498.192380755398,4200.0,0.29861478828188404
1600.0,83552.86995910699,287.89201262583816,285.9651623811965,0.011086166252096151,56435.20564964341,0.011765203147771646,286.86999588937954,0.005861643936807781,44223.679853764865,288.0231495149667,286.0807785306856,0.011170948664890452,56765.232711822384,1920.76569818047,0.004468525787211753,287.933505564187,286.86999588937954,0.01111293808797398,56539.44281332693,211.37464715120862,0.0014138833567813756,0.00017545659905635096,-4498.192380755398,4200.0,0.29861478828188404
1650.0,83058.39981068479,287.5998503759221,285.69721061613023,0.010957137738554022,56329.47825652461,0.011621457629035907,286.59125750122945,0.005790279273488011,44253.128420967616,287.7737190128154,285.85067209653147,0.01106871525660753,56765.232711822384,1920.76569818047,0.005930640526042851,287.66162409840285,286.59125750122945,0.010996679649979918,56484.021880008906,211.37464715120862,0.0021070950375820627,0.00017470025401064652,-4498.192380755398,4200.0,0.29861478828188404
1700.0,82566.3581022683,287.30755912800674,285.4289282254935,0.010829041758972592,56225.817900733666,0.011478895563153669,286.3122656406996,0.005719496016726803,44283.81591552337,287.5237166839946,285.61992752576504,0.010966723600008088,56765.232711822384,1920.76569818047,0.007380612019666025,287.38913287340495,286.3122656406996,0.010880841554911341,56428.98285944322,211.37464715120862,0.0027853024291638216,0.0001739525105685675,-4498.192380755398,4200.0,0.29861478828188404
1750.0,82076.73513817668,287.01512163336827,285.1603002768371,0.010701867695874803,56124.182206388825,0.011337502367527053,286.0330046085855,0.005649287076625086,44315.7082872383,287.2731362234331,285.3885380696388,0.010864976412097728,56765.232711822384,1920.76569818047,0.008818779700984207,287.1160261584658,286.0330046085855,0.010765427930678976,56374.32960819558,211.37464715120862,0.0034488544909181554,0.00017321320518981384,-4498.192380755398,4200.0,0.29861478828188404
1800.0,81589.52122480824,286.72252090376213,284.8913120064331,0.01057560539537454,56024.53014884809,0.011197264032978145,285.75345890971386,0.005579645644367657,44348.77240801579,287.02197124436987,285.15649689259766,0.010763476445171257,56765.232711822384,1920.76569818047,0.010245472982388695,286.8422980945604,285.75345890971386,0.010650442887870417,56320.06581225127,211.37464715120862,0.0040980884167295655,0.00017248217871737855,-4498.192380755398,4200.0,0.29861478828188404
1850.0,81104.70667162533,286.42974019466345,284.62194880650856,0.010450245147469502,55926.8219914824,0.011058167098775482,285.4736132386775,0.005510565179989276,44382.97602625344,286.7702152775357,284.9237970714227,0.01066222648716844,56765.232711822384,1920.76569818047,0.01166101173958764,286.56794269495646,285.4736132386775,0.010535890521593212,56266.19499193221,211.37464715120862,0.0047333301596160105,0.00017175927622588107,-4498.192380755398,4200.0,0.29861478828188404
1900.0,80622.28179209358,286.13676298944705,284.35219621319067,0.010325777667482446,55831.01922611649,0.010920198629107692,285.19345246636726,0.005442039400849879,44418.2877238514,286.5178617703312,284.69043159437234,0.010561229362031237,56765.232711822384,1920.76569818047,0.013065706766981705,286.29295384575175,285.19345246636726,0.010421774913243578,56212.72050658665,211.37464715120862,0.005354894926261737,0.00017104434687632386,-4498.192380755398,4200.0,0.29861478828188404
1950.0,80142.23690457782,285.8435729844535,284.0820398951228,0.010202194078574929,55737.08451688335,0.010783346190909529,284.912961627256,0.005374062270772486,44454.67687566821,286.2649040860015,284.45639336032184,0.010460487930061704,56765.232711822384,1920.76569818047,0.014459860206164575,286.01732530636343,284.912961627256,0.010308100132205154,56159.645559064345,211.37464715120862,0.005963087643146903,0.000170337243776951,-4498.192380755398,4200.0,0.29861478828188404
2000.0,79664.56233319755,285.5501540748844,283.81146564271035,0.010079485895259945,55644.98164725846,0.010647597832946516,284.632125907387,0.0053066279897978725,44492.11361125906,286.0113355028126,284.2216751779035,0.010360005088280734,56765.232711822384,1920.76569818047,0.015843765949392595,285.741050709974,284.632125907387,0.010194870237479961,56106.973199989065,211.37464715120862,0.006558203396163247,0.00016963782384990398,-4498.192380755398,4200.0,0.29861478828188404
2050.0,79189.248408644,285.25649034147136,283.5404593579539,0.009957645007843064,55554.67547005865,0.010512942066071666,284.3509306330207,0.005239730984513544,44530.568778741654,285.7571492132262,283.9862697646464,0.01025978377078626,56765.232711822384,1920.76569818047,0.017217710019624348,285.4641235639386,284.3509306330207,0.01008208927925412,56054.70633183978,211.37464715120862,0.007140527845537082,0.00016894594770339478,-4498.192380755398,4200.0,0.29861478828188404
2100.0,78716.28546896036,284.9625660378709,283.26900704483614,0.009836663667730026,55466.13186020697,0.010379367844574258,284.06936125989904,0.005173365898917796,44570.013910648704,285.50233832307634,283.75016974611935,0.01015982694911149,56765.232711822384,1920.76569818047,0.018581970928637108,285.1865372501597,284.06936125989904,0.009969761300401832,56002.84771285084,211.37464715120862,0.007710337617682572,0.0001682614795091192,-4498.192380755398,4200.0,0.29861478828188404
2150.0,78245.66386028838,284.6683655787408,282.99709480022784,0.009716534473541663,55379.31767008051,0.01024686454854765,283.7874033630902,0.005107527585783107,44610.42119163877,285.24689585074793,283.51336765507625,0.01006013763258202,56765.232711822384,1920.76569818047,0.01993682001458673,284.90828502543064,283.7874033630902,0.00985789033792835,55951.39996074093,211.37464715120862,0.008267900675378356,0.0001675842868846623,-4498.192380755398,4200.0,0.29861478828188404
2200.0,77777.37393758168,284.37387352845576,282.72470880528255,0.009597250357981391,55294.20068727207,0.010115421967207933,283.505042627379,0.005042211098485361,44651.763427944185,284.99081472636004,283.27585593060644,0.00996071886867163,56765.232711822384,1920.76569818047,0.021282521760338145,284.6293600217565,283.505042627379,0.0097464804243553,55900.36555627997,211.37464715120862,0.008813476667818542,0.00016691424078065322,-4498.192380755398,4200.0,0.29861478828188404
2250.0,77311.40606528865,284.07907459042366,282.4518353172924,0.009478804575405847,55210.74959460927,0.00998503028309981,283.22226483817013,0.004977411683267776,44694.014018444694,284.73408779095234,283.0376269172903,0.00986157374335593,56765.232711822384,1920.76569818047,0.022619334093687646,284.34975524665265,283.22226483817013,0.009635535589049142,55849.74684670246,211.37464715120862,0.009347317261698457,0.00016625121537244413,-4498.192380755398,4200.0,0.29861478828188404
2300.0,76847.75061800593,283.78395359697026,282.17846066197944,0.009361190690051778,55128.933932286534,0.00985568005713225,282.939055872877,0.0049131247719113435,44737.146927266476,284.47670779567846,282.79867286436263,0.009762705381463623,56765.232711822384,1920.76569818047,0.023947508670553688,284.0694635834288,282.939055872877,0.009525059859494945,55799.5460489753,211.37464715120862,0.00986966645455882,0.00016559508795609772,-4498.192380755398,4200.0,0.29861478828188404
2350.0,76386.39798110457,283.4884954997565,281.9045712261984,0.009244402564875747,55048.72406197595,0.009727362214389176,282.6554016927673,0.004849345974784919,44781.136657809664,284.21866740100705,282.55898592488415,0.009664116947025016,56765.232711822384,1920.76569818047,0.02526729114224058,283.7884777914597,282.6554016927673,0.009415057262516641,55749.76525292761,211.37464715120862,0.010380760871514589,0.0001649457388484811,-4498.192380755398,4200.0,0.29861478828188404
2400.0,75927.33855132927,283.19268536070166,281.6301534510301,0.009128434350966904,54970.09113279299,0.009600068030665529,282.37128833524287,0.004786071074250688,44825.958228119656,283.95995917593007,282.3185581549231,0.009565811643616352,56765.232711822384,1920.76569818047,0.026578921407534276,283.5067905064487,282.37128833524287,0.009305531825444696,55700.40642424958,211.37464715120862,0.010880830046346518,0.00016430305129127632,-4498.192380755398,4200.0,0.29861478828188404
2450.0,75470.56273737359,282.89650834338494,281.35519382524524,0.009013280477495321,54893.00704900197,0.009473789119681504,282.0867019065293,0.004723296018401757,44871.58714751819,283.70057559718276,282.0773815127486,0.009467792714700241,56765.232711822384,1920.76569818047,0.027882633850617167,283.22439424068773,282.0867019065293,0.009196487577232843,55651.471407367,211.37464715120862,0.011370096687924025,0.00016366691135872308,-4498.192380755398,4200.0,0.29861478828188404
2500.0,75016.06096043078,282.5999497048978,281.07967887912076,0.008898935642160896,54817.44443935448,0.009348517420931023,281.80162857475517,0.004661016915110422,44917.99939441908,283.4405090484745,281.83544785803736,0.009370063443961362,56765.232711822384,1920.76569818047,0.029178657565572235,282.94128138331786,281.80162857475517,0.00908792854952436,55602.96192819768,211.37464715120862,0.011848776932894458,0.00016303720786892435,-4498.192380755398,4200.0,0.29861478828188404
2550.0,74563.82365472266,282.30299478812873,280.80359517859256,0.008785394802111098,54743.376627961516,0.009224245188126156,281.5160545634037,0.004599230026368281,44965.17139526363,283.1797518197325,281.5927489510948,0.009272627155636062,56765.232711822384,1920.76569818047,0.030467216568098632,282.6574442005936,281.5160545634037,0.008979858777668395,55554.879596795676,211.37464715120862,0.012317080585312407,0.00016241383229855205,-4498.192380755398,4200.0,0.29861478828188404
2600.0,74113.8412680072,282.0056290144549,280.5269293197293,0.008672653165296631,54670.77760660718,0.009100964978197335,281.2299661451172,0.004537931762898517,45013.08000450538,282.91829610636154,281.3492764520934,0.009175487214836103,56765.232711822384,1920.76569818047,0.03174852999528378,282.37287483615785,281.2299661451172,0.008872282301687628,55507.22590988878,211.37464715120862,0.012775211344172956,0.00016179667870079784,-4498.192380755398,4200.0,0.29861478828188404
2650.0,73666.10426206599,281.7078378768242,280.2496679235129,0.008560706182236947,54599.62200841821,0.008978669640815156,280.9433496358389,0.004477118679023572,45061.70248558646,282.6561340085188,281.1050219203295,0.009078647027865329,56765.232711822384,1920.76569818047,0.033022812293889404,282.08756531132747,280.9433496358389,0.00876520316719679,55460.00225331455,211.37464715120862,0.013223367019364581,0.00016118564362642434,-4498.192380755398,4200.0,0.29861478828188404
2700.0,73220.60311317194,281.40960693321017,279.9717976309156,0.008449549538169928,54529.88508280936,0.008857352308401803,280.6561913892798,0.004416787467772528,45111.01649285229,282.39325753040833,280.8599768135003,0.008982110042528529,56765.232711822384,1920.76569818047,0.034290273397824075,281.8015075253982,280.6561913892798,0.008658625426273188,55413.20990435978,211.37464715120862,0.013661739736828698,0.00016058062604777705,-4498.192380755398,4200.0,0.29861478828188404
2750.0,72777.32831253989,281.1109218004201,279.69330509825903,0.00833917914555957,54461.54267163045,0.008737006386599671,280.3684777916939,0.004356934956212297,45161.0000543482,282.1296585795946,280.61413248700376,0.008885879748431502,56765.232711822384,1920.76569818047,0.03555111889532761,281.5146932559699,280.3684777916939,0.00855255313827873,55366.85003400799,211.37464715120862,0.014090516133542027,0.00015998152728562758,-4498.192380755398,4200.0,0.29861478828188404
2800.0,72336.2703667589,280.8117681482471,279.41417699284847,0.008229591136940256,54394.57118644573,0.008617625545170109,280.0801952569539,0.004297558100989338,45211.63155545546,281.8653289663394,280.3674801932631,0.008789959677272098,56765.232711822384,1920.76569818047,0.036805550186305665,281.2271141592971,280.0801952569539,0.008446990370633805,55320.92370909952,211.37464715120862,0.014509877542773211,0.00015938825093872127,-4498.192380755398,4200.0,0.29861478828188404
2850.0,71897.41979820882,280.5121316939477,279.1343999888703,0.008120781858074286,54328.94758688081,0.008499203709293945,279.79133022191246,0.004238653984067982,45262.88972331684,281.600260402962,280.1200110810777,0.008694353403120584,56765.232711822384,1920.76569818047,0.03805376463031857,280.93876177067136,279.79133022191246,0.008341941199542985,55275.431894408124,211.37464715120862,0.014920000170350388,0.0001588007028159129,-4498.192380755398,4200.0,0.29861478828188404
2900.0,71460.76714546124,280.21199819703565,278.8539607635469,0.008012747861403326,54264.64935997696,0.008381735051249737,279.50186914204295,0.004180219808653577,45314.75361201502,281.33444450322673,279.87171619500396,0.00859906454268884,56765.232711822384,1920.76569818047,0.039295955685636944,280.6496275048357,279.50186914204295,0.00823740971067185,55230.37545463821,211.37464715120862,0.015321055262235532,0.00015821879087077743,-4498.192380755398,4200.0,0.29861478828188404
2950.0,71026.30296366545,279.9113534543798,278.5728459935397,0.007905485899774007,54201.654500496436,0.008265213982445216,279.2117984873485,0.00412225289528841,45367.20258846212,281.067872781758,279.62258647476716,0.008504096755587573,56765.232711822384,1920.76569818047,0.04053231303970366,280.35970265644056,279.2117984873485,0.008133399999775267,55185.75515634641,211.37464715120862,0.015713209264063305,0.0001576424251385889,-4498.192380755398,4200.0,0.29861478828188404
3000.0,70594.01782492023,279.61018329559624,278.2910423515953,0.007798992920419769,54139.94149212605,0.008149635145779781,278.9211047385325,0.004064750678109529,45420.216318965744,280.8005366534875,279.3726127547077,0.008409453744569933,56765.232711822384,1920.76569818047,0.041763022731429185,280.0689784005414,278.9211047385325,0.008029916173276195,55141.57166979093,211.37464715120862,0.01609662397293353,0.00015707151767556626,-4498.192380755398,4200.0,0.29861478828188404
3050.0,70163.90231863329,279.3084735787253,278.0085365034282,0.007693266059181745,54079.489289529905,0.008034993408317023,278.6297743834229,0.004007710701258153,45473.774756437706,280.53242743313416,279.12178576326414,0.008315139255761115,56765.232711822384,1920.76569818047,0.04298826726560736,279.77744579314594,278.6297743834229,0.00792696234879444,55097.825570712215,211.37464715120862,0.016471456681996986,0.00015650598250029085,-4498.192380755398,4200.0,0.29861478828188404
3100.0,69735.94705186688,279.0062101861861,277.725315104836,0.007588302634952724,54020.277301205206,0.007921283854248114,278.3377939136456,0.003951130615431268,45527.85812821638,280.26353633472087,278.8700961224958,0.008221157078872637,56765.232711822384,1920.76569818047,0.044208225719761955,279.48509577181363,278.3377939136456,0.007824542655624994,55054.51734204798,211.37464715120862,0.016837860318131656,0.00015594573553720113,-4498.192380755398,4200.0,0.29861478828188404
3150.0,69310.14264967247,278.70337902100084,277.44136479904165,0.007484100144328642,53962.28537309797,0.007808501778126162,278.04514982153967,0.0038950081745656234,45582.44692447068,279.9938544711289,278.6175343476479,0.008127511047399802,56765.232711822384,1920.76569818047,0.045423073843687316,279.19191915631296,278.04514982153967,0.007722661235164756,55011.64737558574,211.37464715120862,0.017195983573097536,0.00015539069456208101,-4498.192380755398,4200.0,0.29861478828188404
3200.0,68886.47975541353,278.39996600328243,277.15667221426065,0.007380656256453466,53905.49377293833,0.007696642678355096,277.7518285973112,0.0038393412326460648,45637.521887162045,279.7233728536945,278.3640908467616,0.008034205038801508,56765.232711822384,1920.76569818047,0.046632984151978946,278.89790664934293,277.7518285973112,0.007621322241287078,54969.21597355572,211.37464715120862,0.01754597102858807,0.0001548407791494558,-4498.192380755398,4200.0,0.29861478828188404
3250.0,68464.94903107798,278.0959570669808,276.8712239614896,0.0072779688080436555,53849.88317525758,0.007585702250915937,277.45781672642147,0.0037841277406297905,45693.0639995383,279.4520823918507,278.1097559203337,0.007941242974661384,56765.232711822384,1920.76569818047,0.04783812600975453,278.603048837321,277.45781672642147,0.007520529840662924,54927.22335016695,211.37464715120862,0.0178879632753495,0.00015429591062181869,-4498.192380755398,4200.0,0.29861478828188404
3300.0,68045.54115758033,277.79133815688095,276.58500663251306,0.007176035798578861,53795.43464705149,0.0074756763833138,277.16310068720463,0.0037293657434783233,45749.05447613406,279.1799738928149,277.85451976102723,0.007848628820828122,56765.232711822384,1920.76569818047,0.04903866571181227,278.30733619124544,277.16310068720463,0.007420288213027519,54885.66963308912,211.37464715120862,0.01822209702685873,0.0001537560120006112,-4498.192380755398,4200.0,0.29861478828188404
3350.0,67628.24683505452,277.4860952258512,276.29800679812865,0.00707485538564713,53742.12963405654,0.007366561148732654,276.86766694871557,0.0036750533772908576,45805.47475326189,278.9070380613286,277.59837245343766,0.007756366587534444,56765.232711822384,1920.76569818047,0.05023476655537453,278.0107590676356,276.86766694871557,0.007320601551391325,54844.554864882826,211.37464715120862,0.018548505227678695,0.00015322100795888704,-4498.192380755398,4200.0,0.29861478828188404
3400.0,67213.05678313746,277.180214232337,276.0102110065877,0.006974425880432037,53689.949947608024,0.007258352800381813,276.57150196880235,0.0036211888665310726,45862.30647996873,278.6332654994504,277.3413039739183,0.007664460329492996,56765.232711822384,1920.76569818047,0.05142658890664528,277.71330770955655,276.57150196880235,0.007221474062194074,54803.879004380535,211.37464715120862,0.01886731715684522,0.00015269082477559095,-4498.192380755398,4200.0,0.29861478828188404
3450.0,66799.96174124432,276.87368113809566,275.72160578225146,0.006874745743331201,53638.87775205044,0.007151047766020711,276.2745921924028,0.003567770521340816,45919.53150944006,278.358646706407,277.0833041904675,0.007572914145967328,56765.232711822384,1920.76569818047,0.05261429026137166,277.41497224773383,276.2745921924028,0.007122909965400271,54763.64192802068,211.37464715120862,0.019178658526600518,0.00015216539029138583,-4498.192380755398,4200.0,0.29861478828188404
3500.0,66388.95246883541,276.5664819061739,275.4321776244625,0.0067758135796949365,53588.895552672824,0.007044642642651233,275.9769240500665,0.0035147967349353957,45977.13189084016,278.08317207850484,276.82436286268336,0.0074817321808172965,56765.232711822384,1920.76569818047,0.05379802529944332,277.1157427017627,275.9769240500665,0.007024913494534753,54723.84343113707,211.37464715120862,0.019482651576535018,0.00015164463386596884,-4498.192380755398,4200.0,0.29861478828188404
3550.0,65980.01974567656,276.2586024991218,275.14191300663157,0.006677628135674724,53539.98618414309,0.006939134191361793,275.6784839566969,0.0034622659810726636,46035.08986156274,277.80683190910645,276.5644696417874,0.00739091862251615,56765.232711822384,1920.76569818047,0.05497794593381934,276.8156089814199,275.6784839566969,0.006927488896656804,54684.48322920574,211.37464715120862,0.019779415163594036,0.0001511284863368149,-4498.192380755398,4200.0,0.29861478828188404
3600.0,65573.15437209114,275.9500288774455,274.8507983755407,0.006580188294172291,53492.13279941693,0.006834519332315005,275.3792583105186,0.0034101768115919282,46093.387839887386,277.529616388676,276.3036140707244,0.007300477704138603,56765.232711822384,1920.76569818047,0.05615420135380074,276.51456088808175,275.3792583105186,0.006830640432270612,54645.56095905135,211.37464715120862,0.02006906484797321,0.00015061687997929203,-4498.192380755398,4200.0,0.29861478828188404
3650.0,65168.34716920667,275.6407469982964,274.55882015086354,0.006483493070878923,53445.31885909853,0.006730795139865325,275.0792334922665,0.003358527854015956,46152.00841802114,277.25151560489695,276.04178558433955,0.00721041370331757,56765.232711822384,1920.76569818047,0.057326938062786784,276.2125881162563,275.0866356267022,0.006734372375171177,54607.07618001511,211.37464715120862,0.020351712975228687,0.00015010974846809492,-4498.192380755398,4200.0,0.29861478828188404
3700.0,64765.58897919447,275.33074281439644,274.2659647249044,0.006387541610396522,53399.52812123142,0.006627958837797175,274.7783958645993,0.0033073178092114085,46210.934355515994,276.97251954286736,275.77897350964054,0.007120730942168114,56765.232711822384,1920.76569818047,0.05849629991067436,275.9096802552357,274.800878541981,0.00663868901222263,54569.028375086134,211.37464715120862,0.020627468754774985,0.00014960702683994444,-4498.192380755398,4200.0,0.29861478828188404
3750.0,64364.87066550419,275.02000227320104,273.9722184625581,0.00629233318243154,53354.74463149929,0.006526007794672883,274.4767317717385,0.0032565454491024597,46270.1485730502,276.6926180853758,275.51516706614666,0.0070314337871765185,56765.232711822384,1920.76569818047,0.05966242812089852,275.6058267908741,274.51404861199666,0.006543594643067919,54531.41695199807,211.37464715120862,0.020896438334924945,0.00014910865145750514,-4498.192380755398,4200.0,0.29861478828188404
3800.0,63966.18311309266,274.70851131629894,273.67756770149276,0.0061978671780532285,53310.95271381756,0.006424939519280605,274.1742275393336,0.0032062096144327393,46329.63414656149,276.4118010132628,275.25035536633084,0.0069425266490522435,56765.232711822384,1920.76569818047,0.06082546131225013,275.30101710749875,274.2261346681738,0.00644909357976726,54494.2412442928,211.37464715120862,0.021158724874664248,0.00014861455997447186,-4498.192380755398,4200.0,0.29861478828188404
3850.0,63569.517228648,274.3962558790505,273.38199875255805,0.006104143106008181,53268.136961297816,0.006324751656173236,273.8708694745566,0.0031563092125711945,46389.374301724834,276.1300580058743,274.98452741616035,0.00685401398254182,56765.232711822384,1920.76569818047,0.06198553551560979,274.9952404899616,273.93712544363024,0.0063551901463635,54457.50051235301,211.37464715120862,0.021414428612421897,0.00014812469130178306,-4498.192380755398,4200.0,0.29861478828188404
3900.0,63174.8639408094,274.0832541972929,273.08552884809126,0.0060111680966067685,53226.28222756811,0.006225456041456186,273.56667495006917,0.0031068502189159635,46449.401271471506,275.8473786416088,274.71767211573984,0.006765900286201315,56765.232711822384,1920.76569818047,0.06314162041538654,274.6884861258357,273.64700957550144,0.006261888678371793,54421.19394440519,211.37464715120862,0.021662488050916168,0.0001476389855749158,-4498.192380755398,4200.0,0.29861478828188404
3950.0,62782.214246520816,273.76974879040955,272.7884090595429,0.0059188866419348325,53185.37397913514,0.006127160270934556,273.2618773058053,0.003057886311627143,46510.08435584315,275.5637524037868,274.4497782656361,0.006678190099883496,56765.232711822384,1920.76569818047,0.06428458777855761,274.38074322352674,273.3557757154838,0.006169193566156633,54385.32087737699,211.37464715120862,0.021893782696452372,0.00014715738412222266,-4498.192380755398,4200.0,0.29861478828188404
4000.0,62391.55952928008,273.455716559163,272.4906286266176,0.005827226077708605,53145.40075815555,0.006029800850375932,272.9564589289099,0.0030093859484555422,46571.32659919036,275.2791687173307,274.1808346060875,0.006590887988988964,56765.232711822384,1920.76569818047,0.06541485362495601,274.0720478474668,273.06345771206117,0.006077118209856286,54349.88231303009,211.37464715120862,0.02211038048258222,0.00014667982943427076,-4498.192380755398,4200.0,0.29861478828188404
4050.0,62002.89117497981,273.14113753586315,272.1921673741636,0.005736189453495146,53106.35068956943,0.005933181171917853,272.65041627942475,0.002961251261414533,46632.879417712116,274.9936169059011,273.91082977133067,0.006503998562800068,56765.232711822384,1920.76569818047,0.06653271925282996,273.7626330156352,272.77029799184373,0.005985601432986469,54314.87881231781,211.37464715120862,0.02232131970880083,0.00014620626513414564,-4498.192380755398,4200.0,0.29861478828188404
4100.0,61616.20057689521,272.82599149639316,271.89300487492415,0.0056457797935798425,53068.21037944072,0.00583728606566075,272.3437305561837,0.0029134747569524093,46694.70490731774,274.70708619349693,273.63975229135656,0.006417526473893275,56765.232711822384,1920.76569818047,0.06763849322923476,273.4524711983165,272.47627863481875,0.0058945865513504725,54280.309815042085,211.37464715120862,0.02252632105233051,0.0001457366359486847,-4498.192380755398,4200.0,0.29861478828188404
4150.0,61231.47913578638,272.5102581431562,271.59312061931513,0.005556000173259317,53030.96648186598,0.005742118338722186,272.036381399695,0.0028660578965075834,46756.78599051915,274.41956570551963,273.3675905931123,0.00633147641768892,56765.232711822384,1920.76569818047,0.06873248484079393,273.14154510499594,272.18138143142176,0.005804080272933267,54246.17459295732,211.37464715120862,0.02272547513567229,0.00014527088768060382,-4498.192380755398,4200.0,0.29861478828188404
4200.0,60848.71826026024,272.19391718115617,271.29249408634985,0.005466853749378453,52994.60584648077,0.005647680849855997,271.7283484484508,0.0028190021671035846,46819.10565231416,274.1310695539424,273.0943569617995,0.0062458593558133765,56765.232711822384,1920.76569818047,0.06981590541711186,272.8298378594051,271.8855885495131,0.005714089535209886,54212.47234424635,211.37464715120862,0.02291888782169181,0.00014480896718148728,-4498.192380755398,4200.0,0.29861478828188404
4250.0,60467.909367234824,271.8769483155201,270.99110474156043,0.005378343758948188,52959.1155119376,0.005553976508591779,271.41961133659817,0.0027723090809212494,46881.646936663994,273.8418080848765,272.8202677930422,0.006160634210521659,56765.232711822384,1920.76569818047,0.07089705271745504,272.5173324803625,271.58888205251094,0.005624621291644834,54179.20219413265,211.37464715120862,0.0231066616571445,0.00014435082232560663,-4498.192380755398,4200.0,0.29861478828188404
4300.0,60089.043882393205,271.5593312490517,270.68893203498305,0.005290473517553662,52924.48269962581,0.005461008274134716,271.11014969166087,0.0027259801747511365,46944.3929427225,273.5517667001195,272.54531861722825,0.006075740316862335,56765.232711822384,1920.76569818047,0.07197613753529808,272.20401187987443,271.29124389769044,0.005535682511008616,54146.36319547404,211.37464715120862,0.0232888958714178,0.0001438964019845404,-4498.192380755398,4200.0,0.29861478828188404
4350.0,59712.11324062813,271.2410456801766,270.385955399545,0.005203246417688755,52890.69480762007,0.005368779154172183,270.799943132659,0.0026800170093990946,47007.32682135041,273.2609292864923,272.26949234578046,0.005991184144206102,56765.232711822384,1920.76569818047,0.07305331731142481,271.8898588636013,270.9926559367229,0.005447280177424538,54113.95432933666,211.37464715120862,0.0234656864466638,0.00014344565600256455,-4498.192380755398,4200.0,0.29861478828188404
4400.0,59337.10888647701,270.922071301289,270.08215424986423,0.0051166659270127195,52857.7394048483,0.005277292203585057,270.4889712686378,0.0026344211690439534,47070.431771922806,272.96928015815047,271.99277227121263,0.005906972444824908,56765.232711822384,1920.76569818047,0.07412876621438766,271.5748561316184,270.69309991653023,0.0053594212902910625,54081.97450555072,211.37464715120862,0.023637126184561093,0.00014299853517278613,-4498.192380755398,4200.0,0.29861478828188404
4450.0,58964.02227454898,270.6023877975046,269.7775079814663,0.005030735586521591,52825.6042254707,0.0051865505230571695,270.17721369760886,0.002589194260544037,47133.69103942509,272.6768035105321,271.7151415612199,0.005823112024115071,56765.232711822384,1920.76569818047,0.07520265549182131,271.2589862794726,270.39255748045946,0.005272112864070383,54050.4225632494,211.37464715120862,0.023803304769527897,0.00014255499121399492,-4498.192380755398,4200.0,0.29861478828188404
4500.0,58592.84486994376,270.2819748458284,269.4719959704296,0.004945459008628671,52794.27716346197,0.0050965572575796285,269.8646500059147,0.002544337912690866,47197.08791184405,272.3834834173665,271.4365832558808,0.005739609740006083,56765.232711822384,1920.76569818047,0.07627515337842315,270.94223179954935,270.0910101697904,0.005185361927938486,54019.29727139219,211.37464715120862,0.023964308828574154,0.00014211497674820469,-4498.192380755398,4200.0,0.29861478828188404
4550.0,58223.56814866343,269.9608121147438,269.16559757346613,0.0048608398751469935,52763.7462673891,0.005007315594843934,269.5512597680226,0.0024998537754069945,47260.605717852675,272.0893038300884,271.15708026711826,0.005656472503214084,56765.232711822384,1920.76569818047,0.07734642507541173,270.6245750827618,269.7884394255921,0.005099175525290901,53988.59732927423,211.37464715120862,0.024120221987955458,0.00014167844527886335,-4498.192380755398,4200.0,0.29861478828188404
4600.0,57856.18359801759,269.6388792642337,268.85829212844834,0.004776881935167687,52733.99973537784,0.004918828763519356,269.23702254675857,0.0024557435188857085,47324.22782479398,271.79424857746517,270.8766153783883,0.005573707277413343,56765.232711822384,1920.76569818047,0.0784166327218721,270.3059984205794,269.48482659094253,0.005013560713099058,53958.32136702283,211.37464715120862,0.02427112492682424,0.0001412453511697054,-4498.192380755398,4200.0,0.29861478828188404
4650.0,57490.68271702293,269.31615594624003,268.55005895539233,0.004693589002826894,52705.02591026129,0.004831100031408639,268.9219178939895,0.0024120088326696197,47387.93763696394,271.4983013654353,270.5951712445973,0.005491321079317429,56765.232711822384,1920.76569818047,0.07948593535761952,269.98648400740814,269.180152913528,0.004928524561111068,53928.4679460828,211.37464715120862,0.024417095428065548,0.000140815649624226,-4498.192380755398,4200.0,0.29861478828188404
4700.0,57127.057016796956,268.9926218055749,268.24087735790823,0.004610964954954855,52676.81327490428,0.0047441327034772,268.60592535176545,0.0023686514246657256,47451.71859420047,271.2014457771707,270.31273039225977,0.005409320978664943,56765.232711822384,1920.76569818047,0.08055448887745525,269.6660139433398,268.8743995486378,0.004844074150891133,53899.035559691765,211.37464715120862,0.024558208426431593,0.00014038929666575475,-4498.192380755398,4200.0,0.29861478828188404
4750.0,56765.29802094754,268.6682564812918,267.9307266251301,0.004529013728599993,52649.3504476978,0.004657930119749994,268.2890244539323,0.0023256730200940053,47515.55417078045,270.90366527337363,270.029275219909,0.005327714098105226,56765.232711822384,1920.76569818047,0.081622445976791,269.3445702372853,268.56754756257203,0.004760216574691352,53870.02263334706,211.37464715120862,0.024694536054200918,0.0001399662491181076,-4498.192380755398,4200.0,0.29861478828188404
4800.0,56405.39726595799,268.3430396085278,267.6195860341364,0.004447739318420974,52622.626178218154,0.004572495653070285,267.971194728226,0.0022830753603666778,47579.427874629895,270.6049431928197,269.74478799877284,0.005246507612978682,56765.232711822384,1920.76569818047,0.08268995608857262,269.0221348105086,268.2595779364783,0.004676958934149446,53841.427525265506,211.37464715120862,0.02482614768450905,0.0001395464645867988,-4498.192380755398,4200.0,0.29861478828188404
4850.0,56047.34630156874,268.01695082083023,267.3074348528747,0.004367145773939753,52596.62934304554,0.004487832706714656,267.65241569886075,0.002240860201895274,47643.32324685192,270.3052627531611,269.4592508737291,0.00516570875098659,56765.232711822384,1920.76569818047,0.08375716531143111,268.698689500578,267.95047157063686,0.004594308338805853,53813.24852683765,211.37464715120862,0.024953109972496834,0.00013912990144079166,-4498.192380755398,4200.0,0.29861478828188404
4900.0,55691.136691156265,267.6899697529773,266.99425234360325,0.004287237196648366,52571.34894173745,0.004403944711858516,267.3326668896238,0.0021990293148226366,47707.22386157842,270.0046070520017,269.1726458645532,0.005085324791744517,56765.232711822384,1920.76569818047,0.08482421632899802,268.37421606575225,267.6402092892111,0.00451227190443354,53785.48386307771,211.37464715120862,0.025075486894472396,0.00013871651879477167,-4498.192380755398,4200.0,0.29861478828188404
4950.0,55336.76001210963,267.3620760443075,266.68001776686316,0.004208017736962234,52546.774092952386,0.00432083512488608,267.0119278274895,0.0021575844816768487,47771.113326150706,269.70295906825777,268.8849548674739,0.005005363066213816,56765.232711822384,1920.76569818047,0.08589124832029794,268.04869618981945,267.3287718454824,0.004430856751173388,53758.13169307096,211.37464715120862,0.02519333978524261,0.00013830627649192293,-4498.192380755398,4200.0,0.29861478828188404
5000.0,54984.20785620519,267.03324934256915,266.3647103859946,0.004129491591012973,52522.89403071974,0.004238507424539111,266.69017804676605,0.0021165274959441967,47834.9752816354,269.40030166381985,268.5961596570511,0.004925830956004885,56765.232711822384,1920.76569818047,0.0869583968612091,267.72211148740575,267.016139927588,0.004350070001468353,53731.19011041982,211.37464715120862,0.02530672737378031,0.00013789913508719195,-4498.192380755398,4200.0,0.29861478828188404
5050.0,54633.47182998036,266.70346930830306,266.0483094722119,0.004051662997273237,52499.69810085199,0.004156965108897877,266.367397093787,0.0020758601605579147,47898.79340368001,269.09661758552875,268.3062418883926,0.00484673589254594,56765.232711822384,1920.76569818047,0.08802579381689786,267.3944435097723,266.70229416478185,0.004269918777789207,53704.65714369029,211.37464715120862,0.025415705817376143,0.00013749505583102203,-4498.192380755398,4200.0,0.29861478828188404
5100.0,54284.54355510659,266.37271561977275,265.730794310251,0.003974536233006645,52477.1757574956,0.004076211692189411,266.04356453216445,0.0020355842863002314,47962.551403718564,268.7918894674824,268.0151830997248,0.00476808535611091,56765.232711822384,1920.76569818047,0.08909356722520916,267.0656737511202,266.3872151342366,0.004190410200144386,53678.530756860244,211.37464715120862,0.02552032873450109,0.00013709400065354234,-4498.192380755398,4200.0,0.29861478828188404
5150.0,53937.41466876266,266.04096797845443,265.4121442046041,0.0038981156105352766,52455.31655981734,0.003996250701416128,265.7186599486137,0.0019957016901142387,48026.23303052927,268.48609983368885,267.72296471533565,0.004689886874699566,56765.232711822384,1920.76569818047,0.09016184117098938,266.73578365542,266.0708833684074,0.0041115513833670705,53652.80884977111,211.37464715120862,0.025620647236496926,0.0001366959321491979,-4498.192380755398,4200.0,0.29861478828188404
5200.0,53592.07682400848,265.70820611510067,265.092338486356,0.0038224054733182076,52434.11016882281,0.003917085672799396,265.39266295936613,0.0019562141933228785,48089.822072153635,268.179231101081,267.4295680489053,0.004612148022762873,56765.232711822384,1920.76569818047,0.09123073565129598,266.40475462378595,265.7532793629761,0.004033349434171693,53627.489258584515,211.37464715120862,0.025716709958301436,0.00013630081356180384,-4498.192380755398,4200.0,0.29861478828188404
5250.0,53248.52169015982,265.3744097963916,264.7713565206364,0.003747410191833678,52413.54634430449,0.0038387201480326776,265.0655532171833,0.0019171236197523481,48153.30235818445,267.8712655829113,267.1349743072446,0.004534876419766498,56765.232711822384,1920.76569818047,0.09230036643153074,266.07256802241324,265.4343835853969,0.003955811447973042,53602.569756245575,211.37464715120862,0.02580856308838165,0.00013590860877001241,-4498.192380755398,4200.0,0.29861478828188404
5300.0,52906.74095316519,265.0395588321861,264.4491777147018,0.0036731341592582266,52393.61494191653,0.0037611576703378523,264.73731041898543,0.0018784317937567089,48216.65776242703,267.56218549254316,266.83916459445794,0.0044580797285850675,56765.232711822384,1920.76569818047,0.0933708448925225,265.7392051910967,265.1141764840612,0.003878944505460186,53578.0480529543,211.37464715120862,0.025896250398071495,0.0001355192822731773,-4498.192380755398,4200.0,0.29861478828188404
5350.0,52566.72631598475,264.70363308338676,264.1257815266622,0.0035995817869361544,52374.305910373936,0.003684401780319777,264.40791431410776,0.0018401405381412437,48279.872205942214,267.251972947656,266.54211991655035,0.004381765653719462,56765.232711822384,1920.76569818047,0.09444227786856951,265.40464745234914,264.79263849810224,0.003802755668918372,53553.92179664692,211.37464715120862,0.02597981327046817,0.00013513279917760386,-4498.192380755398,4200.0,0.29861478828188404
5400.0,52228.46949897225,264.36661247043094,263.8011474748645,0.003526757499633013,52355.60928877384,0.003608456011613745,264.0773447131989,0.0018022516719818648,48342.929660478156,266.940609974883,266.2438211864974,0.004305941939329389,56765.232711822384,1920.76569818047,0.09551476747654325,265.0688761211393,264.46975006785834,0.0037272519782916838,53530.188573488755,211.37464715120862,0.02605929072915524,0.00013474912518317178,-4498.192380755398,4200.0,0.29861478828188404
5450.0,51891.962240260335,264.0284769824207,263.4752551479471,0.0034546657305667846,52337.51520403696,0.0035333238863208562,263.74558149777243,0.0017647670083380822,48405.81415229644,266.62807851490066,265.94424922979886,0.004230616367073561,56765.232711822384,1920.76569818047,0.09658841093616632,264.7318725152638,264.1454916460129,0.0036524404469795903,53506.84590838021,211.37464715120862,0.026134719466831286,0.00013436822657031874,-4498.192380755398,4200.0,0.29861478828188404
5500.0,51557.19629614957,263.68920668690225,263.14808421557683,0.0033833109162110303,52320.01386846723,0.00345900891022616,263.4126046304233,0.0017276883518569546,48468.50976639797,266.3143604279876,265.6433847905344,0.004155796753749003,56765.232711822384,1920.76569818047,0.09766330038159417,264.3936179663741,263.8198437094288,0.0035783280573605026,53483.89126547783,211.37464715120862,0.026206133874201332,0.00013399007018737407,-4498.192380755398,4200.0,0.29861478828188404
5550.0,51224.163441502715,263.3487817403078,262.8196144398806,0.0033126974908646704,52303.09557742799,0.003385514567796246,263.0783941657232,0.0016910174962663596,48531.00065115887,265.9994375000731,265.3412085379434,0.004081490948721495,56765.232711822384,1920.76569818047,0.09873952266443169,264.05409383167256,263.49278677169633,0.003504921756036356,53461.32204873197,211.37464715120862,0.026273566069165793,0.00013361462343822948,-4498.192380755398,4200.0,0.29861478828188404
5600.0,50892.855470143055,263.0071823990672,262.4898256875817,0.003242829880983182,52286.75070713318,0.003312844316950968,262.7429302618005,0.0016547562217549153,48593.271023375615,265.68329144929385,265.0377010735481,0.004007706831138772,56765.232711822384,1920.76569818047,0.09981715914849007,263.7132815062944,263.16430139640795,0.003432228448791704,53439.13560244289,211.37464715120862,0.02633704592671014,0.00013324185427033872,-4498.192380755398,4200.0,0.29861478828188404
5650.0,50563.264195259384,262.6643890314014,262.1586979428509,0.003173712499266812,52270.96971255215,0.0032410015836070905,262.40619319261884,0.0016189062922374454,48655.305173730914,265.3659039330799,264.7328429388421,0.003934452306918152,56765.232711822384,1920.76569818047,0.1008962854964614,263.3711624363896,262.83436821117846,0.0033602549952619753,53417.32921183709,211.37464715120862,0.026396601109507346,0.00013287173116303385,-4498.192380755398,4200.0,0.29861478828188404
5700.0,50235.38144981611,262.3203821298036,261.8262113208798,0.0031053497385018216,52255.74312542681,0.0031699897559898773,262.06816336095795,0.001583469452503999,48717.08747267963,265.0472565557881,264.42661462356426,0.0038617353054999164,56765.232711822384,1920.76569818047,0.10197697144887238,263.02771813292105,262.50296792242244,0.0032890082033056696,53395.90010366561,211.37464715120862,0.026452257099674015,0.000132504223116149,-4498.192380755398,4200.0,0.29861478828188404
5750.0,49909.199086970635,261.9751423242151,261.49234608218364,0.0030377459651513253,52241.06155239995,0.0030998121787108933,261.72882131210673,0.001548447425251551,48778.6023767625,264.7273308769041,264.1189965745789,0.0037895637763582382,56765.232711822384,1920.76569818047,0.10305928059565964,262.68293018618675,262.17008133090246,0.00321849482307573,53374.84544682618,211.37464715120862,0.026504037231704396,0.00013213929963894203,-4498.192380755398,4200.0,0.29861478828188404
5800.0,49584.7089804977,261.6286503959018,261.15708264763845,0.0029709055126932267,52226.91567325381,0.003030472146610077,261.3881477482718,0.0015138419079974163,48839.83443534892,264.4061084198312,263.8099692053839,0.0037179456852609,56765.232711822384,1920.76569818047,0.10414327014077737,262.33678028108176,261.8356893480591,0.0031487215407862788,53354.16235301089,211.37464715120862,0.026551962726954988,0.000131776930739305,-4498.192380755398,4200.0,0.29861478828188404
5850.0,49261.903025221014,261.28088729203347,260.82040161425584,0.002904832674703186,52213.29623925788,0.002961972898360872,261.046123543705,0.0014796545698737699,48900.76829781105,264.08357068128777,263.49951290626655,0.003646889010269642,56765.232711822384,1920.76569818047,0.10522899066036269,261.9892502131067,261.49977301313226,0.0030796949721715056,53333.84787738141,211.37464715120862,0.0265960527298781,0.00013141708691325423,-4498.192380755398,4200.0,0.29861478828188404
5900.0,48940.77313745343,260.93183414096785,260.4822837716963,0.002839531697681636,52200.194071625134,0.002894317609838384,260.70272976055065,0.0014458870483032534,48961.388721130585,263.7596991413309,263.18760805512835,0.003576401737472749,56765.232711822384,1920.76569818047,0.10631648585497679,261.64032190512967,261.1623135110806,0.003011421655634065,53313.89901927335,211.37464715120862,0.02663632434619899,0.00013105973913469116,-4498.192380755398,4200.0,0.29861478828188404
5950.0,48621.31125544506,260.5814722682391,260.14271011952036,0.002775006773624806,52187.60006007598,0.0028275093872514394,260.3579476654138,0.0014125409455561155,49021.68057794016,263.4344752740257,262.8742350289979,0.0035064918564415757,56765.232711822384,1920.76569818047,0.10740579229653041,261.2899774249088,260.8232921913036,0.0029439080450815057,53294.3127229317,211.37464715120862,0.026672792683337096,0.00013070485884542697,-4498.192380755398,4200.0,0.29861478828188404
6000.0,48303.509339840944,260.2297832132472,259.8016618851735,0.002711262032340426,52175.50516150917,0.0027615512600395516,260.01175874664267,0.0013796178251893844,49081.62886499506,263.10788055877947,262.5593742162519,0.0034371673554032924,56765.232711822384,1920.76569818047,0.108496939170622,260.93819900337604,260.4826905871699,0.002877160502450271,53275.08587827924,211.37464715120862,0.026705470893273298,0.00013035241794546125,-4498.192380755398,4200.0,0.29861478828188404
6050.0,47987.35937414736,259.8767487466425,259.45912054269877,0.002648301533510365,52163.900398779144,0.0026964461735378845,259.66414473232186,0.0013471192083696266,49141.218712075206,262.77989649235786,262.24300602956333,0.0033684362161219812,56765.232711822384,1920.76569818047,0.10958994801506226,260.58496905368474,260.1404904363497,0.002811185289917792,53256.215321719465,211.37464715120862,0.02673437021816062,0.0001300023887835083,-4498.192380755398,4200.0,0.29861478828188404
6100.0,47672.853365208575,259.5223508883987,259.1150678321678,0.0025861292585030254,52152.77685957911,0.00263219698141392,259.3150876089676,0.0013150465700811555,49200.435391314124,262.45050460160064,261.9251109195936,0.0033003064084807456,56765.232711822384,1920.76569818047,0.11068483245538868,260.23027019101585,259.79667370194954,0.002745988561804249,53237.69783697606,211.37464715120862,0.026759500038825414,0.00012965474414776312,-4498.192380755398,4200.0,0.29861478828188404
6150.0,47359.983343693115,259.1665719265608,258.7694857798177,0.0025247491019401774,52142.125695429466,0.0025688064378803976,258.9645696409109,0.0012834013352219674,49259.26432694646,262.11968645685295,261.6056693894467,0.0032327858847578236,56765.232711822384,1920.76569818047,0.11178159793839203,259.87408525313924,259.4512225944409,0.002681576356167314,53219.530155970584,211.37464715120862,0.026780867926522182,0.00012930945725689988,-4498.192380755398,4200.0,0.29861478828188404
6200.0,47048.74136459039,258.80939443665574,258.4223567188782,0.0024641648630239453,52131.93812077085,0.002506277189691117,258.61257339035654,0.001252184874590731,49317.69110547062,261.78742368612785,261.28466200990084,0.003165882573590398,56765.232711822384,1920.76569818047,0.11288024146461872,259.5163973217195,259.1041195943729,0.002617954586094065,53201.708959739975,211.37464715120862,0.026798479698051606,0.00012896650175129657,-4498.192380755398,4200.0,0.29861478828188404
6250.0,46739.119507718664,258.4508013017466,258.0736633110691,0.0024043802366309776,52122.20541216146,0.0024446117679268573,258.2590817380969,0.0012213985007684496,49375.701486214886,261.45369799001327,260.96206943543154,0.0030996043736197143,56765.232711822384,1920.76569818047,0.11398075132103293,259.1571897443549,258.75534747585573,0.0025551290306964135,53184.23087939576,211.37464715120862,0.026812339474611174,0.0001286258516844776,-4498.192380755398,4200.0,0.29861478828188404
6300.0,46431.10987824306,258.0907757331094,257.7233885687454,0.002345398804182729,52112.918907578,0.00238381257958041,257.90407790485904,0.0011910434638993178,49433.28141229696,261.118491157336,260.63787242103865,0.00303395914681252,56765.232711822384,1920.76569818047,0.11508310681501226,258.796446157331,258.4048893307939,0.002493105325817166,53167.09249712645,211.37464715120862,0.02682244974447425,0.0001282874815147702,-4498.192380755398,4200.0,0.29861478828188404
6350.0,46124.7046072055,257.7293012915086,257.3715158776624,0.002287224024302148,52104.07000581979,0.00232388189895147,257.54754547326024,0.0011611209473761607,49490.41702196539,260.78178508159306,260.31205183988936,0.002968954711453998,56765.232711822384,1920.76569818047,0.11618727801096633,258.43415050907015,258.0527285938486,0.002431888954456608,53150.290347244714,211.37464715120862,0.026828811429780226,0.00012795136609716605,-4498.192380755398,4200.0,0.29861478828188404
6400.0,45819.89585206526,257.3663619090388,257.01802902032864,0.0022298592232687696,52095.650166015315,0.0022648218588627498,257.18946841033795,0.0011316320634361522,49547.09466030388,260.44356177816076,259.98458870178484,0.0029045988348083925,56765.232711822384,1920.76569818047,0.11729322547114962,258.0702870842503,257.6988490681006,0.002371485236930431,53133.82091728096,211.37464715120862,0.026831423957671376,0.00012761748067538356,-4498.192380755398,4200.0,0.29861478828188404
6450.0,45516.67579725177,257.00194191150337,256.66291219991143,0.002173307585285918,52087.65090723078,0.0022066344417118982,256.8298310906239,0.0011025778486741212,49603.300891286075,260.10380340228596,259.6554641724576,0.0028408992254444145,56765.232711822384,1920.76569818047,0.1184009000019749,257.7048405285635,257.3432349513805,0.0023118993207722556,53117.68064912456,211.37464715120862,0.026830285335877075,0.0001272858008741249,-4498.192380755398,4200.0,0.29861478828188404
6500.0,45215.03665472815,256.6360260412895,256.3061500646533,0.002117572142575869,52080.06380817976,0.002149321470373981,256.46861831972006,0.0010739592594808539,49659.02251015738,259.7624922678647,259.32465959370325,0.0027778635252233863,56765.232711822384,1920.76569818047,0.11951024240754139,257.33779587408003,256.98587086322937,0.0022531361703960664,53101.86594021429,211.37464715120862,0.026825392232997146,0.00012695630269152095,-4498.192380755398,4200.0,0.29861478828188404
6550.0,44914.97066456693,256.2685994806977,255.9477277327544,0.002062655765320312,52072.88050703331,0.0020928845989717873,256.105815358333,0.0010457771674150392,49714.24655612177,259.41961086701036,258.99215650434826,0.0027154993009493905,56765.232711822384,1920.76569818047,0.1206211832521282,256.9691385651771,256.6267418724458,0.0021952005565356986,53086.373144779034,211.37464715120862,0.026816740063625468,0.00012662896249176085,-4498.192380755398,4200.0,0.29861478828188404
6600.0,44616.47009553704,255.8996478756798,255.5876308176696,0.00200856115146565,52066.09270132962,0.0020373253035330975,255.74140794671857,0.001018032354518461,49768.96032530984,259.07514189041046,258.65793666205167,0.002653814035681903,56765.232711822384,1920.76569818047,0.12173364263338833,256.5988544849882,256.2658335251707,0.0021380970454810883,53071.198575130074,211.37464715120862,0.02680432307842655,0.00012630375699789818,-4498.192380755398,4200.0,0.29861478828188404
6650.0,44319.527245702164,255.52915735993273,255.2258454537651,0.001955290816414638,52059.692147982176,0.001982644872555877,255.3753823294832,0.0009907255085849342,49823.151384000405,258.7290682484648,258.32198206593455,0.002592815119712315,56765.232711822384,1920.76569818047,0.12284752996810716,256.2269299823206,255.9031318734545,0.0020818299881330783,53056.338503005885,211.37464715120862,0.026788134459282513,0.00012598066328483142,-4498.192380755398,4200.0,0.29861478828188404
6700.0,44024.134443030765,255.15711457929172,254.86235832227317,0.0019028470826278467,52053.67066338545,0.0019288443975036696,255.00772528068242,0.0009638572183941763,49876.80758206382,258.3813730932021,257.98427498002997,0.0025325098412078747,56765.232711822384,1920.76569818047,0.12396274379263605,255.8533518989865,255.53862350424592,0.0020264035089009947,53041.78916097036,211.37464715120862,0.026768166419609035,0.0001256596587724518,-4498.192380755398,4200.0,0.29861478828188404
6750.0,43730.28404601684,254.7835067163606,254.49715667747884,0.0018512320691605043,52048.020123616705,0.0018759247632562873,254.63842412915284,0.000937427968923166,49929.91706659495,258.03203984095836,257.6447979575385,0.0024729053765275436,56765.232711822384,1920.76569818047,0.12507917157989945,255.4781075974837,255.17229556873525,0.0019718214944697164,53027.54674386528,211.37464715120862,0.02674441030990071,0.00012534072121895442,-4498.192380755398,4200.0,0.29861478828188404
6800.0,43437.96844431167,254.40832151531404,254.13022837306758,0.001800447681162469,52042.73246473273,0.0018238866385421816,254.26746678400963,0.0009114381365482461,49982.46829570043,257.68105219580593,257.3035338658739,0.0024140087802162705,56765.232711822384,1920.76569818047,0.12619668957523802,255.1011849889589,254.80413581197863,0.0019180875824652613,53013.60741031756,211.37464715120862,0.026716856728473102,0.00012502382871430872,-4498.192380755398,4200.0,0.29861478828188404
6850.0,43147.18005936623,254.03154730679816,253.76156188855646,0.001750495599370789,52037.799683159756,0.0017727304663807402,253.89484176023345,0.000885887984252112,50034.450052399305,257.3283941737106,256.9604659124756,0.0023558269746859015,56765.232711822384,1920.76569818047,0.12731516265320741,254.72257256137866,254.43413260272325,0.0018652051500504972,52999.96728430178,211.37464715120862,0.026685495637467405,0.00012470895967388223,-4498.192380755398,4200.0,0.29861478828188404
6900.0,42857.91134508323,253.65317303285462,253.3911463557272,0.0017013772696267652,52033.21383617491,0.001722456454565268,253.52053820427037,0.0008607776568511152,50085.85145859861,256.974050127394,256.6155776713631,0.0022983667395928705,56765.232711822384,1920.76569818047,0.128434444197595,254.34225940782747,254.0622749633476,0.0018131773024850993,52986.622456758225,211.37464715120862,0.026650316483949627,0.00012439609283221545,-4498.192380755398,4200.0,0.29861478828188404
6950.0,42570.15478847925,253.27318827178547,253.0189715849743,0.0016530938924512345,52028.96704247729,0.0016730645662183963,253.14454591955803,0.000836107176258792,50136.661989096734,256.61800477187114,256.2688531103985,0.002241634700924782,56765.232711822384,1920.76569818047,0.12955437600694406,253.96023525484856,253.68855259982448,0.0017620068616862493,52973.56898726651,211.37464715120862,0.02661130832615526,0.0001240852072369413,-4498.192380755398,4200.0,0.29861478828188404
7000.0,42283.902910355384,252.89158326287352,252.64502809147575,0.001605646412713432,52025.05148284645,0.0016245545104539559,252.7668553918906,0.0008118764368026825,50186.87148556908,256.26024321063136,255.92027661922214,0.0021856373198102796,56765.232711822384,1920.76569818047,0.1306747882279396,253.57649049073206,253.31295593160735,0.0017116963548289425,52960.80290577475,211.37464715120862,0.02656845996455345,0.00012377628224284737,-4498.192380755398,4200.0,0.29861478828188404
7050.0,41999.14826597637,252.50834893086736,252.26930712108975,0.0015590355094312407,52021.459400886,0.0015769257331809763,252.38745781452926,0.0007880852006123186,50236.47017048677,255.90075096241907,255.5698330378169,0.0021303808810686693,56765.232711822384,1920.76569818047,0.13179549931885087,253.1910161936571,252.93547612133645,0.0016622480030274432,52948.32021438382,211.37464715120862,0.02652176007772702,0.0001234692975060753,-4498.192380755398,4200.0,0.29861478828188404
7100.0,41715.88344575762,252.12347691013576,251.89180067587654,0.0015132615857417462,52018.18310384971,0.0015301774080868783,252.0063451129589,0.0007647330930969602,50285.44866091513,255.53951398857416,255.21750768565357,0.002075871481518399,56765.232711822384,1920.76569818047,0.13291631604551074,252.80380415958007,252.556105104253,0.0016136637101411926,52936.11688918628,211.37464715120862,0.02647119736266144,0.00012316423297845463,-4498.192380755398,4200.0,0.29861478828188404
7150.0,41434.10107595848,251.73695956839393,251.5125015391398,0.0014683247590830551,52015.214963547325,0.001484308427838544,251.62350996919156,0.0007418195985324752,50333.797982139746,255.1765187208781,254.86328639136192,0.0020221150180655305,56765.232711822384,1920.76569818047,0.1340370335119682,252.41484692976388,252.17483561720655,0.0015659450517511012,52924.18888215906,211.37464715120862,0.026416760679245862,0.00012286106890196664,-4498.192380755398,4200.0,0.29861478828188404
7200.0,41153.7938193817,251.34879002989692,251.1314032998784,0.0014242248516294043,52012.54741732698,0.001439317395540933,251.23894584550771,0.0007193440557772472,50381.50958106063,254.81175208985033,254.5071555228664,0.0019691171755962097,56765.232711822384,1920.76569818047,0.13515743522816315,252.02413781783338,251.7916612271338,0.0015190932643539233,52912.53212310898,211.37464715120862,0.026358439198647554,0.00012255978580333554,-4498.192380755398,4200.0,0.29861478828188404
7250.0,40874.95437607744,250.9589621979976,250.74850037653664,0.0013809613810233093,52010.17296913092,0.0013952026164947228,250.85264700753075,0.0006973056541379034,50428.575339300245,254.44520155343187,254.14910201791903,0.0019168834146996135,56765.232711822384,1920.76569818047,0.1362772932166796,251.63167093623815,251.40657635888283,0.0014731092348241601,52901.14252166976,211.37464715120862,0.02629622255503731,0.00012226036448874275,-4498.192380755398,4200.0,0.29861478828188404
7300.0,40597.57548405141,250.56747077695866,250.3637880399377,0.001338533551449032,52008.08419062096,0.001351962090294421,250.4646085465198,0.0006757034294056423,50474.98758596207,254.07685512598823,253.78911341495538,0.0018654189592504373,56765.232711822384,1920.76569818047,0.13739636816075454,251.23744122200358,251.0195763222539,0.0014279934901948177,52890.0159693491,211.37464715120862,0.026230101000385274,0.00012196278603866118,-4498.192380755398,4200.0,0.29861478828188404
7350.0,40321.64991997539,250.17431129290907,249.9772624352831,0.0012969402450929376,52006.27372236979,0.001309593503309883,250.07482640076884,0.0006545362600846794,50520.739109979906,253.70670140755436,253.42717788419225,0.0018147287838827277,56765.232711822384,1920.76569818047,0.13851440959538897,250.84144446164132,250.63065733812203,0.0013837461878094587,52879.148341623855,211.37464715120862,0.026160065561650913,0.00012166703180280655,-4498.192380755398,4200.0,0.29861478828188404
7400.0,40047.17049989893,249.77948011383376,249.58892060309935,0.0012561800140365317,52004.73427511411,0.0012680942215944292,249.68329737599765,0.0006338028638344643,50565.823171996606,253.33472961324293,253.06328425888023,0.0017648176013895628,56765.232711822384,1920.76569818047,0.13963115614344795,250.44367731509422,250.23981656350628,0.0013403671058992127,52868.53550008146,211.37464715120862,0.026086108199903663,0.00012137308339520255,-4498.192380755398,4200.0,0.29861478828188404
7450.0,39774.13007996125,249.38297446848281,249.1987604990124,0.0012162510726284883,52003.458631065085,0.001227461284262636,249.2900191646171,0.0006135017941472624,50610.233515707514,252.96092960272517,252.69742206661604,0.0017156898500856664,56765.232711822384,1920.76569818047,0.1407463357982903,250.04413733858323,249.84705211544642,0.0012978556346392351,52858.173294605076,211.37464715120862,0.026008221970681283,0.00012108092268935637,-4498.192380755398,4200.0,0.29861478828188404
7500.0,39502.521557101725,248.98479246408795,248.80678101223046,0.0011771512903819969,52002.43964527164,0.001187691397381321,248.89499036375412,0.0005936314372829131,50653.964378607074,252.5852919096927,252.32958156061454,0.0016673496811729735,56765.232711822384,1920.76569818047,0.1418596662544244,249.6428230062269,249.45236309354826,0.0012562107677394998,52848.05756560004,211.37464715120862,0.025926401184981067,0.00012079053181354215,-4498.192380755398,4200.0,0.29861478828188404
7550.0,39232.33786976729,248.58493310277333,248.41298198261578,0.0011388781854430926,52001.67024703161,0.0011487809284163558,248.4982104919203,0.0005741900094821394,50697.010502074525,252.20780777119882,251.95975375083256,0.001619800946151416,56765.232711822384,1920.76569818047,0.1429708552873572,249.2397337302998,249.05574960105727,0.0012154310946249592,52838.184146258565,211.37464715120862,0.025840641570094434,0.00012050189314618931,-4498.192380755398,4200.0,0.29861478828188404
7600.0,38963.57199861528,248.18339629655105,248.01736421622874,0.0011014289186754924,52001.1434413456,0.0011107259012776926,248.09968000421065,0.0005551755544796497,50739.36714073706,251.82846915677294,251.58793043483112,0.0015730471843199826,56765.232711822384,1920.76569818047,0.1440796011835125,248.83486987999993,248.65721276432146,0.0011755147932598139,52828.54886485974,211.37464715120862,0.025750940429540285,0.00012021498931137346,-4498.192380755398,4200.0,0.29861478828188404
7650.0,38696.21696721042,247.78018288079102,247.61992949922939,0.0010648002884060545,52000.852310408234,0.0010735219920035696,247.69940030592076,0.0005365859413375692,50781.030071048386,251.44726879719764,251.21410422825656,0.0015270916104155108,56765.232711822384,1920.76569818047,0.1451855932209735,248.42823279859482,248.2567547505062,0.001136459623669947,52819.14754710119,211.37464715120862,0.025657296801309928,0.00011992980317440589,-4498.192380755398,4200.0,0.29861478828188404
7700.0,38430.265842713685,247.3752946260613,247.22068061002506,0.0010289887258737277,52000.7900151311,0.0010371645251237927,247.29737376447508,0.0005184188626191997,50821.99559902384,251.06420021283,250.83826859481536,0.0014819371024388061,56765.232711822384,1920.76569818047,0.14628851220128453,248.01982481881865,247.8543787834262,0.0010982629222164332,52809.97601845895,211.37464715120862,0.0255597116135114,0.00011964631783752067,-4498.192380755398,4200.0,0.29861478828188404
7750.0,38165.71173656171,246.96873424823616,246.81962132955744,0.0009939902914231256,52000.949796691646,0.0010016484707399407,246.89360371956093,0.0005006718329220745,50862.2605670725,250.67925774134633,250.4604178756125,0.0014375861897199978,56765.232711822384,1920.76569818047,0.14738803103239684,247.60964927639796,247.45008915736454,0.001060921596671541,52801.03010657149,211.37464715120862,0.025458187836633655,0.00011936451663565607,-4498.192380755398,4200.0,0.29861478828188404
7800.0,37902.547805134556,246.5605054167764,246.41675644962746,0.0009598006714816954,52001.32497810191,0.0009669684423585383,246.4880944913707,0.0004833421877883792,50901.82235987253,250.29243656478252,250.0805473177181,0.001394041041276751,56765.232711822384,1920.76569818047,0.14848381536229985,247.19771052158504,247.04389124875243,0.0010244321221464252,52792.30564364374,211.37464715120862,0.025352730631397077,0.00011908438313232762,-4498.192380755398,4200.0,0.29861478828188404
7850.0,37640.76725041063,246.1506127610905,246.01209177916323,0.000926415176356992,52001.90896579096,0.0009331186955107314,246.08085138685985,0.0004664270830095469,50940.67890923715,249.9037327357413,249.69865310182394,0.0013513034545208089,56765.232711822384,1920.76569818047,0.14957552426269696,246.7840139285882,246.63579152559143,0.0009887905379174354,52783.79846886677,211.37464715120862,0.02524334749141219,0.0001188059011155908,-4498.192380755398,4200.0,0.29861478828188404
7900.0,37380.363320605895,245.73906187489308,245.60563414834297,0.0008938287388875439,52002.69525119459,0.0009000931271889208,245.67188070393343,0.0004499234943402909,50978.82869792133,249.51314320263197,249.3147323688473,0.0013093748443696455,56765.232711822384,1920.76569818047,0.15066281096152068,246.36856590279027,246.2257975545062,0.0009539924451948028,52775.504430848436,211.37464715120862,0.025130048379591024,0.00011852905459409104,-4498.192380755398,4200.0,0.29861478828188404
7950.0,37121.3293107963,245.32585931848442,245.1973914104937,0.0008620359139776808,52003.6774123459,0.000867885276128015,245.2611897334853,0.00043382821763594245,51016.27076232552,249.12066583380675,248.92878324533743,0.001268256232821041,56765.232711822384,1920.76569818047,0.15174532362274776,245.9513738856596,245.8139180053249,0.0009200330058740582,52767.419390050265,211.37464715120862,0.025012845857485613,0.00011825382779319907,-4498.192380755398,4200.0,0.29861478828188404
8000.0,36863.65856352122,244.91101261888323,244.78737244169525,0.0008310308790429317,52004.849115459976,0.0008364883239553144,244.8487867592202,0.00041813786942512885,51053.00469405557,248.72629944045656,248.54080486753818,0.0012279482390492862,56765.232711822384,1920.76569818047,0.1528227061715579,245.5324463572622,245.4001626530946,0.0008869069423066651,52759.5392212255,211.37464715120862,0.024891755206550084,0.00011798020515122838,-4498.192380755398,4200.0,0.29861478828188404
8050.0,36607.34446936574,244.49453026775453,244.37558713802957,0.0008008074353887751,52006.204116506124,0.0008058950972291081,244.43468105519992,0.00040284888792785736,51089.03064030371,248.33004379812743,248.15079740396007,0.001188451070082087,56765.232711822384,1920.76569818047,0.15389459916241172,245.11179283629895,244.98454237744977,0.0008546085381219547,52751.85981585324,211.37464715120862,0.024766794540513146,0.00011770817131573421,-4498.192380755398,4200.0,0.29861478828188404
8100.0,36352.380467520234,244.07642171708446,243.96204641042596,0.0007713590105410847,52007.736262760875,0.0007760980703822362,244.01888288106522,0.0003879575345271545,51124.3493030204,247.93189966671957,247.75876207631455,0.0011497645121170443,56765.232711822384,1920.76569818047,0.15496064068720763,244.68942387759785,244.56706915926378,0.0008231316401276367,52744.37708456327,211.37464715120862,0.024637984907886004,0.00011743771113989078,-4498.192380755398,4200.0,0.29861478828188404
8150.0,36098.76004631486,243.65669737256468,243.54676217706444,0.0007426786615421511,52009.439494335005,0.0007470893695821659,243.60140347489565,0.00037345989570004737,51158.961936852895,247.53186880883197,247.36470117866503,0.001111887922536405,56765.232711822384,1920.76569818047,0.15602046732027414,244.26535106700845,244.14775607452748,0.0007924696613109659,52737.08695954632,211.37464715120862,0.024505350383878816,0.00011716880967894558,-4498.192380755398,4200.0,0.29861478828188404
8200.0,35846.47674372772,243.23536858466034,243.12974735331196,0.0007147590792212499,52011.30784566782,0.0007188607775147443,243.1822550436817,0.0003593518854114813,51192.870345832154,247.12995400631783,246.9686180946524,0.00107482022267769,56765.232711822384,1920.76569818047,0.1570737150965038,243.8395870136544,243.72661728541163,0.0007626155849571719,52729.985396944205,211.37464715120862,0.02436891815085182,0.0001169014521867482,-4498.192380755398,4200.0,0.29861478828188404
8250.0,35595.524147864046,242.8124476373477,242.7110158391788,0.0006875925934437048,52013.33544698203,0.0006914037390939197,242.76145075139686,0.00034562924797232455,51226.076878797074,246.72615907491965,246.57051731265534,0.0010385598914164553,56765.232711822384,1920.76569818047,0.15812002051856666,243.41214533951788,243.30366802848596,0.0007335619698958092,52723.0683792142,211.37464715120862,0.02422871856666928,0.00011663562411235226,-4498.192380755398,4200.0,0.29861478828188404
8300.0,35345.89589740522,242.3879477345213,242.2905825042962,0.00066117117933718,52015.51652569268,0.0006647093680946438,242.33900470466892,0.00033228756136006516,51258.58442355078,246.32048887685607,246.1704044387513,0.001003104959615698,56765.232711822384,1920.76569818047,0.15915902158863704,242.98304066634012,242.87892460008237,0.0007053009568795199,52716.331917462325,211.37464715120862,0.02408478522016507,0.00011637131109668868,-4498.192380755398,4200.0,0.29861478828188404
8350.0,35097.58568202567,241.96188298407992,241.868463170429,0.0006354864644884245,52017.84540776345,0.0006387684547011613,241.91493193606357,0.0003193222409982956,51290.39639975114,245.91294933124135,245.7682862073507,0.0009684530054938884,56765.232711822384,1920.76569818047,0.16019035885996916,242.55228859984098,242.45240433880625,0.0006778242760933926,52709.772053739725,211.37464715120862,0.023937154973277544,0.00011610849896930783,-4498.192380755398,4200.0,0.29861478828188404
8400.0,34850.58724277589,241.53426837971747,241.44467459155246,0.0006105297370984125,52020.316519004344,0.000613571473957609,241.48924838500605,0.00030672854398843864,51321.51675054362,245.50354742222135,245.36417048938387,0.0009346011509608502,56765.232711822384,1920.76569818047,0.16121367650302657,242.11990571127387,242.0241256052164,0.0006511232557865164,52703.38486329678,211.37464715120862,0.02378586798928407,0.00011584717374518983,-4498.192380755398,4200.0,0.29861478828188404
8450.0,34604.89437243018,241.10511978045633,241.0192344315346,0.0005862919550781832,52022.924386304294,0.0005891085951027621,241.06197087638242,0.00029450157378461104,51351.94993295447,245.09229120472096,244.9580662979284,0.0009015460589672142,56765.232711822384,1920.76569818047,0.1622286233807573,241.68590951634812,241.5941077587107,0.0006251888320107092,52697.16645678939,211.37464715120862,0.02363096774670912,0.00011558732162162066,-4498.192380755398,4200.0,0.29861478828188404
8500.0,34360.5009157972,240.67445388797307,240.59216123948127,0.0005627637560622612,52025.663638793034,0.0005653696917654053,240.63311709687187,0.00028263628529984235,51381.70090706548,244.6791898077063,244.54998379117683,0.0008692839319094656,56765.232711822384,1920.76569818047,0.16323485412735053,241.25031845156866,241.16237113167156,0.0006000115594446943,52691.11298243213,211.37464715120862,0.023472501038694634,0.00011532892897513268,-4498.192380755398,4200.0,0.29861478828188404
8550.0,34117.40076999271,240.24228822178083,240.16347442281287,0.0005399354683110806,52028.5290089265,0.0005423443529918775,240.20270556907903,0.0002711274904293967,51410.7751240028,244.26425343487512,244.1399342726529,0.0008378105111279196,56765.232711822384,1920.76569818047,0.1642320302245518,240.81315184805442,240.7289370009418,0.0005755816232753013,52685.22062809298,211.37464715120862,0.023310517957496783,0.00011507198235850793,-4498.192380755398,4200.0,0.29861478828188404
8600.0,33875.58788467229,239.80864109234452,239.73319421815717,0.0005177971224685963,52031.51533349047,0.0005200218950721138,239.77075562354372,0.00025996986397432256,51439.178512774655,243.84749336270056,243.72793018859986,0.0008071210775304667,56765.232711822384,1920.76569818047,0.16521982106948208,240.37442990291856,240.29382755671838,0.0005518888521008584,52679.485623324574,211.37464715120862,0.023145071864170624,0.00011481646849784275,-4498.192380755398,4200.0,0.29861478828188404
8650.0,33635.05626222382,239.3735315722176,239.3013416601537,0.0004963384641360735,52034.61755451743,0.0004983913741259578,239.33728736872268,0.0002491579499460788,51466.91746600434,243.42892193576702,243.31398512247557,0.000777210453369274,56765.232711822384,1920.76569818047,0.16619790502784784,239.93417364830248,239.8570658689673,0.0005289227318153234,52673.9042413271,211.37464715120862,0.022976219343338197,0.00011456237428967245,-4498.192380755398,4200.0,0.29861478828188404
8700.0,33395.79995791778,238.93697946530102,238.86793854827943,0.00047554896721828366,52037.83072011203,0.0004774415994067053,238.90232165904712,0.0002386861682306761,51493.998824607996,243.00855255934883,242.89811378650563,0.0007480730051922386,56765.232711822384,1920.76569818047,0.1671659704663232,239.49240491817454,239.41867585147844,0.0005066724204257466,52668.47280083815,211.37464715120862,0.02280402014322995,0.00011430968679815384,-4498.192380755398,4200.0,0.29861478828188404
8750.0,33157.81308001528,238.49900527433502,238.43300741181545,0.00045541784799358443,52041.14998518094,0.00045716114727458633,238.46588006117062,0.00022854882158863515,51520.42986147283,242.58639968919817,242.48033201025936,0.0007197026479845994,56765.232711822384,1920.76569818047,0.1681237167580021,239.04914631301662,238.97868222369414,0.00048512676374966226,52663.187667945116,211.37464715120862,0.02262853710127099,0.00011405839325230519,-4498.192380755398,4200.0,0.29861478828188404
8800.0,32921.08978983271,238.0596301667464,237.9965714730867,0.00043593407985522656,52044.57061206313,0.0004375383757889992,238.02798481853614,0.0002187401029651209,51546.21826420002,242.16247881852252,242.06065672623123,0.0006920928505099776,56765.232711822384,1920.76569818047,0.1690708552547606,238.6044211625342,238.53711047045832,0.00046427431193356376,52658.04525781599,211.37464715120862,0.022449836055508845,0.00011380848104330177,-4498.192380755398,4200.0,0.29861478828188404
8850.0,32685.624301762477,237.61887593898157,237.5586546091154,0.00041708640866723693,52048.08797105733,0.0004185614398644852,237.58865881439587,0.0002092541030826879,51571.37211697795,241.73680646215004,241.63910595242646,0.000665236641853233,56765.232711822384,1920.76569818047,0.1700071102207227,238.15825348653982,238.09398679984673,0.00044410333672855585,52653.04203634472,211.37464715120862,0.02226798574245065,0.00011355993772182536,-4498.192380755398,4200.0,0.29861478828188404
8900.0,32451.410883249453,237.1767649794666,237.119281311839,0.0003988633686748292,52051.69754084366,0.0004002183069324146,237.14792553343102,0.00020008481828756453,51595.89988166038,241.30940013789458,241.21569877196706,0.0006391266191608118,56765.232711822384,1920.76569818047,0.17093221972096737,237.71066795416718,237.6493380992495,0.0004246018494546478,52648.174521707566,211.37464715120862,0.022083057681750572,0.00011331275099546699,-4498.192380755398,4200.0,0.29861478828188404
8950.0,32218.44385472288,236.73332023033907,236.67847664704996,0.0003812532989061618,52055.39490879692,0.000382496773047291,236.7058090221212,0.00019122615861886903,51619.810378123315,240.88027834515066,240.79045530975165,0.0006137549565670273,56765.232711822384,1920.76569818047,0.17184593646014337,237.2616898415869,237.2031918898873,0.000405757619581105,52643.43928582736,211.37464715120862,0.02189512604857594,0.00011306690872618144,-4498.192380755398,4200.0,0.29861478828188404
9000.0,31986.717589483567,236.28856514810641,236.236266212222,0.0003642443599998073,52059.175771189635,0.0003653844793744709,236.2623338480238,0.0001826719560690897,51643.11276398269,240.44946054076522,240.36339670622186,0.0005891134152877839,56765.232711822384,1920.76569818047,0.17274802856582483,236.81134498839978,236.75557627995227,0.00038755819384681407,52638.83295574269,211.37464715120862,0.02170426753433198,0.0001128223989277923,-4498.192380755398,4200.0,0.29861478828188404
9050.0,31756.226513546688,235.84252366338933,235.79267609339243,0.0003478245513901853,52063.03593328319,0.0003488689289941125,235.81752505812713,0.00017441597300317334,51665.81651375589,240.01696711224858,239.93454508830388,0.0005651933548560421,56765.232711822384,1920.76569818047,0.1736382803118141,236.35965975289284,236.30651991657007,0.00036999091584166173,52634.35221487977,211.37464715120862,0.02151056119663183,0.00011257920976354611,-4498.192380755398,4200.0,0.29861478828188404
9100.0,31526.965105440053,235.3952201399117,235.3477328212742,0.0003319817287817002,52066.97130930629,0.00033293750395473103,235.37140813644365,0.000166451910702842,51687.93139755093,239.58281934840505,239.50392353761268,0.0005419857454662796,56765.232711822384,1920.76569818047,0.17451649277713896,235.9066609663463,235.85605193678697,0.000353042945967756,52629.993804224716,211.37464715120862,0.021314088299420084,0.00011233732954371487,-4498.192380755398,4200.0,0.29861478828188404
9150.0,31298.927895958765,234.94667933290208,234.90146332677355,0.00031670362184129313,52070.97792232002,0.00031757748250907153,234.92400896101512,0.00015877341800242707,51709.467459372354,239.1470394074787,239.0715560560235,0.000519481181388301,56765.232711822384,1920.76569818047,0.17538248443686863,235.45237588658668,235.40420191778838,0.0003367012816976239,52625.75452339468,211.37464715120862,0.021114932144313175,0.00011209674672324578,-4498.192380755398,4200.0,0.29861478828188404
9200.0,31072.109467876147,234.49692634707293,234.453894896091,0.0003019778520387099,52075.05190396952,0.0003027760564643874,234.4753537604998,0.00015137409998219724,51730.43499512983,238.70965028292622,238.637467528731,0.0004976698954040101,56765.232711822384,1920.76569818047,0.1762360916814492,234.99683215098068,234.95099982655822,0.0003209527780456859,52621.63123160658,211.37464715120862,0.020913177894181182,0.00011185744989945669,-4498.192380755398,4200.0,0.29861478828188404
9250.0,30846.504455612296,234.04598659434464,234.00505512558286,0.00028779195056378065,52079.1894941229,0.00028852034857961977,234.02546907051442,0.00014424752668536109,51750.844530439535,238.27067576694347,238.20168368493358,0.0004765417742144699,56765.232711822384,1920.76569818047,0.17707716926172642,234.54005772906615,234.49647596918885,0.0003057841681689232,52617.620848542436,211.37464715120862,0.020708912390019662,0.00011161942780977638,-4498.192380755398,4200.0,0.29861478828188404
9300.0,30622.107544860966,233.59388575147784,233.55497187655934,0.00027413337625062427,52083.38704039807,0.00027479742994241974,233.57438168990066,0.00013738724182514806,51770.70679830502,237.83014041188548,237.76423105629377,0.00045608637475830384,56765.232711822384,1920.76569818047,0.17790559065750727,234.08208087501652,234.0406609400501,0.00029118208401308985,52613.72035511097,211.37464715120862,0.020502223962358526,0.00011138266932952914,-4498.192380755398,4200.0,0.29861478828188404
9350.0,30398.91347217537,233.14028422066986,233.1032887155,0.0002611241951601926,52087.6409975792,0.0002616713640189839,233.12174771340463,0.0001308252787048071,51789.754611325705,237.38806948973496,237.32513693334076,0.00043629294137710443,56765.232711822384,1920.76569818047,0.17873690781849966,233.62293008013214,233.58358557102383,0.0002771330769218647,52609.92679410534,211.37464715120862,0.020308613319024157,0.0001111471634697618,-4498.192380755398,4200.0,0.29861478828188404
9400.0,30176.91667776193,232.68252061238604,232.64720438549548,0.0002497600733941295,52091.946381392816,0.0002502616735800554,232.66482704104786,0.00012512132090653334,51806.61181671505,236.9444889385896,236.88442930819596,0.0004171504279680526,56765.232711822384,1920.76569818047,0.17968650661862892,233.16243616861308,233.12507279552526,0.0002636960625116615,52606.236019282835,211.37464715120862,0.020233456274225455,0.00011091289937511286,-4498.192380755398,4200.0,0.29861478828188404
9450.0,29956.109116918407,232.22424699896084,232.1905426967388,0.00023882916871946323,52096.29064043944,0.0002392887613465726,232.20736242300748,0.00011963568092917919,51823.46471228114,236.4994252534294,236.44213675852103,0.0003986475416892941,56765.232711822384,1920.76569818047,0.1805991373352336,232.69748866413167,232.6618504648577,0.0002520212302226672,52602.63771037128,211.37464715120862,0.01999145565254707,0.00011067986632172237,-4498.192380755398,4200.0,0.29861478828188404
9500.0,29736.486261490933,231.7650726493365,231.73291670847757,0.000228307430638753,52100.67348567788,0.00022872828128065037,231.74896504569,0.00011435619181410952,51839.89198434205,236.0529056430748,235.9982886115863,0.00038077268951246013,56765.232711822384,1920.76569818047,0.18149258293209522,232.2320706729598,232.19808701002844,0.00024080089863022421,52599.131431879876,211.37464715120862,0.019766786079436428,0.00011044805371518216,-4498.192380755398,4200.0,0.29861478828188404
9550.0,29518.043230704552,231.3050176917445,231.27434852380918,0.00021818308619506828,52105.09230397659,0.0002185682296833303,231.28965604229347,0.00010927685647874703,51855.89987456369,235.60495783006232,235.5529147338672,0.00036351404626206,56765.232711822384,1920.76569818047,0.18236704580751242,231.76575888268147,231.73336322177852,0.00023000900162760068,52595.71485436596,211.37464715120862,0.01954073944524296,0.00011021745108852476,-4498.192380755398,4200.0,0.29861478828188404
9600.0,29300.77518331867,230.84410622927882,230.81486417219492,0.00020844462482095847,52109.54454945335,0.0002087968798445204,230.82946049548372,0.00010439181602010988,51871.49894566952,235.15561003090414,235.10604550850596,0.00034685957067564295,56765.232711822384,1920.76569818047,0.18322257814949516,231.2985752971318,231.26770322021528,0.00021963290886284475,52592.38568695685,211.37464715120862,0.019313213702799304,0.00010998804810025068,-4498.192380755398,4200.0,0.29861478828188404
9650.0,29084.67732083702,230.38236213969026,230.35448942554046,0.00019908068820157895,52114.02776617738,0.00019940267075398903,230.36840324542158,9.969529409538051e-05,51886.69972789193,234.70489090651765,234.65771178233734,0.000330797025920953,56765.232711822384,1920.76569818047,0.18405926047787202,230.83054624302076,230.80113539467052,0.00020966028128079637,52589.14169662105,211.37464715120862,0.019084299739084883,0.0001097598345323932,-4498.192380755398,4200.0,0.29861478828188404
9700.0,28869.74488672705,229.91980901413515,229.8932497360871,0.00019008007705598832,52118.539586594125,0.00019037421321214872,229.90650882813884,9.518159999284814e-05,51901.51266448329,234.25282951316032,234.20794481339226,0.00031531400050739845,56765.232711822384,1920.76569818047,0.1848772025242228,230.3616977538819,230.33368780568586,0.0002000789491860109,52585.98070776177,211.37464715120862,0.018854088977819202,0.00010953280028861957,-4498.192380755398,4200.0,0.29861478828188404
9750.0,28655.973165593106,229.4564701382237,229.4311702165369,0.00018143175846487542,52123.07772968228,0.00018170029651015532,229.44380145617805,9.084513198689024e-05,51915.94810042457,233.79945525298413,233.75677621802453,0.000300397929395306,56765.232711822384,1920.76569818047,0.18567654226588165,229.89205550303316,229.8653881170125,0.00019087691986760606,52582.900601567024,211.37464715120862,0.018622671333725308,0.00010930693539236781,-4498.192380755398,4200.0,0.29861478828188404
9800.0,28443.35748234337,228.99236847476382,228.96827562196907,0.00017312487263714687,52127.63999908423,0.00017336989456830722,228.98030500097386,8.668038042156016e-05,51930.01627220566,233.344797824384,233.3042379178484,0.0002860361152128139,56765.232711822384,1920.76569818047,0.1864574448666804,229.4216447837491,229.39626357475507,0.00018204238579593122,52579.899315311886,211.37464715120862,0.01839013509137774,0.00010908222998501847,-4498.192380755398,4200.0,0.29861478828188404
9850.0,28231.893201352585,228.52752664781056,228.50459033315707,0.0001651487391076604,52132.22428121609,0.0001653721715255814,228.5160429765864,8.268193051919667e-05,51943.727298277285,232.88640384289613,232.84774971416553,0.0002731306238668499,56765.232711822384,1920.76569818047,0.1871134996778258,228.95049049141429,228.92634098860907,0.0001735637321503543,52576.974841617906,211.37464715120862,0.018156566811083078,0.00010885867432410073,-4498.192380755398,4200.0,0.29861478828188404
9900.0,28021.575725622177,228.061966928008,228.04013834127213,0.0001574928623707302,52136.82854336109,0.00015769648678535815,228.0510385247714,7.88444649165806e-05,51957.091170166204,232.42598545175238,232.38909598974627,0.00026117591703018605,56765.232711822384,1920.76569818047,0.18771662059481659,228.4786171072075,228.4556467147423,0.00016542954367212645,52574.12522767287,211.37464715120862,0.017922051243368486,0.00010863625878153165,-4498.192380755398,4200.0,0.29861478828188404
9950.0,27812.40049593899,227.59571121921073,227.57494323395775,0.00015014693695635512,52141.4508317503,0.0001503323995246573,227.5853144013743,7.516276593230125e-05,51970.117744250645,231.96471601838218,231.92952144530665,0.0002496699203652528,56765.232711822384,1920.76569818047,0.18831610160962572,228.0060486832961,227.98420664029595,0.00015762861085050924,52571.34857441409,211.37464715120862,0.017686671251903607,0.00010841497384188808,-4498.192380755398,4200.0,0.29861478828188404
10000.0,27604.362990034082,227.12878104636633,227.10902818275488,0.00014310085195812886,52146.08926963421,0.00014326967267603628,227.11889296402808,7.163171756991059e-05,51982.81673418777,231.502453813472,231.46888718253328,0.00023859518938958255,56765.232711822384,1920.76569818047,0.1889048567409328,227.53280882951663,227.51204616947985,0.00015014993545294476,52568.64303567836,211.37464715120862,0.01745050774474638,0.00010819481010071062,-4498.192380755398,4200.0,0.29861478828188404
10050.0,27397.45872174312,226.66119754463696,226.64241593185213,0.0001363446950236008,52150.74205534875,0.0001364982763930793,226.65179616113141,6.824630726233584e-05,51995.197703983504,231.03922501228237,231.00722141671054,0.00022793959402773493,56765.232711822384,1920.76569818047,0.18948302542672096,227.05892070151367,227.03919021122914,0.00014298273541238555,52566.00681732165,211.37464715120862,0.017213639613777042,0.00010797575826283884,-4498.192380755398,4200.0,0.29861478828188404
10100.0,27191.68324016926,226.1929814497321,226.17512878813196,0.000129868755819591,52155.4074603792,0.00013000839101197405,226.18404552207846,6.500162736380493e-05,52007.27006169257,230.575057317537,230.54455385468535,0.00021769117852304148,56765.232711822384,1920.76569818047,0.19005083176163684,226.58440699030268,226.56566316838624,0.0001361164490870119,52563.438176311625,211.37464715120862,0.01697614368220743,0.00010775780914077679,-4498.192380755398,4200.0,0.29861478828188404
10150.0,26987.032128850045,225.72415308942402,225.70718861247965,0.00012366352898642008,52160.083827425355,0.00012379040952308692,225.71566214870947,6.189287639624909e-05,52019.04305373521,230.1099781382279,230.08091387995518,0.00020783811918453018,56765.232711822384,1920.76569818047,0.19060850662144674,226.10928991321947,226.09148892836598,0.00012954073890938776,52560.93541979584,211.37464715120862,0.016738094659885894,0.00010754095365308875,-4498.192380755398,4200.0,0.29861478828188404
10200.0,26783.501004929207,225.25473237621216,225.23861681231872,0.00011771971659637484,52164.76956847089,0.00011783493956772318,225.24666670794767,5.891536005778571e-05,52030.52575981554,229.64401454696048,229.61633050866354,0.0001983687343283203,56765.232711822384,1920.76569818047,0.19115628622232747,225.63359120621493,225.6166908552588,0.00012324549444384008,52558.49690414857,211.37464715120862,0.01649956510622753,0.00010732518282282401,-4498.192380755398,4200.0,0.29861478828188404
10250.0,26581.085518334894,224.78473880109976,224.76943433533341,0.00011202823013288929,52169.46316286022,0.00011213280497629451,224.7770794255837,5.606449200140373e-05,52041.727088423206,229.1771932573771,229.1508323657152,0.00018927149407074387,56765.232711822384,1920.76569818047,0.19169441148853403,225.15733211744904,225.14129178332269,0.0001172208348722039,52556.12103399907,211.37464715120862,0.016260625400466758,0.00010711048777597035,-4498.192380755398,4200.0,0.29861478828188404
10300.0,26379.78135096475,224.31419142844507,224.29966166433636,0.00010658019200791823,52174.163155385526,0.00010667504686510753,224.30692008116802,5.33357943924705e-05,52052.65577290053,228.70954060335134,228.68444766277747,0.00018053502944597805,56765.232711822384,1920.76569818047,0.19222312744124817,224.68053340213808,224.66531401181186,0.00011145711092938234,52553.80626124398,211.37464715120862,0.016021343719016742,0.00010689685973993543,-4498.192380755398,4200.0,0.29861478828188404
10350.0,26179.584215879277,223.84310889184744,223.82931881323768,0.00010136693663583668,52178.86815438666,0.00010145292430975785,223.83620800397043,5.07248982540657e-05,52063.320368056935,228.2410825197684,228.2172041779836,0.00017214814084246825,56765.232711822384,1920.76569818047,0.19274268260252939,224.20321531860242,224.18877930108795,0.00010594490631115349,52551.551084046434,211.37464715120862,0.015781786019480326,0.00010668429004205562,-4498.192380755398,4200.0,0.29861478828188404
10400.0,25980.489856504395,223.3715093910243,223.3584253240696,9.638001108287104e-05,52183.576829866586,9.645791461370182e-05,223.3649620699606,4.82275436094423e-05,52073.72924730767,227.771844524882,227.74912923732697,0.00016409980576059934,56765.232711822384,1920.76569818047,0.19325332841610246,223.72539762546592,223.71170886995702,0.00010067503857750075,52549.35404582448,211.37464715120862,0.015542016031216636,0.00010647277010813191,-4498.192380755398,4200.0,0.29861478828188404
10450.0,25782.49404584345,222.89941068963694,222.8870002650196,9.161117531162855e-05,52188.28791162467,9.168171319114125e-05,222.8932006997656,4.583957943119658e-05,52083.89060031698,227.30185170423422,227.28024969773,0.00015637918589705817,56765.232711822384,1920.76569818047,0.19375531868648088,223.24709957994966,223.23412339417396,9.563855957539817e-05,52547.213734231154,211.37464715120862,0.015302095251911788,0.00010626229146099148,-4498.192380755398,4200.0,0.29861478828188404
10500.0,25585.59258570034,222.42683011402093,222.4150622294241,8.70524020406837e-05,52193.00018741005,8.711623308368825e-05,222.42094185755911,4.355696340689626e-05,52093.812431124745,226.83112869611716,226.81059193176475,0.00014897563356408726,56765.232711822384,1920.76569818047,0.19424890903770733,222.76833993720888,222.7560430060559,9.082675540545066e-05,52545.12878012854,211.37464715120862,0.015062082949958783,0.0001060528457190755,-4498.192380755398,4200.0,0.29861478828188404
10550.0,25389.781305913624,221.95378455277464,221.94262933567367,8.269587623946698e-05,52197.71250109723,8.275360413050118e-05,221.9482030508331,4.1375761531027355e-05,52103.502556731735,226.35969967855152,226.34018181399622,0.00014187869745435473,56765.232711822384,1920.76569818047,0.19473435639298245,222.28913695065447,222.2774872951437,8.623114595709074e-05,52543.09785655803,211.37464715120862,0.014822036172214547,0.00010584442459505193,-4498.192380755398,4200.0,0.29861478828188404
10600.0,25195.056063602937,221.4802904571613,221.4697192279804,7.853399427883329e-05,52202.42375088572,7.858617181174733e-05,221.47500133100672,3.929214753320356e-05,52112.968606123366,225.8875883577475,225.8690447089135,0.00013507812776447482,56765.232711822384,1920.76569818047,0.19521191847593888,221.80950837320557,221.79847530985217,8.184348403718948e-05,52541.11967770881,211.37464715120862,0.01458200975684162,0.00010563701989445282,-4498.192380755398,4200.0,0.29861478828188404
10650.0,25001.4127424278,221.0063638422787,220.99634907795846,7.455936275775442e-05,52207.13288752558,7.46064957852173e-05,221.00135329482353,3.730240215256675e-05,52122.21801970716,225.4148179580163,225.39720546040908,0.00012856388069232993,56765.232711822384,1920.76569818047,0.19568185333454552,221.3294714594159,221.31902556004806,7.7655754116952e-05,52539.192997886676,211.37464715120862,0.014342056350821766,0.00010543062351433569,-4498.192380755398,4200.0,0.29861478828188404
10700.0,24808.847251859715,220.5320202889499,220.5225355869682,7.076479702648663e-05,52211.8389125704,7.080734813587923e-05,220.52727508649022,3.540291226828829e-05,52131.2580491425,224.94141121308667,224.92468838276227,0.00012232612232517643,56765.232711822384,1920.76569818047,0.196144418888041,220.84904296841844,220.83915602049626,7.366017072184456e-05,52537.316610484864,211.37464715120862,0.014102226431842611,0.00010522522744196879,-4498.192380755398,4200.0,0.29861478828188404
10750.0,24617.35552646767,220.05727494629065,220.04829498917476,6.714331942641792e-05,52216.54087665924,6.7181711357931e-05,220.05278240050913,3.359016989596683e-05,52140.09575753851,224.4673903587865,224.45151725307824,0.00011635523193720171,56765.232711822384,1920.76569818047,0.1965998724974832,220.36823916763365,220.3588841351145,6.98491764890552e-05,52535.48934695882,211.37464715120862,0.013862568334172877,0.00010502082375353924,-4498.192380755398,4200.0,0.29861478828188404
10800.0,24426.93352521795,219.58214253490794,219.57364305527327,6.368815726654272e-05,52221.23787782881,6.372277608870969e-05,219.57789048515895,3.1860771059617735e-05,52148.73801999886,223.99277712703923,223.9777153051317,0.00011064180471660825,56765.232711822384,1920.76569818047,0.1970484705600747,219.88707583718667,219.87822682197836,6.621543991665523e-05,52533.710075806426,211.37464715120862,0.013623128278196632,0.0001048174046128837,-4498.192380755398,4200.0,0.29861478828188404
10850.0,24237.5772307881,219.1066373506849,219.09859509683236,6.039274055618963e-05,52225.9290598571,6.042393861343175e-05,219.10261414657614,3.0211414548756812e-05,52157.19152448958,223.51759274112567,223.50330522456014,0.0001051766539435387,56765.232711822384,1920.76569818047,0.19749046812747598,219.40556827497957,219.39720047901895,6.275185282817296e-05,52531.97770155529,211.37464715120862,0.013383950403278404,0.00010461496227024139,-4498.192380755398,4200.0,0.29861478828188404
10900.0,24049.282648895754,218.6307732691094,218.62316597121,5.725069951322879e-05,52230.6136106394,5.7278798159374506e-05,218.62696775339361,2.8638900569899513e-05,52165.46277300921,223.04185791215943,223.0283091453503,9.995081264116213e-05,56765.232711822384,1920.76569818047,0.19792611854808306,218.92373130236695,218.91582099035722,5.9451527575768734e-05,52530.29116375849,211.37464715120862,0.013145076803616687,0.00010441348906102894,-4498.192380755398,4200.0,0.29861478828188404
10950.0,23862.045807642335,218.15456375010316,218.14737008699552,5.425586186652159e-05,52235.29076059777,5.4281153997638274e-05,218.15096524189119,2.714012930156004e-05,52173.55808303852,222.56559283672055,222.5527486475593,9.495553472308008e-05,56765.232711822384,1920.76569818047,0.19835567313313257,218.44157927038387,218.43410373322024,5.6307794004598894e-05,52528.649436000116,211.37464715120862,0.012906547566793113,0.00010421297740463609,-4498.192380755398,4200.0,0.29861478828188404
11000.0,23675.86275687202,217.67802184331086,217.67122140993354,5.140224997087541e-05,52239.95978112462,5.1425002370131384e-05,217.67462012161673,2.5712099361586942e-05,52181.483589250405,222.08881719559224,222.07664475620976,9.018229566083349e-05,56765.232711822384,1920.76569818047,0.19877938084639035,217.959126066476,217.95206358538647,5.3314196200292e-05,52527.05152491179,211.37464715120862,0.012668400814644144,0.00010401341980324243,-4498.192380755398,4200.0,0.29861478828188404
11050.0,23490.72956754592,217.20116019380734,217.1947334692868,4.868407775219481e-05,52244.61998306111,4.870453325885026e-05,217.19794548143406,2.435190619538568e-05,52189.24524545698,221.61155015354385,221.60001794129857,8.56227926957667e-05,56765.232711822384,1920.76569818047,0.1991974880171413,217.47638512168555,217.4697149331087,5.046448904072887e-05,52525.49646920131,211.37464715120862,0.012430672746297094,0.00010381480884065462,-4498.192380755398,4200.0,0.29861478828188404
11100.0,23306.642331132043,216.7239910481855,216.71791936459616,4.6095747499934385e-05,52249.27071521082,4.61141270139693e-05,216.72095399595958,2.305674039329972e-05,52196.84882677645,221.1338103601027,221.12288811885688,8.126894461979557e-05,56765.232711822384,1920.76569818047,0.1996102380759934,216.99336941824473,216.9870716794651,4.7752634572572657e-05,52523.98333869446,211.37464715120862,0.012193397682924238,0.00010361713718116353,-4498.192380755398,4200.0,0.29861478828188404
11150.0,23123.597159010536,216.24652626098697,216.24079177279768,4.3631846523329234e-05,52253.91136288931,4.3648350856618735e-05,216.24365793234742,2.1823885945103186e-05,52204.29993199899,220.65561595125774,220.64527465300003,7.711289114977408e-05,56765.232711822384,1920.76569818047,0.2000178713130136,216.51009149753492,216.50414725309147,4.5172798232178626e-05,52522.511233390826,211.37464715120862,0.011956608114087549,0.0001034203975684208,-4498.192380755398,4200.0,0.29861478828188404
11200.0,22941.590181894626,215.7687773014386,215.76336295565775,4.12871436872164e-05,52258.541346509686,4.130195527159523e-05,215.76606915738597,2.065071843924051e-05,52211.603986133276,220.176984552037,220.16719635890533,7.31469919201603e-05,56765.232711822384,1920.76569818047,0.2004206246576433,216.0265634683665,216.02095461724863,4.271934492969104e-05,52521.07928253456,211.37464715120862,0.01172033474532666,0.00010322458282433468,-4498.192380755398,4200.0,0.29861478828188404
11250.0,22760.617549267357,215.2907552604614,215.2856447674902,3.905658584260789e-05,52263.160120204535,3.906987030460014e-05,215.28819914487093,1.953470321412371e-05,52218.766243116734,219.69793327990106,219.68867150665605,6.936382511854064e-05,56765.232711822384,1920.76569818047,0.20081873147965704,215.54279701554094,215.53750627918188,4.038683501428862e-05,52519.686643700756,211.37464715120862,0.011484606546802473,0.00010302968584798486,-4498.192380755398,4200.0,0.29861478828188404
11300.0,22580.67542883377,214.81247085791742,214.80764866311873,3.693529416646692e-05,52267.76717048428,3.694720177791905e-05,214.81005898321914,1.8473393468456118e-05,52225.791788670984,219.21847874889832,219.20971782589166,6.575618578835199e-05,56765.232711822384,1920.76569818047,0.20121242141063325,215.05880340865482,215.05381429973136,3.8170020137669813e-05,52518.33250189813,211.37464715120862,0.01124945080275302,0.0001028356996145553,-4498.192380755398,4200.0,0.29861478828188404
11350.0,22401.760005988734,214.33393445006413,214.32938570605208,3.491856042446164e-05,52272.36201493211,3.4929227437787655e-05,214.33165938329174,1.7464428337217228e-05,52232.68554328715,218.73863707452364,218.73035251120407,6.231708382276815e-05,56765.232711822384,1920.76569818047,0.2016019201850414,214.57459351111027,214.56989030315378,3.606383903200984e-05,52517.0160686886,211.37464715120862,0.011014893161551987,0.00010264261717428539,-4498.192380755398,4200.0,0.29861478828188404
11400.0,22223.86748330025,213.85515603718565,213.8508665768394,3.300184316976453e-05,52276.94420093525,3.3011393046012064e-05,213.85301068639575,1.6505530939603865e-05,52239.45226532563,218.25842387922785,218.25059222822182,5.9039741673281515e-05,56765.232711822384,1920.76569818047,0.20198744950027264,214.0901777892962,214.08574548711897,3.4063413217739684e-05,52515.736581324294,211.37464715120862,0.010780957686162341,0.00010245043165143876,-4498.192380755398,4200.0,0.29861478828188404
11450.0,22046.994080008066,213.3761452713723,213.37210158157552,3.118076389026819e-05,52281.51330445274,3.118930842771481e-05,213.37412287243356,1.5594506404874252e-05,52246.09655421435,217.77785429852403,217.77045312032462,5.591759179597753e-05,56765.232711822384,1920.76569818047,0.20236922689479192,213.6055663219081,213.6013906328458,3.2164042655640256e-05,52514.4933019023,211.37464715120862,0.01054766690481621,0.00010225913624328942,-4498.192380755398,4200.0,0.29861478828188404
11500.0,21871.1360315377,212.89691146442135,212.8931006605273,2.9451103115889928e-05,52286.06892881925,2.9458743486423473e-05,212.8950055681731,1.4729239881713769e-05,52252.62285373207,217.29694298763883,217.2899508159336,5.294427385790091e-05,56765.232711822384,1920.76569818047,0.2027474656436101,213.12076880937548,213.116836115345,3.0361201356876752e-05,52513.285516537704,211.37464715120862,0.010315041861783772,0.00010206872421912464,-4498.192380755398,4200.0,0.29861478828188404
11550.0,21696.289589029406,212.4174635958345,212.41387339685465,2.7808796496961053e-05,52290.610703584905,2.7815624197042724e-05,212.4156680556138,1.3907694536402551e-05,52259.035455364414,216.81570412865867,216.80910043632284,5.0113631725248e-05,56765.232711822384,1920.76569818047,0.20312237467019228,212.63579458336724,212.63209191373775,2.8650532963758875e-05,52512.112534555075,211.37464715120862,0.010083102167962063,0.00010187918891926487,-4498.192380755398,4200.0,0.29861478828188404
11600.0,21522.45101888211,211.93781032088674,211.93442902539985,2.624993086400329e-05,52295.138283390654,2.6256028586582436e-05,211.93611928042085,1.3127909544730746e-05,52265.33850171789,216.33415143812238,216.3279166039004,4.741971025439109e-05,56765.232711822384,1920.76569818047,0.20349415847404959,212.15065261634905,212.1471676216214,2.7027846313175767e-05,52510.973687698715,211.37464715120862,0.009851866051290794,0.00010169052375409975,-4498.192380755398,4200.0,0.29861478828188404
11650.0,21349.616602312006,211.45795997874563,211.45477644152243,2.4770740278546215e-05,52299.65134687895,2.4776182711893e-05,211.45636786040833,1.2387998082295716e-05,52271.53598998283,215.8522981750136,215.84641345090938,4.4856751905997065e-05,56765.232711822384,1920.76569818047,0.20386301707309448,211.66535153116655,211.66207245745554,2.548911099384573e-05,52509.8683293618,211.37464715120862,0.009621350406736532,0.00010150272220314012,-4498.192380755398,4200.0,0.29861478828188404
11700.0,21177.782634925723,210.97792060061832,210.9749242099564,2.3367602083978145e-05,52304.14959563922,2.3372456643002043e-05,210.97642209404552,1.1686145317486749e-05,52277.6317754309,215.37015714910757,215.36460462850033,4.2419193201689064e-05,56765.232711822384,1920.76569818047,0.20422914595999328,211.1798996106311,211.1768152749433,2.4030452907729602e-05,52508.79583383459,211.37464715120862,0.009391570845824723,0.00010131577781408567,-4498.192380755398,4200.0,0.29861478828188404
11750.0,21006.94542630781,210.49769991790862,210.49488057367003,2.2037032964799296e-05,52308.6327531877,2.2041360460061608e-05,210.49628996897042,1.1020606411169717e-05,52283.629574940365,214.8877407296302,214.88250331613,4.010166104188507e-05,56765.232711822384,1920.76569818047,0.20459273607162437,210.6943048070866,210.6914045733848,2.2648149845185506e-05,52507.755595571776,211.37464715120862,0.009162541745530965,0.00010112968420190821,-4498.192380755398,4200.0,0.29861478828188404
11800.0,20837.101299622034,210.0173053703647,210.0146534627082,2.0775685022026947e-05,52313.100563981214,2.0779540271294346e-05,210.01597917048832,1.038970452677339e-05,52289.532970536224,214.40506085418792,214.40012223124205,3.7898968902605325e-05,56765.232711822384,1920.76569818047,0.20495397377086616,210.20857475193668,210.20584850798176,2.133862708270877e-05,52506.74702847894,211.37464715120862,0.008934276296479906,0.00010094443504794977,-4498.192380755398,4200.0,0.29861478828188404
11850.0,20668.24659122673,209.5367441142007,209.53425050299995,1.9580341871910032e-05,52317.55279246416,1.9583774258774968e-05,209.53549709004088,9.79182885420266e-06,52295.34541293887,213.92212903792932,213.91747363918878,3.58061129281756e-05,56765.232711822384,1920.76569818047,0.20531304083989632,209.7227167651145,209.72015490007334,2.0098453011377413e-05,52505.769565218194,211.37464715120862,0.00870678655038263,0.00010076002409903553,-4498.192380755398,4200.0,0.29861478828188404
11900.0,20500.377650303417,209.05602303017702,209.05367902511486,1.8447914774541772e-05,52321.98922214838,1.8450968758310114e-05,209.05485083362746,9.225432650716735e-06,52301.070225110605,213.43895638290238,213.43456936335406,3.381826793590346e-05,56765.232711822384,1920.76569818047,0.20567011448423692,209.23673786447765,209.23433124728538,1.892433480344029e-05,52504.82265653294,211.37464715120862,0.008480083466589627,0.0001005764451666013,-4498.192380755398,4200.0,0.29861478828188404
11950.0,20333.490838498816,208.57514873162523,208.57294607295285,1.7375438798401225e-05,52326.40965472512,1.7378154379160048e-05,208.57404723016575,8.689031301650377e-06,52306.71060579403,212.95555358757105,212.9514207954406,3.1930783347929126e-05,56765.232711822384,1920.76569818047,0.20602536734671315,208.7506447751124,208.74838473357696,1.781311412382985e-05,52503.90577059154,211.37464715120862,0.008254176957698017,0.00010039369212583524,-4498.192380755398,4200.0,0.29861478828188404
12000.0,20167.582529579733,208.09412757240364,208.09205841235394,1.6360069026333998e-05,52330.8139092085,1.636248216882923e-05,208.09309283977768,8.181200403597414e-06,52312.26963303458,212.47193095645983,212.4680389058863,3.0139179064600005e-05,56765.232711822384,1920.76569818047,0.20637896753068474,208.2644439385343,208.26232223916915,1.67617628927455e-05,52503.01839234995,211.37464715120862,0.008029075934209016,0.00010021175891483349,-4498.192380755398,4200.0,0.29861478828188404
12050.0,20002.649109100632,207.61296565477204,207.61102253961516,1.5399076807970994e-05,52335.201821109964,1.5401219827660775e-05,207.6119939619876,7.700573872429568e-06,52317.75026767981,211.98809840989455,211.98443425437702,2.8439141292867658e-05,56765.232711822384,1920.76569818047,0.20673107863177073,207.77814152177172,207.77615035034285,1.5767379104860212e-05,52502.16002293303,211.37464715120862,0.007804788348147993,0.00010003063953376929,-4498.192380755398,4200.0,0.29861478828188404
12100.0,19838.686974083503,207.13166883717503,207.1298446899034,1.4489846063106828e-05,52339.57324164286,1.4491747977513286e-05,207.13075664382293,7.2458420782949145e-06,52323.15535685113,211.50406549380955,211.50061700042485,2.682651834236236e-05,56765.232711822384,1920.76569818047,0.20708185977733204,207.29174342632015,207.28987536909332,1.4827182710130522e-05,52501.33017903439,211.37464715120862,0.0075813212355668735,9.985032804407598e-05,-4498.192380755398,4200.0,0.29861478828188404
12150.0,19675.692532709843,206.6502427419234,206.6485308455537,1.3629869640097687e-05,52343.92803695657,1.363155648834441e-05,206.6493866878063,6.8157500095129075e-06,52328.48763738091,211.0198413895966,211.01659691398274,2.5297316400982473e-05,56765.232711822384,1920.76569818047,0.20743146567317275,206.80525529695896,206.8035033226314,1.3938511560650383e-05,52500.52839233456,211.37464715120862,0.007358680757989881,9.967081856764268e-05,-4498.192380755398,4200.0,0.29861478828188404
12200.0,19513.662204024513,206.1686927627654,206.16708674424387,1.2816745732903225e-05,52348.26608739951,1.2818240866111133e-05,206.1678896598306,6.409095467075472e-06,52333.749739211235,210.5354349239674,210.53238338606954,2.3847695301033658e-05,56765.232711822384,1920.76569818047,0.2077800466566671,206.31868253041975,206.31703997272118,1.3098817427479792e-05,52499.75420893727,211.37464715120862,0.0071368722426845685,9.949210528602308e-05,-4498.192380755398,4200.0,0.29861478828188404
12250.0,19352.592417650812,205.6870240723393,205.68551788703726,1.2048174359986829e-05,52352.58728681026,1.2049498704996357e-05,205.68627089690835,6.024727291263024e-06,52338.94418874865,210.05085457880884,210.04798543938,2.2473964286165626e-05,56765.232711822384,1920.76569818047,0.20812774875584875,205.83203028389894,205.83049082484635,1.2305662090894612e-05,52499.0071888235,211.37464715120862,0.006915900221784058,9.931418243965689e-05,-4498.192380755398,4200.0,0.29861478828188404
12300.0,19192.47961351685,205.2052416295009,205.20382954628604,1.1321953907894759e-05,52356.89154183607,1.1323126206593707e-05,205.20453551478897,5.66154362169529e-06,52344.073412171914,209.56610850100725,209.5634117388567,2.117257778860105e-05,56765.232711822384,1920.76569818047,0.20847471375374002,205.34530348340823,205.34386113719765,1.1556713507053673e-05,52498.28690532317,211.37464715120862,0.006695768470240386,9.913704432710379e-05,-4498.192380755398,4200.0,0.29861478828188404
12350.0,19033.320241592755,204.72335018651907,204.7220267733892,1.0635977741970472e-05,52361.17877127812,1.0637014768328709e-05,204.72268841543703,5.318490191959555e-06,52349.13973868865,209.08120451222334,209.07867060220337,1.9940131225417277e-05,56765.232711822384,1920.76569818047,0.20882107925749432,204.8585068319558,204.85715592947562,1.0849742053651714e-05,52497.59294460399,211.37464715120862,0.006476480042585596,9.896068530428935e-05,-4498.192380755398,4200.0,0.29861478828188404
12400.0,18875.110761638396,204.24135429613457,204.24011440639896,9.9882308863122e-06,52365.44890546278,9.989147643060115e-06,204.2407342943663,4.994558659791573e-06,52354.14540373744,208.5961501185984,208.5937700103197,1.877335682193366e-05,56765.232711822384,1920.76569818047,0.20916697877173512,204.37164481755408,204.370379991503,1.0182616856727466e-05,52496.924905177366,211.37464715120862,0.006258037308507947,9.878509978376309e-05,-4498.192380755398,4200.0,0.29861478828188404
12450.0,18717.847642961275,203.75925831847724,203.75809707747158,9.376786774758573e-06,52369.701885638045,9.377596671491968e-06,203.758677647825,4.6887849736275255e-06,52359.09255213341,208.1109525203755,208.10871761764002,1.7669119469581468e-05,56765.232711822384,1920.76569818047,0.20951254177563264,203.88472172104963,203.88353789164265,9.553302200425103e-06,52496.28239742089,211.37464715120862,0.006040441987236884,9.861028223396826e-05,-4498.192380755398,4200.0,0.29861478828188404
12500.0,18561.527364184487,203.2770664278374,203.27597922015786,8.799804074382658e-06,52373.9376633946,8.800519088733134e-06,203.27652277982818,4.400247776198218e-06,52363.9832411539,207.62561862142036,207.62352076236004,1.662441262498249e-05,56765.232711822384,1920.76569818047,0.2098578938032471,203.39774162377088,203.39663398501736,8.959854021158549e-06,52495.66504311709,211.37464715120862,0.005823695180723288,9.843622717852304e-05,-4498.192380755398,4200.0,0.29861478828188404
12550.0,18406.14641302411,202.7947826192882,202.7937650765306,8.255523582690514e-06,52378.15620011067,8.256154406067981e-06,202.79427380903323,4.1280668457000535e-06,52368.81944356234,207.14015503862782,207.1381864765365,1.5636354256341097e-05,56765.232711822384,1920.76569818047,0.21020315652670615,202.91070841499237,202.90967242152917,8.400416487306248e-06,52495.07247500826,211.37464715120862,0.005607797405679514,9.826292919551319e-05,-4498.192380755398,4200.0,0.29861478828188404
12600.0,18251.701286076117,202.31241071515683,202.3114587041457,7.742265199455422e-06,52382.35746641996,7.742821368747178e-06,202.31193467545734,3.87140157494966e-06,52373.60305056926,206.65456811120197,206.65272149604738,1.4702182842666323e-05,56765.232711822384,1920.76569818047,0.21054844784176932,202.423625799212,202.4226571536754,7.87321866526288e-06,52494.50433636675,211.37464715120862,0.00539274862439039,9.809038291679551e-05,-4498.192380755398,4200.0,0.29861478828188404
12650.0,18098.18848861212,201.8299543713413,201.82906398283546,7.258424973874787e-06,52386.541441702044,7.258914990368701e-06,201.8295091470334,3.6294494888095232e-06,52378.33587472792,206.16886390979784,206.16713227039992,1.3819253430775298e-05,56765.232711822384,1920.76569818047,0.21089388195542563,201.9364973032409,201.93559194416108,7.376571272400307e-06,52493.960280580664,211.37464715120862,0.005178548274416069,9.791858302731263e-05,-4498.192380755398,4200.0,0.29861478828188404
12700.0,17945.604534384023,201.34741708347258,201.34658462133214,6.802472227505027e-06,52390.708113594395,6.802903664201294e-06,201.34700082600364,3.401444800062799e-06,52383.01965276408,205.6830482455158,205.68142497237716,1.2985033754499442e-05,56765.232711822384,1920.76569818047,0.2112395694751394,201.44932628310474,201.44848037330584,6.908863517229925e-06,52493.43997075433,211.37464715120862,0.004965195297126846,9.774752426441809e-05,-4498.192380755398,4200.0,0.29861478828188404
12750.0,17793.94594543697,200.86480219291937,200.86402416372079,6.372946753222273e-06,52394.85747752544,6.373326351597411e-06,200.86441315514887,3.1866570038127483e-06,52387.6560483379,205.19712667873864,205.19560550751265,1.2197100420009781e-05,56765.232711822384,1920.76569818047,0.2115856174994168,200.96211593075543,200.96132584624638,6.468560026828676e-06,52492.94307932337,211.37464715120862,0.004752688165121471,9.757720141721196e-05,-4498.192380755398,4200.0,0.29861478828188404
12800.0,17643.20925193062,200.38211289263663,200.38138599572093,5.968456090258976e-06,52398.98953626796,5.968789847458569e-06,200.38174942385476,2.9843895103900418e-06,52392.246654739196,204.71110452780513,204.70967952338614,1.1453135160704479e-05,56765.232711822384,1920.76569818047,0.2119321297093858,200.47486928059428,200.47413159993351,6.054197861370456e-06,52492.46928768393,211.37464715120862,0.004541024908506093,9.740760932588707e-05,-4498.192380755398,4200.0,0.29861478828188404
12850.0,17493.390991968103,199.8993522328559,199.89867335079708,5.5876728751893185e-06,52403.10429951208,5.587966122539013e-06,199.8990127740123,2.7939783166624877e-06,52396.792997512806,204.2249868775117,204.2236524187329,1.0750921164653293e-05,56765.232711822384,1920.76569818047,0.2122792064610738,199.98758921580745,199.9869007099258,5.664383615411322e-06,52492.01828583568,211.37464715120862,0.004330203140159851,9.723874288108491e-05,-4498.192380755398,4200.0,0.29861478828188404
12900.0,17344.487711432816,199.416523126619,199.41588931609814,5.229332268571003e-06,52407.20178345726,5.229589742220656e-06,199.41620620575534,2.6147907155651766e-06,52401.29653701659,203.7387785874375,203.7375293523607,1.0088339477174894e-05,56765.232711822384,1920.76569818047,0.21262694487811742,199.5002784745135,199.49963609698005,5.297790605393896e-06,52491.58977203823,211.37464715120862,0.0041202200798735366,9.70705970232618e-05,-4498.192380755398,4200.0,0.29861478828188404
12950.0,17196.495963832338,198.93362835515424,198.93303683822663,4.892229456800544e-06,52411.28201042262,4.892455361244279e-06,198.93333258303346,2.4462240435949018e-06,52405.75867090945,203.2524843000884,203.25131525186964,9.463365480730851e-06,56765.232711822384,1920.76569818047,0.21297543894471724,199.0129396557245,199.0123405334408,4.9531561426761125e-06,52491.18345248063,211.37464715120862,0.003911072577458623,9.690316674206454e-05,-4498.192380755398,4200.0,0.29861478828188404
13000.0,17049.41231014958,198.45067057309757,198.45011872883862,4.575217228603388e-06,52415.3450084749,4.57541529375345e-06,198.45039463902322,2.287704465948347e-06,52410.180736571456,202.76610844885457,202.76501482217074,8.874065453951102e-06,56765.232711822384,1920.76569818047,0.2133247795984778,198.5255752251246,198.52501664943094,4.629278891240159e-06,52490.79904096356,211.37464715120862,0.0037027571348751836,9.673644707571585e-05,-4498.192380755398,4200.0,0.29861478828188404
13050.0,16903.233318700673,197.96765231355786,197.96713767007574,4.277203625454483e-06,52419.39081107355,4.277377157885869e-06,197.9673949813769,2.1386857989225352e-06,52414.56401345449,202.27965526577944,202.2786325537998,8.318593211265637e-06,56765.232711822384,1920.76569818047,0.21367505482306862,198.03818752066508,198.0376669388449,4.32501630910459e-06,52490.43625859379,211.37464715120862,0.003495269927360595,9.657043311040903e-05,-4498.192380755398,4200.0,0.29861478828188404
13100.0,16757.95556499954,197.48457599302944,197.4840962198309,3.997149665113632e-06,52423.41945673216,3.99730159404262e-06,197.4843360973123,1.99864836914386e-06,52418.90972536535,201.79312878913788,201.79217273102432,7.79518682429788e-06,56765.232711822384,1920.76569818047,0.2140263497404259,197.55077875797954,197.55029376514818,4.039282172344951e-06,52490.094833490664,211.37464715120862,0.0032886068235701564,9.640511997971193e-05,-4498.192380755398,4200.0,0.29861478828188404
13150.0,16613.575631628606,197.00144391615225,197.00099681684947,3.734067137358588e-06,52427.430988695814,3.734200055865888e-06,197.00122035854335,1.8670979091419183e-06,52423.21904268031,201.30653287082038,201.30563943974167,7.3021654258804e-06,56765.232711822384,1920.76569818047,0.21437874670233106,197.06335103562265,197.0628993669851,3.771044180520925e-06,52489.7745005041,211.37464715120862,0.0030827634048358286,9.624050286397999e-05,-4498.192380755398,4200.0,0.29861478828188404
13200.0,16470.090108115786,196.51825828032244,196.51784178566825,3.4870164709079232e-06,52431.4254546336,3.487132672872557e-06,196.51805002605573,1.743564488742752e-06,52427.49308449365,200.81987118352356,200.81903657516713,6.837926097280833e-06,56765.232711822384,1920.76569818047,0.21473232538123088,196.57590634013306,196.57548586359798,3.519321642214464e-06,52489.475000943894,211.37464715120862,0.0028777349834612402,9.607657698977796e-05,-4498.192380755398,4200.0,0.29861478828188404
13250.0,16327.495590817129,196.03502118015442,196.03463334139434,3.255104670445898e-06,52435.40290634587,3.255206183611061e-06,196.03482725472688,1.6276014817159869e-06,52431.73292069801,200.3331472277455,200.3323678493117,6.40094083897364e-06,56765.232711822384,1920.76569818047,0.21508716286014917,196.08844655092574,196.08805526006154,3.283183239301298e-06,52489.19608231987,211.37464715120862,0.002673516620201358,9.591333762931078e-05,-4498.192380755398,4200.0,0.29861478828188404
13300.0,16185.788682805365,195.55173461179743,195.5513735943263,3.03748332258937e-06,52439.36339948554,3.037571938144947e-06,195.55155409779567,1.5187845670783325e-06,52435.939574000535,199.84636433858594,199.84563679824944,5.9897536250626055e-06,56765.232711822384,1920.76569818047,0.21544333372153912,195.60097344501463,195.6006094523354,3.061744868505586e-06,52488.93749809257,211.37464715120862,0.002470103140837174,9.575078009986258e-05,-4498.192380755398,4200.0,0.29861478828188404
13350.0,16044.965993763495,195.0684004771085,195.06806455442037,2.8333466695749662e-06,52443.30699329302,2.8334239686038383e-06,195.0682325111822,1.4167107644244548e-06,52440.11402187364,199.35952569235226,199.35884678917498,5.602977541245301e-06,56765.232711822384,1920.76569818047,0.2158009101350137,195.11348870157082,195.1131502321383,2.8541675587258915e-06,52488.69900743416,211.37464715120862,0.0022674891519769915,9.558889976324444e-05,-4498.192380755398,4200.0,0.29861478828188404
13400.0,15905.024139883953,194.58502058768426,194.58470813560484,2.641929749390148e-06,52447.233750344094,2.6419971264932356e-06,194.58486435766034,1.3209975026315602e-06,52444.25719844114,198.8726343129712,198.87200102725237,5.23929200601696e-06,56765.232711822384,1920.76569818047,0.2161599619437875,194.62599390631777,194.62567929164797,2.659655462567157e-06,52488.48037499913,211.37464715120862,0.0020656690560293825,9.542769202525022e-05,-4498.192380755398,4200.0,0.29861478828188404
13450.0,15765.959743772444,194.10159666875498,194.10130615994458,2.4625066010245973e-06,52451.143736310376,2.4625652854110114e-06,194.10145141088822,1.231281721262164e-06,52448.36999630339,198.3856930782081,198.38510256225644,4.89744007463433e-06,56765.232711822384,1920.76569818047,0.21652055674975482,194.13849055576893,194.13819822803026,2.4774539204697252e-06,52488.28137070462,211.37464715120862,0.0018646370654253875,9.52671523351205e-05,-4498.192380755398,4200.0,0.29861478828188404
13500.0,15627.769434356693,193.6181303629421,193.61786036165972,2.294388533479095e-06,52455.03701973177,2.2944396077785417e-06,193.61799535929575,1.14721900396953e-06,52452.45326829864,197.89870472569598,197.898154295009,4.576225825198821e-06,56765.232711822384,1920.76569818047,0.21688275999721493,193.65098006130916,193.65070854780143,2.3068475957889143e-06,52488.10176951982,211.37464715120862,0.001664387216097134,9.510727618501488e-05,-4498.192380755398,4200.0,0.29861478828188404
13550.0,15490.449846799824,193.13462323388336,193.134372391001,2.1369224571355565e-06,52458.91367180041,2.1369668741671666e-06,193.1344978098352,1.0684827431965796e-06,52456.50782920512,197.4116718587742,197.41115898361127,4.274511826072594e-06,56765.232711822384,1920.76569818047,0.21724663505501493,193.16346375312614,193.1632116710278,2.147158679150295e-06,52487.94135126432,211.37464715120862,0.0014649133802851478,9.494805910949147e-05,-4498.192380755398,4200.0,0.29861478828188404
13600.0,15353.997622418017,192.6510767697283,192.650843817985,1.989489276065129e-06,52462.7737661557,1.989527873773424e-06,192.6509602915969,9.947633354454092e-07,52460.53445738356,196.9245969521418,196.924119249476,3.991216683710764e-06,56765.232711822384,1920.76569818047,0.21761224329717316,192.67594288399252,192.67570893536615,1.997745160382189e-06,52487.799900415055,211.37464715120862,0.0012662092785686624,9.478949668499474e-05,-4498.192380755398,4200.0,0.29861478828188404
13650.0,15218.409408602445,192.16749238650561,192.16727613599267,1.851502339829213e-06,52466.61737868989,1.8515358545775122e-06,192.1673842592919,9.2576740638503e-07,52464.533896360794,196.43748235732554,196.43703758316133,3.725312669875001e-06,56765.232711822384,1920.76569818047,0.21797964418192578,192.1884186329052,192.18820159994976,1.8579991663115912e-06,52487.67720592141,211.37464715120862,0.0010682684913593727,9.463158452935058e-05,-4498.192380755398,4200.0,0.29861478828188404
13700.0,15083.681858745254,191.6838714313675,191.68367076523418,1.7224059533127806e-06,52470.44458736383,1.7224350317059386e-06,191.68377109660693,8.612170650581382e-07,52468.50685635721,195.95033030796696,195.94991635000966,3.475823427089033e-06,56765.232711822384,1920.76569818047,0.21834889532908178,191.7008921085836,191.70069084912356,1.7273453626980362e-06,52487.573061028386,211.37464715120862,0.0008710844696690038,9.447431830126876e-05,-4498.192380755398,4200.0,0.29861478828188404
13750.0,14949.81163216936,191.20021518571244,191.2000290560837,1.601673943117318e-06,52474.25547203246,1.601699152508575e-06,191.20012211943333,8.00849186442349e-07,52472.45401575859,195.4631429249306,195.46275779559485,3.241821751103816e-06,56765.232711822384,1920.76569818047,0.2187200525957101,191.21336435283158,191.21317779603243,1.60523941857474e-06,52487.48726310737,211.37464715120862,0.0006746505453116596,9.431769369985297e-05,-4498.192380755398,4200.0,0.29861478828188404
13800.0,14816.795394061966,190.71652486818977,190.71635229228716,1.4888082790341074e-06,52478.05011427952,1.4888301168550946e-06,190.71643857897277,7.444147216186544e-07,52476.3760225325,194.97592222123683,194.97556405098112,3.0224274490585715e-06,56765.232711822384,1920.76569818047,0.21909317015015042,190.7258363437667,190.72566348606728,1.4911665312656063e-06,52487.4196134943,211.37464715120862,0.00047895994053413765,9.416170646411783e-05,-4498.192380755398,4200.0,0.29861478828188404
13850.0,14684.629815411548,190.23280163759,190.2326416940463,1.3833377491151717e-06,52481.82859726121,1.383356651155242e-06,190.23272166472543,6.916780347995858e-07,52480.27349559385,194.4886701068225,194.48833713779717,2.8168052719524827e-06,56765.232711822384,1920.76569818047,0.2194683005442368,190.23830899892027,190.23814890017255,1.3846400103499882e-06,52487.36991733497,211.37464715120862,0.0002840057770526506,9.400635237251297e-05,-4498.192380755398,4200.0,0.29861478828188404
13900.0,14553.311572948392,189.74904659562202,189.74889842098275,1.2848166868606e-06,52485.59100555833,1.2848330346073423e-06,189.74897250735972,6.424162664695147e-07,52484.14702611601,194.00138839313271,194.00107897312927,2.624162919979877e-06,56765.232711822384,1920.76569818047,0.21984549478385837,189.75078317821195,189.75063495801908,1.2851999188544078e-06,52487.33798343713,211.37464715120862,8.978108461063936e-05,9.385162724245411e-05,-4498.192380755398,4200.0,0.29861478828188404
13950.0,14422.837349088106,189.26526078958287,189.26512357498515,1.1928237490444522e-06,52489.33742503657,1.1928378761875195e-06,189.26519218147146,5.964187218935356e-07,52487.99717879422,193.51407879754765,193.51379137423743,2.4437491192299025e-06,56765.232711822384,1920.76569818047,0.2202248023976974,189.26526078958287,189.26519218147146,1.1928237490444522e-06,52489.33742503657,211.37464715120862,-0.00010372119102708161,9.369752692986104e-05,-4498.192380755398,4200.0,0.29861478828188404
14000.0,14293.20383187845,188.78144521492078,188.78131820294251,1.1069607427092193e-06,52493.0679427145,1.106972940897974e-06,188.7813817082319,5.53486284254285e-07,52491.82449305838,193.02674294764722,193.02647606309807,2.2748517682063863e-06,56765.232711822384,1920.76569818047,0.22060627150424414,188.78144521492078,188.7813817082319,1.1069607427092193e-06,52493.0679427145,211.37464715120862,-0.00029650818054273025,9.354404732870209e-05,-4498.192380755398,4200.0,0.29861478828188404
14050.0,14164.407714948964,188.29760081769567,188.2974832993676,1.0268514998685071e-06,52496.78264663906,1.0268620238051635e-06,188.29754205792943,5.134308516822947e-07,52495.62948423848,192.53938238531856,192.53913467077803,2.1167961525880783e-06,56765.232711822384,1920.76569818047,0.22098994887708645,188.29760081769567,188.29754205792943,1.0268514998685071e-06,52496.78264663906,211.37464715120862,-0.0004885870839732512,9.339118437054521e-05,-4498.192380755398,4200.0,0.29861478828188404
14100.0,14036.445697463429,187.81372849694026,187.81361980891336,9.521407984705459e-07,52500.48162576804,9.521498704121558e-07,187.813674152409,4.7607479745216147e-07,52499.41264468466,192.05199857070886,192.0517687416431,1.96894322661894e-06,56765.232711822384,1920.76569818047,0.22137588000840608,187.81372849694026,187.813674152409,9.521407984705459e-07,52500.48162576804,211.37464715120862,-0.0006799651641240722,9.323893402411588e-05,-4498.192380755398,4200.0,0.29861478828188404
14150.0,13909.314484075077,187.32982910692417,187.32972862878546,8.8249332818972e-07,52504.16496985934,8.825011419242383e-07,187.32977886741,4.412504526242102e-07,52503.17444484114,191.5645928860281,191.56437973740586,1.830687959496216e-06,56765.232711822384,1920.76569818047,0.22176410917076964,187.32982910692417,187.32977886741,8.8249332818972e-07,52504.16496985934,211.37464715120862,-0.0008706497403337867,9.308729229486084e-05,-4498.192380755398,4200.0,0.29861478828188404
14200.0,13783.010784884304,186.84590345932466,186.8458106110546,8.175926996305423e-07,52507.83276936664,8.175994239857054e-07,186.8458570348078,4.087996104207365e-07,52506.91533427715,191.0771666392053,191.07696904101698,1.7014577451067927e-06,56765.232711822384,1920.76569818047,0.2221546794771731,186.84590345932466,186.8458570348078,8.175926996305423e-07,52507.83276936664,211.37464715120862,-0.0010606481827208677,9.293625522451847e-05,-4498.192380755398,4200.0,0.29861478828188404
14250.0,13657.531315398857,186.36195232530608,186.36186656487143,7.571404955471274e-07,52511.485115341275,7.571462774846324e-07,186.36190944476127,3.7857305163533986e-07,52510.63574267558,190.5897210674027,190.5895379604038,1.5807108734510346e-06,56765.232711822384,1920.76569818047,0.22254763293943086,186.36195232530608,186.36190944476127,7.571404955471274e-07,52511.485115341275,211.37464715120862,-0.0012499679067230526,9.278581889069515e-05,-4498.192380755398,4200.0,0.29861478828188404
14300.0,13532.872796496276,185.8779764375121,185.87789725858755,7.008553627018338e-07,52515.122099339824,7.008603300435274e-07,185.87793684776923,3.504300903843949e-07,52514.336080780726,190.1022573403903,190.1020877320607,1.4679350620874967e-06,56765.232711822384,1920.76569818047,0.2229430105247915,185.8779764375121,185.87793684776923,7.008553627018338e-07,52515.122099339824,211.37464715120862,-0.0014386163680975557,9.263597940644772e-05,-4498.192380755398,4200.0,0.29861478828188404
14350.0,13409.03195438863,185.39397649197247,185.39390342178532,6.484721430084941e-07,52518.74381333739,6.484764068363857e-07,185.39393995663866,3.2423813952100724e-07,52518.01674130585,189.61477656378662,189.61461952449557,1.3626460459301709e-06,56765.232711822384,1920.76569818047,0.22334085221096556,185.39397649197247,185.39393995663866,6.484721430084941e-07,52518.74381333739,211.37464715120862,-0.0016266010581988206,9.248673291987186e-05,-4498.192380755398,4200.0,0.29861478828188404
14400.0,13286.005520589344,184.90995314992796,184.90988574721962,5.997410426289327e-07,52522.350349646054,5.997446993964612e-07,184.90991944836833,2.998722950436944e-07,52521.678099803,189.12727978216805,189.12713444153601,1.2643862237327189e-06,56765.232711822384,1920.76569818047,0.22374119703945955,184.90995314992796,184.90991944836833,5.997410426289327e-07,52522.350349646054,211.37464715120862,-0.0018139294996256058,9.23380756136963e-05,-4498.192380755398,4200.0,0.29861478828188404
14450.0,13163.790231881969,184.42590703957543,184.42584489267503,5.544268377158937e-07,52525.94180083845,5.544299711034639e-07,184.4258759659496,2.7721493884421497e-07,52525.320515495005,188.6397679820515,188.63963352550047,1.1727233596010257e-06,56765.232711822384,1920.76569818047,0.22414408316733697,184.42590703957543,184.4258759659496,5.544268377158937e-07,52525.94180083845,211.37464715120862,-0.0020006092421542172,9.219000370488283e-05,-4498.192380755398,4200.0,0.29861478828188404
14500.0,13042.382830290973,183.94183875773714,183.94178148274074,5.123081155204838e-07,52529.51825967607,5.123107980651013e-07,183.94181012008897,2.5615535915206786e-07,52528.944332072686,188.15224209475343,188.15211776023702,1.0872493378851478e-06,56765.232711822384,1920.76569818047,0.2245495479173164,183.94183875773714,183.94181012008897,5.123081155204838e-07,52529.51825967607,211.37464715120862,-0.0021866478590108337,9.204251344423186e-05,-4498.192380755398,4200.0,0.29861478828188404
14550.0,12921.780063054313,183.4577488714547,183.4576961105061,4.7317654960860935e-07,52533.07981904215,4.731788441337421e-07,183.45772249085246,2.365893880461095e-07,52532.5498784555,187.66470299913033,187.66458807403544,1.0075789698154619e-06,56765.232711822384,1920.76569818047,0.22495762782642217,183.4577488714547,183.45772249085246,4.7317654960860935e-07,52533.07981904215,211.37464715120862,-0.002372052943375897,9.189560111599364e-05,-4498.192380755398,4200.0,0.29861478828188404
14600.0,12801.978682597628,182.9736379195131,182.9735893391806,4.3683620795759086e-07,52536.62657187882,4.368381688268128e-07,182.97361362923783,2.184190554176426e-07,52536.1374695209,187.17715152420254,187.17704534241525,9.333488502635326e-07,56765.232711822384,1920.76569818047,0.2253683586929757,182.9736379195131,182.97361362923783,4.3683620795759086e-07,52536.62657187882,211.37464715120862,-0.0025568321052016727,9.174926303748485e-05,-4498.192380755398,4200.0,0.29861478828188404
14650.0,12682.975446510272,182.4895064138948,182.48946170363928,4.031028927313566e-07,52540.15861112844,4.0310456694650246e-07,182.4894840586742,2.0155225878281063e-07,52539.70740679938,186.68958845166708,186.68949039079487,8.642162630273824e-07,56765.232711822384,1920.76569818047,0.22578177562218985,182.4895064138948,182.4894840586742,4.031028927313566e-07,52540.15861112844,211.37464715120862,-0.002740992968256237,9.160349555871065e-05,-4498.192380755398,4200.0,0.29861478828188404
14700.0,12564.76711752274,182.00535484116818,182.00531371189828,3.7180351056072205e-07,52543.676029678754,3.718049387230483e-07,182.00533427645425,1.8590244835647437e-07,52543.25997913992,186.20201451830204,186.20192399704501,7.998581330613798e-07,56765.232711822384,1920.76569818047,0.22619791307025286,182.00535484116818,182.00533427645425,3.7180351056072205e-07,52543.676029678754,211.37464715120862,-0.0029245431674155197,9.145829506199196e-05,-4498.192380755398,4200.0,0.29861478828188404
14750.0,12447.350463485665,181.52118366381202,181.52114584652162,3.4277547218317335e-07,52547.17892031176,3.427766893338827e-07,181.5211647550997,1.713883268137455e-07,52546.79546334449,185.71443041826595,185.7143468939305,7.399700240942579e-07,56765.232711822384,1920.76569818047,0.2266168048869648,181.52118366381202,181.5211647550997,3.4277547218317335e-07,52547.17892031176,211.37464715120862,-0.0031074903462116857,9.13136579615979e-05,-4498.192380755398,4200.0,0.29861478828188404
14800.0,12330.72225735024,181.03699332147818,181.0369585659624,3.158661203252029e-07,52550.667375656085,3.158671566798169e-07,181.03697594366326,1.5793356317979833e-07,52550.314124773635,185.22683680529698,185.22675977144456,6.842651801034374e-07,56765.232711822384,1920.76569818047,0.22703848435703172,181.03699332147818,181.03697594366326,3.158661203252029e-07,52550.667375656085,211.37464715120862,-0.0032898421545245952,9.116958070338336e-05,-4498.192380755398,4200.0,0.29861478828188404
14850.0,12214.87927714987,180.5527842321954,180.55275230584115,2.909321847387851e-07,52554.14148814264,2.909330663282459e-07,180.55276826896988,1.4546652030297936e-07,52553.81621792469,184.73923429481334,184.73916327903882,6.324736091402408e-07,56765.232711822384,1920.76569818047,0.22746298423992312,180.5527842321954,180.55276826896988,2.909321847387851e-07,52554.14148814264,211.37464715120862,-0.0034716062465677843,9.10260597644317e-05,-4498.192380755398,4200.0,0.29861478828188404
14900.0,12099.818305983254,180.06855679351654,180.06852748016328,2.6783926333234605e-07,52557.601349963465,2.6784001256218184e-07,180.06854213679892,1.3391999538064327e-07,52557.30198698279,184.251623465921,184.25155802775342,5.84341208028244e-07,56765.232711822384,1920.76569818047,0.22789033680846005,180.06855679351654,180.06854213679892,2.6783926333234605e-07,52557.601349963465,211.37464715120862,-0.00365279027899847,9.088309165270228e-05,-4498.192380755398,4200.0,0.29861478828188404
14950.0,11985.536131998555,179.5843113836105,179.5842844824782,2.464613283653161e-07,52561.04705303349,2.464619645028998e-07,179.5842979330096,1.2323097302162984e-07,52560.771666345914,183.76400486332963,183.76394459224971,5.396289264858593e-07,56765.232711822384,1920.76569818047,0.22832057388609264,179.5843113836105,179.5842979330096,2.464613283653161e-07,52561.04705303349,211.37464715120862,-0.003833401909239802,9.074067290668277e-05,-4498.192380755398,4200.0,0.29861478828188404
15000.0,11872.02954837874,179.10004836230237,179.10002368698284,2.266802567040922e-07,52564.47868895516,2.266807963029008e-07,179.10003602461325,1.1334039034375458e-07,52564.22548112599,183.27637899918142,183.2763235127507,4.981119692543453e-07,56765.232711822384,1920.76569818047,0.2287537268828951,179.10004836230237,179.10003602461325,2.266802567040922e-07,52564.47868895516,211.37464715120862,-0.0040134487939699655,9.05988000950465e-05,-4498.192380755398,4200.0,0.29861478828188404
