z,p,T_rho,T,qv,h,qsat_env,T_env,q_env,h_env,T_rho_u,T_u,qv_u,h_u,CAPE_u,B_u,T_rho_w,T_w,qv_w,h_w,CAPE_w,B_w,ent,dh,dz,sat_def
50.0,100000.0,302.0911171416707,300.0,0.011468421879803334,56442.20953766283,0.022354757745229534,300.0663720978312,0.01143843041442118,56433.91147612278,302.0911171416707,300.0,0.011468421879803334,56442.20953766283,1306.2153958913943,0.0,302.0911171416707,300.0663720978312,0.011468421879803334,56442.20953766283,5.8981850338080815,0.0,0.0,-2994.668129514008,4200.0,0.0030512289680990645
100.0,99435.93274352296,301.60479076884474,299.5170400466315,0.011468421879803334,56442.20953766283,0.021898519349680446,299.62401990521147,0.01119470668564116,55860.034869037205,301.60479076884474,299.5170400466315,0.011468421879803334,56442.20953766283,1306.2153958913943,0.0,301.60479076884474,299.62401990521147,0.011468421879803334,56442.20953766283,5.8981850338080815,0.0,0.0,-2994.668129514008,4200.0,0.0030512289680990645
150.0,98874.14535857982,301.1184643960189,299.03408009326307,0.011468421879803334,56442.20953766283,0.021449082327348608,299.18095219514225,0.010954863725645443,55295.41137148387,301.1184643960189,299.03408009326307,0.011468421879803334,56442.20953766283,1306.2153958913943,0.0,301.1184643960189,299.18095219514225,0.011468421879803334,56442.20953766283,5.8981850338080815,0.0,0.0,-2994.668129514008,4200.0,0.0030512289680990645
200.0,98314.63228716045,300.63213802319297,298.5511201398946,0.011468421879803334,56442.20953766283,0.02100640110621555,298.73717489567633,0.010718870131157996,54739.963752775984,300.63213802319297,298.5511201398946,0.011468421879803334,56442.20953766283,1306.2153958913943,0.0,300.63213802319297,298.73717489567633,0.011468421879803334,56442.20953766283,5.8981850338080815,0.0,0.0,-2994.668129514008,4200.0,0.0030512289680990645
250.0,97757.38797586082,300.1458116503671,298.06816018652614,0.011468421879803334,56442.20953766283,0.02057042935872741,298.2926940037919,0.01048669415292474,54193.61400846033,300.1458116503671,298.06816018652614,0.011468421879803334,56442.20953766283,1306.2153958913943,0.0,300.1458116503671,298.2926940037919,0.011468421879803334,56442.20953766283,5.8981850338080815,0.0,0.0,-2994.668129514008,4200.0,0.0030512289680990645
300.0,97202.4068758862,299.6594852775412,297.58520023315765,0.011468421879803334,56442.20953766283,0.020141120016557563,297.84751558327764,0.01025830370548061,53656.283383793256,299.6594852775412,297.58520023315765,0.011468421879803334,56442.20953766283,1306.2153958913943,0.0,299.6594852775412,297.84751558327764,0.011468421879803334,56442.20953766283,5.8981850338080815,0.0,0.0,-2994.668129514008,4200.0,0.0030512289680990645
350.0,96649.68344305526,299.1731589047153,297.1022402797892,0.011468421879803334,56442.20953766283,0.019718425285841334,297.4016457625793,0.010033666377139136,53127.89239772183,299.1731589047153,297.1022402797892,0.011468421879803334,56442.20953766283,1306.2153958913943,0.0,299.1731589047153,297.4016457625793,0.011468421879803334,56442.20953766283,5.8981850338080815,0.0,0.0,-2994.668129514008,4200.0,0.0030512289680990645
400.0,96099.2121378031,298.68683253188937,296.6192803264207,0.011468421879803334,56442.20953766283,0.019302296662866803,296.95509073260644,0.009812749440194297,52608.36086734226,298.68683253188937,296.6192803264207,0.011468421879803334,56442.20953766283,1306.2153958913943,0.0,298.68683253188937,296.95509073260644,0.011468421879803334,56442.20953766283,5.8981850338080815,0.0,0.0,-2994.668129514008,4200.0,0.0030512289680990645
450.0,95550.98742518565,298.20050615906354,296.1363203730523,0.011468421879803334,56442.20953766283,0.018892684950213304,296.5078567445057,0.00959551986132802,52097.607932824096,298.20050615906354,296.1363203730523,0.011468421879803334,56442.20953766283,1306.2153958913943,0.0,298.20050615906354,296.5078567445057,0.011468421879803334,56442.20953766283,5.8981850338080815,0.0,0.0,-2994.668129514008,4200.0,0.0030512289680990645
500.0,95005.00377488296,297.7141797862376,295.6533604196838,0.011468421879803334,56442.20953766283,0.018489540273317197,296.0599501073975,0.009381944312210726,51595.552082764676,297.7141797862376,295.6533604196838,0.011468421879803334,56442.20953766283,1306.2153958913943,0.0,297.7141797862376,296.0599501073975,0.011468421879803334,56442.20953766283,5.8981850338080815,0.0,0.0,-2994.668129514008,4200.0,0.0030512289680990645
550.0,94461.25566120254,297.2278534134117,295.17040046631536,0.011468421879803334,56442.20953766283,0.018092812097457577,295.61137718608336,0.009171989180289011,51102.11117996516,297.2278534134117,295.17040046631536,0.011468421879803334,56442.20953766283,1306.2153958913943,0.0,297.2278534134117,295.61137718608336,0.011468421879803334,56442.20953766283,5.8981850338080815,0.0,0.0,-2994.668129514008,4200.0,0.0030512289680990645
600.0,93919.73756308354,296.7415270405858,294.68744051294686,0.011468421879803334,56442.20953766283,0.017702449245140552,295.1621443987217,0.008965620579747363,50617.20248759231,296.7415270405858,294.68744051294686,0.011468421879803334,56442.20953766283,1306.2153958913943,0.0,296.7415270405858,295.1621443987217,0.011468421879803334,56442.20953766283,5.8981850338080815,0.0,0.0,-2994.668129514008,4200.0,0.0030512289680990645
650.0,93380.44396410011,296.25520066775994,294.2044805595784,0.011468421879803334,56442.20953766283,0.017318399913870432,294.7122582144774,0.008762804362635903,50140.74269570994,296.25520066775994,294.2044805595784,0.011468421879803334,56442.20953766283,1306.2153958913943,0.0,296.25520066775994,294.7122582144774,0.011468421879803334,56442.20953766283,5.8981850338080815,0.0,0.0,-2994.668129514008,4200.0,0.0030512289680990645
700.0,92843.36935246551,295.768874294934,293.72152060620994,0.011468421879803334,56442.20953766283,0.01694061169428993,294.2617251511455,0.00856350613015287,49672.64794815168,295.768874294934,293.72152060620994,0.011468421879803334,56442.20953766283,1306.2153958913943,0.0,295.768874294934,294.2617251511455,0.011468421879803334,56442.20953766283,5.8981850338080815,0.0,0.0,-2994.668129514008,4200.0,0.0030512289680990645
750.0,92308.50822103508,295.28254792210817,293.2385606528415,0.011468421879803334,56442.20953766283,0.01656903158867322,293.8105517727517,0.00836769124407168,49212.833869711016,295.28254792210817,293.2385606528415,0.011468421879803334,56442.20953766283,1306.2153958913943,0.0,295.28254792210817,293.8105517727517,0.011468421879803334,56442.20953766283,5.8981850338080815,0.0,0.0,-2994.668129514008,4200.0,0.0030512289680990645
800.0,91775.85506731074,294.7962215492822,292.755600699473,0.011468421879803334,56442.20953766283,0.016203606029754174,293.3587446871315,0.008175324838301473,48761.21559362221,294.7962215492822,292.755600699473,0.011468421879803334,56442.20953766283,1306.2153958913943,0.0,294.7962215492822,293.3587446871315,0.011468421879803334,56442.20953766283,5.8981850338080815,0.0,0.0,-2994.668129514008,4200.0,0.0030512289680990645
850.0,91245.40439344414,294.30989517645634,292.27264074610457,0.011468421879803334,56442.20953766283,0.015844280899874295,292.9063105434925,0.007986371830571338,48317.70778931044,294.30989517645634,292.27264074610457,0.011468421879803334,56442.20953766283,1306.2153958913943,0.0,294.30989517645634,292.9063105434925,0.011468421879803334,56442.20953766283,5.8981850338080815,0.0,0.0,-2994.668129514008,4200.0,0.0030512289680990645
900.0,90717.15070624063,293.82356880363045,291.7896807927361,0.011468421879803334,56442.20953766283,0.015491001550429437,292.4532560299586,0.00780079693422572,47882.22469037869,293.82356880363045,291.7896807927361,0.011468421879803334,56442.20953766283,1306.2153958913943,0.0,293.82356880363045,292.4532560299586,0.011468421879803334,56442.20953766283,5.8981850338080815,0.0,0.0,-2994.668129514008,4200.0,0.0030512289680990645
950.0,90191.08851716296,293.33724243080457,291.30672083936764,0.011468421879803334,56442.20953766283,0.015143712821599367,291.9995878711007,0.007618564670121004,47454.68012280963,293.33724243080457,291.30672083936764,0.011468421879803334,56442.20953766283,1306.2153958913943,0.0,293.33724243080457,291.9995878711007,0.011468421879803334,56442.20953766283,5.8981850338080815,0.0,0.0,-2994.668129514008,4200.0,0.0030512289680990645
1000.0,89667.21234233504,292.8509160579786,290.82376088599915,0.011468421879803334,56442.20953766283,0.01480235906234063,291.54531282545594,0.007439639378611595,47034.98753335468,292.8509160579786,290.82376088599915,0.011468421879803334,56442.20953766283,1306.2153958913943,0.0,292.8509160579786,291.54531282545594,0.011468421879803334,56442.20953766283,5.8981850338080815,0.0,0.0,-2994.668129514008,4200.0,0.0030512289680990645
1050.0,89145.51670254566,292.3645896851528,290.3408009326307,0.011468421879803334,56442.20953766283,0.014466884150624743,291.09043768303786,0.007263985231614612,46623.0600180845,292.3645896851528,290.3408009326307,0.011468421879803334,56442.20953766283,1306.2153958913943,0.0,292.3645896851528,291.09043768303786,0.011468421879803334,56442.20953766283,5.8981850338080815,0.0,0.0,-2994.668129514008,4200.0,0.0030512289680990645
1100.0,88625.99612325232,291.87826331232685,289.8578409792622,0.011468421879803334,56442.20953766283,0.014137231513900764,290.6349692628383,0.007091566244740921,46218.81035107076,291.87826331232685,289.8578409792622,0.011468421879803334,56442.20953766283,1306.2153958913943,0.0,291.87826331232685,290.6349692628383,0.011468421879803334,56442.20953766283,5.8981850338080815,0.0,0.0,-2994.668129514008,4200.0,0.0030512289680990645
1150.0,88108.6451345848,291.39193693950097,289.3748810258938,0.011468421879803334,56442.20953766283,0.01381334414976554,290.1789144103262,0.006922346289482384,45822.15101317789,291.39193693950097,289.3748810258938,0.011468421879803334,56442.20953766283,1306.2153958913943,0.0,291.39193693950097,290.1789144103262,0.011468421879803334,56442.20953766283,5.8981850338080815,0.0,0.0,-2994.668129514008,4200.0,0.0030512289680990645
1200.0,87593.45827134921,290.9056105666751,288.8919210725253,0.011468421879803334,56442.20953766283,0.013495164646819508,289.7222799949425,0.006756289105442656,45432.99422093199,290.9056105666751,288.8919210725253,0.011468421879803334,56442.20953766283,1306.2153958913943,0.0,290.9056105666751,289.7222799949425,0.011468421879803334,56442.20953766283,5.8981850338080815,0.0,0.0,-2994.668129514008,4200.0,0.0030512289680990645
1250.0,87080.43007303169,290.4192841938492,288.40896111915686,0.011468421879803334,56442.20953766283,0.013182635205690445,289.265072907596,0.006593358312601032,45051.251955444706,290.4192841938492,288.40896111915686,0.011468421879803334,56442.20953766283,1306.2153958913943,0.0,290.4192841938492,289.265072907596,0.011468421879803334,56442.20953766283,5.8981850338080815,0.0,0.0,-2994.668129514008,4200.0,0.0030512289680990645
1300.0,86569.55508380204,289.93295782102325,287.92600116578836,0.011468421879803334,56442.20953766283,0.012875697660203774,288.80730005816065,0.006433517423597224,44676.835991361964,289.93295782102325,287.92600116578836,0.011468421879803334,56442.20953766283,1306.2153958913943,0.0,289.93295782102325,288.80730005816065,0.011468421879803334,56442.20953766283,5.8981850338080815,0.0,0.0,-2994.668129514008,4200.0,0.0030512289680990645
1350.0,86060.82785251766,289.44663144819737,287.44304121241987,0.011468421879803334,56442.20953766283,0.012574293498680677,288.34896837297765,0.006276729856026188,44309.65792581301,289.44663144819737,287.44304121241987,0.011468421879803334,56442.20953766283,1306.2153958913943,0.0,289.44663144819737,288.34896837297765,0.011468421879803334,56442.20953766283,5.8981850338080815,0.0,0.0,-2994.668129514008,4200.0,0.0030512289680990645
1400.0,85554.24293272741,288.9603050753715,286.96008125905144,0.011468421879803334,56442.20953766283,0.01227836388534359,287.8900847923643,0.006122958944731445,43949.629207332386,288.9603050753715,286.96008125905144,0.011468421879803334,56442.20953766283,1306.2153958913943,0.0,288.9603050753715,287.8900847923643,0.011468421879803334,56442.20953766283,5.8981850338080815,0.0,0.0,-2994.668129514008,4200.0,0.0030512289680990645
1450.0,85049.79488267547,288.6413838651814,286.6559464423223,0.011395720829754128,56442.20953766283,0.012110484878080962,287.586854671388,0.006033038955731894,43907.55406486132,288.6413838651814,286.6559464423223,0.011395720829754128,56442.20953766283,1306.2153958913943,0.0,288.6413838651814,287.586854671388,0.011395720829754128,56442.20953766283,5.8981850338080815,0.0,0.00010685688820990892,-2994.668129514008,4200.0,0.0030512289680990645
1500.0,84547.76873551589,288.3664216856989,286.4036470388439,0.011275568530319713,56375.238823732485,0.011976324957718873,287.3244836485195,0.0059664473288648864,43965.45795812897,288.3929485804379,286.4270000367085,0.011292880835725704,56442.20953766283,1306.2153958913943,0.0009024241999755142,288.3706075890919,287.3244836485195,0.011278299020608371,56385.80358803522,5.8981850338080815,0.00014240115768314972,0.00010657294473987979,-2994.668129514008,4200.0,0.0030512289680990645
1550.0,84048.23145802821,288.09136105279026,286.15107980307647,0.011156188686648898,56309.2884951386,0.011843151394525794,287.0619091770089,0.005900339939350585,44024.40330738584,288.14413254761297,286.1975867476615,0.011190389739536764,56442.20953766283,1306.2153958913943,0.0017969590005022585,288.09955352003806,287.0619091770089,0.011161492885676715,56329.91203270064,5.8981850338080815,0.00027896741994337464,0.00010629100264757297,-2994.668129514008,4200.0,0.0030512289680990645
1600.0,83551.17289857221,287.8159171681469,285.89799362696823,0.011037398821874767,56244.34827028021,0.011710758420791145,286.79886539521254,0.00583461474956366,44083.864700231556,287.89475481858545,285.96754626843114,0.01108813533520641,56442.20953766283,1306.2153958913943,0.0026871250152247952,287.8279562834168,286.79886539521254,0.011045135008012021,56274.537243436724,5.8981850338080815,0.0004103446465371784,0.00010601103825301452,-2994.668129514008,4200.0,0.0030512289680990645
1650.0,83056.5824511657,287.5400815743584,285.6443803899537,0.010919198226966093,56180.40534830746,0.011579143745657943,286.5353441832233,0.005769270714673852,44143.831124079865,287.644809745206,285.73687243132457,0.01098612074978649,56442.20953766283,1306.2153958913943,0.0035730091971510765,287.55581031374015,286.5353441832233,0.010929228823401195,56219.6792169923,5.8981850338080815,0.0005366171300022157,0.00010573302827262171,-2994.668129514008,4200.0,0.0030512289680990645
1700.0,82564.44953768826,287.26384478191886,285.3902310384223,0.010801585647695079,56117.44717136003,0.011448304475753917,286.27133644333804,0.005704306489790602,44204.28982614777,287.39429095876017,285.50555841996095,0.010884348725305778,56442.20953766283,1306.2153958913943,0.004454709557287569,287.28310900596705,286.27133644333804,0.010813777165864529,56165.337900574195,5.8981850338080815,0.0006578692075091214,0.00010545694981060816,-2994.668129514008,4200.0,0.0030512289680990645
1750.0,82074.76360627131,286.9871972757364,285.1355364720244,0.010684559940835303,56055.46140740358,0.01131823784846023,286.00683303965207,0.0056397207939753256,44265.22817801856,287.14319201292926,285.2735973350794,0.010782822039761511,56442.20953766283,1306.2153958913943,0.00533232278787642,287.009845664407,286.00683303965207,0.01069878288778433,56111.51318423927,5.8981850338080815,0.000774183290989906,0.00010518278035061828,-2994.668129514008,4200.0,0.0030512289680990645
1800.0,81587.5141314355,286.71012950924955,284.88028753864467,0.010568120069962949,55994.435943368284,0.011188941226665455,285.7418247927017,0.005575512407667846,44326.63366367703,286.8915063806329,285.0409821916102,0.010681543506032015,56442.20953766283,1306.2153958913943,0.006205944349842924,286.7360134988321,285.7418247927017,0.010584248858334961,56058.20490171128,5.8981850338080815,0.0008856399257308218,0.00010491049774758052,-2994.668129514008,4200.0,0.0030512289680990645
1850.0,81102.69061421423,286.4326319021464,284.6244750325437,0.010452265103624042,55934.358878498206,0.01106041209617865,285.4763024774656,0.005511680171431831,44388.4938742559,286.63922745314994,284.80770591775314,0.010580515972266875,56442.20953766283,1306.2153958913943,0.007075668515440507,286.4616056239249,285.4763024774656,0.010470177964058679,56005.41283114013,5.8981850338080815,0.000992317840183987,0.00010464008021978129,-2994.668129514008,4200.0,0.0030512289680990645
1900.0,80620.28258227334,286.15469483813786,284.3680896925402,0.010336994213566859,55875.218517935704,0.010932648063231439,285.2102568214123,0.005448222984743374,44450.7965029398,286.38634853923116,284.57376135405025,0.010479742322272017,56442.20953766283,1306.2153958913943,0.007941588409062412,286.18661505872115,285.2102568214123,0.01035657310941995,55953.13669583415,5.8981850338080815,0.0010942939940201935,0.00010437150634114049,-2994.668129514008,4200.0,0.0030512289680990645
1950.0,80140.27959002396,285.87630866279346,284.11112220024194,0.010222306673042235,55817.003366530764,0.010805646852069023,284.9436785025996,0.005385139804822766,44513.529340031324,286.132862864215,284.33914125246207,0.0103792254758941,56442.20953766283,1306.2153958913943,0.00880379604633077,285.91103472605926,284.9436785025996,0.010243437217346307,55901.37616496613,5.8981850338080815,0.001191643624583332,0.0001041047550336919,-2994.668129514008,4200.0,0.0030512289680990645
2000.0,79662.67121873067,285.5974636814412,283.8535631783277,0.010108201855168858,55759.70212286539,0.010679406302630113,284.6765581478309,0.005322429645509465,44576.68026818555,285.87876356914535,284.1038382754463,0.010278968389403523,56442.20953766283,1306.2153958913943,0.009662382371350106,285.63485745203826,284.6765581478309,0.010130773229754537,55850.13085425393,5.8981850338080815,0.0012844402916914557,0.00010383980556025806,-2994.668129514008,4200.0,0.0030512289680990645
2050.0,79187.44707661426,285.3181501571283,283.5954031888781,0.009994679231359523,55703.303673484,0.010553924368306699,284.408886330863,0.005260091576175798,44640.23725779481,285.62404370989344,283.8678449950421,0.010178974055876403,56442.20953766283,1306.2153958913943,0.010517437292277375,285.35807596548534,284.408886330863,0.010018584108062037,55799.40032661662,5.8981850338080815,0.001372755920950016,0.00010357663751731448,-2994.668129514008,4200.0,0.0030512289680990645
2100.0,78714.59679894983,285.0383583086435,283.3366327317561,0.009881738369804773,55647.79708732108,0.010429199113782931,284.1406535706688,0.005198124720679063,44704.188362527486,285.3686962562835,283.6311538919589,0.0100792455055743,56442.20953766283,1306.2153958913943,0.011369049715193686,285.0806828974362,284.1406535706688,0.009906872833683704,55749.18409280692,5.8981850338080815,0.0014566608456482659,0.00010331523082803725,-2994.668129514008,4200.0,0.0030512289680990645
2150.0,78244.11004815984,284.75807830860134,283.0772422430379,0.009769378934011159,55593.1716103178,0.010305228712946351,283.87185032975265,0.005136528256348703,44768.52171500928,285.11271409122503,283.3937573546727,0.009979785806322078,56442.20953766283,1306.2153958913943,0.012217307576321355,284.8026707806283,283.87185032975265,0.009795642408512613,55699.48161202067,5.8981850338080815,0.001536223847214498,0.00010305556573552866,-2994.668129514008,4200.0,0.0030512289680990645
2200.0,77775.97651390325,284.47730028158526,282.8172220934946,0.009657600681390328,55539.416660219686,0.010182011446869556,283.6024670125205,0.0050753014130076645,44833.22552264695,284.8560900098506,283.1556476785297,0.009880598063882412,56442.20953766283,1306.2153958913943,0.01306229787264233,284.5240320490098,283.6024670125205,0.00968489585538514,55650.29229248412,5.8981850338080815,0.0016115121944036395,0.00010279762279621502,-2994.668129514008,4200.0,0.0030512289680990645
2250.0,77310.18591315974,284.19601430235366,282.55656258712395,0.009546403461895983,55486.52182154795,0.010059545701856855,283.3324939637033,0.005014443472025193,44898.288063586406,284.5988167186627,282.9168170648592,0.009781685422327617,56442.20953766283,1306.2153958913943,0.013904106690911435,284.24475903726585,283.3324939637033,0.009574636218529354,55601.61549201985,5.8981850338080815,0.0016825916811762666,0.00010254138287341215,-2994.668129514008,4200.0,0.0030512289680990645
2300.0,76846.72799031013,283.91421039410426,282.2952539597346,0.009435787216705611,55434.47684073723,0.009937829967552799,283.06192146683503,0.0049539537653996235,44963.69768280212,284.3408868346883,282.6772576200966,0.009683051064407382,56442.20953766283,1306.2153958913943,0.014742819235146505,283.9648439803645,283.06192146683503,0.009464866563996472,55553.450518591904,5.8981850338080815,0.0017495266634360682,0.00010228682713105293,-2994.668129514008,4200.0,0.0030512289680990645
2350.0,76385.59251721263,283.631878526802,282.0332863775829,0.009325751976944258,55383.2716214331,0.009816862835109378,282.79073974278634,0.004893831674869545,45029.44278831561,284.0822928846447,282.4369613549185,0.009584698211912296,56442.20953766283,1306.2153958913943,0.015578519852518569,283.6842790131242,282.79073974278634,0.00935558998007445,55505.79663083085,5.8981850338080815,0.0018123800945463767,0.00010203393702757153,-2994.668129514008,4200.0,0.0030512289680990645
2400.0,75926.76929327581,283.349008615566,281.7706499360627,0.009216297862446753,55332.89621994276,0.009696642995407352,282.5189389483537,0.004834076631051136,45095.51184753626,283.8230273041158,282.1959201833904,0.00948663012603244,56442.20953766283,1306.2153958913943,0.01641129205778343,283.40305616980476,282.5189389483537,0.0092468095776833,55458.65303853954,5.8981850338080815,0.001871213559817435,0.00010178269430994238,-2994.668129514008,4200.0,0.0030512289680990645
2450.0,75470.24814552751,283.06559051912024,281.5073346584505,0.00910742508055635,55283.34084083291,0.009577169237329163,282.24650917490555,0.004774688112600405,45161.893383723596,283.56308243674295,281.9541259221297,0.009388850107710685,56442.20953766283,1306.2153958913943,0.01724121855619584,283.1211673837245,282.24650917490555,0.009138528490751485,55412.018903180026,5.8981850338080815,0.001926087309899521,0.00010153308100786503,-2994.668129514008,4200.0,0.0030512289680990645
2500.0,75016.01892868041,282.78161403830575,281.2433304947063,0.008999133924956432,55234.595832668856,0.009458440446079281,281.97344044708575,0.0047156656453983415,45228.57597256573,283.3024505334283,281.71157028948437,0.009291361497989585,56442.20953766283,1306.2153958913943,0.01806838126491629,282.838604486906,281.97344044708575,0.009030749876572215,55365.893338342474,5.8981850338080815,0.0019770602932216745,0.00010128507942809422,-2994.668129514008,4200.0,0.0030512289680990645
2550.0,74564.07152519436,282.49706891465763,280.97862732033235,0.008891424774532848,55186.65168388933,0.009340455601550253,281.69972272157776,0.004657008801758063,45295.54823887536,283.04112375155586,281.4682449047297,0.009194167678351819,56442.20953766283,1306.2153958913943,0.018892861332957624,282.5553592097519,281.69972272157776,0.008923476916139277,55320.27541019648,5.8981850338080815,0.002024190187429402,0.00010103867214890925,-2994.668129514008,4200.0,0.0030512289680990645
2600.0,74114.39584533608,282.21194482904576,280.71321493529024,0.008784298092263707,55139.49901881174,0.009223213776728894,281.42534588592747,0.00459871719965128,45362.79885339406,282.7790941542292,281.22414128728525,0.00909727207105288,56442.20953766283,1306.2153958913943,0.019714739159675997,282.2714231807559,281.42534588592747,0.008816712814461607,55275.16413792554,5.8981850338080815,0.002067533429989761,0.00010079384201471875,-2994.668129514008,4200.0,0.0030512289680990645
2650.0,73666.98182723494,281.92623140038137,280.44708306297923,0.008677754424134376,55093.12859376278,0.009106714136141371,281.15029975742857,0.004540790501953463,45430.31652970782,282.51635370952874,280.97925085595244,0.009000678139445864,56442.20953766283,1306.2153958913943,0.02053409441179059,281.9867879262472,281.15029975742857,0.008710460800854974,55230.558494145145,5.8981850338080815,0.002107145247864627,0.00010055057213079736,-2994.668129514008,4200.0,0.0030512289680990645
2700.0,73221.81943693713,281.63991818439246,280.1802213492777,0.008571794398075346,55047.531293329645,0.008990955934334246,280.8745740820732,0.00448322841570622,45498.09002127202,282.2528942897903,280.7335649281765,0.008904389388296916,56442.20953766283,1306.2153958913943,0.02135100603890834,281.7014448701765,280.8745740820732,0.008604724129210917,55186.45740530518,5.8981850338080815,0.002143079686403606,0.00010030884585814992,-2994.668129514008,4200.0,0.0030512289680990645
2750.0,72778.8986684564,281.352994672466,279.9126193616486,0.008466418722919193,55002.698126727104,0.008875938514386521,280.5981585335658,0.0044260306913945216,45566.108118538396,281.9887076709064,280.48707471933346,0.00880840936409119,56442.20953766283,1306.2153958913943,0.022165552287652972,281.41538533394237,280.5981585335658,0.008499506078240973,55142.85975207703,5.8981850338080815,0.0021753896374745773,0.00010006864680850003,-2994.668129514008,4200.0,0.0030512289680990645
2800.0,72338.20954382257,281.0654502905618,279.6442665883122,0.008361628187375413,54958.620224276376,0.00876166130645131,280.3210427124053,0.004369197122238019,45634.35964618674,281.723785531653,280.2397713420446,0.008712741655327889,56442.20953766283,1306.2153958913943,0.022977810714295485,281.1286005362622,280.3210427124053,0.008394809951695673,55099.7643697261,5.8981850338080815,0.002204126866822225,9.982995883939902e-05,-2994.668129514008,4200.0,0.0030512289680990645
2850.0,71899.7421131277,280.77727439819927,279.37515243748845,0.008257423659019648,54915.2888339913,0.008648123826325422,280.04321614503897,0.004312727543495677,45702.83346046338,281.458119453043,279.9916458055217,0.008617389892804202,56442.20953766283,1306.2153958913943,0.023787858195905683,280.84108159309193,280.04321614503897,0.008290639078556908,55057.17004847017,5.8981850338080815,0.0022293420407282698,9.959276604945223e-05,-2994.668129514008,4200.0,0.0030512289680990645
2900.0,71463.48645457055,280.48845628751747,279.1052662367109,0.008153806083295002,54872.69531826812,0.008535325674039744,279.76466828308475,0.004256621831780166,45771.5184466131,281.19170091770906,279.74268901494366,0.008522357749886026,56442.20953766283,1306.2153958913943,0.02459577094006249,280.55281951759656,279.76466828308475,0.00818699681320277,55015.07553382414,5.8981850338080815,0.002251084752053755,9.935705277365864e-05,-2994.668129514008,4200.0,0.0030512289680990645
2950.0,71029.43267449827,280.19898518241286,278.8345972322152,0.008050776482523034,54830.831150674916,0.008423266532472731,279.4853885026313,0.004200879904383192,45840.40351641809,280.92452130931844,279.4928917708683,0.00842764894276615,56442.20953766283,1306.2153958913943,0.02540162449307291,280.2638052201749,279.4853885026313,0.008083886535543311,54973.4795269317,5.8981850338080815,0.002269403545597112,9.912280357886207e-05,-2994.668129514008,4200.0,0.0030512289680990645
3000.0,70597.57090744686,279.90885023775525,278.5631345884049,0.007948335954921703,54789.68791283722,0.00831194616598004,279.2053661036128,0.004145501718608287,45909.47760583108,280.65657191202104,279.2422447686814,0.00833326723070707,56442.20953766283,1306.2153958913943,0.02620549374668542,279.9740295085432,279.2053661036128,0.00798131165112636,54932.38068488439,5.8981850338080815,0.0022843459429263578,9.889000325930888e-05,-2994.668129514008,4200.0,0.0030512289680990645
3050.0,70167.89131617971,279.6180405386863,278.29086738739824,0.007846485673627713,54749.25729141627,0.008201364419040283,278.9245903092656,0.004090487271111089,45978.72967271047,280.38784390993465,278.99073859808584,0.008239216416268775,56442.20953766283,1306.2153958913943,0.027007452943300748,279.68348308787904,278.9245903092656,0.007879275591211278,54891.77762102865,5.8981850338080815,0.002295958466571904,9.865863683231051e-05,-2994.668129514008,4200.0,0.0030512289680990645
3100.0,69740.38409172444,279.32654510000185,278.01778462865775,0.007745226885720925,54709.53107517671,0.008091521214912611,278.6430502656667,0.004035836597244973,46048.14869465158,280.11832838666936,278.7383637426335,0.00814550034551968,56442.20953766283,1306.2153958913943,0.027807575679667188,279.3921565610327,278.6430502656667,0.007777781812810429,54851.66890526121,5.8981850338080815,0.002304286663776954,9.842868953400784e-05,-2994.668129514008,4200.0,0.0030512289680990645
3150.0,69315.03945340858,279.0343528656211,277.7438752287073,0.007644560911247793,54670.50115214061,0.007982416554303288,278.36073504135794,0.00398154977041061,46117.72366691507,279.8480163248928,278.485110579303,0.008052122908229641,56442.20953766283,1306.2153958913943,0.028605934909023537,279.1000404288059,278.36073504135794,0.007676833798695589,54812.05306431347,5.8981850338080815,0.002309375129712403,9.820014681523384e-05,-2994.668129514008,4200.0,0.0030512289680990645
3200.0,68891.8476488938,278.7414527081466,277.46912802093937,0.00754448914224191,54632.15950682479,0.00787405051403996,278.0776336270608,0.003927626901408858,46187.44360045488,279.5768986059416,278.2309693781264,0.007959088038043838,56442.20953766283,1306.2153958913943,0.02940260294169563,278.8071250903052,278.0776336270608,0.007576435057368868,54772.928582025175,5.8981850338080815,0.002311267530238404,9.797299433747265e-05,-2994.668129514008,4200.0,0.0030512289680990645
3250.0,68470.79895420923,278.4478334285173,277.1935317555168,0.007445013041738455,54594.498217558685,0.007766423245748916,277.7937349354826,0.0038740681377946117,46257.29752004142,279.3049660094796,277.97593030186783,0.007866399712636286,56442.20953766283,1306.2153958913943,0.030197651444103045,278.51340084337227,277.7937349354826,0.00747658912299559,54734.29389960811,5.8981850338080815,0.0023100066242474834,9.77472179689118e-05,-2994.668129514008,4200.0,0.0030512289680990645
3300.0,68051.88367378361,278.15348375575934,276.91707509937214,0.007346134142780399,54557.509453879975,0.007659534974534133,277.50902780122055,0.0038208736632310567,46327.27446248462,279.0322092132069,277.7199834057579,0.007774061953841632,56442.20953766283,1306.2153958913943,0.03099115143612527,278.218857885097,277.50902780122055,0.007377299555298436,54696.14741590006,5.8981850338080815,0.0023056342855862617,9.75228037805853e-05,-2994.668129514008,4200.0,0.0030512289680990645
3350.0,67635.09214047677,277.8583923468352,276.6397466363092,0.007247854047413426,54521.185474005506,0.007553385997654326,277.2235009807647,0.003768043696842405,46397.36347495302,278.75861879262413,277.4631186372869,0.007682078827763725,56442.20953766283,1306.2153958913943,0.03178317328693729,277.9234863124163,277.2235009807647,0.007278569939410262,54658.48748760969,5.8981850338080815,0.0022981915246713357,9.729973804260513e-05,-2994.668129514008,4200.0,0.0030512289680990645
3400.0,67220.4147156102,277.5625477866001,276.3615348672111,0.00715017442566741,54485.518622375006,0.007447976683196055,276.9371431526062,0.0037155784925641945,46467.553613393655,278.4841852208529,277.2053258360608,0.007590454444859648,56442.20953766283,1306.2153958913943,0.03257378670904658,277.62727612280395,276.9371431526062,0.00718040388568439,54621.31242955273,5.8981850338080815,0.0022877185096606403,9.707800722047869e-05,-2994.668129514008,4200.0,0.0030512289680990645
3450.0,66807.84178899751,277.2659385878634,276.08242821035833,0.0070530970145210965,54450.50132726521,0.00734330746873941,276.64994291745376,0.0036634783384893958,46537.8339410501,278.2088988685181,276.94659473372326,0.0074991929599973915,56442.20953766283,1306.2153958913943,0.03336306075075681,277.3302172150571,276.64994291745376,0.007082805029460133,54584.620514880015,5.8981850338080815,0.0022742545874247233,9.685759797150978e-05,-2994.668129514008,4200.0,0.0030512289680990645
3500.0,66397.36377897397,276.9685531915642,275.80241500186287,0.006956623616848266,54416.126098472334,0.007239378860013619,276.36188879856195,0.003611743556209021,46608.19352708029,277.9327500036951,276.68691495394876,0.007408298572486183,56442.20953766283,1306.2153958913943,0.034151063786877725,277.0322993901824,276.36188879856195,0.00698577703078193,54548.40997529778,5.8981850338080815,0.0022578383041637435,9.663849714128114e-05,-2994.668129514008,4200.0,0.0030512289680990645
3550.0,65988.97113242654,276.67037996706273,275.5214834962214,0.006860756100341399,54382.385525060614,0.007136191429540451,276.07296924217826,0.0035603745001461743,46678.62144527737,277.65572879192507,276.4262760125097,0.007317775526076964,56442.20953766283,1306.2153958913943,0.03493786350765244,276.73351235238925,276.07296924217826,0.006889323574069946,54512.6790012808,5.8981850338080815,0.0022385074257929172,9.642069176021567e-05,-2994.668129514008,4200.0,0.0030512289680990645
3600.0,65582.65432482291,276.37140721255264,275.23962186699407,0.006765496396411374,54349.27227317504,0.007033745815261841,275.7831726181114,0.003509371556881771,46749.10677289236,277.3778252963032,276.1646673174224,0.007227628108932059,56442.20953766283,1306.2153958913943,0.03572352690594938,276.4338457101932,275.7831726181114,0.0067934483677399874,54477.425742278785,5.8981850338080815,0.002216298958101184,9.620416904021576e-05,-2994.668129514008,4200.0,0.0030512289680990645
3650.0,65178.40386024143,276.07162315559907,274.9568182076126,0.006670846499059254,54316.7790839163,0.006932042719149108,275.49248722042626,0.003458735144470618,46819.638589560374,277.09902947764414,275.9020781691769,0.007137860653561989,56442.20953766283,1306.2153958913943,0.03650812026262286,276.1332889776367,275.49248722042626,0.006698155143771054,54442.64830691655,5.8981850338080815,0.00219124916670007,9.598891637137654e-05,-2994.668129514008,4200.0,0.0030512289680990645
3700.0,64776.210271400945,275.77101595380617,274.673060532324,0.006576808463718132,54284.89877127617,0.00683108290579065,275.20090126827034,0.0034084657117463024,46890.205976331534,276.8193311947278,275.6384977610537,0.007048477536727185,56442.20953766283,1306.2153958913943,0.037291709130026135,275.8318315756314,275.20090126827034,0.006603447657217721,54408.34476318845,5.8981850338080815,0.00216339359682846,9.577492131877287e-05,-2994.668129514008,4200.0,0.0030512289680990645
3750.0,64376.06411969079,275.4695736956212,274.3883367772745,0.006483384406061866,54253.62422013159,0.006730867200956476,274.90840290683866,0.0033585637376140763,46960.79801481146,276.53872020463126,275.3739151795343,0.006959483179303523,56442.20953766283,1306.2153958913943,0.038074358313625566,275.5294628334279,274.90840290683866,0.0065093296856654674,54374.51313864759,5.8981850338080815,0.002132767092937898,9.556217161931708e-05,-2994.668129514008,4200.0,0.0030512289680990645
3800.0,63977.95599520172,275.1672844012779,274.10263480174035,0.006390576500777733,54222.94838429588,0.006631396490134891,274.61498020847955,0.0033090297303294126,47031.40378640816,276.2571861631508,275.10831940480836,0.006870882046108656,56442.20953766283,1306.2153958913943,0.03885613185170869,275.2261719902209,274.61498020847955,0.0064158050286269325,54341.15142059033,5.8981850338080815,0.0020994038182540267,9.535065517868644e-05,-2994.668129514008,4200.0,0.0030512289680990645
3850.0,63581.87651675733,274.86413602388615,273.81594238950976,0.0062983869803002225,54192.86428462538,0.0065326717170397335,274.32062117394923,0.0032598642267614173,47102.01237169097,275.97471862531887,274.8416993113844,0.006782678645688002,56442.20953766283,1306.2153958913943,0.03963709299312972,274.9219481968913,274.32062117394923,0.0063228775068759294,54308.25755623651,5.8981850338080815,0.0020633372741341556,9.514036006831747e-05,-2994.668129514008,4200.0,0.0030512289680990645
3900.0,63187.816331946226,274.56011645067247,273.5282472504236,0.006206818133502918,54163.36500718027,0.006434693882084777,274.0253137338197,0.003211067791639429,47172.61284986208,275.6913070460214,274.5740436688084,0.006694877530057596,56442.20953766283,1306.2153958913943,0.0404173041730431,274.61678051789687,274.0253137338197,0.00623055096171771,54275.82945290605,5.8981850338080815,0.0020246003194395725,9.493127452246645e-05,-2994.668129514008,4200.0,0.0030512289680990645
3950.0,62795.766117155545,274.25521350437737,273.23953702207933,0.00611587230434542,54134.44370143801,0.006337464040822303,273.72904575004605,0.0031626410167813067,47243.194298343034,275.40694078071965,274.3053411424957,0.006607483294401922,56442.20953766283,1306.2153958913943,0.041196826986618015,274.31065793331265,273.72904575004605,0.0061388292541922655,54243.86497819235,5.8981850338080815,0.0019832251897975335,9.47233869353337e-05,-2994.668129514008,4200.0,0.0030512289680990645
4000.0,62405.71657760525,273.94955684472086,272.9499400782976,0.006025555372421942,54106.093578558175,0.006241045274765955,273.4319415290929,0.0031146153893093238,47313.960660376746,275.1216090862837,274.03558029468326,0.006520500576724387,56442.20953766283,1306.2153958913943,0.04197061905177114,274.0036638788913,273.4319415290929,0.006047724336471713,54212.36196013303,5.8981850338080815,0.0019375465006242101,9.451668585825024e-05,-2994.668129514008,4200.0,0.0030512289680990645
4050.0,62017.6586477633,273.64328424813874,272.65961006111075,0.005935769378124305,54078.308925127494,0.006145500781524683,273.1341335067625,0.0030670224609740207,47385.1241833103,274.8353011444462,273.7647496095242,0.006433934047789754,56442.20953766283,1306.2153958913943,0.04273331898097048,273.6959890325534,273.1341335067625,0.005957150306016285,54181.31915428412,5.8981850338080815,0.0018894449996413182,9.431115999692524e-05,-2994.668129514008,4200.0,0.0030512289680990645
4100.0,61631.58349843321,273.33635667739907,272.3685106711196,0.005846499535000006,54051.08512520883,0.006050676887057347,272.83559555005746,0.0030197857520387053,47456.46701466773,274.5480060634693,273.4928374949389,0.006347788410368504,56442.20953766283,1306.2153958913943,0.043485910991992914,273.38759495949716,272.83559555005746,0.005867077001086719,54150.736276914744,5.8981850338080815,0.001838934101165246,9.410679820875236e-05,-2994.668129514008,4200.0,0.0030512289680990645
4150.0,61247.482284534635,273.02875634772835,272.07662348423867,0.005757750998411,54024.41661925377,0.005956462674259387,272.53631916362247,0.00297285006590033,47527.842385074284,274.25971285090105,273.2198322536065,0.006262068410928551,56442.20953766283,1306.2153958913943,0.04422861334336778,273.07846485300036,272.53631916362247,0.0057775108703328575,54120.61206523463,5.8981850338080815,0.0017860405740461364,9.390358950017452e-05,-2994.668129514008,4200.0,0.0030512289680990645
4200.0,60865.346175784056,272.72046525979357,271.7839298659113,0.0056695289104061,53998.29725156455,0.005862863370267162,272.23628604226053,0.0029262180586909284,47599.23833586052,273.9705521765847,272.9458631169969,0.006176780042694994,56442.20953766283,1306.2153958913943,0.04496674879913741,272.7685818181836,272.23628604226053,0.005688458385699303,54090.94460167391,5.8981850338080815,0.001730795807187826,9.370152302410396e-05,-2994.668129514008,4200.0,0.0030512289680990645
4250.0,60485.166356753245,272.41146534654354,271.49041110751494,0.005581838460261921,53972.72091028511,0.0057698842144983135,271.9354778128122,0.002879892392921215,47670.64285480164,273.68063335149765,272.6710536179072,0.006091835127413891,56442.20953766283,1306.2153958913943,0.04570489759952317,272.4579288663011,271.9354778128122,0.00559992604040376,54061.731923477746,5.8981850338080815,0.0016732303401459138,9.350058807739777e-05,-2994.668129514008,4200.0,0.0030512289680990645
4300.0,60106.93402713202,272.1017384728297,271.19604842608067,0.005494684884541649,53947.681525873,0.005677530459183842,271.63387603377765,0.002833875737737643,47742.04387631827,273.3899231560644,272.3953719582395,0.006007226033725068,56442.20953766283,1306.2153958913943,0.04644252481979016,272.14648891461206,271.63387603377765,0.0055119203489695495,54032.972022668706,5.8981850338080815,0.001613373866513317,9.330077409838643e-05,-2994.668129514008,4200.0,0.0030512289680990645
4350.0,59730.64040198781,271.79126643467754,270.90082296372555,0.005408073466795657,53923.17306961465,0.005585807369508284,271.3314621946219,0.0027881707689841463,47813.42928086856,273.098405753955,272.1188012868657,0.005922959471281656,56442.20953766283,1306.2153958913943,0.0471797232130473,271.8342447865457,271.3314621946219,0.005424447847152011,54004.66284601013,5.8981850338080815,0.0015512552605436883,9.31020706644548e-05,-2994.668129514008,4200.0,0.0030512289680990645
4400.0,59356.276712021194,271.4800309588435,270.6047157873896,0.00532200953715365,53899.18955217874,0.005494720223626623,271.02821771537765,0.0027427801692023516,47884.78689448488,272.80606531695275,271.8413247455394,0.005839042255124666,56442.20953766283,1306.2153958913943,0.04791658895539173,271.5211792121442,271.02821771537765,0.005337515091744439,53976.80229496699,5.8981850338080815,0.0014869026036808109,9.29044674896735e-05,-2994.668129514008,4200.0,0.0030512289680990645
4450.0,58983.83420381745,271.1680137026713,270.30770788888964,0.00523649847180452,53875.72502220705,0.005404274312554746,270.72412394655686,0.002697706627568655,47956.104488463214,272.51288589662647,271.5629253498974,0.005755481252649222,56442.20953766283,1306.2153958913943,0.048653217031585684,271.2072748287974,270.72412394655686,0.00525112866025926,53949.38822566482,5.8981850338080815,0.0014203432109769292,9.270795442248006e-05,-2994.668129514008,4200.0,0.0030512289680990645
4500.0,58613.304140094646,270.855196254258,270.0097801853035,0.005151545692360009,53852.773564942356,0.00531447493993083,270.4191621693835,0.0026529528397668174,48027.36977921394,272.2188514231332,271.28358598834365,0.0056722833836568825,56442.20953766283,1306.2153958913943,0.04938970118228032,270.89251418227985,270.4191621693835,0.005165295150479313,53922.41844884741,5.8981850338080815,0.001351603657442723,9.251252144340835e-05,-2994.668129514008,4200.0,0.0030512289680990645
4550.0,58244.67779994925,270.54156013294084,269.7109135196947,0.005067156665096381,53830.32930089274,0.005225327421643656,270.1133135963587,0.002608521507794082,48098.5704282804,271.92394570477757,271.00328942166675,0.005589455620553474,56442.20953766283,1306.2153958913943,0.05012613386665778,270.5768797281037,270.1133135963587,0.0050800211798741985,53895.890729834064,5.8981850338080815,0.0012807098043536287,9.231815866286493e-05,-2994.668129514008,4200.0,0.0030512289680990645
4600.0,57877.946479098806,270.22708679011595,269.41108866219065,0.004983336900069249,53808.38638453212,0.005136837085322934,269.8065593721675,0.0025644153396983155,48169.69404252879,271.6281524277868,270.72201828288775,0.005507004988457689,56442.20953766283,1306.2153958913943,0.05086260622062039,270.2603538331997,269.8065593721675,0.004995313384876363,53869.80278847707,5.8981850338080815,0.0012076868256552656,9.212485631895157e-05,-2994.668129514008,4200.0,0.0030512289680990645
4650.0,57513.10149012303,269.9117576104033,269.1102863114284,0.004900091950096548,53786.939003036394,0.005049009269689622,269.4988805749459,0.002520637049245162,48240.72817452474,271.33145515630656,270.4397550773475,0.005424938565215057,56442.20953766283,1306.2153958913943,0.051599208010100386,269.94291877794143,269.4988805749459,0.004911178420011535,53844.1522991203,5.8981850338080815,0.0011325592343787297,9.19326047753322e-05,-2994.668129514008,4200.0,0.0030512289680990645
4700.0,57150.13416270265,269.59555391316815,268.8084870963801,0.004817427409603384,53765.981375055264,0.004961849323759634,269.19025821791473,0.0024771893555118807,48311.660323096134,271.0338373326311,270.15648218304534,0.00534326348131202,56442.20953766283,1306.2153958913943,0.05233602757957928,269.62455675852493,269.19025821791473,0.0048276229568777335,53818.93689055962,5.8981850338080815,0.001055350909242759,9.174139451914449e-05,-2994.668129514008,4200.0,0.0030512289680990645
4750.0,56789.03584385787,269.27845695441346,268.50567157857313,0.004735348913323445,53745.5077495191,0.004875362605897425,268.88067325139787,0.002434074982406097,48382.47793409413,270.73528227767895,269.8721818512423,0.00526198691968559,56442.20953766283,1306.2153958913943,0.05307315179562949,269.3052498897204,268.88067325139787,0.00474465368296688,53794.15414600603,5.8981850338080815,0.0009760851214538498,9.155121615895253e-05,-2994.668129514008,4200.0,0.0030512289680990645
4800.0,56429.79789818526,268.9604479290581,268.20182025471985,0.004653862134850936,53725.51240448104,0.004789554482714805,268.5701065652382,0.002391296658107124,48453.16840136142,270.43577319172533,269.5868362073414,0.005181116115422515,56442.20953766283,1306.2153958913943,0.053810665985294104,268.9849802080094,268.5701065652382,0.004662277300323135,53769.80160305243,5.8981850338080815,0.0008947845616908449,9.136206042274283e-05,-2994.668129514008,4200.0,0.0030512289680990645
4850.0,56072.41170809477,268.6415079736125,267.89691355977124,0.004572972785036803,53705.989645993985,0.004704430327809247,268.2585389916245,0.002348857114426969,48523.71906791284,270.13529315540734,269.3004272520595,0.005100658355343295,56442.20953766283,1306.2153958913943,0.054548653869405044,268.6637296751241,268.2585389916245,0.004580500524031547,53745.87675364482,5.8981850338080815,0.0008114713674495196,9.117391815595979e-05,-2994.668129514008,4200.0,0.0030512289680990645
4900.0,55716.868674046724,268.3216181692694,267.5909318704111,0.004492686610223041,53686.9338070225,0.004619995520337595,267.9459513083475,0.0023067590860889617,48594.11722734183,269.8338251310117,269.0129368629052,0.005020620977464487,56442.20953766283,1306.2153958913943,0.055287197490487675,268.3414801820035,267.9459513083475,0.004499330080530677,53722.37704405903,5.8981850338080815,0.0007261671506419154,9.098678031958132e-05,-2994.668129514008,4200.0,0.0030512289680990645
4950.0,55363.16021478949,268.00075954542285,267.28385550900583,0.004413009390308469,53668.33924638969,0.0045362554434186944,267.63232424249617,0.0022650053099207506,48664.350125456505,269.5313519640622,268.72434679597706,0.004941011370333684,56442.20953766283,1306.2153958913943,0.05602637713534945,268.0182135531847,267.63232424249617,0.004418772705742817,53699.2998748838,5.8981850338080815,0.0006388930256544541,9.080063798823297e-05,-2994.668129514008,4200.0,0.0030512289680990645
5000.0,55011.277767597916,267.678913083631,266.9756647480268,0.004333946936639607,53650.20034775901,0.004453215482360698,267.3176384746143,0.0022235985239595223,48734.40496215933,269.2278563852199,268.4346386880987,0.004861836972230896,56442.20953766283,1306.2153958913943,0.05676627125215407,267.6939115516427,267.3176384746143,0.004338835143014801,53676.64260101138,5.8981850338080815,0.0005496696377752419,9.061548234833994e-05,-2994.668129514008,4200.0,0.0030512289680990645
5050.0,54661.212788513454,267.35605972204024,266.6663398149625,0.004255505089719913,53632.51151865116,0.004370881022706533,267.0018746433308,0.0021825414664661744,48804.26889357652,268.92332101251185,268.1437940593059,0.004783105270229695,56442.20953766283,1306.2153958913943,0.05750695636190582,267.3685558840996,267.0018746433308,0.004259524140863113,53654.402531636544,5.8981850338080815,0.00045851719212771573,9.043130469631598e-05,-2994.668129514008,4200.0,0.0030512289680990645
5100.0,54312.95675258587,267.0321803602841,266.3558608977357,0.00417768971673012,53615.26718949621,0.004289257448092369,266.685013350481,0.0021418368748458453,48873.92903444781,268.61772835390326,267.85179431570356,0.004704823799111535,56442.20953766283,1306.2153958913943,0.05824850696428451,267.0421282068161,266.685013350481,0.004180846450516,53632.57693026528,5.8981850338080815,0.0003654554831073805,9.024809643678815e-05,-2994.668129514008,4200.0,0.0030512289680990645
5150.0,53966.50115411782,266.7072558648762,266.04420815064566,0.0041005067088536774,53598.461812721245,0.004208350137913758,266.36703516673714,0.0021014874844721134,48943.37246078873,268.31106081023125,267.5586207527089,0.004627000140126309,56442.20953766283,1306.2153958913943,0.058990995437726006,266.71461013188554,266.36703516673714,0.0041028088232459995,53611.1630147341,5.8981850338080815,0.0002705039243416338,9.006584908085697e-05,-2994.668129514008,4200.0,0.0030512289680990645
5200.0,53621.83750691157,266.3812670751111,265.73136170085013,0.004023961978399388,53582.089861873676,0.004128164464792488,266.04792063776176,0.002061496027411383,49012.58621283002,268.0033006785139,267.26425455869884,0.004549641919591825,56442.20953766283,1306.2153958913943,0.05973449193367808,266.38598323404705,266.04792063776176,0.004025418007485968,53590.15795724135,5.8981850338080815,0.00017368157929992492,8.988455424439056e-05,-2994.668129514008,4200.0,0.0030512289680990645
5250.0,53278.957344519775,266.0541948094912,265.41730165540616,0.003948061455714845,53566.14583078068,0.004048705791839406,265.72765029090345,0.002021865231045061,49081.55729824869,267.69443015565525,266.96867681908043,0.0044727568073252115,56442.20953766283,1306.2153958913943,0.06047906426504982,266.05622905803415,265.72765029090345,0.00394868074572136,53569.558884391496,5.8981850338080815,7.500719250279292e-05,8.970420364635299e-05,-2994.668129514008,4200.0,0.0030512289680990645
5300.0,52937.85222049914,265.7260198726961,265.1020081088873,0.003872811085883683,53550.62423274499,0.003969979469707169,265.40620464245177,0.0019825978165864894,49150.27269569952,267.3844313425612,266.6718685208022,0.004396352514898192,56442.20953766283,1306.2153958913943,0.061224777788681184,265.7260198726961,265.40620464245177,0.003872811085883683,53550.62423274499,5.8981850338080815,-2.55007786253264e-05,8.952478910716434e-05,-2994.668129514008,4200.0,0.0030512289680990645
5350.0,52598.513708668914,265.3967230631109,264.78546115159367,0.003798216825199465,53535.51959977756,0.0038919908334269456,265.08356420546744,0.0019436964974896272,49218.719358656366,267.07328624868546,266.3738105573265,0.004320436793709029,56442.20953766283,1306.2153958913943,0.06197169528191618,265.3967230631109,265.08356420546744,0.003798216825199465,53535.51959977756,5.8981850338080815,-0.00012782413118024778,8.934630254709371e-05,-2994.668129514008,4200.0,0.0030512289680990645
5400.0,52260.93340337411,265.06628518092987,264.4676408783735,0.0037242846374094868,53520.826481867574,0.0038147451990233317,264.7597094982046,0.001905163977746613,49286.88421957288,266.7609767970248,266.0744837340819,0.004245017432862694,56442.20953766283,1306.2153958913943,0.0627198768132407,265.06628518092987,264.7597094982046,0.0037242846374094868,53520.826481867574,5.8981850338080815,-0.00023194488349551285,8.916873598468311e-05,-2994.668129514008,4200.0,0.0030512289680990645
5450.0,51925.102919753146,264.7346870368509,264.1485273980718,0.0036510204897217497,53506.53944629022,0.0037382478599021405,264.43462105314217,0.0018670029500715045,49354.75419437354,266.44748482958084,265.7738687744158,0.004170102256851712,56442.20953766283,1306.2153958913943,0.06346937960699388,264.7346870368509,264.43462105314217,0.0036510204897217497,53506.53944629022,5.8981850338080815,-0.0003378452410872368,8.899208153520166e-05,-2994.668129514008,4200.0,0.0030512289680990645
5500.0,51591.01389401213,264.40190946137943,263.8281008436242,0.003578430348568573,53492.65307695285,0.0036625040830056033,264.10827942664116,0.0018292160939674638,49422.316187284916,266.13279211330905,265.4719463260676,0.004095699123029005,56442.20953766283,1306.2153958913943,0.0642202579021457,264.40190946137943,264.10827942664116,0.003578430348568573,53492.65307695285,5.8981850338080815,-0.000445507561885891,8.88163314091301e-05,-2994.668129514008,4200.0,0.0030512289680990645
5550.0,51258.6579837046,264.06793331475325,263.5063413828112,0.0035065201751202433,53479.161973780145,0.0035875191047294564,263.7806652092417,0.0017918060736746115,49489.55709601481,265.81688034657384,265.16869696818344,0.004021815918864868,56442.20953766283,1306.2153958913943,0.06497256280530542,264.06793331475325,263.7806652092417,0.0035065201751202433,53479.161973780145,5.8981850338080815,-0.0005549143206289987,8.864147791067392e-05,-2994.668129514008,4200.0,0.0030512289680990645
5600.0,50928.026868017754,263.73273949750694,263.1832292296885,0.0034352959205428977,53466.06075213886,0.0035132981265972476,263.4517590366171,0.0017547755359961982,49556.463817290714,265.49973116612847,264.8641012188919,0.003948460558979247,56442.20953766283,1306.2153958913943,0.06572634213789394,263.73273949750694,263.4517590366171,0.0034352959205428977,53466.06075213886,5.8981850338080815,-0.000666048072506971,8.846751343630548e-05,-2994.668129514008,4200.0,0.0030512289680990645
5650.0,50599.1122480662,263.39630896168717,262.85874465670884,0.003364763520994546,53453.34404230286,0.003439846310686958,263.12154160119775,0.0017181271080006326,49623.023252764666,265.1813261546417,264.55813954346354,0.00387564098194126,56442.20953766283,1306.2153958913943,0.06648164027777197,263.39630896168717,263.12154160119775,0.003364763520994546,53453.34404230286,5.8981850338080815,-0.0007788914159749247,8.829443047333359e-05,-2994.668129514008,4200.0,0.0030512289680990645
5700.0,50271.90584719312,263.05862272273464,262.5328680075483,0.0032949288923538583,53441.006488959145,0.003367168774805562,262.78999366447925,0.0016818633945971761,49689.22231529381,264.8616468487883,264.2507923630733,0.003803365146827116,56442.20953766283,1306.2153958913943,0.06723849799529119,263.05862272273464,262.78999366447925,0.0032949288923538583,53441.006488959145,5.8981850338080815,-0.0008934269547904382,8.812222159850048e-05,-2994.668129514008,4200.0,0.0030512289680990645
5750.0,49946.39941127905,262.7196618720428,262.20557971065034,0.003225797924676789,53429.04275075562,0.0032952705874078505,262.4570960700272,0.001645986975983435,49755.047935604765,264.5406747479266,263.94204006418823,0.00373164102952835,56442.20953766283,1306.2153958913943,0.06799695228414351,262.7196618720428,262.4570960700272,0.003225797924676789,53429.04275075562,5.8981850338080815,-0.0010096372592440553,8.795087947660535e-05,-2994.668129514008,4200.0,0.0030512289680990645
5800.0,49622.58470905962,262.3794075902065,261.87686029349896,0.003157376476376383,53417.44749989137,0.0032241567622556416,262.12282975718927,0.0016105004049627274,49820.48706934803,264.21839132337794,263.63186300859996,0.003660476618801465,56442.20953766283,1306.2153958913943,0.06875703618703269,262.3794075902065,262.12282975718927,0.003157376476376383,53417.44749989137,5.8981850338080815,-0.0011275048266293827,8.778039685915383e-05,-2994.668129514008,4200.0,0.0030512289680990645
5850.0,49300.45353245178,262.03784116096875,261.5466903976314,0.0030896703681219224,53406.21542175021,0.003153832252814912,261.78717577552544,0.001575406204130069,49885.52670455048,263.89477802833346,263.32024154412346,0.0035898799120511883,56442.20953766283,1306.2153958913943,0.06951877861662525,262.03784116096875,261.78717577552544,0.0030896703681219224,53406.21542175021,5.8981850338080815,-0.001247012040918874,8.76107665830329e-05,-2994.668129514008,4200.0,0.0030512289680990645
5900.0,48979.997696889586,261.69494398587614,261.21505079439794,0.0030226853764540934,53395.341214578395,0.0030843019463881096,261.450115299964,0.0015407068629254021,49950.15386947046,263.5698163084016,263.00715601598114,0.003519858910838626,56442.20953766283,1306.2153958913943,0.0702822041719205,261.69494398587614,261.450115299964,0.0030226853764540934,53395.341214578395,5.8981850338080815,-0.0013681411317619727,8.744198156921082e-05,-2994.668129514008,4200.0,0.0030512289680990645
5950.0,48661.20904167001,261.35069759964654,260.88192240147663,0.0029564272271134606,53384.81958920727,0.003015570657980306,261.11162964669,0.0015064048345533967,50014.35564086089,263.2434876128193,262.6925867788932,0.0034504216161067663,56442.20953766283,1306.2153958913943,0.07104733295056641,261.35069759964654,261.11162964669,0.0029564272271134606,53384.81958920727,5.8981850338080815,-0.0014908741327417803,8.727403482146105e-05,-2994.668129514008,4200.0,0.0030512289680990645
6000.0,48344.07943030846,261.00508368625697,260.54728630014614,0.002890901588080712,53374.6452688217,0.00294764312389825,260.77170028977105,0.0014725025327693496,50078.11915264467,262.9157734063421,262.37651420989147,0.0033815760231151785,56442.20953766283,1306.2153958913943,0.07181418035736988,261.00508368625697,260.77170028977105,0.002890901588080712,53374.6452688217,5.8981850338080815,-0.001615192839026241,8.710691942511016e-05,-2994.668129514008,4200.0,0.0030512289680990645
6050.0,48028.60075090547,260.6580840957523,260.2111237533203,0.0028261140623275947,53364.81298877521,0.0028805239950823597,260.43030887852274,0.0014390023285311862,50141.4316050046,262.58665518183255,262.0589187218766,0.0033133301160769226,56442.20953766283,1306.2153958913943,0.07258275690961184,260.6580840957523,260.43030887852274,0.0028261140623275947,53364.81298877521,5.8981850338080815,-0.001741078764394772,8.694062854580888e-05,-2994.668129514008,4200.0,0.0030512289680990645
6100.0,47714.76491652407,260.3096808617762,259.8734162243433,0.0027620701802787938,53355.31749645256,0.0028142178301725474,260.0874372556142,0.0014059065465180287,50204.28027389025,262.25611447356124,261.73978077793413,0.0032456918624900626,56442.20953766283,1306.2153958913943,0.07335306803956468,260.3096808617762,260.0874372556142,0.0027620701802787938,53355.31749645256,5.8981850338080815,-0.001868513097772859,8.677515542832591e-05,-2994.668129514008,4200.0,0.0030512289680990645
6150.0,47402.5638655786,259.95985621982095,259.5341453965428,0.0026987753919858076,53346.15355118084,0.0027487290883095395,259.743067475909,0.0013732174615161464,50266.65252093925,261.92413287123804,261.4190809064265,0.0031786692071576715,56442.20953766283,1306.2153958913943,0.0741251138949217,259.95985621982095,259.743067475909,0.0026987753919858076,53346.15355118084,5.8981850338080815,-0.001997476659309613,8.661049339536398e-05,-2994.668129514008,4200.0,0.0030512289680990645
6200.0,47091.9895622356,259.6085926261928,259.19329319353506,0.0026362350590153137,53337.31592418963,0.0026840621216754367,259.39718182604,0.0013409372946741685,50328.5358038165,261.5906920347856,261.096799716875,0.003112270065889976,56442.20953766283,1306.2153958913943,0.0748988891376697,259.6085926261928,259.39718182604,0.0026362350590153137,53337.31592418963,5.8981850338080815,-0.0021279498560849513,8.644663584639753e-05,-2994.668129514008,4200.0,0.0030512289680990645
6250.0,46783.033996826554,259.2558727776834,258.85084180027314,0.002574454446055515,53328.799398621326,0.0026202211677768725,259.04976284470507,0.0013090682096292426,50389.91768696307,261.25577370986935,260.77291791664516,0.0030465023188831672,56442.20953766283,1306.2153958913943,0.07567438274220974,259.2558727776834,259.04976284470507,0.002574454446055515,53328.799398621326,5.8981850338080815,-0.0022599126375961814,8.628357625653182e-05,-2994.668129514008,4200.0,0.0030512289680990645
6300.0,46475.68918627313,258.901679631937,258.506773684825,0.0025134387122455557,53320.59876959235,0.0025572103414769603,258.70079334367483,0.0012776123085072413,50450.78585275388,260.9193597441941,260.4474163284458,0.0029813738037702295,56442.20953766283,1306.2153958913943,0.076451577793474,258.901679631937,258.70079334367483,0.0025134387122455557,53320.59876959235,5.8981850338080815,-0.002393344451048153,8.612130817538263e-05,-2994.668129514008,4200.0,0.0030512289680990645
6350.0,46169.94717452508,258.5459964284982,258.1610716208659,0.0024531929022344155,53312.70884430593,0.002495033626782636,258.35025642949586,0.0012465716278003162,50511.12811305575,260.58143210457615,260.1202759086526,0.0029168923083397157,56442.20953766283,1306.2153958913943,0.07723045128585787,258.5459964284982,258.35025642949586,0.0024531929022344155,53312.70884430593,5.8981850338080815,-0.0025282241967020586,8.595982522597675e-05,-2994.668129514008,4200.0,0.0030512289680990645
6400.0,45865.80003301131,258.1888067105222,257.8137187108641,0.002393721936977286,53305.12444221741,0.002433694868395574,257.9981355258692,0.001215948134125918,50570.93242117703,260.24197289479935,259.7914777664616,0.0028530655629193614,56442.20953766283,1306.2153958913943,0.07801097392398232,258.1888067105222,257.9981355258692,0.002393721936977286,53305.12444221741,5.8981850338080815,-0.0026645301832707315,8.579912110367167e-05,-2994.668129514008,4200.0,0.0030512289680990645
6450.0,45563.23986110393,257.83009434712505,257.46469840993564,0.0023350306042790804,53297.84039525255,0.0023731977630371878,257.6444143966829,0.001185743719872528,50630.1868842002,259.9009643742578,259.4610031838775,0.0027899012324223236,56442.20953766283,1306.2153958913943,0.07879310992618702,257.83009434712505,257.6444143966829,0.0023350306042790804,53297.84039525255,5.8981850338080815,-0.002802240083633647,8.563918957509565e-05,-2994.668129514008,4200.0,0.0030512289680990645
6500.0,45262.258786595565,257.46984355634726,257.11399455033916,0.002277123549096552,53290.85154807964,0.0023135458505584177,257.2890771696679,0.0011559601987374854,50688.87977568069,259.5583889773896,259.1288336365395,0.0027274069080553895,56442.20953766283,1306.2153958913943,0.0795768168319154,257.46984355634726,257.2890771696679,0.002277123549096552,53290.85154807964,5.8981850338080815,-0.002941330890996318,8.54800244771059e-05,-2994.668129514008,4200.0,0.0030512289680990645
6550.0,44962.84896619039,257.1080389287001,256.76159136657736,0.002220005263612223,53284.15275843603,0.002254742504848343,256.93210836064765,0.0011265993011639317,50746.99954870016,259.21422933389834,258.7949508153813,0.0026655900986886708,56442.20953766283,1306.2153958913943,0.08036204531404924,257.1080389287001,256.93210836064765,0.002220005263612223,53284.15275843603,5.8981850338080815,-0.003081778875641994,8.532161971576643e-05,-2994.668129514008,4200.0,0.0030512289680990645
6600.0,44665.00258600871,256.7446654512588,256.4074735210659,0.002163680077095302,53277.738897509385,0.0021967909245561527,256.5734928983429,0.0010976626696841667,50804.53484925378,258.86846828976127,258.4593366491223,0.0026044582218890133,56442.20953766283,1306.2153958913943,0.0811487389975173,256.7446654512588,256.5734928983429,0.002163680077095302,53277.738897509385,5.8981850338080815,-0.0032235595425166787,8.516396926534321e-05,-2994.668129514008,4200.0,0.0030512289680990645
6650.0,44368.7118621051,256.3797085322617,256.0516261303263,0.002108152145566778,53271.604850374366,0.0021396941236435495,256.2132161496896,0.001069151854177972,50861.474529951,258.52108892901464,258.12197332758103,0.0025440185946194816,56442.20953766283,1306.2153958913943,0.08193683428539698,256.3797085322617,256.2132161496896,0.002108152145566778,53271.604850374366,5.8981850338080815,-0.0033666475898110407,8.500706716731801e-05,-2994.668129514008,4200.0,0.0030512289680990645
6700.0,44073.96904099999,256.0131540261728,255.69403479165453,0.0020534254412880237,53265.74551648488,0.0020834549217867396,255.85126394562437,0.0010410683070555004,50917.8076640089,258.17207459630686,257.78284332579796,0.0024842784236095644,56442.20953766283,1306.2153958913943,0.08272626019384116,256.0131540261728,255.85126394562437,0.0020534254412880237,53265.74551648488,5.8981850338080815,-0.0035110168688411345,8.48509075294192e-05,-2994.668129514008,4200.0,0.0030512289680990645
6750.0,43780.76640022508,255.6449882591524,255.33468561020922,0.001999503742094068,53260.1558102223,0.0020280759346483243,255.48762260728327,0.0010134133783749224,50973.523559507885,257.82140892020385,257.4419294289524,0.00242524479540233,56442.20953766283,1306.2153958913943,0.08351693819740026,255.6449882591524,255.48762260728327,0.001999503742094068,53260.1558102223,5.8981850338080815,-0.0036566403453037713,8.469548452467001e-05,-2994.668129514008,4200.0,0.0030512289680990645
6800.0,43489.0962488819,255.27519805488552,254.9735652264618,0.0019463906205955369,53254.83066149965,0.0019735595640424032,255.12227897255735,0.0009861883109065096,51028.6117738842,257.4690758372284,257.09921475805146,0.002366924666086236,56442.20953766283,1306.2153958913943,0.08430878208605361,255.27519805488552,255.12227897255735,0.0019463906205955369,53254.83066149965,5.8981850338080815,-0.0038034900623408804,8.454079239045344e-05,-2994.668129514008,4200.0,0.0030512289680990645
6850.0,43198.95092821382,254.90377076070283,254.6106608439404,0.0018940894332745008,53249.76501642189,0.001919907988017623,254.75522042294102,0.000959394235155552,51083.062128624726,257.1150596166091,256.7546827963659,0.002309324850721575,56442.20953766283,1306.2153958913943,0.085101697835631,254.90377076070283,254.75522042294102,0.0018940894332745008,53249.76501642189,5.8981850338080815,-0.003951537105484448,8.438682542759349e-05,-2994.668129514008,4200.0,0.0030512289680990645
6900.0,42910.32281219068,254.5306942739301,254.24596025719802,0.001842603309502897,53244.953838002104,0.0018671231508853175,254.3864349106049,0.0009330321643577259,51136.8647241302,256.7593448857115,256.40831741658195,0.0022524520124732935,56442.20953766283,1306.2153958913943,0.08589558349315021,254.5306942739301,254.3864349106049,0.001842603309502897,53244.953838002104,5.8981850338080815,-0.004100751569900238,8.423357799945286e-05,-2994.668129514008,4200.0,0.0030512289680990645
6950.0,42623.204308106506,254.1559570683938,253.87945187992688,0.001791935140513344,53240.392106933425,0.0018152067532217929,254.01591098561883,0.0009071029894614675,51190.009954708636,256.40191665611854,256.0601029086327,0.0021963126514641246,56442.20953766283,1306.2153958913943,0.08669032907873424,254.1559570683938,254.01591098561883,0.001791935140513344,53240.392106933425,5.8981850338080815,-0.004251102530115252,8.408104453104577e-05,-2994.668129514008,4200.0,0.0030512289680990645
7000.0,42337.587857188846,253.77954822100412,253.51112477313578,0.0017420875683552084,53236.07482241616,0.00176416024187591,253.64363782324395,0.000881607474112977,51242.48852365637,256.0427603503191,255.71002400816704,0.0021409130933642082,56442.20953766283,1306.2153958913943,0.08748581650576989,253.77954822100412,253.64363782324395,0.0017420875683552084,53236.07482241616,5.8981850338080815,-0.004402558012466555,8.392921950816707e-05,-2994.668129514008,4200.0,0.0030512289680990645
7050.0,42053.4659352203,253.40145743833503,253.14096867330284,0.001693062974870568,53231.99700303969,0.0017139848000153623,253.26960525120975,0.0008565462496605889,51294.29145838436,255.68186182896562,255.3580659256095,0.0020862594777359173,56442.20953766283,1306.2153958913943,0.08828191952104311,253.40145743833503,253.26960525120975,0.001693062974870568,53231.99700303969,5.8981850338080815,-0.004555084970699034,8.377809747653544e-05,-2994.668129514008,4200.0,0.0030512289680990645
7100.0,41770.83105317116,253.02167508311183,252.7689740204085,0.001644863470727191,53228.15368771834,0.0016646813372467638,252.89380377688482,0.0008319198101961162,51345.41012554181,255.31920741864582,255.00421437575568,0.0020323577461544688,56442.20953766283,1306.2153958913943,0.08907850366647416,253.02167508311183,252.89380377688482,0.001644863470727191,53228.15368771834,5.8981850338080815,-0.0047086492648618,8.362767304095242e-05,-2994.668129514008,4200.0,0.0030512289680990645
7150.0,41489.67575784233,252.6401922005135,252.39513198574986,0.0015974908845473802,53224.53993668028,0.0016162504798467548,252.51622461424435,0.0008077285076518192,51395.83624608616,254.95478394011647,254.64845560784434,0.001979213630128169,56442.20953766283,1306.2153958913943,0.08987542626425785,252.6401922005135,252.51622461424435,0.0015974908845473802,53224.53993668028,5.8981850338080815,-0.004863215643852607,8.3477940864475e-05,-2994.668129514008,4200.0,0.0030512289680990645
7200.0,41209.992632518064,252.25700054419232,252.0194344994315,0.0015509467521740003,53221.15083250843,0.0015686925611430825,252.13685971053437,0.0007839725469725247,51445.56191024789,254.58857873693586,254.29077643603935,0.0019268326388441107,56442.20953766283,1306.2153958913943,0.09067253642702,252.25700054419232,252.13685971053437,0.0015509467521740003,53221.15083250843,5.8981850338080815,-0.005018747731880359,8.332889566760317e-05,-2994.668129514008,4200.0,0.0030512289680990645
7250.0,40931.774297627926,251.87209260190767,251.64187427742345,0.001505232306116359,53217.981481231946,0.0015220076120864925,251.75570177252678,0.0007606519813833725,51494.57959233422,254.22057970442785,253.93116427024785,0.0018752200467680132,56442.20953766283,1306.2153958913943,0.09146967509471704,251.87209260190767,251.75570177252678,0.001505232306116359,53217.981481231946,5.8981850338080815,-0.005175208019119611,8.318053222748092e-05,-2994.668129514008,4200.0,0.0030512289680990645
7300.0,40655.01341141646,251.48546162066853,251.26244484807273,0.0014603484652210015,53215.02701346698,0.0014761953520555403,251.37274429225454,0.0007377667077742921,51542.882165313495,253.8507753189026,253.5696071471958,0.0018243808811296534,56442.20953766283,1306.2153958913943,0.09226667509979537,251.48546162066853,251.37274429225454,0.0014603484652210015,53215.02701346698,5.8981850338080815,-0.005332557856882713,8.303284537711103e-05,-2994.668129514008,4200.0,0.0030512289680990645
7350.0,40379.70267062018,251.0971016312723,250.88114057794988,0.0014162958246132526,53212.28258560477,0.0014312551799381145,250.98798157211385,0.000715316462223164,51590.4629151205,253.47915466705442,253.20609376167332,0.0017743199093278367,56442.20953766283,1306.2153958913943,0.09306336126228032,251.0971016312723,250.98798157211385,0.0014162958246132526,53212.28258560477,5.8981850338080815,-0.005490757457474582,8.288583000458317e-05,-2994.668129514008,4200.0,0.0030512289680990645
7400.0,40105.83481115032,250.70700747212803,250.4979566969103,0.001373074645957485,53209.74338104534,0.0013871861655345063,250.60140874921524,0.0006933008156801409,51637.3155546203,253.10570747544898,252.84061349785773,0.0017250416262917445,56442.20953766283,1306.2153958913943,0.0938595505161323,250.70700747212803,250.60140874921524,0.001373074645957485,53209.74338104534,5.8981850338080815,-0.005649765899073765,8.273948105231518e-05,-2994.668129514008,4200.0,0.0030512289680990645
7450.0,39833.402608780525,250.3151748122456,250.11288932224525,0.0013306848480846782,53207.404611474456,0.0013439870413279366,250.21302181886406,0.0006717191698361424,51683.4342371672,252.73042414000747,252.4731564606134,0.0016765502418379797,56442.20953766283,1306.2153958913943,0.09465505206832087,250.3151748122456,250.21302181886406,0.0013306848480846782,53207.404611474456,5.8981850338080815,-0.005809541135831664,8.2593793516307e-05,-2994.668129514008,4200.0,0.0030512289680990645
7500.0,39562.39887983789,249.92160017327402,249.7259354817967,0.0012891259980369334,53205.26151818174,0.0013016561946692087,249.8228176570478,0.0006505707531989148,51728.81356969365,252.35329575538822,252.1037135066631,0.0016288496680654284,56442.20953766283,1306.2153958913943,0.09544966759176227,249.92160017327402,249.8228176570478,0.0012891259980369334,53205.26151818174,5.8981850338080815,-0.005970040013406406,8.244876244540729e-05,-2994.668129514008,4200.0,0.0030512289680990645
7550.0,39292.816481896334,249.52628095046592,249.3370931359079,0.0012483973025791174,53203.30937341707,0.001260191660422318,249.43079404180543,0.0006298546174001351,51773.448625261786,251.97431414416056,251.73227627551705,0.0015819435068324453,56442.20953766283,1306.2153958913943,0.09624319145329525,249.52628095046592,249.43079404180543,0.0012483973025791174,53203.30937341707,5.8981850338080815,-0.006131218290121662,8.230438294059245e-05,-2994.668129514008,4200.0,0.0030512289680990645
7600.0,39024.64831447034,249.12921543244954,248.94636119808118,0.001208497600228233,53201.54348178262,0.0012195911141187259,249.03694967335608,0.0006095696337574685,51817.33495501316,251.59347188566014,251.3588372200424,0.0015358350373635154,56442.20953766283,1306.2153958913943,0.09703541097752434,249.12921543244954,249.03694967335608,0.001208497600228233,53201.54348178262,5.8981850338080815,-0.00629303066390047,8.216065015425744e-05,-2994.668129514008,4200.0,0.0030512289680990645
7650.0,38757.887319708265,248.73040281968588,248.55373955421453,0.0011694253538508531,53199.95918165746,0.001179851865666997,248.64128419286087,0.0005897144901149925,51860.468599447755,251.21076234440963,250.98338963654777,0.0014905272040346316,56442.20953766283,1306.2153958913943,0.09782610674731003,248.73040281968588,248.64128419286087,0.0011694253538508531,53199.95918165746,5.8981850338080815,-0.006455430805169982,8.201755928951873e-05,-2994.668129514008,4200.0,0.0030512289680990645
7700.0,38492.52648308297,248.32984324149012,248.15922908028938,0.0011311786438786974,53198.55184665148,0.0011409708536646668,248.24379819969465,0.000570287687985476,51902.84609896615,250.8261796979826,250.60592769425355,0.0014460226043889494,56442.20953766283,1306.2153958913943,0.09861505294140877,248.32984324149012,248.24379819969465,0.0011311786438786974,53198.55184665148,5.8981850338080815,-0.006618371395723369,8.187510559952855e-05,-2994.668129514008,4200.0,0.0030512289680990645
7750.0,38228.5588340783,247.92753777150065,247.76283165838447,0.0010937551621915634,53197.316887085086,0.0011029446403581222,247.84449326710654,0.000551287540017466,51944.464503609495,250.43971896418674,250.22644646401432,0.0014023234774361271,56442.20953766283,1306.2153958913943,0.09940201770956075,247.92753777150065,247.84449326710654,0.0010937551621915634,53197.316887085086,5.8981850338080815,-0.006781804173715063,8.173328438680075e-05,-2994.668129514008,4200.0,0.0030512289680990645
7800.0,37965.97744686979,247.5234884414777,247.36455019089308,0.0010571522067156734,53196.24975149113,0.0010657694072950508,247.44337195614983,0.0005327121678095125,51985.32138193223,250.05137602743403,249.84494194615402,0.0013594316922905482,56442.20953766283,1306.2153958913943,0.10018676358504382,247.5234884414777,247.44337195614983,0.0010571522067156734,53196.24975149113,5.8981850338080815,-0.006945679984729064,8.159209100254777e-05,-2994.668129514008,4200.0,0.0030512289680990645
7850.0,37704.775440997444,247.11769825332166,246.9643886128258,0.0010213666767839768,53195.34592813509,0.001029440951712515,247.04043782776694,0.000514559500093115,52025.41482894536,249.6611476641674,249.461411097273,0.0013173487372050185,56442.20953766283,1306.2153958913943,0.10096904793447474,247.11769825332166,247.04043782776694,0.0010213666767839768,53195.34592813509,5.8981850338080815,-0.007109948838970832,8.145152084602843e-05,-2994.668129514008,4200.0,0.0030512289680990645
7900.0,37444.94598202921,246.71017118920125,246.56235190208466,0.0009863950693026833,53194.600946549435,0.0009939546837015628,246.6356954529177,0.0004968272713048997,52064.74347306806,249.26903156720638,249.0758518558816,0.0012760757090576576,56442.20953766283,1306.2153958913943,0.10174862344438737,246.71017118920125,246.6356954529177,0.0009863950693026833,53194.600946549435,5.8981850338080815,-0.007274559974421476,8.131156936390639e-05,-2994.668129514008,4200.0,0.0030512289680990645
7950.0,37186.48228221258,246.30091221969224,246.15844608760298,0.0009522334757662772,53194.01037907806,0.0009593056241872463,246.22915042065003,0.00047951302056750743,52103.30648203382,248.87502636887538,248.6882631667152,0.001235613303350646,56442.20953766283,1306.2153958913943,0.10252523864370693,246.30091221969224,246.22915042065003,0.0009522334757662772,53194.01037907806,5.8981850338080815,-0.007439461925962464,8.11722320496194e-05,-2994.668129514008,4200.0,0.0030512289680990645
8000.0,36929.377601112894,245.88992730982943,245.7526782552497,0.0009188775801600036,53193.569842426274,0.0009254884037595493,245.82080934401162,0.00046261409109699255,52141.10356769236,248.47913166277542,248.298645003582,0.0011959618047798074,56442.20953766283,1306.2153958913943,0.10329863846108323,245.88992730982943,245.82080934401162,0.0009188775801600036,53193.569842426274,5.8981850338080815,-0.007604602600196644,8.103350444275856e-05,-2994.668129514008,4200.0,0.0030512289680990645
8050.0,36673.62524623602,245.4772234229863,245.34505655140768,0.0008863226577858409,53193.27499921181,0.0008924972623882608,245.4106798637171,0.0004461276300532868,52178.134989661376,248.08134802406164,247.90699839059806,0.0011571210784340007,56442.20953766283,1306.2153958913943,0.10406856481560214,245.4772234229863,245.4106798637171,0.0008863226577858409,53193.27499921181,5.8981850338080815,-0.007769929355855049,8.089538212845762e-05,-2994.668129514008,4200.0,0.0030512289680990645
8100.0,36419.21857363343,245.0628085225019,244.9355901841434,0.0008545635750440541,53193.12155951234,0.0008603260500506346,244.99877064948788,0.0004300505888481934,52214.40155777972,247.68167702808873,247.5133254216626,0.0011190905616832857,56442.20953766283,1306.2153958913943,0.10483475723917407,245.0628085225019,244.99877064948788,0.0008545635750440541,53193.12155951234,5.8981850338080815,-0.007935389089437972,8.075786073679278e-05,-2994.668129514008,4200.0,0.0030512289680990645
8150.0,36166.150988487556,244.64669157098774,244.52428942189633,0.0008235947901986308,53193.105282404504,0.0008289682282972474,244.58509139899678,0.0004143797239236389,52249.90463332427,247.28012126728893,247.117629278031,0.0010818692568133948,56442.20953766283,1306.2153958913943,0.10559695352846661,244.64669157098774,244.58509139899678,0.0008235947901986308,53193.105282404504,5.8981850338080815,-0.008100928325876519,8.062093594219125e-05,-2994.668129514008,4200.0,0.0030512289680990645
8200.0,35914.415945675784,244.22888252725411,244.11116558962766,0.0007934103551501262,53193.221977489804,0.000798416872776741,244.16965283435525,0.0003991115980105645,52284.64612895241,246.87668436615087,246.7199142438448,0.001045455724463424,56442.20953766283,1306.2153958913943,0.10635489042406174,244.22888252725411,244.16965283435525,0.0007934103551501262,53193.221977489804,5.8981850338080815,-0.0082664933137468,8.048460346285031e-05,-2994.668129514008,4200.0,0.0030512289680990645
8250.0,35664.00695031034,243.8093923408102,243.6962310623798,0.0007640039182348911,53193.467506402376,0.0007686646767359943,243.7524666960979,0.0003842425818767422,52318.62850734396,246.47137099417156,246.32018571948453,0.001009848077921331,56442.20953766283,1306.2153958913943,0.10710830431409848,243.8093923408102,243.7524666960979,0.0007640039182348911,53193.467506402376,5.8981850338080815,-0.008432030124764582,8.034885906016495e-05,-2994.668129514008,4200.0,0.0030512289680990645
8300.0,35414.91755825246,243.388232943902,243.27949925621132,0.0007353687280644919,53193.8377842937,0.0007397039555070797,243.33354573462876,0.00036976885656921446,52351.85477851954,246.06418687665828,245.91845023261487,0.0009750439783298135,56442.20953766283,1306.2153958913943,0.10785693195935889,243.388232943902,243.33354573462876,0.0007353687280644919,53193.8377842937,5.8981850338080815,-0.008597484756987107,8.021369853816524e-05,-2994.668129514008,4200.0,0.0030512289680990645
8350.0,35167.141376599044,242.96541724106535,242.86098461648567,0.0007074976384136261,53194.328781289296,0.0007115266519871795,242.91290369910553,0.0003556864161544547,52384.3284958181,245.65513880326662,245.51471544680211,0.0009410406308523624,56442.20953766283,1306.2153958913943,0.10860051123660387,242.96541724106535,242.91290369910553,0.0007074976384136261,53194.328781289296,5.8981850338080815,-0.008762803241313377,8.007911774296227e-05,-2994.668129514008,4200.0,0.0030512289680990645
8400.0,34920.672064139355,242.54095909618584,242.44070260350597,0.0006803831141594187,53194.93652391258,0.0006841243431126793,242.49055532375667,0.00034199107095685957,52416.05375052802,245.24423463416522,245.10899016758898,0.0009078347818457809,56442.20953766283,1306.2153958913943,0.1093387818964667,242.54095909618584,242.49055532375667,0.0006803831141594187,53194.93652391258,5.8981850338080815,-0.008927931750696937,7.994511256220323e-05,-2994.668129514008,4200.0,0.0030512289680990645
8450.0,34675.50333178021,242.11487331706925,242.01866967550316,0.0006540172382690126,53195.65709647079,0.0006574882473225673,242.0665163116337,0.00032867845129313866,52447.03516516731,244.83148330373075,244.70128434592493,0.0008754227170818726,56442.20953766283,1306.2153958913943,0.11007148633222953,242.11487331706925,242.0665163116337,0.0006540172382690126,53195.65709647079,5.8981850338080815,-0.009092816711557518,7.981167892453498e-05,-2994.668129514008,4200.0,0.0030512289680990645
8500.0,34431.62894293753,241.6871756375416,241.5949032689996,0.0006283917198265172,53196.4866423985,0.0006316092330011619,241.64080331582247,0.00031574401169760156,52477.27788542252,244.41689482168306,244.29160907885844,0.0008438002610565569,56442.20953766283,1306.2153958913943,0.11079837035535353,241.6871756375416,241.64080331582247,0.0006283917198265172,53196.4866423985,5.8981850338080815,-0.00925740491673935,7.967881279907614e-05,-2994.668129514008,4200.0,0.0030512289680990645
8550.0,34189.04271389318,241.2578826971122,241.16942177658535,0.0006034979030843338,53197.421365553644,0.0006064778278841082,241.21343391814634,0.00030318303563030036,52506.787570758475,244.00048027158527,243.87997660741235,0.0008129627774199177,56442.20953766283,1306.2153958913943,0.1115191839736019,241.2578826971122,241.21343391814634,0.0006034979030843338,53197.421365553644,5.8981850338080815,-0.00942164363943828,7.954651019489753e-05,-2994.668129514008,4200.0,0.0030512289680990645
8600.0,33947.73851411443,240.82701201824602,240.74224452216012,0.0005793267775178496,53198.45753146186,0.0005820842294060726,240.78442660541216,0.00029099064065722115,52535.57038372121,243.5822518066439,243.46640031157492,0.0007829051705555128,56442.20953766283,1306.2153958913943,0.11223368216741174,240.82701201824602,240.78442660541216,0.0005793267775178496,53198.45753146186,5.8981850338080815,-0.0095854807474338,7.94147671605108e-05,-2994.668129514008,4200.0,0.0030512289680990645
8650.0,33707.710266535396,240.39458198130765,240.31339173370793,0.000555868988856482,53199.5914685045,0.0005584183159627878,240.35380074326363,0.00027916178408882175,52563.63297796434,243.16222264275828,243.05089470235447,0.0007536218883315126,56442.20953766283,1306.2153958913943,0.11294162566002341,240.39458198130765,240.35380074326363,0.000555868988856482,53199.5914685045,5.8981850338080815,-0.009748864816971882,7.928357978336522e-05,-2994.668129514008,4200.0,0.0030512289680990645
8700.0,33468.9519477985,239.96061179725228,239.88288451368797,0.0005331148510581619,53200.819569046165,0.0005354696590546161,239.9215765477206,0.00026769126906047005,52590.98248503502,242.74040704878237,242.63347541086117,0.0007251069260403759,56442.20953766283,1306.2153958913943,0.11364278167681532,239.96061179725228,239.9215765477206,0.0005331148510581619,53200.819569046165,5.8981850338080815,-0.009911745245644777,7.915294418935191e-05,-2994.668129514008,4200.0,0.0030512289680990645
8750.0,33231.45758845505,239.5251214781522,239.45074480713782,0.0005110543591885853,53202.13829049781,0.0005132275362732518,239.48777505449766,0.00025657375103555163,52617.626499964616,242.31682033397792,242.21415917439427,0.0006973538315371684,56442.20953766283,1306.2153958913943,0.11433692468933122,239.5251214781522,239.48777505449766,0.0005110543591885853,53202.13829049781,5.8981850338080815,-0.010074072363575576,7.902285654231642e-05,-2994.668129514008,4200.0,0.0030512289680990645
8800.0,32995.221273123265,239.08813180566216,239.01699536760097,0.0004896772031611141,53203.54415631161,0.0004916809450882046,239.05241808620892,0.00024580374470952533,52643.57306571642,241.89147883265343,241.79296381953182,0.0006703557115802879,56442.20953766283,1306.2153958913943,0.1150238371394273,239.08813180566216,239.05241808620892,0.0004896772031611141,53203.54415631161,5.8981850338080815,-0.01023579754230194,7.889331304357831e-05,-2994.668129514008,4200.0,0.0030512289680990645
8850.0,32760.2371406032,238.64966429753738,238.58165972100167,0.00046897278228782166,53205.033756904115,0.00047081861738454113,238.61552821757738,0.00023537563129061575,52668.830656547616,241.46439988599835,241.3699082422352,0.0006441052393712335,56442.20953766283,1306.2153958913943,0.11570331013906637,238.64966429753738,238.61552821757738,0.00046897278228782166,53205.033756904115,5.8981850338080815,-0.010396873300634359,7.876430993145872e-05,-2994.668129514008,4200.0,0.0030512289680990645
8900.0,32526.499383947717,238.20974117233163,238.14476212760482,0.0004489302205874279,53206.60375050445,0.00045062903469894865,238.17712873878114,0.00022528366613061915,52693.408160351835,241.0356018211403,240.945012385,0.0006185946632831732,56442.20953766283,1306.2153958913943,0.11637514414138844,238.20974117233163,238.17712873878114,0.0004489302205874279,53206.60375050445,5.8981850338080815,-0.01055725340698025,7.86358434808147e-05,-2994.668129514008,4200.0,0.0030512289680990645
8950.0,32294.00225048805,237.76838531241074,237.70632754220748,0.00042953838279126503,53208.250863924724,0.00043110044409686086,237.7372436170778,0.00021552198667713622,52717.31486005192,240.60510392746872,240.51829721110187,0.0005938158167610003,56442.20953766283,1306.2153958913943,0.11703914957892511,237.76838531241074,237.7372436170778,0.00042953838279126503,53208.250863924724,5.8981850338080815,-0.010716892977359083,7.850791000258125e-05,-2994.668129514008,4200.0,0.0030512289680990645
9000.0,32062.740041814646,237.3256202254311,237.26638157272114,0.0004107858909843066,53209.97189324995,0.0004122208746296377,237.29589745686064,0.00020608462071666474,52740.560414120504,240.17292643028566,240.08978467600357,0.0005697601293682583,56442.20953766283,1306.2153958913943,0.11769514746486748,237.3256202254311,237.29589745686064,0.0004107858909843066,53209.97189324995,5.8981850338080815,-0.010875748568728819,7.838050584332004e-05,-2994.668129514008,4200.0,0.0030512289680990645
9050.0,31832.707113711884,236.8814700044363,236.8249504373111,0.0003926611418147369,53211.76370444542,0.00039397815430739804,236.85311545830626,0.00019696549487628433,52763.15483630821,239.73909046185958,239.6594976960082,0.0005464186389494561,56442.20953766283,1306.2153958913943,0.11834296995369616,236.8814700044363,236.85311545830626,0.0003926611418147369,53211.76370444542,5.8981850338080815,-0.011033778266948164,7.825362738477514e-05,-2994.668129514008,4200.0,0.0030512289680990645
9100.0,31603.897876046864,236.43595928673605,236.38206092026797,0.00037515232420240994,53213.62323387934,0.0003763599275202491,236.40892337478317,0.0001881584433502395,52785.10847466519,239.30361802997788,239.2274601142594,0.0005237820048692045,56442.20953766283,1306.2153958913943,0.11898246085776581,236.43595928673605,236.40892337478317,0.00037515232420240994,53213.62323387934,5.8981850338080815,-0.011190941768942442,7.812727104343568e-05,-2994.668129514008,4200.0,0.0030512289680990645
9150.0,31376.30679261243,235.98911321173625,235.93774032679292,0.0003582474374739995,53215.54748875959,0.00035935367283839175,235.9633474691965,0.00017965721681658729,52806.431989945166,238.86653198410423,238.79369666420732,0.0005018405222829289,56442.20953766283,1306.2153958913943,0.11961347611660086,235.98911321173625,235.9633474691965,0.0003582474374739995,53215.54748875959,5.8981850338080815,-0.011347200458629981,7.800143327010499e-05,-2994.668129514008,4200.0,0.0030512289680990645
9200.0,31149.928380924193,235.5409573778942,235.49201643688187,0.0003419343098505951,53217.53354748304,0.00034294672111963623,235.51641446944737,0.0001714554915081056,52827.13633348218,238.42785597926698,238.35823293067423,0.00048058413738740857,56442.20953766283,1306.2153958913943,0.12023588421622422,235.5409573778942,235.51641446944737,0.0003419343098505951,53217.53354748304,5.8981850338080815,-0.011502517476197235,7.787611054947636e-05,-2994.668129514008,4200.0,0.0030512289680990645
9250.0,30924.75721197225,235.0915177989757,235.04491745849924,0.0003262006172121986,53219.57855989692,0.00032712627385178913,235.06815152319146,0.00016354687840111875,52847.23272463464,237.98761443781655,237.92109530866935,0.0004600024635932999,56442.20953766283,1306.2153958913943,0.12084956655612898,235.0915177989757,235.06815152319146,0.0003262006172121986,53219.57855989692,5.8981850338080815,-0.011656857780417498,7.775129939971529e-05,-2994.668129514008,4200.0,0.0030512289680990645
9300.0,30700.787909927923,234.6408208597939,234.5964719802319,0.0003110339020626237,53221.67974747165,0.0003118794216565756,234.61858615208106,0.0001559249324854977,52866.73262789092,237.5458325092024,237.4823109601161,0.00044008479855612296,56442.20953766283,1306.2153958913943,0.12145441776188624,234.6408208597939,234.61858615208106,0.0003110339020626237,53221.67974747165,5.8981850338080815,-0.011810188203662152,7.762699637204805e-05,-2994.668129514008,4200.0,0.0030512289680990645
9350.0,30478.01515180614,234.1888932716101,234.14670892361625,0.00029642159261817415,53223.83440338516,0.0002971931628816637,234.16774620567688,0.00014858316207904488,52885.64772973185,237.10253602793517,237.04190776866778,0.0004208201419968517,56442.20953766283,1306.2153958913943,0.12205034594189203,234.1888932716101,234.16774620567688,0.00029642159261817415,53223.83440338516,5.8981850338080815,-0.011962477499493671,7.750319805035626e-05,-2994.668129514008,4200.0,0.0030512289680990645
9400.0,30256.433667084366,233.73576202737434,233.6956574953286,0.00028235102194374865,53226.03989251902,0.0002830544222078184,233.71565981521348,0.00014151503814970328,52903.98991534449,236.6577514699064,236.59991429279927,0.0004021972142386989,56442.20953766283,1306.2153958913943,0.12263727288716074,233.73576202737434,233.71565981521348,0.00028235102194374865,53226.03989251902,5.8981850338080815,-0.012113696382561564,7.737990105077794e-05,-2994.668129514008,4200.0,0.0030512289680990645
9450.0,30036.038237279186,233.28145435698505,233.2433471394284,0.00026880944706100525,53228.29365136694,0.0002694500691991912,233.262355347403,0.0001347140036095204,52921.77124528321,236.21150590725128,236.15635971737183,0.00038420447538243705,56442.20953766283,1306.2153958913943,0.12321513421347989,233.28145435698505,233.262355347403,0.00026880944706100525,53228.29365136694,5.8981850338080815,-0.012329130347573214,7.725710202131397e-05,-2994.668129514008,4200.0,0.0030512289680990645
9500.0,29816.823695481617,232.82317193406558,232.7868349072606,0.00025682513615569834,53230.59318785687,0.00025735517771636405,232.8049659299359,0.00012866752590825827,52937.31005400535,235.76382696194554,235.71127380387682,0.0003668301450391961,56442.20953766283,1306.2153958913943,0.12390444466443372,232.82317193406558,232.8049659299359,0.00025682513615569834,53230.59318785687,5.8981850338080815,-0.012496739177772767,7.713479764144115e-05,-2994.668129514008,4200.0,0.0030512289680990645
9550.0,29598.782289239716,232.36355930080083,232.3288840169989,0.00024556324920889063,53232.92954824035,0.00024604881794267145,232.3461873811402,0.00012301521075649505,52952.42834644567,235.31474268394177,235.26468676121104,0.00035006225039095254,56442.20953766283,1306.2153958913943,0.12459401584193618,232.36355930080083,232.3461873811402,0.00024556324920889063,53232.92954824035,5.8981850338080815,-0.012636360398406571,7.701298462173034e-05,-2994.668129514008,4200.0,0.0030512289680990645
9600.0,29381.908796397285,231.90311060541086,231.87003114358302,0.00023472555156100385,53235.30088110437,0.0002351701179253453,231.88653955299344,0.00011757665611109127,52967.20379047357,234.86428166406188,234.81662936323542,0.0003338885901084263,56442.20953766283,1306.2153958913943,0.1252639001241957,231.90311060541086,231.88653955299344,0.00023472555156100385,53235.30088110437,5.8981850338080815,-0.012778965603473788,7.689165970347076e-05,-2994.668129514008,4200.0,0.0030512289680990645
9650.0,29166.19848017907,231.4417521397877,231.41020500912578,0.00022429723024462822,53237.70565129428,0.00022470400926187054,231.42594997187788,0.00011234433303990409,52981.544691477924,234.41247290086005,234.36713280876492,0.00031829677925643984,56442.20953766283,1306.2153958913943,0.12591838074453388,231.4417521397877,231.42594997187788,0.00022429723024462822,53237.70565129428,5.8981850338080815,-0.012920460701903388,7.677081965829962e-05,-2994.668129514008,4200.0,0.0030512289680990645
9700.0,28951.646554969477,230.97950834072262,230.94943202943512,0.00021426647544488126,53240.14198623994,0.00021463845320641281,230.96444408146272,0.00010731222689093661,52995.461583654236,233.95934574303888,233.91622865966343,0.0003032742766013287,56442.20953766283,1306.2153958913943,0.12655756836057303,230.97950834072262,230.96444408146272,0.00021426647544488126,53240.14198623994,5.8981850338080815,-0.013060796803736082,7.665046128783732e-05,-2994.668129514008,4200.0,0.0030512289680990645
9750.0,28738.248277987055,230.5164043627481,230.4877393024953,0.00020462165076673395,53242.60807149434,0.00020496159871528314,230.50204802425486,0.00010247441655515783,53008.96594276785,233.50492984451444,233.46394879262425,0.0002888084048933294,56442.20953766283,1306.2153958913943,0.12718155593817515,230.5164043627481,230.50204802425486,0.00020462165076673395,53242.60807149434,5.8981850338080815,-0.013199967945758827,7.653058142332794e-05,-2994.668129514008,4200.0,0.0030512289680990645
9800.0,28525.998949371413,230.05246506644136,230.0251535996546,0.00019535127441832275,53245.1021536598,0.00019566176282980605,230.03878763140915,9.782506467617615e-05,53022.06914588875,233.0480947239278,233.00910461810668,0.00027531386041839296,56442.20953766283,1306.2153958913943,0.12774097826534753,230.05246506644136,230.03878763140915,0.00019535127441832275,53245.1021536598,5.8981850338080815,-0.013337970077516581,7.641117692528509e-05,-2994.668129514008,4200.0,0.0030512289680990645
9850.0,28314.89391133395,229.58771498870533,229.561701334872,0.0001864440272333504,53247.62253930454,0.0001867274380231078,229.57468839254832,9.33584213392722e-05,53034.7824500506,232.58769348361216,232.55048232083203,0.00026327071309152985,56442.20953766283,1306.2153958913943,0.12818538237764066,229.58771498870533,229.57468839254832,0.0001864440272333504,53247.62253930454,5.8981850338080815,-0.013474800607386504,7.629224468314302e-05,-2994.668129514008,4200.0,0.0030512289680990645
9900.0,28104.92854729349,229.1221783240662,229.0974085450484,0.0001778887603369327,53250.16759381333,0.0001781472992102849,229.10977543663142,8.906882759155813e-05,53047.1169815936,232.12660816118662,232.09110494215102,0.00025168410510258696,56442.20953766283,1306.2153958913943,0.12863641973787746,229.1221783240662,229.10977543663142,0.0001778887603369327,53250.16759381333,5.8981850338080815,-0.013610458346859994,7.617378161491258e-05,-2994.668129514008,4200.0,0.0030512289680990645
9950.0,27896.098281006904,228.65587890746403,228.6323008719542,0.00016967450220021853,53252.73574021382,0.00016991021016712318,228.6440735143643,8.49507186658604e-05,53059.08372631635,231.664526399268,231.63066374982705,0.00024053121010542518,56442.20953766283,1306.2153958913943,0.12907969843426356,228.65587890746403,228.6440735143643,0.00016967450220021853,53252.73574021382,5.8981850338080815,-0.01374494345681589,7.605578466684253e-05,-2994.668129514008,4200.0,0.0030512289680990645
10000.0,27688.39857569676,228.1888401984387,228.16640354565365,0.0001617904650854461,53255.32545798197,0.00016200522935966465,228.17760698205547,8.099862690947073e-05,53070.6935203432,231.20147258850926,231.1691851900713,0.0002297998093653457,56442.20953766283,1306.2153958913943,0.12951520206199132,228.1888401984387,228.17760698205547,0.0001617904650854461,53255.32545798197,5.8981850338080815,-0.013878257392352553,7.593825081308543e-05,-2994.668129514008,4200.0,0.0030512289680990645
10050.0,27481.824933177035,227.72108526669732,227.6997413694105,0.00015422605088784148,53257.93528182937,0.00015442161519148734,227.71039978690058,7.720718442119642e-05,53081.95704169934,230.73747449318026,230.7066990388931,0.0002194779122163399,56442.20953766283,1306.2153958913943,0.12994307609742067,227.72108526669732,227.71039978690058,0.00015422605088784148,53257.93528182937,5.8981850338080815,-0.0140104028464538,7.582117705536876e-05,-2994.668129514008,4200.0,0.0030512289680990645
10100.0,27276.37289297914,227.25263677904354,227.23233870605335,0.00014697085638311577,53260.56380047555,0.00014714883067781632,227.24247545367615,7.357112540127006e-05,53092.88480258632,230.27255960683127,230.2432347720835,0.00020955365902523303,56442.20953766283,1306.2153958913943,0.13036347283135036,227.25263677904354,227.24247545367615,0.00014697085638311577,53260.56380047555,5.8981850338080815,-0.01414138369273593,7.570456042267034e-05,-2994.668129514008,4200.0,0.0030512289680990645
10150.0,27072.038031478678,226.78351698764632,226.76421946577423,0.00014001467789135697,53263.209655407874,0.00014017654755754704,226.7738570728178,7.008528821966228e-05,53103.48714234782,229.80675509014705,229.77882150177874,0.00020001533070911496,56442.20953766283,1306.2153958913943,0.13077654928134705,226.78351698764632,226.7738570728178,0.00014001467789135697,53263.209655407874,5.8981850338080815,-0.014271204927631388,7.558839797089885e-05,-2994.668129514008,4200.0,0.0030512289680990645
10200.0,26868.815961025153,226.3137477196196,226.29540709533063,0.00013334751537010897,53265.87153963187,0.0001334946498560429,226.30456728985354,6.674461720923382e-05,53113.77422111214,229.34008774787412,229.3134879520571,0.00019085135865312566,56442.20953766283,1306.2153958913943,0.13118246671411993,226.3137477196196,226.30456728985354,0.00013334751537010897,53265.87153963187,5.8981850338080815,-0.01439987261221505,7.547268678257875e-05,-2994.668129514008,4200.0,0.0030512289680990645
10250.0,26666.702329075415,225.84335036788067,225.82592456861403,0.00012695957595106722,53268.54819641456,0.0001270932369132224,225.83462829615783,6.35441641909917e-05,53123.75601409636,228.87258400771375,228.84726243661757,0.0001820503339567343,56442.20953766283,1306.2153958913943,0.13158139019083923,225.84335036788067,225.83462829615783,0.00012695957595106722,53268.54819641456,5.8981850338080815,-0.014527393813931809,7.535742396653964e-05,-2994.668129514008,4200.0,0.0030512289680990645
10300.0,26465.692817332354,225.37234588325217,225.35579437854776,0.00012084127693643821,53271.23841802335,0.00012096262589287668,225.3640618209904,6.047908973942798e-05,53133.44230655586,228.40426990080832,228.38017283816725,0.00017360101599701888,56442.20953766283,1306.2153958913943,0.13197348812100246,225.37234588325217,225.3640618209904,0.00012084127693643821,53271.23841802335,5.8981850338080815,-0.01465377654852883,7.52426066576103e-05,-2994.668129514008,4200.0,0.0030512289680990645
10350.0,26265.783140889762,224.90075476776923,224.88503853027078,0.00011498324827229559,53273.94104446291,0.00011509335379041557,224.89288912477863,5.754466419655148e-05,53142.84268935998,227.93517104380948,227.9122465895066,0.0001654923403108786,56442.20953766283,1306.2153958913943,0.132358931826141,224.90075476776923,224.89288912477863,0.00011498324827229559,53273.94104446291,5.8981850338080815,-0.014779029722339788,7.512823201631679e-05,-2994.668129514008,4200.0,0.0030512289680990645
10400.0,26066.96904738462,224.4285970691495,224.41367853556252,0.0001093763345174576,53276.65496221235,0.00010947617895732512,224.42113099360014,5.473626844376415e-05,53151.966555173574,227.46531262251608,227.4435106562957,0.00015771342580116977,56442.20953766283,1306.2153958913943,0.1327378951147984,224.4285970691495,224.42113099360014,0.0001093763345174576,53276.65496221235,5.8981850338080815,-0.014903163075143736,7.501429722858522e-05,-2994.668129514008,4200.0,0.0030512289680990645
10450.0,25869.246316157765,223.95589237638288,223.94173540846188,0.00010401159632739979,53279.3791029649,0.00010410208216154145,223.9488077348205,5.204939444119832e-05,53160.82309522336,226.99471937706153,226.9739915214816,0.00015025358127461816,56442.20953766283,1306.2153958913943,0.13311055386994256,223.95589237638288,223.9488077348205,0.00010401159632739979,53279.3791029649,5.8981850338080815,-0.015026187123809941,7.490079950544834e-05,-2994.668129514008,4200.0,0.0030512289680990645
10500.0,25672.61075742401,223.4826598163954,223.46922966202976,9.888031147351613e-05,53282.11244237225,9.896226720368221e-05,223.47593917383819,4.9479645544498145e-05,53169.42129662642,226.52341558862537,226.5037151713563,0.00014310231132183633,56442.20953766283,1306.2153958913943,0.1334770856498801,223.4826598163954,223.47593917383819,9.888031147351613e-05,53282.11244237225,5.8981850338080815,-0.015148113106910764,7.478773608275661e-05,-2994.668129514008,4200.0,0.0030512289680990645
10550.0,25477.058211452608,223.0089180517397,222.9961813062051,9.397397541869593e-05,53284.85399879543,9.40481611096887e-05,223.00254465188775,4.702273660933685e-05,53177.76994025732,226.0514250676384,226.03270708321318,0.00013624932155223296,56442.20953766283,1306.2153958913943,0.13383766930361768,223.0089180517397,223.00254465188775,9.397397541869593e-05,53284.85399879543,5.8981850338080815,-0.015268952930374934,7.467510422089313e-05,-2994.668129514008,4200.0,0.0030512289680990645
10600.0,25282.5845477586,222.53468527926455,222.5226098467016,8.928430147069512e-05,53287.602832064185,8.935141392085807e-05,222.5286430248513,4.467449389417438e-05,53185.877599130574,225.57877114344495,225.5609922145616,0.0001296845231986562,56442.20953766283,1306.2153958913943,0.13419248460137595,222.53468527926455,222.5286430248513,8.928430147069512e-05,53287.602832064185,5.8981850338080815,-0.015388719114461144,7.45629012044927e-05,-2994.668129514008,4200.0,0.0030512289680990645
10650.0,25089.185664306235,222.05997922971238,222.04853428489187,8.480322053508925e-05,53290.35804224662,8.486389810255384e-05,222.05425266302606,4.243085477191519e-05,53193.75263727222,225.10547665538311,225.0885949938566,0.00012339803710856702,56442.20953766283,1306.2153958913943,0.13454171188102285,222.05997922971238,222.05425266302606,8.480322053508925e-05,53290.35804224662,5.8981850338080815,-0.015507424742025015,7.445112434216479e-05,-2994.668129514008,4200.0,0.0030512289680990645
10700.0,24896.857486724755,221.58481716819776,221.57397311862547,8.052288048984183e-05,53293.11876843058,8.057770759307011e-05,221.5793914517981,4.028786726121995e-05,53201.40320905808,224.63156394523875,224.61553931269577,0.00011738019714019665,56442.20953766283,1306.2153958913943,0.13488553171079726,221.58481716819776,221.5793914517981,8.052288048984183e-05,53293.11876843058,5.8981850338080815,-0.015625083408300357,7.433977096622037e-05,-2994.668129514008,4200.0,0.0030512289680990645
10750.0,24705.59596753768,221.10921589551427,221.09894434392749,7.643564520357783e-05,53295.884187518495,7.648515651414023e-05,221.1040767931686,3.8241689388232984e-05,53208.8372589912,224.1570548510252,224.14184851943205,0.00011162155298364301,56442.20953766283,1306.2153958913943,0.13522412456878918,221.10921589551427,221.1040767931686,7.643564520357783e-05,53295.884187518495,5.8981850338080815,-0.01574170917220629,7.422883843240266e-05,-2994.668129514008,4200.0,0.0030512289680990645
10800.0,24515.39708540553,220.63319175022153,220.62346545752257,7.253409321961414e-05,53298.65351303697,7.257877756456019e-05,220.6283256080819,3.628858838947701e-05,53216.062521894906,223.68197070204076,223.66754541414826,0.0001061128724280913,56442.20953766283,1306.2153958913943,0.1355576705394628,220.63319175022153,220.6283256080819,7.253409321961414e-05,53298.65351303697,5.8981850338080815,-0.015857316509343966,7.411832411962144e-05,-2994.668129514008,4200.0,0.0030512289680990645
10850.0,24326.256844382962,220.15676061146198,220.14755346013277,6.881101612766373e-05,53301.42599396238,6.88513201181939e-05,220.1521543395037,3.44249397665654e-05,53223.08652349584,223.20633231514915,223.1926522449371,0.00010084514309741764,56442.20953766283,1306.2153958913943,0.13588634902731073,220.15676061146198,220.1521543395037,6.881101612766373e-05,53301.42599396238,5.8981850338080815,-0.01597192026664131,7.400822542969115e-05,-2994.668129514008,4200.0,0.0030512289680990645
10900.0,24138.171273190746,219.6799379024586,219.67122486049485,6.525941664486767e-05,53304.20091356383,6.529574804739434e-05,219.6755789561986,3.2647226203265565e-05,53229.91658137266,222.73015999223082,222.71719070542758,9.580957367727595e-05,56442.20953766283,1306.2153958913943,0.13621033848776745,219.6799379024586,219.6755789561986,6.525941664486767e-05,53304.20091356383,5.8981850338080815,-0.016085535618793265,7.389853978707278e-05,-2994.668129514008,4200.0,0.0030512289680990645
10950.0,23951.13642450264,219.2027385946451,219.19449568004586,6.18725064274796e-05,53306.977588264264,6.19052372925089e-05,219.198614957156,3.0952036355263876e-05,53236.559806244935,222.25347351874805,222.24118193349793,9.09975946574394e-05,56442.20953766283,1306.2153958913943,0.1365298161753034,219.2027385946451,219.198614957156,6.18725064274796e-05,53306.977588264264,5.8981850338080815,-0.016198178026496646,7.378926463861897e-05,-2994.668129514008,4200.0,0.0030512289680990645
11000.0,23765.148374247816,218.72517721238088,218.7173814582261,5.864370363411934e-05,53309.755366520956,5.867317319773828e-05,218.72127737661685,2.933606352278351e-05,53243.023103579544,221.7762921633676,221.76464651111408,8.640085861366507e-05,56442.20953766283,1306.2153958913943,0.13684495790860157,218.72517721238088,218.72127737661685,5.864370363411934e-05,53309.755366520956,5.8981850338080815,-0.016309863196460193,7.36803974533231e-05,-2994.668129514008,4200.0,0.0030512289680990645
11050.0,23580.203220928925,218.24726783820464,218.23989725834895,5.5566630261012254e-05,53312.533627726116,5.5593147633115586e-05,218.2435807896511,2.7796104215954137e-05,53249.313175489246,221.29863467858388,221.2876044652317,8.201124005366489e-05,56442.20953766283,1306.2153958913943,0.13715593785261765,218.24726783820464,218.2435807896511,5.5566630261012254e-05,53312.533627726116,5.8981850338080815,-0.01642060704331867,7.357193572207122e-05,-2994.668129514008,4200.0,0.0030512289680990645
11100.0,23396.297084956375,217.7690241185814,217.76205767399,5.2635109269097026e-05,53315.31178112838,5.265895592184555e-05,217.76553931824137,2.6329056622569438e-05,53255.4365229027,220.82051930228403,220.8100752696996,7.782083485192821e-05,56442.20953766283,1306.2153958913943,0.13746292831721663,217.7690241185814,217.76553931824137,5.2635109269097026e-05,53315.31178112838,5.8981850338080815,-0.016530425653355964,7.346387695739803e-05,-2994.668129514008,4200.0,0.0030512289680990645
11150.0,23213.426107998337,217.29045927009867,217.28387683584793,4.984316152228711e-05,53318.08926477589,4.986459359163455e-05,217.28716663782518,2.4931918987563096e-05,53261.39944798108,220.34196376019818,220.3320778481028,7.382195929818426e-05,56442.20953766283,1306.2153958913943,0.1377660995721208,217.29045927009867,217.28716663782518,4.984316152228711e-05,53318.08926477589,5.8981850338080815,-0.01663933525005889,7.335621869324565e-05,-2994.668129514008,4200.0,0.0030512289680990645
11200.0,23031.586452347463,216.8115860860698,216.80536841903174,4.718500255551468e-05,53320.8655444815,4.720425296802693e-05,216.80847598425348,2.360178791322598e-05,53267.20805676125,219.8629852691769,219.85363057748341,7.000714878416097e-05,56442.20953766283,1306.2153958913943,0.13806561967771092,216.8115860860698,216.80847598425348,4.718500255551468e-05,53320.8655444815,5.8981850338080815,-0.016747352161538203,7.32489584847262e-05,-2994.668129514008,4200.0,0.0030512289680990645
11250.0,22850.77430030359,216.33241694350332,216.32654565073074,4.465503919052578e-05,53323.640112810695,4.467231962708553e-05,216.32948016112266,2.233585658884799e-05,53272.86826200447,219.3836005412394,219.37475129287833,6.636915615308222e-05,56442.20953766283,1306.2153958913943,0.1383616543312962,216.33241694350332,216.32948016112266,4.465503919052578e-05,53323.640112810695,5.8981850338080815,-0.01685449278975126,7.314209390788708e-05,-2994.668129514008,4200.0,0.0030512289680990645
11300.0,22670.985853573136,215.85296381039893,215.847421318225,4.2247866016675876e-05,53326.41248809248,4.2263368724059076e-05,215.850191547439,2.1131412958120104e-05,53278.385786229504,218.90382578833618,218.89545729261417,6.290094973601002e-05,56442.20953766283,1306.2153958913943,0.13865436672833176,215.85296381039893,215.850191547439,4.2247866016675876e-05,53326.41248809248,5.8981850338080815,-0.01696077358150495,7.30356225594798e-05,-2994.668129514008,4200.0,0.0030512289680990645
11350.0,22492.21733268484,215.37323825333215,215.36800777719628,3.9958261753247094e-05,53329.182213453714,3.997216121397136e-05,215.3706221055771,1.9985837832277598e-05,53283.766164911634,218.42367672777198,218.41576534430013,5.9595711098686466e-05,56442.20953766283,1306.2153958913943,0.13894391743813486,215.37323825333215,215.3706221055771,3.9958261753247094e-05,53329.182213453714,5.8981850338080815,-0.017066211001244717,7.292954205673182e-05,-2994.668129514008,4200.0,0.0030512289680990645
11400.0,22314.464976421805,214.89325144529244,214.88831696030044,3.7781185509064805e-05,53331.9488558771,3.7793639979334456e-05,214.890783389495,1.889660295659865e-05,53289.0147498291,217.9431685882346,217.93569169146153,5.644683252203485e-05,56442.20953766283,1306.2153958913943,0.13923046429347607,214.89325144529244,214.890783389495,3.7781185509064805e-05,53331.9488558771,5.8981850338080815,-0.017170821505545962,7.282385003712152e-05,-2994.668129514008,4200.0,0.0030512289680990645
11450.0,22137.725041270085,214.4130141737391,214.40836038596547,3.571177295443369e-05,53334.712005282956,3.572292587944681e-05,214.41068655317014,1.7861269037501465e-05,53294.13671253842,217.46231611637782,217.45525206075843,5.344791423886698e-05,56442.20953766283,1306.2153958913943,0.13951416229355737,214.4130141737391,214.41068655317014,3.571177295443369e-05,53334.712005282956,5.8981850338080815,-0.017274621519294642,7.271854415815616e-05,-2994.668129514008,4200.0,0.0030512289680990645
11500.0,21961.993800883407,213.93253684884377,213.92814916737947,3.3745332419651074e-05,53337.471273635034,3.3755313734997553e-05,213.93034235922283,1.6877483737112444e-05,53299.13704796254,216.98113358390827,216.97446166973475,5.059276144869224e-05,56442.20953766283,1306.2153958913943,0.13979516351976756,213.93253684884377,213.93034235922283,3.3745332419651074e-05,53337.471273635034,5.8981850338080815,-0.017377627413531757,7.261362209715275e-05,-2994.668129514008,4200.0,0.0030512289680990645
11550.0,21787.267545564104,213.45182951188735,213.4476940216363,3.1877340933590434e-05,53340.22629407025,3.188626826096123e-05,213.44976118769594,1.5942979641809253e-05,53304.020578076204,216.49963479512604,216.49333523504575,4.7875381131808044e-05,56442.20953766283,1306.2153958913943,0.1400736170635934,213.45182951188735,213.44976118769594,3.1877340933590434e-05,53340.22629407025,5.8981850338080815,-0.017479855484873463,7.250908155102202e-05,-2994.668129514008,4200.0,0.0030512289680990645
11600.0,21613.542581760015,212.97090184378303,212.96700527900765,3.01034402150987e-05,53342.97672005255,3.0111419960011912e-05,212.96895304495897,1.5055572210864089e-05,53308.79195567179,216.01783309487342,216.01188698111372,4.528997868309894e-05,56442.20953766283,1306.2153958913943,0.1403496689661474,212.97090184378303,212.96895304495897,3.01034402150987e-05,53342.97672005255,5.8981850338080815,-0.017581321936475994,7.240492023605518e-05,-2994.668129514008,4200.0,0.0030512289680990645
11650.0,21440.81523157723,212.48976317369718,212.48609289231197,2.841943262918908e-05,53345.72222455068,2.84265609879771e-05,212.48792757270982,1.4213157710957975e-05,53313.45566819297,215.53574137684546,215.53013064916294,4.283095438516615e-05,56442.20953766283,1306.2153958913943,0.1406234621686633,212.48976317369718,212.48792757270982,2.841943262918908e-05,53345.72222455068,5.8981850338080815,-0.017682042860502102,7.23011358877136e-05,-2994.668129514008,4200.0,0.0030512289680990645
11700.0,21269.081832308475,212.00842248774293,212.0049664463532,2.6821277119278787e-05,53348.46249923982,2.682764100212042e-05,212.0066940570474,1.3413711141970386e-05,53318.016041622504,215.05337209221963,215.04807950658872,4.0492899739600706e-05,56442.20953766283,1306.2153958913943,0.1408951364733794,212.00842248774293,212.0066940570474,2.6821277119278787e-05,53348.46249923982,5.8981850338080815,-0.01778203422201355,7.219772626042108e-05,-2994.668129514008,4200.0,0.0030512289680990645
11750.0,21098.33873597703,211.5268884377218,211.5236351674033,2.5305085125994082e-05,53351.19725372703,2.5310763002334074e-05,211.52526143758882,1.2655284159094296e-05,53322.477244410264,214.57073725856247,214.56574635661474,3.827059367435333e-05,56442.20953766283,1306.2153958913943,0.14116482851417048,211.5268884377218,211.52526143758882,2.5305085125994082e-05,53351.19725372703,5.8981850338080815,-0.017881311844265436,7.209468912735919e-05,-2994.668129514008,4200.0,0.0030512289680990645
11800.0,20928.582308895682,211.0451693498907,211.0421079327049,2.386711650235499e-05,53353.926214800136,2.387217917464883e-05,211.04363831660993,1.193600299598934e-05,53326.84329143176,214.0878484689753,214.08314354819876,3.615899864431352e-05,56442.20953766283,1306.2153958913943,0.14143267173641827,211.0451693498907,211.04363831660993,2.386711650235499e-05,53353.926214800136,5.8981850338080815,-0.017979891395310407,7.1992022280265e-05,-2994.668129514008,4200.0,0.0030512289680990645
11850.0,20759.808931240797,210.56327323373358,210.5603932799712,2.2503775434459226e-05,53356.64912570003,2.250828674577919e-05,210.56183296818548,1.1254066393340428e-05,53331.11804796394,213.60471690143982,213.60028298614523,3.415325664133185e-05,56442.20953766283,1306.2153958913943,0.1416987963854379,210.56327323373358,210.56183296818548,2.2503775434459226e-05,53356.64912570003,5.8981850338080815,-0.01807778837588118,7.188972352923186e-05,-2994.668129514008,4200.0,0.0030512289680990645
11900.0,20592.01499664097,210.08120779071794,210.0784994168631,2.121160637612171e-05,53359.36574541593,2.1215623856789995e-05,210.07985334731066,1.06077435368729e-05,53335.30523366987,213.12135332832986,213.11717614138806,3.224868512906237e-05,56442.20953766283,1306.2153958913943,0.14196332950295734,210.08120779071794,210.07985334731066,2.121160637612171e-05,53359.36574541593,5.8981850338080815,-0.018175018108484854,7.17877907025124e-05,-2994.668129514008,4200.0,0.0030512289680990645
11950.0,20425.19691178023,209.59898042301813,209.5964342304241,1.9987290005269656e-05,53362.07584800348,1.9990865463329292e-05,209.59770709898405,9.995372008554146e-06,53339.40842658158,212.63776812605516,212.6338340614079,3.0440772917132447e-05,56442.20953766283,1306.2153958913943,0.14222639493106753,209.59898042301813,209.59770709898405,1.9987290005269656e-05,53362.07584800348,5.8981850338080815,-0.018271595727645053,7.168622164632429e-05,-2994.668129514008,4200.0,0.0030512289680990645
12000.0,20259.351096015325,209.11659824218907,209.11420529645528,1.882763920927343e-05,53364.77922192524,1.8830819269273354e-05,209.11540156723566,9.415355754411685e-06,53343.43106707269,212.15397128480626,212.15026738075073,2.8725175988297798e-05,56442.20953766283,1306.2153958913943,0.14248811332310204,209.11659824218907,209.11540156723566,1.882763920927343e-05,53364.77922192524,5.8981850338080815,-0.01836753617125479,7.15850142246587e-05,-2994.668129514008,4200.0,0.0030512289680990645
12050.0,20094.473981006795,208.6340680777745,208.63181988881445,1.7729595105792372e-05,53367.475669413274,1.7732421700045877e-05,208.63294380408425,8.86616307210537e-06,53347.3764618129,211.6699724183709,211.66648633161643,2.709771329139523e-05,56442.20953766283,1306.2153958913943,0.1427486021609305,208.6340680777745,208.63294380408425,1.7729595105792372e-05,53367.475669413274,5.8981850338080815,-0.018462854172976738,7.148416631909101e-05,-2994.668129514008,4200.0,0.0030512289680990645
12100.0,19930.56201036371,208.15139648583644,208.14928498862466,1.6690223105135272e-05,53370.16500585351,1.6692733921314644e-05,208.1503405784092,8.34632462111159e-06,53351.24778769635,211.18578077399445,211.18250075448802,2.5554362512073257e-05,56442.20953766283,1306.2153958913943,0.14300797577812827,208.15139648583644,208.1503405784092,1.6690223105135272e-05,53370.16500585351,5.8981850338080815,-0.018557564255610313,7.13836758285942e-05,-2994.668129514008,4200.0,0.0030512289680990645
12150.0,19767.61163930154,207.66858975739262,207.66660729337863,1.570670901958941e-05,53372.84705919133,1.5708937908237545e-05,207.6675983847244,7.854431458111188e-06,53355.04809573758,210.70140524225928,210.69832010877525,2.4091255832486157e-05,56442.20953766283,1306.2153958913943,0.14326634538858,207.66858975739262,207.6675983847244,1.570670901958941e-05,53372.84705919133,5.8981850338080815,-0.01865168072539167,7.128354066935446e-05,-2994.668129514008,4200.0,0.0030512289680990645
12200.0,19605.619334313134,207.1856539267507,207.18379322592696,1.4776355224641777e-05,53375.52166935816,1.4778332569920723e-05,207.1847234518421,7.389133099918005e-06,53358.780314928605,210.21685436695893,210.2139534834462,2.270467569032914e-05,56442.20953766283,1306.2153958913943,0.1435238191200045,207.1856539267507,207.1847234518421,1.4776355224641777e-05,53375.52166935816,5.8981850338080815,-0.018745217667227025,7.11837587745894e-05,-2994.668129514008,4200.0,0.0030512289680990645
12250.0,19444.581572852047,206.70259477972837,206.70084894333928,1.389657687652036e-05,53378.18868771855,1.389832993326662e-05,206.70172175141593,6.949135616041972e-06,53362.447256051506,209.73213635494503,209.72940960762455,2.1391050546849647e-05,56442.20953766283,1306.2153958913943,0.14378050205197546,206.70259477972837,206.70172175141593,1.389657687652036e-05,53378.18868771855,5.8981850338080815,-0.018838188940673458,7.108432809436843e-05,-2994.668129514008,4200.0,0.0030512289680990645
12300.0,19284.494843028322,206.21941786175054,206.21778034562846,1.306489819000729e-05,53380.847976537254,1.3066451389933798e-05,206.21859900635351,6.533199752752443e-06,53366.05161544099,209.24725908592708,209.2446968611306,2.014695067271415e-05,56442.20953766283,1306.2153958913943,0.14403649625800435,206.21941786175054,206.21859900635351,1.306489819000729e-05,53380.847976537254,5.8981850338080815,-0.0189306081767482,7.098524659543564e-05,-2994.668129514008,4200.0,0.0030512289680990645
12350.0,19125.35564331629,205.73612848581507,205.73459308432942,1.227894878002661e-05,53383.499408465985,1.2280324009696395e-05,205.7353606990912,6.1401390902901274e-06,53369.595978693884,208.76223012220657,208.75982328494666,1.896908395990808e-05,56442.20953766283,1306.2153958913943,0.14429190085127613,205.73612848581507,205.7353606990912,1.227894878002661e-05,53383.499408465985,5.8981850338080815,-0.019022488775471257,7.088651226103491e-05,-2994.668129514008,4200.0,0.0030512289680990645
12400.0,18967.16048227375,205.25273174031926,205.25129257092448,1.1536460070086577e-05,53386.14286604928,1.153767692307646e-05,205.2520120797214,5.768818234668375e-06,53373.08282431909,208.2770567183275,208.27479659158865,1.7854291767158104e-05,56442.20953766283,1306.2153958913943,0.14454681203364786,205.25273174031926,205.2520120797214,1.1536460070086577e-05,53386.14286604928,5.8981850338080815,-0.01911384390405799,7.078812309073704e-05,-2994.668129514008,4200.0,0.0030512289680990645
12450.0,18809.905878272755,204.76923249674184,204.7678839851092,1.0835261770255927e-05,53388.77824124907,1.0836337775744172e-05,204.7685581739684,5.418151045315083e-06,53376.5145273269,207.79174583062903,207.78962417536715,1.6799544805709396e-05,56442.20953766283,1306.2153958913943,0.1448013231475345,204.76923249674184,204.7685581739684,1.0835261770255927e-05,53388.77824124907,5.8981850338080815,-0.019204686495782653,7.069007710026945e-05,-2994.668129514008,4200.0,0.0030512289680990645
12500.0,18653.588359241156,204.28563541717304,204.28437228289212,1.0173278426978512e-05,53391.40543498746,1.0174229256811036e-05,204.28500379100453,5.0870988996214066e-06,53379.89336275219,207.30630412668538,207.3043131225241,1.5801939071668537e-05,56442.20953766283,1306.2153958913943,0.1450555247303745,204.28563541717304,204.28500379100453,1.0173278426978512e-05,53391.40543498746,5.8981850338080815,-0.01929502924939113,7.05923723213479e-05,-2994.668129514008,4200.0,0.0030512289680990645
12550.0,18498.204462414968,203.8019449616899,203.80076220452446,9.54852604667896e-06,53394.024356707254,9.549365702806568e-06,203.8013535311042,4.774668995295724e-06,53383.22150911073,206.8207379946204,206.81887022123064,1.4858691830520805e-05,56442.20953766283,1306.2153958913943,0.14530950457128816,203.8019449616899,203.8013535311042,9.54852604667896e-06,53394.024356707254,5.8981850338080815,-0.019384884629102553,7.04950068015103e-05,-2994.668129514008,4200.0,0.0030512289680990645
12600.0,18343.750734100944,203.3181653955714,203.3170582822546,8.959108794780624e-06,53396.634923949765,8.959849778807246e-06,203.31761179313006,4.479912691260363e-06,53386.501051784966,206.3350535522856,206.33330197143482,1.3967137658864358e-05,56442.20953766283,1306.2153958913943,0.14556334776966606,203.3181653955714,203.31761179313006,8.959108794780624e-06,53396.634923949765,5.8981850338080815,-0.019474264865115602,7.03979786039527e-05,-2994.668129514008,4200.0,0.0030512289680990645
12650.0,18190.223729449266,202.83430079635073,202.83326484790499,8.403215771452767e-06,53399.237061949374,8.403869237891701e-06,202.83378278184838,4.201923887680868e-06,53389.73398633761,205.84925665629132,205.8476145945483,1.3124724547868802e-05,56442.20953766283,1306.2153958913943,0.14581713679538202,202.83430079635073,202.83378278184838,8.403215771452767e-06,53399.237061949374,5.8981850338080815,-0.01956318195454996,7.030128580736735e-05,-2994.668129514008,4200.0,0.0030512289680990645
12700.0,18037.620012235875,202.35035506070147,202.349386040268,7.879117865113198e-06,53401.830703244435,7.879693759818787e-06,202.34987051507147,3.939837445578727e-06,53392.92222175137,205.3633529108824,205.36181404296272,1.2329010072452316e-05,56442.20953766283,1306.2153958913943,0.14607095155038535,202.35035506070147,202.34987051507147,7.879117865113198e-06,53401.830703244435,5.8981850338080815,-0.019651647662849835,7.020492650578287e-05,-2994.668129514008,4200.0,0.0030512289680990645
12750.0,17885.93615465419,201.86633191115686,201.8654258123194,7.385164684451053e-06,53404.415787304024,7.385671869570153e-06,201.86587883062452,3.692827646350792e-06,53396.06758359361,204.87734767664963,204.87590600938725,1.1577657629693722e-05,56442.20953766283,1306.2153958913943,0.14632486943134257,201.86633191115686,201.86587883062452,7.385164684451053e-06,53404.415787304024,5.8981850338080815,-0.019739673525592572,7.010889880840635e-05,-2994.668129514008,4200.0,0.0030512289680990645
12800.0,17735.16873711598,201.38223490265864,201.38138793824706,6.91978156948315e-06,53406.992260170024,6.920227936159645e-06,201.38181139313585,3.46010669139875e-06,53399.17181710482,204.39124607907104,204.3898959360006,1.0868432749543663e-05,56442.20953766283,1306.2153958913943,0.14657896539321774,201.38223490265864,201.38181139313585,6.91978156948315e-06,53406.992260170024,5.8981850338080815,-0.019827270850640143,7.001320083946753e-05,-2994.668129514008,4200.0,0.0030512289680990645
12850.0,17585.314348060907,200.89806742893649,200.8972760202955,6.481466681934189e-06,53409.56007411411,6.481859251893115e-06,200.89767170064903,3.2409232419625124e-06,53402.236590209555,203.905053016877,203.90378902341124,1.0199199480474341e-05,56442.20953766283,1306.2153958913943,0.14683331201347097,200.89806742893649,200.89767170064903,6.481466681934189e-06,53409.56007411411,5.8981850338080815,-0.019914450720614315,6.991783073806477e-05,-2994.668129514008,4200.0,0.0030512289680990645
12900.0,17436.36958377457,200.41383272871622,200.413093495424,6.0687881750163446e-06,53412.119187309196,6.069133192060811e-06,200.41346309105708,3.0345609991504574e-06,53405.263496450156,203.41877317023338,203.4175902394203,9.567916852308977e-06,56442.20953766283,1306.2153958913943,0.14708797955671035,200.41383272871622,200.41346309105708,6.0687881750163446e-06,53412.119187309196,5.8981850338080815,-0.02000122399569676,6.982278665801322e-05,-2994.668129514008,4200.0,0.0030512289680990645
12950.0,17288.331048214877,199.92953389175733,199.9288436417804,5.680381442495205e-06,53414.66956351481,5.680684454858043e-06,199.92918874835868,2.8403373240661067e-06,53408.254057842416,202.9324110087399,202.9313043275837,8.972635418102048e-06,56442.20953766283,1306.2153958913943,0.14734303603962715,199.92953389175733,199.92918874835868,5.680381442495205e-06,53414.66956351481,5.8981850338080815,-0.020087601316688394,6.972806676769467e-05,-2994.668129514008,4200.0,0.0030512289680990645
13000.0,17141.19535284607,199.44517386472023,199.44452958498937,5.314946446747959e-06,53417.21117177605,5.315212381160065e-06,199.44485170873654,2.6576018978458287e-06,53411.20972765332,202.44597079923872,202.44493581556955,8.411493876593635e-06,56442.20953766283,1306.2153958913943,0.14759854729597763,199.44517386472023,199.44485170873654,5.314946446747959e-06,53417.21117177605,5.8981850338080815,-0.02017359310832928,6.96336692499094e-05,-2994.668129514008,4200.0,0.0030512289680990645
13050.0,16994.959116480528,198.96075545686318,198.96015430425734,4.971245125361685e-06,53419.74398613548,4.9714783536217166e-06,198.96045486645863,2.48573542134425e-06,53414.13189310025,201.95945661343313,201.95848902330843,7.882715776438685e-06,56442.20953766283,1306.2153958913943,0.1478545770415975,198.96075545686318,198.96045486645863,4.971245125361685e-06,53419.74398613548,5.8981850338080815,-0.020259209582785234,6.953959230172981e-05,-2994.668129514008,4200.0,0.0030512289680990645
13100.0,16849.61896512785,198.47628134557124,198.47572063829466,4.648098875670502e-06,53422.26798535782,4.648303274432841e-06,198.47600097960455,2.324148354134248e-06,53417.02187797351,201.4728723353112,201.47196807093448,7.384606303114446e-06,56442.20953766283,1306.2153958913943,0.14811118693908826,198.47628134557124,198.47600097960455,4.648098875670502e-06,53422.26798535782,5.8981850338080815,-0.02034446074340326,6.944583413435586e-05,-2994.668129514008,4200.0,0.0030512289680990645
13150.0,16705.171531851058,197.99175408171726,197.99123129105678,4.344386116497405e-06,53424.78315266672,4.344565120930478e-06,197.99149267561663,2.1722796924232543e-06,53419.88094518033,200.9862216683764,200.98537688651663,6.915549149131647e-06,56442.20953766283,1306.2153958913943,0.1483684366622759,197.99175408171726,197.99149267561663,4.344386116497405e-06,53424.78315266672,5.8981850338080815,-0.020429356388579515,6.93523929729724e-05,-2994.668129514008,4200.0,0.0030512289680990645
13200.0,16561.61345662947,197.50717609485775,197.50668883730663,4.05903992624732e-06,53427.2894754933,4.059196578156035e-06,197.50693245667978,2.029595785431066e-06,53422.71029921344,200.4995081426817,200.49871921357868,6.474003467918971e-06,56442.20953766283,1306.2153958913943,0.14862638396011724,197.50717609485775,197.50693245667978,4.05903992624732e-06,53427.2894754933,5.8981850338080815,-0.02051390611580328,6.925926705660816e-05,-2994.668129514008,4200.0,0.0030512289680990645
13250.0,16418.941386228278,197.02254969826478,197.022095728,3.791045756388058e-06,53429.7869452361,3.7911827473404437e-06,197.0223227049302,1.8955891897217182e-06,53425.51108854274,200.01273512166946,200.01199861840885,6.05850091151761e-06,56442.20953766283,1306.2153958913943,0.14888508472011863,197.02254969826478,197.0223227049302,3.791045756388058e-06,53429.7869452361,5.8981850338080815,-0.020598119325835537,6.916645463799656e-05,-2994.668129514008,4200.0,0.0030512289680990645
13300.0,16277.151974074275,196.53787709379614,196.53745429549647,3.539439219260753e-06,53432.27555703194,3.53955892920936e-06,196.53766568749646,1.7697775609363599e-06,53428.28440793238,199.52590580881522,199.52521849715868,5.667642752004178e-06,56442.20953766283,1306.2153958913943,0.149144593031032,196.53787709379614,196.53766568749646,3.539439219260753e-06,53432.27555703194,5.8981850338080815,-0.0206820052269657,6.907395398343814e-05,-2994.668129514008,4200.0,0.0030512289680990645
13350.0,16136.241880137752,196.05316037660623,196.05276675859844,3.303303949074163e-06,53434.75530953734,3.303408480917789e-06,196.0529635613744,1.651702582332707e-06,53431.03130068297,199.03902325407762,199.0383820827329,5.300097086365236e-06,56442.20953766283,1306.2153958913943,0.14940496124483535,196.05316037660623,196.0529635613744,3.303303949074163e-06,53434.75530953734,5.8981850338080815,-0.020765572839402533,6.898176337266479e-05,-2994.668129514008,4200.0,0.0030512289680990645
13400.0,15996.207770820065,195.5684015397007,195.56803522742143,3.081769534862543e-06,53437.226204720035,3.08186074535262e-06,195.56821837814022,1.5409289295010646e-06,53433.752760801806,198.55209036015546,198.5514924514713,4.954596124365848e-06,56442.20953766283,1306.2153958913943,0.14966624003785947,195.5684015397007,195.56821837814022,3.081769534862543e-06,53437.226204720035,5.8981850338080815,-0.020848830999722432,6.888988109870566e-05,-2994.668129514008,4200.0,0.0030512289680990645
13450.0,15857.04631884695,195.08360247833622,195.08326170809792,2.8740095241188076e-06,53439.688247660364,2.8740890514767825e-06,195.08343208850232,1.4370432705945e-06,53436.44973509988,198.06510988855274,198.06455252962414,4.62993355879099e-06,56442.20953766283,1306.2153958913943,0.14992847847102939,195.08360247833622,195.08343208850232,2.8740095241188076e-06,53439.688247660364,5.8981850338080815,-0.020931788365368176,6.879830546775449e-05,-2994.668129514008,4200.0,0.0030512289680990645
13500.0,15718.75420316705,194.59876499426966,194.5984481073186,2.6792394957586297e-06,53442.141446361944,2.6793087843361184e-06,194.59860654669657,1.3396533013843638e-06,53439.123125218626,197.57808446545437,197.57756509962402,4.324962017291071e-06,56442.20953766283,1306.2153958913943,0.15019172404913592,194.59876499426966,194.59860654669657,2.6792394957586297e-06,53442.141446361944,5.8981850338080815,-0.021014453419215155,6.870703479903885e-05,-2994.668129514008,4200.0,0.0030512289680990645
13550.0,15581.32810885557,194.1138907998585,194.11359623671365,2.4967152010200532e-06,53444.58581157149,2.4967755233025058e-06,194.11374351472764,1.2483868144284983e-06,53441.77378958727,197.09101658741437,197.09053280615595,4.038590594929421e-06,56442.20953766283,1306.2153958913943,0.15045602277909959,194.1138907998585,194.11374351472764,2.4967152010200532e-06,53444.58581157149,5.8981850338080815,-0.021096834474171072,6.861606742469074e-05,-2994.668129514008,4200.0,0.0030512289680990645
13600.0,15444.764727023012,193.62898152201578,193.6287078170777,2.3257307708625117e-06,53447.021356607205,2.325783247087695e-06,193.6288446664589,1.1628908016199187e-06,53444.402545311306,196.603908626859,196.6034581620286,3.769782466410078e-06,56442.20953766283,1306.2153958913943,0.15072141922718246,193.62898152201578,193.6288446664589,2.3257307708625117e-06,53447.021356607205,5.8981850338080815,-0.021178939677759665,6.852540168961903e-05,-2994.668129514008,4200.0,0.0030512289680990645
13650.0,15309.060754728434,193.1440387060237,193.143784482442,2.1656169883934047e-06,53449.44809719562,2.165662604030562e-06,193.14391159155542,1.0828305893677835e-06,53447.01016999496,196.11676283740783,196.11634355385002,3.5175525768573396e-06,56442.20953766283,1306.2153958913943,0.15098795657506758,193.1440387060237,193.14391159155542,2.1656169883934047e-06,53449.44809719562,5.8981850338080815,-0.02126077701677218,6.843503595138311e-05,-2994.668129514008,4200.0,0.0030512289680990645
13700.0,15174.212894897382,192.65906381920732,192.65882778399688,2.015739624822289e-06,53451.86605131636,2.0157792461335247e-06,192.65894579928235,1.0078890056489873e-06,53449.59740349761,195.62958135901496,195.6291912475104,3.2809654099238493e-06,56442.20953766283,1306.2153958913943,0.15125567667482762,192.65906381920732,192.65894579928235,2.015739624822289e-06,53451.86605131636,5.8981850338080815,-0.021342354321892933,6.834496858006833e-05,-2994.668129514008,4200.0,0.0030512289680990645
13750.0,15040.21785624405,192.17405825447253,192.17383919386847,1.8754978374205563e-06,53454.27523905465,1.8755322253044245e-06,192.17394872216218,9.37765578158908e-07,53452.16494962627,195.14236622293495,195.14200339347605,3.0591328319212324e-06,56442.20953766283,1306.2153958913943,0.15152462010276926,192.17405825447253,192.17394872216218,1.8754978374205563e-06,53454.27523905465,5.8981850338080815,-0.02142367927226967,6.825519795816279e-05,-2994.668129514008,4200.0,0.0030512289680990645
13800.0,14907.072353197598,191.68902333371258,191.68882010875308,1.7443226279475637e-06,53456.67568246113,1.7443524502453711e-06,191.6889217194956,8.721757627824346e-07,53454.713477766265,194.65511935651463,194.65478203189758,2.851212010593679e-06,56442.20953766283,1306.2153958913943,0.15179482621199575,191.68902333371258,191.6889217194956,1.7443226279475637e-06,53456.67568246113,5.8981850338080815,-0.02150475940017336,6.816572248043573e-05,-2994.668129514008,4200.0,0.0030512289680990645
13850.0,14774.773105832466,191.20396031108385,191.2037718534127,1.6216753599924325e-06,53459.067405418784,1.6217012024194204e-06,191.20386608074668,8.10850201601025e-07,53457.24362444946,194.16784258781604,194.16752909753632,2.656403407092322e-06,56442.20953766283,1306.2153958913943,0.15206633318388088,191.20396031108385,191.20386608074668,1.6216753599924325e-06,53459.067405418784,5.8981850338080815,-0.021585602095500315,6.807654055381744e-05,-2994.668129514008,4200.0,0.0030512289680990645
13900.0,14643.316839802479,190.71887037615753,190.71869568403582,1.5070463336741338e-06,53461.45043351662,1.5070687095221766e-06,190.7187830287998,7.535340096496431e-07,53459.75599486492,193.6805376500735,193.68024642451275,2.4739488396542266e-06,56442.20953766283,1306.2153958913943,0.1523391780782472,190.71887037615753,190.7187830287998,1.5070463336741338e-06,53461.45043351662,5.8981850338080815,-0.021666214610357757,6.798765059728019e-05,-2994.668129514008,4200.0,0.0030512289680990645
13950.0,14512.700286278527,190.23375465694738,190.23359279146658,1.399953416139543e-06,53463.82479392983,1.3999727748824746e-06,190.2336737230878,6.999860896359178e-07,53462.25116430992,193.19320618598752,193.19293575088085,2.3031296174442787e-06,56442.20953766283,1306.2153958913943,0.1526133968823681,190.23375465694738,190.2336737230878,1.399953416139543e-06,53463.82479392983,5.8981850338080815,-0.02174660406353414,6.789905104172123e-05,-2994.668129514008,4200.0,0.0030512289680990645
14000.0,14382.92018188973,189.74861422281933,189.7484643043061,1.2999407263006996e-06,53466.19051530612,1.2999574612207916e-06,189.74853926259775,6.499784738360888e-07,53464.72967958569,192.70584975186085,192.7055987230325,2.143264742980815e-06,56442.20953766283,1306.2153958913943,0.15288902455872874,189.74861422281933,189.74853926259775,1.2999407263006996e-06,53466.19051530612,5.8981850338080815,-0.021826777444935795,6.781074032984662e-05,-2994.668129514008,4200.0,0.0030512289680990645
14050.0,14253.973268667936,189.2634500872852,189.26331129189015,1.206577372257469e-06,53468.54762765809,1.2065918271989356e-06,189.26338068875629,6.032956923847311e-07,53467.19206033758,192.21846982157905,192.21823689993596,1.9937091815349367e-06,56442.20953766283,1306.2153958913943,0.1531660950915428,189.2634500872852,189.26338068875629,1.206577372257469e-06,53468.54762765809,5.8981850338080815,-0.02190674162001767,6.772271691605689e-05,-2994.668129514008,4200.0,0.0030512289680990645
14100.0,14125.85629399526,188.77826321068358,188.77813476714584,1.1194562398597658e-06,53470.89616226111,1.1194687152047937e-06,188.77819898819902,5.597341671803495e-07,53469.63880034244,191.73106779044016,191.73085175721263,1.8538521958704725e-06,56442.20953766283,1306.2153958913943,0.15344464153208076,188.77826321068358,188.77819898819902,1.1194562398597658e-06,53470.89616226111,5.8981850338080815,-0.02198650333407808,6.76349792663336e-05,-2994.668129514008,4200.0,0.0030512289680990645
14150.0,13998.56601055483,188.29305450275234,188.2929356893318,1.0381928308750675e-06,53473.236151556805,1.0382035888275575e-06,188.2929950954265,5.191016306347203e-07,53472.07036874394,191.2436449788373,191.24344469105623,1.723115744673151e-06,56442.20953766283,1306.2153958913943,0.15372469604273323,188.29305450275234,188.2929950954265,1.0381928308750675e-06,53473.236151556805,5.8981850338080815,-0.02206606921657952,6.754752585812767e-05,-2994.668129514008,4200.0,0.0030512289680990645
14200.0,13872.09917628418,187.80782482509477,187.80771496666497,9.624241492404995e-07,53475.5676290616,9.624334184941438e-07,187.80776989535087,4.812165685015071e-07,53474.487211237596,190.75620263579754,190.75601702199864,1.6009529430062273e-06,56442.20953766283,1306.2153958913943,0.15400628993989277,187.80782482509477,187.80776989535087,9.624241492404995e-07,53475.5676290616,5.8981850338080815,-0.02214544578532102,6.746035518024877e-05,-2994.668129514008,4200.0,0.0030512289680990645
14250.0,13746.452554331583,187.32257499354353,187.32247345883744,8.918076338952249e-07,53477.8906292803,8.91815613754318e-07,187.32252422573623,4.4590768602804216e-07,53476.88975120708,190.2687419423819,190.26856999852663,1.486846583122617e-06,56442.20953766283,1306.2153958913943,0.15428945373562453,187.32257499354353,187.32252422573623,8.918076338952249e-07,53477.8906292803,5.8981850338080815,-0.02222463945060815,6.737346573275615e-05,-2994.668129514008,4200.0,0.0030512289680990645
14300.0,13621.622913014837,186.8373057804255,186.83721197942742,8.26020136707333e-07,53480.20518762433,8.260270007216628e-07,186.83725887953673,4.130133966839719e-07,53479.278390813626,189.78126401494927,189.78110480055372,1.3803077139617865e-06,56442.20953766283,1306.2153958913943,0.15457421717811895,186.8373057804255,186.83725887953673,8.26020136707333e-07,53480.20518762433,5.8981850338080815,-0.022303656519331125,6.728685602685071e-05,-2994.668129514008,4200.0,0.0030512289680990645
14350.0,13497.60702578263,186.35201791673003,186.35193129820706,7.64756944029629e-07,53482.51134033453,7.647628431980586e-07,186.35197460713445,3.8238133273072106e-07,53481.65351203915,189.29376990828914,189.2936225427513,1.2808742776617708e-06,56442.20953766283,1306.2153958913943,0.15486060929101408,186.35201791673003,186.35197460713445,7.64756944029629e-07,53482.51134033453,5.8981850338080815,-0.022382503198931626,6.720052458476821e-05,-2994.668129514008,4200.0,0.0030512289680990645
14400.0,13374.401671178199,185.86671209418478,185.86663214335093,7.077308404410582e-07,53484.809124408275,7.077359060328225e-07,185.86667211848174,3.538678769074454e-07,53484.01547768547,188.80626061862637,188.80612427774324,1.188109801422896e-06,56442.20953766283,1306.2153958913943,0.15514865841151462,185.86671209418478,185.86667211848174,7.077308404410582e-07,53484.809124408275,5.8981850338080815,-0.022461185601367097,6.7114469939674e-05,-2994.668129514008,4200.0,0.0030512289680990645
14450.0,13252.003632805354,185.38138896724138,185.38131520354855,6.546712132539585e-07,53487.0985775306,6.546755592911236e-07,185.38135208515016,3.2733771452087845e-07,53486.36463233039,188.31873708650178,188.31861099916804,1.1016021430694997e-06,56442.20953766283,1306.2153958913943,0.15543839222736933,185.38138896724138,185.38135208515016,6.546712132539585e-07,53487.0985775306,5.8981850338080815,-0.022539709746926713,6.702869063555882e-05,-2994.668129514008,4200.0,0.0030512289680990645
14500.0,13130.409699296479,184.89604915497455,184.89598113002398,6.05323196392251e-07,53489.37973800938,6.053269218323913e-07,184.8960151422899,3.0266340523951254e-07,53488.70130324275,187.83120019953333,187.83108364461305,1.020962288669073e-06,56442.20953766283,1306.2153958913943,0.1557298378127456,184.89604915497455,184.8960151422899,6.05323196392251e-07,53489.37973800938,5.8981850338080815,-0.022618081568015425,6.694318522713573e-05,-2994.668129514008,4200.0,0.0030512289680990645
14550.0,13009.616664282788,184.41069324289725,184.41063053846582,5.594468522718831e-07,53491.6526447141,5.594500429255217e-07,184.41066189050275,2.797249739055906e-07,53491.02580125738,187.34365079506034,187.34354309842405,9.458232005836909e-07,56442.20953766283,1306.2153958913943,0.15602302166297013,184.41069324289725,184.41066189050275,5.594468522718831e-07,53491.6526447141,5.8981850338080815,-0.02269630691284344,6.685795227973848e-05,-2994.668129514008,4200.0,0.0030512289680990645
14600.0,12889.621326366283,183.92532178469483,183.92526401087093,5.168163903417925e-07,53493.917337018225,5.168191205553813e-07,183.92529289763027,2.584095196922251e-07,53493.33842161074,186.85608966267552,186.85599019439513,8.758387143475185e-07,56442.20953766283,1306.2153958913943,0.15631796972820627,183.92532178469483,183.92529289763027,5.168163903417925e-07,53493.917337018225,5.8981850338080815,-0.022774391549016407,6.67729903692208e-05,-2994.668129514008,4200.0,0.0030512289680990645
14650.0,12770.42048909375,183.43993530388155,183.4398820973047,4.772194209716291e-07,53496.173854744986,4.772217551036437e-07,183.43990870046298,2.386108429472197e-07,53495.639444740475,186.36851754664806,186.3684257183421,8.106824827845207e-07,56442.20953766283,1306.2153958913943,0.15661470744604844,183.43993530388155,183.43990870046298,4.772194209716291e-07,53496.173854744986,5.8981850338080815,-0.02285234116706991,6.668829808185709e-05,-2994.668129514008,4200.0,0.0030512289680990645
14700.0,12652.010960932408,182.95453429538165,182.95448531758112,4.40456243401079e-07,53498.4222381163,4.404582371154417e-07,182.95450980637054,2.2022908907939124e-07,53497.92913704812,185.8809351482409,185.88085041056354,7.500469658035422e-07,56442.20953766283,1306.2153958913943,0.15691325977305323,182.95453429538165,182.95450980637054,4.40456243401079e-07,53498.4222381163,5.8981850338080815,-0.022930161383921448,6.66038740142441e-05,-2994.668129514008,4200.0,0.0030512289680990645
14750.0,12534.389555247259,182.46911922703796,182.46907416286547,4.0633916649478404e-07,53500.66252770479,4.063408678933177e-07,182.4690966948574,2.031704088581754e-07,53500.20775162732,185.39334312792772,185.3932649681938,6.936424643325893e-07,56442.20953766283,1306.2153958913943,0.1572136512153328,182.46911922703796,182.4690966948574,4.0633916649478404e-07,53500.66252770479,5.8981850338080815,-0.023007857746224415,6.651971677320382e-05,-2994.668129514008,4200.0,0.0030512289680990645
14800.0,12417.553090279991,181.98369054105086,181.98364909720254,3.7469186107657665e-07,53502.8947643887,3.746933116896569e-07,181.98366981904647,1.8734663451215488e-07,53502.475528958814,184.90574210750975,184.90567004745077,6.411961968801419e-07,56442.20953766283,1306.2153958913943,0.15751590585803377,181.98369054105086,181.98366981904647,3.7469186107657665e-07,53502.8947643887,5.8981850338080815,-0.023085435733639144,6.643582497568752e-05,-2994.668129514008,4200.0,0.0030512289680990645
14850.0,12301.498389129378,181.49824865535007,181.49821055897328,3.45348742646646e-07,53505.118989309514,3.45349978299091e-07,181.4982296070935,1.726749710272889e-07,53504.73269757338,184.41813267213976,184.41806626578312,5.924514172391957e-07,56442.20953766283,1306.2153958913943,0.1578200473939535,181.49824865535007,181.4982296070935,3.45348742646646e-07,53505.118989309514,5.8981850338080815,-0.023162900762046988,6.635219724868064e-05,-2994.668129514008,4200.0,0.0030512289680990645
14900.0,12186.222279733129,181.01279396490193,181.01275896228253,3.181543833155551e-07,53507.3352438323,3.181554348827683e-07,181.0127764635344,1.5907770206082567e-07,53506.979474683525,183.93051537225332,183.93045420392,5.471665718784289e-07,56442.20953766283,1306.2153958913943,0.15812609915113013,181.01279396490193,181.0127764635344,3.181543833155551e-07,53507.3352438323,5.8981850338080815,-0.023240258186658612,6.62688322291093e-05,-2994.668129514008,4200.0,0.0030512289680990645
14950.0,12071.7215948511,180.52732684295444,180.5272946982806,2.9296295181941545e-07,53509.5435695084,2.9296384588712283e-07,180.52731077056848,1.4648190990224381e-07,53509.216066785295,183.44289072541272,183.44283440782672,5.051144955946996e-07,56442.20953766283,1306.2153958913943,0.15843408411955914,180.52732684295444,180.52731077056848,2.9296295181941545e-07,53509.5435695084,5.8981850338080815,-0.023317513305059115,6.618572856374731e-05,-2994.668129514008,4200.0,0.0030512289680990645
15000.0,11957.993172049739,180.0418476422229,180.04181813642117,2.69637680510991e-07,53511.744008040616,2.6963843995039074e-07,180.04183288928053,1.348192089278729e-07,53511.44267023235,182.9552592180658,182.95520739057045,4.6608164403191195e-07,56442.20953766283,1306.2153958913943,0.1587440249769811,180.0418476422229,180.04183288928053,2.69637680510991e-07,53511.744008040616,5.8981850338080815,-0.02339467136015167,6.610288490912457e-05,-2994.668129514008,4200.0,0.0030512289680990645
