z,p,T_rho,T,qv,h,T_env,q_env,h_env,T_rho_u,T_u,qv_u,h_u,CAPE_u,B_u,T_rho_w,T_w,qv_w,h_w,CAPE_w,B_w,ent
50.0,100000.0,302.8262228260869,300.0,0.0155,66618.74505250002,299.9963394336978,0.015433165617956773,66446.31101452737,302.8262228260869,300.0,0.0155,66618.74505250002,2849.690926215627,0.0,302.8262228260869,300.0,0.0155,66618.74505250002,905.7088881945941,0.0,0.0
100.0,99437.29814783567,302.3403799236295,299.5186913822158,0.0155,66618.74505250002,299.5694889215432,0.015138326393134274,65757.70837699785,302.3403799236295,299.5186913822158,0.0155,66618.74505250002,2849.690926215627,0.0,302.3403799236295,299.5694889215432,0.0155,66618.74505250002,905.7088881945941,0.0,0.0
150.0,98876.8660278752,301.854537021172,299.0373827644316,0.0155,66618.74505250002,299.14175480869153,0.014847295372416025,65078.03318310258,301.854537021172,299.0373827644316,0.0155,66618.74505250002,2849.690926215627,0.0,301.854537021172,299.14175480869153,0.0155,66618.74505250002,905.7088881945941,0.0,0.0
200.0,98318.69811303161,301.3686941187146,298.5560741466474,0.0155,66618.74505250002,298.71314239521206,0.014560062313260099,64407.26143012638,301.3686941187146,298.5560741466474,0.0155,66618.74505250002,2849.690926215627,0.0,301.3686941187146,298.71314239521206,0.0155,66618.74505250002,905.7088881945941,0.0,0.0
250.0,97762.78888081323,300.88285121625717,298.0747655288632,0.0155,66618.74505250002,298.28365710142407,0.014276616287523919,63745.367500758126,300.88285121625717,298.0747655288632,0.0155,66618.74505250002,2849.690926215627,0.0,300.88285121625717,298.28365710142407,0.0155,66618.74505250002,905.7088881945941,0.0,0.0
300.0,97209.1328133278,300.39700831379974,297.59345691107904,0.0155,66618.74505250002,297.85330446621913,0.013996945684403728,63092.32417017844,300.39700831379974,297.59345691107904,0.0155,66618.74505250002,2849.690926215627,0.0,300.39700831379974,297.85330446621913,0.0155,66618.74505250002,905.7088881945941,0.0,0.0
350.0,96657.72439728609,299.91116541134227,297.11214829329487,0.0155,66618.74505250002,297.42209014529584,0.01372103821384554,62448.10261425594,299.91116541134227,297.11214829329487,0.0155,66618.74505250002,2849.690926215627,0.0,299.91116541134227,297.42209014529584,0.0155,66618.74505250002,905.7088881945941,0.0,0.0
400.0,96108.55812400479,299.4253225088848,296.63083967551063,0.0155,66618.74505250002,296.9900199093081,0.013448880910428198,61812.67241885313,299.4253225088848,296.63083967551063,0.0155,66618.74505250002,2849.690926215627,0.0,299.4253225088848,296.9900199093081,0.0155,66618.74505250002,905.7088881945941,0.0,0.0
450.0,95561.628489411,298.93947960642737,296.14953105772645,0.0155,66618.74505250002,296.55709964193,0.01318046013771816,61186.001590242595,298.93947960642737,296.14953105772645,0.0155,66618.74505250002,2849.690926215627,0.0,298.93947960642737,296.55709964193,0.0155,66618.74505250002,905.7088881945941,0.0,0.0
500.0,95016.92999404533,298.45363670396995,295.66822243994227,0.0155,66618.74505250002,296.1233353378359,0.01291576159309299,60568.05656662333,298.45363670396995,295.66822243994227,0.0155,66618.74505250002,2849.690926215627,0.0,298.45363670396995,296.1233353378359,0.0155,66618.74505250002,905.7088881945941,0.0,0.0
550.0,94474.45714306565,297.9677938015125,295.1869138221581,0.0155,66618.74505250002,295.6887331006,0.012654770313033607,59958.80223073979,297.9677938015125,295.1869138221581,0.0155,66618.74505250002,2849.690926215627,0.0,297.9677938015125,295.6887331006,0.0155,66618.74505250002,905.7088881945941,0.0,0.0
600.0,93934.20444625041,297.4819508990551,294.7056052043739,0.0155,66618.74505250002,295.2532991405157,0.012397470678880876,59358.20192359157,297.4819508990551,294.7056052043739,0.0155,66618.74505250002,2849.690926215627,0.0,297.4819508990551,295.2532991405157,0.0155,66618.74505250002,905.7088881945941,0.0,0.0
650.0,93396.16641800293,296.99610799659763,294.2242965865897,0.0155,66618.74505250002,294.8170397723367,0.012143846423053668,58766.217459227286,296.99610799659763,294.2242965865897,0.0155,66618.74505250002,2849.690926215627,0.0,296.99610799659763,294.8170397723367,0.0155,66618.74505250002,905.7088881945941,0.0,0.0
700.0,92860.33757735442,296.5102650941402,293.7429879688055,0.0155,66618.74505250002,294.37996141294235,0.0118938806357238,58182.80914061128,296.5102650941402,293.7429879688055,0.0155,66618.74505250002,2849.690926215627,0.0,296.5102650941402,294.37996141294235,0.0155,66618.74505250002,905.7088881945941,0.0,0.0
750.0,92326.71244796783,296.0244221916828,293.2616793510213,0.0155,66618.74505250002,293.9420705789284,0.011647555771943272,57607.935776552404,296.0244221916828,293.2616793510213,0.0155,66618.74505250002,2849.690926215627,0.0,296.0244221916828,293.9420705789284,0.0155,66618.74505250002,905.7088881945941,0.0,0.0
800.0,91795.28555814165,295.53857928922537,292.78037073323713,0.0155,66618.74505250002,293.50337388412674,0.011404853659218112,57041.554699681496,295.53857928922537,292.78037073323713,0.0155,66618.74505250002,2849.690926215627,0.0,295.53857928922537,293.50337388412674,0.0155,66618.74505250002,905.7088881945941,0.0,0.0
850.0,91266.05144081358,295.2267208742299,292.48428040745785,0.015426991207678502,66618.74505250002,293.2176576167518,0.011273273522091922,56910.52937135499,295.2267208742299,292.48428040745785,0.015426991207678502,66618.74505250002,2849.690926215627,0.0,295.2267208742299,293.2176576167518,0.015426991207678502,66618.74505250002,905.7088881945941,0.0,0.0004716666666666667
900.0,90739.314337383,294.92120386071207,292.2120255503475,0.015254081362616601,66389.79296601968,292.93731178216433,0.011142686319031191,56787.52209872088,294.9983083910867,292.2773634898596,0.015316908556499732,66618.74505250002,2849.690926215627,0.002564737404681354,294.9836086479142,292.93731178216433,0.015304915968723215,66575.05808193487,905.7088881945941,0.00207577805338809,0.00047
950.0,90215.07632673043,294.61376252028265,291.93786259267597,0.015080856135365387,66164.9238429289,292.6550382028685,0.011011940679192455,56662.22210740328,294.76867059926934,292.0692988835985,0.015206292429679125,66618.74505250002,2849.690926215627,0.005158103416010115,294.73877852440086,292.6550382028685,0.01518202732866374,66531.0141700104,905.7088881945941,0.004162762085207045,0.00046833333333333335
1000.0,89693.32472573686,294.306594201798,291.66365282103567,0.01490911186671859,65943.93643344473,292.3727796443635,0.010882393903345298,56540.019436607196,294.53863227432504,291.8607836013437,0.015095824568726072,66618.74505250002,2849.690926215627,0.00773442911689997,294.49331532857235,292.3727796443635,0.015059223802332102,66486.60460572867,905.7088881945941,0.006223898104030274,0.00046666666666666666
1050.0,89174.05079949267,293.9997225178626,291.38941810114494,0.014738861412481692,65726.76406873566,292.09055877294577,0.01075405398290888,56420.95632740941,294.30820503244075,291.6518266089478,0.014985519270288546,66618.74505250002,2849.690926215627,0.010293252803419703,294.24723804129184,292.09055877294577,0.014936529143912247,66441.84497246763,905.7088881945941,0.008258944137925873,0.000465
1100.0,88657.24587091616,293.6931318162192,291.1151469403464,0.01457008601671447,65513.344713157814,291.8083634594005,0.010626905046933872,56304.97962518524,294.07738525641,291.44242395872163,0.014875378449685084,66618.74505250002,2849.690926215627,0.012834914541450282,294.00054576097085,291.8083634594005,0.014813950910538661,66396.75097356486,905.7088881945941,0.01026830549071501,0.00046333333333333334
1150.0,88142.90125135382,293.38680615937767,290.8408275255655,0.014402767041953212,65303.618458181445,291.52618125403404,0.01050093135159621,56192.03619105462,293.8461689932401,291.23257140672996,0.014765403814910377,66618.74505250002,2849.690926215627,0.015359754786459014,293.75323708222146,291.52618125403404,0.01469149628752368,66351.33800249716,905.7088881945941,0.012252382444031326,0.0004616666666666667
1200.0,87631.00824067721,293.0807299973813,290.56644829779293,0.01423688649778138,65097.527339732645,291.2439999853507,0.010376117677842028,56082.07450995984,293.6145522312771,291.0222646476084,0.014655597092744284,66618.74505250002,2849.690926215627,0.017868101101579676,293.50531045577935,291.2439999853507,0.014569172382465042,66305.62114434567,905.7088881945941,0.014211559719133118,0.00046
1250.0,87121.55812855334,292.77488814758766,290.29199793806976,0.014072427010682656,64895.015209691446,290.9618077448884,0.010252449306983923,55975.044612956146,293.3825309047712,290.8114993183108,0.014545960033194954,66618.74505250002,2849.690926215627,0.020360268893573116,293.25676419673,290.9618077448884,0.014446986233653614,66259.61518449093,905.7088881945941,0.01614620731988212,0.0004583333333333333
1300.0,86614.54219565836,292.46926576476847,290.0174653449677,0.013909371787366995,64696.027619356166,290.6795928632383,0.010129911991489502,55870.897978513814,293.150100893355,290.6002709975363,0.014436494409844725,66618.74505250002,2849.690926215627,0.0228365623101255,293.0075964860873,290.6795928632383,0.014324944813090518,66213.33461691902,905.7088881945941,0.018056681485245328,0.0004566666666666667
1350.0,86109.95171481984,292.1638483135705,289.742839613834,0.013747704581102914,64500.51171297041,290.3973438879497,0.010008491928148882,55769.58744178309,292.91725802141036,290.38857520505906,0.014327202020125327,66618.74505250002,2849.690926215627,0.025297275061822815,292.7578053720992,290.3973438879497,0.014203055029267617,66166.7936520462,905.7088881945941,0.01994332556132312,0.000455
1400.0,85607.77795209209,291.8586215432972,289.4681100177871,0.013587409660905983,64308.41613026802,290.1150495633039,0.009888175733497288,55671.067111486656,292.68399805741984,290.1764074010411,0.014218084685599123,66618.74505250002,2849.690926215627,0.027742691172622767,292.50738877140935,290.1150495633039,0.014081323729816766,66120.00622410001,905.7088881945941,0.02180647079783464,0.0004533333333333333
1450.0,85108.0121677714,291.55357146477724,289.19326599029046,0.013428471783297962,64119.69091712559,289.83269881177114,0.009768950421268123,55575.29229368067,292.4503167133035,289.9637629853304,0.014109144252246526,66618.74505250002,2849.690926215627,0.030173085666026132,292.2563444700912,289.83269881177114,0.013959757704041995,66072.98599809325,905.7088881945941,0.023646437076704094,0.0004516666666666667
1500.0,84610.64561735457,291.2486843291134,288.91829710914504,0.013270876166381692,63934.28744351793,289.5502807169805,0.00965080338167395,55482.21942169699,292.21620964374114,289.7506372967435,0.014000382590759045,66618.74505250002,2849.690926215627,0.032588725193252926,292.00467012456096,289.5691569198504,0.013838363685342343,66025.7463764234,905.7088881945941,0.025463533579296826,0.00045000000000000004
1550.0,84115.6695524466,290.9439466081275,288.6431930817636,0.01311460846600537,63752.158328063415,289.267784508057,0.00953372236233847,55391.80599166901,291.98167244548137,289.5370256123345,0.01389180159683865,66618.74505250002,2849.690926215627,0.0349898686091353,291.75236326238047,289.34009335203086,0.013717148353535233,65978.30050512713,905.7088881945941,0.027258059398305882,0.0004483333333333333
1600.0,83623.07522162014,290.63934497633835,288.3679437316024,0.012959654753815742,63573.257368526305,288.9851995451931,0.009417695450721186,55304.0105031048,291.7467006566377,289.32292314665017,0.013783403191502836,66618.74505250002,2849.690926215627,0.03737676750070096,291.49942128295845,289.1103341006192,0.01359611833708796,65930.66127981657,905.7088881945941,0.029030304099502077,0.00044666666666666666
1650.0,83132.85387123158,290.3348662943284,288.0925389856408,0.012806001497021227,63397.53947771288,288.70251530633806,0.009302711057892455,55218.79240402629,291.5112897559714,289.10832505097136,0.013675189321394996,66618.74505250002,2849.690926215627,0.03974966667289153,291.24584145815743,288.87987523857504,0.013475280215264094,65882.84135132137,905.7088881945941,0.030780548238058997,0.00044500000000000003
1700.0,82644.9967461963,290.0304975933693,287.81696886281213,0.012653635539705938,63224.960624259526,288.41972137490177,0.00918875790353565,55136.112040258,291.27543516216235,288.8932264125418,0.013567161959100543,66618.74505250002,2849.690926215627,0.04210880459537879,290.9916209328119,288.6487127240477,0.013354640520191611,65834.85313105855,905.7088881945941,0.032509063833523984,0.00044333333333333334
1750.0,82159.4950907258,289.7262260611922,287.5412234632988,0.012502544085552018,63055.477777864675,288.13680742837914,0.009075825002061763,55055.93060847733,291.0391322330677,288.67762225378397,0.013459323103468075,66618.74505250002,2849.690926215627,0.04445441381401884,290.73675672516674,288.41684240042053,0.013234205738858109,65786.70879614995,905.7088881945941,0.034216114807281164,0.00044166666666666665
1800.0,81676.34014903054,289.42203902879794,287.26529295861303,0.012352714681843,62889.048858563605,287.8537632278131,0.00896390164973752,54978.21011269267,290.80237626496796,288.4615075315026,0.013351674779935829,66618.74505250002,2849.690926215627,0.046786721330093824,290.4812457272393,288.18425999629557,0.013113982315038665,65738.42029430543,905.7088881945941,0.03590195738575326,0.00044
1850.0,81195.52316598978,289.11792395821936,286.9891675823961,0.012204135204634618,62725.63268968696,287.5705786080231,0.008852977412737138,54902.91332384628,290.56516249180305,288.2448771360765,0.013244219040863012,66618.74505250002,2849.690926215627,0.04910594895011642,290.22508470511144,287.95096112542006,0.0129939766511608,65689.99934848817,905.7088881945941,0.03756684047226642,0.0004383333333333334
1900.0,80717.03538779131,288.8138684311487,286.712837621872,0.012056793844989167,62565.18895418056,287.2872434685316,0.008743042116035826,54830.00374226557,290.32748608439533,288.0277258906384,0.013136957965866362,66618.74505250002,2849.690926215627,0.05141231360878784,289.96827029915727,287.71694128656145,0.01287419511011127,65641.45746137729,905.7088881945941,0.03921100599039873,0.00043666666666666664
1950.0,80240.86806254319,288.5098601383591,286.4362934099017,0.01191067909618298,62407.67815399661,287.0037477651286,0.008634085833072546,54759.445562717665,290.08934214966376,287.81004855024355,0.013029893662161068,66618.74505250002,2849.690926215627,0.05370602766736646,289.71079902420837,287.4821958633326,0.012754644016987806,65592.80591964128,905.7088881945941,0.04083468920102583,0.000435
2000.0,79767.01244085867,288.20588686985303,286.1595253175863,0.011765779741802028,62253.0615722952,286.72008150202396,0.008526098876117738,54691.20364185273,289.85072572982523,287.5918398010272,0.012923028264906721,66618.74505250002,2849.690926215627,0.05598729918939452,289.4526672696657,287.2467201239725,0.012635329660800262,65544.05579803513,905.7088881945941,0.04243811899541652,0.00043333333333333337
2050.0,79295.45977641703,287.90193650567835,285.8825237473763,0.011622084844652396,62101.30123822085,286.4362347245355,0.008419071787284921,54625.24346782843,289.611631801587,287.37309425935143,0.012816363937557437,66618.74505250002,2849.690926215627,0.05825633219571328,289.1938712995567,287.0105092210849,0.012516258296123925,65495.21796333231,905.7088881945941,0.044021518166122334,0.0004316666666666667
2100.0,78826.20132650137,287.5979970073568,285.6052791266447,0.01147958373641614,61952.35989404136,286.15219751227363,0.008312995330134243,54561.53113194319,289.37205527532893,287.1538064709415,0.012709902872216823,66618.74505250002,2849.690926215627,0.06051332690040028,288.9344072525452,286.77355819133777,0.012397436144707518,65446.303078102545,905.7088881945941,0.045585103657599116,0.00043
2150.0,78359.22835251495,287.2940564098784,285.32778190168926,0.011338266007992624,61806.20096445672,285.8679599727803,0.00820786048181831,54500.03330210949,289.1319909942751,286.933970910012,0.01260364728999681,66618.74505250002,2849.690926215627,0.06275847992903898,288.6742711418958,286.53586195512804,0.012278869397039371,65397.32160434483,905.7088881945941,0.04712908679800034,0.00042833333333333335
2200.0,77894.53212047686,286.99010281421675,285.05002253213024,0.01119812150046866,61662.788527903904,285.5835122355902,0.008103658425727892,54440.71719802699,288.8914337336567,286.7135819783836,0.012497599441381122,66618.74505250002,2849.690926215627,0.0649919845207354,288.4134588553973,286.2974153162127,0.012160564213873475,65348.283806984764,905.7088881945941,0.04865367351368355,0.0004266666666666667
2250.0,77432.10390149956,286.6861243803259,284.77199148567433,0.011059140296667132,61522.08728969954,285.2988444466808,0.008000380544595979,54383.55056791555,288.6503781998654,286.4926340045896,0.01239176160659235,66618.74505250002,2849.690926215627,0.06721403071506495,288.15196615524684,286.0582129613103,0.012042526727717696,65299.19975724445,905.7088881945941,0.0501590645276489,0.000425
2300.0,76971.93497224835,286.38210932058325,284.4936792332186,0.010921312713228439,61384.06255687709,285.0139467632831,0.00789801841402514,54328.50166669123,288.40881902959774,286.2711212429741,0.012286136095963093,66618.74505250002,2849.690926215627,0.06942480552503945,287.8897886778995,285.8182494596749,0.011924763044286659,65250.07933589247,905.7088881945941,0.05164545554315942,0.00042333333333333334
2350.0,76514.01661538356,286.0780458936462,284.2150762442697,0.010784629293182454,61248.68021458796,284.72880934902787,0.007796563796404491,54275.539235473276,288.16675078899135,286.0490378727812,0.012180725250311218,66618.74505250002,2849.690926215627,0.0716244930970805,287.6269219338847,285.57751926264547,0.01180727924391993,65200.932236381064,905.7088881945941,0.05311303741353304,0.0004216666666666667
2400.0,76058.3401199883,285.773922398693,283.93617298265775,0.010649080798972923,61115.90670394787,284.4434223694037,0.007696008635186688,54224.63248232352,287.9241679727524,285.8263779972352,0.012075531441317972,66618.74505250002,2849.690926215627,0.07381327485890701,287.36336130759315,285.3360167031723,0.011690081382968195,65151.76796787698,905.7088881945941,0.054561996299147895,0.00042
2450.0,75604.89678198041,285.46972717002177,283.65695990252374,0.01051465820589956,60985.70900122016,284.15777598750634,0.007596345049496824,54175.751064125274,287.6810650032754,285.60313564261423,0.011970557071910517,66618.74505250002,2849.690926215627,0.07599132965611495,287.0991020570374,285.09373599532455,0.011573175495148387,65102.59585819199,905.7088881945941,0.055992513812517984,0.00041833333333333333
2500.0,75153.67790451106,285.1654485719826,283.37742744456466,0.010381352695945659,60858.05459823729,283.87186036005875,0.007497565329048345,54128.86506951825,287.43743622975586,285.37930475731457,0.011865804576646974,66618.74505250002,2849.690926215627,0.07815883387825481,286.83413931358723,284.85067123377956,0.01145656759286872,65053.42505661869,905.7088881945941,0.05740476715224912,0.0004166666666666667
2550.0,74704.67479834947,284.86107499422326,283.09756603251907,0.010249155651962308,60732.91148397018,283.5856656336881,0.0073996619293435996,54083.94500281798,287.1932759272952,285.1548792109091,0.011761276422105196,66618.74505250002,2849.690926215627,0.08031596157495231,286.56846808168336,284.6068163932969,0.011340263668525172,65004.26453667674,905.7088881945941,0.05879892922654769,0.000415
2600.0,74257.87878225661,284.55659484722577,282.8173660698792,0.010118058652181832,60610.248127162915,283.29918194144,0.007302627467136312,54040.96176884234,286.9485782959993,284.92985279319845,0.011656975107274089,66618.74505250002,2849.690926215627,0.08246288456279383,286.3020832385328,284.36216532818037,0.011224269695770304,64955.12309877438,905.7088881945941,0.06017516876709664,0.0004133333333333333
2650.0,73813.28118334567,284.25199655811866,282.53681793681653,0.009988053465036506,60490.03345995712,283.0123993995192,0.007206454716138188,53999.88665858915,286.70333746007094,284.7042192132562,0.011552903163948108,66618.74505250002,2849.690926215627,0.08459977252344479,286.0349795337869,284.1167117717291,0.01110859163075529,64906.00937278968,905.7088881945941,0.06153365043375909,0.0004116666666666667
2700.0,73370.87333743265,283.94726856674674,282.25591198730933,0.009859132044259191,60372.23686243677,282.7253081042429,0.007111136602950897,53960.691335702635,286.4575474668961,284.47797209846806,0.01144906315712418,66618.74505250002,2849.690926215627,0.086726793093543,285.7671515892045,283.8704493356803,0.01099323541334522,64856.93182057578,905.7088881945941,0.06287453491074504,0.00041
2750.0,72930.64658937597,283.6423993219859,281.97463854646185,0.009731286524245533,60256.8281480298,282.43789812919545,0.007016666203207202,53923.34782367667,286.2112022861249,284.2511049935662,0.011345457685400868,66618.74505250002,2849.690926215627,0.08884411194673586,285.49859389830493,283.62337150964674,0.010878206968309637,64807.89873839385,905.7088881945941,0.0641979789947365,0.00040833333333333336
2800.0,72492.59229340618,283.33737727828765,281.692987908005,0.009604509215658289,60143.77754970826,282.1501595225746,0.00692303673790648,53887.82849374675,285.964295808748,284.0236113596585,0.011242089381379963,66618.74505250002,2849.690926215627,0.09095189286835619,285.22930082600993,283.37547166055043,0.010763512206487361,64758.91825927763,905.7088881945941,0.06550413567542356,0.00040666666666666667
2850.0,72056.7018134467,283.0321908924419,281.4109503319712,0.009478792601255451,60033.05570693308,281.8620823047188,0.006830241569929217,53854.10605342135,285.7168218461691,283.7954845732546,0.011138960912070105,66618.74505250002,2849.690926215627,0.09305029782309186,284.9592666082806,283.1267430320555,0.010649157025926947,64709.99835533274,905.7088881945941,0.06679315420895528,0.00040500000000000003
2900.0,71622.96652342545,282.72682862054864,281.1285160425346,0.009354129331926662,59924.633653294295,281.57365646580945,0.006738274200719612,53822.15353561839,285.4687741292724,283.56671792528726,0.011036074979291469,66618.74505250002,2849.690926215627,0.09513948701585993,284.68848535174817,282.8771787440025,0.010535147313002731,64661.14683997414,905.7088881945941,0.06806518018456173,0.00040333333333333334
2950.0,71191.37780757801,282.42127891518743,280.84567522601174,0.009230512222921936,59818.48280480105,281.2848719637399,0.0066471282671229474,53791.94428836489,285.2201463074885,283.3373046201324,0.010933434320082865,66618.74505250002,2849.690926215627,0.09721961894634365,284.4169510333441,282.6267717918461,0.010421488943506621,64612.37137010454,905.7088881945941,0.06932035558480788,0.00040166666666666665
3000.0,70761.92706074334,282.115530222776,280.5624180290145,0.009107934250258392,59714.574948779664,280.9957187221431,0.006556797538366295,53763.45196502253,284.97093194785714,283.10723777462596,0.010831041707108979,66618.74505250002,2849.690926215627,0.09929085045735156,284.14465749993093,282.3755150461002,0.01030818778371592,64563.67944823671,905.7088881945941,0.07055881883982483,0.0004
3050.0,70334.6056886516,281.80957098111094,280.27873455675274,0.008986388547292726,59612.882233340766,280.7061866285758,0.006467275913173574,53736.65051501349,284.7211245340884,282.87651041708045,0.010728899949069445,66618.74505250002,2849.690926215627,0.10135333677727863,283.8715984679359,282.12340125179065,0.010195249691436746,64515.07842456225,905.7088881945941,0.07178070487573533,0.00039833333333333333
3100.0,69909.40510820478,281.503389617083,279.9946148714793,0.008865868401445775,59513.377157380106,280.4162655328496,0.0063785574170040354,53711.51417501045,284.47071746562233,282.6451154863002,0.01062701189110765,66618.74505250002,2849.690926215627,0.10340723155684721,283.5977675229908,281.87042302792094,0.0100826805170238,64466.57549896928,905.7088881945941,0.07298614515762487,0.0003966666666666667
3150.0,69486.31674775122,281.1969745445608,279.7100489910763,0.008746367251069156,59416.03256107978,280.12594524550934,0.006290636199406023,53688.01746056845,284.2197040566894,282.4130458305974,0.010525380415220125,66618.74505250002,2849.690926215627,0.10545268690037926,283.32315811958074,281.6165728669514,0.009970486104375412,64418.17772301147,905.7088881945941,0.07417526772728535,0.000395
3200.0,69065.33204735299,280.89031416243796,279.4250268877766,0.008627878682442096,59320.8216168795,279.8352155364505,0.006203506531476995,53666.135158169156,283.96807753537075,282.18029420680955,0.010424008440666009,66618.74505250002,2849.690926215627,0.10748985339170603,283.04776358070393,281.3618431342957,0.00985867229190404,64369.89200183047,905.7088881945941,0.07534819723598497,0.0003933333333333333
3250.0,68646.44245904798,280.5833968528382,279.1395384870202,0.008510396426889243,59227.71782088955,279.54406613367644,0.006117162803423056,53645.842317659975,283.71583104265994,281.94685327931865,0.010322898924375653,66618.74505250002,2849.690926215627,0.10951888011487906,282.7715770975464,281.106226067838,0.009747244913482217,64321.725096033995,905.7088881945941,0.07650505497246655,0.0003916666666666667
3300.0,68229.63944710563,280.2762109794747,278.8535736664411,0.008393914358009619,59136.69498471945,279.25248672218913,0.006031599522209135,53627.11424505962,283.46295763152733,281.71271561907395,0.0102220548613585,66618.74505250002,2849.690926215627,0.11153991466983927,282.4945917291733,280.8497137774722,0.009636209799362618,64273.68362353131,905.7088881945941,0.07764595888638254,0.00039000000000000005
3350.0,67814.91448827808,279.9687448861599,278.567122254984,0.008278426489008056,59047.727227697804,278.9604669430135,0.005946811309294263,53609.92649571586,283.2094502659879,281.4778737026189,0.010121479285109704,66618.74505250002,2849.690926215627,0.11355310318314131,282.2168004022407,280.5922982446681,0.009525572777072765,64225.774061328186,905.7088881945941,0.07877102360736701,0.0003883333333333333
3400.0,67402.25907204543,279.66098689546345,278.2801740321493,0.008163926970120965,58960.78896946116,278.66799639235364,0.0058627928984452135,53594.254867796786,282.955301820173,281.2423199111233,0.010021175268014756,66618.74505250002,2849.690926215627,0.11555859031378216,281.93819591073105,280.3339713220667,0.009415339672282917,64178.00274728293,905.7088881945941,0.07988036045987919,0.00038666666666666667
3450.0,66991.66470085662,279.35292530751343,277.99271872736455,0.008050410086128201,58875.85492289079,278.37506462087725,0.005779539133621666,53580.07539609428,282.70050507740785,281.006046529422,0.009921145921752495,66618.74505250002,2849.690926215627,0.11755651925432349,281.6587709157151,280.07472473310827,0.009305516309647377,64130.375881825246,905.7088881945941,0.08097407747406825,0.00038500000000000003
3500.0,66583.12289036575,279.0445483989425,277.70474601948274,0.007937870253944225,58792.90008737815,278.08166113313007,0.005697044966928325,53567.364346130096,282.44505272929524,280.76904574506176,0.00982139439769456,66618.74505250002,2849.690926215627,0.11954703172723585,281.3785179451431,279.81455007169603,0.00919610851361724,64082.89952963946,905.7088881945941,0.08205227939265694,0.00038333333333333334
3550.0,66176.62516966439,278.7358444219738,277.4162455364066,0.007826302020280911,58711.899742400994,277.7877753870785,0.005615305456627788,53556.09820854677,282.18893737480795,280.5313096473566,0.009721923887302416,66618.74505250002,2849.690926215627,0.12153026797665939,281.09742939367027,279.5534388019006,0.00908712210922524,64035.579621313664,905.7088881945941,0.08311506767414485,0.00038166666666666666
3600.0,65772.16308150928,278.4268016036473,277.1272068548392,0.0077157000593761245,58632.8294413934,277.4933967937793,0.005534315765209105,53546.25369376938,281.93215151938944,280.29283022645427,0.009622737622520285,66618.74505250002,2849.690926215627,0.12350636675553477,280.81549752251897,279.2913822577067,0.00897856292284037,63988.42195495621,905.7088881945941,0.08416254049238167,0.00038
3650.0,65369.72818254665,278.1174081451851,276.83761950016014,0.0076060591707809025,58555.66500589418,277.19851471717834,0.00545407115750779,53537.80772692962,281.67468757406476,280.05359937241394,0.009523838876163556,66618.74505250002,2849.690926215627,0.12547546530813478,280.53271445938054,279.02837164280794,0.008870436782892354,63941.43219778087,905.7088881945941,0.08519479273260136,0.0003783333333333334
3700.0,64969.312043533224,277.8076522214966,276.5474729464308,0.007497374277200282,58480.38251995922,276.90311847403814,0.005374566998872169,53530.7374430386,281.4165378545645,279.81360887429827,0.009425230962302666,66618.74505250002,2849.690926215627,0.12743769934807037,280.24907219836354,278.76439803045264,0.00876274952056408,63894.61588766204,905.7088881945941,0.08621191598411777,0.00037666666666666664
3750.0,64570.906249553496,277.49752198081984,276.25675661652576,0.007389640422380894,58406.95832482419,276.60719733399304,0.005295798753371298,53525.020182395274,281.15769458046066,279.5728504192795,0.00932691723664098,66618.74505250002,2849.690926215627,0.12939320303176688,279.96456259998786,278.499452363345,0.008655506970451492,63847.978434661236,905.7088881945941,0.08721399852972751,0.000375
3800.0,64174.50240023403,277.18700554450453,275.96545988239524,0.007282852769041056,58335.36901380523,276.31074051973707,0.00521776198204165,53520.63348622847,280.89814987431856,279.3313155917635,0.009228901096886863,66618.74505250002,2849.690926215627,0.1313421089273622,279.6791773912337,278.23352545360603,0.00854871497118913,63801.525122526036,905.7088881945941,0.08820112533192907,0.0003733333333333334
3850.0,63780.09210995523,276.8760910069319,275.6735720654574,0.007177006596837027,58265.59142742576,276.01373720734125,0.005140452341166897,53517.55509255494,280.63789576086464,279.08899587253114,0.009131185983118207,66618.74505250002,2849.690926215627,0.13328454797910338,279.3929081656458,277.9666079827991,0.00844237936604041,63755.2611101627,905.7088881945941,0.08917337801610682,0.00037166666666666663
3900.0,63387.66700805991,276.56476643557653,275.38108243712423,0.007072097300361431,58197.60264875862,275.71617652670517,0.005063865580588256,53515.762932251564,280.37692416617296,278.84588263790147,0.009033775378139704,66618.74505250002,2849.690926215627,0.1352206494671559,279.1057463834995,277.6986905020237,0.008336506003450813,63709.19143308346,905.7088881945941,0.0901308348506883,0.00037
3950.0,62997.21873906009,276.2530198712086,275.08798021946154,0.006968120387168105,58131.37999897339,275.41804756214367,0.004987997542041275,53515.23512533258,280.1152269168717,278.6019671589163,0.0089366728078314,66618.74505250002,2849.690926215627,0.13715054096284096,278.8176833720328,277.42976343208386,0.008231100737562919,63663.32100482972,905.7088881945941,0.09107357072445606,0.00036833333333333336
4000.0,62608.73896284088,275.94083932823867,274.7942545859862,0.006865071475819485,58066.90103307932,275.11933935310964,0.004912844157515386,53515.949977423086,279.85279573937237,278.35724060055014,0.008839881841488016,66618.74505250002,2849.690926215627,0.13907434827931373,278.52871032574825,277.1598170637345,0.008126169428691108,63617.654618371984,905.7088881945941,0.09200165712104148,0.00036666666666666667
4050.0,62222.2193548626,275.62821279520716,274.4998946626027,0.006762946293951529,58004.1435358551,274.82004089505654,0.0048384014476331155,53517.88597642488,279.5896222591218,278.1116940209461,0.008743406092147844,66618.74505250002,2849.690926215627,0.14099219541751715,278.23881830679164,276.88884155801253,0.008021717943754905,63572.19694748771,905.7088881945941,0.09291516209072588,0.000365
4100.0,61837.65160636136,275.31512823541993,274.2048895286818,0.0066617406763522105,57943.08551795727,274.520141140443,0.0047646655200458115,53521.02178936893,279.3256979998819,277.8653183706815,0.00864724921691057,66618.74505250002,2849.690926215627,0.14290420450753302,277.9479982454099,276.6168269466566,0.007917752156668293,63526.95254811793,905.7088881945941,0.09381415021958367,0.00036333333333333335
4150.0,61455.02742454734,275.00157358773146,273.90922821828383,0.006561450563048963,57883.70521219938,274.21962899988034,0.0046916325678421555,53525.336259445954,279.06101438303733,277.61810449206473,0.008551414917243299,66618.74505250002,2849.690926215627,0.14481049574520416,277.65624094049593,276.34376313262277,0.007814277948684153,63481.92585970356,905.7088881945941,0.09469868259612511,0.0003616666666666667
4200.0,61074.338532802096,274.68753676747923,273.61289972153025,0.006462071997401681,57825.98106999495,273.9184933434291,0.0046192988679674,53530.808403215924,278.79556272693344,277.3700431184659,0.008455906939272987,66618.74505250002,2849.690926215627,0.14671118732394184,277.3635370602249,276.0696398907004,0.007711301208690976,63437.1212065024,905.7088881945941,0.095568816775466,0.00035999999999999997
4250.0,60695.57667087404,274.3730056675704,273.3158929861257,0.00636360112419656,57769.89175795734,273.616723002044,0.004547660779649449,53537.41740798646,278.52933424624894,277.1211248736846,0.008360729074065178,66618.74505250002,2849.690926215627,0.14860639536178588,277.06987714278745,275.79444686823524,0.007608827833460091,63392.54279888761,905.7088881945941,0.09642460674113716,0.00035833333333333333
4300.0,60318.73359507349,274.0579972055983,273.0182278767937,0.0062660219555258434,57715.41615465028,273.3143342536636,0.00447672369191411,53545.19275978684,278.2623200514033,276.8713402713565,0.008265885157886987,66618.74505250002,2849.690926215627,0.15049517816626765,276.7752515972261,275.5181735859656,0.007506863727841339,63348.19473462855,905.7088881945941,0.0972650528489078,0.0003566666666666667
4350.0,59943.80111807947,273.7427182755544,272.7201267053942,0.006169238660311489,57662.53424147588,273.01152656525426,0.004406530991561815,53554.44389153188,277.9945111532356,276.62067971997664,0.008171379070258611,66618.74505250002,2849.690926215627,0.1523696717589621,276.47965081321837,275.24080953927563,0.007405414853256362,63304.081225741764,905.7088881945941,0.09808227361670477,0.000355
4400.0,59570.771366364126,273.4271964151147,272.4216205153156,0.006073231521470477,57611.232031083746,272.70834933644954,0.004336952151416974,53564.89376276056,277.7258984964223,276.36913355854807,0.008077214719884021,66618.74505250002,2849.690926215627,0.15422850385959883,276.18306578120814,274.9623447714484,0.007304487493644687,63260.20785773782,905.7088881945941,0.09887486993185736,0.0003533333333333333
4450.0,59199.63653119203,273.11141254109975,272.1226906657584,0.0059780003993340795,57561.49097396378,272.4047884714351,0.004267959035448295,53576.45737933177,277.45647292569186,276.11669202069925,0.007983396058441318,66618.74505250002,2849.690926215627,0.15607199265769975,275.88548685734895,274.6827687404493,0.007204087678256973,63216.57894431042,905.7088881945941,0.0996431045821248,0.0003516666666666667
4500.0,58830.38880487502,272.79534758380095,271.8233185182376,0.005883545202123437,57513.29151280184,272.1008252711312,0.004199551359694194,53589.11476538338,277.1862251773279,275.86334522561174,0.007889927084541002,66618.74505250002,2849.690926215627,0.15790045385311174,275.5869041315963,274.402070653108,0.007104221374408598,63173.19839726802,905.7088881945941,0.10038723158744538,0.00035
4550.0,58463.02038127101,272.4789825074064,271.52348545542793,0.005789865895928062,57466.61426122868,271.79644106299185,0.004131728869387035,53602.846048330844,276.91514587891993,275.6090831777806,0.007796811843949893,66618.74505250002,2849.690926215627,0.15971419987728766,275.28730756903775,274.1202395944243,0.007004894556015699,63130.07002092453,905.7088881945941,0.1011075004798025,0.00034833333333333336
4600.0,58097.5234563039,272.16229830771647,271.2231728790136,0.005696962504822854,57421.44000116058,271.49161719874354,0.004064491339439419,53617.63145766096,276.64322554906124,275.35389576673737,0.007704054429731721,66618.74505250002,2849.690926215627,0.1615135399389222,274.9866870134623,273.8372645310481,0.006906113204321746,63087.19751304786,905.7088881945941,0.10180415647445702,0.00034666666666666667
4650.0,57733.89022847447,271.8452760099093,270.92236220762123,0.005604835110781305,57377.74968027656,271.1863350522015,0.003997838574766463,53633.45132339391,276.3704545971032,275.09777276683513,0.007611658982362961,66618.74505250002,2849.690926215627,0.16329878007059495,274.68503218909166,273.55313431310225,0.006807883307589781,63044.584465798616,905.7088881945941,0.10247744057455486,0.000345
4700.0,57372.112899360516,271.5278966666331,270.6210348750926,0.005513483853498281,57335.5244096194,270.8805760174241,0.003931770410527295,53650.28607468503,276.09682332297,274.8407038370989,0.0075196296898223354,66618.74505250002,2849.690926215627,0.16507022316640188,274.3823327024355,273.2678376761451,0.006710210860709987,63002.234366657794,905.7088881945941,0.10312758966936207,0.00034333333333333335
4750.0,57012.18367410863,271.2101413564307,270.31917232910297,0.005422908930120586,57294.74546131711,270.5743215072129,0.0038662867122857955,53668.11623857391,275.8223219170383,274.5826785211464,0.0074279707876526895,66618.74505250002,2849.690926215627,0.16682816901045744,274.07862681604024,272.98141520678064,0.006613081368728155,62960.15059934392,905.7088881945941,0.10375660075995262,0.00034166666666666666
4800.0,56654.094761916676,270.89199118249934,270.01675603012876,0.0053331105948830814,57255.3942664213,270.26755295195954,0.0038013873760894476,53686.922438879046,275.5469404600854,274.32368624718424,0.007336686558993469,66618.74505250002,2849.690926215627,0.16857291429614432,273.77411041137225,272.6940755225261,0.00651641351098911,62918.33644472046,905.7088881945941,0.10437218727590727,0.00034
4850.0,56297.83837650898,270.5734272717903,269.71376745076896,0.005244089158646989,57217.45241285959,269.96025179884526,0.0037370723284652816,53706.68539524142,275.2706689233109,274.0637163280827,0.007245781334582019,66618.74505250002,2849.690926215627,0.17030475263607375,273.4687889736112,272.4058246812702,0.006420204169966079,62876.795081694174,905.7088881945941,0.10497519501917563,0.00033833333333333334
4900.0,55943.40673660325,270.25443077445135,269.4101880754249,0.0051558449883376215,57180.90164349907,269.6523995113962,0.0036733415263315557,53727.38592231671,274.9934971684357,273.8027579615351,0.007155259492721513,66618.74505250002,2849.690926215627,0.17202397456264487,273.16264615926275,272.1166451509762,0.00632446143011151,62835.529588105135,905.7088881945941,0.10556568061897946,0.0003366666666666667
4950.0,55590.79206637068,269.93498286361836,269.10599940034393,0.005068378506278345,57145.723854318414,269.3439775694012,0.003610194956824079,53749.004929120325,274.71541494788323,273.540800230306,0.007065125459214068,66618.74505250002,2849.690926215627,0.17373086751905778,272.8556658224082,271.8265195712821,0.00622919354786759,62794.542941609085,905.7088881945941,0.10614370735416774,0.000335
5000.0,55239.986595889546,269.6150647355601,268.8011829340325,0.004981690189417195,57111.90109268602,269.0349674691957,0.0035476326370349597,53771.5234185231,274.436411905047,273.2778321025729,0.006975383707256335,66618.74505250002,2849.690926215627,0.1754257158406784,272.5478316776496,271.53543044260573,0.006134408801985235,62753.83802055289,905.7088881945941,0.10670933291548797,0.0003333333333333333
5050.0,54890.98256159253,269.2946576101828,268.49572019804606,0.0048957805684430615,57079.4155557422,268.72535072431873,0.003485654613662671,53794.922486902324,274.15650998644486,273.0138769565181,0.006886025156504708,66618.74505250002,2849.690926215627,0.17710998143962897,272.23912729536977,271.24336012176093,0.006040115491935751,62713.41760484375,905.7088881945941,0.10726260917324576,0.0003316666666666667
5100.0,54543.77220670862,268.9737427319007,268.18959272816113,0.004810650226787427,57048.24958888321,268.4151088665505,0.0034242609625715495,53819.1833239505,273.8758797921805,272.7491165738087,0.006796977968710917,66618.74505250002,2849.690926215627,0.17879055432291244,271.9295361017849,270.9502908220369,0.005946321938221354,62673.28437681301,905.7088881945941,0.10780358210454014,0.00033
5150.0,54198.3477816999,268.6523013708791,267.8827820759382,0.004726299799508224,57018.385684345456,268.10422344733604,0.0033634517882587625,53844.287212642994,273.5945332426667,272.483564001627,0.006708235137190466,66618.74505250002,2849.690926215627,0.18046856258009292,271.61904137931947,270.65620461361664,0.005853036482597756,62633.44092207513,905.7088881945941,0.10833229171791717,0.0003283333333333333
5200.0,53854.70154469319,268.3303148246576,267.5752698106829,0.004642729972052297,56989.806479888,267.79267603960346,0.003303227223226867,53870.21552936804,273.31245533984594,272.21720331572766,0.006619802763106338,66618.74505250002,2849.690926215627,0.18214415499767625,271.3076262672602,270.36108342429515,0.005760267488176911,62593.88973038269,905.7088881945941,0.10884877197351919,0.0003266666666666667
5250.0,53512.825761908345,268.00776442015973,267.26703752181226,0.0045599414788916924,56962.494757572036,267.4804482399834,0.003243587427259647,53896.949744220416,273.02963137068673,271.9500188365254,0.006531687194614801,66618.74505250002,2849.690926215627,0.18381749085238122,270.99527376270055,270.0649090405116,0.00566802333940333,62554.63319647812,905.7088881945941,0.10935305069885841,0.00032500000000000004
5300.0,53172.712708082094,267.6846315160986,266.9580668216365,0.004477935102030863,56936.43344263578,267.16752167143903,0.0031845325865995098,53924.47142146384,272.7460464981647,271.6819947528809,0.006443894839101362,66618.74505250002,2849.690926215627,0.1854887248955948,270.68196672179135,269.7676631087116,0.005576312441897496,62515.67362094296,905.7088881945941,0.10984514950040253,0.0003233333333333333
5350.0,52834.354666888714,267.36089750578486,266.6483393485634,0.004396711669380026,56911.60560246366,266.8538779863149,0.0031260629130240914,53952.76222016436,272.4616857536118,271.4131151148883,0.006356432161156295,66618.74505250002,2849.690926215627,0.1871580069411589,270.3676878613155,269.4693271370568,0.0054851432221600825,62477.013211045305,905.7088881945941,0.11032508367128556,0.00032166666666666666
5400.0,52497.743931358236,267.03654382034705,266.33783677073507,0.004316272052990935,56887.99444564853,266.53949886981167,0.003068178642819536,53981.80389499628,272.1765340351035,271.1433638322385,0.006269305683207854,66618.74505250002,2849.690926215627,0.18882548165648708,270.0524197606009,269.1698824975003,0.005394524127129729,62438.65408158634,905.7088881945941,0.11079286209528935,0.00032
5450.0,52162.872804291634,266.71155193237075,266.02654079010523,0.004236617167150641,56865.583321146085,266.22436604389765,0.0030108800356486273,54011.578297226275,271.89057610607034,270.87272467281156,0.0061825219861362905,66618.74505250002,2849.690926215627,0.1904912883446299,269.7361448637912,268.8693104282453,0.005304463623587525,62400.598255746685,905.7088881945941,0.11124848714748659,0.00031833333333333334
5500.0,51829.73359867474,266.3859033599677,265.71443314696796,0.004157747966329597,56844.355717520375,265.9084612716646,0.002954167373311057,54042.067375877356,271.60379659405453,270.6011812614266,0.006096087709825761,66618.74505250002,2849.690926215627,0.19215556071381906,269.41884548249084,268.56759203660715,0.005214970197400361,62362.84766593335,905.7088881945941,0.11169195459170561,0.00031666666666666665
5550.0,51498.31863809014,266.05957967128126,265.4014956249452,0.004079665442979328,56824.29526227978,265.5917663621382,0.002898040958393917,54073.2531790779,271.31617998962207,270.328717078759,0.0060100095536509,66618.74505250002,2849.690926215627,0.19381842663449728,269.10050379880545,268.2647083022984,0.0051260523525958075,62325.40415462809,905.7088881945941,0.11212325347529055,0.000315
5600.0,51168.62025712799,265.7325624894391,265.087710056444,0.004002370625176101,56805.38572130268,265.27426317555023,0.002842501112809442,54105.117855595934,271.0277106454366,270.0553154604332,0.005924294276893246,66618.74505250002,2849.690926215627,0.19548000788349112,268.78110186879326,267.9606400811569,0.005037718610259925,62288.269475238114,905.7088881945941,0.11254236602129983,0.0003133333333333334
5650.0,50840.63080179644,265.4048334979602,264.7730583285918,0.003925864574106083,56787.61099835215,264.9559336290845,0.002787548176218553,54137.643656566855,270.7383727755062,269.78095959630184,0.0058389486990839375,66618.74505250002,2849.690926215627,0.19714041987531547,268.46062162635195,267.65536810933935,0.004949977507250303,62251.44529294973,905.7088881945941,0.11294926751872143,0.00031166666666666663
5700.0,50514.34262993154,265.07637444662595,264.4575223896598,0.003850148381388348,56770.95513467929,264.6367597031021,0.002733182504336971,54170.81293741315,270.44815045461223,269.50563252992225,0.005753979700268327,66618.74505250002,2849.690926215627,0.19879977138044114,268.1390448875587,267.34887300800153,0.0048628375947154,62214.93318558601,905.7088881945941,0.11334392621097272,0.00031
5750.0,50189.74811160743,264.7471671578241,264.1410842559826,0.003775223166231411,56755.402308714474,264.3167234478583,0.002679404467122588,54204.60815996419,270.15702761793165,269.22931715824086,0.005669394221187655,66618.74505250002,2849.690926215627,0.20045816423039559,267.8163533554851,267.04113528848745,0.0047763074364114595,62178.73464446923,905.7088881945941,0.113726303183088,0.00030833333333333337
5800.0,49866.83962954699,264.4171935333723,263.8237260193836,0.003701090072419785,56740.93683584645,263.995806990716,0.002626214446841006,54239.01189477464,269.86498806086274,268.951996231498,0.005585199263373278,66618.74505250002,2849.690926215627,0.20211569300971366,267.49252862550935,266.732135358051,0.004690395606807811,62142.851075288956,905.7088881945941,0.11409635224820087,0.0003066666666666667
5850.0,49545.60957953371,264.0864355618316,263.5054298551143,0.003627750265126674,56727.543168288576,263.6739925438674,0.002573612836007979,54274.00682364947,269.57201543906734,268.6736523533655,0.005501401889148347,66618.74505250002,2849.690926215627,0.20377244473460712,267.1675521911483,266.4218535261336,0.004605110688971728,62107.28379897664,905.7088881945941,0.11445401983366835,0.000305
5900.0,49226.05037082444,263.75487532631615,263.18617803031566,0.003555204927549645,56715.205895032144,263.3512624125704,0.002521600035206515,54309.575742377194,269.27809326874103,268.3942679813303,0.005418009221531764,66618.74505250002,2849.690926215627,0.2054284985183816,266.8414054504304,266.11027001122164,0.004520461272222797,62072.03405258767,905.7088881945941,0.11479924486741631,0.00030333333333333335
5950.0,48908.15442656461,263.42249501280617,262.8659529130091,0.0034834552573654682,56703.9097418865,263.02759900390527,0.002470176450776374,54345.701563671384,268.9832049271232,268.1138254273366,0.005335028444038345,66618.74505250002,2849.690926215627,0.20708392522361563,266.51406971283524,265.79736494830854,0.0044364559495477535,62037.10299019172,905.7088881945941,0.1151319586651504,0.0003016666666666667
6000.0,48591.9141842049,263.0892769189716,262.54473698162366,0.003412502463001595,56693.63957160558,262.7029848360615,0.002419342492374951,54382.36732032773,268.68733365326324,267.8323068587035,0.005252466800370417,66618.74505250002,2849.690926215627,0.20873878710121102,266.18552620682027,265.48311839698584,0.004353103314765524,62002.49168377238,905.7088881945941,0.11545208481891168,0.0003
6050.0,48277.32209592084,262.75520346351277,262.2225128350666,0.0033423477597213803,56684.380384100856,262.3774025481598,0.002369098570407965,54419.556168598654,268.39046254905315,267.54969429932953,0.005170331593993865,66618.74505250002,2849.690926215627,0.21039313741631696,265.8557560879607,265.16751035018837,0.004270411959432896,61968.20112413688,905.7088881945941,0.11575953908771129,0.00029833333333333334
6100.0,47964.37062903521,262.4202571960216,261.89926320334143,0.0032729923655205263,56676.1173167404,262.0508349106128,0.0023194450933280843,54457.25139178395,268.09257458054395,267.26596963120267,0.005088630187592571,66618.74505250002,2849.690926215627,0.2120470200614058,265.52474044772543,264.85052074361937,0.004188390469480859,61934.23222183696,905.7088881945941,0.11605422929093945,0.0002966666666666667
6150.0,47653.05226644375,262.0844208073706,261.5749709587192,0.0032044374968327647,56668.83564473385,261.72326483603206,0.0022703824648014023,54495.43640404571,267.7936525795604,266.9811145962306,0.005007370002395401,66618.74505250002,2849.690926215627,0.2137004691566426,265.1924603229133,264.5321294658799,0.0041070474215714105,61900.58580810172,905.7088881945941,0.11633605520521867,0.000295
6200.0,47343.35950704423,261.7476771406294,261.24961912746534,0.0031366843640432364,56662.5207816033,261.3946753906813,0.0022219110807401112,54534.09475444326,267.49367924562836,266.695110798408,0.0049265585173678015,66618.74505250002,2849.690926215627,0.21535350863784344,264.85889670577296,264.2123163693282,0.004026391379165059,61867.26263578347,905.7088881945941,0.11660490846556969,0.0002933333333333333
6250.0,47035.28486616985,261.4100092025157,260.9231909021256,0.0030697341668082696,56657.15827973968,261.0650498064815,0.002174031326201695,54573.21013119483,267.1926371482336,266.4079397063385,0.004846203268261684,66618.74505250002,2849.690926215627,0.2170061518323318,264.5240305548315,263.89106128169414,0.003946430888289,61834.26338031744,905.7088881945941,0.11686067247161766,0.0002916666666666667
6300.0,46728.82087602665,261.071400175378,260.5956696543711,0.003003588089181027,56652.73383104463,260.73437149356664,0.002126743572154086,54612.76636616398,266.8905087294271,266.11958265613,0.004766311846516365,66618.74505250002,2849.690926215627,0.21865840102314388,264.18784280645366,263.5683440184734,0.0038671744729962673,61801.58864069639,905.7088881945941,0.11710322229977976,0.00029
6350.0,46423.960086135514,260.7318334297116,260.2670389484021,0.002938247294542651,56649.233267657626,260.4026240533902,0.0020800481721071837,54652.7474395719,266.58727630679465,265.8300208546805,0.0046868918980022215,66618.74505250002,2849.690926215627,0.22031024700200136,263.85031438715606,263.244144396125,0.003788630630505948,61769.23894046099,905.7088881945941,0.117332424622316,0.0002883333333333333
6400.0,46120.69506377934,260.39129253720665,259.93728255490964,0.002873712920339766,56646.64256276801,260.06979129238044,0.002033945458611316,54693.137484935454,266.28292207681017,265.5392353833757,0.00460795112160026,66618.74505250002,2849.690926215627,0.22196166861167996,263.51142622669846,262.9184422460972,0.0037108078260155355,61737.21472870699,905.7088881945941,0.11754813763421475,0.0002866666666666667
6450.0,45819.01839445494,260.0497612843245,259.6063844655899,0.0028099860726291132,56644.947831511716,259.7358572361426,0.0019884357396241534,54733.920794233054,265.9774281185896,265.2472072022158,0.004529497267608752,66618.74505250002,2849.690926215627,0.22361263227833555,263.17115927197347,262.59121742970245,0.003633714487175815,61705.516381110014,905.7088881945941,0.11775021098887649,0.000285
6500.0,45518.92268233065,259.707223686398,259.27432890820705,0.0027470678204315445,56644.135331952464,259.40080614419935,0.0019435192947470383,54775.08182329288,265.67077639806547,264.9539171543944,0.004451538135969015,66618.74505250002,2849.690926215627,0.22526309153456986,262.8294945017164,262.26244985386546,0.003557358998220148,61674.144200969065,905.7088881945941,0.1179384857436981,0.00028333333333333335
6550.0,45220.40055070984,259.363664002248,258.9411003621964,0.0026849591898975345,56644.19146614681,259.06462252526575,0.0018991963713333763,54816.60519740564,265.3629487726021,264.6593459713482,0.004374081574301768,66618.74505250002,2849.690926215627,0.22691298653408792,262.48641294205385,261.93211948776263,0.0034817496937393656,61643.098420269525,905.7088881945941,0.11811279431659204,0.00028166666666666666
6600.0,44923.44464249975,259.0190667493099,258.60668357479886,0.0026236611582882517,56645.102781292815,258.72729115304776,0.0018554671804715916,54858.4757171587,265.0539269960705,264.3634742783004,0.0042971354757454045,66618.74505250002,2849.690926215627,0.2285622435587722,262.1418956829103,261.60020638037344,0.0034068948520952717,61612.379200766634,905.7088881945941,0.11827296045456581,0.00028000000000000003
6650.0,44628.047620687146,258.67341671925556,258.2710635777144,0.002563174647775801,56646.85597096166,258.3887970825515,0.0018123318928455231,54900.67836448508,264.74369272440487,264.0662826003185,0.004220707776587204,66618.74505250002,2849.690926215627,0.2302107745193822,261.79592389528904,261.26669067896023,0.0033328026884652273,61581.9866350904,905.7088881945941,0.11841879921559106,0.00027833333333333334
6700.0,44334.20216881979,258.32669899410286,257.9342257042612,0.0025035005190685742,56649.43787641175,258.04912566689376,0.001769790634476968,54943.19830893057,264.43222752165985,263.76775136890984,0.0041448064536784715,66618.74505250002,2849.690926215627,0.23185847645078864,261.44847884944187,260.93155264849224,0.003259481347512167,61551.920747872675,905.7088881945941,0.11855011696477737,0.00027666666666666665
6750.0,44041.90099149469,257.97889896279196,257.5961556070226,0.0024446395648672755,56652.83548798445,257.70826257459134,0.0017278434823537394,54986.02091412479,264.11951286659246,263.467860929176,0.004069439521624465,66618.74505250002,2849.690926215627,0.23350523100329681,261.09954193394174,260.5947726920258,0.00318693889567424,61522.181496897436,905.7088881945941,0.11866671138632419,0.000275
6800.0,43751.136814852536,257.63000233821526,257.2568392759638,0.0023865925031593886,56657.035946580785,257.3661938073165,0.0016864904599495666,55029.1317444598,263.8055301597869,263.16659154755035,0.003994615029739641,66618.74505250002,2849.690926215627,0.23515090393115773,260.7490946756667,260.2563313720525,0.0031151833130702877,61492.76877427496,905.7088881945941,0.11876837151221734,0.00027333333333333333
6850.0,43461.90238707946,257.27999517467805,256.91626305699555,0.0023293599703599938,56662.026545218156,257.022905718093,0.00164573153264107,55072.51657196377,263.4902607313468,262.86392342014057,0.003920341058758958,66618.74505250002,2849.690926215627,0.23679534457996743,260.397118760705,259.916209432822,0.003044222485017717,61463.682407640794,905.7088881945941,0.11885487776911258,0.0002716666666666667
6900.0,43174.19047891509,256.92886388576716,256.5744136709601,0.0022729425143086348,56667.79473066601,256.67838502990907,0.001605566603028579,55116.16138336323,263.1736858491753,262.5598366816997,0.003846625717295626,66618.74505250002,2849.690926215627,0.23843838537452622,260.0435960561843,259.57438782364335,0.0029740641931608656,61434.922161380244,905.7088881945941,0.118926002044587,0.00027
6950.0,42887.99388416771,256.5765952626022,256.2312782330111,0.0022173405871326805,56674.32810515949,256.3326188547213,0.0015659955061685462,55160.05238732743,262.8557867278652,262.25431141524933,0.0037734771380359446,66618.74505250002,2849.690926215627,0.24007984130892626,259.6885086330278,259.23084772316736,0.0029047161062097583,61406.487737879164,905.7088881945941,0.11898150777404479,0.0002683333333333333
7000.0,42603.30542023614,256.2231764924406,255.88684427235677,0.002162554537989036,56681.61442818952,255.9855947128178,0.0015270180047255364,55204.17602188304,262.53654453822156,261.94732766237695,0.0037009034736616665,66618.74505250002,2849.690926215627,0.24171950944078094,259.3318387896338,258.88557056464424,0.002836185770289757,61378.37877880168,905.7088881945941,0.11902115004949741,0.0002666666666666667
7050.0,42320.117928638225,255.86859517760374,255.54109975233223,0.002108584605697239,56689.6416183682,255.63730055250713,0.0014886337840530222,55248.51896198919,262.21594041743657,261.6388654342309,0.00362891289249046,66618.74505250002,2849.690926215627,0.24335716839160726,258.97356907647395,258.53853806215153,0.0027684805989054034,61350.59486639554,905.7088881945941,0.1190446757515279,0.00026500000000000004
7100.0,42038.424275546575,255.51283935469064,255.1940330907628,0.0020554309112782248,56698.39775536781,255.28772477009724,0.0014508424472128472,55293.06812726127,261.893955479941,261.328904723236,0.0035575135738253297,66618.74505250002,2849.690926215627,0.24499257785558595,258.61368232159856,258.1897322377789,0.0027016078625227017,61323.13552482572,905.7088881945941,0.11905182370557951,0.0002633333333333333
7150.0,41758.217352330386,255.1558975140395,254.84563318057803,0.0020030934504143127,56707.87108193169,254.93685623012348,0.0014136435099442665,55337.8106898302,261.5705708289502,261.0174255155502,0.0034867137030035896,66618.74505250002,2849.690926215627,0.2466254781189669,258.25216165703375,257.8391354497527,0.0026355746777765305,61296.00022153668,905.7088881945941,0.11904232486377171,0.00026166666666666667
7200.0,41479.49007610404,254.79775861939794,254.49588941063223,0.0019515720858473795,56718.05000595522,254.5846842857829,0.0013770363955941777,55382.73408232318,261.2457675687279,260.7044078042858,0.0034165214661368982,66618.74505250002,2849.690926215627,0.24825558959258154,257.88899054605105,257.48673042147857,0.0025703879963119374,61269.188368644,905.7088881945941,0.11901590251335255,0.00026000000000000003
7250.0,41202.23539028192,254.4384121277553,254.14479168668362,0.0019008665397333665,56728.923102634886,254.2311987995283,0.0013410204300210238,55427.8260059505,260.919526817584,260.3898316035141,0.0033469450445334377,66618.74505250002,2849.690926215627,0.2498826123600237,257.5241528112839,257.13250027147325,0.002506054593270258,61242.699324355555,905.7088881945941,0.11897227251291058,0.00025833333333333334
7300.0,40926.44626513925,254.0778480092915,253.79233045248148,0.0018509763859724752,56740.47911668314,253.87639016377204,0.0013055948364859712,55473.07443868235,260.5918297216295,260.0736769630744,0.00327799260879411,66618.74505250002,2849.690926215627,0.25150622574424064,257.15763266365786,256.7764285441513,0.002442581055433568,61216.532394422735,905.7088881945941,0.11891114355718711,0.00025666666666666665
7350.0,40652.115698378744,253.71605676739054,253.43849671090712,0.0018019010425362378,56752.70696460681,253.5202493216467,0.0012707587305454153,55518.46764349734,260.26265746930267,259.7559239842051,0.0032096723125752563,66618.74505250002,2849.690926215627,0.25312608789532576,256.78941473209994,256.4184992414263,0.0023799737690434427,61190.686833621905,905.7088881945941,0.11883221747152066,0.000255
7400.0,40379.23671570259,253.3530294586651,253.08328204511088,0.0017536397638129781,56765.59573704645,253.1627677877657,0.0012365111149601356,55563.994176684246,259.93199130668427,259.436552836014,0.0031419922860100816,66618.74505250002,2849.690926215627,0.2547418354024368,256.4194840939808,256.05869685507764,0.0023182389073127287,61165.16184726635,905.7088881945941,0.11873518953660328,0.0002533333333333334
7450.0,40107.80237138956,252.98875771293552,252.72667863958466,0.0017061916329954333,56779.13470117401,252.8039376689254,0.0012028508746369717,55609.642896177735,259.5998125536179,259.1155437728044,0.0030749606287828785,66618.74505250002,2849.690926215627,0.25635308293297276,256.0478263062406,255.69700639983034,0.002257382417652143,61139.95659274873,905.7088881945941,0.11861974884423283,0.00025166666666666664
7500.0,39837.80574887668,252.62323375310373,252.3686793011063,0.0016595555545347604,56793.31330314584,252.44375168468534,0.001169776771619706,55655.40296990552,259.266102620647,258.79287715226934,0.0030085854028497248,66618.74505250002,2849.690926215627,0.25795942290204726,255.6744274371411,255.33341344708285,0.0021974100086359855,61115.070181114155,905.7088881945941,0.11848557868458082,0.00025
7550.0,39569.23996134474,252.25645041485853,252.00927747948884,0.0016137302466866128,56808.12117060816,252.08220318776122,0.001137287440146763,55701.263884126245,258.930843026781,258.4685334545663,0.002942874624800632,66618.74505250002,2849.690926215627,0.25956042517556527,255.2992740985778,254.96790415921484,0.0021383271367348762,61090.50167866371,905.7088881945941,0.11833235696528188,0.0002483333333333333
7600.0,39302.09815230801,251.8884011661487,251.64846728806563,0.0015687142341760186,56823.54811525156,251.71928618416382,0.0011053813817938438,55747.215451734664,258.5940154181,258.1424933022821,0.0028778362578591754,66618.74505250002,2849.690926215627,0.2611556368101752,254.92235347888257,254.6004653243965,0.002080138992846189,61066.2501085883,905.7088881945941,0.11815975666258334,0.0002466666666666667
7650.0,39036.373496206295,251.51908012635502,251.28624352383915,0.001524505841008658,56839.58413541134,251.35499535301196,0.0010740569607203755,55793.24782051004,258.25560158720435,257.81473748129383,0.0028134782035163512,66618.74505250002,2849.690926215627,0.26274458183344523,254.5436533760339,254.23108439181286,0.002022850488656378,61042.314452632454,905.7088881945941,0.11796744630444696,0.000245
7700.0,38772.05919899943,251.148482085092,250.92260168721927,0.001481103183457107,56856.21941871012,250.9893260659468,0.0010433123990391108,55839.35148128188,257.9155834935132,257.4852469625299,0.0027498082927968326,66618.74505250002,2849.690926215627,0.26432676106766195,254.1631622311893,253.8597495072093,0.0019664662428725602,61018.6936527879,905.7088881945941,0.11775509048545342,0.00024333333333333336
7750.0,38509.14849876366,250.77660252056822,250.55753800127542,0.0014385041632513987,56873.44434473889,250.62227440607464,0.001013145772328952,55885.51727598995,257.5739432844138,257.1540029246323,0.0026868342771569215,66618.74505250002,2849.690926215627,0.2659016520006334,253.7808691624442,253.4864495486559,0.0019109905673640563,60995.386613016126,905.7088881945941,0.11752235041299781,0.00024166666666666667
7800.0,38247.63466628872,250.40343761743082,250.1910494304237,0.0013967064610037414,56891.24948777292,250.25383718635896,0.00098355500531111,55931.73640560902,257.230663317259,256.82098677751617,0.0026245638190148727,66618.74505250002,2849.690926215627,0.2674687087069444,253.39676399871266,253.11117416241893,0.0018564274532580003,60972.39220099951,905.7088881945941,0.117268884484079,0.00024
7850.0,37987.511005674685,250.02898428402113,249.82313369847134,0.0013557075298979886,56909.62561951829,249.88401196738718,0.0009545378677094723,55978.00043791444,256.88572618220644,256.48618018682043,0.0025630044819160043,66618.74505250002,2849.690926215627,0.2690273618229333,253.01083731362107,252.7339137988212,0.0018027805570364596,60949.70924992025,905.7088881945941,0.11699434889175277,0.00023833333333333334
7900.0,37728.770854928465,249.6532401689655,249.45378930593745,0.0013155045896745697,56928.563711885196,249.51279707443186,0.000926091970315927,56024.30131505993,256.5391147258924,256.14956509923877,0.0025021637203364692,66618.74505250002,2849.690926215627,0.270577018578787,252.62308045929456,252.3546597479637,0.0017500531866855317,60927.33656026622,905.7088881945941,0.11669839825996224,0.00023666666666666668
7950.0,37471.40758655811,249.27620367702485,249.08301554657018,0.0012760946209418613,56948.05493978371,249.140191613727,0.0008982147612814699,56070.63136093875,256.19081207592285,255.81112376871482,0.0024420488691315116,66618.74505250002,2849.690926215627,0.27211706289091436,252.2334855999105,251.97340417517364,0.0016982482879504936,60905.27290166279,905.7088881945941,0.11638068630528495,0.000235
8000.0,37215.41460816479,248.89787398412795,248.7108125229798,0.0012374743598449751,56968.09068393771,248.7661954878831,0.00087090352265437,56116.98328830429,255.84080166616712,255.47083878348158,0.002382667132635719,66618.74505250002,2849.690926215627,0.27364685551772766,251.84204574488646,251.5901401560366,0.0016473684307536005,60883.517014729536,905.7088881945941,0.11604086652376455,0.00023333333333333333
8050.0,36960.78536303076,248.51825105151258,248.337181161308,0.001199640293122823,56988.662533712726,248.390809410359,0.0008441553671857596,56163.35020561793,255.4890672628279,255.12869309391962,0.0023240255734253033,66618.74505250002,2849.690926215627,0.27516573428173974,251.44875478156249,251.2048617108627,0.001597415795834285,60862.06761296062,905.7088881945941,0.115678592900731,0.00023166666666666667
8100.0,36707.51333070267,248.1373356389007,247.96212322485417,0.0011625886535837123,57009.762289953185,248.01403491891696,0.0008179672354235344,56209.72562360116,255.13559299126155,254.78467004120304,0.0022661311007542363,66618.74505250002,2849.690926215627,0.27667301436075,251.05360750723116,250.81756383843185,0.0015483921616742582,60840.92338462758,905.7088881945941,0.11529352064114275,0.00023
8150.0,36455.59202756904,247.75512931663258,247.5856413265821,0.0011263154160293953,57031.38196782473,247.63587438798137,0.0007923358931143038,56256.1034614612,254.780363363514,254.4387533866965,0.002208990458678544,66618.74505250002,2849.690926215627,0.2781679886507202,250.65659966036532,250.4282425488554,0.0015002988917719852,60820.08299470296,905.7088881945941,0.1148853069178711,0.00022833333333333334
8200.0,36205.01500743054,247.37163447669104,247.20773894043123,0.001090816293656454,57053.51379965704,247.25633103982977,0.0007672579289330171,56302.47805276595,254.4233633065333,254.09092734206013,0.0021526102138856034,66618.74505250002,2849.690926215627,0.2796499282025439,250.25772795088494,250.03689489538766,0.0014531369223335238,60799.54508680337,905.7088881945941,0.11445361163472421,0.00022666666666666666
8250.0,35955.77586206245,246.9868543425455,246.82842041136058,0.0010560867349629695,57076.15023778284,246.87540895454438,0.0007427297525590359,56348.84415094231,254.06457819101266,253.7411766000137,0.002096996743247795,66618.74505250002,2849.690926215627,0.28111808273474725,249.85699008930527,249.64351900501637,0.0014069067504482063,60779.308285150204,905.7088881945941,0.11399809820106331,0.00022500000000000002
8300.0,35707.8682217673,246.60079297775064,246.44769096405605,0.0010221219211871062,57099.28395736867,246.4931130786556,0.0007187475931164264,56395.19693437225,253.70399386081343,253.38948636570328,0.002042156221122518,66618.74505250002,2849.690926215627,0.28257168122380266,249.45438481459942,249.24811410765753,0.001361608422819049,60759.37119654627,905.7088881945941,0.11351843431424906,0.00022333333333333333
8350.0,35461.285755917146,246.21345529323727,246.06555671023594,0.0009889167643027804,57122.90785923313,246.10944923241374,0.0006953074979953183,56441.53201106388,253.3415966629092,253.03584238860836,0.0019880946064234806,66618.74505250002,2849.690926215627,0.2840099325733413,249.04991192061306,248.85068056377875,0.0013172415251187426,60739.73241236649,905.7088881945941,0.11301429274617188,0.00022166666666666667
8400.0,35216.022173484074,245.82484705323833,245.68202465449374,0.0009564659055958111,57147.015072648275,245.7244241156298,0.0006724053320700024,56487.84542287574,252.97737347778667,252.680230994919,0.0019348176294909148,66618.74505250002,2849.690926215627,0.2854320263631581,248.6435722808618,248.45121989027348,0.0012738051720424025,60720.390510560625,905.7088881945941,0.11248535212959068,0.00022
8450.0,34972.07122355733,245.4349748797953,245.29710269862312,0.0009247637148420204,57171.598958120296,245.33804531202912,0.0006500367773279468,56534.13364927225,252.6113117502311,252.32263912030612,0.0018823307787914191,66618.74505250002,2849.690926215627,0.2868371336784999,248.2353678715459,248.0497347844091,0.0012312979981282095,60701.34405766604,905.7088881945941,0.11193129773997329,0.00021833333333333332
8500.0,34729.426695846334,245.0438462557979,244.91079964437412,0.0008938042901065573,57196.65311014536,244.9503212920692,0.0006281973329225853,56580.3936105926,252.24339952041873,251.9630543430004,0.0018306392874810895,66618.74505250002,2849.690926215627,0.28822440801962973,247.825301792617,247.64622914567457,0.0011897181494165605,60682.59161082827,905.7088881945941,0.1113518222682158,0.00021666666666666668
8550.0,34488.0824211678,244.65146952651529,244.5231251945979,0.0008635814581813891,57222.17135993702,244.56126141417943,0.0006068823156610572,56626.622670816796,251.87362545523033,251.60146491708767,0.001779748119868594,66618.74505250002,2849.690926215627,0.2895929862911202,247.4133782867352,247.24070809535488,0.0011490632760168906,60664.13171982721,905.7088881945941,0.11074662657941174,0.000215
8600.0,34248.032271916054,244.25785389958116,244.13408995274153,0.0008340887756752217,57248.14777812167,244.1708759243838,0.0005860868609361482,56672.81863981206,251.50197887969256,251.23785980592146,0.0017296619578179618,66618.74505250002,2849.690926215627,0.290941989869889,246.99960275595768,246.8331779936657,0.0011093305256496598,60645.96292910666,905.7088881945941,0.1101154204528109,0.00021333333333333336
8650.0,34009.27016251518,243.86300944340522,243.74370542066427,0.0008053195307674829,57274.57667739877,243.77917595427948,0.0005658059241100921,56718.97977505009,251.12844980844912,250.87222871554616,0.0016803851871337444,66618.74505250002,2849.690926215627,0.29227052575032564,246.58398177600753,246.42364645428776,0.0010705165382285133,60628.08377980483,905.7088881945941,0.10945792329780733,0.00021166666666666667
8700.0,33771.79004985157,243.46694708398664,243.3519839947514,0.000777266745634905,57301.45261516304,243.38617351734615,0.0005460342823555482,56765.10478278194,250.7530289771543,250.50456212801637,0.001631921883974377,66618.74505250002,2849.690926215627,0.29357768776440124,246.16652310797767,246.01212235614756,0.001032617441544385,60610.492811783435,905.7088881945941,0.10877386484094878,0.00021
8750.0,33535.58593368595,243.06967860011778,242.95893896031293,0.0007499231795563016,57328.77039608588,242.99188150357435,0.0005267665369572627,56811.192818666306,250.37570787367642,250.13485133449174,0.0015842758013422276,66618.74505250002,2849.690926215627,0.29486255787387006,245.74723570733428,245.59861585230175,0.0009956288481096896,60593.18856565293,905.7088881945941,0.10806298577868423,0.00020833333333333335
8800.0,33300.65185704355,242.6712166169676,242.56458448425946,0.0007232813326978465,57356.52507465385,242.59631367240462,0.000507997116075497,56857.24348784433,249.99647876899127,249.7630884679791,0.00153745035570178,66618.74505250002,2849.690926215627,0.29612420753128443,245.32612973009327,245.18313837579305,0.0009595458532161868,60576.16958479149,905.7088881945941,0.10732503839081921,0.00020666666666666666
8850.0,33066.9819065811,242.27157459804937,242.16893560605925,0.000697333450577835,57384.71195766247,242.199484643981,0.0004897202779702454,56903.25684446109,249.6153347476406,249.3892665355879,0.0014914486137800177,66618.74505250002,2849.690926215627,0.2973616991057023,244.90321653605744,244.7657026423586,0.0009243630342551398,60559.43441735522,905.7088881945941,0.10655978710953183,0.000205
8900.0,32834.570212929924,241.87076683557996,241.77200822698705,0.0006720715292065773,57413.32660666375,241.80140988872887,0.0004719301146827716,56949.23339063356,249.2322697376245,249.01337945015877,0.0014462732796054413,66618.74505250002,2849.690926215627,0.29857408736851854,244.47850868901273,244.3463226498858,0.0008900744513425709,60542.9816182772,905.7088881945941,0.10576700903902825,0.00020333333333333333
8950.0,32603.410951013506,241.46880843924944,241.37381909768547,0.0006474873208935551,57442.3648403667,241.40210571527737,0.00045462055616879156,56995.17407487065,248.8472785395909,248.6354220611194,0.0014019266818444444,66618.74505250002,2849.690926215627,0.2997604210340906,244.0520199537974,243.92501367452672,0.0008566736492862084,60526.809751252804,905.7088881945941,0.10494649442100153,0.00020166666666666667
9000.0,32373.49834033931,241.0657153234275,240.9743858040683,0.0006235723407105352,57471.82273699029,241.00158925675453,0.000437785374875172,57041.08028995142,248.46035685518137,248.25539018441782,0.0013584107614958616,66618.74505250002,2849.690926215627,0.3009197443492942,243.6237652901769,243.50179226339947,0.0008241536609238872,60510.91739070908,905.7088881945941,0.10409804704141933,0.0002
9050.0,32144.82664526307,240.66150419284176,240.57372675160437,0.0006003178735958844,57501.696636568886,240.59987845549338,0.00042141819074977514,57086.95387027381,248.0715013143901,247.87328063137846,0.0013157270600060102,66618.74505250002,2849.690926215627,0.302051098725541,243.19376084346806,243.0766762238225,0.000792507011855669,60495.30312375567,905.7088881945941,0.10322148457419487,0.00019833333333333335
9100.0,31917.390175225162,240.2561925267707,240.17186114802934,0.0005777149820818948,57531.98314321102,240.19699204619394,0.000405512476671591,57132.79708868523,247.68070950178566,247.48909123632401,0.0012738767078680322,66618.74505250002,2849.690926215627,0.3031535244061657,242.7620239318818,242.64968460904862,0.0007617257265843007,60479.965552115005,905.7088881945941,0.10231663885791789,0.00019666666666666666
9150.0,31691.183284958424,239.84979856180442,239.76880898454206,0.0005557545146235365,57562.67912731243,239.7929495375979,0.00039006156428624407,57178.61265281435,247.2879799814482,247.102820882803,0.0012328604137702343,66618.74505250002,2849.690926215627,0.3042260621615776,242.3285730305667,242.22083770048488,0.0007318013360703266,60464.90329402957,905.7088881945941,0.10138335610188993,0.00019500000000000002
9200.0,31466.200374666125,239.4423412732316,239.36459101554993,0.0005344271145038698,57593.78172772536,239.3877711927375,0.0003750586502295289,57224.403700921444,246.89331232046948,246.71446952826287,0.0011926784543588097,66618.74505250002,2849.690926215627,0.30526775500409453,241.89342775235872,241.790156986406,0.0007027248866996684,60450.1149861441,905.7088881945941,0.1004214970183523,0.00019333333333333333
9250.0,31242.435890169865,239.03384035512173,238.95922873703702,0.0005137232292881856,57625.28835388654,238.9814780078314,0.0003604968027197073,57270.173797292075,246.49670711086517,246.32403822700718,0.001153330664680252,66618.74505250002,2849.690926215627,0.30627764991382556,241.45660882526275,241.35766513719133,0.0006744869506528782,60435.5992853606,905.7088881945941,0.09943093687811462,0.00019166666666666667
9300.0,31019.884323027025,238.62431619917675,238.55274436363538,0.0004936331207959137,57657.19668790689,238.57409168990617,0.00034636896849714154,57315.926927197965,246.09816598974865,245.93152915127803,0.0011148164293686513,66618.74505250002,2849.690926215627,0.3072547995666643,241.0181380667101,240.92338597713604,0.0006470776376561275,60421.35487066429,905.7088881945941,0.0984115654873196,0.00019
9350.0,30798.540210616862,238.21378987243546,238.14516080448868,0.0004741468755567062,57689.50468662668,238.1656346332303,0.0003326679800880865,57361.66749145528,245.69769165761818,245.53694561030557,0.0010771346746419339,66618.74505250002,2849.690926215627,0.3081982640549806,240.57803835465953,240.48734445291117,0.0006204866080854096,60407.380444918694,905.7088881945941,0.09736328708358251,0.00018833333333333332
9400.0,30578.39813619523,237.80228309391865,237.7365016380031,0.00045525441571435843,57722.2105836406,237.7561298946537,0.000319386563367648,57407.4003006096,245.29528789461284,245.14029206717197,0.0010402838611698868,66618.74505250002,2849.690926215627,0.3091071125914259,240.13633359562834,240.0495665987675,0.0005947030873862683,60393.674736628105,905.7088881945941,0.0962860201503157,0.0001866666666666667
9450.0,30359.452728917633,237.38981821031024,237.32679108558727,0.00043694551034004464,57755.312891297806,237.3456011679523,0.00030651734539534575,57453.13056878171,244.89095957459688,244.74157415334082,0.001004261977874765,66618.74505250002,2849.690926215627,0.3099804251859693,239.6930486897609,239.6100794986009,0.0005697158817627808,60380.23650166602,905.7088881945941,0.09517969714856821,0.000185
9500.0,30141.698663830488,236.9764181707755,236.91605398448903,0.00041920978711413866,57788.810402682786,236.93407275728396,0.0002940528624954303,57498.86390721082,244.48471267693827,244.3407986807108,0.000969066536722733,66618.74505250002,2849.690926215627,0.31081729428612087,239.24820949306195,239.1689112450172,0.0005455133950810432,60367.06452496804,905.7088881945941,0.09404426416627491,0.00018333333333333334
9550.0,29925.130661830448,236.5621065010199,236.50431575984092,0.00040203674433422407,57822.70219358345,236.5215695498637,0.0002819855685527187,57544.60631753083,244.07655429585446,243.93797365105902,0.0009346945685612783,66618.74505250002,2849.690926215627,0.31161682637032634,238.80184277694028,238.7260908955552,0.0005220836469241873,60354.15762218813,905.7088881945941,0.092879680485446,0.00018166666666666667
9600.0,29709.743489592187,236.14690727669998,236.09160239603145,0.0003854157632052442,57856.98762445375,236.1081169879753,0.00027030784349389237,57590.36418482179,243.66649264720724,243.53310826275015,0.0009011426200540889,66618.74505250002,2849.690926215627,0.3123781434843912,238.35397618522754,238.28164842624497,0.000499414291728351,60341.514641317175,905.7088881945941,0.091685918068306,0.00017999999999999998
9650.0,29495.531959464344,235.7308450962972,235.67794040752233,0.0003693361203666686,57891.6663423787,235.69374104043501,0.0002590120019232692,57636.14427047576,243.25453707263884,243.1262129145976,0.0008684067517605033,66618.74505250002,2849.690926215627,0.3131003847110495,237.9046381888521,237.83561468269642,0.00047749263892175626,60329.13446426295,905.7088881945941,0.0904629609640271,0.00017833333333333335
9700.0,29282.490929334293,235.31394505357153,235.2633568092346,0.0003537870006105334,57926.7382830504,235.27846817362848,0.0002480903018815223,57681.953704920255,242.84069804095202,242.71729920677515,0.0008364825374019079,66618.74505250002,2849.690926215627,0.3137827075628382,237.45385803836456,237.3880213289293,0.00045630567398254756,60317.01600839091,905.7088881945941,0.08921080463820556,0.00017666666666666666
9750.0,29070.615302462127,234.89623270971163,234.84787908662864,0.00033875750974374816,57962.20367276446,234.86232532224457,0.00023753495369546496,57727.79998024405,242.42498714664902,242.306379938691,0.0008053650643519766,66618.74505250002,2849.690926215627,0.31442428928874955,237.0016657145244,236.9389007941703,0.00043584008032516075,60305.15822802529,905.7088881945941,0.08792945522773939,0.000175
9800.0,28859.900027284282,234.47773406530104,234.4315351656045,0.0003242366875477074,57998.063030446836,234.44533985982898,0.0002273381288868588,57773.690942769186,242.00741710556133,241.8934691037517,0.0007750489353818487,66618.74505250002,2849.690926215627,0.31502432808559166,236.54809187716876,236.48828621785478,0.0004160822619198004,60293.56011591027,905.7088881945941,0.08661892872423467,0.00017333333333333334
9850.0,28650.340097187254,234.0584755322186,234.01435338234856,0.0003102135207883557,58034.31716972182,234.02753956928137,0.00021749196910819153,57819.63478561411,241.58800174751113,241.47858188095776,0.0007455282716849066,66618.74505250002,2849.690926215627,0.3155820442052397,236.09316781259608,236.0362113930822,0.0003970183665453788,60282.22070463114,905.7088881945941,0.08527925008960167,0.00017166666666666667
9900.0,28441.930550252397,233.63848390559326,233.59636245325342,0.00029667695623021676,58070.967201032654,233.60895261342134,0.0002079885950737845,57865.64004129519,241.1667560059669,241.06173462329156,0.0007167967171990025,66618.74505250002,2849.690926215627,0.3160966809496465,235.6369253797041,235.58271070878192,0.0003786343095727364,60271.13906799556,905.7088881945941,0.08391045230780188,0.00017
9950.0,28234.666468972413,233.21778633593047,233.17759144503538,0.00028361591360854713,58108.014533826936,233.1896075057447,0.0001988201154549406,57911.7155744115,240.7436959046695,240.6429448428744,0.0006888474442368882,66618.74505250002,2849.690926215627,0.31656750554601853,235.17939695512706,235.1278190908523,0.0003609157981724063,60260.31432237541,905.7088881945941,0.08251257537707725,0.00016833333333333335
10000.0,28028.54297994047,232.79354878201346,232.75503779769232,0.00027222755502412003,58145.46087881956,232.7665557576368,0.00019079962628693558,57956.900433051014,240.3188385412211,240.22223119288932,0.0006616731604280829,66618.74505250002,2849.690926215627,0.3171182918258383,234.72061537762298,234.67157194254034,0.0003438483558395055,60249.74562800957,905.7088881945941,0.08120724737364374,0.00016666666666666666
10050.0,27823.552743021875,232.3686594157962,232.3317588232931,0.00026131919556982285,58183.30016583512,232.34279643657266,0.0001831453480877312,58002.28241656475,239.8922019523578,239.79961332397193,0.0006352661654452803,66618.74505250002,2849.690926215627,0.3176243838959462,234.26060986532732,234.21400107734584,0.0003274172146901069,60239.42782463226,905.7088881945941,0.07987322368069154,0.000165
10100.0,27619.691007988942,231.94328874904934,231.90793939804902,0.0002507912505010085,58221.535873996596,231.9185142061302,0.0001757586806519173,58047.803795483735,239.46380533619748,239.37511211913338,0.0006096182590251632,66618.74505250002,2849.690926215627,0.3180789067785675,233.79941443147368,233.75514308657222,0.0003116076374780568,60229.36067029595,905.7088881945941,0.07850450445360149,0.00016333333333333334
10150.0,27416.95319144521,231.51745891807016,231.48360340007008,0.0002406333305340068,58260.1711968562,231.49373243561976,0.00016863226488463172,58093.4696511975,239.03366889951678,238.94874953142403,0.0005847208024977607,66618.74505250002,2849.690926215627,0.3184814668516403,233.33706312263791,233.2950346003604,0.00029640476306580597,60219.5436643593,905.7088881945941,0.07710138721385397,0.00016166666666666665
10200.0,27215.33474471932,231.09119682089303,231.05877942094557,0.00023083531827651306,58299.20958073725,231.0684792214573,0.0001617589372032034,58139.29031121166,238.60181382599495,238.520548549341,0.000560564733736849,66618.74505250002,2849.690926215627,0.31883149957094553,232.87120151960502,232.83118161059403,0.0002828013692856747,60209.97633130007,905.7088881945941,0.07556257587734257,0.00016
10250.0,27014.831157498083,230.66452935249058,230.63349602168097,0.00022138722772049554,58338.65476973465,230.64278263695783,0.0001551316307051538,58185.276327268344,238.16826224555157,238.09053316359098,0.0005371405803536806,66618.74505250002,2849.690926215627,0.3191284758327043,232.40336889237622,232.36521254591338,0.00027017317501030325,60200.65824420968,905.7088881945941,0.07395162114505667,0.00015833333333333332
10300.0,26815.437957253384,230.2374833865331,230.20778171377214,0.00021227920971915486,58378.510808559,230.21667071365283,0.00014874337878363153,58231.438465374136,237.73303720063498,237.6587283306331,0.0005144384741252881,66618.74505250002,2849.690926215627,0.319371901719806,231.93469035980218,231.8983222518162,0.0002580296745046399,60191.58902558344,905.7088881945941,0.07231489922002575,0.0001566666666666667
10350.0,26617.150708658344,229.81008576616173,229.78166494932623,0.0002035015573009351,58418.78204555644,229.7901714316438,0.00014258731863492848,58277.78770463973,237.29616260995093,237.2251599335118,0.0004924481665352758,66618.74505250002,2849.690926215627,0.3195613177408481,231.4651716812557,231.43051897350938,0.00024635597495292766,60182.7683480625,905.7088881945941,0.07065135010476767,0.000155
10400.0,26419.96501300096,229.38236329595645,229.3551741124453,0.00019504471058657673,58459.47313598974,229.36331271119658,0.00013665669449407239,58324.33523668608,236.85766322976534,236.7898547401249,0.0004711590453680049,66618.74505250002,2849.690926215627,0.31969629790608173,230.99484476006137,230.96183694023352,0.00023513818859677193,60174.195935167096,905.7088881945941,0.06896102619040408,0.00015333333333333334
10450.0,26223.876507596186,228.954342735102,228.92833751187413,0.0001868992613093893,58500.58904559774,228.9361224055787,0.0001309448605987844,58371.0924656211,236.41756461293383,236.3528403590915,0.0004505601522907944,66618.74505250002,2849.690926215627,0.3197764486443418,230.52374119721517,230.492310041415,0.00022436259997173067,60165.87156202393,905.7088881945941,0.06724396982128064,0.00015166666666666668
10500.0,26028.88086519763,228.5260507917647,228.5011833749237,0.00017905595694085562,58542.135054450635,228.5086282951526,0.00012544528388342744,58418.07100860442,235.97589306582537,235.91414519340063,0.0004306402013524648,66618.74505250002,2849.690926215627,0.3198014075652545,230.05189221730308,230.02197175119042,0.0002140156764442246,60157.795056090115,905.7088881945941,0.06550021029405924,0.00015
10550.0,25834.973793410303,228.09751411868726,228.07373984267835,0.00017150570442510296,58584.11676111907,228.08085808273023,0.00012015154640547232,58465.28269701237,235.53267560332023,235.47379839203367,0.0004113875983207854,66618.74505250002,2849.690926215627,0.3197708420719426,229.57932864350013,229.55085510194579,0.00020408407934764176,60149.96629787643,905.7088881945941,0.06372976288049505,0.00014833333333333335
10600.0,25642.151034104874,227.66875931001124,227.64603496649184,0.00016423957352716226,58626.540087175825,227.6528393901985,0.00011505734750805917,58512.739578222776,235.0879399020741,235.03182979976802,0.00039279046077637356,66618.74505250002,2849.690926215627,0.3196844478298887,229.10608087462697,229.07899266005788,0.00019455467427074308,60142.38522167254,905.7088881945941,0.061932627873991675,0.00014666666666666666
10650.0,25450.40836283509,227.23981289932917,227.21809670577565,0.00015724879980118873,58669.41128204934,227.22459975641553,0.00011015650572295264,58560.45391803058,234.6417142522516,234.58826990537835,0.000374836638876075,66618.74505250002,2849.690926215627,0.31954194709858197,228.63217886418096,228.60641650375237,0.00018541454049785203,60135.05181627702,905.7088881945941,0.06010878965671071,0.000145
10700.0,25259.741588259003,226.81070135897124,226.78995292708035,0.0001505247871859695,58712.73692824921,226.79616663638265,0.00010544296041909393,58608.438203712605,234.1940275079382,234.1431497884617,0.0003575137366951997,66618.74505250002,2849.690926215627,0.31934308693279306,228.1576521013286,228.1331582030644,0.0001766509796067402,60127.96612573491,905.7088881945941,0.05825821578679712,0.00014333333333333334
10750.0,25070.146551565238,226.38145110052582,226.3616314044687,0.00014405911023610392,58756.523946984475,226.36756740168818,0.00010091077320256078,58656.70514775283,233.7449090364496,233.69650106511887,0.00034080913405504313,66618.74505250002,2849.690926215627,0.31908763726112743,227.68252959384068,227.65924880187862,0.00016825152323388253,60121.12825008581,905.7088881945941,0.05638085610534875,0.00014166666666666668
10800.0,24881.619125905163,225.95208847659399,225.93315982117872,0.0001378435159982146,58800.779604196374,225.93882934222444,9.65541290744894e-05,58705.26769224625,233.29438866675952,233.24835583273,0.0003247100087399016,66618.74505250002,2849.690926215627,0.31877538884968143,227.2068398529401,227.18471880201594,0.00016020394002021134,60114.53834612531,905.7088881945941,0.0544766418621996,0.00014000000000000001
10850.0,24694.155215831717,225.52263978377738,225.50456577257276,0.00013186992554237184,58845.511517028186,225.5099796691728,9.23673373540155e-05,58754.139013994296,232.83959549378693,232.79567333736225,0.00031042400884501745,66618.74505250002,2849.690926215627,0.318279954438335,226.7306108800279,226.70959814932846,0.00015249624175368558,60108.19662818285,905.7088881945941,0.052545484859432466,0.00013833333333333333
10900.0,24507.750756746205,225.09313126689597,225.07587677036827,0.00012613043515968098,58890.727660755816,225.08104551925467,8.834483237384182e-05,58803.33253030905,232.3828884787709,232.34094884391425,0.00029699247091280847,66618.74505250002,2849.690926215627,0.3177019122973579,226.25387015524507,226.2339162217552,0.0001451166887278147,60102.103368919,905.7088881945941,0.050587276611311356,0.00013666666666666666
10950.0,24322.40171435356,224.6635891244343,224.64712024814577,0.00012061731723764701,58936.4363762037,224.65205396024325,8.448117395645229e-05,58852.86190554137,231.92507397708005,231.88504078921537,0.00028404947778813146,66618.74505250002,2849.690926215627,0.31707481698335943,225.77664462782235,225.7577018192868,0.00013805379433788585,60096.25890014526,905.7088881945941,0.04860188751898256,0.000135
11000.0,24138.104084126946,224.23403951521283,224.21832356812837,0.00011532302082545218,58982.646377672034,224.2230319977321,8.077104767938983e-05,58902.741058350584,231.4661599211187,231.42795937752194,0.0002715815547639445,66618.74505250002,2849.690926215627,0.31639755201896247,225.29896070816415,225.28098315578038,0.0001312963289388377,60090.66361366954,905.7088881945941,0.04658916605809828,0.00013333333333333334
11050.0,23954.853890782786,223.8045085662821,223.78951402922857,0.00011024017190178593,59029.36676140231,223.7940065831567,7.720926493830251e-05,58952.98416973359,231.006175627097,230.9697360649379,0.0002595760534489797,66618.74505250002,2849.690926215627,0.3156699314020791,224.82084426161074,224.80378785256264,0.00012483332299071954,60085.3179621706,905.7088881945941,0.044548937977365435,0.00013166666666666665
11100.0,23772.64718776653,223.37502238203788,223.36071887635782,0.00010536157335821014,59076.60701460983,223.36500462306495,7.379076281673543e-05,59003.605691832425,230.54515025883572,230.51040213205346,0.00024802041067428207,66618.74505250002,2849.690926215627,0.31489176238821454,224.34232060381595,224.3261429337543,0.0001186540695192993,60080.22246010463,905.7088881945941,0.04248100550568036,0.00013000000000000002
11150.0,23591.48005675037,222.9456070545565,222.93196531099514,0.00010068020471134842,59124.377025113106,222.93605298963445,7.05106037718152e-05,59054.620357540625,230.08311274971553,230.04998860414355,0.00023690216066529025,66618.74505250002,2849.690926215627,0.31406284158079856,223.86341449767733,223.84807482324598,0.00011274812592077688,60075.37768464741,905.7088881945941,0.0403851465654227,0.00012833333333333333
11200.0,23411.348607143118,222.5162886751493,222.50328050301266,9.618922155739001e-05,59172.68709159188,222.50717853243395,6.7363975145122e-05,59106.0431909299,229.62009177239116,229.5885262190214,0.0002262089481211951,66618.74505250002,2849.690926215627,0.31318295302722937,223.38415015175121,223.36960934325353,0.0001071053151406691,60070.784276675426,905.7088881945941,0.03826111398925025,0.0001266666666666667
11250.0,23232.24897561338,222.08709334713964,222.07469160375723,9.188195478252765e-05,59221.54793450709,222.07840809143022,6.434618850813577e-05,59157.88951852133,229.15611571017112,229.1260453966789,0.00021592854062302754,66618.74505250002,2849.690926215627,0.31225186631149165,222.90455122008495,222.89077171437853,0.00010171572625774909,60066.44294178957,905.7088881945941,0.036108634737538614,0.000125
11300.0,23054.17732562631,221.65804719986377,221.64622576038877,8.775190954301837e-05,59270.97070771831,221.6497685112405,6.145267885165406e-05,59210.17498142531,228.69121263000665,228.66257621065816,0.0002060488403507676,66618.74505250002,2849.690926215627,0.3112693346408945,222.42464080339565,222.41158655709822,9.656971450456076e-05,60062.35445138487,905.7088881945941,0.033927409113492825,0.00012333333333333334
11350.0,22877.129846994783,221.22917640390236,221.21791013147876,8.379276402853707e-05,59320.96701083586,221.22128665663612,5.8679003628601805e-05,59262.91554837944,228.22541025711573,228.19814836118152,0.00019655789509694284,66618.74505250002,2849.690926215627,0.31023509292788065,221.94444145152647,221.93207789460934,9.165790075638679e-05,60058.51964377005,905.7088881945941,0.03171710997279108,0.00012166666666666668
11400.0,22701.102755445336,220.80050718755018,220.78977190387408,7.999836802244046e-05,59371.548902347524,220.79298942930168,5.602084165957495e-05,59316.12752971189,227.7587359512627,227.73279115006017,0.00018744390856812243,66618.74505250002,2849.690926215627,0.3091488558676134,221.46397516710752,221.45226915694874,8.69711705207069e-05,60054.939425340795,905.7088881945941,0.029477381924349514,0.00012
11450.0,22526.092292199894,220.37206585453447,220.36183831083483,7.636274127241984e-05,59422.72891356179,220.3649037858603,5.347399191038622e-05,59369.82759226459,227.29121668470395,227.2665334573906,0.00017869524996952979,66618.74505250002,2849.690926215627,0.3080103160115018,220.98326341035326,220.9721831863154,8.250067245916821e-05,60051.61477181046,905.7088881945941,0.027207840518862044,0.00011833333333333334
11500.0,22352.09472357324,219.9438788029951,219.93413665145718,7.288007168485894e-05,59474.52006341269,219.93705675717587,5.103437215074856e-05,59424.032775309606,226.8228790218,226.79940372003978,0.0001703004628715749,66618.74505250002,2849.690926215627,0.306819141836272,220.5023271049246,220.49184224351802,7.823781647386956e-05,60048.54672950251,905.7088881945941,0.02490807142141668,0.00011666666666666667
11550.0,22179.10634058716,219.51597254574529,219.5066943113966,6.954471335598731e-05,59526.93587417371,219.50947546894923,4.86980175030909e-05,59478.76050749838,226.35374910028932,226.331429911911,0.00016224827336054992,66618.74505250002,2849.690926215627,0.3055749758077325,220.02118664478817,220.0112680154746,7.417427138938995e-05,60045.73641670864,905.7088881945941,0.022577629564417744,0.000115
11600.0,22007.123458601684,219.08837373183144,219.0795387849097,6.635118445265335e-05,59579.99038813173,219.08218716362651,4.646107889029424e-05,59534.02862488433,225.88385261421132,225.86263952597582,0.00015452759747894347,66618.74505250002,2849.690926215627,0.30427743243803657,219.53986190200476,219.53048162369078,7.03019622614963e-05,60043.18502511719,905.7088881945941,0.020216038276962965,0.00011333333333333333
11650.0,21836.142416963896,218.66110916941884,218.65269769823797,6.329416495525106e-05,59633.69818527525,218.65521922364357,4.43198213909503e-05,59589.855390063996,225.41321479845558,225.3930595580486,0.00014712754796378068,66618.74505250002,2849.690926215627,0.3029260963344383,219.0583722353814,219.0495036336467,6.661306734279598e-05,60040.893821316145,905.7088881945941,0.017822788386540285,0.00011166666666666667
11700.0,21666.159578674742,218.23420585003106,218.22619883436036,6.036849427499582e-05,59688.07440205475,218.22859919603385,4.2270622510495815e-05,59646.259512485296,224.94186041491358,224.92271649227396,0.0001400374402941746,66618.74505250002,2849.690926215627,0.30152052023740133,218.57673649992296,218.56835406502356,6.310001473487786e-05,60038.86414837551,905.7088881945941,0.015397337288860422,0.00011
11750.0,21497.171330074336,217.8076909741791,217.80007015914723,5.7569168757390065e-05,59743.13475127723,217.8023548184347,4.030997037635389e-05,59703.26016997833,224.46981374019884,224.4516362882923,0.00013324679806179783,66618.74505250002,2849.690926215627,0.3000602230451147,218.09497305702226,218.0870524027033,5.9755478755609104e-05,60037.097427514,905.7088881945941,0.012939107981386144,0.00010833333333333334
11800.0,21329.1740805464,217.38159197841736,217.3743398489533,5.489133908333982e-05,59798.895543201186,217.37651404652715,3.843446186491098e-05,59760.877031563374,223.99709855489854,223.97984437004135,0.00012674535768021348,66618.74505250002,2849.690926215627,0.29854468782123816,217.61309978532887,217.6056176084785,5.6572376049347606e-05,60035.5951598551,905.7088881945941,0.010447488056060359,0.00010666666666666668
11850.0,21162.16426224198,216.95593656387348,216.94903631969277,5.233030757897533e-05,59855.37370790302,216.95110508295542,3.664080066791747e-05,59819.13028160145,223.5237381343143,223.50736561614812,0.00012052307245108247,66618.74505250002,2849.690926215627,0.29697335978200223,217.13113409224016,217.12406813341053,5.3543861466807956e-05,60034.35892827778,905.7088881945941,0.007921828646394955,0.000105
11900.0,20996.13832982325,216.5307527263017,216.5241882574459,4.988152544481698e-05,59912.586818991105,216.52615640777486,3.4925795305587156e-05,59878.04064535474,223.04975524064554,223.03422435186067,0.00011457011600703613,66618.74505250002,2849.690926215627,0.2953456442584332,216.6490929259615,216.64242193077934,5.066332374029216e-05,60033.39039936774,905.7088881945941,0.005361443324080785,0.00010333333333333333
11950.0,20831.092760227628,216.10606878771884,216.0998246506538,4.75405899145008e-05,59970.55311874929,216.1016968104863,3.3286357093392446e-05,59937.629416032105,222.57517211656543,222.56044434246533,0.00010887688515254312,66618.74505250002,2849.690926215627,0.2936609046288454,216.16699278808275,216.16069646956856,4.792438097887109e-05,60032.691325474676,905.7088881945941,0.002765606939789639,0.00010166666666666667
12000.0,20667.02405245279,215.6819134296861,215.6759748239637,4.530324135282708e-05,60029.291544797605,215.6777554237183,3.1719498069227306e-05,59997.91848339868,222.10001048013697,222.08604878813225,0.00010343400212547098,66618.74505250002,2849.690926215627,0.2919184602164107,215.6848497466247,215.67890874843525,4.532087600699503e-05,60032.26354688218,905.7088881945941,0.0001335544029157187,0.0001
12050.0,20503.92872736302,215.25831572831007,215.25266847379672,4.316536030247074e-05,60088.82175836473,215.2543617586312,3.0222328887330672e-05,60058.930364038984,221.6242915210134,221.61106032012918,9.823231630309406e-05,66618.74505250002,2849.690926215627,0.2901175841459321,215.25831572831007,215.2543617586312,4.316536030247074e-05,60088.82175836473,905.7088881945941,-0.0025355206054792916,9.833333333333333e-05
12100.0,20341.803327517515,214.83530519104374,214.82993570571657,4.112296448822647e-05,60149.16417427385,214.831545742121,2.879205668503214e-05,60120.68823336787,221.14803589786447,221.13550099834112,9.326290537723732e-05,66618.74505250002,2849.690926215627,0.28825750115346066,214.83530519104374,214.831545742121,4.112296448822647e-05,60149.16417427385,905.7088881945941,-0.005242466992531181,9.666666666666667e-05
12150.0,20180.644417020965,214.41291179537578,214.40780707368805,3.917220578722378e-05,60210.33999275156,214.4093377559124,2.7425982928086305e-05,60183.215959492634,220.67126373697198,220.65939231003244,8.851707602391139e-05,66618.74505250002,2849.690926215627,0.2863373853420279,214.41291179537578,214.4093377559124,3.917220578722378e-05,60210.33999275156,905.7088881945941,-0.007988177692351606,9.5e-05
12200.0,20020.448581397213,213.9911660295082,213.9863136213225,3.730936717309516e-05,60272.37123317778,213.98776867763843,2.612150124004462e-05,60246.538139038246,220.1939946319312,220.18275516978656,8.398636409329323e-05,66618.74505250002,2849.690926215627,0.28435635787590696,213.9911660295082,213.98776867763843,3.730936717309516e-05,60272.37123317778,905.7088881945941,-0.01077359119052883,9.333333333333334e-05
12250.0,19861.212427486284,213.57009893513185,213.56548692521943,3.553085964164362e-05,60335.280769904464,213.56686992401717,2.4876095220823716e-05,60310.680135059316,219.71624764439997,219.70560992055735,7.966253434624611e-05,66618.74505250002,2849.690926215627,0.28231348460550837,213.57009893513185,213.56686992401717,3.553085964164362e-05,60335.280769904464,905.7088881945941,-0.013599693141179103,9.166666666666667e-05
12300.0,19702.93258336569,213.14974215241918,213.14535914052306,3.383321912511118e-05,60399.09237028063,213.146673496243,2.3687336259309594e-05,60375.668117169014,219.23804130583252,219.22797633576684,7.553757976369444e-05,66618.74505250002,2849.690926215627,0.2802077736142692,213.14974215241918,213.146673496243,3.383321912511118e-05,60399.09237028063,905.7088881945941,-0.016467518084055402,8.999999999999999e-05
12350.0,19545.605698296335,212.7301279673685,212.72596304882606,3.221310340172503e-05,60463.830735032934,212.7272120277267,2.2552881344556035e-05,60441.529104031055,218.7593936201377,218.74987362238303,7.160372045519894e-05,66618.74505250002,2849.690926215627,0.2780381726782895,212.7301279673685,212.7272120277267,3.221310340172503e-05,60463.830735032934,905.7088881945941,-0.019378151269576326,8.833333333333333e-05
12400.0,19389.228442694068,212.3112893616448,212.30733210856562,3.066728900677368e-05,60529.52154116293,212.3085188343282,2.147047087983724e-05,60508.291008370084,218.28032206720061,218.2713204249132,6.785340219291286e-05,66618.74505250002,2849.690926215627,0.27580356662880756,212.3112893616448,212.3085188343282,3.066728900677368e-05,60529.52154116293,905.7088881945941,-0.022332730600149384,8.666666666666667e-05
12450.0,19233.797508127187,211.89326006507724,211.88950050807108,2.9192668151055053e-05,60596.1914875359,211.89062796724255,2.0437926503536497e-05,60575.98268467146,217.8008436072074,217.7923348302471,6.427929459684095e-05,66618.74505250002,2849.690926215627,0.2735027746068854,211.89326006507724,211.89062796724255,2.9192668151055053e-05,60596.1914875359,905.7088881945941,-0.025332448696750297,8.5e-05
12500.0,19079.30960734119,211.4760746109908,211.47250322143876,2.778624565213779e-05,60663.8683433508,211.47357426871534,1.9453148920575973e-05,60644.63397975702,217.32097468571374,217.31293437328787,6.087428899693509e-05,66618.74505250002,2849.690926215627,0.2711345471988068,211.4760746109908,211.47357426871534,2.778624565213779e-05,60663.8683433508,905.7088881945941,-0.028378555100477175,8.333333333333333e-05
12550.0,18925.761474311177,211.0597683945629,211.05637606742602,2.644513588348674e-05,60732.58099969723,211.0573934307779,1.8514115747822527e-05,60714.275786436534,216.84073123939945,216.83313604330706,5.763149599707135e-05,66618.74505250002,2849.690926215627,0.2686975634400796,211.0597683945629,211.0573934307779,2.644513588348674e-05,60732.58099969723,905.7088881945941,-0.03147235861917108,8.166666666666667e-05
12600.0,18773.14986432299,210.64437773441904,210.6411557715762,2.5166559746132216e-05,60802.35952442322,210.6421220572161,1.7618879376651954e-05,60784.94010045764,216.36012870245216,216.3529562909642,5.454424276537687e-05,66618.74505250002,2849.690926215627,0.26619042767474205,210.64437773441904,210.6421220572161,2.5166559746132216e-05,60802.35952442322,905.7088881945941,-0.034615229830402224,8e-05
12650.0,18621.471554084288,210.22993993769768,210.2268800318055,2.394784166719207e-05,60873.23522055733,210.22779772900333,1.6765564855600624e-05,60856.66008099338,215.87918201352477,215.87241103593112,5.160607007471301e-05,66618.74505250002,2849.690926215627,0.2636116662559451,210.22993993769768,210.22779772900333,2.394784166719207e-05,60873.23522055733,905.7088881945941,-0.03780860375263254,7.833333333333334e-05
12700.0,18470.72334186627,209.81649336884112,209.81358758770685,2.2786406629217018e-05,60945.240688550635,209.81445907345267,1.5952367795798916e-05,60929.4701149304,215.39790562321392,215.39151567506437,4.881072911641049e-05,66618.74505250002,2849.690926215627,0.2609597240725229,209.81649336884112,209.81445907345267,2.2786406629217018e-05,60945.240688550635,905.7088881945941,-0.04105398269753714,7.666666666666667e-05
12750.0,18320.902047677442,209.40407752239017,209.4013182938493,2.1679777233987975e-05,61018.40989262792,209.40214583736682,1.5177552301642534e-05,61003.40588524379,214.91631350200598,214.91028509106974,4.6152178109548704e-05,66618.74505250002,2849.690926215627,0.2582329608851538,209.40407752239017,209.40214583736682,2.1679777233987975e-05,61018.40989262792,905.7088881945941,-0.04435293931741342,7.5e-05
12800.0,18172.004513470776,208.99273310009065,208.99011319737957,2.062557080407672e-05,61092.77823156456,208.9908989644932,1.4439448928951627e-05,61078.504443773316,214.43441914864434,214.4287336616071,4.362457872727428e-05,66618.74505250002,2849.690926215627,0.2554296474545151,208.99273310009065,208.9908989644932,2.062557080407672e-05,61092.77823156456,905.7088881945941,-0.04770711986289322,7.333333333333333e-05
12850.0,18024.027603385326,208.58250209264844,208.58001462026297,1.9621496525181e-05,61168.38261423498,208.58076067762076,1.3736452672646726e-05,61154.80428874456,213.95223559886549,213.94687526878323,4.1222292360759286e-05,66618.74505250002,2849.690926215627,0.25254796144209185,208.58250209264844,208.58076067762076,1.9621496525181e-05,61168.38261423498,905.7088881945941,-0.05111824766741309,7.166666666666667e-05
12900.0,17876.96820402431,208.17342786650372,208.17106624653357,1.866535263194839e-05,61245.26154031177,208.17177456568908,1.306702098578051e-05,61232.34544741165,213.46977543446292,213.46472330898482,3.893987624053027e-05,66618.74505250002,2849.690926215627,0.24958598306311494,208.17342786650372,208.17177456568908,1.866535263194839e-05,61245.26154031177,905.7088881945941,-0.054588126876414934,7.000000000000001e-05
12950.0,17730.823224770767,207.76555525603257,207.76331321496127,1.7755023639735347e-05,61323.4551865312,207.76398567631736,1.2429671831570359e-05,61311.169564235985,212.98705079263272,212.98229070300536,3.67720794339764e-05,66618.74505250002,2849.690926215627,0.24654169046897462,207.76555525603257,207.76398567631736,1.7755023639735347e-05,61323.4551865312,905.7088881945941,-0.05811864644093948,6.833333333333333e-05
13000.0,17585.58959814313,207.35893066162475,207.35680221758537,1.6888477624486292e-05,61403.00549898232,207.35744061420246,1.1822981769904214e-05,61391.31999505579,212.5040733755595,212.49958990642125,3.4713838736919576e-05,66618.74505250002,2849.690926215627,0.24341295483465228,207.35893066162475,207.35744061420246,1.6888477624486292e-05,61403.00549898232,905.7088881945941,-0.061711784397035584,6.666666666666667e-05
13050.0,17441.264280192183,206.953602154134,206.95158160460983,1.606376355267509e-05,61483.9562919224,206.95218764588216,1.124558407962257e-05,61472.84190774902,212.02085446020496,212.01663292017597,3.2760274476201666e-05,66618.74505250002,2849.690926215627,0.2401975351244846,206.953602154134,206.95218764588216,1.606376355267509e-05,61483.9562919224,905.7088881945941,-0.06536961245455579,6.500000000000001e-05
13100.0,17297.84425094206,206.54961958624864,206.54770149620796,1.527900866302139e-05,61566.353353673716,206.54827681141057,1.0696166917722854e-05,61555.78238994185,211.537404908261,211.53343130133266,3.090668623931095e-05,66618.74505250002,2849.690926215627,0.23689307250701402,206.54961958624864,206.54827681141057,1.527900866302139e-05,61566.353353673716,905.7088881945941,-0.06909430092124547,6.333333333333335e-05
13150.0,17155.326514877284,206.14703471138728,206.14521390184234,1.4532415901483186e-05,61650.24456021444,206.14576004355206,1.017347151648922e-05,61640.19056437551,211.05373517623246,211.0499961739583,2.914854854614308e-05,66618.74505250002,2849.690926215627,0.23349708438698386,206.14703471138728,206.14576004355206,1.4532415901483186e-05,61650.24456021444,905.7088881945941,-0.07288812399059508,6.166666666666667e-05
13200.0,17013.708101478755,205.74590131079376,205.74417284777192,1.3822261410829463e-05,61735.67999714245,205.7446912951656,9.676290419412416e-06,61726.11771260881,210.56985532561737,210.56633824010441,2.748150647707855e-05,66618.74505250002,2849.690926215627,0.23000695801922644,205.74590131079376,205.7446912951656,1.3822261410829463e-05,61735.67999714245,905.7088881945941,-0.07675346542499635,6e-05
13250.0,16872.986065811227,205.3462753295754,205.34463451349285,1.314689207591255e-05,61822.7120907652,205.3451266755258,9.203465756642795e-06,61813.6174078088,210.08577503315388,210.08246779085212,2.5901371270658173e-05,66618.74505250002,2849.690926215627,0.2264199436658025,205.3462753295754,205.3451266755258,1.314689207591255e-05,61822.7120907652,905.7088881945941,-0.08069282466905367,5.833333333333333e-05
13300.0,16733.157489165766,204.94821502251685,204.94665737794324,1.2504723125594485e-05,61911.39574915356,204.9471245964111,8.753887560602336e-06,61902.74565746621,209.6015036011048,209.59839471739062,2.4404115903249206e-05,66618.74505250002,2849.690926215627,0.22273314725347892,204.94821502251685,204.9471245964111,1.2504723125594485e-05,61911.39574915356,905.7088881945941,-0.0847088234317398,5.6666666666666664e-05
13350.0,16594.219479760566,204.55178111059706,204.55030237640034,1.189423579213148e-05,62001.788514094114,204.5507459288877,8.32649212228227e-06,61993.56105697045,209.1170499675542,209.114128522102,2.298587066224563e-05,66618.74505250002,2849.690926215627,0.21894352248409463,204.55178111059706,204.5507459288877,1.189423579213148e-05,62001.788514094114,905.7088881945941,-0.0888042127805583,5.5e-05
13400.0,16456.16917350376,204.15703694924645,204.15563306910704,1.1313975028682884e-05,62093.950724985225,204.15605417182607,7.920260388657407e-06,62086.12495508854,208.63242271669,208.62967832962477,2.1642918723493854e-05,66618.74505250002,2849.690926215627,0.2150478623449836,204.15703694924645,204.15605417182607,1.1313975028682884e-05,62093.950724985225,905.7088881945941,-0.09298188079580065,5.333333333333334e-05
13450.0,16319.003734822836,203.76404870950975,203.7627158227935,1.0762547285494943e-05,62187.945695849834,203.76311563331532,7.534216401569028e-06,62180.50163251968,208.147630089051,208.14505289787348,2.0371691742839793e-05,66618.74505250002,2849.690926215627,0.211042789960488,203.76404870950975,203.76311563331532,1.0762547285494943e-05,62187.945695849834,905.7088881945941,-0.09724486083883467,5.1666666666666664e-05
13500.0,16182.720357565087,203.37288557342723,203.37162000640544,1.0238618345205765e-05,62283.8399067855,203.37199962628847,7.167425778360524e-06,62276.758494847636,207.66267999171723,207.66026062899138,1.916876547089861e-05,66618.74505250002,2849.690926215627,0.2069247487184372,203.37288557342723,203.37199962628847,1.0238618345205765e-05,62283.8399067855,905.7088881945941,-0.10159634049518752,5e-05
13550.0,16047.316265974381,202.9836199451157,202.98241820252292,9.740911217636896e-06,62381.70321134404,202.98277867983964,6.818994234489884e-06,62374.96628137996,207.1775800084235,207.17530958021595,1.8030855399401348e-05,66618.74505250002,2849.690926215627,0.2026899915972235,202.9836199451157,202.98277867983964,9.740911217636896e-06,62381.70321134404,905.7088881945941,-0.10603967126076098,4.8333333333333334e-05
13600.0,15912.788715750294,202.59632767923492,202.59518643615255,9.268204094370913e-06,62481.609061534444,202.59552876791986,6.488066148306082e-06,62475.19929157129,206.6923374095797,206.69020747463924,1.6954812446750488e-05,66618.74505250002,2849.690926215627,0.1983345696092826,202.59632767923492,202.59552876791986,9.268204094370913e-06,62481.609061534444,905.7088881945941,-0.11057837904908432,4.666666666666667e-05
13650.0,15779.134995195722,202.21108832875703,202.2100044228125,8.819328363372222e-06,62583.63475237981,202.2103295573272,6.173823168142118e-06,62577.53563095731,206.20695916218145,206.20496171184564,1.593761868972221e-05,66618.74505250002,2849.690926215627,0.1938543192654331,202.21108832875703,202.2103295573272,8.819328363372222e-06,62583.63475237981,905.7088881945941,-0.11521617560799169,4.4999999999999996e-05
13700.0,15646.352426460599,201.82798541423884,201.8269558381102,8.393166683890686e-06,62687.86168824084,201.82726467719363,5.8754828618713465e-06,62682.057478814706,205.72145193959642,205.71957937841236,1.4976383147597988e-05,66618.74505250002,2849.690926215627,0.18924484895078011,201.82798541423884,201.82726467719363,8.393166683890686e-06,62687.86168824084,905.7088881945941,-0.11995697094721251,4.3333333333333334e-05
13750.0,15514.438366889666,201.44710671713244,201.44612861134755,7.988651121895769e-06,62794.37567345588,201.4464220125021,5.592297409078815e-06,62788.85138009551,205.23582213121412,205.2340672582587,1.4068337624378568e-05,66618.74505250002,2849.690926215627,0.1845015240865721,201.44710671713244,201.4464220125021,7.988651121895769e-06,62794.37567345588,905.7088881945941,-0.1248048868939292,4.1666666666666665e-05
13800.0,15383.390210483623,201.06854460007423,201.06761524609394,7.604761346330418e-06,62903.26723025501,201.06789402457457,5.323552336030717e-06,62898.008564593016,204.75007585194675,204.74843184283245,1.3210832614139852e-05,66618.74505250002,2849.690926215627,0.1796194509325355,201.06854460007423,201.06789402457457,7.604761346330418e-06,62903.26723025501,905.7088881945941,-0.1297642719118717,4e-05
13850.0,15253.205389484141,200.6923963575863,200.6915131711618,7.240522886554127e-06,63014.63194740346,200.691778101966,5.068565293682717e-06,63009.625296795326,204.26421895157083,204.26267934112153,1.2401333274026125e-05,66618.74505250002,2849.690926215627,0.17459345886007593,200.6923963575863,200.691778101966,7.240522886554127e-06,63014.63194740346,905.7088881945941,-0.1348397173427494,3.8333333333333334e-05
13900.0,15123.881376094421,200.31876460123647,200.31792512603027,6.895005451474959e-06,63128.570863643676,200.31817694580874,4.826684879059696e-06,63123.8032604937,203.77825702390217,203.7768156894833,1.1637415468847206e-05,66618.74505250002,2849.690926215627,0.1694180808967563,200.31876460123647,200.31817694580874,6.895005451474959e-06,63128.570863643676,905.7088881945941,-0.1400360752570498,3.6666666666666666e-05
13950.0,14995.415684349264,199.94775768406453,199.94695958552447,6.567321311059388e-06,63245.19089077299,199.94719899441648,4.597289500474965e-06,63240.649982984265,203.29219541579323,203.29084656128117,1.0916761890741696e-05,66618.74505250002,2849.690926215627,0.16408753230481163,199.94775768406453,199.94719899441648,6.567321311059388e-06,63245.19089077299,905.7088881945941,-0.14535847813698513,3.5000000000000004e-05
14000.0,14867.805872149975,199.57949017004745,199.57873122952407,6.25662374118225e-06,63364.605282165285,199.57895889291996,4.379786287246374e-06,63360.27930466884,202.80603923594936,202.80477737632305,1.0237158256902136e-05,66618.74505250002,2849.690926215627,0.1585956869091554,199.57949017004745,199.57895889291996,6.25662374118225e-06,63364.605282165285,905.7088881945941,-0.15081236065961506,3.3333333333333335e-05
14050.0,14741.049543482655,199.21408335561935,199.21336146471552,5.962105533155023e-06,63486.93415379432,199.21357801494975,4.173610044834972e-06,63482.811901113004,202.31979336355582,202.31861331009497,9.596489587915228e-06,66618.74505250002,2849.690926215627,0.15293605082864406,199.21408335561935,199.21357801494975,5.962105533155023e-06,63486.93415379432,905.7088881945941,-0.15640348390652947,3.166666666666667e-05
14100.0,14615.144350841094,198.85166585188054,198.85097900702365,5.682997569797318e-06,63612.3050664481,198.85118504500102,3.978222256697691e-06,63608.375866248185,201.83346245671137,201.83235930278485,8.99273656885818e-06,66618.74505250002,2849.690926215627,0.14710173318426767,198.85166585188054,198.85118504500102,5.682997569797318e-06,63612.3050664481,905.7088881945941,-0.16213796240309292,3e-05
14150.0,14490.087997879471,198.49237423828941,198.4917205355146,5.418567470644794e-06,63740.853679994,198.49191663227393,3.793110134659944e-06,63737.10736757738,201.34705096066529,201.3460200680926,8.423971994909203e-06,66618.74505250002,2849.690926215627,0.1410854132506276,198.49237423828941,198.49191663227393,5.418567470644794e-06,63740.853679994,905.7088881945941,-0.1680222944925726,2.8333333333333332e-05
14200.0,14365.878242325422,198.136353801553,198.13573143148702,5.168118309909715e-06,63872.724493498616,198.13591812970415,3.6177857203269846e-06,63869.15138718324,200.8605631158532,200.8596001018235,7.88835730287184e-06,66618.74505250002,2849.690926215627,0.13487930337131024,198.136353801553,198.13591812970415,5.168118309909715e-06,63872.724493498616,905.7088881945941,-0.17406339668955834,2.666666666666667e-05
14250.0,14242.512899189782,197.78375937748913,197.78316662052293,4.930987412263325e-06,64008.07168908682,197.78334443595773,3.4517850410755706e-06,64004.66256642254,200.3740029657308,200.373103690262,7.384139189679837e-06,66618.74505250002,2849.690926215627,0.12847510675612528,197.78375937748913,197.78334443595773,4.930987412263325e-06,64008.07168908682,905.7088881945941,-0.18026864285105254,2.5e-05
14300.0,14119.989844318576,197.43475631938443,197.43419154102253,4.706545233611493e-06,64147.06010321668,197.4343609639125,3.2946673256346872e-06,64143.806177975406,199.88737436440238,199.88653491832488,6.909646318644516e-06,66618.74505250002,2849.690926215627,0.12186396898985993,197.43475631938443,197.4343609639125,4.706545233611493e-06,64147.06010321668,905.7088881945941,-0.18664590927938776,2.3333333333333336e-05
14350.0,13998.307018343565,197.08952162475936,197.08898327113144,4.494194337143642e-06,64289.866357485276,197.0891447675375,3.146014286446237e-06,64286.75925736019,199.40068098404484,199.3998976774925,6.463286113919095e-06,66618.74505250002,2849.690926215627,0.11503642166099998,197.08952162475936,197.0891447675375,4.494194337143642e-06,64289.866357485276,905.7088881945941,-0.19320362727484752,2.1666666666666667e-05
14400.0,13877.462431104144,196.74824526501894,196.74773185854022,4.293368479655357e-06,64436.68019373531,196.74788587164727,3.005429479295853e-06,64433.71193866955,198.91392632212475,198.9131956735181,6.0435416433949336e-06,66618.74505250002,2849.690926215627,0.10798231588592153,196.74824526501894,196.74788587164727,4.293368479655357e-06,64436.68019373531,905.7088881945941,-0.1999508452628515,2e-05
14450.0,13757.454166634967,196.41113178194388,196.41064191710478,4.103531830525295e-06,64587.70607783106,196.41078886848385,2.8725377558763368e-06,64584.86905888371,198.4271137084109,198.42643243391532,5.648968590001805e-06,66618.74505250002,2849.690926215627,0.10069074252164946,196.41113178194388,196.41078886848385,4.103531830525295e-06,64587.70607783106,905.7088881945941,-0.20689730356384978,1.8333333333333333e-05
14500.0,13638.280388847277,196.07840224623607,196.0779345855003,3.9241783576875585e-06,64743.16516794285,196.07807487633838,2.7469848333156892e-06,64740.45212657332,197.94024631178058,197.9396113152249,5.278192311161657e-06,66618.74505250002,2849.690926215627,0.09314993428013983,196.07840224623607,196.07807487633838,3.9241783576875585e-06,64743.16516794285,905.7088881945941,-0.2140535263922411,1.6666666666666667e-05
14550.0,13519.939348080552,195.75029672564193,195.74984999542443,3.754831435110529e-06,64903.297795831255,195.74998400773032,2.6284370188224905e-06,64900.70180344401,197.45332714682277,197.45273551006176,4.92990498594118e-06,66618.74505250002,2849.690926215627,0.0853471423095707,195.75029672564193,195.74998400773032,3.754831435110529e-06,64903.297795831255,905.7088881945941,-0.2214309382172368,1.5e-05
14600.0,13402.429388779097,195.42707750193043,195.42665048861608,3.5950437619521422e-06,65068.36670198206,195.42677858641386,2.5165811525648117e-06,65065.88113950983,196.9663590802388,196.96580805394447,4.60286284925634e-06,66618.74505250002,2849.690926215627,0.07726847515823836,195.42707750193043,195.42677858641386,3.5950437619521422e-06,65068.36670198206,905.7088881945941,-0.22904201609435246,1.3333333333333335e-05
14650.0,13285.74895867532,195.10903344612493,195.1086249920699,3.4443977501949528e-06,65238.66143669326,195.1087475225982,2.411124878542344e-06,65236.27997388265,196.47934483704213,196.4788318319091,4.295883512301604e-06,66618.74505250002,2849.690926215627,0.06889867940742858,195.10903344612493,195.1087475225982,3.4443977501949528e-06,65238.66143669326,905.7088881945941,-0.23690049788985948,1.1666666666666668e-05
14700.0,13169.896620081707,194.79648629848117,194.7960952979049,3.3025066706486455e-06,65414.50467854123,194.7962125928484,2.311797446373983e-06,65412.221252393625,195.9922870065611,195.99180958491056,4.007843368199266e-06,66618.74505250002,2849.690926215627,0.06022082414920628,194.79648629848117,194.7962125928484,3.3025066706486455e-06,65414.50467854123,905.7088881945941,-0.24502168281820344,1e-05
14750.0,13054.871064298099,194.4898003243732,194.4894257189777,3.1690171356818442e-06,65596.26195113029,194.48953809578103,2.218351448861432e-06,65594.07074253277,195.5051880482456,195.50474391601398,3.73767508167262e-06,66618.74505250002,2849.690926215627,0.05121581468321364,194.4898003243732,194.48953809578103,3.1690171356818442e-06,65596.26195113029,905.7088881945941,-0.2534228962244842,8.333333333333334e-06
14800.0,12940.671130945762,194.1893985449182,194.1890393189199,3.043614190743487e-06,65784.35795818323,194.18914708227754,2.1305663857903227e-06,65782.25336483111,195.0180502972824,195.0176372963805,3.484365161309914e-06,66618.74505250002,2849.690926215627,0.04186157303954234,194.1893985449182,194.18914708227754,3.043614190743487e-06,65784.35795818323,905.7088881945941,-0.26212427530155175,6.6666666666666675e-06
14850.0,12827.295835799463,193.8957934650393,193.89544863891348,2.9260322006092076e-06,65979.30751233362,193.8955520826458,2.0482562841807e-06,65977.28411370786,194.53087597002312,194.53049207105147,3.246951612608496e-06,66618.74505250002,2849.690926215627,0.0321314829092182,193.8957934650393,193.8955520826458,2.9260322006092076e-06,65979.30751233362,905.7088881945941,-0.2711502644042301,5e-06
14900.0,12714.74441507524,193.60965588848796,193.60932450956815,2.8160811233442586e-06,66181.78480423697,193.60942391944135,1.9712880902615984e-06,66179.83730731148,194.04366716923036,194.04331046453797,3.0245216691954666e-06,66618.74505250002,2849.690926215627,0.021990900425623187,193.60965588848796,193.60942391944135,2.8160811233442586e-06,66181.78480423697,905.7088881945941,-0.28053297864118826,3.3333333333333337e-06
14950.0,12603.016407258341,193.33201559303365,193.33169671645305,2.7137267465051626e-06,66392.82541095723,193.33179237589584,1.8996378360757072e-06,66390.94853658504,193.55642588915427,193.55609458622814,2.8162095973626777e-06,66618.74505250002,2849.690926215627,0.011386965569000386,193.33201559303365,193.33179237589584,2.7137267465051626e-06,66392.82541095723,905.7088881945941,-0.29032204670178813,1.6666666666666669e-06
15000.0,12492.111845988165,193.0652468477797,193.06493946840837,2.619496714362328e-06,66614.81839246693,193.06503167892924,1.8336748661698066e-06,66613.00645806288,193.0691540204717,193.06884643564592,2.621194559974116e-06,66618.74505250002,2849.690926215627,0.0001985306249282534,193.0652468477797,193.06503167892924,2.619496714362328e-06,66614.81839246693,905.7088881945941,-0.3006330716131338,0.0
