z,p,T_rho,T,qv,h,T_env,q_env,h_env,T_rho_u,T_u,qv_u,h_u,CAPE_u,B_u,T_rho_w,T_w,qv_w,h_w,CAPE_w,B_w,ent
50.0,100000.0,302.8262228260869,300.0,0.0155,66618.74505250002,299.9963394336978,0.015433165617956773,66446.31101452737,302.8262228260869,300.0,0.0155,66618.74505250002,5017.2868473223325,0.0,302.8262228260869,300.0,0.0155,66618.74505250002,2126.358797270113,0.0,0.0
100.0,99437.29814783567,302.3403799236295,299.5186913822158,0.0155,66618.74505250002,299.5694889215432,0.015138326393134274,65757.70837699785,302.3403799236295,299.5186913822158,0.0155,66618.74505250002,5017.2868473223325,0.0,302.3403799236295,299.5694889215432,0.0155,66618.74505250002,2126.358797270113,0.0,0.0
150.0,98876.8660278752,301.854537021172,299.0373827644316,0.0155,66618.74505250002,299.14175480869153,0.014847295372416025,65078.03318310258,301.854537021172,299.0373827644316,0.0155,66618.74505250002,5017.2868473223325,0.0,301.854537021172,299.14175480869153,0.0155,66618.74505250002,2126.358797270113,0.0,0.0
200.0,98318.69811303161,301.3686941187146,298.5560741466474,0.0155,66618.74505250002,298.71314239521206,0.014560062313260099,64407.26143012638,301.3686941187146,298.5560741466474,0.0155,66618.74505250002,5017.2868473223325,0.0,301.3686941187146,298.71314239521206,0.0155,66618.74505250002,2126.358797270113,0.0,0.0
250.0,97762.78888081323,300.88285121625717,298.0747655288632,0.0155,66618.74505250002,298.28365710142407,0.014276616287523919,63745.367500758126,300.88285121625717,298.0747655288632,0.0155,66618.74505250002,5017.2868473223325,0.0,300.88285121625717,298.28365710142407,0.0155,66618.74505250002,2126.358797270113,0.0,0.0
300.0,97209.1328133278,300.39700831379974,297.59345691107904,0.0155,66618.74505250002,297.85330446621913,0.013996945684403728,63092.32417017844,300.39700831379974,297.59345691107904,0.0155,66618.74505250002,5017.2868473223325,0.0,300.39700831379974,297.85330446621913,0.0155,66618.74505250002,2126.358797270113,0.0,0.0
350.0,96657.72439728609,299.91116541134227,297.11214829329487,0.0155,66618.74505250002,297.42209014529584,0.01372103821384554,62448.10261425594,299.91116541134227,297.11214829329487,0.0155,66618.74505250002,5017.2868473223325,0.0,299.91116541134227,297.42209014529584,0.0155,66618.74505250002,2126.358797270113,0.0,0.0
400.0,96108.55812400479,299.4253225088848,296.63083967551063,0.0155,66618.74505250002,296.9900199093081,0.013448880910428198,61812.67241885313,299.4253225088848,296.63083967551063,0.0155,66618.74505250002,5017.2868473223325,0.0,299.4253225088848,296.9900199093081,0.0155,66618.74505250002,2126.358797270113,0.0,0.0
450.0,95561.628489411,298.93947960642737,296.14953105772645,0.0155,66618.74505250002,296.55709964193,0.01318046013771816,61186.001590242595,298.93947960642737,296.14953105772645,0.0155,66618.74505250002,5017.2868473223325,0.0,298.93947960642737,296.55709964193,0.0155,66618.74505250002,2126.358797270113,0.0,0.0
500.0,95016.92999404533,298.45363670396995,295.66822243994227,0.0155,66618.74505250002,296.1233353378359,0.01291576159309299,60568.05656662333,298.45363670396995,295.66822243994227,0.0155,66618.74505250002,5017.2868473223325,0.0,298.45363670396995,296.1233353378359,0.0155,66618.74505250002,2126.358797270113,0.0,0.0
550.0,94474.45714306565,297.9677938015125,295.1869138221581,0.0155,66618.74505250002,295.6887331006,0.012654770313033607,59958.80223073979,297.9677938015125,295.1869138221581,0.0155,66618.74505250002,5017.2868473223325,0.0,297.9677938015125,295.6887331006,0.0155,66618.74505250002,2126.358797270113,0.0,0.0
600.0,93934.20444625041,297.4819508990551,294.7056052043739,0.0155,66618.74505250002,295.2532991405157,0.012397470678880876,59358.20192359157,297.4819508990551,294.7056052043739,0.0155,66618.74505250002,5017.2868473223325,0.0,297.4819508990551,295.2532991405157,0.0155,66618.74505250002,2126.358797270113,0.0,0.0
650.0,93396.16641800293,296.99610799659763,294.2242965865897,0.0155,66618.74505250002,294.8170397723367,0.012143846423053668,58766.217459227286,296.99610799659763,294.2242965865897,0.0155,66618.74505250002,5017.2868473223325,0.0,296.99610799659763,294.8170397723367,0.0155,66618.74505250002,2126.358797270113,0.0,0.0
700.0,92860.33757735442,296.5102650941402,293.7429879688055,0.0155,66618.74505250002,294.37996141294235,0.0118938806357238,58182.80914061128,296.5102650941402,293.7429879688055,0.0155,66618.74505250002,5017.2868473223325,0.0,296.5102650941402,294.37996141294235,0.0155,66618.74505250002,2126.358797270113,0.0,0.0
750.0,92326.71244796783,296.0244221916828,293.2616793510213,0.0155,66618.74505250002,293.9420705789284,0.011647555771943272,57607.935776552404,296.0244221916828,293.2616793510213,0.0155,66618.74505250002,5017.2868473223325,0.0,296.0244221916828,293.9420705789284,0.0155,66618.74505250002,2126.358797270113,0.0,0.0
800.0,91795.28555814165,295.53857928922537,292.78037073323713,0.0155,66618.74505250002,293.50337388412674,0.011404853659218112,57041.554699681496,295.53857928922537,292.78037073323713,0.0155,66618.74505250002,5017.2868473223325,0.0,295.53857928922537,293.50337388412674,0.0155,66618.74505250002,2126.358797270113,0.0,0.0
850.0,91266.05144081358,295.22444224257083,292.4823519452316,0.015425123110935968,66618.74505250002,293.2156446443741,0.011271860234978162,56904.926170320105,295.22444224257083,292.4823519452316,0.015425123110935968,66618.74505250002,5017.2868473223325,0.0,295.22444224257083,293.2156446443741,0.015425123110935968,66618.74505250002,2126.358797270113,0.0,0.0004716666666666667
900.0,90739.31028362118,294.9157894587646,292.20743586187245,0.015249677319514683,66389.66082386194,292.9325226366903,0.011139356630784565,56774.275051230616,294.99489158603257,292.2744688232935,0.015314120971276428,66618.74505250002,5017.2868473223325,0.002631232020241405,294.9798102018738,292.9325226366903,0.015301818779733549,66575.0328675302,2126.358797270113,0.002129568888305221,0.00047
950.0,90215.062699684,294.6079910141689,291.9329622395536,0.01507619954814884,66163.6992582051,292.64992671723616,0.011008422318629151,56648.17411965608,294.76524785012316,292.06639608438513,0.015203514514490006,66618.74505250002,5017.2868473223325,0.005236414516119992,294.73494861059083,292.64992671723616,0.015178922428472408,66530.92945735685,2126.358797270113,0.0042274957193524565,0.00046833333333333335
1000.0,89693.30098576382,294.3002406099971,291.6582495588131,0.014904027064019266,65940.87737787742,292.3671455778565,0.010878554460988213,56524.63404775823,294.5352175363389,291.8578844870057,0.015093067768403703,66618.74505250002,5017.2868473223325,0.00783255780775181,294.4894711040935,292.3671455778565,0.015056125452481656,66486.4570583372,2126.358797270113,0.006307677979597379,0.00046666666666666666
1050.0,89174.01601897267,293.9925343211559,291.38329533353397,0.01473315513566536,65721.16503350798,292.0841767083446,0.010749748030612908,56403.6389127012,294.30479859792774,291.64893141354753,0.014982783931876863,66618.74505250002,5017.2868473223325,0.01041969505179775,294.2433779585815,292.0841767083446,0.014933436426179846,66441.6288547896,2126.358797270113,0.008370199225728953,0.000465
1100.0,88657.19869263814,293.68486312064374,291.1080927192224,0.014563575030072272,65504.53255119922,291.8010130560011,0.010621994991526737,56285.16061323823,294.073987067725,291.4395326086558,0.014872664698254882,66618.74505250002,5017.2868473223325,0.012997966188332391,293.99666688477123,291.8010130560011,0.014810861880930322,66396.4579000502,2126.358797270113,0.010415228396821189,0.00046333333333333334
1150.0,88142.83990750778,293.3772179528408,290.83263481346074,0.014395278140435229,65290.950434636456,291.5176475130762,0.01049528741951227,56169.17128347061,293.84277893947785,291.22968377269535,0.014762711792395543,66618.74505250002,5017.2868473223325,0.015567511720162583,293.74933550448065,291.5176475130762,0.014688408327002854,66350.95706225955,2126.358797270113,0.0124429333915554,0.0004616666666666667
1200.0,87630.93057199595,293.06958970139453,290.5569146285918,0.014228255960984952,65080.38936589704,291.23407288835364,0.010369617482853961,56055.643215394564,293.61117015530897,291.019380550975,0.014652926961340844,66618.74505250002,5017.2868473223325,0.018128473371508334,293.5013813345721,291.23407288835364,0.01456608224194114,66305.139026255,2126.358797270113,0.01445348159728148,0.00046
1250.0,87121.4616023735,292.76196918846546,290.2809250910275,0.014062500087126683,64872.820204435484,290.9502819065071,0.010244977442206883,55944.54885779948,293.3791566050899,290.8086185330675,0.014543311974678196,66618.74505250002,5017.2868473223325,0.020680994098616363,293.25280178643567,290.9502819065071,0.014443890071555218,66259.01629510612,2126.358797270113,0.01644703989194742,0.0004583333333333333
1300.0,86614.42392295515,292.45434717377947,290.00465904039334,0.013898002215426962,64668.213986075076,290.66626720728436,0.010121359650350851,55835.860814703425,293.1467341257328,290.5973932520594,0.01443386862484681,66618.74505250002,5017.2868473223325,0.0232252181043014,293.0035941653605,290.66626720728436,0.01432183823083761,66212.60119163824,2126.358797270113,0.018423774648861968,0.0004566666666666667
1350.0,86109.80846628585,292.1467143536803,289.7281092286723,0.013734754143601934,64466.54192199542,290.3820213446902,0.009998756551945718,55729.551843790585,292.91389850047284,290.3857001837909,0.014324598727447277,66618.74505250002,5017.2868473223325,0.02576129085238865,292.7537556698917,290.3820213446902,0.014199933104880985,66165.90585994204,2126.358797270113,0.020383851741096103,0.000455
1400.0,85607.60617332396,291.8390613601787,289.4512683193454,0.013572747770504271,64267.77539771626,290.0975367861671,0.009877160683287417,55625.5948548491,292.6806454581426,290.17353474608706,0.014215504121555879,66618.74505250002,5017.2868473223325,0.0282893590821849,292.5032833911715,290.0975367861671,0.014078181049796315,66118.94226686936,2126.358797270113,0.0223274365455759,0.0004533333333333333
1450.0,85107.80799362363,291.5313787599996,289.1741288865314,0.013411975096109755,64071.88597207794,289.81280591177256,0.009756564672062705,55523.96290820231,292.44697067243726,289.9608922979796,0.014106586670041952,66618.74505250002,5017.2868473223325,0.03080957082293285,292.2521743122656,289.81280591177256,0.013956588393632383,66071.72220351527,2126.358797270113,0.024254693946858356,0.0004516666666666667
1500.0,84610.40488551422,291.2236570536289,288.8966834141251,0.013252428221502865,63878.84537621874,289.5278210133559,0.00963696123710458,55424.62921314189,292.21286976117153,289.74776813892,0.013997848259889846,66618.74505250002,5017.2868473223325,0.03332207540820057,292.00042530747385,289.56550638630495,0.013835161437295468,66024.25728668636,2126.358797270113,0.02616578834052424,0.00045000000000000004
1550.0,84115.38781627825,290.9158866743602,288.61892429493633,0.013094099348861826,63688.625512549515,289.2425742937352,0.009518343188148167,55327.56712636251,291.9783382855264,289.53415750798234,0.013889290802524035,66618.74505250002,5017.2868473223325,0.035827023490150434,291.74803314162716,289.3363644261444,0.013713906455469983,65976.55896035541,2126.358797270113,0.02806088363619234,0.0004483333333333333
1600.0,83622.74776232733,290.6080579873399,288.34084382982815,0.01293698078144168,63501.198453725825,288.95705786587206,0.009400703425584892,55232.75015039058,291.74337174928826,289.32005558305826,0.013780916234138341,66618.74505250002,5017.2868473223325,0.038324567053809634,291.49499446936886,289.1065166990563,0.01359282969753937,65928.63849710244,2126.358797270113,0.02994014326018097,0.00044666666666666666
1650.0,83132.47570937629,290.30016128861604,288.06243422685776,0.01278106492355699,63316.536441618,288.6712637520498,0.009284034940217845,55140.15193201952,291.5079655980796,289.10545748004216,0.013672726516029335,66618.74505250002,5017.2868473223325,0.04081485943115791,291.2413058344232,288.8759586122924,0.013471937388507793,65880.50699954224,2126.358797270113,0.03180373015772871,0.00044500000000000003
1700.0,82644.56265261551,289.9921868041868,287.78368760041894,0.012626344280562335,63134.61188627944,288.38518388305135,0.00916833081301555,55049.74626074152,291.27211521857936,288.89035825200733,0.013564723634932727,66618.74505250002,5017.2868473223325,0.04329805531508744,290.98696366884815,288.64468546900986,0.01335123572992175,65832.17540173838,2126.358797270113,0.03365180679477113,0.00044333333333333334
1750.0,82158.99959688062,289.6841246890529,287.5045959703874,0.012472811458831183,62955.39736491335,288.0988100973408,0.009053584214866064,54961.50706718389,291.0358159377368,288.67475288837335,0.013456909603364282,66618.74505250002,5017.2868473223325,0.04577431077323402,290.73196429227664,288.4126924673347,0.013230730900792026,65783.6544706039,2126.358797270113,0.03548453515931762,0.00044166666666666665
1800.0,81675.77755682159,289.37596502627355,287.22515126127075,0.012320459165733046,62778.865620838485,287.8121341402482,0.008939788406329781,54875.40842154583,290.7990630219744,288.4586363140644,0.013349286459963946,66618.74505250002,5017.2868473223325,0.04824378326153616,290.4763039111434,288.17997469941326,0.013110429058516027,65734.95480728851,2126.358797270113,0.037302076762295626,0.00044
1850.0,81194.88755706893,289.0676978260262,286.94534530136326,0.012169280209607959,62604.989562454044,287.5251476631583,0.008826936737391345,54791.424532037316,290.5618516763845,288.24200338865904,0.01324185626984424,66618.74505250002,5017.2868473223325,0.05070663163767509,290.2199786178994,287.9465271504521,0.012990336339799603,65686.08684855266,2126.358797270113,0.03910459263794892,0.0004383333333333334
1900.0,80716.32063239907,288.75931302467274,286.6651698219066,0.012019267499738633,62433.742262204076,287.2378422227056,0.008715022647210887,54709.529743322986,290.3241770439154,288.02484890553086,0.013134621124941665,66618.74505250002,5017.2868473223325,0.05316301617416275,289.96298439021416,287.71234469774595,0.012870458861578912,65637.06086812833,2126.358797270113,0.04089224334368898,0.00043666666666666664
1950.0,80240.06782789675,288.4508004838318,286.3846164562581,0.011870414046319729,62265.09695554184,286.9502092799755,0.008604039663873745,54629.69853496872,290.0860342045512,287.80716759098084,0.013027583144372384,66618.74505250002,5017.2868473223325,0.05561309857122869,289.7053170901657,287.47742210969517,0.012750802721941776,65587.88697806672,2126.358797270113,0.04266518895940863,0.000435
2000.0,79766.12019911715,288.14214998945954,286.1036767390672,0.011722712960423898,62099.027039894376,286.6622401997137,0.008493981404138788,54551.90551989304,289.84741817448145,287.5889541033612,0.01292074447479091,66618.74505250002,5017.2868473223325,0.058057041969308755,289.44697246342,287.24175404481275,0.01263137400104851,65538.57513007277,2126.358797270113,0.04442358908622221,0.00043333333333333337
2050.0,79294.46881224509,287.83335125093816,285.8223421054622,0.01157615745396421,61935.50607362768,286.37392624954424,0.008384841573185179,54476.12544282409,289.6083239052644,287.37020303219083,0.01281410729075303,66618.74505250002,5017.2868473223325,0.06049501096125532,289.18794613839873,287.00533505072167,0.012512178762052212,65489.13511682696,2126.358797270113,0.046167602844615886,0.0004316666666666667
2100.0,78825.10474425308,287.5243939001759,285.5406038902471,0.011430740839652639,61774.50777501283,286.08525859919774,0.008276613964356805,54402.33317876099,289.3687462829808,287.15090889726275,0.012707673795081406,66618.74505250002,5017.2868473223325,0.0629271716040826,288.92823362543726,286.7681595631429,0.012393223052017557,65439.57657329395,2126.358797270113,0.0478973888719697,0.00043
2150.0,78358.0190830581,287.21526749071774,285.25845332711157,0.011286456530954224,61616.00602119342,285.796228319752,0.008169292458904968,54330.503731443496,289.1286801273809,286.93106614774314,0.01260144621923524,66618.74505250002,5017.2868473223325,0.06535369143032171,288.66783031593343,286.53022190487513,0.012274512902838812,65389.908978018546,2126.358797270113,0.04961310531943249,0.00042833333333333335
2200.0,77893.20292767585,286.9059614968696,284.97588154785484,0.01114329804203642,61459.974847154605,285.5068263828854,0.008062871025728481,54260.612231828425,288.88812019102363,286.7106691612633,0.01249542682368292,66618.74505250002,5017.2868473223325,0.06777473945888361,288.40673148148636,286.29151628476706,0.012156054332156324,65340.14165440896,2126.358797270113,0.05131490984808567,0.0004266666666666667
2250.0,77430.64738837432,286.59646531283676,284.6928795816249,0.011001258987713326,61306.38844469431,285.2170436601449,0.007957343721110878,54192.63393657391,288.64706115840846,286.4897122430035,0.012389617898278108,66618.74505250002,5017.2868473223325,0.07019048620540479,288.1449322730282,286.05203679668205,0.012037853344271153,65290.283772007344,2126.358797270113,0.053002959624420656,0.000425
2300.0,76970.34358682545,286.2867682518774,284.4094383541744,0.010860333083383538,61155.22116139675,284.9268709222299,0.007852704688454155,54126.544226530794,288.4054976450988,286.26818962476955,0.012284021762638759,66618.74505250002,5017.2868473223325,0.07260110369200032,287.8824277199473,285.81177741845744,0.01191991593105763,65240.344347747894,2126.358797270113,0.05467741131505584,0.00042333333333333334
2350.0,76512.28265625535,285.97685954547546,284.1255486871364,0.01072051414496248,61006.44749960876,284.63629883829606,0.007748948158010215,54062.318605248896,288.163424196841,286.0460954640627,0.012178640766529558,66618.74505250002,5017.2868473223325,0.0750067654564368,287.61921272920625,285.5707320108582,0.011802248072874007,65190.332247202416,2126.358797270113,0.05633842108066454,0.0004216666666666667
2400.0,76056.45574159287,285.66672834253075,283.8412012973196,0.0105817960888073,60860.04211541934,284.3453179752752,0.0076460684466066586,53999.93269748548,287.9208352886737,285.82342384314234,0.012073477290246874,66618.74505250002,5017.2868473223325,0.07740764656060241,287.35528208445254,285.32889431652643,0.011684855739469993,65140.256185813625,2126.358797270113,0.05798614456910348,0.00042
2450.0,75602.85399961704,285.3563637085721,283.5563867960272,0.010444172931634592,60715.97981764273,284.0539187972214,0.007544059957370456,53939.36224773478,287.6777253240329,285.60016876808237,0.011968533745006962,66618.74505250002,5017.2868473223325,0.07980392359824096,287.09063044512516,285.0862579589274,0.011567744890891313,65090.12473011615,2126.358797270113,0.05962073690762642,0.00041833333333333333
2500.0,75151.4685991032,285.0457546249916,283.2710956883992,0.010307638790429624,60574.23556680549,283.76209166467686,0.007442917179445103,53880.583118761344,287.43408863384997,285.3763241678216,0.011863812573336577,66618.74505250002,5017.2868473223325,0.0821957747019405,286.8252523455576,284.8428164412937,0.011450921478381271,65039.94629894543,2126.358797270113,0.061242352694284845,0.0004166666666666667
2550.0,74702.29072096755,284.7348899883053,282.9853183727826,0.01017218788234731,60434.7844741379,283.46982683406526,0.007342634687703733,53823.571290151274,287.18991947564376,285.1518838932082,0.011759316249466353,66618.74505250002,5017.2868473223325,0.08458337954923344,286.5591421940781,284.5985631455684,0.011334391445278195,64989.729164634606,2126.358797270113,0.06285114598834725,0.000415
2600.0,74255.3115584104,284.42375860943946,282.69904514012904,0.010037814524602942,60297.60180057018,283.17711445711274,0.007243207142456466,53768.30285687668,286.9452120326077,284.92684171603884,0.011655047279726443,66618.74505250002,5017.2868473223325,0.08696691936782305,286.29229427210714,284.3534913313478,0.011218160727908605,64939.48145419943,2126.358797270113,0.06444727029973794,0.0004133333333333333
2650.0,73810.52231705871,284.1123492130473,282.4122661734249,0.009904513134353438,60162.662955733846,282.88394458029836,0.007144629289151355,53714.75402787422,286.6999604126915,284.70119132809276,0.011551008202944425,66618.74505250002,5017.2868473223325,0.08934657693979511,286.02470273325594,284.1075941348262,0.011102235256475938,64889.21115051147,2126.358797270113,0.06603087857747049,0.0004116666666666667
2700.0,73367.91421510656,283.8006504368563,282.12497154715396,0.009772278228567008,60029.943496968735,282.5903071443377,0.007046895958069236,53662.90112464153,286.4541586476785,284.4749263401618,0.01144720159084566,66618.74505250002,5017.2868473223325,0.0917225366048191,285.75636160242516,283.8608645677432,0.010986620955944063,64838.92609345961,2126.358797270113,0.06760212319703311,0.00041
2750.0,72927.47848345531,283.4886508310494,281.8371512267967,0.009641104423881068,59899.41912833603,282.2961919837008,0.0069500020640109435,53612.72057984941,286.20780069225793,284.2480402810756,0.011343630048454815,66618.74505250002,5017.2868473223325,0.0940949842621843,285.48726477490516,283.61329551633537,0.010871323746914675,64788.63398109993,2126.358797270113,0.06916115594662564,0.00040833333333333336
2800.0,72489.20636585238,283.17633885768294,281.5487950683681,0.009510986436447256,59771.06569963776,282.0015888261679,0.0068539426059771496,53564.1889359738,285.9608804230948,284.02052659672404,0.01124029621449974,66618.74505250002,5017.2868473223325,0.09646410737169303,285.21740601548106,283.3648797402937,0.01075634954649919,64738.3423707943,2126.358797270113,0.07070812801228629,0.00040666666666666667
2850.0,72053.08911902874,282.86370289014286,281.2598928179969,0.009381919081763081,59644.85920544326,281.7064872924253,0.006758712666839689,53517.28284394652,285.7133916378954,283.7923786490764,0.011137202761816503,66618.74505250002,5017.2868473223325,0.09883009495322158,284.94677895754177,283.1156098717284,0.010641704269182975,64688.058680337606,2126.358797270113,0.07224318996177356,0.00040500000000000003
2900.0,71619.1180128362,282.5507312126427,280.97043411154937,0.009253897274488497,59520.77578412295,281.41087689570406,0.006664307413003653,53471.97906182642,285.46532805447055,283.56358971519836,0.011034352397755779,66618.74505250002,5017.2868473223325,0.10119313758495749,284.67537710219653,282.8654784141431,0.01052739382768279,64637.79018907384,2126.358797270113,0.07376649172724077,0.00040333333333333334
2950.0,71187.28433038287,282.23741201976645,280.6804084743003,0.009126916028246966,59398.791716889966,281.1147470414649,0.00657072209406021,53428.25445349381,285.2166833097965,283.3341529862668,0.01093174786458997,66618.74505250002,5017.2868473223325,0.10355342740014908,284.4031938173995,282.6144777414197,0.010413424133795429,64587.54403900123,2126.358797270113,0.07527818258655253,0.00040166666666666665
3000.0,70757.57936816823,281.9237334160579,280.38980532065443,0.009000970455409627,59278.883426850094,280.81808702713215,0.006477952042428667,53386.08598736729,284.9674509590752,283.1040615665846,0.010829391939921645,66618.74505250002,5017.2868473223325,0.10591115808236862,284.13022233708443,282.36260009681655,0.01029980109923816,64537.32723586645,2126.358797270113,0.07677841114329226,0.0004
3050.0,70329.99443621772,281.6096834156618,280.09861395392227,0.008876055766861776,59161.02747806044,280.52088604188026,0.0063859926729876535,53345.45073514634,284.71762447479193,282.8733084725937,0.010727287437091622,66618.74505250002,5017.2868473223325,0.10826652485903537,283.85645576031175,282.10983759198115,0.010186530636479056,64487.1466502482,2126.358797270113,0.07826732530530017,0.00039833333333333333
3100.0,69904.52085821594,281.2952499420169,279.80682356615233,0.008752167271750152,59045.2005745974,280.2231331664749,0.00629483948269392,53306.325870577886,284.467197245775,282.64188663189003,0.010625437205587934,66618.74505250002,5017.2868473223325,0.1106197244933268,283.58188705043,281.8561822059806,0.010073618659557148,64437.00901863024,2126.358797270113,0.0797450722618194,0.0003966666666666667
3150.0,69481.14997163978,280.9804208276077,279.51442323802456,0.008629300377209598,58931.37955963435,279.9248173731745,0.0062044880501887665,53268.6886682528,284.2161625762541,282.4097888822387,0.010523844131454047,66618.74505250002,5017.2868473223325,0.11297095527412664,283.3065090342525,281.6016257843508,0.009961071084891315,64386.92094446401,2126.358797270113,0.08121179845903077,0.000395
3200.0,69059.87312789088,280.6651838137761,279.22140193880836,0.008507450588068767,58819.541414529565,279.6259275256942,0.00611493403539075,53232.51650243069,283.96451368492154,282.1770079705919,0.010422511137696981,66618.74505250002,5017.2868473223325,0.11532041700409973,283.0303144012538,281.3461600381679,0.00984889383207691,64336.888899221056,2126.358797270113,0.08266764957406027,0.0003933333333333333
3250.0,68640.68169242707,280.34952655059675,278.92774852638877,0.008386613506532253,58709.663257924956,279.3264523792353,0.0060261731790735434,53197.786845893934,283.7122437039949,281.9435365521097,0.010321441184694306,66618.74505250002,5017.2868473223325,0.1176683109856513,282.75329570278586,281.08977654314407,0.00973709282466951,64286.9192234355,2126.358797270113,0.08411277048730585,0.0003916666666666667
3300.0,68223.56704489434,280.0334365968215,278.63345174736526,0.008266784831838908,58601.72234485602,279.02638058058756,0.0059382013024288525,53164.47726883681,283.4593456782829,281.70936718918483,0.010220637270599773,66618.74505250002,5017.2868473223325,0.12001484000470837,282.4754453513188,280.8324667387502,0.009625673990954414,64237.01812773656,2126.358797270113,0.08554730525308409,0.00039000000000000005
3350.0,67808.52057925765,279.7169014198943,278.3385002372265,0.0081479603598938,58495.69606587364,278.725700668303,0.005851014306612249,53132.56543778488,283.20581256425606,281.47449235047264,0.010120102431747682,66618.74505250002,5017.2868473223325,0.12236020831222594,282.19675561970615,280.5742219273686,0.009514643264701226,64187.191693871515,2126.358797270113,0.08697139706847822,0.0003883333333333333
3400.0,67395.5337039317,279.3999083960433,278.0428825206069,0.008030135982873396,58391.561946178255,278.42440107295107,0.005764608172271937,53102.02911455272,282.9516372291217,281.23890440992733,0.01001983974305482,66618.74505250002,5017.2868473223325,0.12470462160320486,281.9172186404802,280.31503327347855,0.009404006585901957,64137.445875719124,2126.358797270113,0.08838518824036792,0.00038666666666666667
3450.0,66984.59784191173,279.08244481045216,277.74658701162735,0.007913307688801349,58289.297644766826,278.1224701174561,0.00567897895905889,53072.8461552381,282.6968124499053,281.0025956458451,0.009919852318419591,66618.74505250002,5017.2868473223325,0.12704828699317455,281.6368264051785,280.0548918028774,0.009293769901491979,64087.78650029388,2126.358797270113,0.0897888201505644,0.00038500000000000003
3500.0,66575.70443090399,278.7644978575171,277.4496020143273,0.007797471561094203,58188.8809535934,277.8198960175225,0.005594122805117334,53044.99450925552,282.44133091253974,280.7655582399165,0.00982014331111888,66618.74505250002,5017.2868473223325,0.12939141299193813,281.35557076370446,279.7937884019418,0.009183939166052231,64038.21926874113,2126.358797270113,0.09118243321891771,0.00038333333333333334
3550.0,66168.84492345662,278.44605464119167,277.1519157231904,0.00768262377807431,58090.289796743586,277.5166668821524,0.005510035926554201,53018.452218409715,282.18518521096263,280.52778427628846,0.009720715914200422,66618.74505250002,5017.2868473223325,0.13173420947450842,281.0734434237273,279.5317138169306,0.00907452034249145,63988.74975732344,2126.358797270113,0.09256616686448779,0.00038166666666666666
3600.0,65764.0107870899,278.1271021754261,276.85351622377084,0.007568760612449101,57993.502229623715,277.2127707142611,0.005426714616887064,52993.19741601435,281.9283678462228,280.2892657406369,0.009621573360871606,66618.74505250002,5017.2868473223325,0.13407688764899603,280.7904359501224,279.2686586533351,0.008965519402707492,63939.383418398334,2126.358797270113,0.09394015946454268,0.00038
3650.0,65361.193504427254,277.80762738470577,276.5543914934242,0.007455878430754397,57898.49643816514,276.9081954113952,0.005344155246468405,52969.20832605401,281.6708712255998,280.0499945192533,0.009522718924883707,66618.74505250002,5017.2868473223325,0.13641966002138953,280.506539764456,279.0046133752782,0.008856942328225387,63890.125581387605,2126.358797270113,0.09530454831136004,0.0003783333333333334
3700.0,64960.384573326606,277.48761710469216,276.25452940214876,0.007343973692759634,57805.25073804437,276.60292876655717,0.005262354261885555,52946.46326239349,281.41268766173374,279.80996239814425,0.009424155920910261,66618.74505250002,5017.2868473223325,0.13876274035698868,280.2217461445206,278.7395683049694,0.008748795110811773,63840.981453738605,2126.358797270113,0.09665946956687903,0.00037666666666666664
3750.0,64561.57550701161,277.16705808297394,275.9539177135427,0.007233042950833788,57713.743573919615,276.29695846914507,0.005181308185335005,52924.940628037846,281.15380937177093,279.56916106214766,0.009325887704919983,66618.74505250002,5017.2868473223325,0.14110634363839292,279.9360462239202,278.4735136222162,0.008641083753063074,63791.95612187755,2126.358797270113,0.09800505821492984,0.000375
3800.0,64164.757834203985,276.8459369799314,275.65254408588254,0.007123082849269094,57623.953518684335,275.990272106009,0.005101013613969029,52904.61891444146,280.89422847652384,279.3275820940662,0.009227917674542941,66618.74505250002,5017.2868473223325,0.14345068601982197,279.6494309917147,278.2064393639999,0.008533814268966648,63743.05455215527,2126.358797270113,0.0993414480111652,0.0003733333333333334
3850.0,63769.92309925584,276.52424036972104,275.35039607332914,0.007014090123561102,57535.85927273847,275.68285716263324,0.005021467219214327,52885.476700873194,280.6339369996492,279.08521697381997,0.009130249269429451,66618.74505250002,5017.2868473223325,0.14579598477765135,279.3618912921236,277.9383354241175,0.008426992684432475,63694.281591785555,2126.358797270113,0.10066877143048823,0.00037166666666666663
3900.0,63377.062862283405,276.20195474138603,275.047461127267,0.006906061599642553,57449.43966327797,275.3747010244485,0.004942665746060167,52867.49265383654,280.37292686684503,278.84205707762067,0.009032885971600745,66618.74505250002,5017.2868473223325,0.1481424582569103,279.0734178242962,277.6691915528967,0.008320625037794113,63645.64196977645,2126.358797270113,0.10198715961197324,0.00037
3950.0,62986.16869930088,275.87906650009666,274.7437265977829,0.006798994193068876,57364.6736436033,275.0657909782797,0.004864606012315063,52850.645526547356,280.11118990506753,278.5980936771684,0.00893583130579093,66618.74505250002,5017.2868473223325,0.1504903258136469,278.78400114215077,277.39899735698697,0.008214717380276371,63597.14029785472,2126.358797270113,0.10329674230118105,0.00036833333333333336
4000.0,62597.23220235591,275.55556196852973,274.4391797352907,0.0066928849081532545,57281.54029244752,274.7561142139383,0.004787284907830632,52834.914158474945,279.8487178417725,278.3533179388747,0.008839088839779458,66618.74505250002,5017.2868473223325,0.1528398077528969,278.49363165429054,277.12774229923446,0.00810927577642867,63548.78107138383,2126.358797270113,0.10459764778983213,0.00036666666666666667
4050.0,62210.24497966541,275.2314273883904,274.1338076923084,0.006587730837048523,57200.01881332469,274.4456578259615,0.0047106993936904635,52820.27747494413,279.5855023041795,278.1077209231116,0.008742662184712537,66618.74505250002,5017.2868473223325,0.1551911252620743,278.2022996239984,276.85541569864336,0.008004306304520944,63500.568670275745,2126.358797270113,0.1058900028527186,0.000365
4100.0,61825.19865575336,274.90664892208366,273.8275975253943,0.006483529158773762,57120.088533899245,274.13440881550866,0.004634846501362846,52806.71448680456,279.3215348185649,277.8612935834919,0.008646554995413615,66618.74505250002,5017.2868473223325,0.1575445003396629,277.909995169318,276.5820067304321,0.007899815056900756,63452.50735989675,2126.358797270113,0.10717393268185162,0.00036333333333333335
4150.0,61442.08487158931,274.58121265454275,273.5205361972491,0.006380277138182902,57041.72890537702,273.8223540924193,0.004559723331815527,52794.2042901684,279.0568068095823,277.6140267661805,0.008550770970681123,66618.74505250002,5017.2868473223325,0.15990015571887245,277.61670826322586,276.30750442618864,0.007795808140308696,63404.60129196783,2126.358797270113,0.10844956081771685,0.0003616666666666667
4200.0,61060.89528472857,274.25510459522013,273.21261057899085,0.006277972124872975,56964.919501918666,273.50948047744015,0.004485327054590733,52782.72606621881,278.79130959961617,277.36591120924083,0.008455313853573024,66618.74505250002,5017.2868473223325,0.16225831478616973,277.3224287339008,276.03189767413136,0.007692291676150224,63356.854505459734,2126.358797270113,0.10971700907761911,0.00035999999999999997
4250.0,60681.62156945414,273.928514975444,272.9040107942287,0.006176612698822994,56889.64002007607,273.19596816393283,0.0044117170412810635,52772.60978148258,278.52503440816764,277.1169375420186,0.008360187431676637,66618.74505250002,5017.2868473223325,0.1646117624485397,277.0271462650961,275.75517521948325,0.007589271800721179,63309.27092748315,2126.358797270113,0.1109689984418467,0.00035833333333333333
4300.0,60304.25569748194,273.6015571898056,272.5948704380174,0.006076076417305225,56815.8765616346,272.8819370026606,0.004338854652726276,52763.87927448319,278.2579723879221,276.8670963236655,0.008265395521598816,66618.74505250002,5017.2868473223325,0.16695604207337852,276.7308511633469,275.47732637098414,0.007486755008761807,63261.85595232615,2126.358797270113,0.11220102032951565,0.0003566666666666667
4350.0,59928.78982702331,273.27419145384346,272.28515222234415,0.005976351218649965,56743.61594334707,272.5673694875564,0.0042666078512864115,52756.18620443219,277.99011460970746,276.6163780271367,0.008170941975396645,66618.74505250002,5017.2868473223325,0.1692922625181011,276.43353372066605,275.19834041941016,0.007384747838631931,63214.615057275856,2126.358797270113,0.11341410424688576,0.000355
4400.0,59555.2160905521,272.9463959843778,271.974834598757,0.005877438283814144,56672.83906548133,272.2522444224349,0.004194975122974089,52749.504990542664,277.721452034265,276.3647730091084,0.008076830692742067,66618.74505250002,5017.2868473223325,0.17162087698741643,276.1351834046634,274.9182058924742,0.007283256505007068,63167.55212743806,2126.358797270113,0.11460860100454444,0.0003533333333333333
4450.0,59183.52662031093,272.61814904602204,271.66389605032,0.005779338876298437,56603.52683015741,271.93654029412414,0.004123957143762182,52743.81521204231,277.4519755151156,276.1122715130711,0.007983065619736045,66618.74505250002,5017.2868473223325,0.17394233592937505,275.8357895292511,274.6369111669746,0.007182287231081453,63120.67091532203,2126.358797270113,0.11578485603740307,0.0003516666666666667
4500.0,58813.71354890334,272.2894288746182,271.352315020496,0.005682054311807396,56535.660234205556,271.62023555519454,0.004053554611772048,52739.09647167172,277.1816757981746,275.8588636689641,0.007889650749075794,66618.74505250002,5017.2868473223325,0.17625708981228103,275.53534126795137,274.3544444810973,0.007081846254531138,63073.97506465727,2126.358797270113,0.11694321263298511,0.00035
4550.0,58445.76900977523,271.96021367480245,271.0400699107961,0.005585585958696081,56469.22036836122,271.30330862150066,0.003983768248043829,52735.32839499106,276.9105435214111,275.6045394928558,0.007796590120208739,66618.74505250002,5017.2868473223325,0.1785655892052656,275.233827655014,274.0707939356111,0.00698193982732367,63027.46811098884,2126.358797270113,0.11808401203962901,0.00034833333333333336
4600.0,58079.685137687375,271.63048161827385,270.727139079131,0.005489935238412661,56404.188416491685,270.9857378704282,0.003914598797286616,52732.49063034706,276.6385692145597,275.34928888668236,0.00770388781946324,66618.74505250002,5017.2868473223325,0.18086828483633313,274.9312375866484,273.785947495193,0.0068825742154467965,62981.15348226685,2126.358797270113,0.1192075935544643,0.00034666666666666667
4650.0,57715.454069180356,271.3002108424461,270.41350083856867,0.005395103625796964,56340.54565486518,270.6675016395433,0.0038460470285085415,52730.56284894459,276.3657432988897,275.09310163804946,0.007611547980154759,66618.74505250002,5017.2868473223325,0.18316562763959646,274.62755982241225,273.49989298992256,0.0067837556985687365,62935.03449943321,2126.358797270113,0.12031429460415621,0.000345
4700.0,57353.06794303218,270.9693794494876,270.0991334565039,0.005301092649230602,56278.27345146305,270.34857822565124,0.0037781137355247757,52729.52474502476,276.09205608703724,274.8359674201008,0.007519574782665826,66618.74505250002,5017.2868473223325,0.18545806879160714,274.3227829867641,273.2126181169534,0.006685490569626574,62889.114377006015,2126.358797270113,0.12140445081845477,0.00034333333333333335
4750.0,56992.518900709976,270.6379655057603,269.78401515425253,0.005207903890635094,56217.353265335856,270.0289458842738,0.0037107997373417483,52729.35603615483,275.81749778290106,274.57787579145753,0.007427972454497932,66618.74505250002,5017.2868473223325,0.18774605973628428,274.01707191547825,272.9242856024168,0.0065877880479116805,62843.3962236621,2126.358797270113,0.12248478818330338,0.00034166666666666666
4800.0,56633.79908681545,270.30594704166936,269.4681241070792,0.005115538985313804,56157.76664600401,269.70858282955743,0.0036441058784161457,52730.03646363882,275.5420584816088,274.3188161962329,0.007336745270293864,66618.74505250002,5017.2868473223325,0.19003005219817717,273.7105365976174,272.63502216853544,0.006490544782728548,62797.88304281832,2126.358797270113,0.1235600766811906,0.00034
4850.0,56276.90064952466,269.9733020519298,269.15143844467144,0.005023999621633045,56099.495232903806,269.3874672346196,0.003578033028785389,52731.5457930477,275.26572816955644,274.0587779641268,0.007245897551828465,66618.74505250002,5017.2868473223325,0.19231049818374493,273.40314102107834,272.34479299966574,0.006393754829490636,62752.57773321201,2126.358797270113,0.12462980610162379,0.00033833333333333334
4900.0,55921.81574102352,269.64000849626933,268.8339362520729,0.0049332875405381105,56042.52075487957,269.06557723235306,0.003512582084069608,52733.8638148894,274.9884967245245,273.79775031060484,0.007155433667966037,66618.74505250002,5017.2868473223325,0.1945878499700064,273.0948679731457,272.05357961910767,0.006297426680163242,62707.48308948127,2126.358797270113,0.12569414923685632,0.0003366666666666667
4950.0,55568.53651793896,269.30604430057224,268.5155955710877,0.004843404534898965,55986.82502972307,268.7428909166919,0.0034477539653398385,52736.970345409216,274.71035391587947,273.5357223371667,0.007065358034582478,66618.74505250002,5017.2868473223325,0.19686256008050262,272.78570020680013,271.76136350475724,0.006201568915060481,62662.60180274561,2126.358797270113,0.1267532800043548,0.000335
5000.0,55217.05514176601,268.9713873584833,268.1963944021715,0.004754352448680668,55932.38996376081,268.41938634435996,0.0033835496188520083,52740.84522754071,274.4312894048596,273.27268303170905,0.006975675114449903,66618.74505250002,5017.2868473223325,0.19913508124775064,272.4756203062568,271.4681259649775,0.006106190144045466,62617.93646118759,2126.358797270113,0.12780736849098895,0.0003333333333333333
5050.0,54867.36377929197,268.6360155334814,267.8763107068217,0.0046661331759327955,55879.19755149048,268.09504153711026,0.003319970015642147,52745.468332004246,274.1513777485772,273.00870451343377,0.006886397919117455,66618.74505250002,5017.2868473223325,0.20140897050844825,272.1646106857075,271.1738481373892,0.006011299006766416,62573.48955063618,2126.358797270113,0.1288565808072886,0.0003316666666666667
5100.0,54519.45460301826,268.29990666144016,267.55532241048365,0.004578748659592555,55827.22987526733,267.7698344844756,0.003257016150981157,52750.819558569354,273.87078152487106,272.7439612704105,0.00679745050813699,66618.74505250002,5017.2868473223325,0.2036910228195448,271.8526535889653,270.87851098853656,0.005916904173064846,62529.26345515234,2126.358797270113,0.1299010789556522,0.00033
5150.0,54173.31979157961,267.9630385536875,267.2334074059874,0.004492200890095566,55776.46910504181,267.4437431470401,0.0031946890436847274,52756.878837480086,273.5894682082837,272.47842519257074,0.006708807124554292,66618.74505250002,5017.2868473223325,0.2059809263602218,271.5397310893904,270.5820953138545,0.005823014343268417,62485.26045761771,2126.358797270113,0.13094102068937136,0.0003283333333333333
5200.0,53828.95153016229,267.62538900058206,266.91054355753135,0.004406491903788342,55726.89749814934,267.1167454602512,0.003132989735275723,52763.62613105643,273.30742294945213,272.2120804978853,0.006620473904603972,66618.74505250002,5017.2868473223325,0.20827901734799223,271.225825090108,270.28458173795127,0.005729638248360692,62441.48274032709,2126.358797270113,0.1319765593621339,0.0003266666666666667
5250.0,53486.342010921035,267.2869357756191,266.5867087052291,0.004321623781136249,55678.497399153486,266.7888193387855,0.003071919288995127,52771.041435475454,273.0246310585885,271.94491153378266,0.006532457172622512,66618.74505250002,5017.2868473223325,0.21058564109239267,270.91091732453657,269.98595071522476,0.005636784650020511,62397.93238558537,2126.358797270113,0.13300784376803512,0.00032500000000000004
5300.0,53145.48343339578,266.9476566400852,266.26188067023656,0.0042375986447207095,55631.25123974372,266.4599426814876,0.003011478788658303,52779.104782743685,272.74107771768814,271.6769025123741,0.0064447633094373916,66618.74505250002,5017.2868473223325,0.2129011413196676,270.59498935724355,269.6861825308304,0.00554446234052417,62354.61137630988,2126.358797270113,0.1340350179719487,0.0003233333333333333
5350.0,52806.36800492863,266.6075293482749,265.9360372604762,0.0041544186570192055,55585.141538688884,266.13009337689584,0.002951669337352531,52787.796242865166,272.4567479774991,271.4080375074932,0.006357398752453032,66618.74505250002,5017.2868473223325,0.21522585987334067,270.2780225851464,269.3852573020218,0.005452680142502764,62311.52159663883,2126.358797270113,0.1350582211302516,0.00032166666666666666
5400.0,52468.987941081046,266.2665316532882,265.609156276976,0.004072086017961593,55540.15090184772,265.799249309374,0.0028924920559721262,52797.09592621428,272.1716267559903,271.1383004531352,0.006270369996310469,66618.74505250002,5017.2868473223325,0.21756013644605618,269.9599982390794,269.0831549798825,0.005361446908546587,62268.66483254685,2126.358797270113,0.13607758730185252,0.00032
5450.0,52133.33546605309,265.92464131342297,265.28121552083996,0.00399060296225599,55496.262022237584,265.46738836586417,0.002833948081587322,52806.98398612091,271.8856988369646,270.8676751420519,0.006183683593492271,66618.74505250002,5017.2868473223325,0.21990430829243948,269.64089738574563,268.7798553514729,0.005270771520648684,62226.042772468354,2126.358797270113,0.13709324524957117,0.00031833333333333334
5500.0,51799.40281310366,265.58183609918177,264.952192800868,0.0039099717564780164,55453.457680162726,265.13448844328013,0.0027760385656432182,52817.440621676826,271.59894886881597,270.59614522450283,0.006097346154865614,66618.74505250002,5017.2868473223325,0.22225870992196714,269.320700930075,268.475338042412,0.005180662889478523,62183.65700792979,2126.358797270113,0.1381053182317982,0.00031666666666666665
5550.0,51467.18222497372,265.2380938009067,264.6220659418428,0.003830194695916615,55411.72074340337,264.8005274565551,0.0027187646719844965,52828.44608076796,271.3113613634399,270.3236942071718,0.006011364350160089,66618.74505250002,5017.2868473223325,0.22462367277142248,268.9993896180119,268.16958251991963,0.005091129953477602,62141.50903419165,2126.358797270113,0.13911392378463724,0.000315
5600.0,51136.6659543122,264.8933922370613,264.2908127935001,0.0037512741011700964,55371.03416746686,264.465483347364,0.002662127574702747,52839.98066334478,271.0229206953063,270.05030545225935,0.005925744908376484,66618.74505250002,5017.2868473223325,0.22699952485629005,268.67694403975236,267.86256809634176,0.005002181677766638,62099.60025090125,2126.358797270113,0.1401191734944549,0.0003133333333333334
5650.0,50807.84626410533,264.54770926317286,263.95841124019995,0.00367321231448603,55331.380995902284,264.1293340935342,0.0026061284558020208,52852.02472493373,270.7336111007036,269.7759621767599,0.005840494618122221,66618.74505250002,5017.2868473223325,0.22938659040063158,268.35334463345663,267.5542739331843,0.004913827052855803,62057.93196275724,2126.358797270113,0.1411211727611086,0.00031166666666666663
5700.0,50480.71542811005,264.20102278145356,263.6248392113142,0.0035960116958387014,55292.74436067969,263.7920577191615,0.0025507685026793354,52864.55868039969,270.44341667716424,269.50064745193487,0.0057556203278694255,66618.74505250002,5017.2868473223325,0.23178518944484774,268.0285716894608,267.2446790456812,0.004826075093147226,62016.50538018704,2126.358797270113,0.14212002055196823,0.00031
5750.0,50155.26573129225,263.8533107511139,263.2900746923478,0.003519674618738572,55255.10748263535,263.4536323054481,0.0024960489054167865,52877.563007967634,270.1523213830823,269.2243442029936,0.00567112894613122,66618.74505250002,5017.2868473223325,0.23419563743089936,267.7026053550127,266.93376230792387,0.004738934835219931,61975.321620038,2126.358797270113,0.1431158091469491,0.00030833333333333337
5800.0,49831.489470269575,263.50455119938243,262.95409573680655,0.0034442034657674314,55218.45367198422,263.11403600227425,0.002441970853881239,52891.01825350564,269.8603090375349,268.9470352089928,0.005587027441551267,66618.74505250002,5017.2868473223325,0.2366182447645769,267.37542563955685,266.6215024585784,0.0046524153358864844,61934.38170628368,2126.358797270113,0.1441086238748807,0.0003066666666666667
5850.0,49509.378953760686,263.15472223324747,262.61688047882785,0.003369600623834588,55182.766328900885,262.77324704052165,0.0023885355346295527,52904.9050350826,269.5673633203166,268.66870310296724,0.0055033228429017455,66618.74505250002,5017.2868473223325,0.2390533163542833,267.0470124205968,266.3078781072198,0.004566525670010432,61893.686570746184,2126.358797270113,0.14509854284147308,0.000305
5900.0,49188.92650303992,262.8038020519313,262.2784071465856,0.0032958684791487077,55148.02894417015,262.4312437451573,0.0023357441276156033,52919.204047801104,269.27346777220225,268.3893303723051,0.005420022238984559,66618.74505250002,5017.2868473223325,0.24150115112610296,266.7173454501614,265.9928677413114,0.004481274928073584,61853.2370538357,2126.358797270113,0.14608563664939253,0.00030333333333333335
5950.0,48870.12445239941,262.45176896010946,261.9386540764817,0.0032230094119009827,55114.22509990856,262.0880045490919,0.002283597802697063,52933.896068914124,268.97860579544846,268.1088993593813,0.005337132778430477,66618.74505250002,5017.2868473223325,0.24396204151478723,266.3864043619022,265.67644973385904,0.004396672213481466,61813.03390530854,2126.358797270113,0.14706996811080084,0.0003016666666666667
6000.0,48552.96514961794,262.09860138188475,261.5975997281348,0.00315102579065593,55081.338470357725,261.7435080078221,0.0022320977159397642,52948.96196323027,268.6827606545483,267.827392262463,0.005254661669390333,66618.74505250002,5017.2868473223325,0.24643627293042755,266.0541686788506,265.35860235177,0.004312726639595501,61773.07778504476,2126.358797270113,0.1480515919529703,0.0003
6050.0,48237.440956437815,261.74427787552463,261.2552227001736,0.0030799199664461557,55049.352822750814,261.3977328148644,0.0021812450057177844,52964.38268881174,268.3859154772522,267.5447911369012,0.005172616179112245,66618.74505250002,5017.2868473223325,0.248924123200631,265.7206178218651,265.03930376494696,0.004229447326480147,61733.369263846595,2126.358797270113,0.14903055451760752,0.00029833333333333334
6100.0,47923.54424905022,261.3887771489689,260.9115017468432,0.0030096942665689915,55018.25201825289,261.05065781798993,0.002131040788608337,52980.13930297115,268.08805325587093,267.2610778966263,0.005091003633399162,66618.74505250002,5017.2868473223325,0.25142586198815275,265.38573111879515,264.71853205614826,0.004146843397353058,61693.908824258935,2126.358797270113,0.1500068934545299,0.0002966666666666667
6150.0,47611.2674185888,261.03207807611165,260.5664157954273,0.0029403509880829705,54988.02001297621,260.7022620362594,0.0020814861550802217,52996.212968565655,267.78915684887403,266.97623431596077,0.005009831415939802,66618.74505250002,5017.2868473223325,0.2539417501839413,265.04948781439265,264.3962652316444,0.0040649239747259334,61654.69686141314,2126.358797270113,0.1509806374105686,0.000295
6200.0,47300.60287163325,260.67415971386123,260.21994396448935,0.0028718923910033968,54958.64085907115,260.3525246778675,0.0020325821649766164,53012.584960598484,267.48920898280033,266.69024203176724,0.004929106967506374,66618.74505250002,5017.2868473223325,0.2564720392756966,264.71186708100043,264.0724812327033,0.003983698176224491,61615.73368389533,2126.358797270113,0.15195180571451697,0.0002933333333333333
6250.0,46991.54303072194,260.3150013199775,259.8720655829321,0.002804320691197166,54930.09870589355,260.0014251587896,0.0019843298427917864,53029.2366731214,267.18819225449755,266.40308254594976,0.004848837785012542,66618.74505250002,5017.2868473223325,0.2590169706922191,264.37284803004786,263.7471579479343,0.003903175110075123,61577.01951464049,2126.358797270113,0.1529204080592307,0.0002916666666666667
6300.0,46684.08033487496,259.95458237168356,259.5227602098719,0.0027376380529779516,54902.37780124896,259.6489431222319,0.0019367301727438687,53046.1496264445,266.8860891337053,266.11473722832426,0.004769031420423781,66618.74505250002,5017.2868473223325,0.2615767751237772,264.0324097243806,263.4202732265217,0.003823363870246047,61538.554491853654,2126.358797270113,0.15388644418185737,0.00029
6350.0,46378.207240127886,259.5928825850476,259.1720076553213,0.002671846581404385,54875.462492714294,259.2950584588778,0.0018897840936453886,53063.305474650726,266.5828819660023,265.82518731987886,0.0046896954795133325,66618.74505250002,5017.2868473223325,0.26415167181904425,263.69053119145644,263.09180489237957,0.003744273531231669,61500.33866995931,2126.358797270113,0.1548499035434878,0.0002883333333333333
6400.0,46073.91622007624,259.22988193512504,258.8197880016711,0.0026069483142847514,54849.33722903721,258.93975132791957,0.001843492493574593,53080.68601341315,266.2785529761327,265.53441393644175,0.0046108376204556335,66618.74505250002,5017.2868473223325,0.26674186785916115,263.3471914374332,262.7617307592558,0.003665913142467704,61462.37202058042,2126.358797270113,0.15581076500953417,0.0002866666666666667
6450.0,45771.199766431426,258.8655606768489,258.46608162595606,0.0025429452138932317,54823.98656161327,258.5830021788637,0.001797856204351518,53098.27318811263,265.9730842717324,265.24239807277667,0.004532465552249502,66618.74505250002,5017.2868473223325,0.269347557409721,263.0023694621789,262.43002864681625,0.0035882917223664297,61424.65443354817,2126.358797270113,0.1567689965323252,0.000285
6500.0,45470.05038958838,258.4998993666538,258.1108692228897,0.002479839158404552,54799.39514604088,258.2247917740927,0.001752875995823759,53116.04910225217,265.6664578474721,264.94912060712653,0.004454587032962854,66618.74505250002,5017.2868473223325,0.27196892095152886,262.65604427522857,262.0966763977361,0.0035114182519604877,61387.18571794371,2126.358797270113,0.15772455483740197,0.00028333333333333335
6550.0,45170.4606192049,258.13287888481256,257.75413182864366,0.002417631933054905,54775.54774375387,257.8651012121615,0.0017085525699678961,53133.99602616133,265.35865558963974,264.6545623062257,0.004377209867790743,66618.74505250002,5017.2868473223325,0.2746061244913549,262.3081949127151,261.7616518958248,0.0034353016681450076,61349.96560317309,2126.358797270113,0.1586773851152911,0.00028166666666666666
6600.0,44872.42300479353,257.7644804584614,257.3958508453478,0.0023563252210390792,54752.42922373111,257.5039119518033,0.0016648865548135846,53152.09640598325,265.0496592811785,264.3587038308019,0.004300341906917893,66618.74505250002,5017.2868473223325,0.277259318753857,261.9588004552976,261.4249330852112,0.003359950856508214,61312.99374007654,2126.358797270113,0.15962742072057506,0.00028000000000000003
6650.0,44575.93011632548,257.3946856852865,257.03600806627844,0.002295920594155607,54730.02456428264,257.14120583661486,0.0016218784981988994,53170.33287293649,264.7394506072045,264.06152574159006,0.00422399104317738,66618.74505250002,5017.2868473223325,0.2799286383562437,261.60784004710985,261.0864979906101,0.003285374643741035,61276.26970207312,2126.358797270113,0.16057458288016863,0.00027833333333333334
6700.0,44280.974544847515,257.0234765578377,256.6745857017001,0.0022364195032132683,54708.318854911406,256.77696512038636,0.0015795288613662769,53188.68825283991,264.42801116102225,263.7630085058795,0.004148165209496071,66618.74505250002,5017.2868473223325,0.28261420096733814,261.25529291574867,260.74632473869303,0.0032115817896177256,61239.79298634201,2126.358797270113,0.16151878041290482,0.00027666666666666665
6750.0,43987.54890311158,256.6508354884323,256.3115664053188,0.002177823268214503,54687.29729824942,256.41117249303517,0.001537838012410209,53207.14557588885,264.1153224506609,263.46313250461753,0.004072872376118247,66618.74505250002,5017.2868473223325,0.28531610645297706,260.9011383933216,260.4043915805807,0.003138580978539786,61203.56301504125,2126.358797270113,0.16245990946265085,0.000275
6800.0,43695.645826216634,256.27674533460475,255.94693330130085,0.0021201330683333418,54666.94521206696,256.0438111070984,0.0014968062195887806,53225.68808666735,263.80136590595157,263.1618780400916,0.003998120547597904,66618.74505250002,5017.2868473223325,0.28803443600992584,260.5453559385681,260.0606769154731,0.003066380810637289,61167.57913656506,2126.358797270113,0.16339785324730363,0.00027333333333333333
6850.0,43405.25797226412,255.90118942505526,255.5806700118054,0.0020633499317075795,54647.24803135316,255.67486460473324,0.001456433644512968,53244.29925438052,263.4861228861676,262.85922534421303,0.003923917759550555,66618.74505250002,5017.2868473223325,0.29076925129065767,260.1879251600661,259.7151593154289,0.0029949897924222623,61131.840626840516,2126.358797270113,0.16433248182604435,0.0002716666666666667
6900.0,43116.378023025674,255.5241515860421,255.2127606849718,0.002007474725066846,54628.191310465954,255.30431714516843,0.001416720335228814,53262.96278328847,263.16957468825035,262.5551545874259,0.003850272075155347,66618.74505250002,5017.2868473223325,0.2935205935216958,259.8288258405337,259.36781755130346,0.0029244163269909686,61096.346690664446,2126.358797270113,0.16526365188749176,0.00027
6950.0,42828.99868462352,255.14561616815985,254.8431900232991,0.0019525081432210216,54609.76072534906,254.93215343254505,0.0013776662192092853,53281.66262332191,262.8517025556416,262.2496458882629,0.0037771915813978774,66618.74505250002,5017.2868473223325,0.2962884826183821,259.4680379622311,259.01863061984886,0.002854668703772852,61061.09646308125,2126.358797270113,0.1661912065614029,0.0002683333333333333
7000.0,42543.11268822354,254.76556807343644,254.47194331234718,0.0018984506984351863,54591.942075813524,254.55835874407651,0.0013392710962739063,53300.38298085436,262.53248768774375,261.9426793235729,0.003704684385044645,66618.74505250002,5017.2868473223325,0.29907291629923827,259.105541733461,258.66757777197586,0.0027857550878261214,61026.08901080234,2126.358797270113,0.1671149752566585,0.0002666666666666667
7050.0,42258.71279074065,254.38399278268054,254.09900644968408,0.0018453027097198034,54574.72128788073,254.18291895845627,0.001301534631456197,53319.1083296097,262.2119112500317,261.6342349394414,0.0036327586083396823,66618.74505250002,5017.2868473223325,0.3018738692033887,258.7413176161664,258.31463854217293,0.002717683508681914,60991.32333366757,2126.358797270113,0.16803477352843263,0.00026500000000000004
7100.0,41975.7917755556,254.00087638300042,253.72436597399704,0.0017930642920673116,54558.08441618364,253.80582058442985,0.001264456347839987,53337.823421674,261.8899543848348,261.3242927628271,0.0035614223844143097,66618.74505250002,5017.2868473223325,0.30469129201467254,258.3753463546139,257.95979277907026,0.002650461848740706,60956.798366149305,2126.358797270113,0.1689504029774297,0.0002633333333333333
7150.0,41694.34245324407,253.61620559541382,253.34800909427943,0.0017417353456683506,54542.0176464226,253.42705078944752,0.0012280356193877593,53356.51329858539,261.5665982228125,261.0128328139368,0.0034906838524008843,66618.74505250002,5017.2868473223325,0.30752511059644794,258.0076090051492,257.60302067713275,0.0025840978312275426,60922.51297889917,2126.358797270113,0.16986165118418334,0.00026166666666666667
7200.0,41414.357662315866,253.22996780245916,252.96992371899992,0.0016913155451432351,54526.50729787173,253.04659742830378,0.0011922716637851932,53375.16330246837,261.2418238951423,260.6998351193597,0.003420551152241868,66618.74505250002,5017.2868473223325,0.3103752251413371,257.63808696700215,257.24430280945757,0.002518599007714739,60888.46598033776,2126.358797270113,0.17076829168141938,0.00026000000000000003
7250.0,41135.83026996554,252.84215107571654,252.5900984851532,0.0016418043288265393,54511.53982593148,252.66444907166712,0.0011571635353280032,53393.75908718066,260.9156125464412,260.385279725982,0.0033510324191858,66618.74505250002,5017.2868473223325,0.3132415093403128,257.2667620141146,256.88362016164615,0.0024539727452236354,60854.65611828735,2126.358797270113,0.17167008396747332,0.00025833333333333334
7300.0,40858.753172831974,252.45274420313706,252.20852278708733,0.0015932008881446031,54497.10182472262,252.28059503439476,0.0011227101178780815,53412.28662943412,260.5879453484383,260.06914671570144,0.0032821357779617487,66618.74505250002,5017.2868473223325,0.3161238095759774,256.8936163279564,256.52095416671256,0.002390226212920076,60821.08208164737,2126.358797270113,0.17256677356386002,0.00025666666666666665
7350.0,40583.11929776767,252.06173671607885,251.82518680499692,0.0015455041571281298,54483.180029716415,251.89502540352635,0.0010889101179179387,53430.73223985559,260.2588035144172,259.7514162209608,0.003213869336624901,66618.74505250002,5017.2868473223325,0.31902194414488305,256.51863253128636,256.15628674098144,0.002327366368420749,60787.742502112415,2126.358797270113,0.17345809211984453,0.000255
7400.0,40308.921602615694,251.66911891593955,251.4400815329655,0.0014987128021036649,54469.76132039569,251.50773106584066,0.001055762057733073,53449.08257394475,259.9281683144444,259.43206844111677,0.003146241180065797,66618.74505250002,5017.2868473223325,0.3219357025141996,256.1417937228088,255.78960032092218,0.00226539994373178,60754.63595593226,2126.358797270113,0.17434375756702553,0.0002533333333333334
7450.0,40036.15307699455,251.27488190027213,251.0531988064378,0.0014528252116094759,54456.83272294065,251.1187037348576,0.0010232642687533972,53467.32464288833,259.59602109140053,259.1110836596614,0.0030792593631768237,66618.74505250002,5017.2868473223325,0.32486484461812476,255.76308351266746,255.42087790085415,0.0022043334308433525,60721.760965713314,2126.358797270113,0.17522347432670504,0.00025166666666666664
7500.0,39764.80674308871,250.87901758826754,250.66453132899588,0.0014078394865832244,54444.381412933326,250.72793597716517,0.0009914148850859359,53485.445824189585,259.26234327782436,258.78844226230854,0.003012931903670005,66618.74505250002,5017.2868473223325,0.3278091001995312,255.38248605870763,255.05010307145224,0.002144173067008768,60689.116002260605,2126.358797270113,0.17609693357266745,0.00025
7550.0,39494.87565644467,250.48151874548313,250.27407269831252,0.0013637534308697777,54432.39471807403,250.3354212379427,0.0009602118372715108,53503.43387206498,258.9271164135858,258.4641247559581,0.002947266774540892,66618.74505250002,5017.2868473223325,0.3307681682027536,254.99998610343363,254.6772600589689,0.002084924819739408,60656.699486459285,2126.358797270113,0.17696381355198773,0.0002483333333333333
7600.0,39226.35290677066,250.08237900769254,249.88181743114933,0.0013205645420988452,54420.86012090275,249.9411538655539,0.0009296528462992579,53521.276927564926,258.5903221643944,258.1381117885479,0.0028822718961745786,66618.74505250002,5017.2868473223325,0.33374171622334964,254.615569011572,254.30233376508076,0.0020265943715510448,60624.50979119451,2126.358797270113,0.1778237799660794,0.0002466666666666667
7650.0,38959.23161873923,249.68159290373347,249.4877609872674,0.0012782700029828507,54409.765261518245,249.54512913507867,0.0008997354179131299,53538.963528371365,258.25194234115105,257.81038416979953,0.0028179551280903847,66618.74505250002,5017.2868473223325,0.33672938002074587,254.22922080814865,253.9253098072578,0.001969187104501539,60592.54524330818,2126.358797270113,0.1786764864140925,0.000245
7700.0,38693.504952790914,249.2791558772236,249.09189979211513,0.0012368666730860393,54399.097940287196,249.14734327064983,0.0008704568372446836,53556.48261822244,257.9119589201488,257.4809228928629,0.002754324260323342,66618.74505250002,5017.2868473223325,0.33973076310001243,253.84092821697288,253.5461745595415,0.0019127080845631622,60560.80412559096,2126.358797270113,0.1795215749004767,0.00024333333333333336
7750.0,38429.16610593743,248.87506430701958,248.6942312581586,0.0011963510811158924,54388.84612053541,248.74779346646508,0.0008418141638071551,53573.82355592062,257.5703540641224,257.1497091568604,0.002691387004441526,66618.74505250002,5017.2868473223325,0.34274543636862326,253.4506786994135,253.16491519360895,0.0018571620458775466,60529.2846788078,2126.358797270113,0.18035867640805725,0.00024166666666666667
7800.0,38166.208312563314,248.46931552628928,248.2947538047188,0.0011567194177879278,54378.99793121298,248.34647790633784,0.0008138042268847388,53590.97612387045,257.22711014414716,256.81672439032843,0.00262915098419984,66618.74505250002,5017.2868473223325,0.34577293787447855,253.05846049334326,252.78151971998898,0.0018025533749452237,60497.98510375481,2126.358797270113,0.18118741153788984,0.00024
7850.0,37904.6248452238,248.06190784007214,247.8934668761831,0.001117967529314256,54369.54166952487,247.94339578165932,0.0007864236213515603,53607.93053610311,256.8822097623795,256.48195027554965,0.0025676237258322136,66618.74505250002,5017.2868473223325,0.348812772631016,252.66426265211578,252.3959770292858,0.0017488860948056697,60466.903563345324,2126.358797270113,0.1820073912164547,0.00023833333333333334
7900.0,37644.409015437355,247.65284054120357,247.49037095845924,0.0010800909115655057,54360.465803518266,247.53854730764087,0.0007596687039534592,53624.67744573711,256.5356357756327,256.14536877376605,0.0025068126479859255,66618.74505250002,5017.2868473223325,0.3518644125353851,252.26807508343052,252.00827693325576,0.0016961638492681151,60436.03818472273,2126.358797270113,0.18281821747048993,0.00023666666666666668
7950.0,37385.55417447122,247.24211392448078,247.0854675935438,0.0010430847049541932,54351.75897461786,247.13193373771105,0.0007335355900850433,53641.2079518289,256.1873713197725,255.8069621512579,0.002446725051303434,66618.74505250002,5017.2868473223325,0.35492729638533943,251.8698885879334,251.6184102055726,0.001644389887257119,60405.3870613973,2126.358797270113,0.18361948426932206,0.000235
8000.0,37128.05371411798,246.829729298955,246.67875939208318,0.0010069436900860917,54343.410000100084,246.72355737594836,0.0007080201510933218,53657.51360557032,255.83739983491682,255.46671300626923,0.0023873681076590795,66618.74505250002,5017.2868473223325,0.358000830000342,251.4696948973881,251.22636862210717,0.001593567047340637,60374.94825540424,2126.358797270113,0.18441077843381828,0.00023333333333333333
8050.0,36871.9010674609,246.41568899823628,246.2702500438082,0.0009716622842236575,54335.407875497236,246.3134215874304,0.0006831180121373172,53673.58641578472,255.48570509141575,255.12460429675454,0.002328748849059793,66618.74505250002,5017.2868473223325,0.36108438645206353,251.06748671224804,250.83214500053865,0.0015436977425121571,60344.719799479986,2126.358797270113,0.18519168061081545,0.00023166666666666667
8100.0,36617.089709626656,245.99999638870705,245.85994432573256,0.0009372345386032499,54327.74177692223,245.9015308063948,0.0006588245506317945,53689.41885368553,255.13227121658508,254.7806193689177,0.0022708741562215595,66618.74505250002,5017.2868473223325,0.3641773064090832,250.66325773844952,250.43573323910618,0.0014947839453014968,60314.69969925336,2126.358797270113,0.18596176631112216,0.00023
8150.0,36363.61315852272,245.5826558755451,245.44784810801215,0.0009036541366445432,54320.401063305006,245.4878905421068,0.0006351348953005252,53705.00385685306,254.77708272216066,254.43474198650603,0.002213750746835236,66618.74505250002,5017.2868473223325,0.367278898600267,250.25700272323968,250.03712835430215,0.0014468271732919124,60284.88593544831,2126.358797270113,0.18672060700867296,0.00022833333333333334
8200.0,36111.46497555778,245.1636729064667,245.03396835737152,0.0008709143930871933,54313.37527853135,245.07250738234453,0.0006120439258626213,53720.334832396766,254.42012453243424,254.0869563608185,0.0021573851635378945,66618.74505250002,5017.2868473223325,0.3703884404007328,249.8487174898464,249.63632651730228,0.0013998284751238876,60255.27646609463,2126.358797270113,0.1874677712977863,0.00022666666666666666
8250.0,35860.63876634301,244.74305397310962,244.6183131380141,0.0008390082540858386,54306.65415347516,244.6553889944166,0.0005895462733723363,53735.40565926717,254.06138201302753,253.73724718137956,0.0021017837616085456,66618.74505250002,5017.2868473223325,0.37350517854385484,249.43839897079377,249.23332508892244,0.0013537884170679118,60225.86922874299,2126.358797270113,0.1882028261048925,0.00022500000000000002
8300.0,35611.12818137183,244.32080660998568,244.20089160994368,0.0008079282982902128,54300.227607915316,244.23654412364297,0.0005676363212301622,53750.21068968934,253.70084100025196,253.38559964722302,0.0020469526964094274,66618.74505250002,5017.2868473223325,0.3766283299621002,249.02604523966025,248.8281226528879,0.001308707070250364,60196.66214268035,2126.358797270113,0.18892533795040675,0.00022333333333333333
8350.0,35362.92691667655,243.89693939094528,243.7817140246376,0.0007776667389324949,54294.08575232846,243.81598258923842,0.0005463082068795581,53764.744749691796,253.33848783099927,253.03199949872544,0.0019928979105970713,66618.74505250002,5017.2868473223325,0.3797570827589002,248.61165554107714,248.4207190471987,0.0012645839986176741,60167.65311114189,2126.358797270113,0.18963487425587053,0.00022166666666666667
8400.0,35116.028714459084,243.4714619231061,243.36079171802342,0.0007482154269388795,54288.218889549236,243.39371527755173,0.0005255558242003498,53779.00313870878,252.97430937309662,252.67643304991904,0.0019396251211300467,66618.74505250002,5017.2868473223325,0.3828905973129985,248.1952303187617,248.01111539337356,0.0012214182477243544,60138.84002351536,2126.358797270113,0.19033100469087766,0.00022
8450.0,34870.427363694136,243.04438483821372,242.93813710072698,0.000719565855077206,54282.61751628999,242.96975413262794,0.000505372826606147,53792.98162823939,252.60829305605776,252.31888722120863,0.0018871398061031477,66618.74505250002,5017.2868473223325,0.38602800751601035,247.77677124138066,247.5993141233554,0.001179208334430272,60110.22075753373,2126.358797270113,0.19101330255365098,0.00021833333333333332
8500.0,34626.116700702914,242.61571978141436,242.5137636455725,0.0006917091631466752,54277.2723245121,242.54411214407455,0.00048575263084934823,53806.67645955154,252.24042690215106,251.9593495724087,0.001835447191440941,66618.74505250002,5017.2868473223325,0.3891684221430239,247.3562812260423,247.18531900386546,0.0011379522375918679,60081.7931814519,2126.358797270113,0.19168134617863614,0.00021666666666666668
8550.0,34383.09060969494,242.1854793974331,242.08768587233132,0.0006646361442099875,54272.1742026417,242.1168033322273,0.00046668842153324834,53820.084340422836,251.8706995577007,251.59780833601016,0.001784552237486256,66618.74505250002,5017.2868473223325,0.3923109263553647,246.9337644592198,246.76913515799524,0.001097647389829987,60053.55515620335,2126.358797270113,0.19233472036400287,0.000215
8600.0,34141.3430232762,241.75367731416787,241.65991932973103,0.0006383372518622346,54267.31423662284,241.6878427306268,0.00044817315632679006,53833.20244091678,251.49910032452826,251.2342524505777,0.0017344596255226344,66618.74505250002,5017.2868473223325,0.39545458333358147,246.50922641491252,246.35076908383488,0.001058290670454887,60025.50453753234,2126.358797270113,0.1929730178113446,0.00021333333333333336
8650.0,33900.867922921956,241.320328123722,241.23048057475322,0.0006128026085247628,54262.683710801975,241.25724636583283,0.0004301995718733027,53846.028388197716,251.12561919143835,250.86867159417255,0.0016851737442723199,66618.74505250002,5017.2868473223325,0.39859843603802014,246.08267386986282,245.93022866994272,0.0010198783996254416,59997.63917809757,2126.358797270113,0.19359584056959106,0.00021166666666666667
8700.0,33661.6593394123,240.8854473609155,240.79938714926323,0.0005880220147460171,54258.27410863775,240.82503123461834,0.00041276019038036064,53858.56026039283,250.750246865639,250.50105621768702,0.0016366986764147333,66618.74505250002,5017.2868473223325,0.4017415090930878,245.65411491565376,245.5075232074737,0.000982406333815745,59969.95692954302,2126.358797270113,0.19420280147472607,0.00021
8750.0,33423.71135322863,240.4490514793274,240.3666575540317,0.0005639849594853314,54254.07711323118,240.39121527860166,0.00039584732687379914,53870.79657951573,250.37297480398806,250.1313975779703,0.0015890381851727652,66618.74505250002,5017.2868473223325,0.4048828107907548,245.2235589675256,245.08266339879546,0.0009458696626571283,59942.455644531845,2126.358797270113,0.19479352557666962,0.00020833333333333335
8800.0,33187.01809490968,240.01115782493986,239.93231122022394,0.0005406806313495282,54250.08460767164,239.95581735638962,0.00037945309709469445,53882.73630347034,249.99379524394413,249.75968777061908,0.001542195701017664,66618.74505250002,5017.2868473223325,0.40802133520750833,244.79101676976313,244.6556613624371,0.000910263007217952,59915.13317873927,2126.358797270113,0.19536765154442284,0.00020666666666666666
8850.0,32951.57374536585,239.57178460746545,239.49636847844738,0.0005180979307461056,54246.2886751949,239.51885721332053,0.00036356942601420037,53894.37881716022,249.6127012340986,249.38591976229864,0.001496174308545331,66618.74505250002,5017.2868473223325,0.4111560644283061,244.35650039752127,244.2265306342322,0.0008755804197770004,59887.98739280056,2126.358797270113,0.19592483304056416,0.000205
8900.0,32717.372536149953,239.13095086945782,239.0588505254637,0.0004962254829113492,54242.68159915004,239.08035544891172,0.0003481880569371967,53905.72392273448,249.22968666415633,249.01008742245475,0.00145097673357965,66618.74505250002,5017.2868473223325,0.4142859708698863,243.92002325497506,243.79528616453706,0.0008418153851389025,59861.01615421018,2126.358797270113,0.1964647400560503,0.00020333333333333333
8950.0,32484.408749683847,238.6886764533141,238.61977938868554,0.0004750516517658399,54239.25586277315,238.64033348212666,0.0003333005611619303,53916.77182900288,248.84474629423113,248.6321855542712,0.0014066053305607322,66618.74505250002,5017.2868473223325,0.41741001969518793,243.4816000696975,243.361944311425,0.0008089608235317732,59834.217339168536,2126.358797270113,0.1969870601964552,0.00020166666666666667
9000.0,32252.676719439507,238.24498196629472,238.1791778885917,0.0004545645545450093,54236.00414876596,238.19881351459398,0.00031889834815944926,53927.52314006142,248.45787578331232,248.252209924723,0.0013630620702779117,66618.74505250002,5017.2868473223325,0.4205271713093905,243.04124688319317,242.92652282978182,0.0007770090951187986,59807.58883437279,2126.358797270113,0.19749149991092074,0.0002
9050.0,32022.17083007405,237.79988874369636,237.73706959920688,0.00043475207714734147,54232.91933867892,237.7558184919215,0.00030497267623333005,53937.97884317299,248.06907171676045,247.87015729357054,0.0013203485280090627,66618.74505250002,5017.2868473223325,0.42363638392757313,242.5989810375344,242.4890408562498,0.0007459520061457187,59781.128538748395,2126.358797270113,0.1979777856552895,0.00019833333333333335
9100.0,31792.88551751767,237.35341881032363,237.29347880680388,0.00041560189013859373,54229.994512098485,237.31137206325798,0.0002915146636172154,53948.14029594925,247.67833163268205,247.4860254411372,0.001278465872129293,66618.74505250002,5017.2868473223325,0.4267366162030213,242.1548211580723,242.04951888999446,0.0007157808167365013,59754.8343651183,2126.358797270113,0.1984456649813626,0.00019666666666666666
9150.0,31564.815269014445,236.90559484041708,236.84843046699575,0.00039710146534641637,54227.22294563968,236.86549853926854,0.0002785152999651742,53958.00921288817,247.28565404703377,247.0998131947106,0.0012374148532531316,66618.74505250002,5017.2868473223325,0.4298268299045566,241.70878713222098,241.6079787692938,0.0006864862503390292,59728.70424180704,2126.358797270113,0.19889490754465486,0.00019500000000000002
9200.0,31337.954623114947,236.45644011620163,236.4019501603951,0.0003792380929764759,54224.598111745356,236.41822284869556,0.0002659654581874808,53967.58765132062,246.8910384773049,246.71152045340583,0.0011971957939748532,66618.74505250002,5017.2868473223325,0.43290599263068785,241.2609000843359,241.16444364397725,0.0006580585048118717,59702.73611417691,2126.358797270113,0.1993253060235333,0.00019333333333333333
9250.0,31112.298169621692,236.00597848522867,235.95406404702453,0.0003619988991781647,54222.11367729458,235.96957049368658,0.0002538559065826358,53976.877996825795,246.4944854646243,246.32114821132933,0.0011578085792720582,66618.74505250002,5017.2868473223325,0.4359730805476649,240.81118234673556,240.71893794376982,0.0006304872651324146,59676.92794609405,2126.358797270113,0.19973667694326241,0.00019166666666666667
9300.0,30887.840549485998,235.55423431668802,235.50479881966862,0.00034537086398592025,54219.76350202342,235.51956750407422,0.0002421773212148426,53985.88294817453,246.09599659414192,245.9286985788823,0.001119252647636948,66618.74505250002,5017.2868473223325,0.4390270811383001,240.35965742694137,240.27148734262397,0.000603761717695442,59651.277721322345,2126.358797270113,0.2001288613993111,0.00019
9350.0,30664.576454657814,235.10123245687464,235.0541816563621,0.0003293408395602997,54217.54163676186,235.0682403908004,0.00023092029848511398,53994.60550186431,245.69557451353506,245.53417480204573,0.001081526982999536,66618.74505250002,5017.2868473223325,0.4420669959478118,239.9063499712365,239.82211871915018,0.0005778705661603498,59625.78344484318,2126.358797270113,0.20050172567486005,0.00018833333333333332
9400.0,30442.50062788811,234.64699818399325,234.6022401722123,0.000313895568652017,54215.44232149157,234.6156160986781,0.00022007536784347893,54003.048936309584,245.29322294949276,245.1375812794917,0.0010446301075052243,66618.74505250002,5017.2868473223325,0.4450918433128913,239.45128572466982,239.37086011328424,0.0005528020487942906,59600.44314409978,2126.358797270113,0.20085516174846246,0.0001866666666666667
9450.0,30221.6078624847,234.19155716248886,234.14900237075463,0.00029902170321161314,54213.45998322988,234.16172195868535,0.0002096330045894287,54011.21679575177,244.88894672203685,244.73892357737134,0.0010085600752077005,66618.74505250002,5017.2868473223325,0.44810066105993046,238.9944914876584,238.91774067935637,0.0005285439572479567,59575.254870164725,2126.358797270113,0.2011890876886826,0.000185
9500.0,30001.893002021963,233.73493539709057,233.69449659504014,0.0002847058230675814,54211.589233745704,233.70658563998742,0.00019958364270795563,54019.11287395442,244.48275175654302,244.3382084416352,0.0009733144667354867,66618.74505250002,5017.2868473223325,0.451092509158308,238.53599506936158,238.46279063575182,0.0005050836566905418,59550.21669882986,2126.358797270113,0.20150344793329025,0.00018333333333333334
9550.0,29783.35094000601,233.27715918675256,233.23875147865283,0.00027093445459650407,54209.82486711429,233.25023510188063,0.0001899176876890047,54026.74119774953,244.07464509333514,243.9354438077514,0.000938890384987693,66618.74505250002,5017.2868473223325,0.4540664723149215,238.0758252380281,238.00604121137778,0.00048240810722082465,59525.326731617926,2126.358797270113,0.20179821345186555,0.00018166666666666667
9600.0,29565.97661949564,232.81534535395002,232.77873499822195,0.0002587659914687661,54208.16185711756,232.78968617400298,0.00018135335353329854,54032.87089731975,243.66463489472986,243.53063880769355,0.0009052844519107515,66618.74505250002,5017.2868473223325,0.45714997966840176,237.6140116685335,237.54752458917255,0.0004605038864622295,59500.58309671552,2126.358797270113,0.20219851262164737,0.00017999999999999998
9650.0,29349.762340374375,232.352264314367,232.31734256831226,0.0002473209305546301,54206.58423847938,232.3277899192971,0.0001733234632765243,54038.9699947967,243.2527302837819,243.12380359916102,0.0008724928698408691,66618.74505250002,5017.2868473223325,0.4602217735019851,237.15057993568033,237.08726892764872,0.0004393569974993109,59475.97839181824,2126.358797270113,0.20258669044600794,0.00017833333333333335
9700.0,29134.70302829551,231.88836419843147,231.85506336099837,0.0002363116451309194,54205.08967813988,231.8650269752387,0.00016560005838374216,54044.95933401014,242.83894169680497,242.7149497363131,0.0008405112933102335,66618.74505250002,5017.2868473223325,0.46326242211583374,236.68556215536546,236.62530892278954,0.000418953391986408,59451.51185403164,2126.358797270113,0.20294468901100954,0.00017666666666666666
9750.0,28920.794046609375,231.4235751073112,231.3918299853515,0.00022572285378957786,54203.675193433395,231.4013292154325,0.00015817233504877544,54050.74341005394,242.42328070561157,242.30408998354855,0.0008093348827088345,66618.74505250002,5017.2868473223325,0.46627536485550436,236.21899095859425,236.16167982390758,0.00039927868904444697,59427.182367691545,2126.358797270113,0.20327673824619158,0.000175
9800.0,28708.030713139953,230.95792093365756,230.9276684026443,0.00021554219309298292,54202.33704032883,230.93672199574812,0.00015103154290627873,54056.32582372854,242.00575999515638,241.8912382904206,0.0007789583187232066,66618.74505250002,5017.2868473223325,0.46925994464781867,235.75089924924907,235.6964171867135,0.00038031820331636975,59402.988392382176,2126.358797270113,0.20358304701512672,0.00017333333333333334
9850.0,28496.4083870543,230.49142627765596,230.46260524257724,0.00020575749323366638,54201.07160978496,230.47123135122195,0.00014416907318581346,54061.71121991212,241.5863933650427,241.47640979238062,0.0007493758033064338,66618.74505250002,5017.2868473223325,0.47221551311045545,235.2813205336166,235.22955719537086,0.0003620569917417037,59378.92841082323,2126.358797270113,0.20386382005537074,0.00017166666666666667
9900.0,28285.922468957084,230.0241154762504,229.99666683535125,0.00019635675963877096,54199.87543310522,230.00488302733393,0.00013757644549305026,54066.9042804582,241.16519571902717,241.05962079906584,0.0007205810636941821,66618.74505250002,5017.2868473223325,0.4751414735596479,234.81028886613387,234.76113660364138,0.0003444798814752318,59355.00093346413,2126.358797270113,0.20411929791598205,0.00017
9950.0,28076.568400094042,229.55601257253724,229.52987918013432,0.00018732818044334511,54198.74517830772,229.53770244880252,0.00013124531274933993,54071.90970485203,240.74218305185616,240.6408887797096,0.0006925673577776888,66618.74505250002,5017.2868473223325,0.47803728237108617,234.33783878443376,234.29119266539158,0.0003275714976782273,59331.2044985256,2126.358797270113,0.2043497559179891,0.00016833333333333335
10000.0,27868.341661538238,229.08714129578843,229.06226792422333,0.00017866013360730502,54197.67764640613,229.06971469905335,0.00012516746589096432,54076.73220099366,240.31737243307185,240.22023234532327,0.0006653274807792666,66618.74505250002,5017.2868473223325,0.48090244975602986,233.86400524365584,233.81976306437693,0.0003113162915403563,59307.537671954065,2126.358797270113,0.2045555026070807,0.00016666666666666666
10050.0,27661.237773369736,228.61752504297107,228.59385834380427,0.00017034119342980786,54196.669767694366,228.6009445012543,0.00011933483815560878,54081.37647652302,239.89078198778245,239.7976712276492,0.0006388537732260966,66618.74505250002,5017.2868473223325,0.4837365403540825,233.38882355052172,233.3468858438201,0.0002956985684113433,59283.99904733474,2126.358797270113,0.20473687811235888,0.000165
10100.0,27455.25229384995,228.147186861675,228.12467532621991,0.00016236013646246525,54195.7185980422,228.13141620082627,0.00011373950895722942,54085.84723059995,239.46243087442667,239.37322625491635,0.0006131381302115223,66618.74505250002,5017.2868473223325,0.4865391736449257,232.90996548222617,232.87011276018637,0.00028157285857370026,59260.58724576609,2126.358797270113,0.20479261177975785,0.00016333333333333334
10150.0,27250.38081859245,227.67614943443772,227.6547433537328,0.00015470594682754675,54194.821315208086,227.6611537494175,0.00010837370735379872,54090.14914613912,239.0323392595781,238.9469193244517,0.0005881720119252749,66618.74505250002,5017.2868473223325,0.4893100241784763,232.42862621197702,232.3906854549347,0.00026861720662712965,59237.30091569784,2126.358797270113,0.20477242479492078,0.00016166666666666665
10200.0,27046.61897973164,227.20443506445056,227.18408648876525,0.00014736782094965873,54193.97521517478,227.19018069032575,0.00010322981511397858,54094.28688249998,238.6005282898552,238.51877337221933,0.0005639464554260449,66618.74505250002,5017.2868473223325,0.49204882162404345,231.9464626398093,231.9103538147197,0.000256176785781224,59214.13873273482,2126.358797270113,0.20474640163196328,0.00016
10250.0,26843.96244509087,226.73206566262664,226.71272836059373,0.00014033517171154662,54193.17770851338,226.7185201453436,9.830036939021357e-05,54098.26506862694,238.1670200610217,238.08881233937913,0.00054045208762187,66618.74505250002,5017.2868473223325,0.49475535064004955,231.463286658308,231.42893328817465,0.00024422957193507216,59191.09939940876,2126.358797270113,0.20470539900031715,0.00015833333333333332
10300.0,26642.406917351276,226.2590627360053,226.2406921534696,0.00013359763204661497,54192.42631678095,226.24619480300274,9.357806500709718e-05,54102.08829663775,237.73183758437946,237.6570611359774,0.0005176791394161857,66618.74505250002,5017.2868473223325,0.4974294505668901,230.97912886025998,230.94645696053007,0.0002327606904694907,59168.181644920245,2126.358797270113,0.20464969720556525,0.0001566666666666667
10350.0,26441.94813322282,225.78544737746302,225.7680005961331,0.00012714505798250883,54191.71866895649,225.77322690818326,8.905575637501903e-05,54105.76111585251,237.2950047505737,237.22354560189783,0.0004956174609696013,66618.74505250002,5017.2868473223325,0.500071014946581,230.49402188010438,230.46295990883308,0.00022175551608611695,59145.384224852976,2126.358797270113,0.20457968574781776,0.000155
10400.0,26242.581862618583,225.31124025669754,225.29467595268403,0.00012096753115169604,54191.05249791993,225.29963825305262,8.472645904016919e-05,54109.28802725557,236.8565462909484,236.788292465223,0.0004742565380205288,66618.74505250002,5017.2868473223325,0.5026799908737977,230.00799795616783,229.97847677305225,0.00021119961331197057,59122.70592086248,2126.358797270113,0.2044957587526921,0.00015333333333333334
10450.0,26044.303907833797,224.8364616124491,224.82074001476886,0.00011505536078633623,54190.42563697817,224.82545016929615,8.058335088293313e-05,54112.673478382974,236.4164877366032,236.35132929816885,0.00045358550920065164,66618.74505250002,5017.2868473223325,0.5052563781837308,229.5210888747094,229.49304169848753,0.00020107874884972823,59100.14554034125,2126.358797270113,0.20439831294795985,0.00015166666666666668
10500.0,25847.110102730545,224.36113124591776,224.3462140950406,0.00010939908521595247,54189.83601644216,224.35068352159493,7.661977297747172e-05,54115.921858623704,235.97485537532054,235.91268447077402,0.000433593184275131,66618.74505250002,5017.2868473223325,0.5078002284832671,229.03332594164985,229.00668830592144,0.00019137890370055075,59077.70191606243,2126.358797270113,0.20428774677060174,0.00015
10550.0,25650.996311929517,223.88526851533538,223.8711190218453,0.00010398947288740519,54189.28166025852,223.87535870230784,7.282923012600396e-05,54119.03749492535,235.53167620654344,235.4723871025381,0.00041426806323145027,66618.74505250002,5017.2868473223325,0.5103116440326452,228.54473995680715,228.5194496644412,0.0001820862843203618,59055.37390580396,2126.358797270113,0.20416445951961812,0.00014833333333333335
10600.0,25455.95843000943,223.40889233164742,223.39547513508657,9.881752292752473e-05,54188.760682698965,223.39949562730934,6.920539108184708e-05,54122.02464789133,235.086977894597,235.03046701221575,0.0003955983561356444,66618.74505250002,5017.2868473223325,0.5127907764856092,228.0553611903702,228.03135826666116,0.00017318733280649386,59033.160391955,2126.358797270113,0.204028850545505,0.00014666666666666666
10650.0,25261.992380715285,222.93202115525753,222.91930228321826,9.387446526941748e-05,54188.27128511038,222.92311373293376,6.574208847571508e-05,54124.88750825683,234.64078872035694,234.5869546659847,0.0003775720036701267,66618.74505250002,5017.2868473223325,0.5152378254967268,227.56521936158626,227.54244600631824,0.0001646687361234984,59011.060281106715,2126.358797270113,0.20388131847793511,0.000145
10700.0,25069.09411617661,222.45467299378808,222.4426198213126,8.915176036397892e-05,54187.811752728194,222.44623197397652,6.24333184601306e-05,54127.630193730845,234.19313753157675,234.14188112421482,0.0003601766982634842,66618.74505250002,5017.2868473223325,0.5176530372051231,227.0743436196301,227.0527441582054,0.00015651743438140084,58989.07250362889,2126.358797270113,0.2037222604929307,0.00014333333333333334
10750.0,24877.259616135798,221.97686540080736,221.9654466101523,8.464109849851015e-05,54187.38045155538,221.96886882270047,5.927324008704173e-05,54130.2567461907,233.7440536920933,233.6952779870724,0.00034339990571950215,66618.74505250002,5017.2868473223325,0.5200367026044836,226.58276252661648,226.56228336039828,0.0001487206281836481,58967.19601323435,2126.358797270113,0.2035520716206273,0.00014166666666666668
10800.0,24686.48488718811,221.4986154754734,221.48780101629197,8.033439874454183e-05,54186.97582530905,221.49104226879402,5.625617443384414e-05,54132.77112921327,233.2935670301335,233.24717733919877,0.00032722888725043625,66618.74505250002,5017.2868473223325,0.5223891558095445,226.09050404270442,226.07109359872123,0.00014126578506561233,58945.42978653266,2126.358797270113,0.20337114409423634,0.00014000000000000001
10850.0,24496.76596203352,221.0199398630455,221.00970091303552,7.622380755706718e-05,54186.596392436375,221.01276982022966,5.337660349310373e-05,54135.17722592994,232.83839602604766,232.79412796176078,0.0003128708224299037,66618.74505250002,5017.2868473223325,0.5245637793173442,225.59759551323998,225.57920419339115,0.00013414064504778712,58923.77282257472,2126.358797270113,0.20317986674068556,0.00013833333333333333
10900.0,24308.098898741013,220.54085475621213,220.53116368227552,7.230169704735556e-05,54186.24074320137,220.53406850496975,5.062916884121776e-05,54137.47883718991,232.38157414977258,232.33929825330026,0.0002993758098813528,66618.74505250002,5017.2868473223325,0.5266936023224791,225.10406365787125,225.0866437877707,0.00012733322533066912,58902.224142389816,2126.358797270113,0.20297862441296752,0.00013666666666666666
10950.0,24120.479780026206,220.06137589718628,220.05220621714062,6.856066295135154e-05,54185.907536843624,220.05495487346656,4.8008670101139974e-05,54139.679680016794,231.92374962624547,231.8833891752676,0.0002863735638154848,66618.74505250002,5017.2868473223325,0.5288065014027686,224.6099345615712,224.59344033915644,0.00012083182416079635,58880.782788516415,2126.358797270113,0.2027677974642104,0.000135
11000.0,23933.904712542662,219.58151858051772,219.57284492539787,6.499352231545286e-05,54185.59549881004,219.57544500190494,4.5510063214138835e-05,54141.783386343646,231.46482913118032,231.42631019907873,0.0002738470458770738,66618.74505250002,5017.2868473223325,0.5308974874370106,224.1152336674912,224.09962111152225,0.00011462502389957806,58859.447824528164,2126.358797270113,0.2025477612629821,0.00013333333333333334
11050.0,23748.369826187074,219.10129765657402,219.09309573355728,6.159331092108348e-05,54185.30341806026,219.095554496136,4.312845853530088e-05,54143.79350201172,231.00484045219392,230.96809125588334,0.0002617835866498618,66618.74505250002,5017.2868473223325,0.5329669704104899,223.6199857715705,223.60521267013425,0.00010870169332829468,58838.21833455633,2126.358797270113,0.20231888574935336,0.00013166666666666665
11100.0,23563.87127341911,218.62072753564178,218.6129740916269,5.8353280469096226e-05,54185.030144446275,218.61529849625137,4.085911876721073e-05,54145.713486018205,230.54381266029372,230.5087635301232,0.00025017064970931394,66618.74505250002,5017.2868473223325,0.5350154415425532,223.1242150188196,223.11024087794993,0.00010305098922410274,58817.09342280988,2126.358797270113,0.20208153503089904,0.00013000000000000002
11150.0,23380.405228596013,218.1398221926002,218.13249497846815,5.526689554451801e-05,54184.774586166495,218.13469168174768,3.8697456745882935e-05,54147.54670999727,230.08177461226916,230.04835796727187,0.000238995795338386,66618.74505250002,5017.2868473223325,0.5370434066528107,222.62794490119518,222.6147308937121,9.766235724300033e-05,58796.07221309432,2126.358797270113,0.20183606701780019,0.00012833333333333333
11200.0,23197.96788732231,217.65859517212223,217.65167290770134,5.232783038161773e-05,54184.53570729441,217.65374827723414,3.6639033092651414e-05,54149.29645792148,229.61875490342646,229.58690522479588,0.00022824669300608027,66618.74505250002,5017.2868473223325,0.5390513839865215,222.1311982569813,222.11870717164553,9.252553214649042e-05,58775.15384833038,2126.358797270113,0.20158283309588804,0.0001266666666666667
11250.0,23016.55546581475,217.17705959435764,217.1705219341144,4.9529965448661845e-05,54184.31252538171,217.1724820586363,3.4679553745294645e-05,54150.96592600945,229.15478183901163,229.12443564184153,0.00021791113373765416,66618.74505250002,5017.2868473223325,0.5410399028310097,221.6339972715906,221.62219346266406,8.76305374092406e-05,58754.33749007354,2126.358797270113,0.20132217783646264,0.000125
11300.0,22836.164200282783,216.69522816105376,216.68905566052737,4.686738387106753e-05,54184.10410913564,216.69090635984801,3.2814867381208336e-05,54152.55822282316,228.68988340743095,228.6609792108405,0.00020797704180514998,66618.74505250002,5017.2868473223325,0.5430095021728237,221.13636347969987,221.1252128169945,8.296768424526031e-05,58733.62231803525,2126.358797270113,0.20105443874166767,0.00012333333333333334
11350.0,22656.790346324764,216.2131131620743,216.2072872450686,4.433436771098093e-05,54183.909576170045,216.20903407979185,3.1040962744991965e-05,54154.07636954604,228.22408725510363,228.19656555086976,0.00019843248571960106,66618.74505250002,5017.2868473223325,0.5449607293906059,220.63831776863196,220.6277875881247,7.85275700901602e-05,58713.0075296068,2126.358797270113,0.20077994602385352,0.00012166666666666668
11400.0,22478.43017833972,215.73072648227276,215.72522940881927,4.1925394120581713e-05,54183.72809082975,215.72687768984161,2.935396589228515e-05,54155.523300424524,227.75742066296246,227.73122388278156,0.0001892656885162007,66618.74505250002,5017.2868473223325,0.5468941389870159,220.13988038289943,220.12993943798296,7.430107657683517e-05,58692.49233938653,2126.358797270113,0.20049902241766196,0.00012
11450.0,22301.079988954978,215.2480796086839,215.24289444378428,3.963513138567363e-05,54183.55886208732,215.2444492415689,2.7750137361197758e-05,54156.9018633629,227.28991052461222,227.26498300611277,0.00018046503732754095,66618.74505250002,5017.2868473223325,0.5488102913624838,219.64107092982385,219.63168934325742,7.027936704150023e-05,58672.075978711204,2126.358797270113,0.20021198302316648,0.00011833333333333334
11500.0,22124.736088469537,214.76518363799542,214.76029422115116,3.745843487536793e-05,54183.40114151153,214.76176037477416,2.62258692821481e-05,54158.214820658555,226.82158332614608,226.79787127777314,0.00017201909224360762,66618.74505250002,5017.2868473223325,0.5507097516332883,219.14190838614778,219.13305760276634,6.645388359643275e-05,58651.75769519214,2126.358797270113,0.19991913517856902,0.00011666666666666667
11550.0,21949.394804313197,214.28204928426362,214.27744019979758,3.5390342912880944e-05,54183.25422130655,214.27882232576457,2.4777682436387325e-05,54159.46484986531,226.35246512761458,226.32991659250473,0.00016391659446064093,66618.74505250002,5017.2868473223325,0.5525930884961381,218.642411105557,218.63406384579045,6.281634380501171e-05,58631.53675225673,2126.358797270113,0.1996207783608743,0.000115
11600.0,21775.05248052157,213.79868688684022,213.7943434350133,3.3426072581713834e-05,54183.11743242077,213.79564593584482,2.34022232729653e-05,54160.654544774705,225.88258154613246,225.86114636509606,0.00015614647372411752,66618.74505250002,5017.2868473223325,0.5544608731409074,218.1425968270342,218.134727041283,5.9358736993761514e-05,58611.41242869597,2126.358797270113,0.19931720411294038,0.00011333333333333333
11650.0,21601.705477226387,213.31510641847777,213.311014587401,3.1561015480682476e-05,54182.990142724106,213.31224165998586,2.209626089334613e-05,54161.78641650315,225.41195774060319,225.39158751432808,0.0001486978550741254,66618.74505250002,5017.2868473223325,0.5563136782129505,217.64248268396506,217.6350655078737,5.607332023510312e-05,58591.38401821833,2126.358797270113,0.19900869599525495,0.00011166666666666667
11700.0,21429.350170161662,212.83131749358364,212.8274639319246,2.9790733440513863e-05,54182.87175525271,212.82861957564134,2.0856684012360416e-05,54162.86289467555,224.94061839803328,224.92126644862162,0.0001415600649040866,66618.74505250002,5017.2868473223325,0.5581520768259693,217.142085213924,217.13509692458706,5.295261403339519e-05,58571.45082901061,2126.358797270113,0.19869552956093386,0.00011
11750.0,21257.982950185044,212.34732937659348,212.34370136707463,2.811095421394893e-05,54182.76170651954,212.34478939168093,1.9680497903649542e-05,54163.88632869512,224.4685877214052,224.45020905335122,0.0001347226363463175,66618.74505250002,5017.2868473223325,0.5599766416262273,216.64142036906546,216.63483834219798,4.9989397745666e-05,58551.612183306104,2126.358797270113,0.1983779723522789,0.00010833333333333334
11800.0,21087.600222814413,211.86315099043708,211.8597364241217,2.651756715054273e-05,54182.65946488966,211.86076045741302,1.85648213372421e-05,54164.85898908995,223.99588941906947,223.97844067978284,0.00012817531400017104,66618.74505250002,5017.2868473223325,0.5617879439084531,216.14050352705357,216.13430619515037,4.7176704767163123e-05,58531.867416960355,2126.358797270113,0.1980562839174509,0.00010666666666666668
11850.0,20918.19840777957,211.37879092507254,211.37557827643175,2.5006618866616953e-05,54182.564529018724,211.37654177167028,1.7506883516394223e-05,54165.783068927805,223.52254669561492,223.50598613559052,0.00012190805802051888,66618.74505250002,5017.2868473223325,0.563586552783571,215.63934950246207,215.6335163139687,4.450781751054358e-05,58512.215879034935,2126.358797270113,0.19773071584559665,0.000105
11900.0,20749.77393858863,210.8942574460633,210.89123574881782,2.357430892009451e-05,54182.47642635325,210.89214199193367,1.6504021020330638e-05,54166.66068529044,223.0485822441701,223.0328696769004,0.00011591104758612423,66618.74505250002,5017.2868473223325,0.56537303439816,215.1379725585837,215.13248393809516,4.197626220616677e-05,58492.65693138945,2126.358797270113,0.1974015118191268,0.00010333333333333333
11950.0,20582.323262109174,210.4095585031774,210.40671732690492,2.2216985499244834e-05,54182.39471169109,210.40756944347157,1.5553674759036394e-05,54167.493880799404,222.57401824008542,222.5591150018089,0.00011017468376900201,66618.74505250002,5017.2868473223325,0.5671479512051995,214.63638641958738,214.63122372908842,3.95758035495731e-05,58473.18994828201,2126.358797270113,0.19706890768156657,0.00010166666666666667
12000.0,20415.842838163735,209.92470173898744,209.9220311664867,2.0931141133690184e-05,54182.318965800725,209.92283212847352,1.4653386945789871e-05,54168.284625186556,222.0988763359445,222.08474524531687,0.00010468959182719042,66618.74505250002,5017.2868473223325,0.5689118612855862,214.13460428296855,214.12974978412413,3.730043922084623e-05,58453.814315978336,2126.358797270113,0.19673313151972258,0.0001
12050.0,20250.329139139256,209.43969449745273,209.43718510285342,1.9713408435360215e-05,54182.24879409766,209.4379377351574,1.3800798092664191e-05,54169.03481690079,221.62317765784806,221.6097829756211,9.944662294446632e-05,66618.74505250002,5017.2868473223325,0.5706653177195682,213.63263883223698,213.62807564974023,3.514439429914959e-05,58434.529432369774,2126.358797270113,0.19639440375870915,9.833333333333333e-05
12100.0,20085.77864961063,208.95454383246604,208.95218666007304,1.8560555876451625e-05,54182.183825376436,208.95289364683396,1.2993644033799448e-05,54169.74628474652,221.14694280291343,221.1342501917,9.443685544141673e-05,66618.74505250002,5017.2868473223325,0.5724088680071335,213.1305022497945,213.1262143357734,3.310211559434363e-05,58415.334706600166,2126.358797270113,0.1960529372686797,9.666666666666667e-05
12150.0,19922.187865977645,208.46925651634794,208.46704306020817,1.7469483610837162e-05,54182.12371059672,208.46770695090945,1.2229752980819268e-05,54170.420789545315,220.67019183793192,220.65816832213122,8.96515954829864e-05,66618.74505250002,5017.2868473223325,0.5741430535363032,212.62820622995412,212.62417832943757,3.116826591621079e-05,58396.22955870182,2126.358797270113,0.19570893748199825,9.5e-05
12200.0,19759.553296115333,207.98383904827546,207.9817612324536,1.6437219344785813e-05,54182.06812172173,207.98238444781353,1.1507042614373571e-05,54171.06002581742,220.19294429912233,220.18155822507592,8.508237730810882e-05,66618.74505250002,5017.2868473223325,0.5758684090979181,212.12576199205716,212.12197960949686,2.9337718300460894e-05,58377.213419240616,2126.358797270113,0.1953626025196474,9.333333333333334e-05
12250.0,19597.871459037247,207.4982976626295,207.4963478221799,1.5460914262296845e-05,54182.01675060751,207.49693265983612,1.0823517215396947e-05,54171.665623475405,219.71521919292175,219.704440189365,8.072096300736928e-05,66618.74505250002,5017.2868473223325,0.5775854624457072,211.62318029364744,211.6196296604905,2.7605550209359404e-05,58358.28572897021,2126.358797270113,0.19501412332585907,9.166666666666667e-05
12300.0,19437.138884571552,207.01263833725022,207.01080919987024,1.453783900981759e-05,54181.96930794149,207.01135783986211,1.0177264839314839e-05,54172.23914952688,219.23703499775152,219.2268339366215,7.655934187479071e-05,66618.74505250002,5017.2868473223325,0.5792947339000166,211.12047144366522,211.11713948696908,2.5967037723529802e-05,58339.44593849548,2126.358797270113,0.19466368380987825,8.999999999999999e-05
12350.0,19277.35211304939,206.52686680158848,206.52515146993892,1.3665379744611779e-05,54181.92552222862,206.52566597999206,9.566454536078865e-06,54172.78210978085,218.75840966669875,218.7487586243545,7.258972935985584e-05,66618.74505250002,5017.2868473223325,0.5809967359937156,210.61764531562588,210.61451962770576,2.4417649740222542e-05,58320.69350794512,2126.358797270113,0.19431146099388846,8.833333333333333e-05
12400.0,19118.507695005384,206.04098854474321,206.03938047942106,1.2841034250562848e-05,54181.88513882364,206.0398628200376,8.989333618581486e-06,54173.29595055306,218.27936063105219,218.270232849959,6.880456564572683e-05,66618.74505250002,5017.2868473223325,0.5826919731586295,210.11471136075028,210.11178016984752,2.2953042192125873e-05,58302.027906653384,2126.358797270113,0.19395762516617415,8.666666666666667e-05
12450.0,18960.602190889982,205.5550088233762,205.55350182652415,1.2062408124745312e-05,54181.84791900781,205.55395385588398,8.444224981696068e-06,54173.782060367506,217.79990480463306,217.7912746555582,6.51965138793818e-05,66618.74505250002,5017.2868473223325,0.5843809414507889,209.61167862101922,209.6089307629763,2.1569052299625845e-05,58283.44861285093,2126.358797270113,0.1936023400386845,8.5e-05
12500.0,18803.63217079325,205.0689326694955,205.06752086903296,1.132721103766733e-05,54181.813639108586,205.06794434770995,7.92952447388644e-06,54174.2417716495,217.32005858886214,217.31190153362502,6.175845807899666e-05,66618.74505250002,5017.2868473223325,0.5860641283128128,209.10855574212349,209.10598063305105,2.0261692868296484e-05,58264.955113364755,2126.358797270113,0.19324576290816892,8.333333333333333e-05
12550.0,18647.594214179768,204.58276489810103,204.58144273256082,1.0633253069687688e-05,54181.78208966084,204.58183932805875,7.443698323061333e-06,54174.67636240741,216.83983787850536,216.83213043332128,5.848350074343258e-05,66618.74505250002,5017.2868473223325,0.5877420123716521,208.60535098628586,208.60293859620478,1.902714664232275e-05,58246.546903327035,2126.358797270113,0.19288804482014021,8.166666666666667e-05
12600.0,18492.48490963436,204.09651011468625,204.0952723186409,9.978441125730065e-06,54181.753074607885,204.09564360975372,6.9852806180850655e-06,54175.087057900455,216.3592580680419,216.3519777674943,5.5364960188119173e-05,66618.74505250002,5017.2868473223325,0.5894150632699259,208.10207224493274,208.0998130723744,1.7861760723540693e-05,58228.22348589289,2126.358797270113,0.19252933073494294,8e-05
12650.0,18338.30085461849,203.61017272258962,203.60901431265174,9.360775430063291e-06,54181.72641054106,203.60936179365294,6.552870847114632e-06,54175.475032289,215.87833405860002,215.87145942027203,5.239636763097248e-05,66618.74505250002,5017.2868473223325,0.5910837415291363,207.5987270511965,207.5966120987412,1.6762041064791368e-05,58209.98437196693,2126.358797270113,0.19216975969537334,7.833333333333334e-05
12700.0,18185.038655236698,203.1237569301924,203.12267319157291,8.778346102587751e-06,54181.70192597624,203.12299827623843,6.145131493707422e-06,54175.84141026572,215.39708026540706,215.39059075520078,4.957146405128502e-05,66618.74505250002,5017.2868473223325,0.5927484984429179,207.0953225922293,207.09334334296435,1.5724647045370704e-05,58191.829079938376,2126.358797270113,0.19180946499513515,7.666666666666667e-05
12750.0,18032.694926013053,202.63726675795806,202.63625323156646,8.229329817755962e-06,54181.67946066601,202.63655725703586,5.760785691430792e-06,54176.187268664544,214.91551062570414,214.9093866238702,4.6884196843747784e-05,66618.74505250002,5017.2868473223325,0.5944097759987119,206.59186572131415,206.59001411619056,1.4746386135476716e-05,58173.75713542485,2126.358797270113,0.19144857434768814,7.5e-05
12800.0,17881.26628967713,202.15070604531107,202.14975851538136,7.711986546972242e-06,54181.658864946,202.15004274586246,5.398614937509704e-06,54176.51363804683,214.43363860707382,214.42786137497345,4.43287162889488e-05,66618.74505250002,5017.2868473223325,0.5960680068259772,206.0883629697588,206.08663138582568,1.382420865573267e-05,58155.76807102443,2126.358797270113,0.1910872100549277,7.333333333333333e-05
12850.0,17730.749376959375,201.66407845735125,201.66319293957847,7.224656385047476e-06,54181.63999911404,201.66345856989912,5.0574568658653915e-06,54176.82150426086,213.9514772161361,213.94602886375148,4.189937186084339e-05,66618.74505250002,5017.2868473223325,0.5977236141694499,205.58482055856027,205.58320178805533,1.2955202637088858e-05,58137.86142607603,2126.358797270113,0.19072548917528037,7.166666666666667e-05
12900.0,17581.14082639532,201.17738749140355,201.17656022157408,6.765756461041006e-06,54181.62273284082,201.1768083805872,4.7362030797310245e-06,54177.11180997592,213.46903900756533,213.4639024617739,3.9590708390809925e-05,66618.74505250002,5017.2868473223325,0.5993770118855906,205.0812444098301,205.0797316401045,1.21365887856808e-05,58120.03674642786,2126.358797270113,0.19036352369075757,7.000000000000001e-05
12950.0,17432.437284138585,200.69063648339954,200.68986390650088,6.3337779335935614e-06,54181.606944610794,200.6900956603456,4.4337970438725585e-06,54177.38545618622,212.9863360933867,212.98149506701034,3.739746210699964e-05,66618.74505250002,5017.2868473223325,0.6010286044608337,204.57764015797113,204.57622695222594,1.1365715556538517e-05,58102.293584213825,2126.358797270113,0.19000142067266496,6.833333333333333e-05
13000.0,17284.63540378229,200.2038286140924,200.20310737388576,5.927283070647281e-06,54181.59252119201,200.2033237291106,4.149232036304083e-06,54177.643303686724,212.5033801525108,212.49881911414835,3.531455656677744e-05,66618.74505250002,5017.2868473223325,0.6026787870498861,204.0740131605986,204.07269343941084,1.0640054339411573e-05,58084.6314976377,2126.358797270113,0.18963928244553782,6.666666666666667e-05
13050.0,17137.73184618843,199.7169669151027,199.716293844144,5.544902413257173e-06,54181.57935713366,199.7164957506961,3.881549159252581e-06,54177.8861745179,212.02018244046633,212.01588658511687,3.333709849912962e-05,66618.74505250002,5017.2868473223325,0.6043279455326555,203.57036850920002,203.56913653281507,9.957194759382532e-06,58067.05005076493,2126.358797270113,0.18927720674910903,6.500000000000001e-05
13100.0,16991.723279325306,199.23005427479623,199.22942638489027,5.185332023023774e-06,54181.567354290164,199.22961473897513,3.6298354090091937e-06,54178.11485337886,211.53675379929706,211.53270901977655,3.1460373572991545e-05,66618.74505250002,5017.2868473223325,0.6059764565883875,203.06671103952758,203.0655613908959,9.3148400943955e-06,58049.54881332182,2126.358797270113,0.188915286897936,6.333333333333335e-05
13150.0,16846.606378112316,198.74309344399458,198.74250791706714,4.847330812517808e-06,54181.55642137061,198.74268356388328,3.3932218041960393e-06,54178.33008900892,211.05310466758567,211.04929752673954,2.967984210653261e-05,66618.74505250002,5017.2868473223325,0.6076246877854846,202.56304534172162,202.5619729102565,8.710802811322282e-06,58032.127360502076,2126.358797270113,0.1885536119385314,6.166666666666667e-05
13200.0,16702.377824272076,198.25608704151782,198.255541220892,4.529717957922805e-06,54181.54647351249,198.25570495724475,3.1708815718775585e-06,54178.53259553589,210.56924509057353,210.56566279428486,2.7991134731529712e-05,66618.74505250002,5017.2868473223325,0.6092729976857704,202.05937577016036,202.05837573619448,8.143000221719381e-06,58014.785272780355,2126.358797270113,0.18819226680374262,6e-05
13250.0,16559.034306189526,197.76903755956198,197.76852894162394,4.231370392992165e-06,54181.53743187856,197.76868151842285,2.962028390857782e-06,54178.72305379179,210.08518473034673,210.08181510133724,2.6390048026070137e-05,66618.74505250002,5017.2868473223325,0.6109217359618826,201.55570645303632,201.5547742729543,7.609450258004148e-06,57997.522135732754,2126.358797270113,0.18783133246424225,5.833333333333333e-05
13300.0,16416.5725187779,197.28194736891203,197.28147359515205,3.951220383298684e-06,54181.52922327581,197.2816157197961,2.765914691424277e-06,54178.902112594966,209.60093287605812,209.59776432847892,2.487254012794308e-05,66618.74505250002,5017.2868473223325,0.6125712435264962,201.0520413016568,201.05117269368196,7.108267370382175e-06,57980.33753986402,2126.358797270113,0.1874708860768996,5.6666666666666664e-05
13350.0,16274.98916335097,196.79481872399157,196.79437757340736,3.688253179651233e-06,54181.52177979555,196.79450991206133,2.5818300107282427e-06,54179.070389997905,209.11649845416153,209.1135199689669,2.3434726340236542e-05,66618.74505250002,5017.2868473223325,0.6142218526723396,200.54838401947055,200.54757495008317,6.637658544501196e-06,57963.23108044131,2126.358797270113,0.18711100113002968,5.5e-05
13400.0,16134.2809475018,196.3076537677527,196.3072431496007,3.4415047494589984e-06,54181.515038473604,196.3073663293682,2.409099402927893e-06,54179.2284745028,208.6318900386309,208.62909113972964,2.2072874739815655e-05,66618.74505250002,5017.2868473223325,0.6158738872216883,200.04473811081962,200.04398478178538,6.195919439478965e-06,57946.20235733431,2126.358797270113,0.18675174758524254,5.333333333333334e-05
13450.0,15994.444584987266,195.8204545364059,195.8200724832886,3.2100595847415082e-06,54181.50894096968,195.8201870942835,2.2470819031639993e-06,54179.37692624123,208.1471158611452,208.14448659231957,2.0783401798561684e-05,66618.74505250002,5017.2868473223325,0.6175276626845491,199.54110688941918,199.5404057254063,5.781430645656247e-06,57929.25097486157,2126.358797270113,0.18639319201597804,5.1666666666666664e-05
13500.0,15855.476795618442,195.33322296399496,195.33286762527027,2.9930485854114233e-06,54181.50343326497,195.3329742225926,2.095169044390829e-06,54179.51627812195,207.66218382121514,207.6597147237991,1.9562868026471722e-05,66618.74505250002,5017.2868473223325,0.6191834864242408,199.03749348656666,199.03684112333053,5.392654061158383e-06,57912.37654164278,2126.358797270113,0.18603539774248556,5e-05
13550.0,15717.374305156545,194.84596088681707,194.84563052231812,2.789647016393045e-06,54181.49846537711,194.8457296279365,1.9527834260401866e-06,54179.64703694379,207.17710149623485,207.17478358754047,1.840797364497083e-05,66618.74505250002,5017.2868473223325,0.62084165782968,198.53390085908387,198.5332941321984,5.028129386107792e-06,57895.57867045693,2126.358797270113,0.18567842496336365,4.8333333333333334e-05
13600.0,15580.133845214212,194.3586700476924,194.3583630217454,2.5990725370871106e-06,54181.49399109173,194.3584551262904,1.819377333462294e-06,54179.7696844759,206.6918761514404,206.68970090392068,1.7315554298073488e-05,66618.74505250002,5017.2868473223325,0.6225024684933226,198.03033179699437,198.02976773110947,4.686470733113761e-06,57878.85697810612,2126.358797270113,0.1853223308834835,4.666666666666667e-05
13650.0,15443.752153161726,193.87135210008515,193.87106687581334,2.42058330164599e-06,54181.489967709625,193.8711524402853,1.6944314070553474e-06,54179.88467850441,206.20651474975938,206.20447407089557,1.628257680834528e-05,66618.74505250002,5017.2868473223325,0.6241662023940208,197.52678893093943,197.52626472954577,4.3663633524747335e-06,57862.21108528479,2126.358797270113,0.18496716983831665,4.4999999999999996e-05
13700.0,15308.225972038344,193.38400861207893,193.38374374598177,2.253476128485967e-06,54181.48635580891,193.38382320337578,1.5774533599706007e-06,54179.99245384611,205.72102396153738,205.71911017443702,1.5306134983956286e-05,66618.74505250002,5017.2868473223325,0.6258331360839733,197.0232747393379,197.02278777501812,4.066560470356672e-06,57845.64061645428,2126.358797270113,0.18461299341470216,4.3333333333333334e-05
13750.0,15173.552050468144,192.89664107021045,192.8963952070058,2.0970847374322627e-06,54181.48311902133,192.89646896385824,1.4679767432596526e-06,54180.09342333006,205.2354101741284,205.23361599882082,1.438344548250251e-05,66618.74505250002,5017.2868473223325,0.6275035388790295,196.51979155529355,196.51933936044165,3.7858802380635793e-06,57829.145199722545,2126.358797270113,0.18425985056799543,4.1666666666666665e-05
13800.0,15039.727142580441,192.40925088316325,192.4090227508829,1.9507780528685904e-06,54181.48022382197,192.40909118874202,1.3655597573140505e-06,54180.187978746995,204.74967950133816,204.7479980367524,1.3511843736672812e-05,66618.74505250002,5017.2868473223325,0.6291776730517337,196.01634157325378,196.0159218312443,3.5232027903841813e-06,57812.72446672878,2126.358797270113,0.18390778773560784,4e-05
13850.0,14906.748007934451,191.9218393853256,191.92162779065293,1.8139585712441999e-06,54181.477639331824,191.9216912674767,1.2697841084356863e-06,54180.27649176674,204.26383779270975,204.26226249932023,1.2688779946284201e-05,66618.74505250002,5017.2868473223325,0.6308557940264092,195.51292685542617,195.5125373922145,3.2774674108871282e-06,57796.37805253286,2126.358797270113,0.18355684894702104,3.8333333333333334e-05
13900.0,14774.611411448146,191.43440784021578,191.4342116640554,1.6860607912794434e-06,54181.475337132324,191.43427051554008,1.180253909368763e-06,54180.35931482529,203.77789064264238,203.77641532576746,1.1911815140676842e-05,66618.74505250002,5017.2868473223325,0.6325381505757026,195.00954933795634,195.00918811409326,3.0476698019410545e-06,57780.10559550941,2126.358797270113,0.18320707593019797,3.6666666666666666e-05
13950.0,14643.314123330905,190.94695744377688,190.94677563704707,1.5665497052029135e-06,54181.473291091424,190.94683017788893,1.0965946226189297e-06,54180.436781980374,203.2918433993361,203.29046219307313,1.1178617314963098e-05,66618.74505250002,5017.2868473223325,0.6342249850181251,194.50621083687363,194.5058759399166,2.832859457154263e-06,57763.90673724633,2126.358797270113,0.18285850821456542,3.5000000000000004e-05
14000.0,14512.852919020124,190.45948932754638,190.4593209071838,1.4549193493503794e-06,54181.47147720048,190.45937143227724,1.0184520453845958e-06,54180.50920973782,202.80570117355552,202.80440852533684,1.0486957643157528e-05,66618.74505250002,5017.2868473223325,0.6359165334159723,194.0029130538097,194.00260269111396,2.6321371338625155e-06,57747.78112244764,2126.358797270113,0.1825111832304781,3.3333333333333335e-05
14050.0,14383.224579121197,189.9720045617019,189.97184860687022,1.350691412457585e-06,54181.469873421374,189.97189539244465,9.45491334926371e-07,54180.57689784793,202.31946884720625,202.31825950296016,9.834706770774279e-06,66618.74505250002,5017.2868473223325,0.6376130257732564,193.4996575814946,193.49937007336925,2.4446524232393833e-06,57731.728398840445,2126.358797270113,0.182165136405277,3.166666666666667e-05
14100.0,14254.42588935111,189.48450415798737,189.4843598064804,1.2534138999836848e-06,54181.46845954339,189.48440311117886,8.773960732054905e-07,54180.64013007295,201.83315108171985,201.83202007162015,9.21983118906985e-06,66618.74505250002,5017.2868473223325,0.6393146862331915,192.99644590903776,192.9961796822496,2.2696014155607858e-06,57715.74821708598,2126.358797270113,0.1818204012560255,3e-05
14150.0,14126.453640485244,188.99698907252315,188.99685551735405,1.1626598528116534e-06,54181.46721704918,188.99689558325633,8.138673696285615e-07,54180.69917492712,201.34675232624346,201.34569495103113,8.6403896927256e-06,66618.74505250002,5017.2868473223325,0.6410217332748478,192.49327942699827,192.49303300860933,2.1062244581254844e-06,57699.84023069442,2126.358797270113,0.18147700947891643,2.8333333333333332e-05
14200.0,13999.30462830727,188.50946020850287,188.50933669467105,1.0780261186836276e-06,54181.46612898951,188.5093737482631,7.546230007446478e-07,54180.75428638799,200.86027682563002,200.85928864349114,8.094529922406956e-06,66618.74505250002,5017.2868473223325,0.6427343799086019,191.99015943225012,191.98993144377417,1.953804003310111e-06,57684.00409594346,2126.358797270113,0.181134991035428,2.666666666666667e-05
14250.0,13872.975653562107,188.02191841878022,188.02180424020818,9.991321747443303e-07,54181.46517986604,188.0218384933009,6.993965857522816e-07,54180.80570458167,200.37372862822835,200.3728054422111,7.580484993307827e-06,66618.74505250002,5017.2868473223325,0.644452833870156,191.48708713264932,191.4868762845129,1.8116625442268452e-06,57668.239471800465,2126.358797270113,0.1807943742353634,2.5e-05
14300.0,13747.463521911726,187.53436450834988,187.53425900498183,9.256189995834826e-07,54181.46435552194,187.5342906555812,6.479367966861185e-07,54180.85365644132,199.8871115934694,199.88624943942506,7.096570210480945e-06,66618.74505250002,5017.2868473223325,0.6461772978126735,190.9840636515076,190.9838687378021,1.6791606354462568e-06,57652.54601984798,2126.358797270113,0.1804551858167329,2.3333333333333336e-05
14350.0,13622.76504389353,187.04679923672475,187.04670179177992,8.571479931878e-07,54181.46364303968,187.04673102491086,6.000066021676449e-07,54180.89835634033,199.40042939924993,199.39962453428018,6.641179871471531e-06,66618.74505250002,5017.2868473223325,0.6479079694969607,190.481090031879,190.48090992539062,1.5556949962521541e-06,57636.92340421265,2126.358797270113,0.18011745102264476,2.1666666666666667e-05
14400.0,13498.877034881507,186.5592233202133,186.5591333575866,7.933999432354373e-07,54181.463030645755,186.55916034607256,5.553825436199417e-07,54180.940006700235,198.9136855491105,198.9129344405067,6.2127841565134576e-06,66618.74505250002,5017.2868473223325,0.6496450419792786,189.97816724066485,189.97800088816956,1.4406966939048436e-06,57621.37129149722,2126.358797270113,0.17978119367521847,2e-05
14450.0,13375.796315049756,186.0716374341002,186.07155441590342,7.340740361896032e-07,54181.46250762181,186.07157932110388,5.138540428635861e-07,54180.97879857459,198.42688337921135,198.42618269386804,5.809926106305603e-06,66618.74505250002,5017.2868473223325,0.6513887037967655,189.47529617254295,189.4751425903545,1.3336294044054367e-06,57605.88935071563,2126.358797270113,0.17944643624662462,1.8333333333333333e-05
14500.0,13253.51970933836,185.58404221473305,185.58396563896994,6.788869116735239e-07,54181.46206422185,185.5839886114777,4.752227400289124e-07,54181.01491220904,197.9400260651027,197.93937265939144,5.431218687168293e-06,66618.74505250002,5017.2868473223325,0.6531391391500987,188.97247765372694,188.97233592348576,1.2339877482756971e-06,57590.477253230994,2126.358797270113,0.1791131999273331,1.6666666666666667e-05
14550.0,13132.044047421456,185.09643826151878,185.09636765988765,6.275717586359985e-07,54181.46169159517,185.09638884018798,4.393018607389931e-07,54181.048517578594,197.4531166282943,197.45250753838081,5.0753419431802415e-06,66618.74505250002,5017.2868473223325,0.6548965280833776,188.4697124455605,188.46958171025258,1.1412956988936802e-06,57575.1346726964,2126.358797270113,0.1787815046915951,1.5e-05
14600.0,13011.366163677563,184.6088261388324,184.60876107465006,5.798774518448905e-07,54181.46138171466,184.6087805937434,4.0591561153754176e-07,54181.07977490271,196.96615794262334,196.96559037521362,4.7410402347141784e-06,66618.74505250002,5017.2868473223325,0.6566610466610264,187.96700124795333,187.96688070814753,1.0551050609567072e-06,57559.86128499837,2126.358797270113,0.17845136936032271,1.3333333333333335e-05
14650.0,12891.482897161733,184.1212063778413,184.12114644408246,5.355677272752388e-07,54181.46112731012,184.12116442407248,3.7489860255675244e-07,54181.10883513852,196.4791527404232,196.47862406392346,4.427119562624946e-06,66618.74505250002,5017.2868473223325,0.6584328671415782,187.46434470266294,187.46423361295678,9.74994016677588e-07,57544.65676820294,2126.358797270113,0.1781228116613472,1.1666666666666668e-05
14700.0,12772.391091579811,183.63357947824787,183.63352429569434,4.944203949887308e-07,54181.46092180635,183.63354085034305,3.4609529644128806e-07,54181.13584045326,195.992103618496,195.99161135457118,4.132444977195863e-06,66618.74505250002,5017.2868473223325,0.6602121581483154,186.96174339642877,186.96164106209224,9.005657373576013e-07,57529.52080250415,2126.358797270113,0.1777958482872253,1e-05
14750.0,12654.08759526436,183.14594590995344,183.14589512544796,4.5622658813231747e-07,54181.460759265676,183.14591036069973,3.193594825664592e-07,54181.16092467673,195.50501304388987,195.50455485940705,3.855938070815476e-06,66618.74505250002,5017.2868473223325,0.6619990848365662,186.45919786396283,186.4591036377709,8.314470580208387e-07,57514.453070174925,2126.358797270113,0.17747049495058279,8.333333333333334e-06
14800.0,12536.569261152481,182.65830611464625,182.65825939944546,4.2079004671507655e-07,54181.460634334595,182.6582734139207,2.9455377561077347e-07,54181.18421373319,195.01788335948547,195.01745705882735,3.596574553238217e-06,66618.74505250002,5017.2868473223325,0.6637938090577236,185.95670859080317,185.95662187004714,7.672872128376689e-07,57499.45325552018,2126.358797270113,0.17714676643716493,6.6666666666666675e-06
14850.0,12419.832946765082,182.17066050731688,182.17061755553823,3.879264348546089e-07,54181.46054219439,182.17063044099962,2.7154913756572755e-07,54181.20582605567,194.5307167893933,194.5303203071284,3.3533819081766068e-06,66618.74505250002,5017.2868473223325,0.6655964895197793,185.45427601603424,185.45419623970355,7.077566291106374e-07,57484.52104483214,2126.358797270113,0.1768246766565547,5e-06
14900.0,12303.875514187892,181.68300947770217,181.682970004861,3.5746269021648525e-07,54181.46047851536,181.68298184665204,2.502244222881959e-07,54181.22587298048,194.0435154441658,194.0431468380615,3.1254371298787883e-06,66618.74505250002,5017.2868473223325,0.6674072819444895,184.95190053487974,184.95182718100543,6.525457776433198e-07,57469.65612634765,2126.358797270113,0.17650423869078202,3.3333333333333337e-06
14950.0,12188.693830053833,181.1953533916627,181.1953171332935,3.2923640440292577e-07,54181.46043941443,181.19532801075223,2.3046594172402597e-07,54181.24445912511,193.55628132582757,193.55593877019308,2.911864538265218e-06,66618.74505250002,5017.2868473223325,0.6692263392209972,184.44958250117244,184.44951508432402,6.013640773615193e-07,57454.858190207495,2126.358797270113,0.17618546484073047,1.6666666666666669e-06
15000.0,12074.284765526843,180.707692592494,180.70765930285287,3.030952330796697e-07,54181.46042141608,180.70766928970113,2.1216705295424604e-07,54181.26168274853,193.06901633272668,193.06869811207292,2.7118336711251308e-06,66618.74505250002,5017.2868473223325,0.6710538115559974,183.94732222970615,183.94726029863415,5.53938852106359e-07,57440.12692841762,2126.358797270113,0.17586836667057987,0.0
