CAPE_u,CAPE_ext,CAPE_dist,dh,sat_def,P,RH,dz,ent_b,ent_std
0.0,0.0,0.0,-2.1237246499294997,0.006691839602623936,0.0,0.02,4250.0,0.0,
771.5615079502344,179.69639879211599,3.1006757088788466,-2325.7294472711365,0.0063788809765520545,1.0,0.02,4200.0,3.5534816941852114e-05,4.9992069978937835e-06
1426.7765912880832,246.16111558122827,3.3438482552759208,-4231.48849678252,0.006134428269189693,2.0,0.02,4200.0,7.071069633883703e-05,9.998413995787567e-06
2011.1472611486147,258.0543172788106,3.2810891602013283,-5852.259820847088,0.005912776532592447,3.0,0.02,4200.0,0.00010606604450825557,1.4997620993681352e-05
2546.3432825664972,242.811086482101,3.8332351753806995,-7267.718179043724,0.0057100248063593866,4.0,0.02,4200.0,0.00014142139267767407,1.9996827991575134e-05
3044.040171265331,215.0950752065802,4.4846386710067305,-8528.537995809325,0.005523411433189987,5.0,0.02,4200.0,0.00017587939698492463,2.4996034989468922e-05
3511.3319726262494,185.7165567044646,4.112103464191891,-9668.027379570864,0.005351313802076331,6.0,0.02,4200.0,0.00021105527638190955,2.9995241987362704e-05
3953.0307947523447,162.42597537686922,4.661397957986602,-10710.740045036742,0.005170692486136849,7.0,0.02,4150.0,0.00024623115577889447,3.499444898525649e-05
4372.499358114185,144.53259002453353,5.132725149964105,-11673.27568526772,0.005023695062520233,8.0,0.02,4150.0,0.00028140703517587936,3.999365598315027e-05
4771.971395108765,130.0548809117291,4.099068852469128,-12568.697715140319,0.00488604920721446,9.0,0.02,4150.0,0.0003165829145728643,4.499286298104405e-05
5154.468799045525,117.99226646120123,4.314184625654708,-13407.964006015296,0.004756663855394788,10.0,0.02,4150.0,0.0003499641062455133,4.9992069978937845e-05
5519.579923244076,108.47168070580925,4.638223007009479,-14195.990558863261,0.004636036430895174,11.0,0.02,4150.0,0.0003849605168700646,5.4991276976831616e-05
5870.798696136296,99.93299775817704,2.9947630381871395,-14941.692032358915,0.0045216070740915345,12.0,0.02,4150.0,0.0004199569274946159,5.999048397472541e-05
6207.855053335074,92.95709139357429,3.007614918593632,-15647.259585920474,0.004414386608340604,13.0,0.02,4150.0,0.00045495333811916723,6.498969097261918e-05
6532.514626052758,86.74300452882967,2.9932479674519743,-16318.532478321875,0.004312759916526088,14.0,0.02,4150.0,0.0004899497487437187,6.998889797051298e-05
6845.773452291512,81.4786718082208,6.112732236462985,-16959.59852536548,0.004216610342197341,15.0,0.02,4150.0,0.0005249461593682699,7.498810496840675e-05
7147.799270338067,76.59372726094972,6.361578007047969,-17572.705491476263,0.004124858179935823,16.0,0.02,4150.0,0.0005570710696338836,7.998731196630054e-05
7438.893303916904,72.46372506190853,6.536462933636516,-18158.648411700786,0.004026943170796826,17.0,0.02,4100.0,0.0005918880114860014,8.498651896419432e-05
7720.891586129035,68.44273445026013,6.597692688257968,-18721.401725005977,0.003944490376124516,18.0,0.02,4100.0,0.0006267049533381191,8.99857259620881e-05
7993.608324807573,65.26195755656676,3.752834532533024,-19260.88600233615,0.0038669011035959975,19.0,0.02,4100.0,0.0006615218951902369,9.49849329599819e-05
8258.517160184012,61.82079151533828,3.6641317463823935,-19782.4808440497,0.0037914546012268817,20.0,0.02,4100.0,0.0006963388370423546,9.998413995787569e-05
8514.091398299726,59.24177768008232,3.6100417597872663,-20282.415206585196,0.0037206983338633664,21.0,0.02,4100.0,0.0007311557788944724,0.00010498334695576947
8762.763546040478,56.79763829823501,3.488227264071626,-20765.988913422945,0.0036527151392769792,22.0,0.02,4100.0,0.00076597272074659,0.00010998255395366323
9005.582854930204,54.271584970880916,3.310433996347427,-21236.510225461658,0.00358654859898928,23.0,0.02,4100.0,0.000796661880832735,0.00011498176095155704
9239.179459632529,52.27320005347318,0.26191570929910934,-21685.762882110466,0.0035245440586926897,24.0,0.02,4100.0,0.0008312993539124192,0.00011998096794945082
9467.325051707096,50.19492484614254,0.2552617386984351,-22122.177078260233,0.003464165086221922,25.0,0.02,4100.0,0.0008659368269921034,0.00012498017494734457
9688.96378146826,48.23994360078048,0.25372682876616426,-22545.042509788873,0.003405995859565874,26.0,0.02,4100.0,0.0009005743000717874,0.00012997938194523836
9904.0033181895,46.72106683232717,0.24856576394516144,-22954.18475762458,0.0033512958037053074,27.0,0.02,4100.0,0.0009352117731514715,0.00013497858894313217
10113.955503151672,45.09479950367549,0.22447340480600061,-23348.937064523147,0.0032978495432642364,28.0,0.02,4100.0,0.0009698492462311557,0.00013997779594102596
10321.068130288071,43.42906158380531,0.21655381529637266,-23741.241109135728,0.003245250111385168,29.0,0.02,4100.0,0.0010044867193108398,0.00014497700293891971
10519.368324993975,42.19288418317207,0.21913983870669454,-24113.76848128462,0.0031891840603064463,30.0,0.02,4050.0,0.0010391241923905239,0.0001499762099368135
0.0,0.0,0.0,-2.1237246499294997,0.006390630270892692,0.0,0.06041666666666666,4250.0,0.0,
738.3201154127808,171.85959755304864,2.968587350725282,-2225.635073418365,0.006103640032996569,1.0,0.06041666666666666,4200.0,3.5534816941852114e-05,4.9992069978937835e-06
1367.2391112512025,235.668746410671,3.2063895026082845,-4055.9706627640044,0.005880053948930738,2.0,0.06041666666666666,4200.0,7.071069633883703e-05,9.998413995787567e-06
1929.6544527369908,247.28819637684418,3.1509330128012043,-5617.736801953564,0.005676654696340166,3.0,0.06041666666666666,4200.0,0.00010606604450825557,1.4997620993681352e-05
2445.9210341741805,232.87705953665215,3.687095433885181,-6985.714892333643,0.0054900339543641164,4.0,0.06041666666666666,4200.0,0.00014142139267767407,1.9996827991575134e-05
2926.965534569191,206.43676653709906,4.320983172485758,-8207.481495959837,0.005317785053296225,5.0,0.06041666666666666,4200.0,0.00017587939698492463,2.4996034989468922e-05
3379.396587921237,178.2816109687108,3.9659987827244128,-9314.287241641301,0.005158519428943925,6.0,0.06041666666666666,4200.0,0.00021105527638190955,2.9995241987362704e-05
3807.706800700129,155.92052897441957,4.500888989920525,-10329.19319373923,0.005010148086633923,7.0,0.06041666666666666,4200.0,0.00024623115577889447,3.499444898525649e-05
4215.012385163753,138.73262076933864,4.961739753911845,-11267.833875339122,0.004853156576204979,8.0,0.06041666666666666,4150.0,0.00028140703517587936,3.999365598315027e-05
4603.387439202562,124.8341909223001,3.964640568667866,-12142.574147704567,0.004724933573334676,9.0,0.06041666666666666,4150.0,0.0003165829145728643,4.499286298104405e-05
4975.68579754339,113.24954297456699,4.177324767092443,-12963.728086908748,0.004604167009273908,10.0,0.06041666666666666,4150.0,0.0003499641062455133,4.9992069978937845e-05
5331.415732039227,104.10454753628812,4.493955692355379,-13735.80452374983,0.004491362977773267,11.0,0.06041666666666666,4150.0,0.0003849605168700646,5.4991276976831616e-05
5673.955003703165,95.90831880911364,2.9016441001450235,-14467.390556354527,0.004384172137158869,12.0,0.06041666666666666,4150.0,0.0004199569274946159,5.999048397472541e-05
6002.959021548157,89.20741412629569,2.9158492560516467,-15160.334118178114,0.004283567267071545,13.0,0.06041666666666666,4150.0,0.00045495333811916723,6.498969097261918e-05
6320.129883123492,83.2404632228556,2.9046515928756254,-15820.347252913853,0.004188065862078905,14.0,0.06041666666666666,4150.0,0.0004899497487437187,6.998889797051298e-05
6626.396515793035,78.18167835698515,5.940166950566506,-16451.26109949089,0.004097573862707918,15.0,0.06041666666666666,4150.0,0.0005249461593682699,7.498810496840675e-05
6921.913406592763,73.49284128058545,6.185744736944365,-17055.24878269225,0.004011105885109363,16.0,0.06041666666666666,4150.0,0.0005570710696338836,7.998731196630054e-05
7206.915112502567,69.52402530725018,6.3590842945727095,-17632.844232702882,0.003929422996855896,17.0,0.06041666666666666,4150.0,0.0005918880114860014,8.498651896419432e-05
7483.206266665414,65.6685022130357,6.421893192635712,-18188.122422612134,0.0038401479418165435,18.0,0.06041666666666666,4100.0,0.0006267049533381191,8.99857259620881e-05
7750.534712847318,62.6133918387215,3.65228119256106,-18720.792023153277,0.003766766051207056,19.0,0.06041666666666666,4100.0,0.0006615218951902369,9.49849329599819e-05
8010.404853257267,59.308895968494205,3.567890895199683,-19236.317518071388,0.00369534058267146,20.0,0.06041666666666666,4100.0,0.0006963388370423546,9.998413995787569e-05
8261.21855891376,56.835382004800046,3.515997654708088,-19730.60453929891,0.003628274477525284,21.0,0.06041666666666666,4100.0,0.0007311557788944724,0.00010498334695576947
8505.388545459451,54.483797717644535,3.3984197614122014,-20209.006692431845,0.0035637719370816695,22.0,0.06041666666666666,4100.0,0.00076597272074659,0.00010998255395366323
8743.956274354281,52.058638583515524,3.2267187213281456,-20674.890980489115,0.0035009363455796444,23.0,0.06041666666666666,4100.0,0.000796661880832735,0.00011498176095155704
8973.544223679353,50.139455946698135,0.2515729537211437,-21119.837817194864,0.0034419946346671555,24.0,0.06041666666666666,4100.0,0.0008312993539124192,0.00011998096794945082
9197.900448940569,48.15057264050382,0.24535516758954187,-21552.454823688793,0.003384551859919389,25.0,0.06041666666666666,4100.0,0.0008659368269921034,0.00012498017494734457
9415.963504270048,46.270482200088864,0.24324699499510136,-21971.75976206804,0.0033291656505272244,26.0,0.06041666666666666,4100.0,0.0009005743000717874,0.00012997938194523836
9627.569979015518,44.81524960939242,0.23841264427964393,-22377.611775513025,0.0032770320219072317,27.0,0.06041666666666666,4100.0,0.0009352117731514715,0.00013497858894313217
9834.291305716895,43.2512663801065,0.2155402478516216,-22769.529477224103,0.003226062024548431,28.0,0.06041666666666666,4100.0,0.0009698492462311557,0.00013997779594102596
10038.319995327036,41.65417468055883,0.20737768174341012,-23159.00277152907,0.0031758562036504033,29.0,0.06041666666666666,4100.0,0.0010044867193108398,0.00014497700293891971
10233.710566696309,40.46384489237325,0.21063777646355228,-23529.10625840437,0.0031287953932183,30.0,0.06041666666666666,4100.0,0.0010391241923905239,0.0001499762099368135
0.0,0.0,0.0,-2.1237246499294997,0.006091887669657143,0.0,0.10083333333333333,4250.0,0.0,
705.2138713996869,164.06350428858602,2.836903163897982,-2125.935944985453,0.0058295331740320045,1.0,0.10083333333333333,4200.0,3.5534816941852114e-05,4.9992069978937835e-06
1307.771664223593,225.2076178822887,3.0691293434335463,-3880.5414535541204,0.005625786523648142,2.0,0.10083333333333333,4200.0,7.071069633883703e-05,9.998413995787567e-06
1848.0490685563686,236.5329514689806,3.0203771303569025,-5382.6076809007645,0.005439831694524362,3.0,0.10083333333333333,4200.0,0.00010606604450825557,1.4997620993681352e-05
2345.133721244266,222.93545296951822,3.5404091523158856,-6702.195900653052,0.005268702018919302,4.0,0.10083333333333333,4200.0,0.00014142139267767407,1.9996827991575134e-05
2809.2257274283206,197.75792719714653,4.155779960178499,-7883.886088380183,0.005110309397286437,5.0,0.10083333333333333,4200.0,0.00017587939698492463,2.4996034989468922e-05
3246.4712825876204,170.82496520215267,3.81824550379251,-8956.934412990639,0.004963473235305978,6.0,0.10083333333333333,4200.0,0.00021105527638190955,2.9995241987362704e-05
3661.0515787591735,149.3948853732834,4.338247739980781,-9943.004165605664,0.004826348942589563,7.0,0.10083333333333333,4200.0,0.00024623115577889447,3.499444898525649e-05
4055.8434034885313,132.921210779606,4.788099318067025,-10856.609377749744,0.004679825374622287,8.0,0.10083333333333333,4150.0,0.00028140703517587936,3.999365598315027e-05
4432.767245238777,119.59691410305348,3.8280189688543422,-11709.612304284463,0.004560826112479718,9.0,0.10083333333333333,4150.0,0.0003165829145728643,4.499286298104405e-05
4794.511641431061,108.49532821917956,4.03791915189252,-12511.629282278336,0.004448522540206007,10.0,0.10083333333333333,4150.0,0.0003499641062455133,4.9992069978937845e-05
5140.511600305336,99.7239063860506,4.346875873651549,-13266.771972484312,0.004343423462362807,11.0,0.10083333333333333,4150.0,0.0003849605168700646,5.4991276976831616e-05
5474.023011047945,91.87109209016769,2.80674745688439,-13983.294081514796,0.004243380835437433,12.0,0.10083333333333333,4150.0,0.0004199569274946159,5.999048397472541e-05
5794.634759637893,85.45015765821726,2.822723920050328,-14662.71169257498,0.00414932635736258,13.0,0.10083333333333333,4150.0,0.00045495333811916723,6.498969097261918e-05
6103.984536463065,79.72740239350397,2.814088456517793,-15310.600622091377,0.004059904415016169,14.0,0.10083333333333333,4150.0,0.0004899497487437187,6.998889797051298e-05
6402.93268145021,74.87937736881601,5.763878517705879,-15930.538287047937,0.003975041227534246,15.0,0.10083333333333333,4150.0,0.0005249461593682699,7.498810496840675e-05
6691.623382577947,70.38304474628116,6.005276099043567,-16524.618208711196,0.0038938413418979274,16.0,0.10083333333333333,4150.0,0.0005570710696338836,7.998731196630054e-05
6970.223893648513,66.57999987121143,6.176744789795585,-17093.205868854093,0.003817028931013008,17.0,0.10083333333333333,4150.0,0.0005918880114860014,8.498651896419432e-05
7240.5039494252205,62.886403283383736,6.241375902469542,-17640.239453033522,0.0037431697711452615,18.0,0.10083333333333333,4150.0,0.0006267049533381191,8.99857259620881e-05
7502.154774030041,59.95751003818972,3.548986962447492,-18165.37172996209,0.0036631428638510383,19.0,0.10083333333333333,4100.0,0.0006615218951902369,9.49849329599819e-05
7756.697844666111,56.790197792423506,3.4689026791280777,-18674.171946969094,0.0035957546869529295,20.0,0.10083333333333333,4100.0,0.0006963388370423546,9.998413995787569e-05
8002.476001711958,54.422417958144884,3.4192764122545434,-19162.197004653026,0.003532400953040241,21.0,0.10083333333333333,4100.0,0.0007311557788944724,0.00010498334695576947
8241.876453692892,52.17091708927537,3.3060109854794746,-19634.840732540637,0.0034714056608021455,22.0,0.10083333333333333,4100.0,0.00076597272074659,0.00010998255395366323
8475.93160491234,49.84055900725221,3.1404867917997636,-20095.518873314897,0.0034119307255474096,23.0,0.10083333333333333,4100.0,0.000796661880832735,0.00011498176095155704
8701.25763441909,48.008349597696316,0.2411798872980997,-20535.628836381205,0.00335608414246191,24.0,0.10083333333333333,4100.0,0.0008312993539124192,0.00011998096794945082
8921.579524188657,46.100879437059874,0.2353823323951231,-20963.93277013371,0.003301612128706599,25.0,0.10083333333333333,4100.0,0.0008659368269921034,0.00012498017494734457
9135.82887580661,44.29622797902195,0.23276429955028077,-21379.189142641466,0.0032490450680901367,26.0,0.10083333333333333,4100.0,0.0009005743000717874,0.00012997938194523836
9343.776488550911,42.90650324938717,0.22824518946037164,-21781.28569515761,0.0031995153904996565,27.0,0.10083333333333333,4100.0,0.0009352117731514715,0.00013497858894313217
9547.04202966444,41.40334198800384,0.20657043911306336,-22169.92185601245,0.003151060008598823,28.0,0.10083333333333333,4100.0,0.0009698492462311557,0.00013997779594102596
9747.76213886805,39.875059213901565,0.19822220266568957,-22556.133612320198,0.0031032881718146502,29.0,0.10083333333333333,4100.0,0.0010044867193108398,0.00014497700293891971
9940.036616789184,38.73673506126763,0.2020780482059801,-22923.427944569878,0.0030584749895283757,30.0,0.10083333333333333,4100.0,0.0010391241923905239,0.0001499762099368135
0.0,0.0,0.0,-2.1237246499294997,0.005795565446830747,0.0,0.14125,4250.0,0.0,
672.2403712675211,156.30703391792972,2.705616449394429,-2026.6273332434648,0.005556546985164703,1.0,0.14125,4200.0,3.5534816941852114e-05,4.9992069978937835e-06
1248.370815167404,214.7747098730146,2.931895597249415,-3705.2006581380265,0.005371627051169639,2.0,0.14125,4200.0,7.071069633883703e-05,9.998413995787567e-06
1766.3284676355843,225.78577384716112,2.8894164893743217,-5146.87424997607,0.005202311322035492,3.0,0.14125,4200.0,0.00010606604450825557,1.4997620993681352e-05
2243.9751768503165,212.9834180217283,3.3928771483871474,-6417.1578454488845,0.005046028131647827,4.0,0.14125,4200.0,0.00014142139267767407,1.9996827991575134e-05
2690.813556430576,189.0579690043866,3.988998052147077,-7557.734848330401,0.004900974162925892,5.0,0.14125,4200.0,0.00017587939698492463,2.4996034989468922e-05
3112.542232543221,163.35419907128633,3.6688041857899494,-8595.930590451848,0.004766152691965352,6.0,0.14125,4200.0,0.00021105527638190955,2.9995241987362704e-05
3513.041857344477,142.8509911597334,4.173412662357827,-9552.046192118105,0.0046399424064695795,7.0,0.14125,4200.0,0.00024623115577889447,3.499444898525649e-05
3894.959238617615,127.09318951604679,4.611718245011661,-10439.516189616006,0.00452193475876201,8.0,0.14125,4200.0,0.00028140703517587936,3.999365598315027e-05
4260.065083768215,114.34346560865815,3.689127111253842,-11269.669043441296,0.004393664153943554,9.0,0.14125,4150.0,0.0003165829145728643,4.499286298104405e-05
4610.887459467885,103.72629808641167,3.8958738999284295,-12051.479591659285,0.00428965418148682,10.0,0.14125,4150.0,0.0003499641062455133,4.9992069978937845e-05
4946.793485929167,95.3338151650844,4.196868000893195,-12788.65679622486,0.004192128849868267,11.0,0.14125,4150.0,0.0003849605168700646,5.4991276976831616e-05
5270.914431066253,87.82169843940375,2.7099973734332807,-13489.11573464521,0.00409913198075179,12.0,0.14125,4150.0,0.0004199569274946159,5.999048397472541e-05
5582.779190994057,81.6815523246364,2.7277631866729695,-14154.053193437525,0.0040115513252338385,13.0,0.14125,4150.0,0.00045495333811916723,6.498969097261918e-05
5883.956939934485,76.20551047489192,2.7214690784755806,-14788.899698416935,0.003928152493487913,14.0,0.14125,4150.0,0.0004899497487437187,6.998889797051298e-05
6175.245537715754,71.57188154216439,5.582958954970915,-15396.982164623296,0.0038488798256970324,15.0,0.14125,4150.0,0.0005249461593682699,7.498810496840675e-05
6456.772571125137,67.2647327670789,5.819988044732653,-15980.3106513561,0.0037729233923400867,16.0,0.14125,4150.0,0.0005570710696338836,7.998731196630054e-05
6728.6473357738305,63.63262499363474,5.989304654215963,-16539.087578593033,0.0037009693387998837,17.0,0.14125,4150.0,0.0005918880114860014,8.498651896419432e-05
6992.597983499606,60.09677638937288,6.055941320877505,-17077.24399251846,0.003631696537845683,18.0,0.14125,4150.0,0.0006267049533381191,8.99857259620881e-05
7248.259009667759,57.294646526378685,3.4427962128874112,-17594.02418906634,0.0035662861098601844,19.0,0.14125,4150.0,0.0006615218951902369,9.49849329599819e-05
7497.17150429885,54.26511344617886,3.3670193631267886,-18095.322251877515,0.0034925307932402046,20.0,0.14125,4100.0,0.0006963388370423546,9.998413995787569e-05
7737.619641247781,52.00313474933498,3.319726007902593,-18576.417599162836,0.003432906650555734,21.0,0.14125,4100.0,0.0007311557788944724,0.00010498334695576947
7971.96592094684,49.85198274492524,3.210846150113938,-19042.663800301794,0.003375440362157221,22.0,0.14125,4100.0,0.00076597272074659,0.00010998255395366323
8201.226138049487,47.62506008303891,3.0515873150658175,-19497.514834912065,0.0033193521092233043,23.0,0.14125,4100.0,0.000796661880832735,0.00011498176095155704
8422.023592859003,45.87178828217154,0.2307381090644118,-19932.20608904337,0.0032666293096624203,24.0,0.14125,4100.0,0.0008312993539124192,0.00011998096794945082
8638.049819202934,44.04609693650057,0.22534513077595558,-20355.631884909795,0.0032151597058632394,25.0,0.14125,4100.0,0.0008659368269921034,0.00012498017494734457
8848.227427929416,42.31753187374464,0.2222793604689877,-20766.302299937903,0.0031654452281291707,26.0,0.14125,4100.0,0.0009005743000717874,0.00012997938194523836
9052.271188767854,40.99303927320218,0.2180642732508843,-21164.13153022751,0.003118555000275073,27.0,0.14125,4100.0,0.0009352117731514715,0.00013497858894313217
9251.837055217553,39.551385475571955,0.19756528074247487,-21548.99222789936,0.003072650435724887,28.0,0.14125,4100.0,0.0009698492462311557,0.00013997779594102596
9449.010883425648,38.091965369612375,0.18914131207664003,-21931.4660999822,0.0030273517166573105,29.0,0.14125,4100.0,0.0010044867193108398,0.00014497700293891971
9637.944985189935,37.00565088448706,0.19346237764427932,-22295.501406972464,0.002984824178984766,30.0,0.14125,4100.0,0.0010391241923905239,0.0001499762099368135
0.0,0.0,0.0,-2.1237246499294997,0.005501618660993763,0.0,0.18166666666666664,4250.0,0.0,
639.3971704138116,148.58922543783214,2.574720132073942,-1927.7046392240882,0.005284668408259342,1.0,0.18166666666666664,4200.0,3.5534816941852114e-05,4.9992069978937835e-06
1189.0363447172626,204.3724947126885,2.794614228683178,-3529.9481764467855,0.005117576715369308,2.0,0.18166666666666664,4200.0,7.071069633883703e-05,9.998413995787567e-06
1684.491320021837,215.04865776689064,2.7580445739639408,-4910.538488848251,0.004964097615171795,3.0,0.18166666666666664,4200.0,0.00010606604450825557,1.4997620993681352e-05
2142.441751933556,203.0234633154832,3.2443735956383186,-6130.597810868188,0.004822011704050736,4.0,0.18166666666666664,4200.0,0.00014142139267767407,1.9996827991575134e-05
2571.7198406267635,180.34383218905487,3.8206035620907013,-7229.011726926925,0.004689769304043127,5.0,0.18166666666666664,4200.0,0.00017587939698492463,2.4996034989468922e-05
2977.592204629974,155.85957176019633,3.5176326806247458,-8231.237600393972,0.004566535901379445,6.0,0.18166666666666664,4200.0,0.00021105527638190955,2.9995241987362704e-05
3363.652120645767,136.29272290922754,4.006731813425135,-9156.252075483833,0.0044508923508515385,7.0,0.18166666666666664,4200.0,0.00024623115577889447,3.499444898525649e-05
3732.324430402321,121.24729922668918,4.4325075679516,-10016.533964068905,0.004342515812623482,8.0,0.18166666666666664,4200.0,0.00028140703517587936,3.999365598315027e-05
4085.2343486711543,109.08145628564012,3.547884452650055,-10822.598940923766,0.004223384773864822,9.0,0.18166666666666664,4150.0,0.0003165829145728643,4.499286298104405e-05
4424.752282122472,98.94282842188528,3.75108968795112,-11583.086907242243,0.00412748477556928,10.0,0.18166666666666664,4150.0,0.0003499641062455133,4.9992069978937845e-05
4750.185401736189,90.93525613022159,4.043810422276789,-12301.216731001667,0.004037388245484711,11.0,0.18166666666666664,4150.0,0.0003849605168700646,5.4991276976831616e-05
5064.538167468723,83.76058444192591,2.6113137932428288,-12984.559950975621,0.00395132160125455,12.0,0.18166666666666664,4150.0,0.0004199569274946159,5.999048397472541e-05
5367.283461270249,77.90206047370822,2.6307302025261734,-13634.007947961327,0.003870126044830478,13.0,0.18166666666666664,4150.0,0.00045495333811916723,6.498969097261918e-05
5659.921145708594,72.68047927972637,2.6266984453906135,-14254.837127935127,0.0037926825939081955,14.0,0.18166666666666664,4150.0,0.0004899497487437187,6.998889797051298e-05
5943.190939834761,68.25499870563446,5.39718305205674,-14850.127324599147,0.00371895161665043,15.0,0.18166666666666664,4150.0,0.0005249461593682699,7.498810496840675e-05
6217.198513228445,64.14403604296538,5.630092491049664,-15421.801563386507,0.0036482041632997964,16.0,0.18166666666666664,4150.0,0.0005570710696338836,7.998731196630054e-05
6482.00230886492,60.67725446674325,5.796491791985894,-15969.905330797199,0.0035810874388615354,17.0,0.18166666666666664,4150.0,0.0005918880114860014,8.498651896419432e-05
6739.284959120455,57.30006336686305,5.864828665766449,-16498.351628693767,0.003516389880474519,18.0,0.18166666666666664,4150.0,0.0006267049533381191,8.99857259620881e-05
6988.63021204298,54.62516233287555,3.333552651139895,-17006.119644323742,0.0034552144799713676,19.0,0.18166666666666664,4150.0,0.0006615218951902369,9.49849329599819e-05
7231.587108737727,51.74018500170288,3.2620761729126087,-17499.075258681696,0.0033954803565155994,20.0,0.18166666666666664,4150.0,0.0006963388370423546,9.998413995787569e-05
7466.394777349107,49.5779597861894,3.2171793958639623,-17972.44673382335,0.003329609577028761,21.0,0.18166666666666664,4100.0,0.0007311557788944724,0.00010498334695576947
7695.381447593844,47.527257700993005,3.1127653731529596,-18431.59830614432,0.003275688993224619,22.0,0.18166666666666664,4100.0,0.00076597272074659,0.00010998255395366323
7919.5478350059575,45.40407154969739,2.9598638785113756,-18879.9447882963,0.0032230082083752293,23.0,0.18166666666666664,4100.0,0.000796661880832735,0.00011498176095155704
8135.526882655722,43.73002586782416,0.22024918791298273,-19308.579483198613,0.003173434216782723,24.0,0.18166666666666664,4100.0,0.0008312993539124192,0.00011998096794945082
8346.971740864978,41.986631077985194,0.2152454256583481,-19726.50758629015,0.003124994413345867,25.0,0.18166666666666664,4100.0,0.0008659368269921034,0.00012498017494734457
8552.800595507219,40.334663465831134,0.21179278403480242,-20131.999973053164,0.0030781632526294877,26.0,0.18166666666666664,4100.0,0.0009005743000717874,0.00012997938194523836
8752.673595398204,39.075235505496444,0.20787075154143472,-20524.99807528693,0.0030339446931076054,27.0,0.18166666666666664,4100.0,0.0009352117731514715,0.00013497858894313217
8948.280563364731,37.695679152468344,0.1885260479986115,-20905.537043177043,0.002990625193997432,28.0,0.18166666666666664,4100.0,0.0009698492462311557,0.00013997779594102596
9141.65357290411,36.305228458090625,0.1806224762663202,-21283.7463275903,0.0029478359775573504,29.0,0.18166666666666664,4100.0,0.0010044867193108398,0.00014497700293891971
9327.002487129364,35.2708641463619,0.1847924542881319,-21644.02172495218,0.00290763104513794,30.0,0.18166666666666664,4100.0,0.0010391241923905239,0.0001499762099368135
0.0,0.0,0.0,-2.1237246499294997,0.005210003719445046,0.0,0.2220833333333333,4250.0,0.0,
606.6824205979387,140.9095929471035,2.4442072548319644,-1829.1633934817582,0.0050138847177463594,1.0,0.2220833333333333,4200.0,3.5534816941852114e-05,4.9992069978937835e-06
1129.766455700381,194.0007720071267,2.6574951244132077,-3354.78401961473,0.004863636814373374,2.0,0.2220833333333333,4200.0,7.071069633883703e-05,9.998413995787567e-06
1602.5350926854114,204.32090889813156,2.626255807458091,-4673.602660363264,0.004725194777583032,3.0,0.2220833333333333,4200.0,0.00010606604450825557,1.4997620993681352e-05
2040.5295393786453,193.0541666822097,3.0948832633932266,-5842.513492998201,0.004596652415929182,4.0,0.2220833333333333,4200.0,0.00014142139267767407,1.9996827991575134e-05
2451.934603029139,171.6085439584144,3.6505620947858106,-6897.700953786407,0.004476685535001136,5.0,0.2220833333333333,4200.0,0.00017587939698492463,2.4996034989468922e-05
2841.6061459051252,148.34295354653347,3.364688610547279,-7862.81829419858,0.004364600835769531,6.0,0.2220833333333333,4200.0,0.00021105527638190955,2.9995241987362704e-05
3212.857988318339,129.71456468343303,3.837763928687401,-8755.554421474873,0.004259163133019341,7.0,0.2220833333333333,4200.0,0.00024623115577889447,3.499444898525649e-05
3567.9028855745905,115.38441066407891,4.250372513304639,-9587.462806395582,0.004160122545071952,8.0,0.2220833333333333,4200.0,0.00028140703517587936,3.999365598315027e-05
3908.226528583689,103.8040394111809,3.404205106482677,-10368.294176331925,0.004066440664507217,9.0,0.2220833333333333,4200.0,0.0003165829145728643,4.499286298104405e-05
4236.043951386808,94.1478361194861,3.6034622852760823,-11106.25638007521,0.003961935100651869,10.0,0.2220833333333333,4150.0,0.0003499641062455133,4.9992069978937845e-05
4550.609077182006,86.52378303497882,3.8880680365841496,-11804.204642341909,0.0038791080358453085,11.0,0.2220833333333333,4150.0,0.0003849605168700646,5.4991276976831616e-05
4854.798408864613,79.69352031038412,2.5106105820232916,-12469.32360258935,0.003799842216966231,12.0,0.2220833333333333,4150.0,0.0004199569274946159,5.999048397472541e-05
5148.035034953408,74.11210805700377,2.531531971696529,-13102.214386883672,0.003724929989284521,13.0,0.2220833333333333,4150.0,0.00045495333811916723,6.498969097261918e-05
5431.7458287112295,69.14541474566832,2.5296748521552517,-13707.990557531157,0.0036533620034323545,14.0,0.2220833333333333,4150.0,0.0004899497487437187,6.998889797051298e-05
5706.617723428594,64.92914923290816,5.206308744695665,-14289.489564318319,0.0035851125515693337,15.0,0.2220833333333333,4150.0,0.0005249461593682699,7.498810496840675e-05
5972.733289720963,61.01718707627601,5.4347443462949965,-14848.543796936465,0.0035195290326571396,16.0,0.2220833333333333,4150.0,0.0005570710696338836,7.998731196630054e-05
6230.098876900267,57.71430793871413,5.598016612226632,-15385.04836015329,0.0034572188462487713,17.0,0.2220833333333333,4150.0,0.0005918880114860014,8.498651896419432e-05
6480.353094467999,54.501363198398536,5.66782736990533,-15902.886638319156,0.0033970762743010833,18.0,0.2220833333333333,4150.0,0.0006267049533381191,8.99857259620881e-05
6723.033647646616,51.954707667529576,3.2209569280792647,-16400.789303263773,0.0033401267544917457,19.0,0.2220833333333333,4150.0,0.0006615218951902369,9.49849329599819e-05
6959.690674670749,49.21051556184203,3.153895029304944,-16884.63772466191,0.003284455884611749,20.0,0.2220833333333333,4150.0,0.0006963388370423546,9.998413995787569e-05
7188.523115456744,47.14727394114939,3.1114560669989326,-17349.523712920105,0.003231941181747317,21.0,0.2220833333333333,4150.0,0.0007311557788944724,0.00010498334695576947
7411.824502402546,45.197150916035355,3.011584306849604,-17800.722840865637,0.003181205563451916,22.0,0.2220833333333333,4150.0,0.00076597272074659,0.00010998255395366323
7630.573908622287,43.177917580891965,2.8651376139229665,-18241.814701286326,0.0031226940732682062,23.0,0.2220833333333333,4100.0,0.000796661880832735,0.00011498176095155704
7841.424545814426,41.58347359057924,0.2097146626763603,-18663.694950862162,0.0030762886911593723,24.0,0.2220833333333333,4100.0,0.0008312993539124192,0.00011998096794945082
8047.984568117516,39.92279950674475,0.20508504533712676,-19075.4435635278,0.0030309019960498636,25.0,0.2220833333333333,4100.0,0.0008659368269921034,0.00012498017494734457
8249.166883452239,38.34800035863664,0.20130516458336623,-19475.107293108726,0.002986980399290733,26.0,0.2220833333333333,4100.0,0.0009005743000717874,0.00012997938194523836
8444.589477013802,37.15340100490643,0.1976654623215529,-19862.651195781087,0.0029454626378828987,27.0,0.2220833333333333,4100.0,0.0009352117731514715,0.00013497858894313217
8635.956713851658,35.83801839413337,0.17945398942112634,-20238.265230170728,0.0029047589928296812,28.0,0.2220833333333333,4100.0,0.0009698492462311557,0.00013997779594102596
8825.246780351345,34.515153384792725,0.1720570000512408,-20611.62511128989,0.002864513103488936,29.0,0.2220833333333333,4100.0,0.0010044867193108398,0.00014497700293891971
9006.743453482199,33.5327296552674,0.17606993369504104,-20967.584612262785,0.002826665308040712,30.0,0.2220833333333333,4100.0,0.0010391241923905239,0.0001499762099368135
0.0,0.0,0.0,-2.1237246499294997,0.0049206783217141305,0.0,0.2625,4250.0,0.0,
574.0946055872358,133.26704282150413,2.3140718270115994,-1730.9992401438867,0.004744183529506076,1.0,0.2625,4200.0,3.5534816941852114e-05,4.9992069978937835e-06
1070.5589589632684,183.6562245431895,2.520340121931122,-3179.7083378354873,0.004609808726738127,2.0,0.2625,4200.0,7.071069633883703e-05,9.998413995787567e-06
1520.4587198143881,193.60248552579463,2.494043962106585,-4436.0693008117305,0.004485607198779532,3.0,0.2625,4200.0,0.00010606604450825557,1.4997620993681352e-05
1938.2333661904422,183.07673560872115,2.94439004578593,-5552.902805940968,0.004369950550931835,4.0,0.2625,4200.0,0.00014142139267767407,1.9996827991575134e-05
2331.450006715914,162.8525783610953,3.4788385536400828,-6563.787705137642,0.004261713668391907,5.0,0.2625,4200.0,0.00017587939698492463,2.4996034989468922e-05
2704.568501189107,140.8082587466365,3.2099265336040927,-7490.635728561341,0.004160326250464457,6.0,0.2625,4200.0,0.00021105527638190955,2.9995241987362704e-05
3060.6342270309674,123.11688570315924,3.666342278053232,-8349.886620898003,0.004064718773582796,7.0,0.2625,4200.0,0.00024623115577889447,3.499444898525649e-05
3401.6582447514857,109.51098078449621,4.065214439911256,-9152.198544422536,0.003974703817622181,8.0,0.2625,4200.0,0.00028140703517587936,3.999365598315027e-05
3728.9913865689264,98.51104251888842,3.2579991301491193,-9906.674324978878,0.0038893736368637525,9.0,0.2625,4200.0,0.0003165829145728643,4.499286298104405e-05
4044.6977220131494,89.34409770651767,3.4528806532967584,-10620.78945624076,0.0037929250483672594,10.0,0.2625,4150.0,0.0003499641062455133,4.9992069978937845e-05
4347.983880943341,82.09987992142364,3.728976855848936,-11297.367521306187,0.0037171928770264244,11.0,0.2625,4150.0,0.0003849605168700646,5.4991276976831616e-05
4641.596409441139,75.61739471422148,2.4077966214385316,-11943.095204619734,0.003644583671917289,12.0,0.2625,4150.0,0.0004199569274946159,5.999048397472541e-05
4924.916319501615,70.3151343961916,2.4300687882931054,-12558.29982055434,0.003575838940877265,13.0,0.2625,4150.0,0.00045495333811916723,6.498969097261918e-05
5199.295668075617,65.60081190315819,2.4302904356113024,-13147.923330308753,0.0035100531443829812,14.0,0.2625,4150.0,0.0004899497487437187,6.998889797051298e-05
5465.3671867142675,61.59478899144972,5.010075723830601,-13714.565848603903,0.003447212452606238,15.0,0.2625,4150.0,0.0005249461593682699,7.498810496840675e-05
5723.19587614332,57.88234170299108,5.233651969163277,-14259.966405490173,0.003386736058287435,16.0,0.2625,4150.0,0.0005570710696338836,7.998731196630054e-05
5972.738527067092,54.744267386385275,5.39356844238535,-14783.877797928799,0.0033291909079319437,17.0,0.2625,4150.0,0.0005918880114860014,8.498651896419432e-05
6215.582150533678,51.69852490481552,5.464607875707637,-15290.140656439173,0.0032735730711537336,18.0,0.2625,4150.0,0.0006267049533381191,8.99857259620881e-05
6451.2256920982545,49.28013179833847,3.1048947209083924,-15777.25492399968,0.0032208310836235165,19.0,0.2625,4150.0,0.0006615218951902369,9.49849329599819e-05
6681.213806952285,46.67488046740986,3.0422296179742045,-16251.096893476322,0.003169212773900743,20.0,0.2625,4150.0,0.0006963388370423546,9.998413995787569e-05
6903.7151621750945,44.71142474981034,3.002355167267195,-16706.675572195032,0.0031204538110115414,21.0,0.2625,4150.0,0.0007311557788944724,0.00010498334695576947
7120.981693191339,42.862082043954835,2.907110469287588,-17149.26642890524,0.0030732904636907397,22.0,0.2625,4150.0,0.00076597272074659,0.00010998255395366323
7333.970170079345,40.946954120854265,2.767221874653297,-17582.1268613414,0.00302712629609657,23.0,0.2625,4150.0,0.000796661880832735,0.00011498176095155704
7539.362104692265,39.432509567431396,0.19913604225538736,-17996.42948609311,0.002974967527233544,24.0,0.2625,4100.0,0.0008312993539124192,0.00011998096794945082
7740.709789662892,37.8549675271838,0.19486578362247833,-18401.24925302255,0.0029326520090569978,25.0,0.2625,4100.0,0.0008659368269921034,0.00012498017494734457
7936.926358583596,36.35955327265678,0.19081708436062822,-18794.36723433918,0.002891661239669689,26.0,0.2625,4100.0,0.0009005743000717874,0.00012997938194523836
8127.585860400369,35.22790302482137,0.18744922568943978,-19175.768786620203,0.0028528692821751696,27.0,0.2625,4100.0,0.0009352117731514715,0.00013497858894313217
8314.406609046964,33.98280529600301,0.1703503270399733,-19545.790274534942,0.0028148081772789747,28.0,0.2625,4100.0,0.0009698492462311557,0.00013997779594102596
8499.314177232685,32.722087294562165,0.16344637300997936,-19913.65107811567,0.0027771362136656957,29.0,0.2625,4100.0,0.0010044867193108398,0.00014497700293891971
8676.676845356145,31.791582758226433,0.16729643775715522,-20264.676948307373,0.0027416766975960085,30.0,0.2625,4100.0,0.0010391241923905239,0.0001499762099368135
0.0,0.0,0.0,-2.1237246499294997,0.004633601406116193,0.0,0.30291666666666667,4250.0,0.0,
541.6329989724217,125.66275429135392,2.1843080238616315,-1633.2081525971007,0.004500848850533833,1.0,0.30291666666666667,4250.0,3.5534816941852114e-05,4.9992069978937835e-06
1011.4141871554602,173.34273517711895,2.383096427284577,-3004.721345230246,0.004356093980470731,2.0,0.30291666666666667,4200.0,7.071069633883703e-05,9.998413995787567e-06
1438.2595367488123,182.8945981354383,2.3614028514212535,-4197.941060831705,0.004245339589860342,3.0,0.30291666666666667,4200.0,0.00010606604450825557,1.4997620993681352e-05
1835.5512020087797,173.0911426177824,2.7928763589249814,-5261.764251957713,0.004141906591352738,4.0,0.30291666666666667,4200.0,0.00014142139267767407,1.9996827991575134e-05
2210.2581812482413,154.07796071066943,3.305397757719078,-6227.257643785706,0.0040448450958214385,5.0,0.30291666666666667,4200.0,0.00017587939698492463,2.4996034989468922e-05
2566.463709728113,133.25504370643446,3.053299374306263,-7114.654050257443,0.003953691035865139,6.0,0.30291666666666667,4200.0,0.00021105527638190955,2.9995241987362704e-05
2906.9555394944246,116.50455730164785,3.49239342745223,-7939.1820075371,0.0038675239273005435,7.0,0.30291666666666667,4200.0,0.00024623115577889447,3.499444898525649e-05
3233.553176512667,103.6203232009763,3.8769297622676557,-8710.636278310725,0.0037862084110442816,8.0,0.30291666666666667,4200.0,0.00028140703517587936,3.999365598315027e-05
3547.477817953466,93.203211823377,3.1091716729658505,-9437.486047685583,0.0037089559851151478,9.0,0.30291666666666667,4200.0,0.0003165829145728643,4.499286298104405e-05
3850.646487990461,84.52665460762404,3.2992267360229093,-10126.599826345147,0.0036353511194500278,10.0,0.30291666666666667,4200.0,0.0003499641062455133,4.9992069978937845e-05
4142.225387740472,77.66408812962914,3.566366502509168,-10780.44726508388,0.003551544983328071,11.0,0.30291666666666667,4150.0,0.0003849605168700646,5.4991276976831616e-05
4424.830762233096,71.53024351756555,2.3028373806094065,-11405.555204849188,0.0034854325305297583,12.0,0.30291666666666667,4150.0,0.0004199569274946159,5.999048397472541e-05
4697.804333556601,66.5125363292503,2.32623362155053,-12001.880087958481,0.0034227244888078135,13.0,0.30291666666666667,4150.0,0.00045495333811916723,6.498969097261918e-05
4962.427393990197,62.04713081631794,2.3284278285962827,-12574.183650800202,0.0033626133220068903,14.0,0.30291666666666667,4150.0,0.0004899497487437187,6.998889797051298e-05
5219.275404772594,58.25244337582772,4.808206867446047,-13124.834061896072,0.003305095069787749,15.0,0.30291666666666667,4150.0,0.0005249461593682699,7.498810496840675e-05
5468.39787285544,54.739996341870885,5.026503063820115,-13655.474820249365,0.0032496561151190433,16.0,0.30291666666666667,4150.0,0.0005570710696338836,7.998731196630054e-05
5709.707418452469,51.767537132251974,5.182805077690266,-14165.725270752788,0.003196822367357939,17.0,0.30291666666666667,4150.0,0.0005918880114860014,8.498651896419432e-05
5944.736177293776,48.88913352215078,5.254808849837023,-14659.370701393593,0.003145687860075535,18.0,0.30291666666666667,4150.0,0.0006267049533381191,8.99857259620881e-05
6172.947470961695,46.59946451969609,2.985635681269647,-15134.698519782425,0.003097124738995258,19.0,0.30291666666666667,4150.0,0.0006615218951902369,9.49849329599819e-05
6395.874026232121,44.13368408700695,2.9268057888717456,-15597.558341121672,0.003049538534554467,20.0,0.30291666666666667,4150.0,0.0006963388370423546,9.998413995787569e-05
6611.664344896205,42.27199059776406,2.889654840538839,-16042.897206306472,0.0030045248535085483,21.0,0.30291666666666667,4150.0,0.0007311557788944724,0.00010498334695576947
6822.522198302449,40.52244109299664,2.7991323334151117,-16475.97174538512,0.002960930373220338,22.0,0.30291666666666667,4150.0,0.00076597272074659,0.00010998255395366323
7029.378722164529,38.71162772333961,2.665903850432405,-16899.806677867993,0.0029182116427092573,23.0,0.30291666666666667,4150.0,0.000796661880832735,0.00011498176095155704
7228.953198473689,37.277518046276235,0.1885148057759315,-17305.780895820957,0.002877876425636446,24.0,0.30291666666666667,4150.0,0.0008312993539124192,0.00011998096794945082
7424.734988666783,35.78355129314137,0.18458940003011085,-17702.68820958353,0.0028383584265902406,25.0,0.30291666666666667,4150.0,0.0008659368269921034,0.00012498017494734457
7615.63860870632,34.37293078182627,0.18032911341376853,-18088.434132254573,0.0027919525655746248,26.0,0.30291666666666667,4100.0,0.0009005743000717874,0.00012997938194523836
7801.205136591576,33.299128337052665,0.1772228438989441,-18462.933264464555,0.002755906001387386,27.0,0.30291666666666667,4100.0,0.0009352117731514715,0.00013497858894313217
7983.153390369485,32.124149740061505,0.16121625661349018,-18826.621829881697,0.0027205095533122457,28.0,0.30291666666666667,4100.0,0.0009698492462311557,0.00013997779594102596
8163.347923791998,30.926435270537187,0.15479205342593172,-19188.262399758743,0.002685437488912817,29.0,0.30291666666666667,4100.0,0.0010044867193108398,0.00014497700293891971
8336.260116757016,30.047759406161298,0.15847355501781119,-19533.666843542873,0.0026523934742342784,30.0,0.30291666666666667,4100.0,0.0010391241923905239,0.0001499762099368135
0.0,0.0,0.0,-2.1237246499294997,0.004348733086841965,0.0,0.3433333333333333,4250.0,0.0,
509.2947219856666,118.09527373730252,2.054910027590683,-1535.812130083883,0.004231879999543197,1.0,0.3433333333333333,4250.0,3.5534816941852114e-05,4.9992069978937835e-06
952.3292078036917,163.0584840902767,2.2457617664644234,-2829.8233374730917,0.004102494216962673,2.0,0.3433333333333333,4200.0,7.071069633883703e-05,9.998413995787567e-06
1355.9368535797344,172.1955175296574,2.2283264675835133,-3959.2208338639975,0.004004396820129667,3.0,0.3433333333333333,4200.0,0.00010606604450825557,1.4997620993681352e-05
1732.4767069750837,163.09799854173784,2.6403252583412886,-4969.096852626106,0.0039125213448163755,4.0,0.3433333333333333,4200.0,0.00014142139267767407,1.9996827991575134e-05
2088.3486428433976,145.2826453832317,3.1302009075303987,-5888.097069384137,0.0038260717989916982,5.0,0.3433333333333333,4200.0,0.00017587939698492463,2.4996034989468922e-05
2427.2746012625084,125.67902979544463,2.8947582942669454,-6734.837787959332,0.0037446746379492506,6.0,0.3433333333333333,4200.0,0.00021105527638190955,2.9995241987362704e-05
2751.7965132364984,109.87480350218935,3.3158408468655742,-7523.374830531633,0.0036675431386538615,7.0,0.3433333333333333,4200.0,0.00024623115577889447,3.499444898525649e-05
3063.5496974105113,97.71292760523795,3.6854097446328216,-8262.671392368822,0.0035945848859917605,8.0,0.3433333333333333,4200.0,0.00028140703517587936,3.999365598315027e-05
3363.6338683679137,87.88716086178115,2.957623208216223,-8960.578193544214,0.0035251194884923804,9.0,0.3433333333333333,4200.0,0.0003165829145728643,4.499286298104405e-05
3653.8218518181434,79.69603474580435,3.142376427020276,-9623.41494223944,0.0034587941799331333,10.0,0.3433333333333333,4200.0,0.0003499641062455133,4.9992069978937845e-05
3933.2468179962575,73.22356430346403,3.4000838521790695,-10253.255458289372,0.0033959735015905586,11.0,0.3433333333333333,4200.0,0.0003849605168700646,5.4991276976831616e-05
4204.394372638184,67.43260000676706,2.1959361626121074,-10856.376277535768,0.0033222724947091246,12.0,0.3433333333333333,4150.0,0.0004199569274946159,5.999048397472541e-05
4466.5718521105055,62.70026325361881,2.2199124319047328,-11432.559787100647,0.0032654542493177206,13.0,0.3433333333333333,4150.0,0.00045495333811916723,6.498969097261918e-05
4720.9899735943145,58.48490127202762,2.223960926559128,-11986.304236629148,0.0032108946206234985,14.0,0.3433333333333333,4150.0,0.0004899497487437187,6.998889797051298e-05
4968.171899356896,54.90773564017433,4.6004040641391315,-12519.752542043207,0.0031585976768872498,15.0,0.3433333333333333,4150.0,0.0005249461593682699,7.498810496840675e-05
5208.145363106087,51.590684109649125,4.812965463523457,-13034.449820535396,0.003108112529030708,16.0,0.3433333333333333,4150.0,0.0005570710696338836,7.998731196630054e-05
5440.785647475917,48.784782912373785,4.965363210853209,-13529.892673269147,0.0030599233356855527,17.0,0.3433333333333333,4150.0,0.0005918880114860014,8.498651896419432e-05
5667.567884876089,46.07361705650255,5.038040187888653,-14009.79757273219,0.0030132181411011622,18.0,0.3433333333333333,4150.0,0.0006267049533381191,8.99857259620881e-05
5887.92443208258,43.91321547302878,2.862544478444236,-14472.26005612308,0.0029687935784267288,19.0,0.3433333333333333,4150.0,0.0006615218951902369,9.49849329599819e-05
6103.371174192529,41.587350626569204,2.807508322460632,-14923.079032117406,0.0029252080781354654,20.0,0.3433333333333333,4150.0,0.0006963388370423546,9.998413995787569e-05
6312.0429291073315,39.8335082663097,2.772960553996823,-15357.16324574987,0.0028839190604753,21.0,0.3433333333333333,4150.0,0.0007311557788944724,0.00010498334695576947
6516.091041326951,38.178665614402206,2.6874119732820634,-15779.729997115806,0.0028438807786223086,22.0,0.3433333333333333,4150.0,0.00076597272074659,0.00010998255395366323
6716.418325462937,36.47234994564906,2.5609587950174806,-16193.574729778738,0.0028046010125696947,23.0,0.3433333333333333,4150.0,0.000796661880832735,0.00011498176095155704
6909.791839843489,35.11893975435374,0.17785240279599412,-16590.345871694342,0.002767466618797681,24.0,0.3433333333333333,4150.0,0.0008312993539124192,0.00011998096794945082
7099.625497264151,33.708953547476085,0.1742576200021881,-16978.503512850373,0.0027310459619431,25.0,0.3433333333333333,4150.0,0.0008659368269921034,0.00012498017494734457
7284.843030407285,32.38291446655502,0.16984180952233052,-17356.0532090641,0.002695698793019902,26.0,0.3433333333333333,4150.0,0.0009005743000717874,0.00012997938194523836
7464.953781172431,31.36746217499781,0.16698710143701062,-17722.658681176377,0.0026621690227246007,27.0,0.3433333333333333,4150.0,0.0009352117731514715,0.00013497858894313217
7641.670395787208,30.262460817825623,0.15205294789297716,-18079.158452600408,0.0026215781996027083,28.0,0.3433333333333333,4100.0,0.0009698492462311557,0.00013997779594102596
7816.80072170942,29.128548330235652,0.14609546863181594,-18433.777463696635,0.0025891262655390367,29.0,0.3433333333333333,4100.0,0.0010044867193108398,0.00014497700293891971
7984.921085682682,28.301639980292126,0.14960284101431823,-18772.793145963275,0.002558520484740327,30.0,0.3433333333333333,4100.0,0.0010391241923905239,0.0001499762099368135
0.0,0.0,0.0,-2.1237246499294997,0.00406603461378394,0.0,0.38375,4250.0,0.0,
477.07805623906006,110.5641506282748,1.9258740477147591,-1438.7806419463232,0.003963949077402576,1.0,0.38375,4250.0,3.5534816941852114e-05,4.9992069978937835e-06
893.302917942937,152.80206999055426,2.1083351564027075,-2655.014690655975,0.0038490111858591252,2.0,0.38375,4200.0,7.071069633883703e-05,9.998413995787567e-06
1273.4877910451596,161.507345053021,2.0948079660664147,-3719.9118399486397,0.0037627838746022413,3.0,0.38375,4200.0,0.00010606604450825557,1.4997620993681352e-05
1629.0072652634626,153.0964451964862,2.4867192644134857,-4674.899923469697,0.003681796102654472,4.0,0.38375,4200.0,0.00014142139267767407,1.9996827991575134e-05
1965.7127156500935,136.46711030774446,2.953208864602893,-5546.293200499225,0.003605386041386159,5.0,0.38375,4200.0,0.00017587939698492463,2.4996034989468922e-05
2286.9851276728236,118.08273755823265,2.7342528770511576,-6351.152541203715,0.0035332570074821336,6.0,0.38375,4200.0,0.00021105527638190955,2.9995241987362704e-05
2595.130034092914,103.22617215225745,3.1366042456472205,-7102.399739494285,0.003464741459343658,7.0,0.38375,4200.0,0.00024623115577889447,3.499444898525649e-05
2891.609014472537,91.79213138306663,3.490540380894878,-7808.198968633951,0.0033997817643833905,8.0,0.38375,4200.0,0.00028140703517587936,3.999365598315027e-05
3177.4056392035795,82.5563934963351,2.803248011563446,-8475.798417770304,0.003337795166100739,9.0,0.38375,4200.0,0.0003165829145728643,4.499286298104405e-05
3454.15249049293,74.85457296291005,2.982394928443406,-9110.985100567203,0.003278484811027571,10.0,0.38375,4200.0,0.0003499641062455133,4.9992069978937845e-05
3720.9594396722614,68.77149530518324,3.229966671588434,-9715.5490678251,0.003222192532295927,11.0,0.38375,4200.0,0.0003849605168700646,5.4991276976831616e-05
3980.176133459156,63.32517356402822,2.0865537437203754,-10295.276012616581,0.0031679541693284533,12.0,0.38375,4200.0,0.0004199569274946159,5.999048397472541e-05
4231.087815623091,58.87882924868638,2.110983970289152,-10849.932409187888,0.0031038918630434758,13.0,0.38375,4150.0,0.00045495333811916723,6.498969097261918e-05
4474.828317523118,54.92017365251822,2.116755607136825,-11383.802833760004,0.0030547440745951854,14.0,0.38375,4150.0,0.0004899497487437187,6.998889797051298e-05
4711.872505395385,51.556770273920975,4.386341112278049,-11898.759149197911,0.0030075513131848424,15.0,0.38375,4150.0,0.0005249461593682699,7.498810496840675e-05
4942.230248490406,48.43488674452617,4.592673708676213,-12396.247206381886,0.002961920713611259,16.0,0.38375,4150.0,0.0005570710696338836,7.998731196630054e-05
5165.740449643064,45.80233576602007,4.740846689709155,-12875.650927453069,0.0029182948312620055,17.0,0.38375,4150.0,0.0005918880114860014,8.498651896419432e-05
5383.818162871652,43.25247920338375,4.813879748053428,-13340.605046310811,0.00287595099440467,18.0,0.38375,4150.0,0.0006267049533381191,8.99857259620881e-05
5595.871124116442,41.22186194040633,2.7352924462105146,-13789.035564596896,0.002835611611115922,19.0,0.38375,4150.0,0.0006615218951902369,9.49849329599819e-05
5803.388562498066,39.0363967307338,2.6840897929390692,-14226.665141681318,0.0027959829962648495,20.0,0.38375,4150.0,0.0006963388370423546,9.998413995787569e-05
6004.504784297624,37.390475134015034,2.6521803883263395,-14648.390015721423,0.0027583864685,21.0,0.38375,4150.0,0.0007311557788944724,0.00010498334695576947
6201.310811912839,35.83124015142139,2.571516801135289,-15059.366146261586,0.002721881006229289,22.0,0.38375,4150.0,0.00076597272074659,0.00010998255395366323
6394.679164165497,34.22956136652442,2.4521342133239163,-15462.163372971096,0.0026860236532416926,23.0,0.38375,4150.0,0.000796661880832735,0.00011498176095155704
6581.437551934102,32.95721814904305,0.16715025352877955,-15848.713768233458,0.002652081088526906,24.0,0.38375,4150.0,0.0008312993539124192,0.00011998096794945082
6764.914340496801,31.63390835113374,0.16387213517014854,-16227.130487771901,0.0026187541149430616,25.0,0.38375,4150.0,0.0008659368269921034,0.00012498017494734457
6944.041317105425,30.38991502802307,0.15935571816292846,-16595.592818225967,0.002586373422014962,26.0,0.38375,4150.0,0.0009005743000717874,0.00012997938194523836
7118.305200206882,29.433322971119797,0.15674276512888569,-16953.424364824918,0.002555617987244441,27.0,0.38375,4150.0,0.0009352117731514715,0.00013497858894313217
7289.400922879566,28.398164885924945,0.14286154491056674,-17301.811391425013,0.002525357200717812,28.0,0.38375,4150.0,0.0009698492462311557,0.00013997779594102596
7459.0809452299545,27.328824350210812,0.13735801537578912,-17648.47433226092,0.002495328237136448,29.0,0.38375,4150.0,0.0010044867193108398,0.00014497700293891971
7622.03782669643,26.55364955214577,0.140685818642733,-17980.154068757452,0.002459736894487695,30.0,0.38375,4100.0,0.0010391241923905239,0.0001499762099368135
0.0,0.0,0.0,-2.1237246499294997,0.003785468355187927,0.0,0.42416666666666664,4250.0,0.0,
444.98140257172736,103.06895881468942,1.7972836403266164,-1342.1097571084683,0.003697045028694003,1.0,0.42416666666666664,4250.0,3.5534816941852114e-05,4.9992069978937835e-06
834.3353394562306,142.57561301433972,1.9708154110433211,-2480.2959040660353,0.0035956466925273116,2.0,0.42416666666666664,4200.0,7.071069633883703e-05,9.998413995787567e-06
1190.9123231484296,150.82919316399833,1.9608418557582565,-3480.017394998773,0.0035205060079538837,3.0,0.42416666666666664,4200.0,0.00010606604450825557,1.4997620993681352e-05
1525.1387456467853,143.0887628192135,2.3320392824512934,-4379.173418601604,0.0034497325063506615,4.0,0.42416666666666664,4200.0,0.00014142139267767407,1.9996827991575134e-05
1842.3433313360317,127.6343302344255,2.7743815044779003,-5201.833766486641,0.0033827807159892537,5.0,0.42416666666666664,4200.0,0.00017587939698492463,2.4996034989468922e-05
2145.5787238745233,110.46931960379075,2.5717298868712706,-5963.564558444923,0.003319418532093634,6.0,0.42416666666666664,4200.0,0.00021105527638190955,2.9995241987362704e-05
2436.9293371961217,96.5610549426749,2.9545994964237634,-6676.1920307680775,0.003259084272047394,7.0,0.42416666666666664,4200.0,0.00024623115577889447,3.499444898525649e-05
2717.6911154026006,85.8584421649145,3.2922008696649208,-7347.114354828074,0.0032017476550316904,8.0,0.42416666666666664,4200.0,0.00028140703517587936,3.999365598315027e-05
2988.737531976425,77.21148040631849,2.6459339605811096,-7982.993344140421,0.0031469137432276586,9.0,0.42416666666666664,4200.0,0.0003165829145728643,4.499286298104405e-05
3251.565228190496,70.00522299259752,2.819122786250268,-8589.100457373686,0.003094335089107971,10.0,0.42416666666666664,4200.0,0.0003499641062455133,4.9992069978937845e-05
3505.2702210929992,64.30847688193596,3.055841559185723,-9166.960069670524,0.003044328144325495,11.0,0.42416666666666664,4200.0,0.0003849605168700646,5.4991276976831616e-05
3752.0616822522356,59.21423375389387,1.974572928883299,-9721.968868678545,0.0029960525995816117,12.0,0.42416666666666664,4200.0,0.0004199569274946159,5.999048397472541e-05
3991.21204004701,55.04883559546204,1.9993152969651833,-10253.656791285255,0.0029500201328049465,13.0,0.42416666666666664,4200.0,0.00045495333811916723,6.498969097261918e-05
4223.779000778888,51.34807743282506,2.006666385705784,-10766.18182352768,0.0028940035046649865,14.0,0.42416666666666664,4150.0,0.0004899497487437187,6.998889797051298e-05
4450.189345944697,48.19865941814005,4.165672429511545,-11261.272109173551,0.0028517804406479846,15.0,0.42416666666666664,4150.0,0.0005249461593682699,7.498810496840675e-05
4670.435238997185,45.27744818523993,4.365236462812377,-11740.197037003316,0.00281088837796655,16.0,0.42416666666666664,4150.0,0.0005570710696338836,7.998731196630054e-05
4884.324394605662,42.8140009538099,4.508825175890806,-12202.2393174295,0.0027717284928202236,17.0,0.42416666666666664,4150.0,0.0005918880114860014,8.498651896419432e-05
5093.208202884046,40.42628008539099,4.581864593784723,-12650.938748231696,0.002733662654150347,18.0,0.42416666666666664,4150.0,0.0006267049533381191,8.99857259620881e-05
5296.477218349322,38.52591082919751,2.6036141336449465,-13084.075276398667,0.0026973405808940866,19.0,0.42416666666666664,4150.0,0.0006615218951902369,9.49849329599819e-05
5495.586667028677,36.4813210750261,2.556278298441947,-13507.269160025033,0.002661611081160816,20.0,0.42416666666666664,4150.0,0.0006963388370423546,9.998413995787569e-05
5688.68004995937,34.943388238406015,2.5270338009259263,-13915.432157966534,0.002627661825147149,21.0,0.42416666666666664,4150.0,0.0007311557788944724,0.00010498334695576947
5877.781828855696,33.48578868817416,2.4513302180837417,-14313.635086211914,0.0025946533714165825,22.0,0.42416666666666664,4150.0,0.00076597272074659,0.00010998255395366323
6063.732322415984,31.98375224001244,2.3389619802561357,-14704.226261653173,0.0025621901152234378,23.0,0.42416666666666664,4150.0,0.000796661880832735,0.00011498176095155704
6243.42582147389,30.79319242445126,0.15640974910556585,-15079.43766308132,0.00253141951200732,24.0,0.42416666666666664,4150.0,0.0008312993539124192,0.00011998096794945082
6420.098035998376,29.559652431392752,0.1534346036377623,-15447.02059668029,0.0025011723551967165,25.0,0.42416666666666664,4150.0,0.0008659368269921034,0.00012498017494734457
6592.698515701275,28.394365252631165,0.14887137250101953,-15805.324461513155,0.002471749934404339,26.0,0.42416666666666664,4150.0,0.0009005743000717874,0.00012997938194523836
6760.691161921257,27.497159319547915,0.14649058426669778,-16153.358663225343,0.002443767050234918,27.0,0.42416666666666664,4150.0,0.0009352117731514715,0.00013497858894313217
6925.743976201724,26.53167875374862,0.13364316628394968,-16492.662715480095,0.0024162082284136044,28.0,0.42416666666666664,4150.0,0.0009698492462311557,0.00013997779594102596
7089.550610846358,25.532076619964297,0.12858106020648546,-16830.519685414678,0.002388827977626841,29.0,0.42416666666666664,4150.0,0.0010044867193108398,0.00014497700293891971
7246.94194432625,24.804200561387766,0.1317239785465734,-17153.866884301307,0.0023629531420621395,30.0,0.42416666666666664,4150.0,0.0010391241923905239,0.0001499762099368135
0.0,0.0,0.0,-2.1237246499294997,0.003506997731021188,0.0,0.4645833333333333,4250.0,0.0,
413.0041234149687,95.61020792025957,1.6690285961782112,-1245.795640818811,0.0034311570655606717,1.0,0.4645833333333333,4250.0,3.5534816941852114e-05,4.9992069978937835e-06
775.423662415336,132.3777100696067,1.8331957355844322,-2305.667546746583,0.003342402640935096,2.0,0.4645833333333333,4200.0,7.071069633883703e-05,9.998413995787567e-06
1108.2070772254842,140.1614485593343,1.8264204873808165,-3239.5410278429554,0.00327756866264643,3.0,0.4645833333333333,4200.0,0.00010606604450825557,1.4997620993681352e-05
1420.8659342388153,133.07305966492248,2.17626643492557,-4081.917637887025,0.0032163325664666957,4.0,0.4645833333333333,4200.0,0.00014142139267767407,1.9996827991575134e-05
1718.2298098218248,118.78205380804309,2.59367672115004,-4854.707431537521,0.003158249257373601,5.0,0.4645833333333333,4200.0,0.00017587939698492463,2.4996034989468922e-05
2003.0395575478544,102.83551558453617,2.4071341979186647,-5572.041237686499,0.003103140209999877,6.0,0.4645833333333333,4200.0,0.00021105527638190955,2.9995241987362704e-05
2277.16735976196,89.88117095064943,2.76973876175054,-6244.68805408528,0.00305053732357042,7.0,0.4645833333333333,4200.0,0.00024623115577889447,3.499444898525649e-05
2541.7554014244283,79.90899305056638,3.090264624847084,-6879.313482317084,0.003000431129588909,8.0,0.4645833333333333,4200.0,0.00028140703517587936,3.999365598315027e-05
2797.5728728559443,71.85500253784826,2.485562879349376,-7482.009249903858,0.0029524053740013576,9.0,0.4645833333333333,4200.0,0.0003165829145728643,4.499286298104405e-05
3045.984725986029,65.14377540345251,2.6521730589322363,-8057.549209191915,0.0029062558896374535,10.0,0.4645833333333333,4200.0,0.0003499641062455133,4.9992069978937845e-05
3286.0820192568876,59.83512956243455,2.8775218947802226,-8607.210927343403,0.0028622716702070834,11.0,0.4645833333333333,4200.0,0.0003849605168700646,5.4991276976831616e-05
3519.93401830829,55.09379724694249,1.8598686776015767,-9136.00251551778,0.002819727346043773,12.0,0.4645833333333333,4200.0,0.0004199569274946159,5.999048397472541e-05
3746.801696002688,51.21395262710805,1.8847654146822173,-9643.353328719219,0.0027790814399509174,13.0,0.4645833333333333,4200.0,0.00045495333811916723,6.498969097261918e-05
3967.6706256848715,47.768389743053476,1.8935355164872196,-10133.046281940988,0.002739843160938911,14.0,0.4645833333333333,4200.0,0.0004899497487437187,6.998889797051298e-05
4182.922461895258,44.83397598462982,3.938018844350424,-10606.689493399754,0.002691102938350783,15.0,0.4645833333333333,4150.0,0.0005249461593682699,7.498810496840675e-05
4392.531333582276,42.11550735994258,4.130226490991595,-11065.603129456365,0.00265481525820527,16.0,0.4645833333333333,4150.0,0.0005570710696338836,7.998731196630054e-05
4596.2790628574785,39.82033317970845,4.268934800140644,-11508.865156453758,0.0026200063233470573,17.0,0.4645833333333333,4150.0,0.0005918880114860014,8.498651896419432e-05
4795.449340090433,37.59556576233692,4.341493854924106,-11939.90450010536,0.00258611827248109,18.0,0.4645833333333333,4150.0,0.0006267049533381191,8.99857259620881e-05
4989.421419479007,35.82592308117807,2.467222116565874,-12356.382519613588,0.0025537294630049888,19.0,0.4645833333333333,4150.0,0.0006615218951902369,9.49849329599819e-05
5179.608927711809,33.92477053263365,2.423775428639833,-12763.788206250669,0.002521825598868805,20.0,0.4645833333333333,4150.0,0.0006963388370423546,9.998413995787569e-05
5364.175868166925,32.49277435792842,2.397212666217797,-13157.07957287861,0.0024914637477266616,21.0,0.4645833333333333,4150.0,0.0007311557788944724,0.00010498334695576947
5545.073860695021,31.13736873839273,2.3265519645303443,-13541.218345322188,0.002461902186889465,22.0,0.4645833333333333,4150.0,0.00076597272074659,0.00010998255395366323
5723.108290243838,29.737880919169406,2.2213115888980495,-13918.333558696118,0.0024327912281042995,23.0,0.4645833333333333,4150.0,0.000796661880832735,0.00011498176095155704
5895.2558890050705,28.63174674148638,0.14563225185413092,-14280.97675095863,0.0024051601962213325,24.0,0.4645833333333333,4150.0,0.0008312993539124192,0.00011998096794945082
6064.644457093711,27.482823333492554,0.14294665029907727,-14636.52124567781,0.0023779669089972156,25.0,0.4645833333333333,4150.0,0.0008659368269921034,0.00012498017494734457
6230.240335824717,26.396729960516822,0.1383892934088238,-14983.482126411494,0.002351483215802693,26.0,0.4645833333333333,4150.0,0.0009005743000717874,0.00012997938194523836
6391.500036027864,25.564349323943272,0.1362312907661064,-15320.583856215148,0.0023262606168592405,27.0,0.4645833333333333,4150.0,0.0009352117731514715,0.00013497858894313217
6550.052094377069,24.663448156508522,0.12439890554601625,-15649.681229152397,0.0023013956618140666,28.0,0.4645833333333333,4150.0,0.0009698492462311557,0.00013997779594102596
6707.522849959176,23.734785391299596,0.11976593987548387,-15977.616292781764,0.0022766613782842695,29.0,0.4645833333333333,4150.0,0.0010044867193108398,0.00014497700293891971
6858.90533805752,23.053722317934856,0.12271877952151154,-16291.588728317089,0.0022532606847787875,30.0,0.4645833333333333,4150.0,0.0010391241923905239,0.0001499762099368135
0.0,0.0,0.0,-2.1237246499294997,0.0032305871716596084,0.0,0.505,4250.0,0.0,
381.1444418206064,88.1865897016839,1.5411039707946255,-1149.8345518438728,0.0031662746565856797,1.0,0.505,4250.0,3.5534816941852114e-05,4.9992069978937835e-06
716.5678870215097,122.20880888404034,1.6954729250860239,-2131.130236779529,0.003089281036391671,2.0,0.505,4200.0,7.071069633883703e-05,9.998413995787567e-06
1025.3724349491904,129.50508870096877,1.6915380005013643,-2998.486578895121,0.003033977440827176,3.0,0.505,4200.0,0.00010606604450825557,1.4997620993681352e-05
1316.187490123618,123.05173823186784,2.01950106321574,-3783.133409819209,0.002981598657320204,4.0,0.505,4200.0,0.00014142139267767407,1.9996827991575134e-05
1593.3636258236866,109.91037605667705,2.411051671855933,-4504.903460484558,0.0029317856108525124,5.0,0.505,4200.0,0.00017587939698492463,2.4996034989468922e-05
1859.3505321781356,95.18057610492026,2.2404081004133625,-5176.550653047059,0.002884403668971116,6.0,0.505,4200.0,0.00021105527638190955,2.9995241987362704e-05
2115.8162399896896,83.18335355406332,2.581929250364384,-5807.824649297821,0.00283906698407246,7.0,0.505,4200.0,0.00024623115577889447,3.499444898525649e-05
2363.760311375752,73.94441367809581,2.8845982306564086,-6404.692152585565,0.002795781179926686,8.0,0.505,4200.0,0.00028140703517587936,3.999365598315027e-05
2603.8534905016636,66.4888295965148,2.3220097854372552,-6972.691455348591,0.002754200055886036,9.0,0.505,4200.0,0.0003165829145728643,4.499286298104405e-05
2837.334495330757,60.27088926980294,2.481389756892044,-7516.117494458485,0.0027141571168711807,10.0,0.505,4200.0,0.0003499641062455133,4.9992069978937845e-05
3063.295496349982,55.356067080794105,2.6948098621681065,-8036.020187224916,0.00267591247719971,11.0,0.505,4200.0,0.0003849605168700646,5.4991276976831616e-05
3283.6668804189308,50.964532478000585,1.7423046231979946,-8537.01990904085,0.002638846929347555,12.0,0.505,4200.0,0.0004199569274946159,5.999048397472541e-05
3497.7077494269197,47.373704839979695,1.7671825057904047,-9018.46326894014,0.0026033661123350737,13.0,0.505,4200.0,0.00045495333811916723,6.498969097261918e-05
3706.328086109466,44.181778163901676,1.777194974744948,-9483.849409298993,0.002569050659841467,14.0,0.505,4200.0,0.0004899497487437187,6.998889797051298e-05
3909.865999133629,41.4633398470457,3.702973323408255,-9934.57538768764,0.0025359296577620303,15.0,0.505,4200.0,0.0005249461593682699,7.498810496840675e-05
4108.280413287139,38.94806893427943,3.887181914419663,-10371.785082557864,0.0025037554609163254,16.0,0.505,4200.0,0.0005570710696338836,7.998731196630054e-05
4301.332256896533,36.821955635695936,4.020806867231938,-10794.702606722676,0.002462900738594657,17.0,0.505,4150.0,0.0005918880114860014,8.498651896419432e-05
4490.233743487826,34.7657945844184,4.0922179851704765,-11206.568128896659,0.0024330714321867918,18.0,0.505,4150.0,0.0006267049533381191,8.99857259620881e-05
4674.35936583785,33.12569699676579,2.3258007236834013,-11604.911574193895,0.0024045140752895875,19.0,0.505,4150.0,0.0006615218951902369,9.49849329599819e-05
4855.074547516595,31.3677863649183,2.2862557087542776,-11995.0623803852,0.002376344659134158,20.0,0.505,4150.0,0.0006963388370423546,9.998413995787569e-05
5030.5748346049695,30.03917443740637,2.262417926304888,-12372.055802693496,0.0023494937992513273,21.0,0.505,4150.0,0.0007311557788944724,0.00010498334695576947
5202.732678468276,28.786039524494885,2.196842495408276,-12740.719697294313,0.0023233131187752436,22.0,0.505,4150.0,0.00076597272074659,0.00010998255395366323
5372.31471850274,27.492170471690745,2.0988549314197793,-13102.96751574691,0.0022974970137097893,23.0,0.505,4150.0,0.000796661880832735,0.00011498176095155704
5536.391051806133,26.467842729786035,0.1348190956059782,-13451.691153994281,0.002272958658309217,24.0,0.505,4150.0,0.0008312993539124192,0.00011998096794945082
5697.974062077588,25.403915454584034,0.13240986717650408,-13793.868602090392,0.0022487793387649477,25.0,0.505,4150.0,0.0008659368269921034,0.00012498017494734457
5856.050999539118,24.397499227413608,0.12790998951246438,-14128.176375769013,0.0022252015103039293,26.0,0.505,4150.0,0.0009005743000717874,0.00012997938194523836
6010.073088641863,23.629962706166783,0.1259655993349037,-14453.08653253039,0.002202714479050161,27.0,0.505,4150.0,0.0009352117731514715,0.00013497858894313217
6161.623854211622,22.793945518690737,0.1151298314805989,-14770.727454714142,0.002180523333194033,28.0,0.505,4150.0,0.0009698492462311557,0.00013997779594102596
6312.258651590787,21.936211148521252,0.11091396175260315,-15087.495875585002,0.0021584206450265767,29.0,0.505,4150.0,0.0010044867193108398,0.00014497700293891971
6457.144683252488,21.304317274650057,0.11367164893766998,-15390.909715434165,0.0021374850776315363,30.0,0.505,4150.0,0.0010391241923905239,0.0001499762099368135
0.0,0.0,0.0,-2.1237246499294997,0.00295620207900642,0.0,0.5454166666666667,4250.0,0.0,
349.40022782350707,80.79718819607469,1.413504359204195,-1054.2228451444462,0.002902387512390006,1.0,0.5454166666666667,4250.0,3.5534816941852114e-05,4.9992069978937835e-06
657.7665721362362,112.06812930202888,1.5576449005158266,-1956.684662010346,0.002836283962166308,2.0,0.5454166666666667,4200.0,7.071069633883703e-05,9.998413995787567e-06
942.4050109770401,118.8587078994131,1.55623311736541,-2756.857955262043,0.00278973819166744,3.0,0.5454166666666667,4200.0,0.00010606604450825557,1.4997620993681352e-05
1211.0976388409822,113.02477727041833,1.861704659204044,-3482.8221252067087,0.0027455335587746005,4.0,0.5454166666666667,4200.0,0.00014142139267767407,1.9996827991575134e-05
1467.7363895893857,101.02313297002992,2.2264609088911644,-4152.412243575018,0.0027033842354210473,5.0,0.5454166666666667,4200.0,0.00017587939698492463,2.4996034989468922e-05
1714.4943826860667,87.5089535240262,2.071491653843035,-4777.062384428311,0.002663191046329534,6.0,0.5454166666666667,4200.0,0.00021105527638190955,2.9995241987362704e-05
1952.8479773643037,76.46858053571549,2.3910740848896612,-5365.540283973423,0.0026246399948969077,7.0,0.5454166666666667,4200.0,0.00024623115577889447,3.499444898525649e-05
2183.663839155838,67.97011161644845,2.6750617178824685,-5923.147377279842,0.0025877469277052517,8.0,0.5454166666666667,4200.0,0.00028140703517587936,3.999365598315027e-05
2407.5194889025342,61.1097776951502,2.155174889005056,-6454.885382852059,0.002552227577013423,9.0,0.5454166666666667,4200.0,0.0003165829145728643,4.499286298104405e-05
2625.5331842770747,55.3890880201949,2.3066031456905653,-6964.589294735531,0.0025179480001717774,10.0,0.5454166666666667,4200.0,0.0003499641062455133,4.9992069978937845e-05
2836.8087663040387,50.868714485349045,2.507495355164398,-7453.1020371416525,0.002485138402462944,11.0,0.5454166666666667,4200.0,0.0003849605168700646,5.4991276976831616e-05
3043.132588724222,46.827174322756704,1.6217361123996128,-7924.657355925934,0.0024532771217801886,12.0,0.5454166666666667,4200.0,0.0004199569274946159,5.999048397472541e-05
3243.771827821883,43.52604956363284,1.6464013712862147,-8378.536778062182,0.002422717956611092,13.0,0.5454166666666667,4200.0,0.00045495333811916723,6.498969097261918e-05
3439.5611499897786,40.588904350376616,1.6574594667166884,-8817.955908102238,0.002393107045284351,14.0,0.5454166666666667,4200.0,0.0004899497487437187,6.998889797051298e-05
3630.798115042722,38.088815519944674,3.460090278253644,-9244.146668558402,0.0023644730826345673,15.0,0.5454166666666667,4200.0,0.0005249461593682699,7.498810496840675e-05
3817.4271441392484,35.77576925606894,3.6355977199637812,-9658.151860485661,0.0023366095029743387,16.0,0.5454166666666667,4200.0,0.0005570710696338836,7.998731196630054e-05
3999.1938482454357,33.81949262463175,3.7635784193767554,-10059.041241860621,0.002309795329958142,17.0,0.5454166666666667,4200.0,0.0005918880114860014,8.498651896419432e-05
4177.235424642735,31.931962237701065,3.833434974273529,-10449.96905636532,0.0022836058856240994,18.0,0.5454166666666667,4200.0,0.0006267049533381191,8.99857259620881e-05
4350.927817411227,30.423625646527846,2.1790016640939895,-10828.567504581762,0.0022494165183869178,19.0,0.5454166666666667,4150.0,0.0006615218951902369,9.49849329599819e-05
4521.579887969976,28.807547654952224,2.1433570007935865,-11199.872009677929,0.002224870893271101,20.0,0.5454166666666667,4150.0,0.0006963388370423546,9.998413995787569e-05
4687.4322984702085,27.58315861750475,2.1225042187800716,-11559.015109965396,0.0022014358621790407,21.0,0.5454166666666667,4150.0,0.0007311557788944724,0.00010498334695576947
4850.270193011908,26.432366078947542,2.062111828292158,-11910.6624647945,0.0021785520360642617,22.0,0.5454166666666667,4150.0,0.00076597272074659,0.00010998255395366323
5010.818717183403,25.24420050873452,1.971217545321385,-12256.517099115925,0.0021559557729561984,23.0,0.5454166666666667,4150.0,0.000796661880832735,0.00011498176095155704
5166.259636198036,24.302018389165163,0.12397158601901018,-12589.835733087835,0.0021344465053608503,24.0,0.5454166666666667,4150.0,0.0008312993539124192,0.00011998096794945082
5319.468177189441,23.323449991416396,0.12182581377978408,-12917.181289826724,0.0021132249619543256,25.0,0.5454166666666667,4150.0,0.0008659368269921034,0.00012498017494734457
5469.466144300588,22.397184193420312,0.11743395724786768,-13237.386681638003,0.0020925045573167616,26.0,0.5454166666666667,4150.0,0.0009005743000717874,0.00012997938194523836
5615.703476779537,21.694212141357696,0.11569420766566219,-13548.707876709253,0.0020727138132139995,27.0,0.5454166666666667,4150.0,0.0009352117731514715,0.00013497858894313217
5759.704102414951,20.923666743449356,0.10583698847652306,-13853.501349840983,0.0020531623378619267,28.0,0.5454166666666667,4150.0,0.0009698492462311557,0.00013997779594102596
5902.953523067398,20.1368279618439,0.10202640425475937,-14157.71393950133,0.002033663031320948,29.0,0.5454166666666667,4150.0,0.0010044867193108398,0.00014497700293891971
6040.812731180258,19.557352436584747,0.10458398317371663,-14449.244221153363,0.002015170750727176,30.0,0.5454166666666667,4150.0,0.0010391241923905239,0.0001499762099368135
0.0,0.0,0.0,-2.1237246499294997,0.002683808789534078,0.0,0.5858333333333333,4250.0,0.0,
317.7700447484243,73.44213382950107,1.2862250997368645,-958.9569556902134,0.0026394855889705516,1.0,0.5858333333333333,4250.0,3.5534816941852114e-05,4.9992069978937835e-06
599.0175978543836,101.95571611915844,1.4197118729733096,-1782.3315956818624,0.0025834135672766993,2.0,0.5858333333333333,4200.0,7.071069633883703e-05,9.998413995787567e-06
859.3054426597001,108.2251071126304,1.4207363652931273,-2514.6592662040057,0.0025448569163353803,3.0,0.5858333333333333,4200.0,0.00010606604450825557,1.4997620993681352e-05
1105.592206645993,102.99004800043299,1.7027121126859128,-3180.9853878353897,0.0025081405078489633,4.0,0.5858333333333333,4200.0,0.00014142139267767407,1.9996827991575134e-05
1341.3396202097458,92.1206593775538,2.0398575570686237,-3797.2244755492284,0.0024730403451175636,5.0,0.5858333333333333,4200.0,0.00017587939698492463,2.4996034989468922e-05
1568.4540296508364,79.8171899833461,1.9003220221144823,-4373.546455977943,0.002439485375341172,6.0,0.5858333333333333,4200.0,0.00021105527638190955,2.9995241987362704e-05
1788.2340112687268,69.74077468462305,2.1970713343575246,-4917.77399767976,0.0024072239136984507,7.0,0.5858333333333333,4200.0,0.00024623115577889447,3.499444898525649e-05
2001.4222811063642,61.98130835516406,2.4615058673349735,-5434.57682962402,0.0023762779251544903,8.0,0.5858333333333333,4200.0,0.00028140703517587936,3.999365598315027e-05
2208.5099913618105,55.718562594812035,1.9851048368767006,-5928.436762292673,0.0023464175817077357,9.0,0.5858333333333333,4200.0,0.0003165829145728643,4.499286298104405e-05
2410.498403285357,50.49981967829193,2.127634015285159,-6402.7479481650225,0.00231753686789446,10.0,0.5858333333333333,4200.0,0.0003499641062455133,4.9992069978937845e-05
2606.513939283164,46.37237031946135,2.3153495404779565,-6858.167487667764,0.0022898356840929893,11.0,0.5858333333333333,4200.0,0.0003849605168700646,5.4991276976831616e-05
2798.1976015718587,42.68514356342453,1.498006650260083,-7298.544506713559,0.0022628812027517976,12.0,0.5858333333333333,4200.0,0.0004199569274946159,5.999048397472541e-05
2984.832329760621,39.67173686867211,1.522245054138212,-7723.114336385675,0.0022369768815749605,13.0,0.5858333333333333,4200.0,0.00045495333811916723,6.498969097261918e-05
3167.177802108864,36.99382268221531,1.5341312872512245,-8134.808520436978,0.0022118287828991256,14.0,0.5858333333333333,4200.0,0.0004899497487437187,6.998889797051298e-05
3345.492707067644,34.71247542713588,3.208889713695841,-8534.702298881472,0.0021874640392585097,15.0,0.5858333333333333,4200.0,0.0005249461593682699,7.498810496840675e-05
3519.7090895417973,32.599291002212105,3.374924660914583,-8923.737786704536,0.002163713076911007,16.0,0.5858333333333333,4200.0,0.0005570710696338836,7.998731196630054e-05
3689.5619308122104,30.813599649761535,3.496642018811303,-9300.947696044044,0.002140815948611646,17.0,0.5858333333333333,4200.0,0.0005918880114860014,8.498651896419432e-05
3856.1096447459254,29.094647710754774,3.564483608522896,-9669.282649216322,0.0021184155901535274,18.0,0.5858333333333333,4200.0,0.0006267049533381191,8.99857259620881e-05
4018.7394763608127,27.718515292548357,2.0264424122150824,-10026.341104290892,0.0020969089906159527,19.0,0.5858333333333333,4200.0,0.0006615218951902369,9.49849329599819e-05
4178.694855509053,26.244666635844286,1.9946818773789199,-10376.983058719954,0.00207563051683428,20.0,0.5858333333333333,4200.0,0.0006963388370423546,9.998413995787569e-05
4334.274392066272,25.12532263014538,1.9767310292123068,-10716.539098523834,0.0020469556595046666,21.0,0.5858333333333333,4150.0,0.0007311557788944724,0.00010498334695576947
4487.166341416631,24.076935228004054,1.9216424893682635,-11049.486289996872,0.002027264239044287,22.0,0.5858333333333333,4150.0,0.00076597272074659,0.00010998255395366323
4638.052961713857,22.99453841127228,1.8379837776488335,-11377.275471589594,0.002007792729924519,23.0,0.5858333333333333,4150.0,0.000796661880832735,0.00011498176095155704
4784.242626395128,22.134834604734454,0.11309100092093367,-11693.555199655915,0.0019892300203480113,24.0,0.5858333333333333,4150.0,0.0008312993539124192,0.00011998096794945082
4928.462334344276,21.241972142057854,0.11119601748508384,-12004.452747684969,0.001970891481955165,25.0,0.5858333333333333,4150.0,0.0008659368269921034,0.00012498017494734457
5069.769419903937,20.39631157773868,0.10696168095163913,-12308.952283842707,0.0019529620073884175,26.0,0.5858333333333333,4150.0,0.0009005743000717874,0.00012997938194523836
5207.623358970145,19.75761891536883,0.10541779663496838,-12605.1340090249,0.0019358111284760366,27.0,0.5858333333333333,4150.0,0.0009352117731514715,0.00013497858894313217
5343.47633095115,19.0531261749063,0.09652139689459555,-12895.53194205714,0.0019188485074178364,28.0,0.5858333333333333,4150.0,0.0009698492462311557,0.00013997779594102596
5478.73723659854,18.337128099367987,0.09310451728585553,-13185.637530510874,0.0019019079940310337,29.0,0.5858333333333333,4150.0,0.0010044867193108398,0.00014497700293891971
5608.984987788045,17.80998535927724,0.09545714806821445,-13463.800827927174,0.0018858218541676316,30.0,0.5858333333333333,4150.0,0.0010391241923905239,0.0001499762099368135
0.0,0.0,0.0,-2.1237246499294997,0.0024133745312897945,0.0,0.62625,4250.0,0.0,
286.2525420314285,66.12110661490388,1.1592616447223036,-864.0333991447042,0.0023775590734422107,1.0,0.62625,4250.0,3.5534816941852114e-05,4.9992069978937835e-06
540.3224541524809,91.8736147325826,1.2816670875834677,-1608.073287177518,0.002344026896203374,2.0,0.62625,4250.0,7.071069633883703e-05,9.998413995787567e-06
776.0702131247341,97.60110718176355,1.2847132046289182,-2271.8949515371933,0.002299339756283293,3.0,0.62625,4200.0,0.00010606604450825557,1.4997620993681352e-05
999.6701743952972,92.9527249056821,1.5425034411597096,-2877.625635172306,0.0022694230143475965,4.0,0.62625,4200.0,0.00014142139267767407,1.9996827991575134e-05
1214.1635008722803,83.19896775067053,1.8511931832591373,-3439.3323061456467,0.0022407495488462326,5.0,0.62625,4200.0,0.00017587939698492463,2.4996034989468922e-05
1421.2124671695688,72.10566726488688,1.7268338705363566,-3965.974795037968,0.002213270169850092,6.0,0.62625,4200.0,0.00021105527638190955,2.9995241987362704e-05
1621.945489266491,62.99620196096023,1.999814121334065,-4464.4665461515615,0.002186786839348176,7.0,0.62625,4200.0,0.00024623115577889447,3.499444898525649e-05
1816.9914416332024,55.97879372221637,2.243773784285686,-4938.879009218457,0.0021613242762648834,8.0,0.62625,4200.0,0.00028140703517587936,3.999365598315027e-05
2006.7629386593658,50.319150111541596,1.8113774125706508,-5393.191009065304,0.0021366999827510157,9.0,0.62625,4200.0,0.0003165829145728643,4.499286298104405e-05
2192.1471652283644,45.60054867671883,1.944292152447305,-5830.375605893561,0.002112831609102849,10.0,0.62625,4200.0,0.0003499641062455133,4.9992069978937845e-05
2372.3030220639944,41.86784865209072,2.118129919770865,-6250.924773816267,0.002089889135076159,11.0,0.62625,4200.0,0.0003849605168700646,5.4991276976831616e-05
2548.7252488445765,38.537539041040105,1.3709472617541838,-6658.305388501634,0.002067520001779702,12.0,0.62625,4200.0,0.0004199569274946159,5.999048397472541e-05
2720.720712739075,35.811515392789346,1.3945209206737519,-7051.726719914717,0.0020459792365018913,13.0,0.62625,4200.0,0.00045495333811916723,6.498969097261918e-05
2888.973723849235,33.394166566339884,1.4069931048793705,-7433.835794810875,0.0020250272696502227,14.0,0.62625,4200.0,0.0004899497487437187,6.998889797051298e-05
3053.707628789402,31.331446926007086,2.948844652509114,-7805.559932331147,0.0020046888019442334,15.0,0.62625,4200.0,0.0005249461593682699,7.498810496840675e-05
3214.844057743299,29.419344020312483,3.1045610888085733,-8167.741675085585,0.001984827229713635,16.0,0.62625,4200.0,0.0005570710696338836,7.998731196630054e-05
3372.1148976602576,27.808062828602996,3.219331965797654,-8519.39549725061,0.001965645088830919,17.0,0.62625,4200.0,0.0005918880114860014,8.498651896419432e-05
3526.494264908227,26.25451784960825,3.28463861433585,-8863.25676995398,0.0019468476684014289,18.0,0.62625,4200.0,0.0006267049533381191,8.99857259620881e-05
3677.3869453382144,25.01102218679279,1.8677003262235745,-9197.003195111305,0.0019287682678591463,19.0,0.62625,4200.0,0.0006615218951902369,9.49849329599819e-05
3825.962315410767,23.679775051570576,1.8397888561293245,-9525.251995451952,0.0019108531289146779,20.0,0.62625,4200.0,0.0006963388370423546,9.998413995787569e-05
3970.594516213215,22.668809966947993,1.8246394263720285,-9843.36805203349,0.001893700586763969,21.0,0.62625,4200.0,0.0007311557788944724,0.00010498334695576947
4112.865890520604,21.7203551379433,1.7749197089671611,-10155.64735975062,0.0018768959465057585,22.0,0.62625,4200.0,0.00076597272074659,0.00010998255395366323
4253.408906976378,20.743777360567208,1.698688306217995,-10463.457852643216,0.0018602594677430088,23.0,0.62625,4200.0,0.000796661880832735,0.00011498176095155704
4389.679575306373,19.966872388672996,0.10217859066260528,-10760.88030194486,0.0018368887368101713,24.0,0.62625,4150.0,0.0008312993539124192,0.00011998096794945082
4524.239028152283,19.160050929752416,0.1005219739312039,-11053.547110628795,0.0018213371373679622,25.0,0.62625,4150.0,0.0008659368269921034,0.00012498017494734457
4656.18951495936,18.39542533612563,0.09649363295367387,-11340.565479799683,0.0018061114256223269,26.0,0.62625,4150.0,0.0009005743000717874,0.00012997938194523836
4785.004540151793,17.820721851101695,0.09513703052561295,-11619.88615053222,0.0017915242059990462,27.0,0.62625,4150.0,0.0009352117731514715,0.00013497858894313217
4912.055191690658,17.183237582950554,0.08718405343904459,-11894.164980181275,0.0017770801924392996,28.0,0.62625,4150.0,0.0009698492462311557,0.00013997779594102596
5038.665481359341,16.537613480011633,0.0841495226819176,-12168.430931135052,0.0017626345619027543,29.0,0.62625,4150.0,0.0010044867193108398,0.00014497700293891971
5160.658408660925,16.062713486930118,0.08629247937210906,-12431.565184730687,0.0017488993582657835,30.0,0.62625,4150.0,0.0010391241923905239,0.0001499762099368135
0.0,0.0,0.0,-2.1237246499294997,0.0021448674001800726,0.0,0.6666666666666666,4250.0,0.0,
254.84775263624968,58.83511800609773,1.032609624803214,-769.4487705462816,0.0021165983738406376,1.0,0.6666666666666666,4250.0,3.5534816941852114e-05,4.9992069978937835e-06
481.67772492926184,81.81805674156368,1.1435083081208335,-1433.9556726437586,0.0020900543336001957,2.0,0.6666666666666666,4250.0,7.071069633883703e-05,9.998413995787567e-06
692.7004675708082,86.99137105224223,1.1481279069741395,-2028.5695377080701,0.00205319306664787,3.0,0.6666666666666666,4200.0,0.00010606604450825557,1.4997620993681352e-05
893.3254182289558,82.90986777204617,1.3810569675608142,-2572.7455840046678,0.002029385051985536,4.0,0.6666666666666666,4200.0,0.00014142139267767407,1.9996827991575134e-05
1086.1992660543424,74.26034934930703,1.6604175975165394,-3078.728227928157,0.002006508224759916,5.0,0.6666666666666666,4200.0,0.00017587939698492463,2.4996034989468922e-05
1272.7522844257724,64.37757019506782,1.5509584606373465,-3554.319814428076,0.001984529918600074,6.0,0.6666666666666666,4200.0,0.00021105527638190955,2.9995241987362704e-05
1453.95314372487,56.23561070676714,1.7991900524608817,-4005.5598869336027,0.0019632977369667113,7.0,0.6666666666666666,4200.0,0.00024623115577889447,3.499444898525649e-05
1630.3263927634575,49.96571608429934,2.0216998550644116,-4435.9541882686535,0.0019428365549855513,8.0,0.6666666666666666,4200.0,0.00028140703517587936,3.999365598315027e-05
1802.2131012576392,44.90937280971611,1.6338341944184906,-4848.994654269431,0.0019230047774437611,9.0,0.6666666666666666,4200.0,0.0003165829145728643,4.499286298104405e-05
1970.3907488009013,40.69211730514116,1.75637196360902,-5247.253557359902,0.001903739810507335,10.0,0.6666666666666666,4200.0,0.0003499641062455133,4.9992069978937845e-05
2134.0612397304685,37.35825421231368,1.9155755189653894,-5631.079537782869,0.001885182450583322,11.0,0.6666666666666666,4200.0,0.0003849605168700646,5.4991276976831616e-05
2294.5700294875815,34.38330717443043,1.2403758620082204,-6003.558963195617,0.0018670521153570224,12.0,0.6666666666666666,4200.0,0.0004199569274946159,5.999048397472541e-05
2451.257936437441,31.949183701811304,1.263020059024103,-6363.895885057333,0.0018495579055004473,13.0,0.6666666666666666,4200.0,0.00045495333811916723,6.498969097261918e-05
2604.7353049715243,29.789640830912166,1.27580916906791,-6714.453172125461,0.0018325089569811643,14.0,0.6666666666666666,4200.0,0.0004899497487437187,6.998889797051298e-05
2755.191890444125,27.946485834982372,2.6793806469624535,-7056.018646911049,0.0018159270120147505,15.0,0.6666666666666666,4200.0,0.0005249461593682699,7.498810496840675e-05
2902.540617121976,26.23987500557091,2.8238472378441655,-7389.336959342043,0.0017997044964087599,16.0,0.6666666666666666,4200.0,0.0005570710696338836,7.998731196630054e-05
3046.514076415604,24.80043150803583,2.9309136005839544,-7713.424977820236,0.0017840082267048388,17.0,0.6666666666666666,4200.0,0.0005918880114860014,8.498651896419432e-05
3188.0026453573405,23.412269172687264,2.993097113241137,-8030.789620321571,0.0017686005356742265,18.0,0.6666666666666666,4200.0,0.0006267049533381191,8.99857259620881e-05
3326.434769273796,22.30183224722265,1.7023062236391246,-8339.215640522918,0.0017537546415970363,19.0,0.6666666666666666,4200.0,0.0006615218951902369,9.49849329599819e-05
3462.896780646901,21.11353505031582,1.6781874345247978,-8643.036746304162,0.0017390205437715432,20.0,0.6666666666666666,4200.0,0.0006963388370423546,9.998413995787569e-05
3595.85377645525,20.212233965943767,1.6657179621182139,-8937.782964001817,0.0017248890274610049,21.0,0.6666666666666666,4200.0,0.0007311557788944724,0.00010498334695576947
3726.77341461587,19.36326090852958,1.6214241230594457,-9227.473214171645,0.0017110218841319407,22.0,0.6666666666666666,4200.0,0.00076597272074659,0.00010998255395366323
3856.2345492578625,18.492535142450308,1.5528097042638653,-9513.438039499226,0.001697272845354972,23.0,0.6666666666666666,4200.0,0.000796661880832735,0.00011498176095155704
3981.8593877171697,17.798726289682374,0.09123557849136517,-9789.931947111982,0.001684125716359834,24.0,0.6666666666666666,4200.0,0.0008312993539124192,0.00011998096794945082
4106.028416369098,17.07827249511198,0.08980514742884407,-10062.356080941427,0.001671104940452292,25.0,0.6666666666666666,4200.0,0.0008659368269921034,0.00012498017494734457
4227.893032419959,16.398005412269583,0.08603027369331617,-10329.823781699306,0.0016583413643205037,26.0,0.6666666666666666,4200.0,0.0009005743000717874,0.00012997938194523836
4346.951392793516,15.884074261588673,0.0848525572539046,-10590.31322225288,0.0016393337809649155,27.0,0.6666666666666666,4150.0,0.0009352117731514715,0.00013497858894313217
4464.4805845580795,15.316920047411843,0.07782593153768146,-10846.554057259586,0.0016273155205629166,28.0,0.6666666666666666,4150.0,0.0009698492462311557,0.00013997779594102596
4581.71112778959,14.738806097045128,0.07516261466762164,-11103.044198703668,0.0016152783639739226,29.0,0.6666666666666666,4150.0,0.0010044867193108398,0.00014497700293891971
4694.744897457235,14.316018550824918,0.07709128322210562,-11349.287409728022,0.0016038174672127127,30.0,0.6666666666666666,4150.0,0.0010391241923905239,0.0001499762099368135
0.0,0.0,0.0,-2.1237246499294997,0.0018782563382416211,0.0,0.7070833333333333,4250.0,0.0,
223.55291800227775,51.58239902327309,0.9062647450274443,-675.1997414001089,0.0018565941111022533,1.0,0.7070833333333333,4250.0,3.5534816941852114e-05,4.9992069978937835e-06
423.0833193328236,71.79164820259902,1.0052329232219925,-1259.9331233586272,0.0018361952551923862,2.0,0.7070833333333333,4250.0,7.071069633883703e-05,9.998413995787567e-06
609.1924174897549,76.39104904486591,1.0109747456188822,-1784.6876802420375,0.0018064233892597199,3.0,0.7070833333333333,4200.0,0.00010606604450825557,1.4997620993681352e-05
786.5545551975702,72.86322332817622,1.2183505496844376,-2266.348383303135,0.001788031023432519,4.0,0.7070833333333333,4200.0,0.00014142139267767407,1.9996827991575134e-05
957.4383013378097,65.30544665976294,1.4674786696239253,-2715.405978748415,0.0017703133191390938,5.0,0.7070833333333333,4200.0,0.00017587939698492463,2.4996034989468922e-05
1123.0561598110125,56.63072419517904,1.3726242120983132,-3138.555831882797,0.00175324974056931,6.0,0.7070833333333333,4200.0,0.00021105527638190955,2.9995241987362704e-05
1284.2271921978884,49.46269455975065,1.5950806765468664,-3540.9973844452106,0.0017367263678272154,7.0,0.7070833333333333,4200.0,0.00024623115577889447,3.499444898525649e-05
1441.381233104813,43.941116954124155,1.7952322825682807,-3925.7036197139096,0.00172076617080094,8.0,0.7070833333333333,4200.0,0.00028140703517587936,3.999365598315027e-05
1594.794608354992,39.48910504405228,1.4523068711526372,-4295.6951550212325,0.001705262375104247,9.0,0.7070833333333333,4200.0,0.0003165829145728643,4.499286298104405e-05
1745.1389935843029,35.7773987291945,1.5636543152774676,-4653.163074758711,0.0016901688286217798,10.0,0.7070833333333333,4200.0,0.0003499641062455133,4.9992069978937845e-05
1891.6705427788272,32.842807018464754,1.7074049625827936,-4998.33543037757,0.0016755983951034356,11.0,0.7070833333333333,4200.0,0.0003849605168700646,5.4991276976831616e-05
2035.5840393700548,30.223287680528475,1.1060954350281078,-5333.919570046259,0.0016613342139198072,12.0,0.7070833333333333,4200.0,0.0004199569274946159,5.999048397472541e-05
2176.2633249739833,28.082319625952092,1.1275162634780487,-5659.135997756413,0.0016475425427593183,13.0,0.7070833333333333,4200.0,0.00045495333811916723,6.498969097261918e-05
2314.2422213004925,26.181052518377967,1.1403226617884583,-5976.063263883771,0.0016340756802315328,14.0,0.7070833333333333,4200.0,0.0004899497487437187,6.998889797051298e-05
2449.680018599337,24.558385936140592,2.3998693795402373,-6285.359107977427,0.001620951980034409,15.0,0.7070833333333333,4200.0,0.0005249461593682699,7.498810496840675e-05
2582.4879287254757,23.05782533715769,2.5320585275784073,-6587.672062014179,0.0016080891443615612,16.0,0.7070833333333333,4200.0,0.0005570710696338836,7.998731196630054e-05
2712.4043119458156,21.79070365575539,2.630578082018155,-6882.043288122171,0.0015956204861175083,17.0,0.7070833333333333,4200.0,0.0005918880114860014,8.498651896419432e-05
2840.2268074538256,20.568631186444346,2.688969648392172,-7170.737729863846,0.001583359835020092,18.0,0.7070833333333333,4200.0,0.0006267049533381191,8.99857259620881e-05
2965.4219872110207,19.59165740524628,1.5297392758183272,-7451.676352014671,0.0015715246065150334,19.0,0.7070833333333333,4200.0,0.0006615218951902369,9.49849329599819e-05
3088.9810169626403,18.546638159337256,1.509330472992496,-7728.866874848245,0.0015597596533967184,20.0,0.7070833333333333,4200.0,0.0006963388370423546,9.998413995787569e-05
3209.4769970297493,17.754970132330662,1.4993943474626779,-7998.070185074612,0.0015484558315769909,21.0,0.7070833333333333,4200.0,0.0007311557788944724,0.00010498334695576947
3328.2525336327376,17.006586638346832,1.46057238481728,-8262.991366735514,0.0015373452638185328,22.0,0.7070833333333333,4200.0,0.00076597272074659,0.00010998255395366323
3445.8301237972087,16.241451112483976,1.3997607044605547,-8524.903919150842,0.0015263122741131694,23.0,0.7070833333333333,4200.0,0.000796661880832735,0.00011498176095155704
3560.018996112908,15.631016092482696,0.08026316092830374,-8778.375573421385,0.001515745133969035,24.0,0.7070833333333333,4200.0,0.0008312993539124192,0.00011998096794945082
3672.9990632830536,14.997238610929838,0.0790469713856632,-9028.496267253853,0.0015052643440110933,25.0,0.7070833333333333,4200.0,0.0008659368269921034,0.00012498017494734457
3783.980944705176,14.401270183721836,0.07557205184664574,-9274.292745934545,0.001494975468700717,26.0,0.7070833333333333,4200.0,0.0009005743000717874,0.00012997938194523836
3892.4956500501144,13.948241298222575,0.07456500860888003,-9513.94272185053,0.0014850867664316656,27.0,0.7070833333333333,4200.0,0.0009352117731514715,0.00013497858894313217
3999.7112447757295,13.451158946020785,0.0684479817340401,-9749.927768365225,0.0014752675032052743,28.0,0.7070833333333333,4200.0,0.0009698492462311557,0.00013997779594102596
4106.760942188452,12.941203646032616,0.06614496031618984,-9986.359871927707,0.0014654260643666237,29.0,0.7070833333333333,4200.0,0.0010044867193108398,0.00014497700293891971
4210.051419643673,12.570369131158179,0.06785483660689537,-10213.586260155324,0.0014560431669439352,30.0,0.7070833333333333,4200.0,0.0010391241923905239,0.0001499762099368135
0.0,0.0,0.0,-2.1237246499294997,0.0016135110910450523,0.0,0.7474999999999999,4250.0,0.0,
192.3666974304005,44.36240558136138,0.7802228235140323,-581.283056843873,0.0015975371114445986,1.0,0.7474999999999999,4250.0,3.5534816941852114e-05,4.9992069978937835e-06
364.5389431412027,61.794773912614886,0.8668399061701044,-1086.006621066459,0.0015824521518560646,2.0,0.7474999999999999,4250.0,7.071069633883703e-05,9.998413995787567e-06
525.5476072036157,65.80622366298225,0.8732466815270095,-1540.269978823817,0.0015680232167902721,3.0,0.7474999999999999,4250.0,0.00010606604450825557,1.4997620993681352e-05
679.3560276014683,62.814677873552874,1.0543615262318933,-1958.4378498343285,0.0015453656706722696,4.0,0.7474999999999999,4200.0,0.00014142139267767407,1.9996827991575134e-05
827.8731378280011,56.33598125739174,1.2723222334508266,-2349.36002037867,0.0015321624243307972,5.0,0.7474999999999999,4200.0,0.00017587939698492463,2.4996034989468922e-05
972.106848496296,48.86552817814594,1.1917561529431329,-2718.6581218932843,0.0015194156943317378,6.0,0.7474999999999999,4200.0,0.00021105527638190955,2.9995241987362704e-05
1112.7377781753248,42.67469986254596,1.387361868337577,-3070.72428668505,0.0015070434025417376,7.0,0.7474999999999999,4200.0,0.00024623115577889447,3.499444898525649e-05
1250.1096170841442,37.90452046795106,1.5640718529815205,-3408.030390340995,0.0014950652664464845,8.0,0.7474999999999999,4200.0,0.00028140703517587936,3.999365598315027e-05
1384.4403126068444,34.06024840285485,1.2666166149720888,-3733.1410447011076,0.0014834037540706843,9.0,0.7474999999999999,4200.0,0.0003165829145728643,4.499286298104405e-05
1516.299718133724,30.855861290839034,1.3659044940268268,-4047.8860309040756,0.0014720260260506855,10.0,0.7474999999999999,4200.0,0.0003499641062455133,4.9992069978937845e-05
1645.0112342250127,28.320917005004073,1.4933151968978,-4352.394719193988,0.001461019018358884,11.0,0.7474999999999999,4200.0,0.0003849605168700646,5.4991276976831616e-05
1771.6131834181797,26.059294561565178,0.9678914965934171,-4648.997878103815,0.0014502212719269586,12.0,0.7474999999999999,4200.0,0.0004199569274946159,5.999048397472541e-05
1895.5426083975885,24.211187254954282,0.9877618993810423,-4936.953923257213,0.0014397599138144693,13.0,0.7474999999999999,4200.0,0.00045495333811916723,6.498969097261918e-05
2017.2612763500726,22.569248510465748,1.0002881620278872,-5218.057326473339,0.0014295248703064146,14.0,0.7474999999999999,4200.0,0.0004899497487437187,6.998889797051298e-05
2136.897820637684,21.167975865074908,2.109621396746877,-5492.8452494469675,0.0014195308949885973,15.0,0.7474999999999999,4200.0,0.0005249461593682699,7.498810496840675e-05
2254.361442949776,19.873776295620516,2.2283968534484755,-5761.871765695672,0.001409717374164579,16.0,0.7474999999999999,4200.0,0.0005570710696338836,7.998731196630054e-05
2369.4076068525387,18.779660057105346,2.3174299782694234,-6024.226156398698,0.0014001867332238632,17.0,0.7474999999999999,4200.0,0.0005918880114860014,8.498651896419432e-05
2482.7368543543444,17.726143050378553,2.3712712235724758,-6281.916259835001,0.0013907986081489524,18.0,0.7474999999999999,4200.0,0.0006267049533381191,8.99857259620881e-05
2593.8592444009096,16.881233549513052,1.3494176082767064,-6533.031803874837,0.0013817193904772113,19.0,0.7474999999999999,4200.0,0.0006615218951902369,9.49849329599819e-05
2703.6637915495435,15.980798871669531,1.3326054619312755,-6781.207753081915,0.0013726793284382526,20.0,0.7474999999999999,4200.0,0.0006963388370423546,9.998413995787569e-05
2810.850797772385,15.297724602250538,1.325026011987797,-7022.5074017020015,0.0013639779404231605,21.0,0.7474999999999999,4200.0,0.0007311557788944724,0.00010498334695576947
2916.6225465881785,14.65286086049108,1.2917071361939736,-7260.283307191356,0.0013554109691298326,22.0,0.7474999999999999,4200.0,0.00076597272074659,0.00010998255395366323
3021.4456488715887,13.991181674266866,1.2388784188536324,-7495.728160343897,0.0013468903222633292,23.0,0.7474999999999999,4200.0,0.000796661880832735,0.00011498176095155704
3123.336319382342,13.464395259815433,0.06926250816190466,-7723.808124919167,0.0013387159084887995,24.0,0.7474999999999999,4200.0,0.0008312993539124192,0.00011998096794945082
3224.255986564867,12.918585578088368,0.0682488487380232,-7949.226815182483,0.0013305961443733937,25.0,0.7474999999999999,4200.0,0.0008659368269921034,0.00012498017494734457
3323.482005432025,12.40546819549062,0.06511940446284023,-8170.964703319252,0.0013226130575020778,26.0,0.7474999999999999,4200.0,0.0009005743000717874,0.00012997938194523836
3420.58793892294,12.013805448858303,0.06427500049703198,-8387.425874712135,0.0013149275027987007,27.0,0.7474999999999999,4200.0,0.0009352117731514715,0.00013497858894313217
3516.618967815422,11.586480711502196,0.059051132076631985,-8600.868307471399,0.0013072857411098953,28.0,0.7474999999999999,4200.0,0.0009698492462311557,0.00013997779594102596
3612.6019592857865,11.14528811200481,0.05709770001423617,-8814.890068527231,0.001299614942420265,29.0,0.7474999999999999,4200.0,0.0010044867193108398,0.00014497700293891971
3705.282571604937,10.826238392101173,0.058584387852766734,-9020.876904389144,0.0012922907744550096,30.0,0.7474999999999999,4200.0,0.0010391241923905239,0.0001499762099368135
0.0,0.0,0.0,-2.1237246499294997,0.0013506021787399447,0.0,0.7879166666666666,4250.0,0.0,
161.28781205814138,37.174095607579645,0.6544799664969634,-487.6955328793556,0.0013394183990916287,1.0,0.7879166666666666,4250.0,3.5534816941852114e-05,4.9992069978937835e-06
306.0420708901553,51.8238819222265,0.7283379061048241,-912.1772491081283,0.0013288275634703553,2.0,0.7879166666666666,4250.0,7.071069633883703e-05,9.998413995787567e-06
441.76225244065773,55.23132209657684,0.7349373780006518,-1295.3580029225195,0.0013186701768226256,3.0,0.7879166666666666,4250.0,0.00010606604450825557,1.4997620993681352e-05
571.7244390947907,52.76049985970829,0.8890665993915068,-1649.0181108921315,0.0013013941630150103,4.0,0.7879166666666666,4200.0,0.00014142139267767407,1.9996827991575134e-05
697.4937158448854,47.34988594506271,1.0749907584362073,-1980.5858842406742,0.0012920538159598306,5.0,0.7879166666666666,4200.0,0.00017587939698492463,2.4996034989468922e-05
819.8868119914995,41.08399106693446,1.0082757856823679,-2294.603484806008,0.0012830146653665844,6.0,0.7879166666666666,4200.0,0.00021105527638190955,2.9995241987362704e-05
939.4543467975601,35.87235667615484,1.1759020174384776,-2594.6876282574885,0.0012742204745039066,7.0,0.7879166666666666,4200.0,0.00024623115577889447,3.499444898525649e-05
1056.4635999168129,31.85802396901202,1.3279622681085588,-2882.8395213887125,0.0012656869499400208,8.0,0.7879166666666666,4200.0,0.00028140703517587936,3.999365598315027e-05
1171.0807959313515,28.62405922540735,1.0765711323951308,-3161.1826748817184,0.001257360533550537,9.0,0.7879166666666666,4200.0,0.0003165829145728643,4.499286298104405e-05
1283.7797876127904,25.927070165673683,1.1628697447055318,-3431.204918100295,0.0012492190388344155,10.0,0.7879166666666666,4200.0,0.0003499641062455133,4.9992069978937845e-05
1393.9574947547326,23.793526747461105,1.27298014864377,-3692.959341973583,0.0012413258796960221,11.0,0.7879166666666666,4200.0,0.0003849605168700646,5.4991276976831616e-05
1502.496991844436,21.892565183995895,0.8255321562780451,-3948.401562471692,0.0012335668819542748,12.0,0.7879166666666666,4200.0,0.0004199569274946159,5.999048397472541e-05
1608.8996492225413,20.336683021149515,0.8434870740219307,-4196.850353697133,0.0012260342189428688,13.0,0.7879166666666666,4200.0,0.00045495333811916723,6.498969097261918e-05
1713.549882504337,18.95696099112136,0.8554616811512661,-4439.81616307002,0.0012186499455489942,14.0,0.7879166666666666,4200.0,0.0004899497487437187,6.998889797051298e-05
1816.5538227271004,17.778215070752857,1.807877780065131,-4677.7249052736515,0.001211425252591299,15.0,0.7879166666666666,4200.0,0.0005249461593682699,7.498810496840675e-05
1917.8203903219844,16.688559516972827,1.9119799317313602,-4911.038156971954,0.0012043177055211737,16.0,0.7879166666666666,4200.0,0.0005570710696338836,7.998731196630054e-05
2017.1277104055732,15.768109893293609,1.9904761271347575,-5138.918564038104,0.0011974019468201224,17.0,0.7879166666666666,4200.0,0.0005918880114860014,8.498651896419432e-05
2115.0764714935676,14.883882081919396,2.038901983834711,-5363.101310499776,0.0011905774522201673,18.0,0.7879166666666666,4200.0,0.0006267049533381191,8.99857259620881e-05
2211.2279121463084,14.17340425074956,1.160690234118873,-5581.877498480237,0.001183965156540497,19.0,0.7879166666666666,4200.0,0.0006615218951902369,9.49849329599819e-05
2306.3602257526395,13.416699352959865,1.1473248388725241,-5798.461678752254,0.001177370366293423,20.0,0.7879166666666666,4200.0,0.0006963388370423546,9.998413995787569e-05
2399.319344953623,12.841220179856087,1.1418869212317955,-6009.296151523558,0.0011710110483446397,21.0,0.7879166666666666,4200.0,0.0007311557788944724,0.00010498334695576947
2491.155821362176,12.299847387527146,1.1140847043296722,-6217.337339577447,0.0011647393042085504,22.0,0.7879166666666666,4200.0,0.00076597272074659,0.00010998255395366323
2582.2757450068348,11.743041111194968,1.0694090224912016,-6423.673845050907,0.0011584913251890352,23.0,0.7879166666666666,4200.0,0.000796661880832735,0.00011498176095155704
2670.9282296767055,11.300523351567122,0.058234764444955615,-6623.762721775667,0.0011524870962074186,24.0,0.7879166666666666,4200.0,0.0008312993539124192,0.00011998096794945082
2758.83259919548,10.842739555585874,0.057412152395673544,-6821.836650939986,0.0011465138944359628,25.0,0.7879166666666666,4200.0,0.0008659368269921034,0.00012498017494734457
2845.3467954315693,10.411192385460732,0.05469860357552477,-7016.879692074726,0.0011406321080188152,26.0,0.7879166666666666,4200.0,0.0009005743000717874,0.00012997938194523836
2930.0904549796237,10.081317154693732,0.05398313319769838,-7207.529273464352,0.0011349597405251471,27.0,0.7879166666666666,4200.0,0.0009352117731514715,0.00013497858894313217
3013.978482094647,9.723404865635752,0.049636288514744845,-7395.784779484013,0.0011293120080737953,28.0,0.7879166666666666,4200.0,0.0009698492462311557,0.00013997779594102596
3097.9132721372284,9.351550119948751,0.048021947928318924,-7584.719547122993,0.0011236338566352217,29.0,0.7879166666666666,4200.0,0.0010044867193108398,0.00014497700293891971
3179.027879197016,9.084108665289444,0.04928115710214605,-7766.8351306414115,0.0011182039913717702,30.0,0.7879166666666666,4200.0,0.0010391241923905239,0.0001499762099368135
0.0,0.0,0.0,-2.1237246499294997,0.0010895008684735736,0.0,0.8283333333333333,4250.0,0.0,
130.3156442671214,30.018638387876166,0.5290684871059038,-394.43405462172086,0.0010822291890562321,1.0,0.8283333333333333,4250.0,3.5534816941852114e-05,4.9992069978937835e-06
247.59412984226068,41.88323898010478,0.5897437212264062,-738.446094411207,0.0010753240971949191,2.0,0.8283333333333333,4250.0,7.071069633883703e-05,9.998413995787567e-06
357.83749687811587,44.672557967074134,0.5960399499492375,-1049.9047140425173,0.0010686841139864102,3.0,0.8283333333333333,4250.0,0.00010606604450825557,1.4997620993681352e-05
463.65649552183544,42.70374211382676,0.7224414189103656,-1338.1628512181196,0.0010622639427599,4.0,0.8283333333333333,4250.0,0.00014142139267767407,1.9996827991575134e-05
566.2914941524426,38.34932889122284,0.8752996617134013,-1609.079810844938,0.0010499864437155029,5.0,0.8283333333333333,4200.0,0.00017587939698492463,2.4996034989468922e-05
666.3781590610599,33.28486217363554,0.8221010102650741,-1866.3703888085802,0.0010440344488488165,6.0,0.8283333333333333,4200.0,0.00021105527638190955,2.9995241987362704e-05
764.346129794001,29.05836861427101,0.9605626794552448,-2112.836080543333,0.001038230300374081,7.0,0.8283333333333333,4200.0,0.00024623115577889447,3.499444898525649e-05
860.3949224396937,25.802063473229374,1.086695674045661,-2350.0382381097515,0.001032585354763,8.0,0.8283333333333333,4200.0,0.00028140703517587936,3.999365598315027e-05
954.6474044003343,23.179415818182978,0.8819664016907868,-2579.672339128316,0.001027065213215399,9.0,0.8283333333333333,4200.0,0.0003165829145728643,4.499286298104405e-05
1047.4801487976001,20.99201742784511,0.9542788385400173,-2802.9035988310497,0.0010216559508748407,10.0,0.8283333333333333,4200.0,0.0003499641062455133,4.9992069978937845e-05
1138.3801715767527,19.263007023846068,1.0460453701004717,-3019.7310982877534,0.0010164004003458897,11.0,0.8283333333333333,4200.0,0.0003849605168700646,5.4991276976831616e-05
1228.0713670347168,17.721951536385674,0.6787640615021293,-3231.736386168792,0.0010112235736342591,12.0,0.8283333333333333,4200.0,0.0004199569274946159,5.999048397472541e-05
1316.1259667216698,16.460274026569717,0.6943967047727378,-3438.3212751875326,0.0010061874412969458,13.0,0.8283333333333333,4200.0,0.00045495333811916723,6.498969097261918e-05
1402.8573824110415,15.342873564904943,0.7053451754458454,-3640.7113600051307,0.001001240733879148,14.0,0.8283333333333333,4200.0,0.0004899497487437187,6.998889797051298e-05
1488.3451181809344,14.387167379763715,1.493801184193149,-3839.231836871855,0.0009963912390501422,15.0,0.8283333333333333,4200.0,0.0005249461593682699,7.498810496840675e-05
1572.5068022694347,13.503044078636886,1.58182995781082,-4034.2531617402346,0.0009916113614663977,16.0,0.8283333333333333,4200.0,0.0005570710696338836,7.998731196630054e-05
1655.1468952470525,12.756888162157024,1.648610753858206,-4225.03679944999,0.0009869516016567112,17.0,0.8283333333333333,4200.0,0.0005918880114860014,8.498651896419432e-05
1736.763188553093,12.04176889568781,1.6906329865145808,-4413.030020328522,0.0009823450168767011,18.0,0.8283333333333333,4200.0,0.0006267049533381191,8.99857259620881e-05
1816.9784732044707,11.46612218564122,0.962825252724858,-4596.7614414990385,0.0009778732086921371,19.0,0.8283333333333333,4200.0,0.0006615218951902369,9.49849329599819e-05
1896.4481694768842,10.853328805463018,0.9527111893452339,-4778.969033866473,0.0009734057205453426,20.0,0.8283333333333333,4200.0,0.0006963388370423546,9.998413995787569e-05
1974.1842353258392,10.386192754108368,0.9491553535516063,-4956.5615522932785,0.0009690897553917461,21.0,0.8283333333333333,4200.0,0.0007311557788944724,0.00010498334695576947
2051.075383179609,9.948274089089901,0.9268587190957699,-5132.0517095483665,0.0009648258222583646,22.0,0.8283333333333333,4200.0,0.00076597272074659,0.00010998255395366323
2127.4567743222347,9.49794185478398,0.8904920894855386,-5306.39386612986,0.0009605710746960698,23.0,0.8283333333333333,4200.0,0.000796661880832735,0.00011498176095155704
2201.844985930993,9.139475413781794,0.047181048499282875,-5475.642276381754,0.0009564752620897629,24.0,0.8283333333333333,4200.0,0.0008312993539124192,0.00011998096794945082
2275.689544035483,8.76871736032071,0.04653822569220589,-5643.466378117751,0.0009523941936706057,25.0,0.8283333333333333,4200.0,0.0008659368269921034,0.00012498017494734457
2348.439948413613,8.419019475136727,0.04437485202308379,-5808.903713958018,0.0009483692315570219,26.0,0.8283333333333333,4200.0,0.0009005743000717874,0.00012997938194523836
2419.7736190048777,8.151739976061258,0.04368999162418026,-5970.834403770852,0.0009444807790100946,27.0,0.8283333333333333,4200.0,0.0009352117731514715,0.00013497858894313217
2490.456927169924,7.862458860335077,0.040204335301779,-6130.965582332356,0.0009406037290000417,28.0,0.8283333333333333,4200.0,0.0009698492462311557,0.00013997779594102596
2561.261311592917,7.56104220136666,0.038918792475357615,-6291.829605933584,0.0009366994629157095,29.0,0.8283333333333333,4200.0,0.0010044867193108398,0.00014497700293891971
2629.744222683639,7.344470279105119,0.03994633680284585,-6447.128079856571,0.0009329600894582136,30.0,0.8283333333333333,4200.0,0.0010391241923905239,0.0001499762099368135
0.0,0.0,0.0,-2.1237246499294997,0.0008301791480712209,0.0,0.8687499999999999,4250.0,0.0,
99.4492623324791,22.895966010512375,0.40396216374283234,-301.4955813603301,0.0008259608792706763,1.0,0.8687499999999999,4250.0,3.5534816941852114e-05,4.9992069978937835e-06
189.19251679912105,31.97103189817223,0.4509981088468389,-564.8142790901038,0.0008219444097674057,2.0,0.8687499999999999,4250.0,7.071069633883703e-05,9.998413995787567e-06
273.77060824141984,34.12519221546954,0.4565472506902608,-803.9155898993558,0.000818072074470252,3.0,0.8687499999999999,4250.0,0.00010606604450825557,1.4997620993681352e-05
355.15081987877,32.64611388148015,0.5544607424637267,-1025.8262184466366,0.0008143184663568827,4.0,0.8687499999999999,4250.0,0.00014142139267767407,1.9996827991575134e-05
434.2578849509924,29.33506170216798,0.6731718630355862,-1234.9352876629637,0.0008106679822051512,5.0,0.8687499999999999,4250.0,0.00017587939698492463,2.4996034989468922e-05
511.5631826124227,25.468704269154536,0.6331456304687293,-1433.976749928086,0.0008071181860771121,6.0,0.8687499999999999,4250.0,0.00021105527638190955,2.9995241987362704e-05
587.3821414347076,22.231210691333953,0.7411978715000318,-1625.1205847317033,0.000799046700450383,7.0,0.8687499999999999,4200.0,0.00024623115577889447,3.499444898525649e-05
661.8548876160188,19.736248405054916,0.8400517827592383,-1809.5362626080387,0.0007957157702640975,8.0,0.8687499999999999,4200.0,0.00028140703517587936,3.999365598315027e-05
735.0671860296962,17.7274144010505,0.6825826501404716,-1988.4646448013445,0.0007924513309721784,9.0,0.8687499999999999,4200.0,0.0003165829145728643,4.499286298104405e-05
807.3012785132896,16.053201239019053,0.7398391345510045,-2162.768039805007,0.000789245525047904,10.0,0.8687499999999999,4200.0,0.0003499641062455133,4.9992069978937845e-05
878.1474702238021,14.728777632516309,0.8121285988334481,-2332.4126153409816,0.0007861241336449273,11.0,0.8687499999999999,4200.0,0.0003849605168700646,5.4991276976831616e-05
948.1643506724703,13.548452931242585,0.5273106612446108,-2498.6071647009303,0.0007830431854396205,12.0,0.8687499999999999,4200.0,0.0004199569274946159,5.999048397472541e-05
1017.0079173543251,12.58317685297723,0.5401663694570079,-2660.8587511933583,0.0007800398170605396,13.0,0.8687499999999999,4200.0,0.00045495333811916723,6.498969097261918e-05
1084.9195535978247,11.727461279419762,0.5495644534195187,-2820.107415974635,0.0007770839157688283,14.0,0.8687499999999999,4200.0,0.0004899497487437187,6.998889797051298e-05
1151.9548309592255,10.99563137497294,1.1664645083482281,-2976.5870319928,0.0007741802889991443,15.0,0.8687499999999999,4200.0,0.0005249461593682699,7.498810496840675e-05
1218.043955090665,10.318701509199927,1.2368591770098187,-3130.5793232073192,0.0007713128954495094,16.0,0.8687499999999999,4200.0,0.0005570710696338836,7.998731196630054e-05
1283.0258451484951,9.748082937239259,1.2905985396467796,-3281.4716216968154,0.0007685121992104131,17.0,0.8687499999999999,4200.0,0.0005918880114860014,8.498651896419432e-05
1347.2891038450418,9.200643072136172,1.3250849256266297,-3430.4041634787136,0.0007657384360129132,18.0,0.8687499999999999,4200.0,0.0006267049533381191,8.99857259620881e-05
1410.5283007374574,8.760164184279875,0.7549959785336133,-3576.183498148617,0.0007630406661848234,19.0,0.8687499999999999,4200.0,0.0006615218951902369,9.49849329599819e-05
1473.2660612716018,8.291499387000801,0.747883506570888,-3721.0124359580877,0.0007603408727603166,20.0,0.8687499999999999,4200.0,0.0006963388370423546,9.998413995787569e-05
1534.7024696860522,7.933388267513224,0.7458951892297613,-3862.356193472864,0.0007577277917180563,21.0,0.8687499999999999,4200.0,0.0007311557788944724,0.00010498334695576947
1595.5476888020798,7.598859890804019,0.7290612087823198,-4002.2328506376434,0.0007551416853429334,22.0,0.8687499999999999,4200.0,0.00076597272074659,0.00010998255395366323
1656.0669251598779,7.254912275331464,0.7011394972544603,-4141.434038628613,0.0007525567976732356,23.0,0.8687499999999999,4200.0,0.000796661880832735,0.00011498176095155704
1715.066559104867,6.9806976891471715,0.03610245392914665,-4276.7237014926795,0.0007500641076644166,24.0,0.8687499999999999,4200.0,0.0008312993539124192,0.00011998096794945082
1773.7052307437427,6.69712903789803,0.035628382843851544,-4411.104350826026,0.0007475764412295667,25.0,0.8687499999999999,4200.0,0.0008659368269921034,0.00012498017494734457
1831.5379590173782,6.429516653982343,0.033999456681310485,-4543.726988215007,0.0007451190123950476,26.0,0.8687499999999999,4200.0,0.0009005743000717874,0.00012997938194523836
1888.3039034827898,6.225907702618154,0.0333961455841037,-4673.723928073807,0.0007427406800854644,27.0,0.8687499999999999,4200.0,0.0009352117731514715,0.00013497858894313217
1944.6113127089588,6.0041786131349255,0.030756135392206528,-4802.470279855494,0.0007403658744505585,28.0,0.8687499999999999,4200.0,0.0009698492462311557,0.00013997779594102596
2001.083015853971,5.774247222077798,0.029789296795806552,-4931.938987614143,0.0007379704532872221,29.0,0.8687499999999999,4200.0,0.0010044867193108398,0.00014497700293891971
2055.752235492301,5.607820207237293,0.03058109219392718,-5057.128861903126,0.0007356725250569809,30.0,0.8687499999999999,4200.0,0.0010391241923905239,0.0001499762099368135
0.0,0.0,0.0,-2.1237246499294997,0.0005726096990153039,0.0,0.9091666666666666,4250.0,0.0,
68.68658921996375,15.804906312593426,0.2791434816573695,-208.87713188064663,0.0005706050482977464,1.0,0.9091666666666666,4250.0,3.5534816941852114e-05,4.9992069978937835e-06
130.8367026259771,22.08565480374515,0.31212884898353055,-391.282965751976,0.000568691203773006,2.0,0.9091666666666666,4250.0,7.071069633883703e-05,9.998413995787567e-06
189.56187266958224,23.593061414673436,0.31645248101358364,-557.3961551330431,0.0005668412860285425,3.0,0.9091666666666666,4250.0,0.00010606604450825557,1.4997620993681352e-05
246.20239603099347,22.585645059811377,0.3850987106278362,-711.9959990796269,0.000565043616147869,4.0,0.9091666666666666,4250.0,0.00014142139267767407,1.9996827991575134e-05
301.3843321776872,20.30799459342021,0.46854473528000656,-858.0639597956397,0.000563291086033091,5.0,0.9091666666666666,4250.0,0.00017587939698492463,2.4996034989468922e-05
355.42425827602557,17.6372308258108,0.44131933319726524,-997.4503657606401,0.0005615828364046309,6.0,0.9091666666666666,4250.0,0.00021105527638190955,2.9995241987362704e-05
408.53123076878387,15.391857882862093,0.5176534426871937,-1131.6172736154258,0.0005599097485488044,7.0,0.9091666666666666,4250.0,0.00024623115577889447,3.499444898525649e-05
460.79447733812924,13.662097316796109,0.5877949352454137,-1261.330962130858,0.0005582755332563819,8.0,0.9091666666666666,4250.0,0.00028140703517587936,3.999365598315027e-05
512.266586892029,12.270130626723269,0.4781853027264581,-1387.4653436955414,0.0005566704083377483,9.0,0.9091666666666666,4250.0,0.0003165829145728643,4.499286298104405e-05
563.1424223712764,11.109420418362568,0.5192349110112684,-1510.6001686262607,0.000555091039025807,10.0,0.9091666666666666,4250.0,0.0003499641062455133,4.9992069978937845e-05
613.1226539909936,10.191258409572413,0.5708321909581019,-1630.7084027206947,0.000550379070280804,11.0,0.9091666666666666,4200.0,0.0003849605168700646,5.4991276976831616e-05
662.5992121941968,9.37329174565797,0.37086950610303837,-1748.6188332942838,0.0005488772672616507,12.0,0.9091666666666666,4200.0,0.0004199569274946159,5.999048397472541e-05
711.324719917037,8.704761887403029,0.380439005037468,-1863.9527419089136,0.0005474102755894178,13.0,0.9091666666666666,4200.0,0.00045495333811916723,6.498969097261918e-05
759.4630663990539,8.111713078375312,0.3877048975462146,-1977.3630292591333,0.0005459635998951634,14.0,0.9091666666666666,4200.0,0.0004899497487437187,6.998889797051298e-05
807.0524797500703,7.604567527657646,0.8248388623633195,-2089.0015863650406,0.0005445396554416758,15.0,0.9091666666666666,4200.0,0.0005249461593682699,7.498810496840675e-05
854.038336390578,7.1360670187499,0.8758543258669927,-2199.0628008876956,0.0005431307928736437,16.0,0.9091666666666666,4200.0,0.0005570710696338836,7.998731196630054e-05
900.3019030260742,6.740698065915124,0.9150525704109529,-2307.089275496255,0.0005417520404616229,17.0,0.9091666666666666,4200.0,0.0005918880114860014,8.498651896419432e-05
946.1183518133843,6.361368181531114,0.9407049457897686,-2413.8942507283864,0.0005403840481675807,18.0,0.9091666666666666,4200.0,0.0006267049533381191,8.99857259620881e-05
991.2625962175867,6.056361515236931,0.5362639200175497,-2518.6020173484867,0.0005390509892438598,19.0,0.9091666666666666,4200.0,0.0006615218951902369,9.49849329599819e-05
1036.1115324455254,5.732013709913235,0.5318371533956586,-2622.8172305995613,0.0005377146189942091,20.0,0.9091666666666666,4200.0,0.0006963388370423546,9.998413995787569e-05
1080.083228594978,5.483855796794469,0.5310343762366327,-2724.6621970203123,0.0005364187275557198,21.0,0.9091666666666666,4200.0,0.0007311557788944724,0.00010498334695576947
1123.6881149142334,5.252349612894426,0.519578140439375,-2825.6041348346334,0.0005351339319215891,22.0,0.9091666666666666,4200.0,0.00076597272074659,0.00010998255395366323
1167.1155470596177,5.0146457775931355,0.5002095613264477,-2926.235974101168,0.0005338475569184342,23.0,0.9091666666666666,4200.0,0.000796661880832735,0.00011498176095155704
1209.4988858040665,4.82483911637849,0.025000049633595346,-3024.157388132211,0.0005326048771967804,24.0,0.9091666666666666,4200.0,0.0008312993539124192,0.00011998096794945082
1251.6762477076609,4.628578471996602,0.024683909410437768,-3121.592142509624,0.0005313626875629655,25.0,0.9091666666666666,4200.0,0.0008659368269921034,0.00012498017494734457
1293.3197813335594,4.44325888810886,0.0235739779901691,-3217.8689653204783,0.0005301335761610955,26.0,0.9091666666666666,4200.0,0.0009005743000717874,0.00012997938194523836
1334.2417181258909,4.302893602029228,0.023102150050978716,-3312.3800592851912,0.0005289418737726877,27.0,0.9091666666666666,4200.0,0.0009352117731514715,0.00013497858894313217
1374.8776554369774,4.149106983994466,0.021292530844415597,-3406.1273019094006,0.0005277501729352745,28.0,0.9091666666666666,4200.0,0.0009698492462311557,0.00013997779594102596
1415.6817549111395,3.990383205077685,0.02063449921769678,-3500.5039540757716,0.0005265461085207273,29.0,0.9091666666666666,4200.0,0.0010044867193108398,0.00014497700293891971
1455.2227015221338,3.8746606252026083,0.021186561800015324,-3591.9128400559784,0.0005253891552164565,30.0,0.9091666666666666,4200.0,0.0010391241923905239,0.0001499762099368135
0.0,0.0,0.0,-2.1237246499294997,0.00031676587762465415,0.0,0.9495833333333332,4250.0,0.0,
38.02646517482776,8.74514942304641,0.1546088330464051,-116.57578322137852,0.00031615344768805336,1.0,0.9495833333333332,4250.0,3.5534816941852114e-05,4.9992069978937835e-06
72.52718024517478,12.229926210299194,0.1731886919274349,-217.85340712152538,0.0003155672220573564,2.0,0.9495833333333332,4250.0,7.071069633883703e-05,9.998413995787567e-06
105.2097688347774,13.073937334001057,0.1757983433357079,-310.3519781314244,0.00031499913855647223,3.0,0.9495833333333332,4250.0,0.00010606604450825557,1.4997620993681352e-05
136.8081078401003,12.524543241427699,0.21432866553090524,-396.6782257795494,0.0003144457364075309,4.0,0.9495833333333332,4250.0,0.00014142139267767407,1.9996827991575134e-05
167.66308652250012,11.2691922446303,0.2613532117873336,-478.4561058233885,0.0003139049358479488,5.0,0.9495833333333332,4250.0,0.00017587939698492463,2.4996034989468922e-05
197.9437524582799,9.789768048084072,0.24652730812715262,-556.689737051478,0.00031337656141112373,6.0,0.9495833333333332,4250.0,0.00021105527638190955,2.9995241987362704e-05
227.76192286847822,8.54186331528202,0.28976646734787764,-632.1756369643626,0.00031285787579174413,7.0,0.9495833333333332,4250.0,0.00024623115577889447,3.499444898525649e-05
257.16304810869923,7.580307661248701,0.3296923071252862,-705.323351209714,0.0003123500970246462,8.0,0.9495833333333332,4250.0,0.00028140703517587936,3.999365598315027e-05
286.1725367826712,6.806802785227411,0.26852510838338933,-776.610635636971,0.00031185025952492425,9.0,0.9495833333333332,4250.0,0.0003165829145728643,4.499286298104405e-05
314.8975372758535,6.161773252259099,0.29212538502050983,-846.3538525913827,0.000311357376755214,10.0,0.9495833333333332,4250.0,0.0003499641062455133,4.9992069978937845e-05
343.1653179075353,5.651562560917178,0.3216922888156193,-914.5063035143539,0.0003108754784527014,11.0,0.9495833333333332,4250.0,0.0003849605168700646,5.4991276976831616e-05
371.19632956234585,5.197665409813803,0.2091084853179139,-981.5419538290225,0.0003103979808308299,12.0,0.9495833333333332,4250.0,0.0004199569274946159,5.999048397472541e-05
398.84535528961925,4.826084989632604,0.21482002426724175,-1047.2379296951694,0.0003099304895602196,13.0,0.9495833333333332,4250.0,0.00045495333811916723,6.498969097261918e-05
426.20430069872657,4.496705128679435,0.2193056025031766,-1111.9602934966824,0.00030946862669484296,14.0,0.9495833333333332,4250.0,0.0004899497487437187,6.998889797051298e-05
453.2936255172992,4.214966611085187,0.46777779975861694,-1175.7879169146909,0.00030901316548730584,15.0,0.9495833333333332,4250.0,0.0005249461593682699,7.498810496840675e-05
480.07943799170374,3.955081751780082,0.4974560621615237,-1238.8284644810192,0.0003085617461863398,16.0,0.9495833333333332,4250.0,0.0005570710696338836,7.998731196630054e-05
506.4908399915417,3.7355198089891704,0.5204130271801801,-1300.809262522991,0.0003081191627786667,17.0,0.9495833333333332,4250.0,0.0005918880114860014,8.498651896419432e-05
532.6856751545795,3.5248579069060875,0.535731954925676,-1362.1958188052813,0.00030767930711459563,18.0,0.9495833333333332,4250.0,0.0006267049533381191,8.99857259620881e-05
558.5315668357695,3.3555852296608597,0.3055584606283035,-1422.4742230012052,0.00030724988123596284,19.0,0.9495833333333332,4250.0,0.0006615218951902369,9.49849329599819e-05
584.24567022137,3.1756830957589646,0.30342012463629064,-1482.5803326803289,0.0003068185364838891,20.0,0.9495833333333332,4250.0,0.0006963388370423546,9.998413995787569e-05
609.4868765547798,3.0382177527323435,0.3033366237299185,-1541.4024735417188,0.00030639946279931835,21.0,0.9495833333333332,4250.0,0.0007311557788944724,0.00010498334695576947
634.5516625835406,2.9094816292049384,0.2971191062424208,-1599.8071899655552,0.0003042265609408363,22.0,0.9495833333333332,4200.0,0.00076597272074659,0.00010998255395366323
659.5484747790063,2.7778321243911948,0.28637263327633383,-1658.1415921295484,0.00030381509894899654,23.0,0.9495833333333332,4200.0,0.000796661880832735,0.00011498176095155704
683.9724736051518,2.67253811291873,0.013874880226293077,-1714.975954358837,0.00030341690442622026,24.0,0.9495833333333332,4200.0,0.0008312993539124192,0.00011998096794945082
708.3093282303545,2.563675970479415,0.013706062764181095,-1771.6299701748576,0.0003030182107285096,25.0,0.9495833333333332,4200.0,0.0008659368269921034,0.00012498017494734457
732.3661354862579,2.4608276801974465,0.013099944107737538,-1827.6815996090663,0.0003026230580929778,26.0,0.9495833333333332,4200.0,0.0009005743000717874,0.00012997938194523836
756.0346273433407,2.383272363166656,0.01280854543338917,-1882.790220203795,0.0003022392325781779,27.0,0.9495833333333332,4200.0,0.0009352117731514715,0.00013497858894313217
779.564696553081,2.2977921521736167,0.01181434322286062,-1937.5406723978667,0.0003018548282884877,28.0,0.9495833333333332,4200.0,0.0009698492462311557,0.00013997779594102596
803.2226116551371,2.2099800678621526,0.01145541373583291,-1992.7226986029418,0.0003014657744767554,29.0,0.9495833333333332,4200.0,0.0010044867193108398,0.00014497700293891971
826.1707544560726,2.14567264352411,0.011763857916104252,-2046.2605647151067,0.00030109132075788273,30.0,0.9495833333333332,4200.0,0.0010391241923905239,0.0001499762099368135
0.0,0.0,0.0,-2.1237246499294997,6.262169267871004e-05,0.0,0.99,4250.0,0.0,
7.46775682539286,1.7163924578861007,0.030354707033482864,-24.58867197845393,6.259799509203069e-05,1.0,0.99,4250.0,3.5534816941852114e-05,4.9992069978937835e-06
14.261261208082367,2.4022096995517233,0.0340681378244717,-44.52688634546212,6.257525276509075e-05,2.0,0.99,4250.0,7.071069633883703e-05,9.998413995787567e-06
20.71322756210339,2.5699179931112517,0.034638978783173624,-62.78900955204881,6.255315913956594e-05,3.0,0.99,4250.0,0.00010606604450825557,1.4997620993681352e-05
26.96616206607269,2.4635999645393483,0.04232101827624766,-79.87933368163067,6.253158413447574e-05,4.0,0.99,4250.0,0.00014142139267767407,1.9996827991575134e-05
33.08570111921177,2.2179909777575104,0.05171241064349506,-96.11166579031851,6.251045038902718e-05,5.0,0.99,4250.0,0.00017587939698492463,2.4996034989468922e-05
39.10403582720059,1.9272333797348933,0.04884122172381939,-111.67935225894325,6.24897542007207e-05,6.0,0.99,4250.0,0.00021105527638190955,2.9995241987362704e-05
45.04255894588053,1.6809642178015853,0.057521325064766676,-126.73634974147717,6.246939145727567e-05,7.0,0.99,4250.0,0.00024623115577889447,3.499444898525649e-05
50.909445616411176,1.4912092491408246,0.06557797688374586,-141.3602935758172,6.244941238886082e-05,8.0,0.99,4250.0,0.00028140703517587936,3.999365598315027e-05
56.709050777254134,1.338649501136568,0.053463018135103034,-155.64389048968587,6.242970292475383e-05,9.0,0.99,4250.0,0.0003165829145728643,4.499286298104405e-05
62.462326493547714,1.2115149357718369,0.058262873080493806,-169.64848406866804,6.241022589624407e-05,10.0,0.99,4250.0,0.0003499641062455133,4.9992069978937845e-05
68.13369172836245,1.1109610239467766,0.06426705329838212,-183.36100582958898,6.239114226795403e-05,11.0,0.99,4250.0,0.0003849605168700646,5.4991276976831616e-05
73.76716882405802,1.0215017604438246,0.04176662254647048,-196.87681959442125,6.23721941133715e-05,12.0,0.99,4250.0,0.0004199569274946159,5.999048397472541e-05
79.33302899087614,0.9482403177934722,0.04296640407245831,-210.14796221162396,6.235360476697523e-05,13.0,0.99,4250.0,0.00045495333811916723,6.498969097261918e-05
84.84939790522243,0.8834571700731072,0.04393634373360887,-223.24737748070038,6.233520245170052e-05,14.0,0.99,4250.0,0.0004899497487437187,6.998889797051298e-05
90.32013496030346,0.8279417004271438,0.09406351905204435,-236.18961956918065,6.231701844724096e-05,15.0,0.99,4250.0,0.0005249461593682699,7.498810496840675e-05
95.7378962482304,0.7767303712257729,0.1001881086381308,-248.99585615455726,6.229896111278144e-05,16.0,0.99,4250.0,0.0005570710696338836,7.998731196630054e-05
101.08785561069726,0.7334972243899389,0.10495616793399275,-261.60869866384746,6.228122271082889e-05,17.0,0.99,4250.0,0.0005918880114860014,8.498651896419432e-05
106.40163599233118,0.6920727797395655,0.10819791083554361,-274.1226458314195,6.226356093782048e-05,18.0,0.99,4250.0,0.0006267049533381191,8.99857259620881e-05
111.65207437659078,0.6587156175404486,0.06168492003490749,-286.43097692921583,6.224628434535598e-05,19.0,0.99,4250.0,0.0006615218951902369,9.49849329599819e-05
116.88350500331435,0.6233463394032455,0.061327972624871205,-298.7254594102342,6.222889991706455e-05,20.0,0.99,4250.0,0.0006963388370423546,9.998413995787569e-05
122.0252730704689,0.5963563080854575,0.06138447877712026,-310.7782947682135,6.221197760053273e-05,21.0,0.99,4250.0,0.0007311557788944724,0.00010498334695576947
127.13830673367373,0.5709817372416998,0.060186934893264356,-322.7603385294351,6.219515080816589e-05,22.0,0.99,4250.0,0.00076597272074659,0.00010998255395366323
132.2446287608627,0.545141365221251,0.05806978432641619,-334.74696921221766,6.217823930937412e-05,23.0,0.99,4250.0,0.000796661880832735,0.00011498176095155704
137.239974088249,0.5244381486296203,0.0027279664564189305,-346.4449786612022,6.216184351848434e-05,24.0,0.99,4250.0,0.0008312993539124192,0.00011998096794945082
142.22397359705937,0.5030376156169296,0.002696072560423748,-358.12263674504356,6.214540281024677e-05,25.0,0.99,4250.0,0.0008659368269921034,0.00012498017494734457
147.15654609000825,0.482809283113028,0.0025788513922369023,-369.69605877909635,6.212908270235187e-05,26.0,0.99,4250.0,0.0009005743000717874,0.00012997938194523836
152.01571783862047,0.4676238812047495,0.002515857847178482,-381.09066756482207,6.211319012128093e-05,27.0,0.99,4250.0,0.0009352117731514715,0.00013497858894313217
156.85220085795905,0.4507859041792847,0.00232237399755038,-392.4269180713527,6.209726274050318e-05,28.0,0.99,4250.0,0.0009698492462311557,0.00013997779594102596
161.7214005922065,0.43357173123134374,0.002253030472550179,-403.8717924751254,6.208111751883181e-05,29.0,0.99,4250.0,0.0010044867193108398,0.00014497700293891971
166.44960295340871,0.42096383767121837,0.0023140670999433313,-414.99251572378853,6.206554091058941e-05,30.0,0.99,4250.0,0.0010391241923905239,0.0001499762099368135
