CAPE_u,CAPE_ext,CAPE_dist,dh,sat_def,P,RH,dz,ent_b,ent_std
0.0,0.0,0.0,-2.628212131370674,0.009659155665531487,0.0,0.02,4300.0,0.0,
2118.3589116519925,134.82897889536076,24.539808187647154,-5310.616567970006,0.008521563545745264,1.0,0.02,4300.0,6.496769562096195e-05,3.5714285714285718e-06
3742.716502409748,69.60290693499098,13.076501831377923,-8420.373427264203,0.007571753864412293,2.0,0.02,4250.0,0.0001292175161521895,7.1428571428571436e-06
5148.396556111203,46.17782558427554,8.914014244677938,-10527.99355390841,0.00682420309467409,3.0,0.02,4250.0,0.0001927494615936827,1.0714285714285716e-05
6417.8304689435245,34.59422017716699,6.79234640469692,-12089.862115060227,0.00616933849735819,4.0,0.02,4200.0,0.00025556353194544146,1.4285714285714287e-05
7585.822455162147,27.663977244487786,5.471026637721361,-13319.889053518782,0.005636027693404039,5.0,0.02,4200.0,0.00031945441493180186,1.7857142857142862e-05
8671.017161562117,23.066576851767504,4.595081348948257,-14328.163914174693,0.005176024183108204,6.0,0.02,4200.0,0.00038119167264895906,2.142857142857143e-05
9685.41916690997,19.791312029299927,3.9615792361941553,-15179.972491298926,0.004761127413439968,7.0,0.02,4150.0,0.00044472361809045225,2.5000000000000008e-05
10638.329456826157,17.316639118357898,3.4662044215530043,-15915.197216733104,0.004411399562224622,8.0,0.02,4150.0,0.0005082555635319454,2.8571428571428574e-05
11536.159366753478,15.40058187272944,3.050024068048586,-16558.196239951656,0.004103298991649482,9.0,0.02,4150.0,0.0005685570710696339,3.214285714285715e-05
12384.706303373852,13.888292949848651,2.809020578790496,-17128.15476321079,0.0038285834276204343,10.0,0.02,4150.0,0.0006317300789662599,3.5714285714285724e-05
13189.0261326599,12.613090353813682,2.5032357373660514,-17636.764689022544,0.003575685813221023,11.0,0.02,4100.0,0.0006949030868628859,3.928571428571429e-05
13953.81735897581,11.605020020037776,2.355058629490277,-18096.44905440088,0.0033559182072206155,12.0,0.02,4100.0,0.0007537688442211055,4.285714285714286e-05
14680.856752860247,10.67756468353124,2.125799359815488,-18509.21533672302,0.003157716715321028,13.0,0.02,4100.0,0.0008165829145728642,4.642857142857143e-05
15373.906692798997,9.957674348097855,2.011309057261347,-18883.0142854851,0.002978480160034248,14.0,0.02,4100.0,0.0008793969849246232,5.0000000000000016e-05
16037.13128467446,9.30208144392184,1.8835921109957643,-19226.253627356644,0.002814868187332456,15.0,0.02,4100.0,0.0009422110552763818,5.357142857142858e-05
16671.051796953667,8.704053962967254,1.7306203332843302,-19534.009088911527,0.0026611047655088786,16.0,0.02,4050.0,0.0009992821249102655,5.714285714285715e-05
17278.51251006323,8.217802515045017,1.6499909814169587,-19819.835907164652,0.002524995393620623,17.0,0.02,4050.0,0.0010617372577171572,6.071428571428572e-05
17861.90528710242,7.774691619576357,1.5694091949802929,-20079.05822042431,0.002399575485353892,18.0,0.02,4050.0,0.0011241923905240488,6.42857142857143e-05
18423.615013898914,7.340797671020005,1.4593580208406605,-20315.165331690965,0.0022839845082720154,19.0,0.02,4050.0,0.0011866475233309403,6.785714285714287e-05
18962.96431348678,6.999055735390746,1.416812595792861,-20532.7524723562,0.0021771553233596373,20.0,0.02,4050.0,0.001249102656137832,7.142857142857145e-05
19482.748376504718,6.6754150556494265,1.351758753281201,-20731.188008620345,0.002075407901854792,21.0,0.02,4000.0,0.0013115577889447237,7.500000000000002e-05
19984.742091738204,6.350333781358006,1.2603874965672885,-20912.722042673817,0.001983613217960858,22.0,0.02,4000.0,0.001366116295764537,7.857142857142858e-05
20469.27831936692,6.099533031771464,1.2091583185551857,-21077.395040198895,0.001898226989186891,23.0,0.02,4000.0,0.0014282124910265613,8.214285714285721e-05
20936.897768435796,5.859430648785426,1.1830970752274301,-21229.806607626197,0.001819124123305407,24.0,0.02,4000.0,0.0014903086862885857,8.571428571428573e-05
21389.447281519977,5.620796905776977,1.1470741776730737,-21368.042855023094,0.0017451357444786839,25.0,0.02,4000.0,0.0015524048815506101,8.92857142857143e-05
21830.06793502433,5.395484384022687,1.0753749369620706,-21491.310390712093,0.001675281717225263,26.0,0.02,4000.0,0.0016145010768126343,9.285714285714286e-05
22253.091731610766,5.185107609583858,0.9969290654028742,-21607.146864937473,0.0016106558916225968,27.0,0.02,4000.0,0.0016765972720746587,9.642857142857143e-05
22663.997927758028,5.050050944138854,1.0092679551901196,-21712.708793618258,0.001548174886325226,28.0,0.02,3950.0,0.001728643216080402,0.00010000000000000003
23065.802023292406,4.868832392769146,0.9699713369352085,-21805.786312533182,0.0014906180202135778,29.0,0.02,3950.0,0.001790380473797559,0.00010357142857142859
23452.988811543153,4.688332433694103,0.9611724769410253,-21885.928964489278,0.0015104924922818334,30.0,0.02,4000.0,0.0018521177315147161,0.00010714285714285716
0.0,0.0,0.0,-2.628212131370674,0.009211635857417326,0.0,0.06041666666666666,4300.0,0.0,
2027.5605083624866,128.70544265117178,23.419184803631424,-5096.608406807762,0.008176434256843773,1.0,0.06041666666666666,4300.0,6.496769562096195e-05,3.5714285714285718e-06
3592.6254331480495,66.40144742597299,12.477581534228749,-8122.446376559979,0.007301769562132506,2.0,0.06041666666666666,4250.0,0.0001292175161521895,7.1428571428571436e-06
4953.602860206508,44.033414199862094,8.504654159579756,-10200.991435609656,0.006609860245186682,3.0,0.06041666666666666,4250.0,0.0001927494615936827,1.0714285714285716e-05
6187.123879891413,32.97931912677503,6.4797888146575096,-11759.923783658138,0.0059979751037358975,4.0,0.06041666666666666,4200.0,0.00025556353194544146,1.4285714285714287e-05
7325.30473380308,26.36893685772548,5.219708262388704,-13000.77370147768,0.005498093916694987,5.0,0.06041666666666666,4200.0,0.00031945441493180186,1.7857142857142862e-05
8385.237120421592,21.984312534291472,4.383088701892113,-14027.046690868854,0.005064636968971236,6.0,0.06041666666666666,4200.0,0.00038119167264895906,2.142857142857143e-05
9377.959076015146,18.860817782332887,3.7798674010484556,-14900.342878865747,0.0046856162840961495,7.0,0.06041666666666666,4200.0,0.00044472361809045225,2.5000000000000008e-05
10312.088106873172,16.50034804797859,3.306567827146373,-15659.084935395098,0.004338426847617244,8.0,0.06041666666666666,4150.0,0.0005082555635319454,2.8571428571428574e-05
11193.481119765354,14.673954248749412,2.90943363454677,-16326.375606012749,0.004044446338167036,9.0,0.06041666666666666,4150.0,0.0005685570710696339,3.214285714285715e-05
12027.57950804356,13.23176410802961,2.679836643789593,-16920.640932021364,0.003781442649006607,10.0,0.06041666666666666,4150.0,0.0006317300789662599,3.5714285714285724e-05
12819.086967901947,12.016389220789192,2.3873760258612173,-17452.88810271913,0.0035464208711629623,11.0,0.06041666666666666,4150.0,0.0006949030868628859,3.928571428571429e-05
13572.478641327967,11.0549876560501,2.2458196519792586,-17935.83428808709,0.003326348302151049,12.0,0.06041666666666666,4100.0,0.0007537688442211055,4.285714285714286e-05
14289.369092131641,10.170467138812935,2.027097207272416,-18371.26235104807,0.003134977205016931,13.0,0.06041666666666666,4100.0,0.0008165829145728642,4.642857142857143e-05
14973.28166462942,9.484452836420537,1.918587115166098,-18766.941453865336,0.002961504939145679,14.0,0.06041666666666666,4100.0,0.0008793969849246232,5.0000000000000016e-05
15628.276806469506,8.8596751439573,1.7963056786653786,-19131.12475236861,0.0028027890110814053,15.0,0.06041666666666666,4100.0,0.0009422110552763818,5.357142857142858e-05
16254.771949841017,8.289653638006408,1.6499656657817823,-19458.683111302795,0.0026529878802880862,16.0,0.06041666666666666,4050.0,0.0009992821249102655,5.714285714285715e-05
16855.489071896794,7.826075757982269,1.5735540904953977,-19763.76056819882,0.002520439476177957,17.0,0.06041666666666666,4050.0,0.0010617372577171572,6.071428571428572e-05
17432.765789865505,7.403435942683189,1.495959651213449,-20041.184433490795,0.0023980764415504085,18.0,0.06041666666666666,4050.0,0.0011241923905240488,6.42857142857143e-05
17988.894371020353,6.989511026263453,1.391539417759691,-20294.841281549816,0.0022850991402501865,19.0,0.06041666666666666,4050.0,0.0011866475233309403,6.785714285714287e-05
18523.151618637992,6.6644426260768075,1.3512585060317028,-20529.206444993284,0.002180515776957487,20.0,0.06041666666666666,4050.0,0.001249102656137832,7.142857142857145e-05
19038.245018217833,6.355539724035544,1.2883666707835617,-20743.654430296036,0.0020837921107905275,21.0,0.06041666666666666,4050.0,0.0013115577889447237,7.500000000000002e-05
19535.9774182967,6.046239184825094,1.2016633962753238,-20940.445592615357,0.001990432283640579,22.0,0.06041666666666666,4000.0,0.001366116295764537,7.857142857142858e-05
20016.586250921882,5.80647164726076,1.1518880628515253,-21119.73802845623,0.0019064786638569283,23.0,0.06041666666666666,4000.0,0.0014282124910265613,8.214285714285721e-05
20480.56360417035,5.578189354005605,1.1272075914137534,-21286.059418388864,0.0018285978339542756,24.0,0.06041666666666666,4000.0,0.0014903086862885857,8.571428571428573e-05
20929.756737928335,5.350054107829592,1.093069339313485,-21437.485083685297,0.0017556593689385012,25.0,0.06041666666666666,4000.0,0.0015524048815506101,8.92857142857143e-05
21367.300261291424,5.135675328857187,1.0250351659663526,-21573.380910250766,0.0016867050787190878,26.0,0.06041666666666666,4000.0,0.0016145010768126343,9.285714285714286e-05
21787.457435195152,4.935715621382896,0.9505919624636743,-21701.269081498533,0.001622845100125161,27.0,0.06041666666666666,4000.0,0.0016765972720746587,9.642857142857143e-05
22195.66676282412,4.8059906731961135,0.961141928735655,-21818.31278964685,0.0015629481177017004,28.0,0.06041666666666666,4000.0,0.001728643216080402,0.00010000000000000003
22595.031822994744,4.6335702300917685,0.9238686896092148,-21922.386107550727,0.0015039135658704442,29.0,0.06041666666666666,3950.0,0.001790380473797559,0.00010357142857142859
22979.95659278951,4.46182798241408,0.915557197656011,-22012.888891802322,0.0014506355979336438,30.0,0.06041666666666666,3950.0,0.0018521177315147161,0.00010714285714285716
0.0,0.0,0.0,-2.628212131370674,0.008769112199379056,0.0,0.10083333333333333,4300.0,0.0,
1937.0885507095638,122.63578834287229,22.309520211052003,-4881.999769202717,0.00783049278301728,1.0,0.10083333333333333,4300.0,6.496769562096195e-05,3.5714285714285718e-06
3442.186764837934,63.23014629380721,11.884554501159817,-7819.940861641837,0.007027876260629783,2.0,0.10083333333333333,4250.0,0.0001292175161521895,7.1428571428571436e-06
4757.438226651569,41.91093875934478,8.09942490773803,-9864.960948521766,0.006389932857961752,3.0,0.10083333333333333,4250.0,0.0001927494615936827,1.0714285714285716e-05
5953.901280704183,31.38181077486099,6.170446500663991,-11417.00471468571,0.005844934883705098,4.0,0.10083333333333333,4250.0,0.00025556353194544146,1.4285714285714287e-05
7061.112318589313,25.08819559778112,4.971819369419121,-12665.048306110752,0.005353513712104982,5.0,0.10083333333333333,4200.0,0.00031945441493180186,1.7857142857142862e-05
8094.64777725813,20.914238518499914,4.173332528911722,-13706.426692621266,0.004946612337668908,6.0,0.10083333333333333,4200.0,0.00038119167264895906,2.142857142857143e-05
9064.605962643041,17.940992492215443,3.5999805018345317,-14599.104667574473,0.004589097665308524,7.0,0.10083333333333333,4200.0,0.00044472361809045225,2.5000000000000008e-05
9978.917593072816,15.693634890873305,3.148595888030238,-15379.25273592984,0.004259311576823625,8.0,0.10083333333333333,4150.0,0.0005082555635319454,2.8571428571428574e-05
10842.909506938087,13.955918841151671,2.7703229596744214,-16069.379708100729,0.003979793443840424,9.0,0.10083333333333333,4150.0,0.0005685570710696339,3.214285714285715e-05
11661.652036612557,12.583125466521597,2.5519861865922246,-16686.839309482988,0.0037288649132637044,10.0,0.10083333333333333,4150.0,0.0006317300789662599,3.5714285714285724e-05
12439.503884770022,11.426906330860149,2.272781183046568,-17242.20974521446,0.003503880445152386,11.0,0.10083333333333333,4150.0,0.0006949030868628859,3.928571428571429e-05
13180.70331747155,10.511714127245076,2.1377972109645795,-17747.531559226518,0.003292071030324074,12.0,0.10083333333333333,4100.0,0.0007537688442211055,4.285714285714286e-05
13886.703860506688,9.669708369637405,1.929504621449229,-18205.267703240628,0.0031078801808340066,13.0,0.10083333333333333,4100.0,0.0008165829145728642,4.642857142857143e-05
14560.789746252362,9.017177845695551,1.826849206520864,-18622.642801848953,0.0029405026602054947,14.0,0.10083333333333333,4100.0,0.0008793969849246232,5.0000000000000016e-05
15206.912967667293,8.422863443005534,1.709987923608962,-19007.741902179667,0.0027869971151847283,15.0,0.10083333333333333,4100.0,0.0009422110552763818,5.357142857142858e-05
15825.37715481898,7.880540618656501,1.5702493815686405,-19355.293528735914,0.0026465632103144354,16.0,0.10083333333333333,4100.0,0.0009992821249102655,5.714285714285715e-05
16418.789614913905,7.439395869211616,1.4979653249706486,-19679.723441983042,0.0025127307004543615,17.0,0.10083333333333333,4050.0,0.0010617372577171572,6.071428571428572e-05
16989.4179208741,7.03703211634419,1.4233949804113717,-19975.661249871217,0.002393681270748435,18.0,0.10083333333333333,4050.0,0.0011241923905240488,6.42857142857143e-05
17539.465502745606,6.642896015207755,1.3244959501899507,-20247.25987273517,0.002283557932955185,19.0,0.10083333333333333,4050.0,0.0011866475233309403,6.785714285714287e-05
18068.182273284438,6.334244154062044,1.2864273107163984,-20498.85840201971,0.0021814429833969485,20.0,0.10083333333333333,4050.0,0.001249102656137832,7.142857142857145e-05
18578.148537333054,6.03996194477943,1.225752528475823,-20729.821933250212,0.0020868538522711305,21.0,0.10083333333333333,4050.0,0.0013115577889447237,7.500000000000002e-05
19071.19691638411,5.746211256428679,1.1436266665747152,-20942.404914607854,0.001998327266291782,22.0,0.10083333333333333,4050.0,0.001366116295764537,7.857142857142858e-05
19547.50734602455,5.51743180178935,1.09537719668821,-21136.922555363715,0.0019128664996378483,23.0,0.10083333333333333,4000.0,0.0014282124910265613,8.214285714285721e-05
20007.474724963824,5.300777290596005,1.0720450986852288,-21317.778329109882,0.0018363732942623784,24.0,0.10083333333333333,4000.0,0.0014903086862885857,8.571428571428573e-05
20452.95768017081,5.083099128798414,1.0397503813433857,-21483.054827603235,0.0017646391531657365,25.0,0.10083333333333333,4000.0,0.0015524048815506101,8.92857142857143e-05
20887.11776975286,4.879492752613589,0.975309239309978,-21632.280013995893,0.0016967296694416815,26.0,0.10083333333333333,4000.0,0.0016145010768126343,9.285714285714286e-05
21304.099374361685,4.689776612169597,0.9047911551699984,-21772.906579315964,0.0016337674867533344,27.0,0.10083333333333333,4000.0,0.0016765972720746587,9.642857142857143e-05
21709.3199037782,4.5654317911958975,0.9139813937364382,-21902.08567721455,0.0015746466894052203,28.0,0.10083333333333333,4000.0,0.001728643216080402,0.00010000000000000003
22105.96639194449,4.401679268083807,0.8783966808150032,-22018.09899080659,0.0015181646299498826,29.0,0.10083333333333333,4000.0,0.001790380473797559,0.00010357142857142859
22488.36062616436,4.238566760385805,0.8705589729460915,-22119.64527706867,0.001465343472672151,30.0,0.10083333333333333,4000.0,0.0018521177315147161,0.00010714285714285716
0.0,0.0,0.0,-2.628212131370674,0.008331459676055747,0.0,0.14125,4300.0,0.0,
1846.9367073338467,116.61722264893194,21.210317224984898,-4666.818232016645,0.0074837810142667415,1.0,0.14125,4300.0,6.496769562096195e-05,3.5714285714285718e-06
3291.395344228858,60.08871741281811,11.29729790287919,-7512.900053934682,0.006750107802834962,2.0,0.14125,4250.0,0.0001292175161521895,7.1428571428571436e-06
4559.880688900064,39.81021274059046,7.698239527083742,-9519.86498270979,0.006164386907591841,3.0,0.14125,4250.0,0.0001927494615936827,1.0714285714285716e-05
5718.110545860976,29.801524379995875,5.864251014436283,-11060.857385478754,0.0056605800640867334,4.0,0.14125,4250.0,0.00025556353194544146,1.4285714285714287e-05
6793.145528233242,23.821606801064316,4.726334373548704,-12312.31149553143,0.005202102051864827,5.0,0.14125,4200.0,0.00031945441493180186,1.7857142857142862e-05
7799.096943799053,19.856224460718025,3.965764068661936,-13365.672567436428,0.004821704354428575,6.0,0.14125,4200.0,0.00038119167264895906,2.142857142857143e-05
8745.14293068743,17.031717821295935,3.4218781074466538,-14275.153476745414,0.004485839608874218,7.0,0.14125,4200.0,0.00044472361809045225,2.5000000000000008e-05
9638.546610604311,14.89638739783372,2.9922513045809094,-15074.59829012357,0.0041737293198520166,8.0,0.14125,4150.0,0.0005082555635319454,2.8571428571428574e-05
10484.100752811804,13.246373155459773,2.6326584026447146,-15785.882356125861,0.003908991860468671,9.0,0.14125,4150.0,0.0005685570710696339,3.214285714285715e-05
11286.517695454106,11.94227957685023,2.425438701857523,-16425.211852209773,0.003670487354106956,10.0,0.14125,4150.0,0.0006317300789662599,3.5714285714285724e-05
12049.800835944889,10.844551032228258,2.1594220515444986,-17002.698953532454,0.0034559032321686504,11.0,0.14125,4150.0,0.0006949030868628859,3.928571428571429e-05
12777.955825028952,9.975111476337144,2.0309628527978223,-17529.823040462645,0.0032606543717966178,12.0,0.14125,4150.0,0.0007537688442211055,4.285714285714286e-05
13472.263539798098,9.175202435278928,1.8329953790693103,-18009.150494291724,0.003076054297614238,13.0,0.14125,4100.0,0.0008165829145728642,4.642857142857143e-05
14135.772874007924,8.555767947719929,1.736071636816853,-18447.886128477432,0.0029151068203785535,14.0,0.14125,4100.0,0.0008793969849246232,5.0000000000000016e-05
14772.317634707691,7.991568633319089,1.6246154036775966,-18853.73706000887,0.00276713244745895,15.0,0.14125,4100.0,0.0009422110552763818,5.357142857142858e-05
15382.098777673205,7.476639737041781,1.491448530313736,-19221.288433025322,0.00263144663252685,16.0,0.14125,4100.0,0.0009992821249102655,5.714285714285715e-05
15967.59178729298,7.057689725355714,1.423203765755215,-19565.2135138898,0.0025063507689989527,17.0,0.14125,4100.0,0.0010617372577171572,6.071428571428572e-05
16530.994473388313,6.675407586908509,1.3516931518540671,-19879.79013993047,0.0023860589913954878,18.0,0.14125,4050.0,0.0011241923905240488,6.42857142857143e-05
17074.406338015404,6.300879928945492,1.2582079455728885,-20169.639382103753,0.002279039895133775,19.0,0.14125,4050.0,0.0011866475233309403,6.785714285714287e-05
17597.066178645367,6.008392896745157,1.222300619417376,-20438.85219927327,0.0021796273468095728,20.0,0.14125,4050.0,0.001249102656137832,7.142857142857145e-05
18101.436351426768,5.728613621230648,1.1638965016086444,-20686.772282771683,0.0020873901087602705,21.0,0.14125,4050.0,0.0013115577889447237,7.500000000000002e-05
18589.34370194194,5.45018564663173,1.0862594505787555,-20915.65486067432,0.0020009220534905965,22.0,0.14125,4050.0,0.001366116295764537,7.857142857142858e-05
19060.919933026926,5.232346704446161,1.0396055112343348,-21125.91878221624,0.0019201416239868804,23.0,0.14125,4050.0,0.0014282124910265613,8.214285714285721e-05
19516.47548926878,5.027131761436066,1.0175903678970075,-21321.948978718032,0.0018449859147290828,24.0,0.14125,4050.0,0.0014903086862885857,8.571428571428573e-05
19957.882023076843,4.819866651293717,0.987099126520246,-21501.658757699526,0.0017718215649102824,25.0,0.14125,4000.0,0.0015524048815506101,8.92857142857143e-05
20388.276996382738,4.62687428258036,0.926180679061758,-21664.891172692005,0.0017051133511864075,26.0,0.14125,4000.0,0.0016145010768126343,9.285714285714286e-05
20801.749382136182,4.447231652630185,0.8595119018884556,-21818.924888587975,0.0016431921254143381,27.0,0.14125,4000.0,0.0016765972720746587,9.642857142857143e-05
21203.655902926123,4.328310819132556,0.8682736338559908,-21960.929430456392,0.0015849805092950113,28.0,0.14125,4000.0,0.001728643216080402,0.00010000000000000003
21597.28122481043,4.173098400280241,0.8335376670874046,-22089.629284538565,0.0015292847120407958,29.0,0.14125,4000.0,0.001790380473797559,0.00010357142857142859
21976.863114686577,4.018489844185878,0.8261606329258923,-22203.081318831606,0.0014771483395887696,30.0,0.14125,4000.0,0.0018521177315147161,0.00010714285714285716
0.0,0.0,0.0,-2.628212131370674,0.007898558205400056,0.0,0.18166666666666664,4300.0,0.0,
1757.098887389078,110.64886442406288,20.12134686067657,-4451.090580348151,0.007136339370666671,1.0,0.18166666666666664,4300.0,6.496769562096195e-05,3.5714285714285718e-06
3140.2464515962006,56.97692709403956,10.715693252229201,-7201.367192689933,0.006468498528258201,2.0,0.18166666666666664,4250.0,0.0001292175161521895,7.1428571428571436e-06
4360.908987340485,37.73103533927606,7.301014138635484,-9165.667186149069,0.005933189602587732,3.0,0.18166666666666664,4250.0,0.0001927494615936827,1.0714285714285716e-05
5479.697789650655,28.238291268912885,5.561136347137576,-10691.207566543722,0.005469602032389116,4.0,0.18166666666666664,4250.0,0.00025556353194544146,1.4285714285714287e-05
6521.303013938693,22.56902536797489,4.483202008328774,-11942.1522352877,0.00504366978500144,5.0,0.18166666666666664,4200.0,0.00031945441493180186,1.7857142857142862e-05
7498.42602464909,18.810141363585018,3.76033633037393,-13004.130650602128,0.004689657768266824,6.0,0.18166666666666664,4200.0,0.00038119167264895906,2.142857142857143e-05
8419.350881221506,16.132876629074264,3.2455213401550354,-13927.58166109481,0.004375535104972966,7.0,0.18166666666666664,4200.0,0.00044472361809045225,2.5000000000000008e-05
9290.685275721948,14.108494516329232,2.8374981983996217,-14744.261879226666,0.00409456838415274,8.0,0.18166666666666664,4200.0,0.0005082555635319454,2.8571428571428574e-05
10116.699487363541,12.545215827958389,2.496407623398903,-15474.47616746222,0.00383167037533597,9.0,0.18166666666666664,4150.0,0.0005685570710696339,3.214285714285715e-05
10901.74601581159,11.309130091272165,2.300164892771835,-16134.11655487687,0.0036059203262276012,10.0,0.18166666666666664,4150.0,0.0006317300789662599,3.5714285714285724e-05
11649.479075348518,10.269233749158806,2.0472705989910054,-16732.493900727604,0.0034020881760019927,11.0,0.18166666666666664,4150.0,0.0006949030868628859,3.928571428571429e-05
12363.65872379006,9.445092844632576,1.9252892284254781,-17280.620724382446,0.0032160564041971667,12.0,0.18166666666666664,4150.0,0.0007537688442211055,4.285714285714286e-05
13045.404923555887,8.686864543751577,1.737544284289503,-17780.734284205813,0.003046375467011743,13.0,0.18166666666666664,4150.0,0.0008165829145728642,4.642857142857143e-05
13697.51787443942,8.10014282584454,1.6462317021861324,-18240.24163311776,0.0028849150895400876,14.0,0.18166666666666664,4100.0,0.0008793969849246232,5.0000000000000016e-05
14323.721307380247,7.565714102265435,1.5401656359228804,-18666.523604939837,0.0027427975618149686,15.0,0.18166666666666664,4100.0,0.0009422110552763818,5.357142857142858e-05
14924.09341914652,7.077876952313207,1.4135410860421052,-19053.92850213839,0.0026121710298277973,16.0,0.18166666666666664,4100.0,0.0009992821249102655,5.714285714285715e-05
15500.987922697544,6.680885323734746,1.349249374976675,-19417.334468105146,0.002491476257217493,17.0,0.18166666666666664,4100.0,0.0010617372577171572,6.071428571428572e-05
16056.528161869062,6.318490972169477,1.280833024379587,-19750.875126296127,0.0023794352928986602,18.0,0.18166666666666664,4100.0,0.0011241923905240488,6.42857142857143e-05
16592.705112954045,5.96339130999072,1.1926565763667105,-20058.897778916005,0.002271185646104261,19.0,0.18166666666666664,4050.0,0.0011866475233309403,6.785714285714287e-05
17108.739291009926,5.68682257338789,1.158860855005342,-20346.013005934725,0.0021747213866216415,20.0,0.18166666666666664,4050.0,0.001249102656137832,7.142857142857145e-05
17606.97265897987,5.421427865245433,1.102779584541159,-20611.249568977975,0.0020850651000959893,21.0,0.18166666666666664,4050.0,0.0013115577889447237,7.500000000000002e-05
18089.23793809514,5.158099198051196,1.0295446746681387,-20856.87514214125,0.0020008714169167828,22.0,0.18166666666666664,4050.0,0.001366116295764537,7.857142857142858e-05
18555.60611216976,4.951150859652608,0.9845536398229885,-21083.380673237676,0.0019220887938416495,23.0,0.18166666666666664,4050.0,0.0014282124910265613,8.214285714285721e-05
19006.295245051966,4.7571912871369815,0.9638249771775806,-21295.329996390232,0.001848677870252242,24.0,0.18166666666666664,4050.0,0.0014903086862885857,8.571428571428573e-05
19443.19748582549,4.5602926910577635,0.9350981765213143,-21489.938035997293,0.001779658890536069,25.0,0.18166666666666664,4050.0,0.0015524048815506101,8.92857142857143e-05
19869.419710485185,4.377758838768624,0.8776337461366893,-21667.692153172964,0.0017115788237532402,26.0,0.18166666666666664,4000.0,0.0016145010768126343,9.285714285714286e-05
20279.00039556498,4.208023068009147,0.8147401645241874,-21835.77521290157,0.0016508525221692822,27.0,0.18166666666666664,4000.0,0.0016765972720746587,9.642857142857143e-05
20677.243288108493,4.094565689433389,0.8230762979065207,-21991.276060035245,0.001593693483942463,28.0,0.18166666666666664,4000.0,0.001728643216080402,0.00010000000000000003
21067.49467486599,3.9477679009711784,0.789274783453297,-22133.3789953233,0.0015389221777570108,29.0,0.18166666666666664,4000.0,0.001790380473797559,0.00010357142857142859
21443.9328277848,3.8015396592817865,0.7823457672280703,-22259.46715635549,0.0014875986426770658,30.0,0.18166666666666664,4000.0,0.0018521177315147161,0.00010714285714285716
0.0,0.0,0.0,-2.628212131370674,0.007470292436249868,0.0,0.2220833333333333,4300.0,0.0,
1667.5727165374055,104.73259847673559,19.042439887450417,-4234.842678688357,0.006788207261298033,1.0,0.2220833333333333,4300.0,6.496769562096195e-05,3.5714285714285718e-06
2988.7358172275226,53.89453397955621,10.1396261767412,-6885.385563560732,0.00618308292844439,2.0,0.2220833333333333,4250.0,0.0001292175161521895,7.1428571428571436e-06
4160.502297728124,35.673225360296904,6.907906732044943,-8802.332395770514,0.00569630915890501,3.0,0.2220833333333333,4250.0,0.0001927494615936827,1.0714285714285716e-05
5238.608744438009,26.69194454495077,5.261232093532102,-10307.856841588102,0.005271884681987426,4.0,0.2220833333333333,4250.0,0.00025556353194544146,1.4285714285714287e-05
6245.4792674082555,21.33030754042654,4.2423729055302575,-11554.181847201507,0.004898311583247284,5.0,0.2220833333333333,4250.0,0.00031945441493180186,1.7857142857142862e-05
7192.46841585815,17.775861393151136,3.5570039988697624,-12621.12557261288,0.004550208109955613,6.0,0.2220833333333333,4200.0,0.00038119167264895906,2.142857142857143e-05
8086.994663131773,15.244352818247126,3.0708727900942163,-13555.44150061677,0.004257862253922594,7.0,0.2220833333333333,4200.0,0.00044472361809045225,2.5000000000000008e-05
8935.026090993671,13.329846255835633,2.684302033905521,-14386.75357820213,0.003995180962047943,8.0,0.2220833333333333,4200.0,0.0005082555635319454,2.8571428571428574e-05
9740.320919099746,11.852346502474461,2.3615395100056515,-15133.69148181627,0.003759147464533967,9.0,0.2220833333333333,4200.0,0.0005685570710696339,3.214285714285715e-05
10506.87658812181,10.683581652099102,2.1761366027096987,-15811.801256878112,0.0035347446976811835,10.0,0.2220833333333333,4150.0,0.0006317300789662599,3.5714285714285724e-05
11237.99695855264,9.700865876853326,1.9362998547469934,-16429.594576080242,0.003342001766358761,11.0,0.2220833333333333,4150.0,0.0006949030868628859,3.928571428571429e-05
11937.199419824989,8.921572373615035,1.8207500311697526,-16997.53849116768,0.0031655337157230332,12.0,0.2220833333333333,4150.0,0.0007537688442211055,4.285714285714286e-05
12605.433799944652,8.204610958212841,1.6431271102636924,-17517.80511579758,0.0030040772243331154,13.0,0.2220833333333333,4150.0,0.0008165829145728642,4.642857142857143e-05
13245.263936561858,7.650223185276363,1.5573076311421117,-17997.07525233332,0.002856232017924892,14.0,0.2220833333333333,4150.0,0.0008793969849246232,5.0000000000000016e-05
13860.280277147554,7.145224245624811,1.4566170405949208,-18443.27018092511,0.0027135535229617157,15.0,0.2220833333333333,4100.0,0.0009422110552763818,5.357142857142858e-05
14450.448294494448,6.684179264051369,1.3365058933340588,-18850.215324831122,0.0025883037697818343,16.0,0.2220833333333333,4100.0,0.0009992821249102655,5.714285714285715e-05
15017.998262984838,6.308911699071219,1.276082943329013,-19232.91642542192,0.002472311485342129,17.0,0.2220833333333333,4100.0,0.0010617372577171572,6.071428571428572e-05
15564.970331643775,5.9662119789378325,1.2107942945169092,-19585.451505167533,0.0023644048711403656,18.0,0.2220833333333333,4100.0,0.0011241923905240488,6.42857142857143e-05
16093.244979185398,5.630359870284438,1.1278238087808066,-19911.934113752675,0.0022639878230045637,19.0,0.2220833333333333,4100.0,0.0011866475233309403,6.785714285714287e-05
16602.027325070954,5.369467965765696,1.0960912034273136,-20216.81167790306,0.0021703727165362204,20.0,0.2220833333333333,4100.0,0.001249102656137832,7.142857142857145e-05
17093.529677615017,5.118338918314569,1.0423835420869152,-20499.621666125924,0.0020794976485135072,21.0,0.2220833333333333,4050.0,0.0013115577889447237,7.500000000000002e-05
17569.584563011158,4.869889864348134,0.9734659998963093,-20762.341448809435,0.001997806932359546,22.0,0.2220833333333333,4050.0,0.001366116295764537,7.857142857142858e-05
18030.209268115916,4.6737799861602705,0.9302030080599829,-21005.5064951418,0.0019212375329248025,23.0,0.2220833333333333,4050.0,0.0014282124910265613,8.214285714285721e-05
18475.53654568074,4.490895525837582,0.9107312634505169,-21233.83554492633,0.0018497720554222022,24.0,0.2220833333333333,4050.0,0.0014903086862885857,8.571428571428573e-05
18907.44734379477,4.304314516683765,0.8837308642803946,-21444.022804835753,0.0017824808495478608,25.0,0.2220833333333333,4050.0,0.0015524048815506101,8.92857142857143e-05
19329.044891364083,4.132086553492273,0.829653393507336,-21636.926389965363,0.0017185030337185528,26.0,0.2220833333333333,4050.0,0.0016145010768126343,9.285714285714286e-05
19734.310367792394,3.972094356240531,0.7704625622340044,-21819.461500656384,0.0016589684552415853,27.0,0.2220833333333333,4050.0,0.0016765972720746587,9.642857142857143e-05
20128.474983579603,3.864135662380214,0.7783756704372665,-21989.06257390132,0.0016004897941679366,28.0,0.2220833333333333,4000.0,0.001728643216080402,0.00010000000000000003
20514.96483121787,3.7256293412106802,0.7455918949700271,-22145.257298087028,0.0015467929406079944,29.0,0.2220833333333333,4000.0,0.001790380473797559,0.00010357142857142859
20887.87702670915,3.5876598970386735,0.7390986773441073,-22284.694761686802,0.0014964210021108063,30.0,0.2220833333333333,4000.0,0.0018521177315147161,0.00010714285714285716
0.0,0.0,0.0,-2.628212131370674,0.007046551486701917,0.0,0.2625,4300.0,0.0,
1578.351161490375,98.8636994573159,17.973355027438977,-4018.0997046003904,0.006439422957090081,1.0,0.2625,4300.0,6.496769562096195e-05,3.5714285714285718e-06
2836.8595270226697,50.84129759980502,9.568986207228573,-6565.127136574898,0.005926219010081199,2.0,0.2625,4300.0,0.0001292175161521895,7.1428571428571436e-06
3958.641733649319,33.63662229969383,6.519092206788128,-8429.826883762376,0.005453714989299623,3.0,0.2625,4250.0,0.0001927494615936827,1.0714285714285716e-05
4994.786258355394,25.162318827202384,4.965172935303898,-9910.60592625114,0.0050673116585435605,4.0,0.2625,4250.0,0.00025556353194544146,1.4285714285714287e-05
5965.56433650401,20.10531070494662,4.003799494322156,-11148.165981288112,0.004725106924197379,5.0,0.2625,4250.0,0.00031945441493180186,1.7857142857142862e-05
6881.055497649648,16.753257718206658,3.355723346404726,-12215.95933352488,0.00440308213040038,6.0,0.2625,4200.0,0.00038119167264895906,2.142857142857143e-05
7747.832074500003,14.366031200414374,2.897896435790137,-13157.745038159446,0.004132484053154309,7.0,0.2625,4200.0,0.00044472361809045225,2.5000000000000008e-05
8571.245333108329,12.560333571027575,2.532629545556561,-14000.762802316909,0.003888212897097039,8.0,0.2625,4200.0,0.0005082555635319454,2.8571428571428574e-05
9354.56188911037,11.16766572357604,2.2280241113069192,-14762.14975955661,0.0036677668028467546,9.0,0.2625,4200.0,0.0005685570710696339,3.214285714285715e-05
10101.420325919957,10.065539796233576,2.0533267518048235,-15456.394306115908,0.003456510385243147,10.0,0.2625,4150.0,0.0006317300789662599,3.5714285714285724e-05
10814.78028763907,9.139359690672968,1.8264838512959154,-16091.852395027927,0.003275174590240867,11.0,0.2625,4150.0,0.0006949030868628859,3.928571428571429e-05
11497.917194252968,8.404465120079205,1.717319939104726,-16678.165798794347,0.0031086045694651682,12.0,0.2625,4150.0,0.0007537688442211055,4.285714285714286e-05
12151.609276782143,7.7283589162848605,1.5497205450819107,-17217.416420824076,0.002955715805042681,13.0,0.2625,4150.0,0.0008165829145728642,4.642857142857143e-05
12778.179619728116,7.205930675731078,1.469278530615581,-17715.889337509907,0.0028153105077127903,14.0,0.2625,4150.0,0.0008793969849246232,5.0000000000000016e-05
13381.08515577615,6.730024392759587,1.3739488893391378,-18180.87328583841,0.002678914831753127,15.0,0.2625,4100.0,0.0009422110552763818,5.357142857142858e-05
13960.176242116419,6.295474637309987,1.2603226176417464,-18606.850956139162,0.0025593631474594126,16.0,0.2625,4100.0,0.0009992821249102655,5.714285714285715e-05
14517.55678956247,5.941698851450644,1.2036860414240067,-19008.47765505292,0.002448382598077163,17.0,0.2625,4100.0,0.0010617372577171572,6.071428571428572e-05
15055.175736408308,5.618501331634876,1.1415574486229523,-19379.795645836784,0.0023449065330304842,18.0,0.2625,4100.0,0.0011241923905240488,6.42857142857143e-05
15574.803494848698,5.3017164199194715,1.0636923554408908,-19724.718650281648,0.0022484006371857965,19.0,0.2625,4100.0,0.0011866475233309403,6.785714285714287e-05
16075.635097608949,5.056264849303219,1.0339755673479158,-20047.693621665043,0.002158248821276122,20.0,0.2625,4100.0,0.001249102656137832,7.142857142857145e-05
16559.745476017382,4.819282083015331,0.9826908646611406,-20347.90967395918,0.002074166125871369,21.0,0.2625,4100.0,0.0013115577889447237,7.500000000000002e-05
17028.961662475635,4.58549663941781,0.9180077772278643,-20627.87384320789,0.0019913089087895217,22.0,0.2625,4050.0,0.001366116295764537,7.857142857142858e-05
17483.241531801876,4.400170946223196,0.8765357878579646,-20888.017447503615,0.001917180060304184,23.0,0.2625,4050.0,0.0014282124910265613,8.214285714285721e-05
17922.640716869148,4.228185203110217,0.8582922778078343,-21133.09456806336,0.0018478741023560874,24.0,0.2625,4050.0,0.0014903086862885857,8.571428571428573e-05
18349.027591427257,4.051870579297146,0.8329812101390672,-21359.310701205588,0.0017825126627688574,25.0,0.2625,4050.0,0.0015524048815506101,8.92857142857143e-05
18765.478702581368,3.889798700877458,0.7822252231878492,-21567.958733373835,0.0017202702270043193,26.0,0.2625,4050.0,0.0016145010768126343,9.285714285714286e-05
19165.942166997407,3.739390116005576,0.7266663288769949,-21765.660494347747,0.0016622686450773686,27.0,0.2625,4050.0,0.0016765972720746587,9.642857142857143e-05
19555.571348688176,3.63696125250646,0.7341586827291376,-21949.814041512996,0.0016075332989631023,28.0,0.2625,4050.0,0.001728643216080402,0.00010000000000000003
19937.850014118252,3.506625514822074,0.7024735522105283,-22120.588504916494,0.0015525646168943227,29.0,0.2625,4000.0,0.001790380473797559,0.00010357142857142859
20306.825726362506,3.3767954415800516,0.6964043328717224,-22274.0523878202,0.0015032957233478295,30.0,0.2625,4000.0,0.0018521177315147161,0.00010714285714285716
0.0,0.0,0.0,-2.628212131370674,0.006627228684539537,0.0,0.30291666666666667,4300.0,0.0,
1489.4305281055315,93.04495303931972,16.91394681725378,-3800.8860150179244,0.006090023657438775,1.0,0.30291666666666667,4300.0,6.496769562096195e-05,3.5714285714285718e-06
2684.614124596336,47.81699075136348,9.003666581031748,-6240.51237687785,0.005632136657319347,2.0,0.30291666666666667,4300.0,0.0001292175161521895,7.1428571428571436e-06
3755.305407371101,31.621058166393023,6.1339123060623555,-8048.11872279628,0.0052053778600931865,3.0,0.30291666666666667,4250.0,0.0001927494615936827,1.0714285714285716e-05
4748.174101772753,23.64925001805762,4.672311466542966,-9499.255260396378,0.004855766553946702,4.0,0.30291666666666667,4250.0,0.00025556353194544146,1.4285714285714287e-05
5681.451606912754,18.893893219367133,3.7674359073317807,-10723.447550015895,0.004544231239486025,5.0,0.30291666666666667,4250.0,0.00031945441493180186,1.7857142857142862e-05
6564.008627615847,15.742204370024815,3.1564521506877603,-11787.912021463155,0.004247997729722303,6.0,0.30291666666666667,4200.0,0.00038119167264895906,2.142857142857143e-05
7401.609489002962,13.497797379800451,2.726557570179943,-12733.461723165296,0.0039990486201082085,7.0,0.30291666666666667,4200.0,0.00044472361809045225,2.5000000000000008e-05
8199.005500939107,11.799848261213953,2.382448670180537,-13584.935933908018,0.003773254990075743,8.0,0.30291666666666667,4200.0,0.0005082555635319454,2.8571428571428574e-05
8958.993746452801,10.491074844698476,2.09583257434075,-14357.962937508455,0.003568577245823411,9.0,0.30291666666666667,4200.0,0.0005685570710696339,3.214285714285715e-05
9684.85457678097,9.45491087347778,1.931709278011047,-15066.119645771956,0.003381455137737273,10.0,0.30291666666666667,4200.0,0.0006317300789662599,3.5714285714285724e-05
10379.216932551853,8.584628268378616,1.71779756988191,-15716.958873488125,0.0032010981042299522,11.0,0.30291666666666667,4150.0,0.0006949030868628859,3.928571428571429e-05
11045.099750275383,7.893686983506135,1.6149745616292062,-16319.895002924553,0.003044744462231032,12.0,0.30291666666666667,4150.0,0.0007537688442211055,4.285714285714286e-05
11683.120482623475,7.258026560992313,1.4573021416657137,-16876.68003371769,0.002900755541367113,13.0,0.30291666666666667,4150.0,0.0008165829145728642,4.642857142857143e-05
12295.3615080171,6.767187825179813,1.3821243358997746,-17393.154909356264,0.0027681249878967694,14.0,0.30291666666666667,4150.0,0.0008793969849246232,5.0000000000000016e-05
12885.139736832272,6.32004074244885,1.292141257192296,-17876.160480941486,0.002644907244417199,15.0,0.30291666666666667,4150.0,0.0009422110552763818,5.357142857142858e-05
13452.187491646777,5.911691938094944,1.1849716993148323,-18320.212035636323,0.0025308054357314593,16.0,0.30291666666666667,4150.0,0.0009992821249102655,5.714285714285715e-05
13998.485797763096,5.57917768436903,1.1320409747562292,-18740.167119700338,0.002419158508978757,17.0,0.30291666666666667,4100.0,0.0010617372577171572,6.071428571428572e-05
14525.886521980014,5.275290710720188,1.0731037186283168,-19129.85802623468,0.0023204163561701364,18.0,0.30291666666666667,4100.0,0.0011241923905240488,6.42857142857143e-05
15036.046021604889,4.9773928054430385,1.0002456316459614,-19492.96321737713,0.002228114124337332,19.0,0.30291666666666667,4100.0,0.0011866475233309403,6.785714285714287e-05
15528.14405536975,4.747149933538518,0.9724985232745833,-19833.904877498855,0.0021417046197929708,20.0,0.30291666666666667,4100.0,0.001249102656137832,7.142857142857145e-05
16004.113802007518,4.524193663654165,0.9236847268664782,-20151.792420154336,0.0020609518930118005,21.0,0.30291666666666667,4100.0,0.0013115577889447237,7.500000000000002e-05
16465.78493821558,4.304859495744206,0.8631550062369092,-20448.97647475971,0.00198470459344532,22.0,0.30291666666666667,4100.0,0.001366116295764537,7.857142857142858e-05
16913.0467660057,4.1302616838236546,0.8235348550094025,-20726.080578180532,0.0019094497299675273,23.0,0.30291666666666667,4050.0,0.0014282124910265613,8.214285714285721e-05
17345.887907843724,3.969002050839382,0.8064917443605351,-20988.160362145438,0.0018425297237398511,24.0,0.30291666666666667,4050.0,0.0014903086862885857,8.571428571428573e-05
17766.13344076806,3.8029004510546516,0.7828338814346673,-21230.752941859806,0.0017793131599822436,25.0,0.30291666666666667,4050.0,0.0015524048815506101,8.92857142857143e-05
18176.85793026092,3.650837635141645,0.7353354466208123,-21455.576432866226,0.0017190126712537182,26.0,0.30291666666666667,4050.0,0.0016145010768126343,9.285714285714286e-05
18571.971888562373,3.5098559835989636,0.6833392738404656,-21668.90153638196,0.0016627362088195998,27.0,0.30291666666666667,4050.0,0.0016765972720746587,9.642857142857143e-05
18956.542365720656,3.4129841638508016,0.6904128711160245,-21868.26332586717,0.0016095512806392615,28.0,0.30291666666666667,4050.0,0.001728643216080402,0.00010000000000000003
19334.107005130692,3.2907003732428706,0.6599049502995912,-22053.98746533612,0.0015583412120650489,29.0,0.30291666666666667,4050.0,0.001790380473797559,0.00010357142857142859
19698.6567189332,3.1688923053540705,0.6542483312957836,-22222.106642043294,0.001510199985398143,30.0,0.30291666666666667,4050.0,0.0018521177315147161,0.00010714285714285716
0.0,0.0,0.0,-2.628212131370674,0.006212221346887208,0.0,0.3433333333333333,4300.0,0.0,
1400.807604792642,87.27449724696955,15.863996585967001,-3583.225333853654,0.005740045476282525,1.0,0.3433333333333333,4300.0,6.496769562096195e-05,3.5714285714285718e-06
2531.996627534088,44.821377418243955,8.443564058616184,-5911.579587377368,0.005334289259544568,2.0,0.3433333333333333,4300.0,0.0001292175161521895,7.1428571428571436e-06
3550.473657507563,29.62635794246387,5.752295612378691,-7657.17792494085,0.004951270266863002,3.0,0.3433333333333333,4250.0,0.0001927494615936827,1.0714285714285716e-05
4498.716444931309,22.152575096994816,4.382101168852101,-9073.60573974227,0.0046371331333314916,4.0,0.3433333333333333,4250.0,0.00025556353194544146,1.4285714285714287e-05
5393.023146153334,17.69591426123595,3.533237892990139,-10279.582579353038,0.004355474892235321,5.0,0.3433333333333333,4250.0,0.00031945441493180186,1.7857142857142862e-05
6241.142913032182,14.742576120854194,2.95914961856223,-11336.426865014335,0.004101844239328619,6.0,0.3433333333333333,4250.0,0.00038119167264895906,2.142857142857143e-05
7048.058094506336,12.63953765345719,2.5568227316719425,-12281.518513272888,0.0038571888263648118,7.0,0.3433333333333333,4200.0,0.00044472361809045225,2.5000000000000008e-05
7817.94942854096,11.048282884609868,2.2337284839924427,-13137.850001792656,0.0036498755773823385,8.0,0.3433333333333333,4200.0,0.0005082555635319454,2.8571428571428574e-05
8553.159308229606,9.822475949876695,1.9649370861212803,-13919.351763163046,0.0034610950007200655,9.0,0.3433333333333333,4200.0,0.0005685570710696339,3.214285714285715e-05
9256.622522483462,8.851601977341492,1.8112590822502321,-14638.800639054884,0.0032877987458240347,10.0,0.3433333333333333,4200.0,0.0006317300789662599,3.5714285714285724e-05
9930.64063864567,8.036585424120206,1.6102168900118567,-15302.507772427722,0.0031289939096591527,11.0,0.3433333333333333,4200.0,0.0006949030868628859,3.928571428571429e-05
10577.978406649916,7.3891546444593645,1.5136903898253866,-15919.907354472693,0.0029733803632914137,12.0,0.3433333333333333,4150.0,0.0007537688442211055,4.285714285714286e-05
11199.093263751047,6.793532882150112,1.36585027127194,-16492.4526483008,0.002838608671301001,13.0,0.3433333333333333,4150.0,0.0008165829145728642,4.642857142857143e-05
11795.830580200924,6.333917983563538,1.2958257641484396,-17025.422736765213,0.0027140785340792257,14.0,0.3433333333333333,4150.0,0.0008793969849246232,5.0000000000000016e-05
12371.364302094382,5.9152003082958435,1.2111749780395593,-17525.20815186449,0.002598037611799933,15.0,0.3433333333333333,4150.0,0.0009422110552763818,5.357142857142858e-05
12925.301314666996,5.5327608782182685,1.1104343110080956,-17986.719320236713,0.002490279890236162,16.0,0.3433333333333333,4150.0,0.0009992821249102655,5.714285714285715e-05
13459.502536704247,5.221279951795384,1.061130741968633,-18423.801041004743,0.0023897435945850866,17.0,0.3433333333333333,4150.0,0.0010617372577171572,6.071428571428572e-05
13975.717038480761,4.936512699922155,1.005415041061046,-18831.127879443055,0.0022903447895567305,18.0,0.3433333333333333,4100.0,0.0011241923905240488,6.42857142857143e-05
14475.483539282777,4.657321856658152,0.9374677148528084,-19211.93707838253,0.0022025460302035962,19.0,0.3433333333333333,4100.0,0.0011866475233309403,6.785714285714287e-05
14957.97219124952,4.442060810920492,0.91164528186808,-19570.5095200352,0.002120167089162131,20.0,0.3433333333333333,4100.0,0.001249102656137832,7.142857142857145e-05
15424.973733481125,4.233010915061743,0.8653489491847713,-19905.857977104104,0.0020430201714245113,21.0,0.3433333333333333,4100.0,0.0013115577889447237,7.500000000000002e-05
15878.300139762001,4.027919330921977,0.8088932969388699,-20220.374526998916,0.001970026947674918,22.0,0.3433333333333333,4100.0,0.001366116295764537,7.857142857142858e-05
16317.780316631368,3.86399117090026,0.771183749950322,-20514.589541880545,0.0019012386334331022,23.0,0.3433333333333333,4100.0,0.0014282124910265613,8.214285714285721e-05
16743.34447014293,3.7132887540711463,0.7553140222259082,-20793.441768688488,0.0018366856645364881,24.0,0.3433333333333333,4100.0,0.0014903086862885857,8.571428571428573e-05
17156.766920103164,3.55734477145335,0.7332741551957942,-21052.597937892726,0.0017723720595083153,25.0,0.3433333333333333,4050.0,0.0015524048815506101,8.92857142857143e-05
17561.09214119685,3.4151467366543873,0.6889708481340606,-21293.906522222514,0.001714233780745803,26.0,0.3433333333333333,4050.0,0.0016145010768126343,9.285714285714286e-05
17950.23777222846,3.283438577617784,0.640469745929004,-21523.20377053413,0.0016598880941238437,27.0,0.3433333333333333,4050.0,0.0016765972720746587,9.642857142857143e-05
18329.16368529967,3.1921472329939653,0.647126338539602,-21738.1903238984,0.0016084482735275372,28.0,0.3433333333333333,4050.0,0.001728643216080402,0.00010000000000000003
18701.424364270002,3.0777989681612543,0.6178718911478885,-21939.358939783902,0.0015588340393559133,29.0,0.3433333333333333,4050.0,0.001790380473797559,0.00010357142857142859
19061.005323965455,2.963897572383769,0.6126168609254881,-22122.64168622694,0.0015121316358122092,30.0,0.3433333333333333,4050.0,0.0018521177315147161,0.00010714285714285716
0.0,0.0,0.0,-2.628212131370674,0.005801430571791282,0.0,0.38375,4300.0,0.0,
1312.4767561911908,81.55163326167697,14.823347558794273,-3365.140698915682,0.005389523630401131,1.0,0.38375,4300.0,6.496769562096195e-05,3.5714285714285718e-06
2379.004412791049,41.8542576373901,7.888578752354631,-5578.3726240828255,0.00503271237569972,2.0,0.38375,4300.0,0.0001292175161521895,7.1428571428571436e-06
3344.1279088310616,27.6523489261704,5.374173075978985,-7256.976625259485,0.004691366533888011,3.0,0.38375,4250.0,0.0001927494615936827,1.0714285714285716e-05
4246.354237787276,20.672131938767546,4.0944900572991285,-8633.459487035696,0.0044112957185715946,4.0,0.38375,4250.0,0.00025556353194544146,1.4285714285714287e-05
5100.166020285485,16.51123369630007,3.301162733657027,-9816.120824045807,0.00415862509962284,5.0,0.38375,4250.0,0.00031945441493180186,1.7857142857142862e-05
5912.267678976405,13.754248379659167,2.7637763148460603,-10860.677023860226,0.003929793527359259,6.0,0.38375,4250.0,0.00038119167264895906,2.142857142857143e-05
6686.90055090388,11.791138926542896,2.388659639795273,-11800.79970755666,0.0037065220604691296,7.0,0.38375,4200.0,0.00044472361809045225,2.5000000000000008e-05
7427.698627559993,10.305530686080449,2.0864391438643124,-12658.010626846306,0.003517620005238361,8.0,0.38375,4200.0,0.0005082555635319454,2.8571428571428574e-05
8136.575087407384,9.161771787818047,1.8353108193943155,-13444.431398425353,0.003344805042778711,9.0,0.38375,4200.0,0.0005685570710696339,3.214285714285715e-05
8816.129251095535,8.255520887170151,1.6919519773112908,-14171.992674904977,0.0031854964193044778,10.0,0.38375,4200.0,0.0006317300789662599,3.5714285714285724e-05
9468.3402915767,7.495145653091444,1.503718542489056,-14845.97693671647,0.003038908903668735,11.0,0.38375,4200.0,0.0006949030868628859,3.928571428571429e-05
10095.725571719508,6.890785512941791,1.4134447502963028,-15475.223206959628,0.0029028917566318174,12.0,0.38375,4200.0,0.0007537688442211055,4.285714285714286e-05
10698.586025955798,6.334797667121512,1.2753440802666345,-16061.311997845638,0.0027686293809885553,13.0,0.38375,4150.0,0.0008165829145728642,4.642857142857143e-05
11278.525107251158,5.906045275469972,1.210364271142397,-16608.917207090635,0.002652510797893452,14.0,0.38375,4150.0,0.0008793969849246232,5.0000000000000016e-05
11838.572753802486,5.515430872713505,1.1310316032259566,-17123.89629506233,0.002543968087251186,15.0,0.38375,4150.0,0.0009422110552763818,5.357142857142858e-05
12378.218056460086,5.158611968518252,1.0366923181522008,-17601.52671326336,0.0024428768718444825,16.0,0.38375,4150.0,0.0009992821249102655,5.714285714285715e-05
12899.193625071171,4.867938213286977,0.9909389961087902,-18054.957294245112,0.0023482996229257174,17.0,0.38375,4150.0,0.0010617372577171572,6.071428571428572e-05
13403.142754354663,4.602100741277411,0.9384740190409174,-18478.783310806815,0.002259488470256772,18.0,0.38375,4150.0,0.0011241923905240488,6.42857142857143e-05
13891.478003659624,4.341437341001646,0.8753433071311099,-18876.343630857416,0.0021710354558345077,19.0,0.38375,4100.0,0.0011866475233309403,6.785714285714287e-05
14363.374413108799,4.140935913003917,0.8514016511433193,-19251.956644375037,0.002092983982584739,20.0,0.38375,4100.0,0.001249102656137832,7.142857142857145e-05
14820.472554525364,3.945671998626753,0.8076679624911707,-19604.325443798683,0.0020197275859850984,21.0,0.38375,4100.0,0.0013115577889447237,7.500000000000002e-05
15264.550480931297,3.754617921443829,0.7552088344734744,-19935.879539253932,0.0019502649292818628,22.0,0.38375,4100.0,0.001366116295764537,7.857142857142858e-05
15695.398803423352,3.6012993606888646,0.7194666414251101,-20247.09559589932,0.0018846689206702385,23.0,0.38375,4100.0,0.0014282124910265613,8.214285714285721e-05
16112.858389863017,3.4609889049433056,0.7047440703527407,-20542.64710483099,0.0018229868611878116,24.0,0.38375,4100.0,0.0014903086862885857,8.571428571428573e-05
16518.67860296492,3.3151452004981405,0.6842878836433222,-20818.36423656059,0.0017645289504181986,25.0,0.38375,4100.0,0.0015524048815506101,8.92857142857143e-05
16915.854466487195,3.182670364880049,0.6431187511907525,-21076.273650276515,0.001708566974423069,26.0,0.38375,4100.0,0.0016145010768126343,9.285714285714286e-05
17298.3087929535,3.060085450585884,0.5980466000281519,-21321.695252050264,0.00165315929507689,27.0,0.38375,4050.0,0.0016765972720746587,9.642857142857143e-05
17670.90441828522,2.974394378971007,0.6042877190554955,-21552.59075117538,0.0016036736944432094,28.0,0.38375,4050.0,0.001728643216080402,0.00010000000000000003
18037.208931239886,2.867867401057756,0.5763607485779001,-21769.58339419361,0.0015558595083558465,29.0,0.38375,4050.0,0.001790380473797559,0.00010357142857142859
18391.19079039234,2.761759348310164,0.5714966667017336,-21968.472140655318,0.0015107880118688623,30.0,0.38375,4050.0,0.0018521177315147161,0.00010714285714285716
0.0,0.0,0.0,-2.628212131370674,0.005394761022132862,0.0,0.42416666666666664,4300.0,0.0,
1224.4357342238486,75.87757244892865,13.791824012727725,-3146.654434821059,0.0050384924723575865,1.0,0.42416666666666664,4300.0,6.496769562096195e-05,3.5714285714285718e-06
2225.6353333667575,38.91539576104347,7.338613966518446,-5240.935999997499,0.00472744192440874,2.0,0.42416666666666664,4300.0,0.0001292175161521895,7.1428571428571436e-06
3136.248528165377,25.69885801977619,4.999477900418637,-6847.489458909731,0.00442564292307636,3.0,0.42416666666666664,4250.0,0.0001927494615936827,1.0714285714285716e-05
3991.031006980676,19.207759154102536,3.8094279123974637,-8178.620006518075,0.004178139698765026,4.0,0.42416666666666664,4250.0,0.00025556353194544146,1.4285714285714287e-05
4802.763208213826,15.339711965480225,3.071169169029143,-9332.606760446106,0.003953466371426875,5.0,0.42416666666666664,4250.0,0.00031945441493180186,1.7857142857142862e-05
5577.183405604145,12.777097103693096,2.570294095899669,-10359.766021905947,0.0037488177712016787,6.0,0.42416666666666664,4250.0,0.00038119167264895906,2.142857142857143e-05
6317.844637609915,10.952488641391236,2.222037135076966,-11290.39613361883,0.003561600339840765,7.0,0.42416666666666664,4250.0,0.00044472361809045225,2.5000000000000008e-05
7027.854753637319,9.571485537169568,1.9405518325265672,-12143.851226194289,0.0033760093802873525,8.0,0.42416666666666664,4200.0,0.0005082555635319454,2.8571428571428574e-05
7708.729977451281,8.508865717211162,1.7069278820452043,-12931.206441026363,0.0032191599552863527,9.0,0.42416666666666664,4200.0,0.0005685570710696339,3.214285714285715e-05
8362.737809746019,7.6665760204638085,1.5737646401617544,-13663.263690915017,0.003073943043502122,10.0,0.42416666666666664,4200.0,0.0006317300789662599,3.5714285714285724e-05
8991.554151791626,6.960224085777435,1.3982800656564198,-14344.3002695904,0.002939756739085504,11.0,0.42416666666666664,4200.0,0.0006949030868628859,3.928571428571429e-05
9597.44972786199,6.398497685700726,1.3142157621671808,-14982.863962868083,0.002814774599003829,12.0,0.42416666666666664,4200.0,0.0007537688442211055,4.285714285714286e-05
10180.564832834314,5.881741459985473,1.185763449906704,-15579.62145304156,0.0026984685550574396,13.0,0.42416666666666664,4200.0,0.0008165829145728642,4.642857142857143e-05
10742.283524795963,5.48349456080605,1.1257220110223571,-16139.500232001214,0.0025826911245333457,14.0,0.42416666666666664,4150.0,0.0008793969849246232,5.0000000000000016e-05
11285.470645579018,5.120660948588316,1.0516933630575662,-16667.693973691552,0.002481953269149596,15.0,0.42416666666666664,4150.0,0.0009422110552763818,5.357142857142858e-05
11809.504449366359,4.789176479581562,0.9637282422198984,-17159.720146818727,0.0023878434541327524,16.0,0.42416666666666664,4150.0,0.0009992821249102655,5.714285714285715e-05
12315.994815041062,4.51908579628406,0.9214500086348631,-17628.000606857895,0.002299540709771567,17.0,0.42416666666666664,4150.0,0.0010617372577171572,6.071428571428572e-05
12806.469649543335,4.271989097144544,0.8722638869835467,-18067.322263671405,0.0022163964247869064,18.0,0.42416666666666664,4150.0,0.0011241923905240488,6.42857142857143e-05
13282.219117140445,4.029673924612734,0.8138577002944786,-18480.611722186295,0.0021381042647858764,19.0,0.42416666666666664,4150.0,0.0011866475233309403,6.785714285714287e-05
13742.414273899443,3.843714473234245,0.791754002310782,-18872.03764857512,0.002064303891070727,20.0,0.42416666666666664,4150.0,0.001249102656137832,7.142857142857145e-05
14188.543027443598,3.662115944728137,0.7506267751261884,-19240.655420507937,0.001990335439070971,21.0,0.42416666666666664,4100.0,0.0013115577889447237,7.500000000000002e-05
14622.357234542627,3.4848978829380095,0.7020883463784124,-19588.680764464945,0.0019246895535003944,22.0,0.42416666666666664,4100.0,0.001366116295764537,7.857142857142858e-05
15043.583037000582,3.3421271473387,0.6683682927755289,-19916.47279176632,0.001862562292575259,23.0,0.42416666666666664,4100.0,0.0014282124910265613,8.214285714285721e-05
15452.02034050945,3.21204696288135,0.6547674149234789,-20228.413225937788,0.0018040169768390063,24.0,0.42416666666666664,4100.0,0.0014903086862885857,8.571428571428573e-05
15849.342536480952,3.076244377950202,0.6358614622488882,-20520.54612091637,0.0017484229794871655,25.0,0.42416666666666664,4100.0,0.0015524048815506101,8.92857142857143e-05
16238.491877779921,2.9533538173707514,0.5977669871646003,-20795.320793170547,0.0016950992148686591,26.0,0.42416666666666664,4100.0,0.0016145010768126343,9.285714285714286e-05
16613.449324862184,2.8397450467094916,0.5560591662882466,-21056.7474911993,0.0016450932049591749,27.0,0.42416666666666664,4100.0,0.0016765972720746587,9.642857142857143e-05
16978.930614399127,2.7596705592363993,0.561886145016587,-21303.438828743623,0.001597605654339602,28.0,0.42416666666666664,4100.0,0.001728643216080402,0.00010000000000000003
17338.508598873686,2.660852778809102,0.5353584360658641,-21536.402508540337,0.00154878319432145,29.0,0.42416666666666664,4050.0,0.001790380473797559,0.00010357142857142859
17686.160129316046,2.562426716420098,0.5308750185927206,-21751.190049297133,0.0015055501401958292,30.0,0.42416666666666664,4050.0,0.0018521177315147161,0.00010714285714285716
0.0,0.0,0.0,-2.628212131370674,0.004992120802317674,0.0,0.4645833333333333,4300.0,0.0,
1136.6805273009738,70.24977422556152,12.769247002956654,-2927.788408019049,0.004686985307904083,1.0,0.4645833333333333,4300.0,6.496769562096195e-05,3.5714285714285718e-06
2071.8877501416796,36.00456669164554,6.793576047484193,-4899.314547003451,0.004418514700115326,2.0,0.4645833333333333,4300.0,0.0001292175161521895,7.1428571428571436e-06
2926.8198381874754,23.76611639673887,4.628145435453373,-6428.828566230826,0.0041768783202042,3.0,0.4645833333333333,4300.0,0.0001927494615936827,1.0714285714285716e-05
3732.6886079980263,17.759295951397274,3.526866194037043,-7708.8931635930785,0.003937551796391098,4.0,0.4645833333333333,4250.0,0.00025556353194544146,1.4285714285714287e-05
4500.697091561281,14.181209988917919,2.8432173244214467,-8828.580639335785,0.0037397810860333625,5.0,0.4645833333333333,4250.0,0.00031945441493180186,1.7857142857142862e-05
5235.685514539877,11.810998724580044,2.378666047516444,-9832.89389285908,0.003558593728665832,6.0,0.4645833333333333,4250.0,0.00038119167264895906,2.142857142857143e-05
5940.5839361469,10.12347471920475,2.056925122814229,-10748.963441781983,0.003391935482910443,7.0,0.4645833333333333,4250.0,0.00044472361809045225,2.5000000000000008e-05
6617.998613884108,8.846041887259155,1.7960387073494941,-11593.819522305668,0.0032378598489304963,8.0,0.4645833333333333,4250.0,0.0005082555635319454,2.8571428571428574e-05
7269.07651803013,7.863661662197511,1.5797632698469997,-12377.568714944631,0.0030835777721042435,9.0,0.4645833333333333,4200.0,0.0005685570710696339,3.214285714285715e-05
7895.768040961741,7.084676394457439,1.4566745674301171,-13110.018658701185,0.0029524899854351905,10.0,0.4645833333333333,4200.0,0.0006317300789662599,3.5714285714285724e-05
8499.460643548433,6.431736450868302,1.2938797645977052,-13794.392580887878,0.0028308324220778875,11.0,0.4645833333333333,4200.0,0.0006949030868628859,3.928571428571429e-05
9082.177195048818,5.912209911570822,1.2159822969859957,-14438.881820996816,0.00271707474141894,12.0,0.4645833333333333,4200.0,0.0007537688442211055,4.285714285714286e-05
9643.915722974412,5.434285528209539,1.0970889588497121,-15043.64304363892,0.002610807803232438,13.0,0.4645833333333333,4200.0,0.0008165829145728642,4.642857142857143e-05
10185.834304677142,5.066191402635983,1.0418817987554436,-15612.752418600088,0.002511661267980769,14.0,0.4645833333333333,4200.0,0.0008793969849246232,5.0000000000000016e-05
10710.635892254879,4.7308197477904885,0.9731431309288172,-16151.600084466947,0.002411163035588283,15.0,0.4645833333333333,4150.0,0.0009422110552763818,5.357142857142858e-05
11217.594945984007,4.424386409140637,0.8915252265507554,-16655.85727662139,0.002324333285904216,16.0,0.4645833333333333,4150.0,0.0009992821249102655,5.714285714285715e-05
11708.18904982376,4.174656764787259,0.8526486359114054,-17137.05524981676,0.00224261186892768,17.0,0.4645833333333333,4150.0,0.0010617372577171572,6.071428571428572e-05
12183.82856021754,3.946112818383737,0.8067684777667486,-17590.184156100564,0.00216544421375749,18.0,0.4645833333333333,4150.0,0.0011241923905240488,6.42857142857143e-05
12645.679958359748,3.7219671393546196,0.7529967435040303,-18017.880691347113,0.0020925770560746427,19.0,0.4645833333333333,4150.0,0.0011866475233309403,6.785714285714287e-05
13092.917642199405,3.550336495550746,0.7326892380333943,-18424.169418149402,0.002023708461842956,20.0,0.4645833333333333,4150.0,0.001249102656137832,7.142857142857145e-05
13526.877721515697,3.3822826208240815,0.6942109423066843,-18807.7075933284,0.0019587739377261337,21.0,0.4645833333333333,4150.0,0.0013115577889447237,7.500000000000002e-05
13949.264429266757,3.218702636122781,0.6495190722228735,-19171.028347803862,0.001892456919927393,22.0,0.4645833333333333,4100.0,0.001366116295764537,7.857142857142858e-05
14359.761275409548,3.086416331073683,0.6178740306198022,-19514.650665537956,0.001834084680118121,23.0,0.4645833333333333,4100.0,0.0014282124910265613,8.214285714285721e-05
14758.10122894617,2.9664082203319393,0.6053701190958618,-19842.37543615201,0.0017789520826678711,24.0,0.4645833333333333,4100.0,0.0014903086862885857,8.571428571428573e-05
15145.897424879278,2.840585887894704,0.5879818001046343,-20150.463179605926,0.001726490051643973,25.0,0.4645833333333333,4100.0,0.0015524048815506101,8.92857142857143e-05
15526.035421697787,2.7271432941203337,0.5529038664205305,-20441.769561723828,0.0016760664932258173,26.0,0.4645833333333333,4100.0,0.0016145010768126343,9.285714285714286e-05
15892.542313656679,2.622366665073137,0.5144972216143573,-20719.138245577757,0.0016286877956677573,27.0,0.4645833333333333,4100.0,0.0016765972720746587,9.642857142857143e-05
16250.004300602579,2.54792173094322,0.5199112167055089,-20981.708221672678,0.001583610717586152,28.0,0.4645833333333333,4100.0,0.001728643216080402,0.00010000000000000003
16601.97037618594,2.456703174649619,0.4948523768585311,-21230.560369493785,0.0015398973655470552,29.0,0.4645833333333333,4100.0,0.001790380473797559,0.00010357142857142859
16942.449043485627,2.3658496989385362,0.49073968233225923,-21461.13178958331,0.0014985675029349171,30.0,0.4645833333333333,4100.0,0.0018521177315147161,0.00010714285714285716
0.0,0.0,0.0,-2.628212131370674,0.004593421270132004,0.0,0.505,4300.0,0.0,
1049.206721968821,64.66904041979524,11.755477116952934,-2708.5637643891387,0.004335034700751252,1.0,0.505,4300.0,6.496769562096195e-05,3.5714285714285718e-06
1917.7603144449213,33.12191915537939,6.253374243366393,-4553.553576510494,0.004105968126893313,2.0,0.505,4300.0,0.0001292175161521895,7.1428571428571436e-06
2715.822488272988,21.853681099370082,4.260113076601068,-6000.8887956806575,0.0038983431966353264,3.0,0.505,4300.0,0.0001927494615936827,1.0714285714285716e-05
3471.269932551406,16.326582017789825,3.2467579607481314,-7224.087917518453,0.0036894204482375843,4.0,0.505,4250.0,0.00025556353194544146,1.4285714285714287e-05
4193.843306455758,13.035589085726432,2.617268643531034,-8303.580172304486,0.003517349807887413,5.0,0.505,4250.0,0.00031945441493180186,1.7857142857142862e-05
4887.5636703476775,10.855830087747565,2.1888564267936683,-9279.242460375695,0.003358790705367608,6.0,0.505,4250.0,0.00038119167264895906,2.142857142857143e-05
5554.801816937726,9.303985513189561,1.8932945203990144,-10175.164935734923,0.0032121439038318607,7.0,0.505,4250.0,0.00044472361809045225,2.5000000000000008e-05
6197.6897345155,8.129094724814053,1.6528728524288496,-11006.41625723707,0.0030758687642404546,8.0,0.505,4250.0,0.0005082555635319454,2.8571428571428574e-05
6817.035507178224,7.226064077046811,1.4537928222866814,-11781.301355723546,0.002949448423580362,9.0,0.505,4250.0,0.0005685570710696339,3.214285714285715e-05
7414.492849173987,6.509731595955689,1.3406600337613492,-12509.49771437583,0.002820441028137248,10.0,0.505,4200.0,0.0006317300789662599,3.5714285714285724e-05
7991.17509884721,5.909599045948394,1.1904966730299595,-13192.94232460497,0.0027113728519896386,11.0,0.505,4200.0,0.0006949030868628859,3.928571428571429e-05
8548.863085864867,5.431841564011162,1.1187239412775762,-13839.406008120612,0.00260897263361459,12.0,0.505,4200.0,0.0007537688442211055,4.285714285714286e-05
9087.422590073538,4.992727397924063,1.009301848171644,-14448.564979349962,0.0025129348493102568,13.0,0.505,4200.0,0.0008165829145728642,4.642857142857143e-05
9607.793973119098,4.654062041394443,0.9588270751152014,-15023.844858370496,0.002423000717989338,14.0,0.505,4200.0,0.0008793969849246232,5.0000000000000016e-05
10112.514142544394,4.345837155774928,0.8953643898761671,-15570.421693661694,0.0023380985183299513,15.0,0.505,4200.0,0.0009422110552763818,5.357142857142858e-05
10600.752959896832,4.064174455411669,0.8200670044997211,-16083.89382601704,0.002251396614504147,16.0,0.505,4150.0,0.0009992821249102655,5.714285714285715e-05
11073.865346297142,3.8345858936952806,0.7845202880090327,-16575.56631338279,0.0021765461460213566,17.0,0.505,4150.0,0.0010617372577171572,6.071428571428572e-05
11533.137522400693,3.6244077179999303,0.7419721921517978,-17040.316279558036,0.0021056536653829344,18.0,0.505,4150.0,0.0011241923905240488,6.42857142857143e-05
11979.60989167008,3.418253355061602,0.6927468131182744,-17480.48060656443,0.0020385147144588566,19.0,0.505,4150.0,0.0011866475233309403,6.785714285714287e-05
12412.46756242206,3.2607427281538,0.6741947629022255,-17899.90686476155,0.001974881843960996,20.0,0.505,4150.0,0.001249102656137832,7.142857142857145e-05
12832.882701380735,3.1061127045195582,0.6384065376628202,-18297.11446727541,0.0019147263561655758,21.0,0.505,4150.0,0.0013115577889447237,7.500000000000002e-05
13242.517115525243,2.9559763778152606,0.5974887353983188,-18674.638939477765,0.0018572833947184636,22.0,0.505,4150.0,0.001366116295764537,7.857142857142858e-05
13640.999792499526,2.834109588222968,0.5679697157114403,-19032.652529280444,0.0018026715722753675,23.0,0.505,4150.0,0.0014282124910265613,8.214285714285721e-05
14028.01924870672,2.7240187733943464,0.5565387548784525,-19374.90660476724,0.0017468275829618648,24.0,0.505,4100.0,0.0014903086862885857,8.571428571428573e-05
14405.112297710837,2.608114227993617,0.540636292407223,-19698.13525933479,0.0016977752063107227,25.0,0.505,4100.0,0.0015524048815506101,8.92857142857143e-05
14775.079218400164,2.503985866610067,0.5085181514869134,-20005.295402266223,0.0016505256320764636,26.0,0.505,4100.0,0.0016145010768126343,9.285714285714286e-05
15132.042721056594,2.4079004276228075,0.473350963248586,-20298.05497343216,0.001606036138472769,27.0,0.505,4100.0,0.0016765972720746587,9.642857142857143e-05
15480.43824627193,2.339094816888281,0.4783529741955031,-20576.083561891668,0.0015636221998857253,28.0,0.505,4100.0,0.001728643216080402,0.00010000000000000003
15823.76260663864,2.255367593832994,0.4548304762488794,-20840.674939498356,0.001522407329433335,29.0,0.505,4100.0,0.001790380473797559,0.00010357142857142859
16156.081740479676,2.1719792229572974,0.4510788922950082,-21087.04814612626,0.0014833714597169791,30.0,0.505,4100.0,0.0018521177315147161,0.00010714285714285716
0.0,0.0,0.0,-2.628212131370674,0.00419857686892924,0.0,0.5454166666666667,4300.0,0.0,
962.0134656804292,59.13526697208905,10.750324420857133,-2489.0011910671165,0.003982672379387103,1.0,0.5454166666666667,4300.0,6.496769562096195e-05,3.5714285714285718e-06
1763.2522129021772,30.267162022421505,5.71798419855133,-4203.698975388455,0.003789840339002828,2.0,0.5454166666666667,4300.0,0.0001292175161521895,7.1428571428571436e-06
2503.239986079324,19.96115813048275,3.8953201708556064,-5563.604744960023,0.003613841816790654,3.0,0.5454166666666667,4300.0,0.0001927494615936827,1.0714285714285716e-05
3206.7162832692516,14.909457418235606,2.9690577938794673,-6724.017083379949,0.0034336361999196714,4.0,0.5454166666666667,4250.0,0.00025556353194544146,1.4285714285714287e-05
3882.0768520636398,11.90271090823963,2.3932858253364,-7757.141633872256,0.003285952023761249,5.0,0.5454166666666667,4250.0,0.00031945441493180186,1.7857142857142862e-05
4532.602038843566,9.91146840401539,2.0008306076750415,-8697.977999171708,0.0031490708902305055,6.0,0.5454166666666667,4250.0,0.00038119167264895906,2.142857142857143e-05
5160.164824161762,8.493909772180452,1.73111720795711,-9567.720028678443,0.003021771616265711,7.0,0.5454166666666667,4250.0,0.00044472361809045225,2.5000000000000008e-05
5766.460660368635,7.420539547761563,1.5110282337108845,-10379.556997693166,0.0029028566894273872,8.0,0.5454166666666667,4250.0,0.0005082555635319454,2.8571428571428574e-05
6351.992150767862,6.595977919129329,1.3289931812138405,-11140.47342738261,0.0027919859755607653,9.0,0.5454166666666667,4250.0,0.0005685570710696339,3.214285714285715e-05
6918.133929298116,5.941651758638322,1.2257000528598574,-11858.770676791137,0.0026879514587201028,10.0,0.5454166666666667,4250.0,0.0006317300789662599,3.5714285714285724e-05
7465.74371007877,5.393728715160906,1.0881105176887023,-12536.398054760146,0.00258055314454006,11.0,0.5454166666666667,4200.0,0.0006949030868628859,3.928571428571429e-05
7996.372634797755,4.957312620067628,1.0224209615442716,-13180.253578598524,0.0024895739894187736,12.0,0.5454166666666667,4200.0,0.0007537688442211055,4.285714285714286e-05
8509.757029389839,4.556576016946336,0.9223839886933811,-13789.564395968824,0.0024038962761958934,13.0,0.5454166666666667,4200.0,0.0008165829145728642,4.642857142857143e-05
9006.640370416006,4.247033374757346,0.8765418739657979,-14367.104250639335,0.002323354730551223,14.0,0.5454166666666667,4200.0,0.0008793969849246232,5.0000000000000016e-05
9489.378968092247,3.9656437115891814,0.8183412013497895,-14918.01571496651,0.002247036252247036,15.0,0.5454166666666667,4200.0,0.0009422110552763818,5.357142857142858e-05
9957.058010132088,3.708473995688374,0.7493378697299808,-15437.65592998208,0.0021750280131104956,16.0,0.5454166666666667,4200.0,0.0009992821249102655,5.714285714285715e-05
10410.90196983668,3.498808648134253,0.717050899603169,-15936.390268015995,0.0021068286352946474,17.0,0.5454166666666667,4200.0,0.0010617372577171572,6.071428571428572e-05
10852.075007825788,3.3068103496066303,0.6778599702678256,-16409.802300585077,0.0020359098849254908,18.0,0.5454166666666667,4150.0,0.0011241923905240488,6.42857142857143e-05
11281.485772736281,3.1184697563912946,0.6330947846081898,-16859.91326239243,0.001974788254467711,19.0,0.5454166666666667,4150.0,0.0011866475233309403,6.785714285714287e-05
11698.33564191857,2.974874641790401,0.6162584559266816,-17290.189127421756,0.0019166859109789396,20.0,0.5454166666666667,4150.0,0.001249102656137832,7.142857142857145e-05
12103.636977238742,2.833547660997361,0.5832001267197934,-17699.008112091004,0.0018616051195896608,21.0,0.5454166666666667,4150.0,0.0013115577889447237,7.500000000000002e-05
12498.995054557532,2.696664056405578,0.5459855168846948,-18088.924449657075,0.0018088650292184733,22.0,0.5454166666666667,4150.0,0.001366116295764537,7.857142857142858e-05
12883.992669682915,2.5851504455408545,0.5186417157835,-18459.969699136796,0.0017585931358263314,23.0,0.5454166666666667,4150.0,0.0014282124910265613,8.214285714285721e-05
13258.273722458567,2.484825496731837,0.5082603769467416,-18815.536648771413,0.001710881749683394,24.0,0.5454166666666667,4150.0,0.0014903086862885857,8.571428571428573e-05
13623.292674843407,2.378774782822429,0.49381279486768914,-19152.35639969923,0.0016652818201312364,25.0,0.5454166666666667,4150.0,0.0015524048815506101,8.92857142857143e-05
13981.749818953176,2.2838294509764663,0.46459903214803777,-19473.938879742782,0.0016212554751223079,26.0,0.5454166666666667,4150.0,0.0016145010768126343,9.285714285714286e-05
14327.899015559613,2.1962972513610914,0.43261098427230327,-19781.077120277172,0.0015760298727965332,27.0,0.5454166666666667,4100.0,0.0016765972720746587,9.642857142857143e-05
14665.994927664324,2.133137675541357,0.4372018712571313,-20073.748187543453,0.00153654426908231,28.0,0.5454166666666667,4100.0,0.001728643216080402,0.00010000000000000003
14999.469542394865,2.056795943408783,0.4152810958167805,-20353.417321596775,0.0014980915440639178,29.0,0.5454166666666667,4100.0,0.001790380473797559,0.00010357142857142859
15322.476179884387,1.9807670904222807,0.41188132630895324,-20615.066577989637,0.0014616026522043391,30.0,0.5454166666666667,4100.0,0.0018521177315147161,0.00010714285714285716
0.0,0.0,0.0,-2.628212131370674,0.0038075049797774195,0.0,0.5858333333333333,4300.0,0.0,
875.0958049230844,53.64721134346317,9.753671211129285,-2269.120748691348,0.003629929299264879,1.0,0.5858333333333333,4300.0,6.496769562096195e-05,3.5714285714285718e-06
1608.36307944483,27.439681733971213,5.187552905624419,-3849.7972005052216,0.0034701702706122035,2.0,0.5858333333333333,4300.0,0.0001292175161521895,7.1428571428571436e-06
2289.058025487475,18.08838038858624,3.533707928109945,-5116.963285164187,0.0033233566504259193,3.0,0.5858333333333333,4300.0,0.0001927494615936827,1.0714285714285716e-05
2938.971930648324,13.507762511258143,2.6937217263453603,-6208.706056564464,0.003187593376829737,4.0,0.5858333333333333,4300.0,0.00025556353194544146,1.4285714285714287e-05
3565.2722416764423,10.782437389533737,2.171232764834204,-7188.801072249771,0.0030453668491069834,5.0,0.5858333333333333,4250.0,0.00031945441493180186,1.7857142857142862e-05
4170.581186534025,8.977791212337374,1.8145550298453645,-8088.2539994692415,0.0029290900538361617,6.0,0.5858333333333333,4250.0,0.00038119167264895906,2.142857142857143e-05
4756.324982634336,7.6931366137223725,1.570365982028398,-8925.310724014817,0.0028203495838664376,7.0,0.5858333333333333,4250.0,0.00044472361809045225,2.5000000000000008e-05
5323.821957480183,6.720272342073683,1.370479656922712,-9711.378076940317,0.0027182333378421085,8.0,0.5858333333333333,4250.0,0.0005082555635319454,2.8571428571428574e-05
5873.295336003666,5.973308629346273,1.2053417521051246,-10452.204265272201,0.002622538075552418,9.0,0.5858333333333333,4250.0,0.0005685570710696339,3.214285714285715e-05
6405.858372385453,5.380347547006231,1.111774340983209,-11155.175841949582,0.002532313647738004,10.0,0.5858333333333333,4250.0,0.0006317300789662599,3.5714285714285724e-05
6922.1416515036935,4.884042833083914,0.9867016849868576,-11821.040809709368,0.002447486904126839,11.0,0.5858333333333333,4250.0,0.0006949030868628859,3.928571428571429e-05
7423.470965135317,4.488543645028795,0.9270542715030332,-12456.906666088064,0.0023579044510771336,12.0,0.5858333333333333,4200.0,0.0007537688442211055,4.285714285714286e-05
7909.474968773502,4.125715890690089,0.8363178504149595,-13061.393212136398,0.002282643813913639,13.0,0.5858333333333333,4200.0,0.0008165829145728642,4.642857142857143e-05
8380.707978671924,3.8450329425120358,0.7950107916788912,-13636.546368994488,0.002211611424720896,14.0,0.5858333333333333,4200.0,0.0008793969849246232,5.0000000000000016e-05
8839.340968092292,3.590170592652746,0.7420581760290138,-14187.428583815257,0.002144041967829159,15.0,0.5858333333333333,4200.0,0.0009422110552763818,5.357142857142858e-05
9284.38589086931,3.357219069581457,0.6793226484607562,-14709.248191321742,0.0020800537981945145,16.0,0.5858333333333333,4200.0,0.0009992821249102655,5.714285714285715e-05
9716.942964371274,3.1672611672013122,0.6502269028131646,-15211.631987964822,0.0020192341232453987,17.0,0.5858333333333333,4200.0,0.0010617372577171572,6.071428571428572e-05
10138.046026860406,2.993257990096528,0.6144172649786899,-15690.226010784761,0.001961271825463372,18.0,0.5858333333333333,4200.0,0.0011241923905240488,6.42857142857143e-05
10548.477055702739,2.8225543237042325,0.5740280063637522,-16146.73723280208,0.0019060436602641659,19.0,0.5858333333333333,4200.0,0.0011866475233309403,6.785714285714287e-05
10947.455730931955,2.692674412042114,0.5588686449105305,-16584.72077914801,0.00184780545861733,20.0,0.5858333333333333,4150.0,0.001249102656137832,7.142857142857145e-05
11335.842878667592,2.564529724263587,0.5285787421624906,-17002.423568346494,0.0017980816639385265,21.0,0.5858333333333333,4150.0,0.0013115577889447237,7.500000000000002e-05
11715.162187004555,2.4407113512377547,0.4949980308200314,-17402.241340873225,0.0017503330745756562,22.0,0.5858333333333333,4150.0,0.001366116295764537,7.857142857142858e-05
12084.972467878559,2.3394832582527068,0.46987688021426965,-17784.04643222857,0.0017046922395907702,23.0,0.5858333333333333,4150.0,0.0014282124910265613,8.214285714285721e-05
12444.865200867267,2.248776022264426,0.460522498238566,-18150.867926013998,0.0016612560498322898,24.0,0.5858333333333333,4150.0,0.0014903086862885857,8.571428571428573e-05
12796.213535704397,2.1525138007674847,0.447499599875976,-18499.682255285115,0.0016196367562106712,25.0,0.5858333333333333,4150.0,0.0015524048815506101,8.92857142857143e-05
13141.60330247309,2.0666227847724485,0.42113610227825354,-18833.97979465042,0.001579353379205033,26.0,0.5858333333333333,4150.0,0.0016145010768126343,9.285714285714286e-05
13475.43685885448,1.9875088242563177,0.39226825086262074,-19153.941747428646,0.0015412585374262467,27.0,0.5858333333333333,4150.0,0.0016765972720746587,9.642857142857143e-05
13801.785574399986,1.9299990746223137,0.39644875113481337,-19459.940112652796,0.0015047750269240234,28.0,0.5858333333333333,4150.0,0.001728643216080402,0.00010000000000000003
14123.9888778153,1.86093900560714,0.3761930294615464,-19753.29203408314,0.0014691790420558431,29.0,0.5858333333333333,4150.0,0.001790380473797559,0.00010357142857142859
14436.313939582758,1.792165951679559,0.37313608223653894,-20029.14134408567,0.001431966353903598,30.0,0.5858333333333333,4100.0,0.0018521177315147161,0.00010714285714285716
0.0,0.0,0.0,-2.628212131370674,0.003420125779937456,0.0,0.62625,4300.0,0.0,
788.4509802954732,48.20508275594949,8.765345536073616,-2048.942059155728,0.00327683561088644,1.0,0.62625,4300.0,6.496769562096195e-05,3.5714285714285718e-06
1453.0933073320662,24.639304201347812,4.661626419867002,-3491.895514500866,0.0031469975090263557,2.0,0.62625,4300.0,0.0001292175161521895,7.1428571428571436e-06
2073.2612010449575,16.23517992229048,3.17521933782393,-4660.955060914661,0.003026872898310286,3.0,0.62625,4300.0,0.0001927494615936827,1.0714285714285716e-05
2667.978905822391,12.121337880103393,2.4207071755789165,-5677.794085427071,0.0029150744028965136,4.0,0.62625,4300.0,0.00025556353194544146,1.4285714285714287e-05
3243.302613927293,9.674630703154477,1.95107449730364,-6598.119768728546,0.0028104674005079177,5.0,0.62625,4300.0,0.00031945441493180186,1.7857142857142862e-05
3801.2717054596137,8.054676352654708,1.6300050950329135,-7449.2126338500675,0.002698498592177982,6.0,0.62625,4250.0,0.00038119167264895906,2.142857142857143e-05
4342.923481825929,6.901555505737861,1.4110145120662183,-8246.585002182808,0.002607394276843408,7.0,0.62625,4250.0,0.00044472361809045225,2.5000000000000008e-05
4869.25859979604,6.028189567721574,1.2312027280956166,-8999.94539294699,0.00252138244778321,8.0,0.62625,4250.0,0.0005082555635319454,2.8571428571428574e-05
5380.250534055962,5.357962119246751,1.0828166677298439,-9713.904258070688,0.0024403609262292894,9.0,0.62625,4250.0,0.0005685570710696339,3.214285714285715e-05
5876.7768028786395,4.825730146228212,0.9988632827168552,-10394.95341341196,0.002363598439118754,10.0,0.62625,4250.0,0.0006317300789662599,3.5714285714285724e-05
6359.262470624277,4.3804592941449485,0.8862511897823666,-11043.144047696282,0.0022910808800855297,11.0,0.62625,4250.0,0.0006949030868628859,3.928571428571429e-05
6828.824735333966,4.025455782144371,0.8326054013932335,-11664.739246536497,0.002222114736756093,12.0,0.62625,4250.0,0.0007537688442211055,4.285714285714286e-05
7284.998277352132,3.700074574804921,0.7510864738954757,-12258.344665645658,0.0021480265180513986,13.0,0.62625,4200.0,0.0008165829145728642,4.642857142857143e-05
7728.164883692539,3.447988915822339,0.7142189585099655,-12825.617969910527,0.002086538863909694,14.0,0.62625,4200.0,0.0008793969849246232,5.0000000000000016e-05
8160.306023845106,3.2193496037190887,0.6665004465186414,-13371.240675114255,0.002027812442391172,15.0,0.62625,4200.0,0.0009422110552763818,5.357142857142858e-05
8580.378775435223,3.0103443663379923,0.610006673523554,-13890.325871751666,0.001971984198603562,16.0,0.62625,4200.0,0.0009992821249102655,5.714285714285715e-05
8989.35434416738,2.8398802515382564,0.5840352018123935,-14391.712857785744,0.0019187221024502055,17.0,0.62625,4200.0,0.0010617372577171572,6.071428571428572e-05
9388.139301513504,2.683688626011707,0.551630016991364,-14871.29510268211,0.00186778299945708,18.0,0.62625,4200.0,0.0011241923905240488,6.42857142857143e-05
9777.396417014044,2.530445817449378,0.5155342752432093,-15330.46154152989,0.0018190791391784194,19.0,0.62625,4200.0,0.0011866475233309403,6.785714285714287e-05
10156.363536879317,2.41408490505628,0.5020140825250535,-15772.356592807359,0.00177249189725293,20.0,0.62625,4200.0,0.001249102656137832,7.142857142857145e-05
10525.747884984426,2.299001881710315,0.47452986073224407,-16195.094710725949,0.0017280671297873077,21.0,0.62625,4200.0,0.0013115577889447237,7.500000000000002e-05
10886.99453304976,2.18806465542103,0.44451530173175396,-16601.231045475943,0.0016801203624879448,22.0,0.62625,4150.0,0.001366116295764537,7.857142857142858e-05
11239.627286918289,2.0970531913620416,0.42166251635555185,-16990.73123599596,0.001639386585716046,23.0,0.62625,4150.0,0.0014282124910265613,8.214285714285721e-05
11583.21109952827,2.0158187211324035,0.41331306717466487,-17365.968284221985,0.0016005056006839424,24.0,0.62625,4150.0,0.0014903086862885857,8.571428571428573e-05
11919.018451906211,1.9292783740230188,0.4016854142844906,-17724.1746748519,0.0015631492183020713,25.0,0.62625,4150.0,0.0015524048815506101,8.92857142857143e-05
12249.499672071175,1.8523154068663787,0.3781193382890279,-18068.790441615958,0.0015268952079241403,26.0,0.62625,4150.0,0.0016145010768126343,9.285714285714286e-05
12569.254664261218,1.7814875843816618,0.35231408115776774,-18399.439902623024,0.0014925207021760317,27.0,0.62625,4150.0,0.0016765972720746587,9.642857142857143e-05
12882.145004365948,1.729628667786454,0.3560848240417036,-18717.028851567753,0.001459516399483931,28.0,0.62625,4150.0,0.001728643216080402,0.00010000000000000003
13191.389786100764,1.6677484143583086,0.3375554810770822,-19022.459568793573,0.0014272359862812834,29.0,0.62625,4150.0,0.001790380473797559,0.00010357142857142859
13491.403169933434,1.6061292821097854,0.3348326561742452,-19310.79673760871,0.001396476450088221,30.0,0.62625,4150.0,0.0018521177315147161,0.00010714285714285716
0.0,0.0,0.0,-2.628212131370674,0.003036362102084642,0.0,0.6666666666666666,4300.0,0.0,
702.0781392879187,42.808228214239094,7.785218765418157,-1828.4842700288864,0.0029234207447855686,1.0,0.6666666666666666,4300.0,6.496769562096195e-05,3.5714285714285718e-06
1297.44340213669,21.86583405712988,4.1401256299825935,-3130.0415095113494,0.0028203625689772705,2.0,0.6666666666666666,4300.0,0.0001292175161521895,7.1428571428571436e-06
1855.8348618019727,14.401387386752063,2.8197990905579577,-4195.574713217291,0.002724378647934239,3.0,0.6666666666666666,4300.0,0.0001927494615936827,1.0714285714285716e-05
2393.6840937695592,10.750024278135855,2.149972880398078,-5131.085437414644,0.0026344780916796335,4.0,0.6666666666666666,4300.0,0.00025556353194544146,1.4285714285714287e-05
2916.038274474586,8.579153234000753,1.7327771458645784,-5984.873237156826,0.0025498448713261717,5.0,0.6666666666666666,4300.0,0.00031945441493180186,1.7857142857142862e-05
3424.4398482717593,7.1420019479697,1.4474771333873018,-6779.989146210632,0.002456942212881387,6.0,0.6666666666666666,4250.0,0.00038119167264895906,2.142857142857143e-05
3919.5969951965844,6.1190562559192365,1.2530372995491512,-7530.158788567256,0.002382409127493802,7.0,0.6666666666666666,4250.0,0.00044472361809045225,2.5000000000000008e-05
4402.229607335228,5.344188151220201,1.093173816476576,-8243.25518124595,0.0023116629221768175,8.0,0.6666666666666666,4250.0,0.0005082555635319454,2.8571428571428574e-05
4872.12581286757,4.749844764092492,0.9613967540468746,-8922.861485373993,0.002244671509056245,9.0,0.6666666666666666,4250.0,0.0005685570710696339,3.214285714285715e-05
5329.938547504272,4.277711257239155,0.8869478988510523,-9574.606159069932,0.002180886018930439,10.0,0.6666666666666666,4250.0,0.0006317300789662599,3.5714285714285724e-05
5775.919106926594,3.8828965069091708,0.7867406460815307,-10197.946818159624,0.0021203317046505814,11.0,0.6666666666666666,4250.0,0.0006949030868628859,3.928571428571429e-05
6210.986114576031,3.567970746770478,0.7390564691938766,-10798.573183015804,0.0020624777636363274,12.0,0.6666666666666666,4250.0,0.0007537688442211055,4.285714285714286e-05
6634.601915512328,3.279580158362087,0.6666734434278138,-11374.71712736768,0.002007294651228144,13.0,0.6666666666666666,4250.0,0.0008165829145728642,4.642857142857143e-05
7046.997876089853,3.0558300903352853,0.6341520117922113,-11927.320293371973,0.0019548071096208513,14.0,0.6666666666666666,4250.0,0.0008793969849246232,5.0000000000000016e-05
7449.961589950369,2.8531131694972958,0.5916536417778628,-12461.274547008346,0.0018968931529679237,15.0,0.6666666666666666,4200.0,0.0009422110552763818,5.357142857142858e-05
7842.410613406464,2.6677852157098934,0.5413757600670861,-12971.685267339439,0.0018492829134698033,16.0,0.6666666666666666,4200.0,0.0009992821249102655,5.714285714285715e-05
8225.193422268572,2.516603354262725,0.5184631490891537,-13466.397860401907,0.0018036829967448156,17.0,0.6666666666666666,4200.0,0.0010617372577171572,6.071428571428572e-05
8599.091215920173,2.378040943106195,0.4894846315520375,-13941.569487630899,0.0017599098575349517,18.0,0.6666666666666666,4200.0,0.0011241923905240488,6.42857142857143e-05
8964.64566592288,2.2420837655909867,0.4576018137314293,-14398.279413564967,0.0017179050823860032,19.0,0.6666666666666666,4200.0,0.0011866475233309403,6.785714285714287e-05
9321.123671570587,2.139049666310451,0.44568392397955653,-14839.382072645683,0.0016775833843986263,20.0,0.6666666666666666,4200.0,0.001249102656137832,7.142857142857145e-05
9669.087259704549,2.0369078615396217,0.42104138162595095,-15262.882447821372,0.0016390039654253074,21.0,0.6666666666666666,4200.0,0.0013115577889447237,7.500000000000002e-05
10009.885483868891,1.9386710616191976,0.39452674328763393,-15671.295092456872,0.0016017307076118068,22.0,0.6666666666666666,4200.0,0.001366116295764537,7.857142857142858e-05
10343.01783951735,1.85780620376793,0.37421499554723425,-16064.156179927515,0.0015658914413991612,23.0,0.6666666666666666,4200.0,0.0014282124910265613,8.214285714285721e-05
10668.031690616039,1.7859026885187512,0.3666204463722181,-16443.730508154316,0.0015315807436962385,24.0,0.6666666666666666,4200.0,0.0014903086862885857,8.571428571428573e-05
10986.088639267957,1.709016421241626,0.35635933865773683,-16807.510420194703,0.0014985260324788946,25.0,0.6666666666666666,4200.0,0.0015524048815506101,8.92857142857143e-05
11299.48585613366,1.6408576400480732,0.3355390790351639,-17159.088677095686,0.0014619561133946324,26.0,0.6666666666666666,4150.0,0.0016145010768126343,9.285714285714286e-05
11603.066157516008,1.57818670187844,0.31274012559952147,-17497.308037481976,0.0014315740612826234,27.0,0.6666666666666666,4150.0,0.0016765972720746587,9.642857142857143e-05
11900.456532066024,1.531976973970753,0.3161016462279171,-17823.560085343917,0.0014023225351331697,28.0,0.6666666666666666,4150.0,0.001728643216080402,0.00010000000000000003
12194.720075094514,1.4771766345394202,0.29935804372316555,-18138.37021879811,0.001373637386307164,29.0,0.6666666666666666,4150.0,0.001790380473797559,0.00010357142857142859
12480.470003387833,1.4226113614648843,0.29696092212288905,-18436.860063197375,0.0013462367838568247,30.0,0.6666666666666666,4150.0,0.0018521177315147161,0.00010714285714285716
0.0,0.0,0.0,-2.628212131370674,0.0026561393450796784,0.0,0.7070833333333333,4300.0,0.0,
615.9725318119514,37.456372485637516,6.813272167980169,-1607.7659005452588,0.0025697134911970066,1.0,0.7070833333333333,4300.0,6.496769562096195e-05,3.5714285714285718e-06
1141.4144982594137,19.11904552569504,3.622973735232269,-2764.2835593034833,0.0024903066895854485,2.0,0.7070833333333333,4300.0,0.0001292175161521895,7.1428571428571436e-06
1636.7696843905496,12.586831475763514,2.467393504021713,-3720.8210952455775,0.0024158650157258686,3.0,0.7070833333333333,4300.0,0.0001927494615936827,1.0714285714285716e-05
2116.032761539598,9.393662587386247,1.8814788415126737,-4568.416010992143,0.0023457016852583435,4.0,0.7070833333333333,4300.0,0.00025556353194544146,1.4285714285714287e-05
2583.3508429125336,7.495867559378705,1.5163078720853276,-5348.3495811850225,0.0022792471901683037,5.0,0.7070833333333333,4300.0,0.00031945441493180186,1.7857142857142862e-05
3039.849197288153,6.239646394733903,1.2665163269886572,-6079.951578782398,0.0022162409772586945,6.0,0.7070833333333333,4300.0,0.00038119167264895906,2.142857142857143e-05
3485.962659132472,5.345529008054865,1.09640963951703,-6774.620631205085,0.002144885568413204,7.0,0.7070833333333333,4250.0,0.00044472361809045225,2.5000000000000008e-05
3922.174086148359,4.668165484021705,0.9563700196661081,-7439.239500969641,0.0020884096598320985,8.0,0.7070833333333333,4250.0,0.0005082555635319454,2.8571428571428574e-05
4348.145562313665,4.14886340120815,0.8410614981611785,-8076.2482679772,0.002034647465306506,9.0,0.7070833333333333,4250.0,0.0005685570710696339,3.214285714285715e-05
4764.330855028222,3.7362030964282376,0.776009816209915,-8690.448349205413,0.0019831996297691125,10.0,0.7070833333333333,4250.0,0.0006317300789662599,3.5714285714285724e-05
5170.830844920742,3.3912733926641185,0.6881522395399305,-9280.823962607086,0.0019341134713231596,11.0,0.7070833333333333,4250.0,0.0006949030868628859,3.928571428571429e-05
5568.383589124867,3.1160108243976823,0.6463901535965032,-9852.468559302535,0.0018869949080799497,12.0,0.7070833333333333,4250.0,0.0007537688442211055,4.285714285714286e-05
5956.4069757265615,2.864161260806246,0.5830628618759796,-10403.4287515143,0.0018418418231599548,13.0,0.7070833333333333,4250.0,0.0008165829145728642,4.642857142857143e-05
6334.998662708569,2.6684858826250637,0.5547960708123986,-10934.121988111445,0.0017987030038126913,14.0,0.7070833333333333,4250.0,0.0008793969849246232,5.0000000000000016e-05
6705.747318094509,2.4913943304410666,0.5175038631549321,-11449.063102917724,0.0017571454111710342,15.0,0.7070833333333333,4250.0,0.0009422110552763818,5.357142857142858e-05
7067.560885953285,2.329477581914962,0.47341618279915865,-11943.379032362645,0.0017173260795006078,16.0,0.7070833333333333,4250.0,0.0009992821249102655,5.714285714285715e-05
7421.168073665274,2.1973685747935154,0.4534985232155594,-12424.252514405372,0.001672292902565231,17.0,0.7070833333333333,4200.0,0.0010617372577171572,6.071428571428572e-05
7767.222198545472,2.0762543186611433,0.4279679566096617,-12888.364136037235,0.0016357399967988162,18.0,0.7070833333333333,4200.0,0.0011241923905240488,6.42857142857143e-05
8106.156537340186,1.9574084536404561,0.4002192485651682,-13336.244481961694,0.0016005293540266485,19.0,0.7070833333333333,4200.0,0.0011866475233309403,6.785714285714287e-05
8437.268037860835,1.8675129119630143,0.3898677061397052,-13770.433680079754,0.001566602936119314,20.0,0.7070833333333333,4200.0,0.001249102656137832,7.142857142857145e-05
8760.988314696544,1.7781921226379294,0.3681016062674679,-14188.860411807043,0.0015340265151215554,21.0,0.7070833333333333,4200.0,0.0013115577889447237,7.500000000000002e-05
9078.551678997075,1.6924783504260033,0.34502213845285346,-14593.973128935846,0.0015024433760566609,22.0,0.7070833333333333,4200.0,0.001366116295764537,7.857142857142858e-05
9389.44616433911,1.6216890348137498,0.32735485236384665,-14985.148279579349,0.001471972139693598,23.0,0.7070833333333333,4200.0,0.0014282124910265613,8.214285714285721e-05
9693.216911072974,1.5589777309299913,0.320433392724907,-15364.261539898383,0.0014427015249743886,24.0,0.7070833333333333,4200.0,0.0014903086862885857,8.571428571428573e-05
9990.899797883589,1.4916766724981723,0.31151084789046307,-15729.07278021134,0.0014144135987351541,25.0,0.7070833333333333,4200.0,0.0015524048815506101,8.92857142857143e-05
10284.620162162846,1.4322005759739,0.2933860070769101,-16082.821680520196,0.0013868028692178543,26.0,0.7070833333333333,4200.0,0.0016145010768126343,9.285714285714286e-05
10569.514726865857,1.377560063367757,0.27353834863010434,-16424.06488962647,0.001360472290819852,27.0,0.7070833333333333,4200.0,0.0016765972720746587,9.642857142857143e-05
10848.950087533452,1.3369953590691162,0.2764911005076211,-16754.570194888496,0.0013350437366327083,28.0,0.7070833333333333,4200.0,0.001728643216080402,0.00010000000000000003
11125.799443671998,1.2891769435749718,0.2615906801750134,-17074.752450900734,0.0013060003177459173,29.0,0.7070833333333333,4150.0,0.001790380473797559,0.00010357142857142859
11394.929438359542,1.2415672555311519,0.25951111301963425,-17379.79193211736,0.001282221807696804,30.0,0.7070833333333333,4150.0,0.0018521177315147161,0.00010714285714285716
0.0,0.0,0.0,-2.628212131370674,0.0022793853416703484,0.0,0.7474999999999999,4300.0,0.0,
530.1330083483613,32.14918155732994,5.849257300044088,-1386.8052247755695,0.0022157418621150263,1.0,0.7474999999999999,4300.0,6.496769562096195e-05,3.5714285714285718e-06
985.0083273485178,16.39874937234329,3.110096147760141,-2394.670846529247,0.00215687188358102,2.0,0.7474999999999999,4300.0,0.0001292175161521895,7.1428571428571436e-06
1416.0511586295488,10.791338447219585,2.1179504533114475,-3236.697743932389,0.0021013262372425916,3.0,0.7474999999999999,4300.0,0.0001927494615936827,1.0714285714285716e-05
1834.9725734400258,8.052093789108236,1.6151862653947475,-3989.629422551807,0.002048646636338602,4.0,0.7474999999999999,4300.0,0.00025556353194544146,1.4285714285714287e-05
2245.112962479296,6.42463643930879,1.301634829432735,-4688.102199315981,0.0019984503140808175,5.0,0.7474999999999999,4300.0,0.00031945441493180186,1.7857142857142862e-05
2647.2577772666036,5.347488360724805,1.0870949226052957,-5348.049860938794,0.0019505805306828856,6.0,0.7474999999999999,4300.0,0.00038119167264895906,2.142857142857143e-05
3041.627428196773,4.58086424452327,0.9411075843571145,-5978.862044131005,0.001904803853742963,7.0,0.7474999999999999,4300.0,0.00044472361809045225,2.5000000000000008e-05
3428.515270352824,4.000031932541904,0.8207691308143523,-6585.827600931283,0.0018609025678562147,8.0,0.7474999999999999,4300.0,0.0005082555635319454,2.8571428571428574e-05
3807.495795765939,3.554925332974551,0.7217910181929527,-7171.124609213715,0.0018094282139973733,9.0,0.7474999999999999,4250.0,0.0005685570710696339,3.214285714285715e-05
4178.8764540489055,3.2011183993476338,0.6660312392940804,-7738.609434562415,0.0017695052488029956,10.0,0.7474999999999999,4250.0,0.0006317300789662599,3.5714285714285724e-05
4542.626862491867,2.9055093877425464,0.5904687016173029,-8286.871835701713,0.0017312212023331722,11.0,0.7474999999999999,4250.0,0.0006949030868628859,3.928571428571429e-05
4899.325049897157,2.669498872030761,0.5545896686073726,-8820.39083030769,0.001694294442203466,12.0,0.7474999999999999,4250.0,0.0007537688442211055,4.285714285714286e-05
5248.362850346112,2.453747032106037,0.5002393270276558,-9337.120170205737,0.0016587388628610644,13.0,0.7474999999999999,4250.0,0.0008165829145728642,4.642857142857143e-05
5589.737692003841,2.2858863294945184,0.47613771323595827,-9837.03158742706,0.0016246133864447046,14.0,0.7474999999999999,4250.0,0.0008793969849246232,5.0000000000000016e-05
5924.835292627582,2.134126741271285,0.4440376619091881,-10324.342561787686,0.0015915899602317446,15.0,0.7474999999999999,4250.0,0.0009422110552763818,5.357142857142858e-05
6252.581264164302,1.9953580602496308,0.40611465463179497,-10794.330925485818,0.0015598100208292535,16.0,0.7474999999999999,4250.0,0.0009992821249102655,5.714285714285715e-05
6573.587854010726,1.8821146551435846,0.38912950802145446,-11253.269929795206,0.0015291249686987724,17.0,0.7474999999999999,4250.0,0.0010617372577171572,6.071428571428572e-05
6888.389233191311,1.778268816161659,0.3670672623365846,-11697.931861179975,0.0014994413909878422,18.0,0.7474999999999999,4250.0,0.0011241923905240488,6.42857142857143e-05
7197.313870275362,1.6763609169137177,0.34337559073253243,-12128.836925154319,0.0014707402238844658,19.0,0.7474999999999999,4250.0,0.0011866475233309403,6.785714285714287e-05
7499.703523061911,1.5994195224208123,0.33455532800206567,-12548.198633934444,0.0014429832182570777,20.0,0.7474999999999999,4250.0,0.001249102656137832,7.142857142857145e-05
7795.865123139446,1.5227998465625816,0.3156992193610176,-12954.128429788536,0.0014106499217610437,21.0,0.7474999999999999,4200.0,0.0013115577889447237,7.500000000000002e-05
8086.910650831998,1.44943498094991,0.29599162093462655,-13348.775997975536,0.0013848552423606966,22.0,0.7474999999999999,4200.0,0.001366116295764537,7.857142857142858e-05
8372.327752676363,1.3886491928928604,0.2809167269970257,-13731.354662840604,0.0013598786134678112,23.0,0.7474999999999999,4200.0,0.0014282124910265613,8.214285714285721e-05
8651.667611475608,1.334994355580154,0.27474103874586914,-14103.35960590293,0.0013357991615693802,24.0,0.7474999999999999,4200.0,0.0014903086862885857,8.571428571428573e-05
8925.83892110829,1.2772086561851443,0.2671297730588273,-14462.825628871098,0.0013124494507624257,25.0,0.7474999999999999,4200.0,0.0015524048815506101,8.92857142857143e-05
9196.769242690767,1.2262960621161216,0.25165113118196536,-14812.825940423972,0.001289583144888475,26.0,0.7474999999999999,4200.0,0.0016145010768126343,9.285714285714286e-05
9459.950001190122,1.1795622584764254,0.23470101164249835,-15151.457192765061,0.0012677042119053842,27.0,0.7474999999999999,4200.0,0.0016765972720746587,9.642857142857143e-05
9718.451783331924,1.1446360195605105,0.23724537810669996,-15480.5562050421,0.0012465062477672066,28.0,0.7474999999999999,4200.0,0.001728643216080402,0.00010000000000000003
9974.925623473771,1.1037034150659544,0.22424370473570662,-15801.118660832566,0.0012256010046715227,29.0,0.7474999999999999,4200.0,0.001790380473797559,0.00010357142857142859
10224.554509772635,1.0629527997984338,0.2224738030060997,-16107.37589998739,0.0012055277553433671,30.0,0.7474999999999999,4200.0,0.0018521177315147161,0.00010714285714285716
0.0,0.0,0.0,-2.628212131370674,0.0019060302455586183,0.0,0.7879166666666666,4300.0,0.0,
444.557581193748,26.886315438040796,4.892987969785941,-1165.6199114617339,0.0018615332576940838,1.0,0.7879166666666666,4300.0,6.496769562096195e-05,3.5714285714285718e-06
828.2271379686396,13.704765043708228,2.60142040035017,-2021.253084779295,0.0018201010191635611,2.0,0.7879166666666666,4300.0,0.0001292175161521895,7.1428571428571436e-06
1193.6729975603635,9.014729330601426,1.7714193050513967,-2743.212750930521,0.001780759859719809,3.0,0.7879166666666666,4300.0,0.0001927494615936827,1.0714285714285716e-05
1550.4539981760006,6.725158945447188,1.3510575113009777,-3394.578461037432,0.0017432190111009431,4.0,0.7879166666666666,4300.0,0.00025556353194544146,1.4285714285714287e-05
1901.1989202964382,5.365322815188948,1.088727119339905,-4003.6937912768335,0.001707233702301975,5.0,0.7879166666666666,4300.0,0.00031945441493180186,1.7857142857142862e-05
2246.4220354681715,4.465406789640089,0.9091859940464431,-4583.358454183035,0.0016727167873709183,6.0,0.7879166666666666,4300.0,0.00038119167264895906,2.142857142857143e-05
2586.189932468283,3.824952794296337,0.7871079096894283,-5141.156996794096,0.0016395217855406596,7.0,0.7879166666666666,4300.0,0.00044472361809045225,2.5000000000000008e-05
2920.6508424744197,3.3398109480530853,0.6863496077204903,-5681.156778687815,0.001607511527990996,8.0,0.7879166666666666,4300.0,0.0005082555635319454,2.8571428571428574e-05
3249.3373930699368,2.9679383338782426,0.6035660349135881,-6204.696487079193,0.0015767214009215354,9.0,0.7879166666666666,4300.0,0.0005685570710696339,3.214285714285715e-05
3572.4350663924,2.672370427898698,0.5569949236019751,-6715.064321764148,0.0015469528787944392,10.0,0.7879166666666666,4300.0,0.0006317300789662599,3.5714285714285724e-05
3889.8390821466915,2.4255244490709047,0.4936852964984771,-7210.907702817902,0.0015103704771833584,11.0,0.7879166666666666,4250.0,0.0006949030868628859,3.928571428571429e-05
4201.975190173969,2.2283583224688392,0.46363873966518937,-7695.900411920804,0.001482898789322193,12.0,0.7879166666666666,4250.0,0.0007537688442211055,4.285714285714286e-05
4508.241093160484,2.0482671556985834,0.4181879093767348,-8167.985344839777,0.001456317972330175,13.0,0.7879166666666666,4250.0,0.0008165829145728642,4.642857142857143e-05
4808.556162286482,1.9079620897296479,0.39816395298660257,-8626.78167041958,0.0014306860328059312,14.0,0.7879166666666666,4250.0,0.0008793969849246232,5.0000000000000016e-05
5104.101613953009,1.7812446717930153,0.371242018089542,-9076.13955331179,0.0014057662673019385,15.0,0.7879166666666666,4250.0,0.0009422110552763818,5.357142857142858e-05
5393.858319562604,1.6653638759495524,0.3394583066294518,-9511.613571952112,0.001381676860626523,16.0,0.7879166666666666,4250.0,0.0009992821249102655,5.714285714285715e-05
5678.322950027475,1.5707809783217108,0.3253446730592658,-9938.561897613705,0.0013583138790481575,17.0,0.7879166666666666,4250.0,0.0010617372577171572,6.071428571428572e-05
5957.921855357249,1.4840251819536583,0.3067702218928174,-10354.122337943758,0.0013356166309936737,18.0,0.7879166666666666,4250.0,0.0011241923905240488,6.42857142857143e-05
6232.887157110738,1.3990050621465544,0.2870602167299866,-10758.583198263135,0.0013135780787190202,19.0,0.7879166666666666,4250.0,0.0011866475233309403,6.785714285714287e-05
6502.617722060376,1.3347150377880017,0.2797370324120286,-11153.81897919457,0.0012921756728061498,20.0,0.7879166666666666,4250.0,0.001249102656137832,7.142857142857145e-05
6767.314063209813,1.2706769312604167,0.2638232711066417,-11537.753062459546,0.0012714693149072371,21.0,0.7879166666666666,4250.0,0.0013115577889447237,7.500000000000002e-05
7027.947527071079,1.2094900832984932,0.24742565782348855,-11912.591146342696,0.0012512459330544668,22.0,0.7879166666666666,4250.0,0.001366116295764537,7.857142857142858e-05
7284.021845720171,1.1586349458187406,0.23489216686692266,-12277.458661488381,0.001231592882716607,23.0,0.7879166666666666,4250.0,0.0014282124910265613,8.214285714285721e-05
7535.110392273454,1.1139037615806238,0.22953287506786463,-12633.489898154185,0.0012125759576233255,24.0,0.7879166666666666,4250.0,0.0014903086862885857,8.571428571428573e-05
7781.98907993817,1.0655626875767157,0.22320628443234802,-12979.10681781113,0.0011892942008706444,25.0,0.7879166666666666,4200.0,0.0015524048815506101,8.92857142857143e-05
8026.361233413975,1.023096690402519,0.21032576996435626,-13317.149210116753,0.0011712723732286406,26.0,0.7879166666666666,4200.0,0.0016145010768126343,9.285714285714286e-05
8264.141875929989,0.9841485681602681,0.19622065707197897,-13645.253058183123,0.001153966802219987,27.0,0.7879166666666666,4200.0,0.0016765972720746587,9.642857142857143e-05
8498.073824166748,0.954851967850289,0.19835696176207848,-13965.280053357565,0.0011371410418661524,28.0,0.7879166666666666,4200.0,0.001728643216080402,0.00010000000000000003
8730.540411264246,0.9207109041487129,0.18730776620875417,-14278.705274701097,0.0011204928433915114,29.0,0.7879166666666666,4200.0,0.001790380473797559,0.00010357142857142859
8957.117569268243,0.8867245848558521,0.18583989084105082,-14579.235273752864,0.0011044561960686825,30.0,0.7879166666666666,4200.0,0.0018521177315147161,0.00010714285714285716
0.0,0.0,0.0,-2.628212131370674,0.0015360064287911958,0.0,0.8283333333333333,4300.0,0.0,
359.2427030719679,21.667467785514066,3.9443261012063298,-944.2273202959186,0.0015071144188094127,1.0,0.8283333333333333,4300.0,6.496769562096195e-05,3.5714285714285718e-06
671.0738631974136,11.036891466385407,2.09687605918728,-1644.0808642669144,0.0014800377105394769,2.0,0.8283333333333333,4300.0,0.0001292175161521895,7.1428571428571436e-06
969.6246068867531,7.256821341546911,1.4277508551483935,-2240.379100050559,0.0014541668392348205,3.0,0.8283333333333333,4300.0,0.0001927494615936827,1.0714285714285716e-05
1262.4301696291886,5.412699191207982,1.0890560412430057,-2783.125592198485,0.0014293299777881126,4.0,0.8283333333333333,4300.0,0.00025556353194544146,1.4285714285714287e-05
1551.4868179668342,4.317789816007661,0.8775547497667042,-3294.6987062598637,0.0014053812021055227,5.0,0.8283333333333333,4300.0,0.00031945441493180186,1.7857142857142862e-05
1837.103289983812,3.5932809116648303,0.7327634059841936,-3785.0143070683043,0.001382277042948393,6.0,0.8283333333333333,4300.0,0.00038119167264895906,2.142857142857143e-05
2119.2461701518946,3.0776858457366654,0.6343880821991759,-4259.992532076525,0.001359932031559388,7.0,0.8283333333333333,4300.0,0.00044472361809045225,2.5000000000000008e-05
2397.9627534033557,2.6872016156177185,0.5530905437201403,-4722.6354425767495,0.0013382659272280983,8.0,0.8283333333333333,4300.0,0.0005082555635319454,2.8571428571428574e-05
2672.791249898696,2.3878106610927365,0.4863678450392817,-5173.7895375373555,0.0013173123688693291,9.0,0.8283333333333333,4300.0,0.0005685570710696339,3.214285714285715e-05
2943.8239719026046,2.149872980475202,0.4488841505120546,-5616.057442805439,0.0012969476272705377,10.0,0.8283333333333333,4300.0,0.0006317300789662599,3.5714285714285724e-05
3210.914350361241,1.9512390624851397,0.3979374000099004,-6047.84064092701,0.0012772275620444855,11.0,0.8283333333333333,4300.0,0.0006949030868628859,3.928571428571429e-05
3474.3706680892415,1.7925131910065648,0.37352158114957107,-6472.341240948561,0.0012580160893603286,12.0,0.8283333333333333,4300.0,0.0007537688442211055,4.285714285714286e-05
3733.627216579846,1.647651853770461,0.3370672062084937,-6887.660338007205,0.0012327716384428452,13.0,0.8283333333333333,4250.0,0.0008165829145728642,4.642857142857143e-05
3988.550640028464,1.5346444478923755,0.320862219455442,-7293.354038462443,0.0012148935867003076,14.0,0.8283333333333333,4250.0,0.0008793969849246232,5.0000000000000016e-05
4240.110040216753,1.4326830096858694,0.2991043207089607,-7692.644318350518,0.0011974292365428177,15.0,0.8283333333333333,4250.0,0.0009422110552763818,5.357142857142858e-05
4487.384926437835,1.3394328849703345,0.273434669166555,-8081.514084470633,0.0011804685295983858,16.0,0.8283333333333333,4250.0,0.0009992821249102655,5.714285714285715e-05
4730.7629241917775,1.2633075684796438,0.2621329552711963,-8464.378541284132,0.001163943682854694,17.0,0.8283333333333333,4250.0,0.0010617372577171572,6.071428571428572e-05
4970.567924863484,1.1934648435651993,0.2470648933482636,-8838.79176243706,0.001147818350049584,18.0,0.8283333333333333,4250.0,0.0011241923905240488,6.42857142857143e-05
5206.953853267495,1.1251295280609688,0.23126285098115917,-9204.858158510491,0.0011320923367672262,19.0,0.8283333333333333,4250.0,0.0011866475233309403,6.785714285714287e-05
5439.38859610185,1.0733456548838598,0.22540338894010986,-9564.10392456338,0.0011167537509765935,20.0,0.8283333333333333,4250.0,0.001249102656137832,7.142857142857145e-05
5667.985780934721,1.0217699862770757,0.21246316050233344,-9914.56678337884,0.001101851617328247,21.0,0.8283333333333333,4250.0,0.0013115577889447237,7.500000000000002e-05
5893.56136424886,0.9725934526503012,0.19931503332751072,-10258.252100743463,0.0010872370053017204,22.0,0.8283333333333333,4250.0,0.001366116295764537,7.857142857142858e-05
6115.6577974922,0.9315953126626697,0.18927302018253103,-10594.231393747752,0.0010729766991054758,23.0,0.8283333333333333,4250.0,0.0014282124910265613,8.214285714285721e-05
6333.886141268124,0.8956578326267787,0.1847987340169516,-10923.305896733887,0.001059121395123778,24.0,0.8283333333333333,4250.0,0.0014903086862885857,8.571428571428573e-05
6548.881988715678,0.8566898587752978,0.1797308755361031,-11244.091478802715,0.0010455879102107964,25.0,0.8283333333333333,4250.0,0.0015524048815506101,8.92857142857143e-05
6762.099063084139,0.8225557873071624,0.169401536584819,-11559.14161774936,0.0010322399214621268,26.0,0.8283333333333333,4250.0,0.0016145010768126343,9.285714285714286e-05
6969.959789814261,0.7912749545888534,0.15809009356060028,-11865.978235012502,0.0010193746489810937,27.0,0.8283333333333333,4250.0,0.0016765972720746587,9.642857142857143e-05
7174.83381828865,0.7675970190181967,0.15981860993609293,-12166.414749080199,0.0010068207074593592,28.0,0.8283333333333333,4250.0,0.001728643216080402,0.00010000000000000003
7378.789306145783,0.7401550343322817,0.15077383194534077,-12462.182171936809,0.0009943544725275653,29.0,0.8283333333333333,4250.0,0.001790380473797559,0.00010357142857142859
7577.898713156231,0.7128399432494478,0.14960058436488793,-12746.97676312169,0.0009823094785335164,30.0,0.8283333333333333,4250.0,0.0018521177315147161,0.00010714285714285716
0.0,0.0,0.0,-2.628212131370674,0.0011692483837877866,0.0,0.8687499999999999,4300.0,0.0,
274.18846027589893,16.492357766121295,3.003158633160178,-722.6442754508171,0.0011525114835754572,1.0,0.8687499999999999,4300.0,6.496769562096195e-05,3.5714285714285718e-06
513.552391001536,8.394918861958239,1.5963946413278949,-1263.2053385395557,0.00113672640013773,2.0,0.8687499999999999,4300.0,0.0001292175161521895,7.1428571428571436e-06
743.9029940388119,5.517430730044045,1.0868972699233024,-1728.2148709202738,0.0011215516494782144,3.0,0.8687499999999999,4300.0,0.0001927494615936827,1.0714285714285716e-05
970.857592258388,4.114555734802659,0.8291463726721344,-2155.144021626329,0.0011068962360982896,4.0,0.8687499999999999,4300.0,0.00025556353194544146,1.4285714285714287e-05
1195.8563740031914,3.2819007712990933,0.6680885960360317,-2560.7058481857093,0.0010926820848045102,5.0,0.8687499999999999,4300.0,0.00031945441493180186,1.7857142857142862e-05
1419.0609219810153,2.7309902593310285,0.557801779796823,-2952.165554430503,0.0010788907212265064,6.0,0.8687499999999999,4300.0,0.00038119167264895906,2.142857142857143e-05
1640.387125704095,2.3389549636269904,0.48292622928508827,-3333.9047832414362,0.001065477491751122,7.0,0.8687499999999999,4300.0,0.00044472361809045225,2.5000000000000008e-05
1859.8214956296365,2.042106247950442,0.42097164021871875,-3708.011654484457,0.001052400348381774,8.0,0.8687499999999999,4300.0,0.0005082555635319454,2.8571428571428574e-05
2076.9508370658514,1.8144510680501125,0.37017829604966535,-4074.963780390768,0.0010396844820527232,9.0,0.8687499999999999,4300.0,0.0005685570710696339,3.214285714285715e-05
2291.8085252702385,1.6335404046405624,0.3416827036321986,-4436.721269586531,0.0010272607230167395,10.0,0.8687499999999999,4300.0,0.0006317300789662599,3.5714285714285724e-05
2504.234493150523,1.4825742533674873,0.3029594628657598,-4791.801788400582,0.0010151668079974826,11.0,0.8687499999999999,4300.0,0.0006949030868628859,3.928571428571429e-05
2714.4398521826906,1.3618880842034662,0.2842228751919331,-5142.736403366434,0.0010033248420448547,12.0,0.8687499999999999,4300.0,0.0007537688442211055,4.285714285714286e-05
2921.9333466674784,1.2518318945325642,0.2566108507068095,-5487.807042114291,0.0009917564013776272,13.0,0.8687499999999999,4300.0,0.0008165829145728642,4.642857142857143e-05
3126.5707787512533,1.1658653198172535,0.24422033795983514,-5826.484351504259,0.0009804943896944683,14.0,0.8687499999999999,4300.0,0.0008793969849246232,5.0000000000000016e-05
3329.103989972908,1.0883772648756673,0.22761234907542988,-6161.4212602933185,0.0009694392589527655,15.0,0.8687499999999999,4300.0,0.0009422110552763818,5.357142857142858e-05
3528.74552106398,1.0175035763213494,0.20803165419340816,-6489.268370176433,0.0009586539180312322,16.0,0.8687499999999999,4300.0,0.0009992821249102655,5.714285714285715e-05
3725.7828714783245,0.959635092517714,0.1994836417691906,-6813.471585404877,0.0009480978761888674,17.0,0.8687499999999999,4300.0,0.0010617372577171572,6.071428571428572e-05
3920.448785148131,0.9065299093933196,0.18793970267063925,-7132.101297222231,0.0009328034616312678,18.0,0.8687499999999999,4250.0,0.0011241923905240488,6.42857142857143e-05
4112.83585584689,0.8546526682208611,0.17597354934641335,-7445.188771492569,0.0009227879486648888,19.0,0.8687499999999999,4250.0,0.0011866475233309403,6.785714285714287e-05
4302.4957009603995,0.8152582255532359,0.17154527782152001,-7753.813253578672,0.0009129749827536342,20.0,0.8687499999999999,4250.0,0.001249102656137832,7.142857142857145e-05
4489.47985016535,0.7760263291512252,0.16160861964933243,-8056.233179258066,0.0009033994984055264,21.0,0.8687499999999999,4250.0,0.0013115577889447237,7.500000000000002e-05
4674.434177636358,0.738695544661176,0.15165083352950193,-8354.179672963968,0.0008939682428090157,22.0,0.8687499999999999,4250.0,0.001366116295764537,7.857142857142858e-05
4856.963617740853,0.7074800568029804,0.14405142035053356,-8646.750933381372,0.0008847262593675058,23.0,0.8687499999999999,4250.0,0.0014282124910265613,8.214285714285721e-05
5036.734313252012,0.6802091309546817,0.14052877417271958,-8934.454383030323,0.000875708053767583,24.0,0.8687499999999999,4250.0,0.0014903086862885857,8.571428571428573e-05
5214.238149206911,0.6505420298014989,0.136694348193172,-9216.215886829239,0.0008668633587643793,25.0,0.8687499999999999,4250.0,0.0015524048815506101,8.92857142857143e-05
5390.650795038248,0.6246274051194616,0.12887032441761553,-9494.21081280995,0.0008581046987142108,26.0,0.8687499999999999,4250.0,0.0016145010768126343,9.285714285714286e-05
5563.002626137237,0.6008980523067493,0.12030238208601475,-9765.95618756416,0.000849628015098525,27.0,0.8687499999999999,4250.0,0.0016765972720746587,9.642857142857143e-05
5733.236333558029,0.5828257787757576,0.12162334209542626,-10033.121211590063,0.0008413231069925362,28.0,0.8687499999999999,4250.0,0.001728643216080402,0.00010000000000000003
5903.052167508724,0.5619921855723847,0.11463317287216715,-10297.368562165939,0.00083304478906171,29.0,0.8687499999999999,4250.0,0.001790380473797559,0.00010357142857142859
6069.1403786799565,0.5412569375805042,0.1137473859284804,-10553.04219200038,0.00082501614275381,30.0,0.8687499999999999,4250.0,0.0018521177315147161,0.00010714285714285716
0.0,0.0,0.0,-2.628212131370674,0.0008056926310266542,0.0,0.9091666666666666,4300.0,0.0,
189.39158512559018,11.36066167185836,2.069358419492779,-500.8872842078854,0.0007977499591781712,1.0,0.9091666666666666,4300.0,6.496769562096195e-05,3.5714285714285718e-06
355.6665752709227,5.778662939059345,1.099909536543418,-878.6784081657825,0.0007902123092415237,2.0,0.9091666666666666,4300.0,0.0001292175161521895,7.1428571428571436e-06
516.5012291076604,3.7963735094974074,0.7488614675758841,-1206.7434202218283,0.000782922382333382,3.0,0.9091666666666666,4300.0,0.0001927494615936827,1.0714285714285716e-05
675.6969756288335,2.8305698675336304,0.5712940337356096,-1510.5192014308996,0.0007758404624916271,4.0,0.9091666666666666,4300.0,0.00025556353194544146,1.4285714285714287e-05
834.1945662388229,2.2575192301060665,0.46030036382428363,-1801.3212945949635,0.0007689320679307844,5.0,0.9091666666666666,4300.0,0.00031945441493180186,1.7857142857142862e-05
992.064327630605,1.8784146879943298,0.3842764613110321,-2083.977189228288,0.0007621911668378704,6.0,0.9091666666666666,4300.0,0.00038119167264895906,2.142857142857143e-05
1149.2110708690898,1.6086521098173296,0.332701110412995,-2361.4378613751906,0.0007555984902058037,7.0,0.9091666666666666,4300.0,0.00044472361809045225,2.5000000000000008e-05
1305.5964750650653,1.4044275863810995,0.28997318076814826,-2635.0167087146547,0.0007491358488841927,8.0,0.9091666666666666,4300.0,0.0005082555635319454,2.8571428571428574e-05
1460.899032464258,1.2477688205710966,0.2549797624361921,-2904.938221312608,0.0007428176541427324,9.0,0.9091666666666666,4300.0,0.0005685570710696339,3.214285714285715e-05
1615.117699997939,1.12328761186691,0.23537484648693272,-3172.551795892323,0.0007366119810291687,10.0,0.9091666666666666,4300.0,0.0006317300789662599,3.5714285714285724e-05
1768.1124810666909,1.019451599223516,0.20873830264853555,-3436.654920980349,0.0007305390989540111,11.0,0.9091666666666666,4300.0,0.0006949030868628859,3.928571428571429e-05
1920.015512539265,0.9364082103064564,0.1957277516913997,-3699.070605867746,0.0007245622722521951,12.0,0.9091666666666666,4300.0,0.0007537688442211055,4.285714285714286e-05
2070.4466025446,0.8607386011140457,0.1767998493732102,-3958.427121034234,0.0007186936054839655,13.0,0.9091666666666666,4300.0,0.0008165829145728642,4.642857142857143e-05
2219.2777689446357,0.8015572594813937,0.16822651136666822,-4214.325864981089,0.0007129517938029061,14.0,0.9091666666666666,4300.0,0.0008793969849246232,5.0000000000000016e-05
2367.0400612818144,0.7482635752172824,0.15675425523761793,-4468.651993438965,0.0007072873545939063,15.0,0.9091666666666666,4300.0,0.0009422110552763818,5.357142857142858e-05
2513.1352103071563,0.6995150756889922,0.14323753854406898,-4718.885678115817,0.0007017342245116117,16.0,0.9091666666666666,4300.0,0.0009992821249102655,5.714285714285715e-05
2657.7565207791226,0.6597048628435802,0.13738635364437946,-4967.468796717549,0.0006962727606607451,17.0,0.9091666666666666,4300.0,0.0010617372577171572,6.071428571428572e-05
2801.055653833737,0.6231631694812493,0.12938342770756622,-5212.89116264967,0.0006908957653047129,18.0,0.9091666666666666,4300.0,0.0011241923905240488,6.42857142857143e-05
2943.0781712101634,0.5875213804039938,0.121182683622339,-5455.227095801543,0.0006856031261607589,19.0,0.9091666666666666,4300.0,0.0011866475233309403,6.785714285714287e-05
3083.4805216851123,0.5604002560191973,0.11815387489539698,-5695.213186300949,0.0006803940333162976,20.0,0.9091666666666666,4300.0,0.001249102656137832,7.142857142857145e-05
3222.275806964956,0.5333939827846149,0.11124969897834514,-5931.464350735274,0.0006752886115015899,21.0,0.9091666666666666,4300.0,0.0013115577889447237,7.500000000000002e-05
3359.92601714399,0.5077474719657457,0.1044244320833016,-6165.339009193747,0.0006702382999225364,22.0,0.9091666666666666,4300.0,0.001366116295764537,7.857142857142858e-05
3496.125805538162,0.4862396799806865,0.09921977137505263,-6396.062789994183,0.0006652679998710066,23.0,0.9091666666666666,4300.0,0.0014282124910265613,8.214285714285721e-05
3630.6170480891597,0.4675108923136561,0.0967134658416177,-6623.906399884683,0.0006603967267648141,24.0,0.9091666666666666,4300.0,0.0014903086862885857,8.571428571428573e-05
3763.7463856118043,0.44707182063312617,0.09408779847392805,-6848.1433061450225,0.0006555979940819117,25.0,0.9091666666666666,4300.0,0.0015524048815506101,8.92857142857143e-05
3896.376498770637,0.42926631420911926,0.0887242936156532,-7070.401680619529,0.0006508279566502088,26.0,0.9091666666666666,4300.0,0.0016145010768126343,9.285714285714286e-05
4026.268702408372,0.4129751604926485,0.08285082300644905,-7288.542378007594,0.0006427653744348248,27.0,0.9091666666666666,4250.0,0.0016765972720746587,9.642857142857143e-05
4154.872633631711,0.4004936324131324,0.08376442494890708,-7504.005518234575,0.0006382569509844012,28.0,0.9091666666666666,4250.0,0.001728643216080402,0.00010000000000000003
4283.457179149124,0.38617948338656016,0.07887734943765724,-7718.1540324924135,0.0006337448237173529,29.0,0.9091666666666666,4250.0,0.001790380473797559,0.00010357142857142859
4409.486937099727,0.3719343496441532,0.07827207872060687,-7926.380688065321,0.0006293512128893092,30.0,0.9091666666666666,4250.0,0.0018521177315147161,0.00010714285714285716
0.0,0.0,0.0,-2.628212131370674,0.00044527764420521353,0.0,0.9495833333333332,4300.0,0.0,
104.8499367636661,6.272121411786321,1.1428129664954498,-278.9725232075434,0.00044285476730989993,1.0,0.9495833333333332,4300.0,6.496769562096195e-05,3.5714285714285718e-06
197.42075911369574,3.1879321975667185,0.6073559332316765,-490.55290476130904,0.00044054141402096207,2.0,0.9495833333333332,4300.0,0.0001292175161521895,7.1428571428571436e-06
287.42010107059536,2.093465443728137,0.4135229115484655,-675.9935519927094,0.0004382908382972188,3.0,0.9495833333333332,4300.0,0.0001927494615936827,1.0714285714285716e-05
376.91377425279154,1.5606074480361798,0.3154655209398585,-849.1483619209903,0.00043609181084494695,4.0,0.9495833333333332,4300.0,0.00025556353194544146,1.4285714285714287e-05
466.3996099770008,1.2445089852329432,0.2541625541441634,-1016.170299559948,0.0004339344332070965,5.0,0.9495833333333332,4300.0,0.00031945441493180186,1.7857142857142862e-05
555.8939834065873,1.0354344003414688,0.2121634902938661,-1179.636864692584,0.00043181757504275905,6.0,0.9495833333333332,4300.0,0.00038119167264895906,2.142857142857143e-05
645.330268214939,0.8866696669713484,0.18369209004671827,-1341.152041674708,0.000429735815621061,7.0,0.9495833333333332,4300.0,0.00044472361809045225,2.5000000000000008e-05
734.6719690937296,0.7740688218732281,0.16007600657995635,-1501.3789710378333,0.0004276840462082829,8.0,0.9495833333333332,4300.0,0.0005082555635319454,2.8571428571428574e-05
823.7242128461553,0.6876737150918,0.1407551232796737,-1660.3921815704525,0.00042566730078012803,9.0,0.9495833333333332,4300.0,0.0005685570710696339,3.214285714285715e-05
912.476124013401,0.6190300939818464,0.12994530149225247,-1818.9450716939173,0.0004236760332697484,10.0,0.9495833333333332,4300.0,0.0006317300789662599,3.5714285714285724e-05
1000.8348596403237,0.5617932438143132,0.11526113963902719,-1976.275460958641,0.00042171708086738126,11.0,0.9495833333333332,4300.0,0.0006949030868628859,3.928571428571429e-05
1088.8708000598824,0.515999391032778,0.10802176945852605,-2133.4460247802635,0.00041977920363536243,12.0,0.9495833333333332,4300.0,0.0007537688442211055,4.285714285714286e-05
1176.3480952388772,0.47430386178425077,0.09762312877259573,-2289.5942140576226,0.0004178666188490432,13.0,0.9495833333333332,4300.0,0.0008165829145728642,4.642857142857143e-05
1263.1857733459155,0.44165346695132074,0.0928693027865124,-2444.486298236865,0.0004159859475483088,14.0,0.9495833333333332,4300.0,0.0008793969849246232,5.0000000000000016e-05
1349.6834905802575,0.41227871320465637,0.08651854744142369,-2599.2062622812373,0.00041412127951839247,15.0,0.9495833333333332,4300.0,0.0009422110552763818,5.357142857142858e-05
1435.48117150841,0.38540715007416787,0.07904094820051785,-2752.238918727482,0.000412284250208051,16.0,0.9495833333333332,4300.0,0.0009992821249102655,5.714285714285715e-05
1520.68228240255,0.3634588410591744,0.07583103074145976,-2904.9797264142835,0.00041046864173257223,17.0,0.9495833333333332,4300.0,0.0010617372577171572,6.071428571428572e-05
1605.3690141946288,0.34330809716370003,0.07138518308274604,-3056.504170984954,0.00040867250187304367,18.0,0.9495833333333332,4300.0,0.0011241923905240488,6.42857142857143e-05
1689.5570082771446,0.32368318493411236,0.06688092697816748,-3206.9120241877245,0.0004068960877985124,19.0,0.9495833333333332,4300.0,0.0011866475233309403,6.785714285714287e-05
1773.03874698474,0.30871990706717756,0.06522063746144664,-3356.575396721346,0.0004051393188750442,20.0,0.9495833333333332,4300.0,0.001249102656137832,7.142857142857145e-05
1855.8102543502853,0.2938216735593615,0.06137675334276946,-3504.6148289378325,0.0004034094738464896,21.0,0.9495833333333332,4300.0,0.0013115577889447237,7.500000000000002e-05
1938.135525295509,0.2797010015577214,0.05762747678210857,-3651.892337002231,0.0004016903655428039,22.0,0.9495833333333332,4300.0,0.001366116295764537,7.857142857142858e-05
2019.82643628561,0.2678254171368474,0.054770734185804096,-3797.8854290935997,0.00039999069694764356,23.0,0.9495833333333332,4300.0,0.0014282124910265613,8.214285714285721e-05
2100.727225792193,0.25751702178662794,0.05334357738093329,-3942.6971571581234,0.00039831711720620506,24.0,0.9495833333333332,4300.0,0.0014903086862885857,8.571428571428573e-05
2181.030211766151,0.2462326039896381,0.05190260347439696,-4086.0084056696796,0.0003966610919512821,25.0,0.9495833333333332,4300.0,0.0015524048815506101,8.92857142857143e-05
2261.2497031547214,0.23642799608769655,0.04895585850765603,-4228.67913431552,0.0003950076982256006,26.0,0.9495833333333332,4300.0,0.0016145010768126343,9.285714285714286e-05
2340.0252765922005,0.22746423610919758,0.04572894393415246,-4369.280627282933,0.00039339337469783517,27.0,0.9495833333333332,4300.0,0.0016765972720746587,9.642857142857143e-05
2418.231317577931,0.2205567345728344,0.04623535959133977,-4508.740345714199,0.0003917980872504636,28.0,0.9495833333333332,4300.0,0.001728643216080402,0.00010000000000000003
2496.6268584756635,0.21267478882987995,0.04349819839382242,-4648.0446594016685,0.0003901950034787685,29.0,0.9495833333333332,4300.0,0.001790380473797559,0.00010357142857142859
2573.6522508725566,0.2048316704359275,0.04316671391790054,-4784.184414836498,0.00038862754527596696,30.0,0.9495833333333332,4300.0,0.0018521177315147161,0.00010714285714285716
0.0,0.0,0.0,-2.628212131370674,8.794375979114002e-05,0.0,0.99,4300.0,0.0,
20.56426019042185,1.2264404721928905,0.22340659842908572,-56.915612599404994,8.785027021492678e-05,1.0,0.99,4300.0,6.496769562096195e-05,3.5714285714285718e-06
38.82028013143398,0.6225290939076513,0.11867074814601515,-98.88222474849317,8.776047360860185e-05,2.0,0.99,4300.0,0.0001292175161521895,7.1428571428571436e-06
56.65904271732069,0.408522044813074,0.08078997211810389,-135.9996792106831,8.767260672476018e-05,3.0,0.99,4300.0,0.0001927494615936827,1.0714285714285716e-05
74.47920130156696,0.30444952202717873,0.06162825903173936,-170.94324709818466,8.758626350335367e-05,4.0,0.99,4300.0,0.00025556353194544146,1.4285714285714287e-05
92.3742489832759,0.24273410214788413,0.049648430228626354,-204.90045729010308,8.75010806395481e-05,5.0,0.99,4300.0,0.00031945441493180186,1.7857142857142862e-05
110.34490246608509,0.20192997433821805,0.041439571620629244,-238.36081524155452,8.741703591486904e-05,6.0,0.99,4300.0,0.00038119167264895906,2.142857142857143e-05
128.3755241494724,0.17290046491435485,0.03587911206575001,-271.6355280040443,8.733393346583569e-05,7.0,0.99,4300.0,0.00044472361809045225,2.5000000000000008e-05
146.45663682160858,0.15093361817674378,0.03126149338031339,-304.84421528373787,8.725158808813174e-05,8.0,0.99,4300.0,0.0005082555635319454,2.8571428571428574e-05
164.546993094427,0.13407609859883277,0.027487741070157595,-337.99358121120895,8.71702152843178e-05,9.0,0.99,4300.0,0.0005685570710696339,3.214285714285715e-05
182.6426928884632,0.12068394093570775,0.025379230088767933,-371.2348680581199,8.708944977194212e-05,10.0,0.99,4300.0,0.0006317300789662599,3.5714285714285724e-05
200.72369347380598,0.1095219125185968,0.02251557829196102,-404.40092420129804,8.700957716438709e-05,11.0,0.99,4300.0,0.0006949030868628859,3.928571428571429e-05
218.80266713211972,0.10058807437799998,0.021090898394590493,-437.7127880944463,8.693015932163613e-05,12.0,0.99,4300.0,0.0007537688442211055,4.285714285714286e-05
236.8297992196498,0.09246014119019168,0.01906995623608519,-470.98202559546917,8.685137557813273e-05,13.0,0.99,4300.0,0.0008165829145728642,4.642857142857143e-05
254.78653081956568,0.08608779715234541,0.018137619273765074,-504.1615859200101,8.67735158741324e-05,14.0,0.99,4300.0,0.0008793969849246232,5.0000000000000016e-05
272.7349231522163,0.08036009344302952,0.01689407453939963,-537.4742699885974,8.669592954895937e-05,15.0,0.99,4300.0,0.0009422110552763818,5.357142857142858e-05
290.59735906847743,0.07512021319453337,0.015430843449378872,-570.5992406918667,8.661911496281302e-05,16.0,0.99,4300.0,0.0009992821249102655,5.714285714285715e-05
308.3943854722915,0.07083964232470459,0.014807917319257952,-603.8203976276563,8.654282003032346e-05,17.0,0.99,4300.0,0.0010617372577171572,6.071428571428572e-05
326.1414970957029,0.06690885134756135,0.013934405948369113,-636.9389626409393,8.646697621435631e-05,18.0,0.99,4300.0,0.0011241923905240488,6.42857142857143e-05
343.840970370275,0.06308622627465424,0.013059240253793387,-669.9892672599817,8.639160340324844e-05,19.0,0.99,4300.0,0.0011866475233309403,6.785714285714287e-05
361.4472205644991,0.060165994842359724,0.012737290992147238,-703.0371855289704,8.631670232298887e-05,20.0,0.99,4300.0,0.001249102656137832,7.142857142857145e-05
378.9591588090258,0.057258830031095435,0.011980428901529443,-735.8870458097517,8.624259939574733e-05,21.0,0.99,4300.0,0.0013115577889447237,7.500000000000002e-05
396.4290979526417,0.05450855286183653,0.011251876935111267,-768.733555200597,8.61686100996809e-05,22.0,0.99,4300.0,0.001366116295764537,7.857142857142858e-05
413.8177615229628,0.05218923187925436,0.01069721381911426,-801.4543836759258,8.609511457697839e-05,23.0,0.99,4300.0,0.0014282124910265613,8.214285714285721e-05
431.09150246177256,0.050182090247894974,0.01041016230549384,-834.0602111381013,8.602240287456754e-05,24.0,0.99,4300.0,0.0014903086862885857,8.571428571428573e-05
448.28902209073783,0.047978498720392615,0.010130408879287126,-866.5093637966202,8.595012530548154e-05,25.0,0.99,4300.0,0.0015524048815506101,8.92857142857143e-05
465.5185147569316,0.04606863710125937,0.0095576757637775,-898.9608939698664,8.587763733804687e-05,26.0,0.99,4300.0,0.0016145010768126343,9.285714285714286e-05
482.4872851584448,0.0443238877771359,0.008930488384794726,-931.0824515995773,8.580653128632529e-05,27.0,0.99,4300.0,0.0016765972720746587,9.642857142857143e-05
499.38286876559545,0.04297199967656668,0.009029869469711089,-963.0938089597912,8.573594180861187e-05,28.0,0.99,4300.0,0.001728643216080402,0.00010000000000000003
516.366444908631,0.04143668917195616,0.00848782036773909,-995.2338181597734,8.566469885987868e-05,29.0,0.99,4300.0,0.001790380473797559,0.00010357142857142859
533.0982501239171,0.03990909085936867,0.008423598600577318,-1026.8061394135293,8.559473182279473e-05,30.0,0.99,4300.0,0.0018521177315147161,0.00010714285714285716
