CAPE_u,CAPE_ext,CAPE_dist,dh,sat_def,P,RH,dz,ent_b,ent_std
0.0,0.0,0.0,-2.628212131370674,0.009659155665531487,0.0,0.02,4300.0,0.0,
1922.5449225215625,1721.0428837830773,914.3538437785757,-5078.591989311506,0.009010900547430487,1.0,0.02,4300.0,6.460875807609475e-05,9.998413995787567e-06
3078.4422254940546,2655.84950071305,1347.8105305525369,-7604.079142081842,0.00853567851354008,2.0,0.02,4250.0,0.00012132089016511126,1.9996827991575134e-05
3894.884325207783,3240.9877596736255,1560.1853681643547,-8948.202508332033,0.008197805871623168,3.0,0.02,4250.0,0.00017444364680545583,2.9995241987362704e-05
4529.40659380446,3638.224259492732,1663.9388079802272,-9664.390574224875,0.007909755124955148,4.0,0.02,4250.0,0.00022541277817659725,3.999365598315027e-05
5052.754820388991,3920.802669880751,1714.8031264888948,-10019.649358768453,0.007614757250775907,5.0,0.02,4200.0,0.0002745872218234027,4.9992069978937845e-05
5502.151858178673,4127.758253831189,1732.225293272911,-10153.628595914117,0.007392764061722473,6.0,0.02,4200.0,0.00032089016511127063,5.999048397472541e-05
5898.818423751447,4281.346148841185,1731.8534656729844,-10152.43880014454,0.007190302673692694,7.0,0.02,4200.0,0.00036683417085427134,6.998889797051299e-05
6256.066265622551,4395.879200384904,1720.8591767061018,-10063.76970384051,0.0070064063177331035,8.0,0.02,4200.0,0.00041062455132806887,7.998731196630054e-05
6581.902698769314,4480.444893557667,1703.334272760378,-9917.849378909574,0.00683644741578049,9.0,0.02,4200.0,0.000455491744436468,8.998572596208812e-05
6884.333356329281,4542.183129769584,1680.8982416956212,-9742.761277455327,0.006643080882942079,10.0,0.02,4150.0,0.0004989231873653984,9.998413995787569e-05
7165.395654700614,4585.389381877429,1657.321301908279,-9545.032966455634,0.006498549623344984,11.0,0.02,4150.0,0.0005409188801148599,0.00010998255395366325
7428.691400444567,4613.467553577749,1632.6392507178805,-9330.089029040792,0.006363125344425799,12.0,0.02,4150.0,0.0005814788226848528,0.00011998096794945082
7678.323378219037,4629.837859779092,1604.9955591464502,-9114.07014676644,0.006235214841814677,13.0,0.02,4150.0,0.0006206030150753768,0.0001299793819452384
7915.345241619845,4636.289656295219,1578.1947882566299,-8897.26566115643,0.006113958287375643,14.0,0.02,4150.0,0.0006633165829145729,0.00013997779594102598
8138.573966600222,4633.8051183882,1554.9043560523955,-8680.018667145887,0.006002468483861533,15.0,0.02,4150.0,0.0006999282124910266,0.0001499762099368135
8354.362170660354,4624.83722857674,1530.1178821395627,-8473.337780030444,0.005893024897750071,16.0,0.02,4150.0,0.0007408470926058865,0.00015997462393260107
8559.97080768988,4609.266245674639,1508.0761690362172,-8272.93891167688,0.005788543477345265,17.0,0.02,4150.0,0.0007810480976310121,0.00016997303792838867
8758.065137325213,4590.184421058161,1481.7151223357257,-8062.72261646633,0.005666698864435756,18.0,0.02,4100.0,0.0008140703517587939,0.00017997145192417624
8947.56152527791,4565.5262524115915,1461.0433337038532,-7873.412767391674,0.005572899728049754,19.0,0.02,4100.0,0.0008524766690595837,0.0001899698659199638
9131.97126007227,4538.141502433927,1437.331925539195,-7690.709325551317,0.005483620452529294,20.0,0.02,4100.0,0.0008901651112706389,0.00019996827991575138
9308.432061166663,4507.740944293772,1413.9093005979344,-7510.287553292757,0.005399872250550608,21.0,0.02,4100.0,0.0009271356783919598,0.00020996669391153898
9480.569726040976,4475.033033686916,1391.4943082807772,-7339.474082642999,0.005319161040938663,22.0,0.02,4100.0,0.0009633883704235462,0.0002199651079073265
9647.296237770974,4440.551199671717,1376.0862625765078,-7175.7401484574875,0.005242237663701047,23.0,0.02,4100.0,0.0009989231873653982,0.00022996352190311406
9806.369684965284,4403.433927275836,1357.1711035968399,-7027.46931061073,0.005168881353333119,24.0,0.02,4100.0,0.0010337401292175163,0.00023996193589890163
9962.344677352074,4365.036240795411,1336.0673609853745,-6871.469792652533,0.005096595880774362,25.0,0.02,4100.0,0.0010678391959798995,0.0002499603498946892
10115.89045006348,4325.47387930924,1315.7905512263458,-6738.797319804813,0.005023737352838212,26.0,0.02,4100.0,0.0011012203876525483,0.0002599587638904768
10260.667512907909,4285.257980978926,1301.718878788714,-6593.359015086018,0.004959900773411751,27.0,0.02,4100.0,0.0011435750179468772,0.00026995717788626434
10407.916137979762,4244.525449383955,1277.8260046983776,-6475.635627835167,0.00489373957447175,28.0,0.02,4100.0,0.0011758793969849247,0.00027995559188205197
10545.669441384323,4203.3465865635,1266.367305172442,-6339.3596343948375,0.004833304544168266,29.0,0.02,4100.0,0.0012074659009332375,0.0002899540058778395
10683.534735661564,4161.414505169994,1246.4269966235618,-6226.300508330212,0.00477193014951558,30.0,0.02,4100.0,0.0012383345297918161,0.000299952419873627
0.0,0.0,0.0,-2.628212131370674,0.009211635857417326,0.0,0.06041666666666666,4300.0,0.0,
1835.990680516453,1643.3008579734485,872.9246862150372,-4862.634470686571,0.008623196724097205,1.0,0.06041666666666666,4300.0,6.460875807609475e-05,9.998413995787567e-06
2942.9990854489088,2538.3253950361495,1288.000398299969,-7300.755529284746,0.008187124855516576,2.0,0.06041666666666666,4250.0,0.00012132089016511126,1.9996827991575134e-05
3727.3271272438865,3100.4746280697486,1492.4761238665028,-8612.992174812927,0.007878067964426975,3.0,0.06041666666666666,4250.0,0.00017444364680545583,2.9995241987362704e-05
4338.601559087902,3483.4877093252067,1593.268993773173,-9324.895841426158,0.007613845159340837,4.0,0.06041666666666666,4250.0,0.00022541277817659725,3.999365598315027e-05
4843.990495178305,3756.999997579635,1643.459963074615,-9690.347347742543,0.007340235215802348,5.0,0.06041666666666666,4200.0,0.0002745872218234027,4.9992069978937845e-05
5278.832338221079,3958.108558564006,1661.5332591806712,-9842.807448160354,0.007135669204504336,6.0,0.06041666666666666,4200.0,0.00032089016511127063,5.999048397472541e-05
5663.3422443941045,4108.076076147033,1662.4523934544657,-9864.44268055354,0.006948722846656093,7.0,0.06041666666666666,4200.0,0.00036683417085427134,6.998889797051299e-05
6010.130820939207,4220.474932372127,1653.0590456778432,-9800.917092572243,0.006778596311534269,8.0,0.06041666666666666,4200.0,0.00041062455132806887,7.998731196630054e-05
6326.857720100436,4304.060417208941,1637.2894423589146,-9681.127524653857,0.006621096032477169,9.0,0.06041666666666666,4200.0,0.000455491744436468,8.998572596208812e-05
6621.1864081974045,4365.649825932238,1616.7160040605904,-9532.03956833273,0.00643970590985343,10.0,0.06041666666666666,4150.0,0.0004989231873653984,9.998413995787569e-05
6894.956751347126,4409.263746782038,1594.9394296446792,-9360.290809665174,0.00630534828961239,11.0,0.06041666666666666,4150.0,0.0005409188801148599,0.00010998255395366325
7151.656236461008,4438.27252960779,1572.011697172883,-9170.519807438941,0.006179285806737144,12.0,0.06041666666666666,4150.0,0.0005814788226848528,0.00011998096794945082
7395.242585220807,4455.893035628472,1546.1545799420956,-8979.007681794625,0.006060034049328367,13.0,0.06041666666666666,4150.0,0.0006206030150753768,0.0001299793819452384
7626.692748695982,4463.9180170055,1521.03706033009,-8785.895944101729,0.00594686169806514,14.0,0.06041666666666666,4150.0,0.0006633165829145729,0.00013997779594102598
7844.787040736319,4463.16111173201,1499.2488877944356,-8590.704764994458,0.00584265341262661,15.0,0.06041666666666666,4150.0,0.0006999282124910266,0.0001499762099368135
8055.78627054497,4456.169310305165,1475.9689304291194,-8405.662697981257,0.005740256515345947,16.0,0.06041666666666666,4150.0,0.0007408470926058865,0.00015997462393260107
8256.991389026924,4442.692767118732,1455.2838176501032,-8226.44914852237,0.005642376435140627,17.0,0.06041666666666666,4150.0,0.0007810480976310121,0.00016997303792838867
8450.85328413897,4425.761952099123,1430.358588748489,-8036.043522121632,0.005552732871398997,18.0,0.06041666666666666,4150.0,0.0008140703517587939,0.00017997145192417624
8636.475593178238,4403.354167616057,1410.9175387040336,-7865.246131970511,0.0054640596711089,19.0,0.06041666666666666,4150.0,0.0008524766690595837,0.0001899698659199638
8817.188089318202,4378.312337799709,1388.4848262999076,-7700.034216495129,0.00537961128262387,20.0,0.06041666666666666,4150.0,0.0008901651112706389,0.00019996827991575138
8990.159327878406,4350.202297226447,1366.2947938106197,-7537.3185388282145,0.00527593771739748,21.0,0.06041666666666666,4100.0,0.0009271356783919598,0.00020996669391153898
9158.962236894693,4319.856061909305,1345.0324597864499,-7382.531698282546,0.0051999493333633965,22.0,0.06041666666666666,4100.0,0.0009633883704235462,0.0002199651079073265
9322.500718843821,4287.686970856669,1330.5546742973959,-7233.945070253278,0.005127468710087937,23.0,0.06041666666666666,4100.0,0.0009989231873653982,0.00022996352190311406
9478.618026820239,4252.891866636629,1312.6198312197519,-7100.883725291082,0.005058272969116837,24.0,0.06041666666666666,4100.0,0.0010337401292175163,0.00023996193589890163
9631.790894565931,4216.913135443954,1292.5498244206656,-6958.62074880892,0.004990038667532062,25.0,0.06041666666666666,4100.0,0.0010678391959798995,0.0002499603498946892
9782.670876975615,4179.712137881595,1273.2597924461938,-6839.988785403075,0.004921235638686701,26.0,0.06041666666666666,4100.0,0.0011012203876525483,0.0002599587638904768
9924.906064034434,4141.763720444373,1259.9438578767906,-6706.771237029097,0.004860845681399311,27.0,0.06041666666666666,4100.0,0.0011435750179468772,0.00026995717788626434
10069.633276737544,4103.384330383532,1237.09226475042,-6601.735059024621,0.0047982376624934415,28.0,0.06041666666666666,4100.0,0.0011758793969849247,0.00027995559188205197
10205.057138200733,4064.4183718880563,1226.2789881793783,-6476.844433792932,0.004741033099294101,29.0,0.06041666666666666,4100.0,0.0012074659009332375,0.0002899540058778395
10340.659158372944,4024.7084419955695,1207.231026246933,-6375.325939002512,0.004682856212653663,30.0,0.06041666666666666,4100.0,0.0012383345297918161,0.000299952419873627
0.0,0.0,0.0,-2.628212131370674,0.008769112199379056,0.0,0.10083333333333333,4300.0,0.0,
1750.1348016768547,1566.2087336732204,831.8509022586023,-4647.203830581988,0.008236878012866164,1.0,0.10083333333333333,4300.0,6.460875807609475e-05,9.998413995787567e-06
2808.3209956693727,2421.5196285665143,1228.5645566589296,-6996.1881881233785,0.007837989186063557,2.0,0.10083333333333333,4250.0,0.00012132089016511126,1.9996827991575134e-05
3560.3408109475563,2960.5249066293172,1425.0357166511258,-8274.259571789014,0.007556351977890679,3.0,0.10083333333333333,4250.0,0.00017444364680545583,2.9995241987362704e-05
4148.059689423779,3329.075971843083,1522.7334615248017,-8979.574654591706,0.007314908696054605,4.0,0.10083333333333333,4250.0,0.00022541277817659725,3.999365598315027e-05
4635.133566048482,3593.256656679586,1572.117022259403,-9353.04292552919,0.007061927672595353,5.0,0.10083333333333333,4200.0,0.0002745872218234027,4.9992069978937845e-05
5055.049090552333,3788.2591619428,1590.7199271321492,-9522.00739971584,0.006874152168248387,6.0,0.10083333333333333,4200.0,0.00032089016511127063,5.999048397472541e-05
5427.024996602781,3934.354691902635,1592.8228181015943,-9564.681909068328,0.006702205908677528,7.0,0.10083333333333333,4200.0,0.00036683417085427134,6.998889797051299e-05
5762.985124816974,4044.399679382278,1584.9436471564097,-9524.699700586338,0.006545435656815691,8.0,0.10083333333333333,4200.0,0.00041062455132806887,7.998731196630054e-05
6070.234820550927,4126.775104321752,1570.8464506058788,-9429.616546961814,0.006400055731449247,9.0,0.10083333333333333,4200.0,0.000455491744436468,8.998572596208812e-05
6356.103666074118,4188.016563238873,1552.0686133703134,-9305.447948641151,0.006263210124660098,10.0,0.10083333333333333,4200.0,0.0004989231873653984,9.998413995787569e-05
6622.242324018284,4231.8600454193265,1532.0347179235764,-9158.3396372075,0.006106013482431417,11.0,0.10083333333333333,4150.0,0.0005409188801148599,0.00010998255395366325
6872.010998021562,4261.632896735927,1510.8160034313164,-8992.756461970006,0.005989131219560284,12.0,0.10083333333333333,4150.0,0.0005814788226848528,0.00011998096794945082
7109.227087196769,4280.357420094849,1486.7059661249368,-8824.875436076647,0.005878394862104965,13.0,0.10083333333333333,4150.0,0.0006206030150753768,0.0001299793819452384
7334.790777354576,4289.820900851109,1463.2377270166967,-8654.671122584943,0.005773186965167498,14.0,0.10083333333333333,4150.0,0.0006633165829145729,0.00013997779594102598
7547.454488360603,4290.675481296448,1442.920649061163,-8480.87876421224,0.0056761726429867985,15.0,0.10083333333333333,4150.0,0.0006999282124910266,0.0001499762099368135
7753.365558139326,4285.545645047445,1421.1229879251764,-8316.85882687466,0.005580748433493598,16.0,0.10083333333333333,4150.0,0.0007408470926058865,0.00015997462393260107
7949.878598145123,4274.063995128465,1401.7781928167465,-8158.2724455230855,0.005489417040171427,17.0,0.10083333333333333,4150.0,0.0007810480976310121,0.00016997303792838867
8139.233206672091,4259.1950759684905,1378.267502711683,-7987.238903609701,0.005405688976409878,18.0,0.10083333333333333,4150.0,0.0008140703517587939,0.00017997145192417624
8320.713996577299,4238.960716640206,1360.0412262651207,-7834.714795864093,0.005322771787177276,19.0,0.10083333333333333,4150.0,0.0008524766690595837,0.0001899698659199638
8497.46383208305,4216.187060379062,1338.8760286490296,-7686.821006492064,0.005243720405148846,20.0,0.10083333333333333,4150.0,0.0008901651112706389,0.00019996827991575138
8666.701419671026,4190.309962404171,1317.9039537038157,-7540.855378939719,0.005169215163099891,21.0,0.10083333333333333,4150.0,0.0009271356783919598,0.00020996669391153898
8831.9155934771,4162.27989103729,1297.7936964504142,-7402.224773779009,0.0050972922840550735,22.0,0.10083333333333333,4150.0,0.0009633883704235462,0.0002199651079073265
8992.035599495903,4132.365028055779,1284.2346570858233,-7268.528790014483,0.005005893078460202,23.0,0.10083333333333333,4100.0,0.0009989231873653982,0.00022996352190311406
9144.962932046205,4099.8480671162315,1267.2757476698393,-7150.465380030997,0.004940878716126724,24.0,0.10083333333333333,4100.0,0.0010337401292175163,0.00023996193589890163
9295.107995274117,4066.2495466005043,1248.2381593928296,-7021.8399435194515,0.004876722139697971,25.0,0.10083333333333333,4100.0,0.0010678391959798995,0.0002499603498946892
9443.094471914252,4031.375153351901,1229.9323516909262,-6917.09665622664,0.004812002689494376,26.0,0.10083333333333333,4100.0,0.0011012203876525483,0.0002599587638904768
9582.577177561701,3995.708017150737,1217.3677869443384,-6796.066793196158,0.0047550986329598765,27.0,0.10083333333333333,4100.0,0.0011435750179468772,0.00026995717788626434
9724.575226925394,3959.617949841173,1195.5616057007862,-6703.626088626297,0.004696083291736608,28.0,0.10083333333333333,4100.0,0.0011758793969849247,0.00027995559188205197
9857.463728167917,3922.8415005291204,1185.3894844241279,-6590.106822917041,0.004642147615112188,29.0,0.10083333333333333,4100.0,0.0012074659009332375,0.0002899540058778395
9990.60384698874,3885.3760030860203,1167.2387164256493,-6500.108336683894,0.004587215384363684,30.0,0.10083333333333333,4100.0,0.0012383345297918161,0.000299952419873627
0.0,0.0,0.0,-2.628212131370674,0.008331459676055747,0.0,0.14125,4300.0,0.0,
1664.965837838906,1489.7554572655224,791.1249384527299,-4432.308200436106,0.007851946923061397,1.0,0.14125,4300.0,6.460875807609475e-05,9.998413995787567e-06
2674.4018922232667,2305.4269129652994,1169.5008369556656,-6690.433950845851,0.007488316352670705,2.0,0.14125,4250.0,0.00012132089016511126,1.9996827991575134e-05
3393.9270580603957,2821.1394243565,1357.867158894567,-7932.096122753312,0.007232716681762148,3.0,0.14125,4250.0,0.00017444364680545583,2.9995241987362704e-05
3957.789780798779,3174.997836052733,1452.3371538756753,-8628.53247836764,0.007013003643478998,4.0,0.14125,4250.0,0.00022541277817659725,3.999365598315027e-05
4426.197847826138,3429.587619694345,1500.7800611508449,-9007.992410886218,0.006818841736569974,5.0,0.14125,4250.0,0.0002745872218234027,4.9992069978937845e-05
4830.818036960803,3618.2239366191593,1519.7911808131469,-9191.310242493571,0.006608247670086346,6.0,0.14125,4200.0,0.00032089016511127063,5.999048397472541e-05
5189.8831999022905,3760.1986745504514,1522.970103326679,-9253.206419578411,0.0064507691614506864,7.0,0.14125,4200.0,0.00036683417085427134,6.998889797051299e-05
5514.6423917851425,3867.6695864979015,1516.5119627888896,-9235.126621436837,0.00630692278316236,8.0,0.14125,4200.0,0.00041062455132806887,7.998731196630054e-05
5812.048081891071,3948.604887421318,1504.0091303274053,-9163.277169240457,0.006173304866075665,9.0,0.14125,4200.0,0.000455491744436468,8.998572596208812e-05
6089.092541172796,4009.293301420362,1486.9563525025383,-9062.707404607783,0.006047326028547684,10.0,0.14125,4200.0,0.0004989231873653984,9.998413995787569e-05
6347.250464453746,4053.186611145824,1468.605403936466,-8938.949764740064,0.005931481887539133,11.0,0.14125,4200.0,0.0005409188801148599,0.00010998255395366325
6589.750575112331,4083.557594740022,1449.0462826332478,-8796.63059881304,0.005822571251495091,12.0,0.14125,4200.0,0.0005814788226848528,0.00011998096794945082
6820.262829680182,4103.233059056992,1426.6420113364798,-8651.399323137652,0.0056901979305698114,13.0,0.14125,4150.0,0.0006206030150753768,0.0001299793819452384
7039.618651875817,4113.993720338067,1404.7875139733671,-8503.252126404754,0.005592816239723411,14.0,0.14125,4150.0,0.0006633165829145729,0.00013997779594102598
7246.545335575295,4116.338264824469,1385.9104997445834,-8350.14034749924,0.005502890011811193,15.0,0.14125,4150.0,0.0006999282124910266,0.0001499762099368135
7447.064982747696,4112.955777013774,1365.5685152079236,-8206.460823267073,0.005414347865597065,16.0,0.14125,4150.0,0.0007408470926058865,0.00015997462393260107
7638.588167023038,4103.366878259796,1347.5431086651763,-8067.874509710266,0.005329495092501816,17.0,0.14125,4150.0,0.0007810480976310121,0.00016997303792838867
7823.151460047651,4090.466759131917,1325.4280074365108,-7915.707100246262,0.005251630033360936,18.0,0.14125,4150.0,0.0008140703517587939,0.00017997145192417624
8000.2111632644755,4072.322910384021,1308.3959911421757,-7780.995493904244,0.005174429916475601,19.0,0.14125,4150.0,0.0008524766690595837,0.0001899698659199638
8172.722997021728,4051.738957381385,1288.4865962041977,-7650.023746451145,0.005100750599829268,20.0,0.14125,4150.0,0.0008901651112706389,0.00019996827991575138
8337.967896175105,4028.031736662052,1268.7234171257057,-7520.232592060449,0.005031237489972141,21.0,0.14125,4150.0,0.0009271356783919598,0.00020996669391153898
8499.337249389151,4002.256211762,1249.7567860180066,-7397.946828187749,0.004964067695775298,22.0,0.14125,4150.0,0.0009633883704235462,0.0002199651079073265
8655.79232808309,3974.5446289356705,1237.1023305675938,-7278.879585304814,0.004900139055818358,23.0,0.14125,4150.0,0.0009989231873653982,0.00022996352190311406
8805.290027120978,3944.30772698693,1221.1177778903002,-7175.413762809112,0.004838533874788604,24.0,0.14125,4150.0,0.0010337401292175163,0.00023996193589890163
8952.170848322035,3913.0008739713317,1203.1055016241185,-7060.13975420552,0.00477819152760018,25.0,0.14125,4150.0,0.0010678391959798995,0.0002499603498946892
9097.022643266731,3880.4134342507577,1185.782549859121,-6969.038245890493,0.004695754467403937,26.0,0.14125,4100.0,0.0011012203876525483,0.0002599587638904768
9233.533959829756,3847.0301746577607,1173.9659057692827,-6860.110859176042,0.004642364715502125,27.0,0.14125,4100.0,0.0011435750179468772,0.00026995717788626434
9372.57656320586,3813.1667315616774,1153.2061153492562,-6780.1149918682495,0.004586973846722562,28.0,0.14125,4100.0,0.0011758793969849247,0.00027995559188205197
9502.722538544895,3778.560606380973,1143.6733374783787,-6677.906883306561,0.004536334905553071,29.0,0.14125,4100.0,0.0012074659009332375,0.0002899540058778395
9633.184458355583,3743.3557290799345,1126.420157310372,-6599.35247048911,0.00448468660894855,30.0,0.14125,4100.0,0.0012383345297918161,0.000299952419873627
0.0,0.0,0.0,-2.628212131370674,0.007898558205400056,0.0,0.18166666666666664,4300.0,0.0,
1580.473347196945,1413.9315201756558,750.7444244266785,-4217.955092750148,0.007468405232569556,1.0,0.18166666666666664,4300.0,6.460875807609475e-05,9.998413995787567e-06
2541.2366229506533,2190.0428345571913,1110.8072212059506,-6383.547539326246,0.007138149800280744,2.0,0.18166666666666664,4250.0,0.00012132089016511126,1.9996827991575134e-05
3228.087884017831,2682.3217626782225,1290.9740079466665,-7586.59125804605,0.006907219802890819,3.0,0.18166666666666664,4250.0,0.00017444364680545583,2.9995241987362704e-05
3767.8010350132004,3021.2616828121227,1382.0856400282194,-8271.873192871579,0.006708187488216816,4.0,0.18166666666666664,4250.0,0.00022541277817659725,3.999365598315027e-05
4217.19761239916,3266.0068854842652,1429.4551478105384,-8655.166544015425,0.0065318849814819,5.0,0.18166666666666664,4250.0,0.0002745872218234027,4.9992069978937845e-05
4606.15599954349,3448.021899449348,1448.7529674577825,-8850.799008956761,0.0063379918962171424,6.0,0.18166666666666664,4200.0,0.00032089016511127063,5.999048397472541e-05
4951.935177506494,3585.6251208434205,1452.9006042759952,-8930.06918454951,0.006194431916852442,7.0,0.18166666666666664,4200.0,0.00036683417085427134,6.998889797051299e-05
5265.118445946261,3690.287090331839,1447.7679342741342,-8932.210525173512,0.006063058406398682,8.0,0.18166666666666664,4200.0,0.00041062455132806887,7.998731196630054e-05
5552.309988947551,3769.566363489233,1436.7781015800563,-8882.075169055715,0.005940824425431867,9.0,0.18166666666666664,4200.0,0.000455491744436468,8.998572596208812e-05
5820.162867037503,3829.497603194359,1421.3804939252918,-8803.719426526011,0.0058253926316557,10.0,0.18166666666666664,4200.0,0.0004989231873653984,9.998413995787569e-05
6069.987179894468,3873.256260911067,1404.652750924614,-8702.084453178926,0.005719074171000129,11.0,0.18166666666666664,4200.0,0.0005409188801148599,0.00010998255395366325
6304.873922230445,3904.053250915622,1386.7005123467934,-8582.115395678185,0.005618985191893962,12.0,0.18166666666666664,4200.0,0.0005814788226848528,0.00011998096794945082
6528.343630856932,3924.524699942184,1365.9590074658693,-8458.429330383027,0.005523770269580389,13.0,0.18166666666666664,4200.0,0.0006206030150753768,0.0001299793819452384
6741.160891774172,3936.4395755289133,1345.6808984137365,-8331.303606405505,0.00540563373548121,14.0,0.18166666666666664,4150.0,0.0006633165829145729,0.00013997779594102598
6942.036077087326,3940.1539150838653,1328.2101623137546,-8198.091245807387,0.00532267132148752,15.0,0.18166666666666664,4150.0,0.0006999282124910266,0.0001499762099368135
7136.855101171688,3938.397142521875,1309.290716787661,-8074.0034678762895,0.005240902515332174,16.0,0.18166666666666664,4150.0,0.0007408470926058865,0.00015997462393260107
7323.075137632848,3930.593225211991,1292.5605819111242,-7954.72169039752,0.005162441055116243,17.0,0.18166666666666664,4150.0,0.0007810480976310121,0.00016997303792838867
7502.554159215484,3919.5610973169223,1271.8234384372072,-7820.849427409601,0.005090369777794903,18.0,0.18166666666666664,4150.0,0.0008140703517587939,0.00017997145192417624
7674.910671607107,3903.4258931975896,1255.9632637554394,-7703.422026092441,0.0050188317311088805,19.0,0.18166666666666664,4150.0,0.0008524766690595837,0.0001899698659199638
7842.89581099355,3884.9462895208844,1237.2981977618388,-7588.912897329981,0.00495048334124637,20.0,0.18166666666666664,4150.0,0.0008901651112706389,0.00019996827991575138
8003.8725522506265,3863.336736632269,1218.73172740818,-7474.894265265233,0.004885932948615196,21.0,0.18166666666666664,4150.0,0.0009271356783919598,0.00020996669391153898
8161.133022737236,3839.7525486016207,1200.901575115808,-7368.54667236103,0.004823497570258742,22.0,0.18166666666666664,4150.0,0.0009633883704235462,0.0002199651079073265
8313.665391519666,3814.1898618573723,1189.138127149027,-7263.867018621124,0.0047640256816268885,23.0,0.18166666666666664,4150.0,0.0009989231873653982,0.00022996352190311406
8459.483185874931,3786.2050367334614,1174.1195297810204,-7174.799772247956,0.004706647577721779,24.0,0.18166666666666664,4150.0,0.0010337401292175163,0.00023996193589890163
8602.855105952549,3757.1234798241385,1157.1277727852528,-7072.799062026701,0.004650409546903095,25.0,0.18166666666666664,4150.0,0.0010678391959798995,0.0002499603498946892
8744.316934938588,3726.7784041787977,1140.785312615341,-6994.139346687669,0.004593433126466689,26.0,0.18166666666666664,4150.0,0.0011012203876525483,0.0002599587638904768
8877.625492348472,3695.643027573638,1129.7111700591277,-6897.935261261155,0.004543154008275053,27.0,0.18166666666666664,4150.0,0.0011435750179468772,0.00026995717788626434
9013.478034138923,3663.9768179700577,1110.0009026057992,-6829.829254977049,0.004491004541450598,28.0,0.18166666666666664,4150.0,0.0011758793969849247,0.00027995559188205197
9140.658409725525,3631.5390582887435,1101.1007245998717,-6738.967651834617,0.00442327265262214,29.0,0.18166666666666664,4100.0,0.0012074659009332375,0.0002899540058778395
9268.228121465108,3598.5506894005116,1084.7443561739071,-6671.723878119439,0.004374939113533063,30.0,0.18166666666666664,4100.0,0.0012383345297918161,0.000299952419873627
0.0,0.0,0.0,-2.628212131370674,0.007470292436249868,0.0,0.2220833333333333,4300.0,0.0,
1496.644124935223,1338.7246027347117,710.7022926581319,-4004.151387343736,0.0070862541318032855,1.0,0.2220833333333333,4300.0,6.460875807609475e-05,9.998413995787567e-06
2408.8191370221994,2075.362111753135,1052.4835047367333,-6075.690180639351,0.006829444074754997,2.0,0.2220833333333333,4300.0,0.00012132089016511126,1.9996827991575134e-05
3062.826547117323,2544.0753964914556,1224.357034894368,-7237.832145430315,0.006579918221920025,3.0,0.2220833333333333,4250.0,0.00017444364680545583,2.9995241987362704e-05
3578.1038381603857,2867.8774247631554,1311.982474298364,-7909.699520198868,0.006400517663045006,4.0,0.2220833333333333,4250.0,0.00022541277817659725,3.999365598315027e-05
4008.1478416392283,3102.528001585671,1358.148289126427,-8294.650757524658,0.00624123544375264,5.0,0.2220833333333333,4250.0,0.0002745872218234027,4.9992069978937845e-05
4381.081329356262,3277.67126298835,1377.6124498146971,-8500.72314975541,0.006098249196776523,6.0,0.2220833333333333,4250.0,0.00032089016511127063,5.999048397472541e-05
4713.197970280191,3410.6537866818567,1382.6185638751092,-8595.325533102354,0.005933215523299646,7.0,0.2220833333333333,4200.0,0.00036683417085427134,6.998889797051299e-05
5014.432196455061,3512.2727942481824,1378.7174559129128,-8615.9678517875,0.005813845448694246,8.0,0.2220833333333333,4200.0,0.00041062455132806887,7.998731196630054e-05
5291.0350570358105,3589.674070680255,1369.1561243880487,-8585.980530471577,0.005702598037718357,9.0,0.2220833333333333,4200.0,0.000455491744436468,8.998572596208812e-05
5549.3265086164665,3648.643214920966,1355.337835083914,-8528.40165502191,0.005597373380157172,10.0,0.2220833333333333,4200.0,0.0004989231873653984,9.998413995787569e-05
5790.455921335982,3692.0807146403577,1340.1733085417814,-8447.605325665667,0.005500299752367965,11.0,0.2220833333333333,4200.0,0.0005409188801148599,0.00010998255395366325
6017.378636515061,3723.1310984395523,1323.7738349310218,-8348.804688881239,0.00540879215828929,12.0,0.2220833333333333,4200.0,0.0005814788226848528,0.00011998096794945082
6233.461803050349,3744.240622167719,1304.6489848105189,-8245.745703806344,0.005321609558461007,13.0,0.2220833333333333,4200.0,0.0006206030150753768,0.0001299793819452384
6439.401795635564,3757.1610084863405,1285.90734499031,-8138.372032756015,0.005238704655613356,14.0,0.2220833333333333,4200.0,0.0006633165829145729,0.00013997779594102598
6633.903891519856,3762.158940366114,1269.807139638919,-8024.403760310954,0.005161974078756853,15.0,0.2220833333333333,4200.0,0.0006999282124910266,0.0001499762099368135
6822.699216716412,3761.8611643190607,1252.2806920559126,-7919.024334098809,0.005060261420861285,16.0,0.2220833333333333,4150.0,0.0007408470926058865,0.00015997462393260107
7003.300718116219,3755.780201977516,1236.8189464978323,-7818.27989751604,0.004988085627751182,17.0,0.2220833333333333,4150.0,0.0007810480976310121,0.00016997303792838867
7177.395092615188,3746.4666864829906,1217.4389388872362,-7702.065975783989,0.004921722381420193,18.0,0.2220833333333333,4150.0,0.0008140703517587939,0.00017997145192417624
7344.744179824246,3732.291996083391,1202.7283011327186,-7601.325354297565,0.004855774110824867,19.0,0.2220833333333333,4150.0,0.0008524766690595837,0.0001899698659199638
7507.910764866198,3715.7854427951197,1185.2917487767256,-7502.751662218914,0.004792699178659032,20.0,0.2220833333333333,4150.0,0.0008901651112706389,0.00019996827991575138
7664.337362596957,3696.204967872343,1167.9109308771024,-7404.0384641784985,0.004733067303884123,21.0,0.2220833333333333,4150.0,0.0009271356783919598,0.00020996669391153898
7817.208949578453,3674.7364983827483,1151.2053859028822,-7313.15240419875,0.004675332335505467,22.0,0.2220833333333333,4150.0,0.0009633883704235462,0.0002199651079073265
7965.550659194968,3651.2647957141335,1140.3177362195966,-7222.480745469111,0.0046202921196194825,23.0,0.2220833333333333,4150.0,0.0009989231873653982,0.00022996352190311406
8107.431294058832,3625.4797980118765,1126.2581437349959,-7147.408259271455,0.004567126462893849,24.0,0.2220833333333333,4150.0,0.0010337401292175163,0.00023996193589890163
8247.03085845901,3598.572173383783,1110.2787011003074,-7058.402843806274,0.004514983888366509,25.0,0.2220833333333333,4150.0,0.0010678391959798995,0.0002499603498946892
8384.843434930379,3570.472588115257,1094.913176604437,-6991.724798515061,0.00446212767049064,26.0,0.2220833333333333,4150.0,0.0011012203876525483,0.0002599587638904768
8514.715561828672,3541.5028461814973,1084.568708700997,-6908.385178751763,0.004415407546259051,27.0,0.2220833333333333,4150.0,0.0011435750179468772,0.00026995717788626434
8647.120127886992,3511.994371538888,1065.915329068068,-6851.017253583879,0.0043669278120106216,28.0,0.2220833333333333,4150.0,0.0011758793969849247,0.00027995559188205197
8771.104800071675,3481.7484883793254,1057.6409093032291,-6772.384690756204,0.00432258006970314,29.0,0.2220833333333333,4150.0,0.0012074659009332375,0.0002899540058778395
8895.54852757496,3450.8980880758704,1042.179418504458,-6715.266827440384,0.004277245041984073,30.0,0.2220833333333333,4150.0,0.0012383345297918161,0.000299952419873627
0.0,0.0,0.0,-2.628212131370674,0.007046551486701917,0.0,0.2625,4300.0,0.0,
1413.470148099972,1264.1274943918042,670.9937652029819,-3790.9033697302293,0.0067054942616756805,1.0,0.2625,4300.0,6.460875807609475e-05,9.998413995787567e-06
2277.1439082538586,1961.3798698605756,994.5255423588367,-5766.807060271065,0.006476529794937272,2.0,0.2625,4300.0,0.00012132089016511126,1.9996827991575134e-05
2898.1455168917546,2406.403096822344,1158.0194812727693,-6885.904377980776,0.0062508675251923395,3.0,0.2625,4250.0,0.00017444364680545583,2.9995241987362704e-05
3388.7077322129435,2714.855480481327,1242.0342542860906,-7542.113104699041,0.006090051095263349,4.0,0.2625,4250.0,0.00022541277817659725,3.999365598315027e-05
3799.064187968054,2939.1661227603468,1286.8661632091437,-7926.546208954773,0.005946942884448382,5.0,0.2625,4250.0,0.0002745872218234027,4.9992069978937845e-05
4155.61256597853,3107.1881116162012,1306.3760629593917,-8141.039247714834,0.005818208005017529,6.0,0.2625,4250.0,0.00032089016511127063,5.999048397472541e-05
4473.692087721045,3235.304038893387,1312.1281115226539,-8249.101636402862,0.005699542741743478,7.0,0.2625,4250.0,0.00036683417085427134,6.998889797051299e-05
4762.601130068815,3333.646649008038,1309.3641501625932,-8286.419093589015,0.005559289511974851,8.0,0.2625,4200.0,0.00041062455132806887,7.998731196630054e-05
5028.242086006276,3408.9527395999967,1301.148344275595,-8274.968486170976,0.005458612313687804,9.0,0.2625,4200.0,0.000455491744436468,8.998572596208812e-05
5276.597240262128,3466.749507971528,1288.8333809865858,-8236.678417084244,0.005363234577287557,10.0,0.2625,4200.0,0.0004989231873653984,9.998413995787569e-05
5508.66566046298,3509.6759101659527,1275.1674200346042,-8175.379769017411,0.005275104776913302,11.0,0.2625,4200.0,0.0005409188801148599,0.00010998255395366325
5727.267715194833,3540.802183335307,1260.2647672942217,-8096.505120047383,0.00519191800390895,12.0,0.2625,4200.0,0.0005814788226848528,0.00011998096794945082
5935.612891579216,3562.414563890857,1242.7089080807946,-8012.940944532456,0.005112544338938193,13.0,0.2625,4200.0,0.0006206030150753768,0.0001299793819452384
6134.332060671715,3576.162632259646,1225.4624108521275,-7924.262252701927,0.005036981487380079,14.0,0.2625,4200.0,0.0006633165829145729,0.00013997779594102598
6322.128790950011,3582.308234393188,1210.6951369638143,-7828.870939632237,0.004966947923360006,15.0,0.2625,4200.0,0.0006999282124910266,0.0001499762099368135
6504.568564196802,3583.3423200087072,1194.5279448106753,-7741.291538158024,0.004897683136247261,16.0,0.2625,4200.0,0.0007408470926058865,0.00015997462393260107
6679.230461627939,3578.8683600890017,1180.2984352747496,-7657.962334215255,0.0048309215293440635,17.0,0.2625,4200.0,0.0007810480976310121,0.00016997303792838867
6847.623630233794,3571.168714802023,1162.2596156620154,-7558.7566455854685,0.004745502074898413,18.0,0.2625,4150.0,0.0008140703517587939,0.00017997145192417624
7009.6568393625885,3558.8695750476654,1148.6755103157627,-7474.037004395024,0.004685053512020999,19.0,0.2625,4150.0,0.0008524766690595837,0.0001899698659199638
7167.698961404825,3544.235595050209,1132.4490564641596,-7390.800670104167,0.004627177384542615,20.0,0.2625,4150.0,0.0008901651112706389,0.00019996827991575138
7319.284061473526,3526.6646281992976,1116.2374656345858,-7306.855928680612,0.0045724038891062115,21.0,0.2625,4150.0,0.0009271356783919598,0.00020996669391153898
7467.481416485311,3507.183040087148,1100.6458723947376,-7230.885355379971,0.004519319589199574,22.0,0.2625,4150.0,0.0009633883704235462,0.0002199651079073265
7611.346571925428,3485.7357359512416,1090.618448574386,-7153.773046375332,0.004468671163578754,23.0,0.2625,4150.0,0.0009989231873653982,0.00022996352190311406
7749.019554067146,3462.092410371277,1077.5081856904364,-7092.223626247287,0.0044196887382190585,24.0,0.2625,4150.0,0.0010337401292175163,0.00023996193589890163
7884.575386200514,3437.3070619680466,1062.5349939999144,-7015.86707151102,0.004371618868634617,25.0,0.2625,4150.0,0.0010678391959798995,0.0002499603498946892
8018.464580724186,3411.424157572748,1048.1384499640662,-6960.82378860368,0.004322862480631673,26.0,0.2625,4150.0,0.0011012203876525483,0.0002599587638904768
8144.649478168887,3384.5572103836616,1038.5159663785328,-6890.024310061854,0.004279696960200622,27.0,0.2625,4150.0,0.0011435750179468772,0.00026995717788626434
8273.343484787203,3357.166696886692,1020.9198224296531,-6843.120935784951,0.004234883618810526,28.0,0.2625,4150.0,0.0011758793969849247,0.00027995559188205197
8393.887978740237,3329.0782594131106,1013.2650046281282,-6776.461384909802,0.0041938757842174485,29.0,0.2625,4150.0,0.0012074659009332375,0.0002899540058778395
8514.9554955771,3300.334960525158,998.6968369318779,-6728.900472903762,0.004151897718048162,30.0,0.2625,4150.0,0.0012383345297918161,0.000299952419873627
0.0,0.0,0.0,-2.628212131370674,0.006627228684539537,0.0,0.30291666666666667,4300.0,0.0,
1330.9388991562619,1190.12851966954,631.613890777327,-3578.2167938645725,0.00632612572865618,1.0,0.30291666666666667,4300.0,6.460875807609475e-05,9.998413995787567e-06
2146.205507615419,1848.091390609746,936.9336830225016,-5456.946796798678,0.006123209496399555,2.0,0.30291666666666667,4300.0,0.00012132089016511126,1.9996827991575134e-05
2734.0480270984594,2269.308280262785,1091.9633091258656,-6530.891420122629,0.005920122625627711,3.0,0.30291666666666667,4250.0,0.00017444364680545583,2.9995241987362704e-05
3199.624316686497,2562.2070994637515,1172.2452789264855,-7169.214378920755,0.005776844701443684,4.0,0.30291666666666667,4250.0,0.00022541277817659725,3.999365598315027e-05
3589.962984527138,2775.9382999218997,1215.6166913543962,-7550.953803150485,0.0056490580014506905,5.0,0.30291666666666667,4250.0,0.0002745872218234027,4.9992069978937845e-05
3929.7680890848924,2936.5922815301155,1235.0502074701567,-7771.80782942324,0.005533869823431899,6.0,0.30291666666666667,4250.0,0.00032089016511127063,5.999048397472541e-05
4233.438223062831,3059.596385425448,1241.4390190352085,-7891.540957250254,0.0054274927923748505,7.0,0.30291666666666667,4250.0,0.00036683417085427134,6.998889797051299e-05
4509.646191894343,3154.427586008072,1239.710840093854,-7943.617065197264,0.005329535145113889,8.0,0.30291666666666667,4250.0,0.00041062455132806887,7.998731196630054e-05
4763.946962734881,3227.4176004554183,1232.7563535738643,-7949.0199546530785,0.005208856766558052,9.0,0.30291666666666667,4200.0,0.000455491744436468,8.998572596208812e-05
5001.988952377649,3283.832984150253,1221.86843279038,-7928.4799674501555,0.005122946131549252,10.0,0.30291666666666667,4200.0,0.0004989231873653984,9.998413995787569e-05
5224.627420710445,3326.0585576020235,1209.6348338824448,-7885.282418788294,0.005043438649009326,11.0,0.30291666666666667,4200.0,0.0005409188801148599,0.00010998255395366325
5434.545846524525,3357.081607372372,1196.1705972608545,-7825.0316798177955,0.004968291628040411,12.0,0.30291666666666667,4200.0,0.0005814788226848528,0.00011998096794945082
5634.794243943579,3379.043022447467,1180.1328652176462,-7759.764136297796,0.004896483363554401,13.0,0.30291666666666667,4200.0,0.0006206030150753768,0.0001299793819452384
5825.94028587882,3393.4515920811996,1164.3375163139601,-7688.69535685872,0.004828046641941469,14.0,0.30291666666666667,4200.0,0.0006633165829145729,0.00013997779594102598
6006.6932552642,3400.6056382662096,1150.863396983994,-7610.876126166593,0.004764529329586801,15.0,0.30291666666666667,4200.0,0.0006999282124910266,0.0001499762099368135
6182.437510466872,3402.8425800653667,1136.0213341201586,-7540.238293564929,0.00470164398138196,16.0,0.30291666666666667,4200.0,0.0007408470926058865,0.00015997462393260107
6350.828233511618,3399.85478131892,1122.9908159512022,-7473.132177208536,0.004640954037834377,17.0,0.30291666666666667,4200.0,0.0007810480976310121,0.00016997303792838867
6513.195948460898,3393.659064077627,1106.2698947981262,-7390.603288108199,0.004585038017936791,18.0,0.30291666666666667,4200.0,0.0008140703517587939,0.00017997145192417624
6669.5947496256695,3383.132502579327,1093.785074206198,-7321.027960553263,0.004529529142030244,19.0,0.30291666666666667,4200.0,0.0008524766690595837,0.0001899698659199638
6822.203348387298,3370.2831691936767,1078.7470331275376,-7252.323635980414,0.0044763531244632945,20.0,0.30291666666666667,4200.0,0.0008901651112706389,0.00019996827991575138
6968.635527033255,3354.6324693922547,1063.692982368512,-7182.533490663947,0.004403704680131647,21.0,0.30291666666666667,4150.0,0.0009271356783919598,0.00020996669391153898
7111.866648283137,3337.067099997488,1049.1951374589237,-7120.856756206296,0.00435520523189869,22.0,0.30291666666666667,4150.0,0.0009633883704235462,0.0002199651079073265
7250.960385652239,3317.628498850477,1040.0152792365568,-7056.788691712027,0.0043088921713564715,23.0,0.30291666666666667,4150.0,0.0009989231873653982,0.00022996352190311406
7384.147595730716,3296.0136106058562,1027.8366005199753,-7008.2140445603145,0.004264049420906417,24.0,0.30291666666666667,4150.0,0.0010337401292175163,0.00023996193589890163
7515.366858782484,3273.2888774478206,1013.8676945658948,-6944.093383316518,0.004220013464093747,25.0,0.30291666666666667,4150.0,0.0010678391959798995,0.0002499603498946892
7645.047913859437,3249.56571724098,1000.4322469341695,-6900.266157509344,0.004175322669315901,26.0,0.30291666666666667,4150.0,0.0011012203876525483,0.0002599587638904768
7767.278344043383,3224.7568426771395,991.5224209332074,-6841.614495786285,0.004135692664092212,27.0,0.30291666666666667,4150.0,0.0011435750179468772,0.00026995717788626434
7891.990516538997,3199.504124898229,974.9840273690136,-6804.832128116199,0.004094529849554466,28.0,0.30291666666666667,4150.0,0.0011758793969849247,0.00027995559188205197
8008.840077459091,3173.474553023771,967.9371260560524,-6749.78104129211,0.004056848302686269,29.0,0.30291666666666667,4150.0,0.0012074659009332375,0.0002899540058778395
8126.270110083284,3146.805091843334,954.2634675432619,-6711.528759389752,0.004018222636453501,30.0,0.30291666666666667,4150.0,0.0012383345297918161,0.000299952419873627
0.0,0.0,0.0,-2.628212131370674,0.006212221346887208,0.0,0.3433333333333333,4300.0,0.0,
1249.041094484714,1116.7191831810808,592.5589723068101,-3366.096967062229,0.005948148089516263,1.0,0.3433333333333333,4300.0,6.460875807609475e-05,9.998413995787567e-06
2015.99960760749,1735.4929048999477,879.7038500206273,-5146.157287038266,0.005769521607290114,2.0,0.3433333333333333,4300.0,0.00012132089016511126,1.9996827991575134e-05
2570.5374727974768,2132.7945040663467,1026.191146122463,-6172.875294959798,0.005587737361469686,3.0,0.3433333333333333,4250.0,0.00017444364680545583,2.9995241987362704e-05
3010.863352637093,2409.941905249294,1102.6220277586715,-6791.102969955493,0.0054609550282334884,4.0,0.3433333333333333,4250.0,0.00022541277817659725,3.999365598315027e-05
3380.8602886696453,2612.8599413585534,1144.404325644426,-7167.9751389523735,0.005347631776745022,5.0,0.3433333333333333,4250.0,0.0002745872218234027,4.9992069978937845e-05
3703.567691062677,2765.9035613716446,1163.6422877758105,-7393.117565799759,0.005245275014545847,6.0,0.3433333333333333,4250.0,0.00032089016511127063,5.999048397472541e-05
3992.4574120366215,2883.5536222582464,1170.5573306992712,-7522.56776961813,0.005150573716283794,7.0,0.3433333333333333,4250.0,0.00036683417085427134,6.998889797051299e-05
4255.589847750118,2974.6422150495996,1169.766995414757,-7587.773236621419,0.005063214255197251,8.0,0.3433333333333333,4250.0,0.00041062455132806887,7.998731196630054e-05
4498.1712708450095,3045.095030359051,1163.9852786392294,-7608.159553352634,0.004981472745460568,9.0,0.3433333333333333,4250.0,0.000455491744436468,8.998572596208812e-05
4725.518916192266,3099.9164780218875,1154.4451569271394,-7603.743611046164,0.0048764810232759526,10.0,0.3433333333333333,4200.0,0.0004989231873653984,9.998413995787569e-05
4938.355940681461,3141.249276065576,1143.5745156598507,-7577.196420618253,0.004805254224123501,11.0,0.3433333333333333,4200.0,0.0005409188801148599,0.00010998255395366325
5139.220653274336,3171.9865324926795,1131.4892613443951,-7534.206660922326,0.004737846071078122,12.0,0.3433333333333333,4200.0,0.0005814788226848528,0.00011998096794945082
5331.008023133332,3194.126857995578,1116.9181245256661,-7485.972447769513,0.004673338526413325,13.0,0.3433333333333333,4200.0,0.0006206030150753768,0.0001299793819452384
5514.222436986179,3209.0409706642686,1102.5278926057504,-7431.363902973208,0.004611791478450284,14.0,0.3433333333333333,4200.0,0.0006633165829145729,0.00013997779594102598
5687.58580756479,3217.0592942372605,1090.3041070747222,-7370.04377822722,0.004554589641670703,15.0,0.3433333333333333,4200.0,0.0006999282124910266,0.0001499762099368135
5856.285818297594,3220.3652778288492,1076.7472099743438,-7315.320829138982,0.004497898130999177,16.0,0.3433333333333333,4200.0,0.0007408470926058865,0.00015997462393260107
6018.059791741874,3218.735109138328,1064.88201541183,-7263.487385198707,0.004443116480599907,17.0,0.3433333333333333,4200.0,0.0007810480976310121,0.00016997303792838867
6174.0761448872445,3213.935607495467,1049.4546363260172,-7196.822422142002,0.004392593479041702,18.0,0.3433333333333333,4200.0,0.0008140703517587939,0.00017997145192417624
6324.506093216055,3205.071103060544,1038.0421552017135,-7141.724212085697,0.004342381914026514,19.0,0.3433333333333333,4200.0,0.0008524766690595837,0.0001899698659199638
6471.357951282211,3193.911195069328,1024.1675147173328,-7086.954129185928,0.004294229561338906,20.0,0.3433333333333333,4200.0,0.0008901651112706389,0.00019996827991575138
6612.323486906608,3180.0914843380347,1010.2552430715878,-7030.525532545551,0.004248584956598408,21.0,0.3433333333333333,4200.0,0.0009271356783919598,0.00020996669391153898
6750.273516489008,3164.3606559339555,996.8364291801779,-6982.316050018875,0.004203975568037609,22.0,0.3433333333333333,4200.0,0.0009633883704235462,0.0002199651079073265
6884.2925927560345,3146.868029400799,988.4843022926841,-6930.584688130839,0.004161650833284335,23.0,0.3433333333333333,4200.0,0.0009989231873653982,0.00022996352190311406
7012.703161975626,3127.2083569743163,977.2241284900798,-6894.3364530418185,0.004099919534069656,24.0,0.3433333333333333,4150.0,0.0010337401292175163,0.00023996193589890163
7139.287816568438,3106.5178784115847,964.249097723269,-6841.966982731727,0.0040598634487202575,25.0,0.3433333333333333,4150.0,0.0010678391959798995,0.0002499603498946892
7264.466780858096,3084.8592589589734,951.7636856726475,-6808.8637913751445,0.004019187226023238,26.0,0.3433333333333333,4150.0,0.0011012203876525483,0.0002599587638904768
7382.4616299786785,3062.058845121975,943.5571535544245,-6761.893689526572,0.003983059893774333,27.0,0.3433333333333333,4150.0,0.0011435750179468772,0.00026995717788626434
7502.904749444874,3038.9071671771485,928.0766047616853,-6734.816994517161,0.003945516089156554,28.0,0.3433333333333333,4150.0,0.0011758793969849247,0.00027995559188205197
7615.7980290322785,3014.888290011112,921.6214752290493,-6690.94218342891,0.00391113331214489,29.0,0.3433333333333333,4150.0,0.0012074659009332375,0.0002899540058778395
7729.307006192025,2990.2567418493218,908.8457577623963,-6661.676808568955,0.0038758428555777935,30.0,0.3433333333333333,4150.0,0.0012383345297918161,0.000299952419873627
0.0,0.0,0.0,-2.628212131370674,0.005801430571791282,0.0,0.38375,4300.0,0.0,
1167.767685464368,1043.8911754350154,553.8229174127285,-3154.5486995479005,0.005571560480019353,1.0,0.38375,4300.0,6.460875807609475e-05,9.998413995787567e-06
1886.5207883201545,1623.5792118687625,822.8381319677121,-4834.484756334321,0.005415503468652705,2.0,0.38375,4300.0,0.00012132089016511126,1.9996827991575134e-05
2407.6171360073363,1996.8641547727343,960.7053494369095,-5811.966608506307,0.0052863959964027695,3.0,0.38375,4300.0,0.00017444364680545583,2.9995241987362704e-05
2822.435734725612,2258.0690299290804,1033.1701499380833,-6407.877264078888,0.005142438568020206,4.0,0.38375,4250.0,0.00022541277817659725,3.999365598315027e-05
3171.7723393594783,2449.9451162433984,1073.2379047324353,-6777.711887444406,0.005042716019804708,5.0,0.38375,4250.0,0.0002745872218234027,4.9992069978937845e-05
3477.0331274088217,2595.15364074125,1092.1614121689297,-7005.058574378105,0.004952465396914938,6.0,0.38375,4250.0,0.00032089016511127063,5.999048397472541e-05
3750.7720403915246,2707.1958119811966,1099.4897604728142,-7142.250043486187,0.004868813188142215,7.0,0.38375,4250.0,0.00036683417085427134,6.998889797051299e-05
4000.45395862061,2794.310585995587,1099.5370644429117,-7218.723540563929,0.004791512698190108,8.0,0.38375,4250.0,0.00041062455132806887,7.998731196630054e-05
4230.937247372048,2862.0070098776396,1094.84009600818,-7252.563575908549,0.004719070163347842,9.0,0.38375,4250.0,0.000455491744436468,8.998572596208812e-05
4447.207834237269,2915.0223363976083,1086.567631285386,-7262.505453536352,0.004650182686451776,10.0,0.38375,4250.0,0.0004989231873653984,9.998413995787569e-05
4649.867423985334,2955.289294006406,1076.9887256075688,-7251.012833668508,0.004560508459703607,11.0,0.38375,4200.0,0.0005409188801148599,0.00010998255395366325
4841.306169178712,2985.535370634925,1066.2183128189588,-7223.861261323749,0.004500517860375609,12.0,0.38375,4200.0,0.0005814788226848528,0.00011998096794945082
5024.2588887016145,3007.6796002491897,1053.058377822666,-7191.332383013352,0.004443025504818096,13.0,0.38375,4200.0,0.0006206030150753768,0.0001299793819452384
5199.176224047665,3022.9408293275956,1040.0244491819387,-7151.969982845956,0.004388110965192723,14.0,0.38375,4200.0,0.0006633165829145729,0.00013997779594102598
5364.7970547066725,3031.6780506784708,1029.0075055904117,-7106.008136774355,0.00433700342663518,15.0,0.38375,4200.0,0.0006999282124910266,0.0001499762099368135
5526.0965529884725,3035.917128273436,1016.6996560553557,-7066.100849370283,0.0042862996054512095,16.0,0.38375,4200.0,0.0007408470926058865,0.00015997462393260107
5680.898724191975,3035.5113820841784,1005.9599820910246,-7028.515331787305,0.0042372421624795546,17.0,0.38375,4200.0,0.0007810480976310121,0.00016997303792838867
5830.225283115202,3031.994312441557,991.7961511890351,-6976.7504682420695,0.004191953158837686,18.0,0.38375,4200.0,0.0008140703517587939,0.00017997145192417624
5974.348058807396,3024.680789496981,981.4281332464824,-6935.241126492467,0.0041468924689046,19.0,0.38375,4200.0,0.0008524766690595837,0.0001899698659199638
6115.104282538448,3015.1075982933667,968.694404145168,-6893.584159054124,0.0041036347073217265,20.0,0.38375,4200.0,0.0008901651112706389,0.00019996827991575138
6250.278343379778,3003.024267084498,955.9036242457249,-6849.890516228341,0.004062586707152273,21.0,0.38375,4200.0,0.0009271356783919598,0.00020996669391153898
6382.629144528894,2989.0477599519413,943.5457059179706,-6814.500243679424,0.004022427599886236,22.0,0.38375,4200.0,0.0009633883704235462,0.0002199651079073265
6511.256838476166,2973.4199590447743,935.9980354055226,-6774.572240108515,0.003984295227626132,23.0,0.38375,4200.0,0.0009989231873653982,0.00022996352190311406
6634.581863083198,2955.646802125655,925.6427773176296,-6749.190645319293,0.003947159141838009,24.0,0.38375,4200.0,0.0010337401292175163,0.00023996193589890163
6756.223110145398,2936.9530786630658,913.6500847849035,-6708.587960638972,0.003910659637518215,25.0,0.38375,4200.0,0.0010678391959798995,0.0002499603498946892
6876.59315119196,2917.2667289488613,902.1012438718486,-6685.532698767987,0.0038737430141842083,26.0,0.38375,4200.0,0.0011012203876525483,0.0002599587638904768
6990.058163682651,2896.4295217327603,894.5913895884072,-6649.588928438243,0.003840609755974096,27.0,0.38375,4200.0,0.0011435750179468772,0.00026995717788626434
7105.934527707254,2875.316840572222,880.1629306390118,-6631.723030430068,0.003787484603551998,28.0,0.38375,4150.0,0.0011758793969849247,0.00027995559188205197
7214.5881765098,2853.264863548358,874.2950416048654,-6598.511746644894,0.003756360056944205,29.0,0.38375,4150.0,0.0012074659009332375,0.0002899540058778395
7323.890247892526,2830.699803081447,862.4063076719308,-6577.840369982703,0.0037243715094226206,30.0,0.38375,4150.0,0.0012383345297918161,0.000299952419873627
0.0,0.0,0.0,-2.628212131370674,0.005394761022132862,0.0,0.42416666666666664,4300.0,0.0,
1087.1075340015352,971.6341074982147,515.4010779141992,-2943.576351270225,0.005196361624474196,1.0,0.42416666666666664,4300.0,6.460875807609475e-05,9.998413995787567e-06
1757.7652750415582,1512.3471389072918,766.3314882877545,-4521.974154424919,0.005061191234681621,2.0,0.42416666666666664,4300.0,0.00012132089016511126,1.9996827991575134e-05
2245.2904994384457,1861.521692030242,895.5099884637162,-5448.333051566813,0.004949058589137492,3.0,0.42416666666666664,4300.0,0.00017444364680545583,2.9995241987362704e-05
2634.353155649231,2106.6008862684125,963.8943582519506,-6019.634888196051,0.004821351503478412,4.0,0.42416666666666664,4250.0,0.00022541277817659725,3.999365598315027e-05
2962.716648288786,2287.211886710601,1002.1248066580364,-6380.266019473558,0.004734363107585112,5.0,0.42416666666666664,4250.0,0.0002745872218234027,4.9992069978937845e-05
3250.1869699630997,2424.352776925288,1020.6135814394304,-6607.723097649461,0.004655483987039388,6.0,0.42416666666666664,4250.0,0.00032089016511127063,5.999048397472541e-05
3508.4076714728135,2530.5494570870005,1028.2452236329532,-6750.658612392377,0.004582241382175808,7.0,0.42416666666666664,4250.0,0.00036683417085427134,6.998889797051299e-05
3744.26337999046,2613.459403133492,1029.0279865745654,-6836.507009980094,0.004514444855689301,8.0,0.42416666666666664,4250.0,0.00041062455132806887,7.998731196630054e-05
3962.2692062493325,2678.1809040244557,1025.3225675930332,-6882.022159944499,0.004450810979234486,9.0,0.42416666666666664,4250.0,0.000455491744436468,8.998572596208812e-05
4167.076556765488,2729.176696620655,1018.2378309991849,-6904.814123577773,0.004390208291569788,10.0,0.42416666666666664,4250.0,0.0004989231873653984,9.998413995787569e-05
4359.179425359833,2768.1903443820343,1009.8781309064336,-6906.821574866168,0.004333903023853369,11.0,0.42416666666666664,4250.0,0.0005409188801148599,0.00010998255395366325
4540.817202848927,2797.7529387284185,1000.3560546433155,-6893.85625848081,0.004280349568109089,12.0,0.42416666666666664,4250.0,0.0005814788226848528,0.00011998096794945082
4714.559722596416,2819.7258821711434,988.5512002826208,-6875.622274661204,0.004205463901838909,13.0,0.42416666666666664,4200.0,0.0006206030150753768,0.0001299793819452384
4880.80600923958,2835.171760043202,976.8255820665283,-6850.227781866241,0.004156903925025616,14.0,0.42416666666666664,4200.0,0.0006633165829145729,0.00013997779594102598
5038.31951065306,2844.473458526485,966.9662807310085,-6818.414043998775,0.004111649226390699,15.0,0.42416666666666664,4200.0,0.0006999282124910266,0.0001499762099368135
5191.854607430374,2849.504466193743,955.8643353192562,-6792.151730342819,0.0040667056585163746,16.0,0.42416666666666664,4200.0,0.0007408470926058865,0.00015997462393260107
5339.326786170929,2850.191418663381,946.2121743635377,-6767.713031348096,0.00402316734265949,17.0,0.42416666666666664,4200.0,0.0007810480976310121,0.00016997303792838867
5481.613195419449,2847.837464013882,933.2806036441557,-6729.806349300932,0.0039829333503121475,18.0,0.42416666666666664,4200.0,0.0008140703517587939,0.00017997145192417624
5619.076386261258,2841.9567729715127,923.9270172969251,-6700.920939267104,0.003942856983471316,19.0,0.42416666666666664,4200.0,0.0008524766690595837,0.0001899698659199638
5753.394452650276,2833.868182442479,912.3075061110451,-6671.480572661043,0.003904344025634556,20.0,0.42416666666666664,4200.0,0.0008901651112706389,0.00019996827991575138
5882.4389347589,2823.4206808888507,900.6150515091584,-6639.686597613021,0.0038677607641938246,21.0,0.42416666666666664,4200.0,0.0009271356783919598,0.00020996669391153898
6008.855226139127,2811.109628636193,889.3005189081285,-6616.252435740382,0.003831931893313977,22.0,0.42416666666666664,4200.0,0.0009633883704235462,0.0002199651079073265
6131.765481914727,2797.2625032699293,882.5330541818226,-6587.389356241685,0.003797883887144757,23.0,0.42416666666666664,4200.0,0.0009989231873653982,0.00022996352190311406
6249.687462674668,2781.304675449959,873.0656556365699,-6572.046122211264,0.0037646852312036684,24.0,0.42416666666666664,4200.0,0.0010337401292175163,0.00023996193589890163
6366.064026359715,2764.5333367610656,862.043208576649,-6542.826442642159,0.0037320345207448955,25.0,0.42416666666666664,4200.0,0.0010678391959798995,0.0002499603498946892
6481.301743362988,2746.752972913401,851.4170786869565,-6529.2939504235765,0.0036989907297010284,26.0,0.42416666666666664,4200.0,0.0011012203876525483,0.0002599587638904768
6589.934026343592,2727.883058080025,844.597630992134,-6503.862656337413,0.003669285806539259,27.0,0.42416666666666664,4200.0,0.0011435750179468772,0.00026995717788626434
6700.929227616179,2708.6899644692953,831.2105226486403,-6494.559322046334,0.003638686512408364,28.0,0.42416666666666664,4200.0,0.0011758793969849247,0.00027995559188205197
6805.048021047862,2688.5581503588587,825.9163552716066,-6471.319931256272,0.0036103706379706727,29.0,0.42416666666666664,4200.0,0.0012074659009332375,0.0002899540058778395
6909.8420371973025,2668.010243430861,814.9094902746764,-6458.681210442541,0.0035815367475017955,30.0,0.42416666666666664,4200.0,0.0012383345297918161,0.000299952419873627
0.0,0.0,0.0,-2.628212131370674,0.004992120802317674,0.0,0.4645833333333333,4300.0,0.0,
1007.0542987734033,899.9419448894263,477.2923292761657,-2733.1838845453894,0.004822549845171723,1.0,0.4645833333333333,4300.0,6.460875807609475e-05,9.998413995787567e-06
1629.7292829712642,1401.7939204738034,710.186753996417,-4208.668797534949,0.004706620093363247,2.0,0.4645833333333333,4300.0,0.00012132089016511126,1.9996827991575134e-05
2083.5617949380335,1726.7716310817207,830.6066542956049,-5081.934453596732,0.0046101925897615624,3.0,0.4645833333333333,4300.0,0.00017444364680545583,2.9995241987362704e-05
2446.626979032227,1955.5488348208248,894.8016891520365,-5626.472852435574,0.0044977497617383864,4.0,0.4645833333333333,4250.0,0.00022541277817659725,3.999365598315027e-05
2753.711436090571,2124.678255305808,931.0729097568415,-5975.739830350867,0.004422625969522298,5.0,0.4645833333333333,4250.0,0.0002745872218234027,4.9992069978937845e-05
3023.0499937278,2253.520682387979,949.0077772166405,-6201.205230826308,0.004354375379922914,6.0,0.4645833333333333,4250.0,0.00032089016511127063,5.999048397472541e-05
3265.3894855106596,2353.639805074713,956.8320183567556,-6347.86788933989,0.004290890625237441,7.0,0.4645833333333333,4250.0,0.00036683417085427134,6.998889797051299e-05
3487.0464040602683,2432.116720631152,958.248640971573,-6441.168052780238,0.004232027943790294,8.0,0.4645833333333333,4250.0,0.00041062455132806887,7.998731196630054e-05
3692.194882182114,2493.6444551537197,955.4426222630954,-6496.54128282368,0.004176695400835679,9.0,0.4645833333333333,4250.0,0.000455491744436468,8.998572596208812e-05
3885.1515601061674,2542.406207102829,949.4617783441502,-6530.454838441125,0.0041239198010162995,10.0,0.4645833333333333,4250.0,0.0004989231873653984,9.998413995787569e-05
4066.3148793336827,2579.966878689344,942.2442535672538,-6544.451409281988,0.004074813016311408,11.0,0.4645833333333333,4250.0,0.0005409188801148599,0.00010998255395366325
4237.770164575728,2608.6613296181667,933.9024770564805,-6544.316230320459,0.004028045961965292,12.0,0.4645833333333333,4250.0,0.0005814788226848528,0.00011998096794945082
4401.921395577834,2630.285659092652,923.3928494158301,-6538.635098955274,0.003983201520912845,13.0,0.4645833333333333,4250.0,0.0006206030150753768,0.0001299793819452384
4559.117394825264,2645.7526783696335,912.9265579663386,-6525.8916537225305,0.003940304533734871,14.0,0.4645833333333333,4250.0,0.0006633165829145729,0.00013997779594102598
4708.1573233196395,2655.4674401846773,904.1709281128967,-6506.916503179491,0.0038784101390446335,15.0,0.4645833333333333,4200.0,0.0006999282124910266,0.0001499762099368135
4853.552522374647,2661.143457493474,894.2317164696229,-6493.056567524152,0.003838978168659757,16.0,0.4645833333333333,4200.0,0.0007408470926058865,0.00015997462393260107
4993.323416309365,2662.7814365045497,885.625935146445,-6480.59020177395,0.0038007318318119066,17.0,0.4645833333333333,4200.0,0.0007810480976310121,0.00016997303792838867
5128.216095317142,2661.511238152548,873.8948681964993,-6455.420794330195,0.0037653533280156536,18.0,0.4645833333333333,4200.0,0.0008140703517587939,0.00017997145192417624
5258.6575957278255,2656.9018525558495,865.5204085702517,-6438.113783006149,0.003730074109926006,19.0,0.4645833333333333,4200.0,0.0008524766690595837,0.0001899698659199638
5386.178421715167,2650.237742623483,854.9891629727126,-6419.913238200548,0.0036961358299873095,20.0,0.4645833333333333,4200.0,0.0008901651112706389,0.00019996827991575138
5508.751182915747,2641.2753139261886,844.3675781401678,-6399.109647798985,0.0036638643085901003,21.0,0.4645833333333333,4200.0,0.0009271356783919598,0.00020996669391153898
5628.887202111174,2630.5737386258907,834.0760898447792,-6386.678712249472,0.003632225999005494,22.0,0.4645833333333333,4200.0,0.0009633883704235462,0.0002199651079073265
5745.744574064756,2618.383323349182,828.0610318670639,-6368.065636077088,0.003602134841622742,23.0,0.4645833333333333,4200.0,0.0009989231873653982,0.00022996352190311406
5857.929094116264,2604.167676778007,819.4636947136461,-6361.960497802655,0.0035727603289763188,24.0,0.4645833333333333,4200.0,0.0010337401292175163,0.00023996193589890163
5968.708729633494,2589.2340569088574,809.3970149671354,-6343.325778635241,0.0035438510279649695,25.0,0.4645833333333333,4200.0,0.0010678391959798995,0.0002499603498946892
6078.474798546263,2573.288809606366,799.6811260682894,-6338.585017542413,0.0035145759845722335,26.0,0.4645833333333333,4200.0,0.0011012203876525483,0.0002599587638904768
6181.9614600498335,2556.322535215319,793.5340798482323,-6322.956550028321,0.0034882163679578644,27.0,0.4645833333333333,4200.0,0.0011435750179468772,0.00026995717788626434
6287.7536657470555,2538.9918322682843,781.1772051677998,-6321.662457742961,0.003461051358714313,28.0,0.4645833333333333,4200.0,0.0011758793969849247,0.00027995559188205197
6387.022804156445,2520.791441802497,776.4480067648456,-6307.827390614351,0.0034358990668251405,29.0,0.4645833333333333,4200.0,0.0012074659009332375,0.0002899540058778395
6486.991822336191,2502.1414539011175,766.317510244719,-6302.777870083948,0.0034102565622575643,30.0,0.4645833333333333,4200.0,0.0012383345297918161,0.000299952419873627
0.0,0.0,0.0,-2.628212131370674,0.004593421270132004,0.0,0.505,4300.0,0.0,
927.5962242670115,828.8040038952194,439.48793952474205,-2523.374931954655,0.0044501230724019085,1.0,0.505,4300.0,6.460875807609475e-05,9.998413995787567e-06
1502.4080771898666,1291.915300304969,654.3993876995088,-3894.6108584076574,0.0043518240718291926,2.0,0.505,4300.0,0.00012132089016511126,1.9996827991575134e-05
1922.434809534254,1592.617864546083,765.9975260312109,-4712.846502064975,0.004269848497156009,3.0,0.505,4300.0,0.00017444364680545583,2.9995241987362704e-05
2259.2694726978375,1804.9246757186925,825.8964808975528,-5228.581603499464,0.0041978223121839795,4.0,0.505,4300.0,0.00022541277817659725,3.999365598315027e-05
2544.77640905573,1962.3627284352474,860.0912810507008,-5564.236207742768,0.004107558149882699,5.0,0.505,4250.0,0.0002745872218234027,4.9992069978937845e-05
2795.6458426277577,2082.6781441738385,877.3529532345344,-5785.601454637828,0.004049185404211242,6.0,0.505,4250.0,0.00032089016511127063,5.999048397472541e-05
3021.7432198150045,2176.489560435673,885.2575211607677,-5933.956413620996,0.003994795267991498,7.0,0.505,4250.0,0.00036683417085427134,6.998889797051299e-05
3228.8293100538876,2250.3081415620954,887.2050182109491,-6032.757007029737,0.003944281979965556,8.0,0.505,4250.0,0.00041062455132806887,7.998731196630054e-05
3420.73992790403,2308.4256912682663,885.2046159030173,-6096.134659918251,0.0038967270628835777,9.0,0.505,4250.0,0.000455491744436468,8.998572596208812e-05
3601.459804261344,2354.742862102465,880.2411367687208,-6139.396363172287,0.0038513029084170126,10.0,0.505,4250.0,0.0004989231873653984,9.998413995787569e-05
3771.2997278383086,2390.6512336433657,874.0888332939016,-6163.723997850349,0.0038089738227366616,11.0,0.505,4250.0,0.0005409188801148599,0.00010998255395366325
3932.187884834663,2418.2903119566813,866.8611932611622,-6174.823222239524,0.003768610308542927,12.0,0.505,4250.0,0.0005814788226848528,0.00011998096794945082
4086.3605922463225,2439.3831596621667,857.5852077717993,-6180.205424044849,0.0037298525758103773,13.0,0.505,4250.0,0.0006206030150753768,0.0001299793819452384
4234.12070187032,2454.70509992879,848.3211284295065,-6178.981376880554,0.003692737537101761,14.0,0.505,4250.0,0.0006633165829145729,0.00013997779594102598
4374.312376502923,2464.677687634789,840.616085213491,-6171.430494116823,0.003657998094126052,15.0,0.505,4250.0,0.0006999282124910266,0.0001499762099368135
4511.187315925906,2470.892249674703,831.7950400314518,-6168.530002151987,0.0036234512850121174,16.0,0.505,4250.0,0.0007408470926058865,0.00015997462393260107
4642.879672039392,2473.2985044449983,824.1876561485627,-6166.666192416138,0.0035697804239864218,17.0,0.505,4200.0,0.0007810480976310121,0.00016997303792838867
4770.0103321876795,2472.988872918234,813.6252220051124,-6153.034931364498,0.0035390368228300196,18.0,0.505,4200.0,0.0008140703517587939,0.00017997145192417624
4893.064165921472,2469.5234366262725,806.1906312813472,-6146.182805829878,0.003508345629641987,19.0,0.505,4200.0,0.0008524766690595837,0.0001899698659199638
5013.420822153099,2464.16880174992,796.7179881736912,-6138.16367835307,0.0034787906862400854,20.0,0.505,4200.0,0.0008901651112706389,0.00019996827991575138
5129.164935856082,2456.5870132039745,787.1404344431227,-6127.359263175218,0.0034506578382298074,21.0,0.505,4200.0,0.0009271356783919598,0.00020996669391153898
5242.663062801112,2447.412572335189,777.8502338548149,-6124.895044787954,0.003423048544334669,22.0,0.505,4200.0,0.0009633883704235462,0.0002199651079073265
5353.119985025128,2436.7707941619656,772.5570049061918,-6115.6306118080975,0.003396767848135987,23.0,0.505,4200.0,0.0009989231873653982,0.00022996352190311406
5459.22208315497,2424.2690085766603,764.8106481069228,-6117.886136613008,0.0033710828287176727,24.0,0.505,4200.0,0.0010337401292175163,0.00023996193589890163
5564.060786478591,2411.0366735348643,755.6778848950048,-6108.943180806622,0.003345788304953808,25.0,0.505,4200.0,0.0010678391959798995,0.0002499603498946892
5668.0039414599205,2396.869655721426,746.8688883159607,-6112.18348804635,0.003320156866303738,26.0,0.505,4200.0,0.0011012203876525483,0.0002599587638904768
5766.015417078216,2381.717476620436,741.3672044770422,-6105.5504565491065,0.00329704227443906,27.0,0.505,4200.0,0.0011435750179468772,0.00026995717788626434
5866.264545850876,2366.1866090364824,730.0346557504373,-6111.5356609493465,0.003273209527154638,28.0,0.505,4200.0,0.0011758793969849247,0.00027995559188205197
5960.362549253306,2349.8636341303477,725.8516620104828,-6106.336185258631,0.0032511311545509814,29.0,0.505,4200.0,0.0012074659009332375,0.0002899540058778395
6055.17659171081,2333.050202174052,716.5911913138766,-6108.244758208035,0.003228595102957818,30.0,0.505,4200.0,0.0012383345297918161,0.000299952419873627
0.0,0.0,0.0,-2.628212131370674,0.00419857686892924,0.0,0.5454166666666667,4300.0,0.0,
848.7270824451197,758.2147315305242,401.98681887959225,-2314.1527220528806,0.004079078931510483,1.0,0.5454166666666667,4300.0,6.460875807609475e-05,9.998413995787567e-06
1375.7972519506645,1182.7074515549891,598.9704572707064,-3579.8412280686025,0.0039968362067014755,2.0,0.5454166666666667,4300.0,0.00012132089016511126,1.9996827991575134e-05
1761.91336595854,1459.064319976102,701.6873985597417,-4341.142980501987,0.003928076236310144,3.0,0.5454166666666667,4300.0,0.00017444364680545583,2.9995241987362704e-05
2072.292254234046,1654.7390709354233,757.1863444519697,-4826.018205200329,0.0038675283612243597,4.0,0.5454166666666667,4300.0,0.00022541277817659725,3.999365598315027e-05
2335.9296096413705,1800.2810662933437,789.1860702771687,-5145.868692024291,0.0038128787290604114,5.0,0.5454166666666667,4300.0,0.0002745872218234027,4.9992069978937845e-05
2568.000895217194,1911.8517408890127,805.6599599656678,-5361.010343217618,0.0037399613802112817,6.0,0.5454166666666667,4250.0,0.00032089016511127063,5.999048397472541e-05
2777.499200192925,1999.130994021061,813.5327546521621,-5509.006448504813,0.0036939919783639513,7.0,0.5454166666666667,4250.0,0.00036683417085427134,6.998889797051299e-05
2969.6449606735446,2068.067574520476,815.9082012368941,-5611.330181719131,0.0036512299880888037,8.0,0.5454166666666667,4250.0,0.00041062455132806887,7.998731196630054e-05
3147.9387447949653,2122.5583446294963,814.6191345575072,-5680.823845713705,0.003610913224789341,9.0,0.5454166666666667,4250.0,0.000455491744436468,8.998572596208812e-05
3316.0324172739693,2166.216635508815,810.5846919617339,-5731.6172504763745,0.0035723472622731815,10.0,0.5454166666666667,4250.0,0.0004989231873653984,9.998413995787569e-05
3474.1604838532526,2200.273024466089,805.4174280036631,-5764.569694264297,0.0035363563347882666,11.0,0.5454166666666667,4250.0,0.0005409188801148599,0.00010998255395366325
3624.0933458167106,2226.6701373891196,799.2320952466201,-5785.251272434056,0.003501993889636625,12.0,0.5454166666666667,4250.0,0.0005814788226848528,0.00011998096794945082
3767.8989587976357,2247.0505780841827,791.1263866573602,-5800.154783357604,0.003468953255987777,13.0,0.5454166666666667,4250.0,0.0006206030150753768,0.0001299793819452384
3905.835510782405,2262.061511521054,783.0051814379817,-5808.94658076304,0.0034372788031545505,14.0,0.5454166666666667,4250.0,0.0006633165829145729,0.00013997779594102598
4036.796867189741,2272.129800932634,776.296649650144,-5811.516678488115,0.0034075925957529614,15.0,0.5454166666666667,4250.0,0.0006999282124910266,0.0001499762099368135
4164.765796381865,2278.7309842506165,768.5407617791757,-5818.326565421667,0.0033780411601171834,16.0,0.5454166666666667,4250.0,0.0007408470926058865,0.00015997462393260107
4287.98885969368,2281.7607584505126,761.8888982862753,-5825.85956354699,0.0033493230573890535,17.0,0.5454166666666667,4250.0,0.0007810480976310121,0.00016997303792838867
4406.984740310981,2282.2784092674337,752.4564646796241,-5822.054869885913,0.003322637914693723,18.0,0.5454166666666667,4250.0,0.0008140703517587939,0.00017997145192417624
4522.27423330429,2279.834639907004,745.921229921388,-5824.67015046702,0.003295981649722317,19.0,0.5454166666666667,4250.0,0.0008524766690595837,0.0001899698659199638
4635.089063754593,2275.665895960019,737.4769040774817,-5825.589503210365,0.003270370944503815,20.0,0.5454166666666667,4250.0,0.0008901651112706389,0.00019996827991575138
4743.636700856627,2269.3580315815275,728.9141710357179,-5823.64808794234,0.003227904445373391,21.0,0.5454166666666667,4200.0,0.0009271356783919598,0.00020996669391153898
4850.130998000181,2261.605502737223,720.599475918081,-5830.025467420215,0.003204141083018903,22.0,0.5454166666666667,4200.0,0.0009633883704235462,0.0002199651079073265
4953.824949924536,2252.4197508949396,715.9953625128977,-5829.123728021987,0.0031815037456328255,23.0,0.5454166666666667,4200.0,0.0009989231873653982,0.00022996352190311406
5053.490919627494,2241.540322572962,709.0780512028883,-5838.777195892588,0.0031593530824677043,24.0,0.5454166666666667,4200.0,0.0010337401292175163,0.00023996193589890163
5152.033041100306,2229.928525755592,700.8583554877857,-5838.544536659887,0.0031375248727513617,25.0,0.5454166666666667,4200.0,0.0010678391959798995,0.0002499603498946892
5249.788076519225,2217.4999942457616,692.9397590066924,-5848.861411271675,0.0031153918852063044,26.0,0.5454166666666667,4200.0,0.0011012203876525483,0.0002599587638904768
5341.982447758285,2204.044871824672,688.0633284370513,-5850.325983013943,0.003095401309889628,27.0,0.5454166666666667,4200.0,0.0011435750179468772,0.00026995717788626434
5436.334484647961,2190.2785463315167,677.7475543645243,-5862.77028863653,0.0030747789361184486,28.0,0.5454166666666667,4200.0,0.0011758793969849247,0.00027995559188205197
5524.925641446503,2175.735998359457,674.0909186765673,-5865.34900223092,0.0030556649570401147,29.0,0.5454166666666667,4200.0,0.0012074659009332375,0.0002899540058778395
5614.244508130285,2160.7045400742454,665.6871274706901,-5873.498273757177,0.0030361306837655934,30.0,0.5454166666666667,4200.0,0.0012383345297918161,0.000299952419873627
0.0,0.0,0.0,-2.628212131370674,0.0038075049797774195,0.0,0.5858333333333333,4300.0,0.0,
770.4369819536886,688.1648911077314,364.7843282474439,-2105.520140351131,0.0037094147367189314,1.0,0.5858333333333333,4300.0,6.460875807609475e-05,9.998413995787567e-06
1249.893390637796,1074.1674002508803,543.896438440901,-3264.3994391035303,0.003641688616766727,2.0,0.5858333333333333,4300.0,0.00012132089016511126,1.9996827991575134e-05
1602.0020221676161,1326.1155433611527,637.6782865254262,-3966.8967881431454,0.0035849248019153256,3.0,0.5858333333333333,4300.0,0.00017444364680545583,2.9995241987362704e-05
1885.7078770595267,1505.0035060082398,688.6777176809018,-4418.828497596842,0.0035348325516638426,4.0,0.5858333333333333,4300.0,0.00022541277817659725,3.999365598315027e-05
2127.1903211677513,1638.45355368986,718.366777312773,-4720.924244898604,0.0034895315554345973,5.0,0.5858333333333333,4300.0,0.0002745872218234027,4.9992069978937845e-05
2340.1384622279493,1741.0644487546479,733.9363139694267,-4927.532129664571,0.0034267520935557056,6.0,0.5858333333333333,4250.0,0.00032089016511127063,5.999048397472541e-05
2532.6857927518577,1821.5895280578793,741.6645814681818,-5073.10463777199,0.0033885196064054805,7.0,0.5858333333333333,4250.0,0.00036683417085427134,6.998889797051299e-05
2709.5235158451974,1885.4224424419583,744.3649580563311,-5176.9491518908035,0.0033528981113100996,8.0,0.5858333333333333,4250.0,0.00041062455132806887,7.998731196630054e-05
2873.821643379737,1936.0910558609926,743.6915794813723,-5250.6375846145165,0.0033192649767216,9.0,0.5858333333333333,4250.0,0.000455491744436468,8.998572596208812e-05
3028.902489133176,1976.864850436334,740.4955113437645,-5307.106467568956,0.003287046772421925,10.0,0.5858333333333333,4250.0,0.0004989231873653984,9.998413995787569e-05
3174.9309456870355,2008.8682786172922,736.235097605356,-5346.929489414666,0.0032569364168545454,11.0,0.5858333333333333,4250.0,0.0005409188801148599,0.00010998255395366325
3313.518715197984,2033.8361550690572,731.0167730286624,-5375.488219510982,0.003228153035448194,12.0,0.5858333333333333,4250.0,0.0005814788226848528,0.00011998096794945082
3446.563327125936,2053.321748700783,724.0150317689007,-5398.314209816104,0.003200439401245332,13.0,0.5858333333333333,4250.0,0.0006206030150753768,0.0001299793819452384
3574.282408834998,2067.880598589412,716.9781439719535,-5415.554117406602,0.003173843367983359,14.0,0.5858333333333333,4250.0,0.0006633165829145729,0.00013997779594102598
3695.626784412646,2077.852660772929,711.2078292298071,-5426.764179040481,0.003148884372870376,15.0,0.5858333333333333,4250.0,0.0006999282124910266,0.0001499762099368135
3814.2977036401717,2084.68529658153,704.4640626057579,-5441.825770611998,0.003124013846358462,16.0,0.5858333333333333,4250.0,0.0007408470926058865,0.00015997462393260107
3928.6592266174675,2088.19552006111,698.7191857232793,-5457.359524164283,0.0030998157113378243,17.0,0.5858333333333333,4250.0,0.0007810480976310121,0.00016997303792838867
4039.1333879897893,2089.401253885068,690.3777665980199,-5462.042401293118,0.003077308267353525,18.0,0.5858333333333333,4250.0,0.0008140703517587939,0.00017997145192417624
4146.271574931627,2087.8523633047607,684.6987134240484,-5473.057251415725,0.0030548005614893653,19.0,0.5858333333333333,4250.0,0.0008524766690595837,0.0001899698659199638
4251.15949989496,2084.7440307448865,677.2472729730416,-5481.813367457798,0.0030331537452693465,20.0,0.5858333333333333,4250.0,0.0008901651112706389,0.00019996827991575138
4352.13535264264,2079.6001168212865,669.6662963362156,-5487.608693663409,0.00301251675903479,21.0,0.5858333333333333,4250.0,0.0009271356783919598,0.00020996669391153898
4451.248162055025,2073.1591519727135,662.3003545996829,-5501.100153780833,0.002992160751533981,22.0,0.5858333333333333,4250.0,0.0009633883704235462,0.0002199651079073265
4547.806505537157,2065.33329451195,658.3498980491693,-5507.822024694768,0.002972755920401969,23.0,0.5858333333333333,4250.0,0.0009989231873653982,0.00022996352190311406
4640.669267180234,2055.980080259594,652.2369156007437,-5523.732389803517,0.0029538279140968195,24.0,0.5858333333333333,4250.0,0.0010337401292175163,0.00023996193589890163
4732.544256591122,2045.9026609358202,644.908360116229,-5531.046422412852,0.002935018740790631,25.0,0.5858333333333333,4250.0,0.0010678391959798995,0.0002499603498946892
4823.73637558759,2035.1208722623053,637.8598622124797,-5547.399563582083,0.0028999393490536664,26.0,0.5858333333333333,4200.0,0.0011012203876525483,0.0002599587638904768
4909.766034125863,2023.295536566203,633.5813048809717,-5555.970309468808,0.0028829308008183363,27.0,0.5858333333333333,4200.0,0.0011435750179468772,0.00026995717788626434
4997.845804839659,2011.2465037796846,624.2784934982587,-5573.9565862825475,0.0028653762430596225,28.0,0.5858333333333333,4200.0,0.0011758793969849247,0.00027995559188205197
5080.582901919323,1998.385358146237,621.1260575561738,-5583.365885943138,0.002849096274567796,29.0,0.5858333333333333,4200.0,0.0012074659009332375,0.0002899540058778395
5164.049276418909,1985.1133137536567,613.5642604590599,-5596.940733748495,0.0028324391963823713,30.0,0.5858333333333333,4200.0,0.0012383345297918161,0.000299952419873627
0.0,0.0,0.0,-2.628212131370674,0.003420125779937456,0.0,0.62625,4300.0,0.0,
692.7184534823275,618.6476341048219,327.87637498829616,-1897.4797674335277,0.003341127504369557,1.0,0.62625,4300.0,6.460875807609475e-05,9.998413995787567e-06
1124.692508729357,966.291688784777,489.1782680423442,-2948.324033612036,0.0032864124493705432,2.0,0.62625,4300.0,0.00012132089016511126,1.9996827991575134e-05
1442.7049066076029,1193.7746122688268,573.9727263952753,-3590.179233892217,0.0032404425007707518,3.0,0.62625,4300.0,0.00017444364680545583,2.9995241987362704e-05
1699.529960914186,1355.7322505488075,620.3771892993019,-4007.106257204854,0.0031997899564018286,4.0,0.62625,4300.0,0.00022541277817659725,3.999365598315027e-05
1918.578712161623,1476.8994135456394,647.6417085407076,-4289.318277876962,0.0031629554080856654,5.0,0.62625,4300.0,0.0002745872218234027,4.9992069978937845e-05
2112.0845890528317,1570.3388628810562,662.1923264493347,-4485.481409985594,0.0031292241823528966,6.0,0.62625,4300.0,0.00032089016511127063,5.999048397472541e-05
2287.3336842155486,1643.8954738929874,669.6648806696318,-4626.367936558723,0.0030976712966116564,7.0,0.62625,4300.0,0.00036683417085427134,6.998889797051299e-05
2448.5008572978204,1702.4105555704673,672.5846464385555,-4729.681506785702,0.0030493155072957214,8.0,0.62625,4250.0,0.00041062455132806887,7.998731196630054e-05
2598.427804164266,1749.0430316377906,672.433134320847,-4805.612652629054,0.003021797191330322,9.0,0.62625,4250.0,0.000455491744436468,8.998572596208812e-05
2740.107387419073,1786.723951023741,669.9828730940934,-4865.863007877226,0.0029953998535125884,10.0,0.62625,4250.0,0.0004989231873653984,9.998413995787569e-05
2873.646070496801,1816.475927070254,666.5459477086345,-4910.757200534266,0.0029706947404990335,11.0,0.62625,4250.0,0.0005409188801148599,0.00010998255395366325
3000.4982954015927,1839.8276763792353,662.2208798005258,-4945.436627408199,0.0029470495066906007,12.0,0.62625,4250.0,0.0005814788226848528,0.00011998096794945082
3122.384461647121,1858.2334373227973,656.2541329792494,-4974.529159941376,0.002924252858595897,13.0,0.62625,4250.0,0.0006206030150753768,0.0001299793819452384
3239.4890777899213,1872.1659837938014,650.2357792149272,-4998.586897245179,0.002902352525478025,14.0,0.62625,4250.0,0.0006633165829145729,0.00013997779594102598
3350.8268686897472,1881.8846025440355,645.3471573784001,-5016.889168721915,0.002881773947549854,15.0,0.62625,4250.0,0.0006999282124910266,0.0001499762099368135
3459.7993157149367,1888.787802454043,639.5594096104762,-5038.673903367242,0.002861247835101549,16.0,0.62625,4250.0,0.0007408470926058865,0.00015997462393260107
3564.9013546158285,1892.6329718089273,634.6657139732054,-5060.731033853503,0.0028412531025529563,17.0,0.62625,4250.0,0.0007810480976310121,0.00016997303792838867
3666.463144033237,1894.3861908084737,627.3812452540021,-5072.5292752839305,0.0028226371736648,18.0,0.62625,4250.0,0.0008140703517587939,0.00017997145192417624
3765.053292204345,1893.6020751059218,622.5079728041751,-5090.510930699078,0.0028040010289370814,19.0,0.62625,4250.0,0.0008524766690595837,0.0001899698659199638
3861.619640091865,1891.4254477136117,616.0117993961256,-5105.799374594462,0.002786059735624834,20.0,0.62625,4250.0,0.0008901651112706389,0.00019996827991575138
3954.6356349610573,1887.3442080517978,609.3782504904968,-5118.139518808144,0.0027689380814625497,21.0,0.62625,4250.0,0.0009271356783919598,0.00020996669391153898
4045.9825276767792,1882.0890606654507,602.9265157243865,-5137.412668436678,0.002752032396974241,22.0,0.62625,4250.0,0.0009633883704235462,0.0002199651079073265
4135.020449024666,1875.5379625158828,599.5950318415316,-5150.824339108061,0.0027359034025074462,23.0,0.62625,4250.0,0.0009989231873653982,0.00022996352190311406
4220.705545640573,1867.5962413718757,594.2583771287437,-5171.954581869308,0.0027201529416833463,24.0,0.62625,4250.0,0.0010337401292175163,0.00023996193589890163
4305.529441048083,1858.9713368200662,587.798783228325,-5185.730221899634,0.0027044903349448795,25.0,0.62625,4250.0,0.0010678391959798995,0.0002499603498946892
4389.771258381699,1849.731449269426,581.5959444119358,-5207.057808347061,0.0026887285186080107,26.0,0.62625,4250.0,0.0011012203876525483,0.0002599587638904768
4469.267899776602,1839.4597237509138,577.8912495911788,-5221.560878360222,0.0026743188199048785,27.0,0.62625,4250.0,0.0011435750179468772,0.00026995717788626434
4550.694966432472,1829.0424056635325,569.5897255293626,-5244.014011879182,0.0026595858878040433,28.0,0.62625,4250.0,0.0011758793969849247,0.00027995559188205197
4627.216059895954,1817.7969709870633,566.9166699300225,-5259.125516537446,0.0026457818988469255,29.0,0.62625,4250.0,0.0012074659009332375,0.0002899540058778395
4704.457864919081,1806.2378552061703,560.185575972749,-5277.150232579152,0.002631792395636384,30.0,0.62625,4250.0,0.0012383345297918161,0.000299952419873627
0.0,0.0,0.0,-2.628212131370674,0.003036362102084642,0.0,0.6666666666666666,4300.0,0.0,
615.5640269326645,549.6560832357728,291.25883280467696,-1690.0339436409413,0.002974213961903846,1.0,0.6666666666666666,4300.0,6.460875807609475e-05,9.998413995787567e-06
1000.1912922500715,859.0774287309869,434.8133978262683,-2631.6522418765235,0.002931037970690093,2.0,0.6666666666666666,4300.0,0.00012132089016511126,1.9996827991575134e-05
1284.0264868997895,1062.0468567549024,510.57449301634387,-3211.0605211047514,0.002894676911431604,3.0,0.6666666666666666,4300.0,0.00017444364680545583,2.9995241987362704e-05
1513.770796348394,1206.937096623987,552.2912535500453,-3590.9446669367026,0.0028624555337864416,4.0,0.6666666666666666,4300.0,0.00022541277817659725,3.999365598315027e-05
1710.1172408830307,1315.638410314198,577.0210912882527,-3851.1551273473815,0.0028332056937983817,5.0,0.6666666666666666,4300.0,0.0002745872218234027,4.9992069978937845e-05
1883.8691766785823,1399.705284974435,590.4393849134092,-4034.769861146575,0.0028063736205358137,6.0,0.6666666666666666,4300.0,0.00032089016511127063,5.999048397472541e-05
2041.4763995646474,1466.0817804213855,597.5455638172448,-4169.086863369332,0.002781234233907282,7.0,0.6666666666666666,4300.0,0.00036683417085427134,6.998889797051299e-05
2186.6122774780824,1519.0627590831164,600.577893134447,-4269.683579339508,0.0027577405546253555,8.0,0.6666666666666666,4300.0,0.00041062455132806887,7.998731196630054e-05
2321.794321845844,1561.4512367901173,600.8482841161385,-4345.794191150671,0.002718528557044661,9.0,0.6666666666666666,4250.0,0.000455491744436468,8.998572596208812e-05
2449.687260559626,1595.8353085101605,599.056757330961,-4407.895636598056,0.0026974095907107715,10.0,0.6666666666666666,4250.0,0.0004989231873653984,9.998413995787569e-05
2570.3466461411613,1623.1367812094986,596.3594756948439,-4456.020599407071,0.0026776170831939445,11.0,0.6666666666666666,4250.0,0.0005409188801148599,0.00010998255395366325
2685.0701932347965,1644.687299035714,592.8474133938404,-4495.012203135724,0.002658651002185168,12.0,0.6666666666666666,4250.0,0.0005814788226848528,0.00011998096794945082
2795.401972079957,1661.8302059878908,587.8450863529254,-4528.660937195469,0.0026403417800914815,13.0,0.6666666666666666,4250.0,0.0006206030150753768,0.0001299793819452384
2901.489253642162,1674.9594305368314,582.7804731733419,-4557.845584825533,0.002622734145525448,14.0,0.6666666666666666,4250.0,0.0006633165829145729,0.00013997779594102598
3002.4257671766395,1684.2653874778673,578.7094739723086,-4581.628457050829,0.0026061684020753945,15.0,0.6666666666666666,4250.0,0.0006999282124910266,0.0001499762099368135
3101.296403678186,1691.0782939054018,573.8219075020754,-4608.537469443683,0.0025896286160753414,16.0,0.6666666666666666,4250.0,0.0007408470926058865,0.00015997462393260107
3196.7343320712343,1695.110649206218,569.7214598886702,-4635.56608943746,0.0025734982572211823,17.0,0.6666666666666666,4250.0,0.0007810480976310121,0.00016997303792838867
3288.9883568850123,1697.2692548138637,563.4535563090794,-4653.033326472512,0.0025584656298161205,18.0,0.6666666666666666,4250.0,0.0008140703517587939,0.00017997145192417624
3378.6271872128023,1697.1403966215594,559.3365013312656,-4676.466625845038,0.0025434006821505165,19.0,0.6666666666666666,4250.0,0.0008524766690595837,0.0001899698659199638
3466.470141686803,1695.7403273845707,553.750925193565,-4696.901378757575,0.0025288833372853897,20.0,0.6666666666666666,4250.0,0.0008901651112706389,0.00019996827991575138
3551.128129891428,1692.6322720574512,548.0311516015493,-4714.464123286467,0.0025150153518049122,21.0,0.6666666666666666,4250.0,0.0009271356783919598,0.00020996669391153898
3634.3137752530015,1688.4189132026395,542.4567522354023,-4738.212980502256,0.0025013081378692462,22.0,0.6666666666666666,4250.0,0.0009633883704235462,0.0002199651079073265
3715.436782734495,1683.0656534416337,539.7062017785325,-4756.978190502123,0.0024882204048569225,23.0,0.6666666666666666,4250.0,0.0009989231873653982,0.00022996352190311406
3793.5576875764646,1676.4052164170266,535.1101569217466,-4782.102008193819,0.00247542522840335,24.0,0.6666666666666666,4250.0,0.0010337401292175163,0.00023996193589890163
3870.9367318311274,1669.1752389135647,529.4988350737336,-4801.061986964101,0.00246269275154566,25.0,0.6666666666666666,4250.0,0.0010678391959798995,0.0002499603498946892
3947.8293758839186,1661.3400174304481,524.1148111020677,-4826.229303289074,0.0024498717841674065,26.0,0.6666666666666666,4250.0,0.0011012203876525483,0.0002599587638904768
4020.4139901689396,1652.578836942313,520.9576582894429,-4845.554257809177,0.0024381329705405654,27.0,0.6666666666666666,4250.0,0.0011435750179468772,0.00026995717788626434
4094.795410245439,1643.6691875426711,513.6453695350227,-4871.458370563589,0.0024261247732145796,28.0,0.6666666666666666,4250.0,0.0011758793969849247,0.00027995559188205197
4164.724772055749,1633.9835112400176,511.41655705690954,-4891.193945626052,0.0024148671685953593,29.0,0.6666666666666666,4250.0,0.0012074659009332375,0.0002899540058778395
4235.354730331284,1624.0416467800644,505.5083599227283,-4912.758423223182,0.002403445507206655,30.0,0.6666666666666666,4250.0,0.0012383345297918161,0.000299952419873627
0.0,0.0,0.0,-2.628212131370674,0.0026561393450796784,0.0,0.7070833333333333,4300.0,0.0,
538.9648737266923,481.18200881370495,254.92841894955552,-1483.184683834901,0.0026086706077184134,1.0,0.7070833333333333,4300.0,6.460875807609475e-05,9.998413995787567e-06
876.3871104850009,752.522463034519,380.80335208853944,-2314.420391212363,0.0025755945366898385,2.0,0.7070833333333333,4300.0,0.00012132089016511126,1.9996827991575134e-05
1125.9714160754625,930.9371369952576,447.4866209826806,-2829.6095508521685,0.0025476748576928965,3.0,0.7070833333333333,4300.0,0.00017444364680545583,2.9995241987362704e-05
1328.4435685049057,1058.6306137698882,484.4250726308704,-3170.4363036969808,0.0025228839990201046,4.0,0.7070833333333333,4300.0,0.00022541277817659725,3.999365598315027e-05
1501.8252102335111,1154.6898591858312,506.51409458467987,-3406.5399845908396,0.0025003382837286963,5.0,0.7070833333333333,4300.0,0.0002745872218234027,4.9992069978937845e-05
1655.5175502092961,1229.188187227516,518.6866269375298,-3575.4895266248495,0.0024796210665749266,6.0,0.7070833333333333,4300.0,0.00032089016511127063,5.999048397472541e-05
1795.1459396486339,1288.1767732189105,525.3160817403807,-3701.1418172059057,0.0024601804128907756,7.0,0.7070833333333333,4300.0,0.00036683417085427134,6.998889797051299e-05
1923.8967437793544,1335.4203064459118,528.3576764594187,-3797.0664110201906,0.002441985071992733,8.0,0.7070833333333333,4300.0,0.00041062455132806887,7.998731196630054e-05
2043.9637454273939,1373.3550186124476,528.9537742271525,-3871.413666508117,0.0024247294648901655,9.0,0.7070833333333333,4300.0,0.000455491744436468,8.998572596208812e-05
2157.6841819098618,1404.2418604357733,527.7247701016157,-3933.383113305943,0.0024081234909687434,10.0,0.7070833333333333,4300.0,0.0004989231873653984,9.998413995787569e-05
2265.0782092926697,1428.8979046409747,525.6805848735462,-3982.7507058340925,0.0023925694016521267,11.0,0.7070833333333333,4300.0,0.0005409188801148599,0.00010998255395366325
2367.279434489169,1448.4780301055207,522.902331753604,-4024.146148317246,0.0023629311538931534,12.0,0.7070833333333333,4250.0,0.0005814788226848528,0.00011998096794945082
2465.657167282031,1464.15903412545,518.791086215223,-4060.590127662472,0.0023486605865942847,13.0,0.7070833333333333,4250.0,0.0006206030150753768,0.0001299793819452384
2560.32573187649,1476.3092404617805,514.6115139776097,-4093.1524806249654,0.0023349227910198786,14.0,0.7070833333333333,4250.0,0.0006633165829145729,0.00013997779594102598
2650.461961355104,1485.042691990416,511.29538913773416,-4120.742781881781,0.002321981918722787,15.0,0.7070833333333333,4250.0,0.0006999282124910266,0.0001499762099368135
2738.8242552955103,1491.6036147562168,507.245472897525,-4151.108706841318,0.0023090488947156928,16.0,0.7070833333333333,4250.0,0.0007408470926058865,0.00015997462393260107
2824.187019811511,1495.682454924745,503.8817490922757,-4181.483933551266,0.0022964215579728345,17.0,0.7070833333333333,4250.0,0.0007810480976310121,0.00016997303792838867
2906.731503420938,1498.0930200092805,498.58179683683625,-4203.098592490875,0.002284642288353026,18.0,0.7070833333333333,4250.0,0.0008140703517587939,0.00017997145192417624
2987.0105455148173,1498.4944098792748,495.1715937699427,-4230.383056189734,0.002272825211761223,19.0,0.7070833333333333,4250.0,0.0008524766690595837,0.0001899698659199638
3065.7221825544902,1497.72744253344,490.4522358979162,-4254.5003454415855,0.0022614267166722905,20.0,0.7070833333333333,4250.0,0.0008901651112706389,0.00019996827991575138
3141.618652869603,1495.4663438997884,485.6072740149558,-4275.881508788494,0.002250527567335604,21.0,0.7070833333333333,4250.0,0.0009271356783919598,0.00020996669391153898
3216.2364943172356,1492.1797650972985,480.87271863371444,-4302.709543852907,0.0022397438302636185,22.0,0.7070833333333333,4250.0,0.0009633883704235462,0.0002199651079073265
3289.0421322226985,1487.9116899219703,478.6591036503286,-4325.403292426425,0.0022294389719009103,23.0,0.7070833333333333,4250.0,0.0009989231873653982,0.00022996352190311406
3359.198315393686,1482.430605987161,474.7698719649068,-4353.200085285855,0.0022193537286696427,24.0,0.7070833333333333,4250.0,0.0010337401292175163,0.00023996193589890163
3428.7290523774695,1476.49140362734,469.97829181730435,-4375.970473259309,0.0022093105274354962,25.0,0.7070833333333333,4250.0,0.0010678391959798995,0.0002499603498946892
3497.865632568887,1469.9660892424515,465.3807278158545,-4403.703976112418,0.002199191876281288,26.0,0.7070833333333333,4250.0,0.0011012203876525483,0.0002599587638904768
3563.146035915578,1462.6379951848478,462.7447241909273,-4426.55543602955,0.0021899130988200658,27.0,0.7070833333333333,4250.0,0.0011435750179468772,0.00026995717788626434
3630.074363651401,1455.1328255785425,456.40701152758544,-4454.708789006545,0.0021804171309630234,28.0,0.7070833333333333,4250.0,0.0011758793969849247,0.00027995559188205197
3693.0288403378217,1446.96967078912,454.5919393929503,-4477.8140847034665,0.002171508829214684,29.0,0.7070833333333333,4250.0,0.0012074659009332375,0.0002899540058778395
3756.6431667376146,1438.5240161307663,449.49142764013646,-4501.816598221463,0.0021624614396233144,30.0,0.7070833333333333,4250.0,0.0012383345297918161,0.000299952419873627
0.0,0.0,0.0,-2.628212131370674,0.0022793853416703484,0.0,0.7474999999999999,4300.0,0.0,
462.9154348621535,413.22042036150316,218.88345110667512,-1276.9337309708499,0.002244493708604528,1.0,0.7474999999999999,4300.0,6.460875807609475e-05,9.998413995787567e-06
753.27618252545,646.6230227350642,327.1455431954614,-1996.663737233379,0.002220110675047191,2.0,0.7474999999999999,4300.0,0.00012132089016511126,1.9996827991575134e-05
968.5443003119948,800.4500365085247,384.7110847113743,-2445.8942575817055,0.002199482437939053,3.0,0.7474999999999999,4300.0,0.00017444364680545583,2.9995241987362704e-05
1143.5612223904445,910.8234056246159,416.78601128713944,-2745.6729801682377,0.002181129919686875,4.0,0.7474999999999999,4300.0,0.00022541277817659725,3.999365598315027e-05
1293.7243196801924,994.0749616587126,436.12824578108007,-2955.5780975205125,0.0021644096708641814,5.0,0.7474999999999999,4300.0,0.0002745872218234027,4.9992069978937845e-05
1427.0591489352573,1058.8127249717961,446.94628982502036,-3107.7493633952254,0.0021490199056888497,6.0,0.7474999999999999,4300.0,0.00032089016511127063,5.999048397472541e-05
1548.3806771968302,1110.219897375443,452.9901886195363,-3222.6351307320074,0.002134556417826447,7.0,0.7474999999999999,4300.0,0.00036683417085427134,6.998889797051299e-05
1660.3935757708941,1151.5172290914275,455.93575721655003,-3311.829243799897,0.0021209994412751594,8.0,0.7474999999999999,4300.0,0.00041062455132806887,7.998731196630054e-05
1764.9795447942802,1184.7993693719886,456.7603011631223,-3382.395811159571,0.002108125347205656,9.0,0.7474999999999999,4300.0,0.000455491744436468,8.998572596208812e-05
1864.1481313082418,1211.9901648891923,455.9971149306969,-3442.3498211883416,0.002095719516944203,10.0,0.7474999999999999,4300.0,0.0004989231873653984,9.998413995787569e-05
1957.8887333557268,1233.808433462241,454.51793944293354,-3491.16412612336,0.002084083960158587,11.0,0.7474999999999999,4300.0,0.0005409188801148599,0.00010998255395366325
2047.177540230642,1251.2354766709434,452.39059396578944,-3533.0767384900755,0.0020728802491821333,12.0,0.7474999999999999,4300.0,0.0005814788226848528,0.00011998096794945082
2133.2006094407434,1265.273341816563,449.09685989718247,-3570.4222353883815,0.002062081803034199,13.0,0.7474999999999999,4300.0,0.0006206030150753768,0.0001299793819452384
2216.0469707315556,1276.2688686684148,445.7306784831754,-3604.4764807223546,0.0020516431857758124,14.0,0.7474999999999999,4300.0,0.0006633165829145729,0.00013997779594102598
2294.982533448378,1284.2710584154233,443.10394617203633,-3634.0630991790895,0.0020418003495563286,15.0,0.7474999999999999,4300.0,0.0006999282124910266,0.0001499762099368135
2372.4257668272694,1290.4174762128512,439.8301715800879,-3666.1047397760412,0.0020194096224505436,16.0,0.7474999999999999,4250.0,0.0007408470926058865,0.00015997462393260107
2447.299765224029,1294.4108347828821,437.1420166123308,-3698.1310655611524,0.0020099018248697243,17.0,0.7474999999999999,4250.0,0.0007810480976310121,0.00016997303792838867
2519.7298818159284,1296.9102459753076,432.7547819489306,-3722.301100684206,0.0020010241757550994,18.0,0.7474999999999999,4250.0,0.0008140703517587939,0.00017997145192417624
2590.233708024948,1297.6986758297794,430.0025034812159,-3751.749786222623,0.0019921088951625593,19.0,0.7474999999999999,4250.0,0.0008524766690595837,0.0001899698659199638
2659.3985722968555,1297.4344967492457,426.1023309838176,-3778.0041207010436,0.0019835011194415104,20.0,0.7474999999999999,4250.0,0.0008901651112706389,0.00019996827991575138
2726.124792284424,1295.8931617278406,422.08944058680254,-3801.721937997936,0.0019752625368152825,21.0,0.7474999999999999,4250.0,0.0009271356783919598,0.00020996669391153898
2791.761685718266,1293.4165974273587,418.1543883557016,-3830.1498866524853,0.001967103206049528,22.0,0.7474999999999999,4250.0,0.0009633883704235462,0.0002199651079073265
2855.8388173869944,1290.1166185353122,416.42996035889956,-3855.2466631246134,0.0019592998755769662,23.0,0.7474999999999999,4250.0,0.0009989231873653982,0.00022996352190311406
2917.6255525898155,1285.7147733849772,413.2138277540467,-3884.314193929895,0.0019516547043735022,24.0,0.7474999999999999,4250.0,0.0010337401292175163,0.00023996193589890163
2978.8916804720516,1280.952780296872,409.20809290532077,-3909.412605854668,0.0019440360440421748,25.0,0.7474999999999999,4250.0,0.0010678391959798995,0.0002499603498946892
3039.851187267654,1275.641933467656,405.36586182057385,-3938.351759114121,0.0019363556254513286,26.0,0.7474999999999999,4250.0,0.0011012203876525483,0.0002599587638904768
3097.4275771538837,1269.6488021187206,403.22094664911157,-3963.321844283397,0.0019293024854123003,27.0,0.7474999999999999,4250.0,0.0011435750179468772,0.00026995717788626434
3156.483844130606,1263.4625034811797,397.836322408226,-3992.4345721109494,0.0019220805550508007,28.0,0.7474999999999999,4250.0,0.0011758793969849247,0.00027995559188205197
3212.062170722955,1256.7298520479048,396.40310560889185,-4017.5389366351083,0.0019153013977860065,29.0,0.7474999999999999,4250.0,0.0012074659009332375,0.0002899540058778395
3268.2534532467043,1249.7063771975238,392.0955358146895,-4042.7856948078406,0.0019084093303643667,30.0,0.7474999999999999,4250.0,0.0012383345297918161,0.000299952419873627
0.0,0.0,0.0,-2.628212131370674,0.0019060302455586183,0.0,0.7879166666666666,4300.0,0.0,
387.4059903361671,345.76214042685956,183.11572388687668,-1071.2825892458786,0.0018816793110769847,1.0,0.7879166666666666,4300.0,6.460875807609475e-05,9.998413995787567e-06
630.8548337725088,541.3757847604852,273.8397806390427,-1678.4163666257664,0.0018646141290090906,2.0,0.7879166666666666,4300.0,0.00012132089016511126,1.9996827991575134e-05
811.7498131005174,670.5901922428079,322.25250225893035,-2059.981156741036,0.001850145103158616,3.0,0.7879166666666666,4300.0,0.00017444364680545583,2.9995241987362704e-05
959.137446930627,763.5303562963554,349.38158236799273,-2316.7462559475243,0.0018372476085596059,4.0,0.7879166666666666,4300.0,0.00022541277817659725,3.999365598315027e-05
1085.836903436815,833.8140492125139,365.874740093892,-2498.376010128719,0.0018254767507578649,5.0,0.7879166666666666,4300.0,0.0002745872218234027,4.9992069978937845e-05
1198.5258189929991,888.6118548782864,375.23013398112585,-2631.659912032039,0.0018146249480395318,6.0,0.7879166666666666,4300.0,0.00032089016511127063,5.999048397472541e-05
1301.214123882618,932.2400936284693,380.57933671664745,-2733.673481673388,0.0018044110673570782,7.0,0.7879166666666666,4300.0,0.00036683417085427134,6.998889797051299e-05
1396.1469304795464,967.3993851190426,383.3245518705878,-2814.065718032558,0.0017948235727530922,8.0,0.7879166666666666,4300.0,0.00041062455132806887,7.998731196630054e-05
1484.889355600549,995.826731500032,384.277037057069,-2878.8039489830844,0.0017857070120090087,9.0,0.7879166666666666,4300.0,0.000455491744436468,8.998572596208812e-05
1569.1293339316637,1019.132014074888,383.88703340527144,-2934.691698284114,0.0017769106721631561,10.0,0.7879166666666666,4300.0,0.0004989231873653984,9.998413995787569e-05
1648.8324779866916,1037.920594139442,382.8812922342793,-2980.99795158318,0.0017686497151754772,11.0,0.7879166666666666,4300.0,0.0005409188801148599,0.00010998255395366325
1724.818677986682,1053.011459646515,381.3245134297117,-3021.534914936623,0.001760686259551814,12.0,0.7879166666666666,4300.0,0.0005814788226848528,0.00011998096794945082
1798.0887078982496,1065.2314765076796,378.7680956780161,-3058.022679468544,0.0017530015097419283,13.0,0.7879166666666666,4300.0,0.0006206030150753768,0.0001299793819452384
1868.708993107512,1074.8986581269014,376.14521580649273,-3091.803108905915,0.0017455653524255804,14.0,0.7879166666666666,4300.0,0.0006633165829145729,0.00013997779594102598
1936.0434435811896,1082.0196716023972,374.13465603616146,-3121.6830160983736,0.0017385452188631654,15.0,0.7879166666666666,4300.0,0.0006999282124910266,0.0001499762099368135
2002.1552665476274,1087.5819976405155,371.57267082351575,-3153.642243813316,0.0017315209321288089,16.0,0.7879166666666666,4300.0,0.0007408470926058865,0.00015997462393260107
2066.1244940022843,1091.3331845500334,369.49789443633864,-3185.498534213846,0.0017246505844648362,17.0,0.7879166666666666,4300.0,0.0007810480976310121,0.00016997303792838867
2128.0300687904714,1093.782222753586,365.97065607518897,-3210.503920568248,0.0017182314026534598,18.0,0.7879166666666666,4300.0,0.0008140703517587939,0.00017997145192417624
2188.342377343333,1094.8153490020527,363.8202666777503,-3240.165666406516,0.0017117634688545188,19.0,0.7879166666666666,4300.0,0.0008524766690595837,0.0001899698659199638
2247.5382491650134,1094.922264246643,360.69108839660566,-3267.006313650949,0.0017055135382225792,20.0,0.7879166666666666,4300.0,0.0008901651112706389,0.00019996827991575138
2304.6802661933452,1093.9699587209775,357.4597519208328,-3291.443538934247,0.001699547024598299,21.0,0.7879166666666666,4300.0,0.0009271356783919598,0.00020996669391153898
2360.91898628732,1092.2036739428158,354.28721750737515,-3319.8582502037098,0.001693635650593904,22.0,0.7879166666666666,4300.0,0.0009633883704235462,0.0002199651079073265
2415.8479951625045,1089.7335125931165,352.99523068337123,-3345.697585088419,0.0016775534075723544,23.0,0.7879166666666666,4250.0,0.0009989231873653982,0.00022996352190311406
2468.8504485133462,1086.3397828750226,350.4156476152823,-3374.545485108283,0.0016720543288137124,24.0,0.7879166666666666,4250.0,0.0010337401292175163,0.00023996193589890163
2521.4349655147025,1082.6134637784726,347.1600514629761,-3400.3900218732306,0.0016665706959992257,25.0,0.7879166666666666,4250.0,0.0010678391959798995,0.0002499603498946892
2573.785128898055,1078.4513898144105,344.0404465493406,-3429.0777217885843,0.001661039237391883,26.0,0.7879166666666666,4250.0,0.0011012203876525483,0.0002599587638904768
2623.2470331495106,1073.6558206629547,342.3504106000797,-3454.6590051215753,0.0016559523734544124,27.0,0.7879166666666666,4250.0,0.0011435750179468772,0.00026995717788626434
2674.006438187332,1068.7379854841695,337.9017911982236,-3483.3402960011954,0.0016507410996155821,28.0,0.7879166666666666,4250.0,0.0011758793969849247,0.00027995559188205197
2721.7968011959842,1063.3041633824203,336.811120003098,-3508.96762545855,0.0016458464437206605,29.0,0.7879166666666666,4250.0,0.0012074659009332375,0.0002899540058778395
2770.139631894394,1057.6526993879895,333.27378505061324,-3534.166874834831,0.001640865054337082,30.0,0.7879166666666666,4250.0,0.0012383345297918161,0.000299952419873627
0.0,0.0,0.0,-2.628212131370674,0.0015360064287911958,0.0,0.8283333333333333,4300.0,0.0,
312.4326743542268,278.80384502008974,147.6271335282549,-866.232588994535,0.0015202232505327447,1.0,0.8283333333333333,4300.0,6.460875807609475e-05,9.998413995787567e-06
509.1201640457151,436.7786930543258,220.88380980138112,-1359.7116384323454,0.0015091318114596674,2.0,0.8283333333333333,4300.0,0.00012132089016511126,1.9996827991575134e-05
655.5928578369384,541.3624306013568,260.1144249411995,-1671.93581633328,0.0014997075641945657,3.0,0.8283333333333333,4300.0,0.00017444364680545583,2.9995241987362704e-05
775.1860187535326,616.7646084000114,282.2187059657337,-1883.7467357179266,0.001491291195423884,4.0,0.8283333333333333,4300.0,0.00022541277817659725,3.999365598315027e-05
878.1870938238917,673.9293420032909,295.76453118986535,-2035.0404721414088,0.001483596965187401,5.0,0.8283333333333333,4300.0,0.0002745872218234027,4.9992069978937845e-05
969.9460399099478,718.611546394489,303.5498257285993,-2147.3343297715037,0.0014764922481782952,6.0,0.8283333333333333,4300.0,0.00032089016511127063,5.999048397472541e-05
1053.6872885455878,754.2785294748105,308.09913419478704,-2234.3673632616847,0.0014697954421636658,7.0,0.8283333333333333,4300.0,0.00036683417085427134,6.998889797051299e-05
1131.1997573322064,783.1038506617267,310.5365918420362,-2303.8762248912535,0.0014635004977157215,8.0,0.8283333333333333,4300.0,0.00041062455132806887,7.998731196630054e-05
1203.7451123603537,806.4897809944335,311.520573756377,-2360.719444424787,0.0014575070568190295,9.0,0.8283333333333333,4300.0,0.000455491744436468,8.998572596208812e-05
1272.682461075979,825.7189497198461,311.4044699346114,-2410.462645701009,0.0014517168022287411,10.0,0.8283333333333333,4300.0,0.0004989231873653984,9.998413995787569e-05
1337.9688667350852,841.2928740023278,310.7871328491065,-2452.2743580815586,0.0014462720488688102,11.0,0.8283333333333333,4300.0,0.0005409188801148599,0.00010998255395366325
1400.2653070045915,853.8673486824331,309.71184267525854,-2489.4503623121273,0.0014410174794758416,12.0,0.8283333333333333,4300.0,0.0005814788226848528,0.00011998096794945082
1460.3850524337345,864.0969794612811,307.81690644092447,-2523.179575898721,0.0014359408211908021,13.0,0.8283333333333333,4300.0,0.0006206030150753768,0.0001299793819452384
1518.3771290612324,872.2654342291069,305.86051862505775,-2554.7754080889717,0.001431023488099322,14.0,0.8283333333333333,4300.0,0.0006633165829145729,0.00013997779594102598
1573.7091287694027,878.3575344890927,304.39650157364287,-2583.1000098838995,0.0014263758466552237,15.0,0.8283333333333333,4300.0,0.0006999282124910266,0.0001499762099368135
1628.0780765138618,883.1677290705218,302.4741637801034,-2613.1465318142655,0.001421721208817108,16.0,0.8283333333333333,4300.0,0.0007408470926058865,0.00015997462393260107
1680.7245148640104,886.5203690374134,300.9466533534091,-2643.0742613361144,0.0014171636203091811,17.0,0.8283333333333333,4300.0,0.0007810480976310121,0.00016997303792838867
1731.6940715466976,888.7811427313567,298.22375951005057,-2667.255275167525,0.0014129014311127825,18.0,0.8283333333333333,4300.0,0.0008140703517587939,0.00017997145192417624
1781.394979801577,889.9150656413286,296.61606511366926,-2695.2733098909594,0.0014086025346136128,19.0,0.8283333333333333,4300.0,0.0008524766690595837,0.0001899698659199638
1830.199510725438,890.2793396085771,294.2082785659196,-2721.1483045970235,0.0014044447217629538,20.0,0.8283333333333333,4300.0,0.0008901651112706389,0.00019996827991575138
1877.3360658476533,889.767311819504,291.7082313410549,-2744.728039747002,0.0014004718142788006,21.0,0.8283333333333333,4300.0,0.0009271356783919598,0.00020996669391153898
1923.7537553611644,888.605617045303,289.2526604256324,-2771.5497121315493,0.0013965317905780803,22.0,0.8283333333333333,4300.0,0.0009633883704235462,0.0002199651079073265
1969.1148729423878,886.8373074221777,288.3381048340246,-2796.4696382183247,0.0013927302119288005,23.0,0.8283333333333333,4300.0,0.0009989231873653982,0.00022996352190311406
2012.9100234961957,884.3358130385294,286.35475744145543,-2823.479918015837,0.0013890278415530507,24.0,0.8283333333333333,4300.0,0.0010337401292175163,0.00023996193589890163
2056.3849163161444,881.5358127588665,283.80922686225693,-2848.3527175946074,0.0013853044958203166,25.0,0.8283333333333333,4300.0,0.0010678391959798995,0.0002499603498946892
2099.6910882681823,878.4124843140563,281.37724514787664,-2875.200915391193,0.0013815795604335942,26.0,0.8283333333333333,4300.0,0.0011012203876525483,0.0002599587638904768
2140.623172320768,874.7225729835084,280.104665094242,-2899.489836104636,0.001378134217478003,27.0,0.8283333333333333,4300.0,0.0011435750179468772,0.00026995717788626434
2182.6461564739534,870.969889894928,276.56880921955093,-2926.4694544776794,0.0013746047069316384,28.0,0.8283333333333333,4300.0,0.0011758793969849247,0.00027995559188205197
2222.2312534626844,866.7489587784213,275.78166033000815,-2951.003594943373,0.001371270543147285,29.0,0.8283333333333333,4300.0,0.0012074659009332375,0.0002899540058778395
2262.2943455152185,862.3881217321242,272.9850643772469,-2974.726068502474,0.0013679104297278067,30.0,0.8283333333333333,4300.0,0.0012383345297918161,0.000299952419873627
0.0,0.0,0.0,-2.628212131370674,0.0011692483837877866,0.0,0.8687499999999999,4300.0,0.0,
237.9851990407697,212.33576908095495,112.41107207631846,-661.7848000946105,0.001160121186146032,1.0,0.8687499999999999,4300.0,6.460875807609475e-05,9.998413995787567e-06
388.0690306152281,332.8290098659816,168.27815788028042,-1040.5817470008624,0.0011536898892170703,2.0,0.8687499999999999,4300.0,0.00012132089016511126,1.9996827991575134e-05
500.07828839768285,412.77018180470526,198.29839257578365,-1281.8227947415726,0.0011482138590411754,3.0,0.8687499999999999,4300.0,0.00017444364680545583,2.9995241987362704e-05
591.7210694172048,470.5411025446801,215.30440153928492,-1446.7646747995605,0.0011433145618741278,4.0,0.8687499999999999,4300.0,0.00022541277817659725,3.999365598315027e-05
670.7964208086639,514.4425950136888,225.8055596831194,-1565.6788997382391,0.0011388281883527415,5.0,0.8687499999999999,4300.0,0.0002745872218234027,4.9992069978937845e-05
741.3531120467616,548.8420373744569,231.9187707565627,-1654.8878685971722,0.001134679156597625,6.0,0.8687499999999999,4300.0,0.00032089016511127063,5.999048397472541e-05
805.8379669368389,576.3694817551188,235.56205009059227,-1724.8315916213032,0.0011307627841616419,7.0,0.8687499999999999,4300.0,0.00036683417085427134,6.998889797051299e-05
865.6019556999283,598.6816191688556,237.59036149089434,-1781.3677571814915,0.001127076375462731,8.0,0.8687499999999999,4300.0,0.00041062455132806887,7.998731196630054e-05
921.5984746390144,616.8356921989958,238.50219665804698,-1828.233522758659,0.001123562120887847,9.0,0.8687499999999999,4300.0,0.000455491744436468,8.998572596208812e-05
974.8671698975356,631.8076158253787,238.5687936063804,-1869.7287791771305,0.0011201628021566736,10.0,0.8687499999999999,4300.0,0.0004989231873653984,9.998413995787569e-05
1025.362276304412,643.9881720308226,238.2454438285301,-1905.0305212183885,0.0011169623526610555,11.0,0.8687499999999999,4300.0,0.0005409188801148599,0.00010998255395366325
1073.5850498908044,653.8690226430359,237.56590399014013,-1936.8221876415773,0.0011138703182305147,12.0,0.8687499999999999,4300.0,0.0005814788226848528,0.00011998096794945082
1120.1619339994122,661.9411687234884,236.25198182279385,-1965.8533187891735,0.0011108795056423077,13.0,0.8687499999999999,4300.0,0.0006206030150753768,0.0001299793819452384
1165.1254392795788,668.4431102817666,234.88495515617404,-1993.305373339579,0.0011079797406218761,14.0,0.8687499999999999,4300.0,0.0006633165829145729,0.00013997779594102598
1208.055969559399,673.3464372398555,233.89318775567122,-2018.1737976915174,0.0011052358961374958,15.0,0.8687499999999999,4300.0,0.0006999282124910266,0.0001499762099368135
1250.27096330077,677.2537822410798,232.54194192575707,-2044.3937571960414,0.0011024854689191154,16.0,0.8687499999999999,4300.0,0.0007408470926058865,0.00015997462393260107
1291.1795933655285,680.0557837719022,231.49154434966408,-2070.5012169906113,0.0010997895229172298,17.0,0.8687499999999999,4300.0,0.0007810480976310121,0.00016997303792838867
1330.7995946124374,681.993337260036,229.5136091547568,-2092.063425677865,0.0010972660599937454,18.0,0.8687499999999999,4300.0,0.0008140703517587939,0.00017997145192417624
1369.4672147568863,683.0813067028564,228.38784528170984,-2116.6155807836913,0.0010947183626047728,19.0,0.8687499999999999,4300.0,0.0008524766690595837,0.0001899698659199638
1407.4570980011947,683.5786469171808,226.64451380250063,-2139.6504391197086,0.0010922520195106044,20.0,0.8687499999999999,4300.0,0.0008901651112706389,0.00019996827991575138
1444.1680224251088,683.3755820353399,224.82702995798678,-2160.6565692861986,0.0010898932769546276,21.0,0.8687499999999999,4300.0,0.0009271356783919598,0.00020996669391153898
1480.3371832516964,682.6880866303667,223.03638011047434,-2184.160438345556,0.0010875518663456697,22.0,0.8687499999999999,4300.0,0.0009633883704235462,0.0002199651079073265
1515.7018738275187,681.5079308128854,222.44025308694515,-2206.3707180500933,0.0010852908956548457,23.0,0.8687499999999999,4300.0,0.0009989231873653982,0.00022996352190311406
1549.8679766947182,679.7852490595732,221.00552710356044,-2229.933273744464,0.0010830867900949656,24.0,0.8687499999999999,4300.0,0.0010337401292175163,0.00023996193589890163
1583.8022443128164,677.8091251835598,219.13430951139654,-2252.1012482507067,0.0010808686202157536,25.0,0.8687499999999999,4300.0,0.0010678391959798995,0.0002499603498946892
1617.6224470583768,675.6061219801484,217.3503169422614,-2275.5228362742055,0.0010786482990323499,26.0,0.8687499999999999,4300.0,0.0011012203876525483,0.0002599587638904768
1649.6011835122279,672.9381648074788,216.4500472739132,-2296.8312763997455,0.001076591800150423,27.0,0.8687499999999999,4300.0,0.0011435750179468772,0.00026995717788626434
1682.4459611207424,670.2365878876251,213.80073388238588,-2320.594874053728,0.0010744840549573099,28.0,0.8687499999999999,4300.0,0.0011758793969849247,0.00027995559188205197
1713.400609517111,667.1586149817653,213.27623509081909,-2342.387294124681,0.0010724916339456842,29.0,0.8687499999999999,4300.0,0.0012074659009332375,0.0002899540058778395
1744.7463657940043,663.9750444956054,211.19121293676977,-2363.1944361584974,0.0010704819349273752,30.0,0.8687499999999999,4300.0,0.0012383345297918161,0.000299952419873627
0.0,0.0,0.0,-2.628212131370674,0.0008056926310266542,0.0,0.9091666666666666,4300.0,0.0,
164.06007634265538,146.35492817386813,77.46651074909386,-457.94007271785813,0.0008013686046935504,1.0,0.9091666666666666,4300.0,6.460875807609475e-05,9.998413995787567e-06
267.69904486768513,229.52469512078193,116.02112404599221,-721.0582239892829,0.0007983137673096052,2.0,0.9091666666666666,4300.0,0.00012132089016511126,1.9996827991575134e-05
345.2109852517881,284.8195656735178,136.80925626772816,-889.7052018156537,0.0007957073761138346,3.0,0.9091666666666666,4300.0,0.00017444364680545583,2.9995241987362704e-05
408.75779385509765,324.870554782451,148.64711787746282,-1005.8900280706584,0.000793371333695359,4.0,0.9091666666666666,4300.0,0.00022541277817659725,3.999365598315027e-05
463.68842011840576,355.3757669521392,156.0093154701067,-1090.3990505515103,0.0007912287288896545,5.0,0.9091666666666666,4300.0,0.0002745872218234027,4.9992069978937845e-05
512.7796604860074,379.3360586966214,160.3484778393176,-1154.4379315839906,0.00078924425314052,6.0,0.9091666666666666,4300.0,0.00032089016511127063,5.999048397472541e-05
557.7095909400512,398.557382807691,162.98281398195886,-1205.1855495740747,0.0007873684537265154,7.0,0.9091666666666666,4300.0,0.00036683417085427134,6.998889797051299e-05
599.4001042107656,414.17268360121494,164.4993655880186,-1246.6544776475348,0.000785600444384937,8.0,0.9091666666666666,4300.0,0.00041062455132806887,7.998731196630054e-05
638.5072481737379,426.91950110351894,165.2399783675557,-1281.4467906320642,0.0007839129365403107,9.0,0.9091666666666666,4300.0,0.000455491744436468,8.998572596208812e-05
675.7486914363343,437.46513688563385,165.39339113975757,-1312.5688306029479,0.0007822786536001292,10.0,0.9091666666666666,4300.0,0.0004989231873653984,9.998413995787569e-05
711.0819132574245,446.0723925985002,165.27295453122753,-1339.319140356005,0.0007807381115346627,11.0,0.9091666666666666,4300.0,0.0005409188801148599,0.00010998255395366325
744.8535981128853,453.08759515403045,164.9018848277793,-1363.669715876371,0.0007792481787417628,12.0,0.9091666666666666,4300.0,0.0005814788226848528,0.00011998096794945082
777.4995367636906,458.8421706995978,164.08520708371887,-1386.0253608059138,0.0007778053856557347,13.0,0.9091666666666666,4300.0,0.0006206030150753768,0.0001299793819452384
809.0381123842269,463.51367207030944,163.2292441624086,-1407.3300710772746,0.0007764051848009274,14.0,0.9091666666666666,4300.0,0.0006633165829145729,0.00013997779594102598
839.1714724065467,467.0721828145494,162.6326597089609,-1426.7932047248323,0.0007750788021983371,15.0,0.9091666666666666,4300.0,0.0006999282124910266,0.0001499762099368135
868.8242595473694,469.9301428041588,161.78178861448026,-1447.2191410952219,0.0007737480789222023,16.0,0.9091666666666666,4300.0,0.0007408470926058865,0.00015997462393260107
897.580659533626,472.0309672789701,161.13765157623203,-1467.5554401906702,0.00077244236974111,17.0,0.9091666666666666,4300.0,0.0007810480976310121,0.00016997303792838867
925.4426215510089,473.5242497023193,159.84265101938564,-1484.6435608735337,0.0007712191320436482,18.0,0.9091666666666666,4300.0,0.0008140703517587939,0.00017997145192417624
952.6558793267025,474.41506932101447,159.13654057750014,-1503.8431390191545,0.0007699829643044408,19.0,0.9091666666666666,4300.0,0.0008524766690595837,0.0001899698659199638
979.4055782690876,474.90591691848323,157.99804568455832,-1522.0845835184155,0.0007687852035127346,20.0,0.9091666666666666,4300.0,0.0008901651112706389,0.00019996827991575138
1005.2692872674261,474.89237814983363,156.80707878944818,-1538.7295414700275,0.000767638686275307,21.0,0.9091666666666666,4300.0,0.0009271356783919598,0.00020996669391153898
1030.7649986659649,474.5557137240346,155.6303417497865,-1557.1187082199613,0.0007664995591648345,22.0,0.9091666666666666,4300.0,0.0009633883704235462,0.0002199651079073265
1055.7063066964474,473.86218193740734,155.29437798028593,-1574.7321579698619,0.0007653987153914285,23.0,0.9091666666666666,4300.0,0.0009989231873653982,0.00022996352190311406
1079.8166118697368,472.79300128900184,154.35863214016595,-1593.1057886669078,0.0007643245171552438,24.0,0.9091666666666666,4300.0,0.0010337401292175163,0.00023996193589890163
1103.7751584132257,471.553297876225,153.1174737251558,-1610.6927765518994,0.000763242733708496,25.0,0.9091666666666666,4300.0,0.0010678391959798995,0.0002499603498946892
1127.6661996948117,470.13872037623736,151.93543113360644,-1628.961484761574,0.0007621593019116622,26.0,0.9091666666666666,4300.0,0.0011012203876525483,0.0002599587638904768
1150.2652787071165,468.4115368215836,151.36517312612966,-1645.6602657092735,0.0007611544869824579,27.0,0.9091666666666666,4300.0,0.0011435750179468772,0.00026995717788626434
1173.4859544160618,466.64304313672744,149.5732161105409,-1664.3479061120452,0.0007601241144673874,28.0,0.9091666666666666,4300.0,0.0011758793969849247,0.00027995559188205197
1195.382248592326,464.6273065024268,149.26431914049465,-1681.6013312816722,0.0007591495130888622,29.0,0.9091666666666666,4300.0,0.0012074659009332375,0.0002899540058778395
1217.5649661076388,462.51638261928656,147.86289760112018,-1697.9118288921964,0.0007581655760147671,30.0,0.9091666666666666,4300.0,0.0012383345297918161,0.000299952419873627
0.0,0.0,0.0,-2.628212131370674,0.00044527764420521353,0.0,0.9495833333333332,4300.0,0.0,
90.64792951824639,80.85243588016553,42.78716925917854,-254.69906814825663,0.00044396082968033396,1.0,0.9495833333333332,4300.0,6.460875807609475e-05,9.998413995787567e-06
148.00801130157723,126.86392115710925,64.11408813958643,-401.17161023805966,0.0004430281433844602,2.0,0.9495833333333332,4300.0,0.00012132089016511126,1.9996827991575134e-05
190.99605210610102,157.51557590435453,75.64992315697378,-495.6456727457262,0.00044223079615372454,3.0,0.9495833333333332,4300.0,0.00017444364680545583,2.9995241987362704e-05
226.30936095413406,179.7663130176445,82.25200770685736,-561.2114930533862,0.0004415149173496897,4.0,0.9495833333333332,4300.0,0.00022541277817659725,3.999365598315027e-05
256.8882617659908,196.7506963078258,86.38769958893963,-609.3092467918759,0.0004408572822546054,5.0,0.9495833333333332,4300.0,0.0002745872218234027,4.9992069978937845e-05
284.25801188200575,210.12190131318005,88.85280143695503,-646.1044415413198,0.0004402472881954134,6.0,0.9495833333333332,4300.0,0.00032089016511127063,5.999048397472541e-05
309.34368923042683,220.87571990596703,90.37570259062868,-675.5527317497617,0.00043966992220168324,7.0,0.9495833333333332,4300.0,0.00036683417085427134,6.998889797051299e-05
332.6484048469671,229.63157802915313,91.27988216803017,-699.8569022779993,0.000439125026959716,8.0,0.9495833333333332,4300.0,0.00041062455132806887,7.998731196630054e-05
354.5328300117349,236.7999630391724,91.75234388247121,-720.4692411891156,0.0004386043224085847,9.0,0.9495833333333332,4300.0,0.000455491744436468,8.998572596208812e-05
375.3938633264925,242.74772574927408,91.89560559679042,-739.0744960934244,0.0004380994497558327,10.0,0.9495833333333332,4300.0,0.0004989231873653984,9.998413995787569e-05
395.20356949221565,247.61523689688056,91.88569223014828,-755.2088836697076,0.0004376229729417377,11.0,0.9495833333333332,4300.0,0.0005409188801148599,0.00010998255395366325
414.15332823048175,251.60205494042668,91.7349634035235,-770.0315160502505,0.0004371616745279414,12.0,0.9495833333333332,4300.0,0.0005814788226848528,0.00011998096794945082
432.4860678300917,254.8882947963649,91.33460819000895,-783.7013925060601,0.00043671447838641164,13.0,0.9495833333333332,4300.0,0.0006206030150753768,0.0001299793819452384
450.21001264985034,257.5676848309016,90.91061509210391,-796.8142283212655,0.00043628008464954577,14.0,0.9495833333333332,4300.0,0.0006633165829145729,0.00013997779594102598
467.1549449555174,259.6297961660355,90.62924080168558,-808.8775707964669,0.0004358681462050599,15.0,0.9495833333333332,4300.0,0.0006999282124910266,0.0001499762099368135
483.842092551999,261.29743810700916,90.20463474241129,-821.4920063189056,0.0004354545080264671,16.0,0.9495833333333332,4300.0,0.0007408470926058865,0.00015997462393260107
500.03634892045386,262.5494935681216,89.89426495768411,-834.0521923855849,0.0004350482359821605,17.0,0.9495833333333332,4300.0,0.0007810480976310121,0.00016997303792838867
515.7334306637152,263.46087026857646,89.21763768665573,-844.7547850385017,0.0004346673003278903,18.0,0.9495833333333332,4300.0,0.0008140703517587939,0.00017997145192417624
531.0769499671031,264.03017356369963,88.86776767481238,-856.6537727508694,0.0004342819793643737,19.0,0.9495833333333332,4300.0,0.0008524766690595837,0.0001899698659199638
546.1665071572362,264.3823765734081,88.27583406826515,-868.0767500111688,0.00043390830824938727,20.0,0.9495833333333332,4300.0,0.0008901651112706389,0.00019996827991575138
560.7636072462342,264.4453367296754,87.65133992689015,-878.5047207643511,0.0004335503193403249,21.0,0.9495833333333332,4300.0,0.0009271356783919598,0.00020996669391153898
575.1600363917514,264.32986050259314,87.03437179035184,-889.909969804401,0.000433194319488556,22.0,0.9495833333333332,4300.0,0.0009633883704235462,0.0002199651079073265
589.2507059987548,264.01707816460254,86.8893655987885,-900.9569934986066,0.0004328500251408926,23.0,0.9495833333333332,4300.0,0.0009989231873653982,0.00022996352190311406
602.8797837149706,263.4845605396172,86.40260301905916,-912.324153847745,0.00043251374840521647,24.0,0.9495833333333332,4300.0,0.0010337401292175163,0.00023996193589890163
616.4299043527137,262.86745798614055,85.74546509111897,-923.361711788224,0.00043217487042815817,25.0,0.9495833333333332,4300.0,0.0010678391959798995,0.0002499603498946892
629.9488039681089,262.14179709574177,85.12009029410831,-934.6691470467777,0.0004318352977899968,26.0,0.9495833333333332,4300.0,0.0011012203876525483,0.0002599587638904768
642.7417833745561,261.24907765358245,84.8369705972882,-945.0472126566165,0.0004315199532411983,27.0,0.9495833333333332,4300.0,0.0011435750179468772,0.00026995717788626434
655.8922781835272,260.32467887243695,83.86502863026759,-956.696079926216,0.0004311964399718353,28.0,0.9495833333333332,4300.0,0.0011758793969849247,0.00027995559188205197
668.2986309442315,259.26743089638063,83.72546219603691,-967.5120542301593,0.0004308902399300907,29.0,0.9495833333333332,4300.0,0.0012074659009332375,0.0002899540058778395
680.8729773120003,258.1527771002246,82.97201271909844,-977.6534523125883,0.0004305808482220723,30.0,0.9495833333333332,4300.0,0.0012383345297918161,0.000299952419873627
0.0,0.0,0.0,-2.628212131370674,8.794375979114002e-05,0.0,0.99,4300.0,0.0,
17.7448922587946,15.824906717411395,8.373736069109643,-52.062328703323146,8.789303330676709e-05,1.0,0.99,4300.0,6.460875807609475e-05,9.998413995787567e-06
28.992150826367485,24.843244949649275,12.553654052914625,-80.95146691256377,8.785701494269268e-05,2.0,0.99,4300.0,0.00012132089016511126,1.9996827991575134e-05
37.43849242785692,30.863101880693172,14.822144072364724,-99.70534328043868,8.782616358947608e-05,3.0,0.99,4300.0,0.00017444364680545583,2.9995241987362704e-05
44.39035858057027,35.242567827634986,16.127258332937544,-112.81789683936222,8.779841790310539e-05,4.0,0.99,4300.0,0.00022541277817659725,3.999365598315027e-05
50.420532627575255,38.59264992062932,16.95064692088055,-122.51869882686879,8.777289066493375e-05,5.0,0.99,4300.0,0.0002745872218234027,4.9992069978937845e-05
55.82587332876364,41.235995020191275,17.447049952508273,-130.0090842560603,8.774917902078664e-05,6.0,0.99,4300.0,0.00032089016511127063,5.999048397472541e-05
60.78653468380471,43.36666417595605,17.758487465587184,-136.0608644476306,8.772670637674236e-05,7.0,0.99,4300.0,0.00036683417085427134,6.998889797051299e-05
65.40029770734547,45.10507393587108,17.94840257534522,-141.1023093812546,8.77054707771463e-05,8.0,0.99,4300.0,0.00041062455132806887,7.998731196630054e-05
69.73742017635583,46.53242950522783,18.053230929967057,-145.42056478193263,8.768515458069534e-05,9.0,0.99,4300.0,0.000455491744436468,8.998572596208812e-05
73.87572230633573,47.720267944702904,18.093199344058615,-149.3500463694363,8.766543364849406e-05,10.0,0.99,4300.0,0.0004989231873653984,9.998413995787569e-05
77.80882774861684,48.694733338363896,18.10270243647658,-152.78486269246787,8.764680049541444e-05,11.0,0.99,4300.0,0.0005409188801148599,0.00010998255395366325
81.57414925309567,49.49659238417726,18.08408678112581,-155.96578823456366,8.762874283187125e-05,12.0,0.99,4300.0,0.0005814788226848528,0.00011998096794945082
85.2196382961936,50.16058772667411,18.015862845024397,-158.9108579569729,8.761121850154502e-05,13.0,0.99,4300.0,0.0006206030150753768,0.0001299793819452384
88.74655275095398,50.703840407542074,17.942707467373406,-161.7516452989803,8.759418080292674e-05,14.0,0.99,4300.0,0.0006633165829145729,0.00013997779594102598
92.12060030657612,51.12617230083276,17.89753036053455,-164.38071021580254,8.757800672978582e-05,15.0,0.99,4300.0,0.0006999282124910266,0.0001499762099368135
95.44540168628085,51.47058624775287,17.823199625824643,-167.12117139980546,8.756175262010334e-05,16.0,0.99,4300.0,0.0007408470926058865,0.00015997462393260107
98.67416876045732,51.731978357635754,17.771353067042654,-169.85007220655098,8.75457724120687e-05,17.0,0.99,4300.0,0.0007810480976310121,0.00016997303792838867
101.8050857207165,51.926806605781266,17.646756279841124,-172.2030105904705,8.753077652443271e-05,18.0,0.99,4300.0,0.0008140703517587939,0.00017997145192417624
104.86768293061955,52.05265139329188,17.58615208503366,-174.7958324257488,8.751559418932031e-05,19.0,0.99,4300.0,0.0008524766690595837,0.0001899698659199638
107.88102621059802,52.137304694174354,17.47784516480246,-177.30672129942104,8.750085857936228e-05,20.0,0.99,4300.0,0.0008901651112706389,0.00019996827991575138
110.79752473040833,52.16454336897265,17.362628364212757,-179.5999913704727,8.74867297817677e-05,21.0,0.99,4300.0,0.0009271356783919598,0.00020996669391153898
113.6753210664788,52.154355490021956,17.24872298354369,-182.08708690229105,8.747266716733646e-05,22.0,0.99,4300.0,0.0009633883704235462,0.0002199651079073265
116.49339905150997,52.106967498693514,17.229093819684856,-184.5187910530076,8.74590569208561e-05,23.0,0.99,4300.0,0.0009989231873653982,0.00022996352190311406
119.22066746469953,52.0137805608081,17.140446310113944,-186.99260886746924,8.744575150526795e-05,24.0,0.99,4300.0,0.0010337401292175163,0.00023996193589890163
121.93340560607076,51.906251648487164,17.017313196610633,-189.42377034315723,8.743233453141562e-05,25.0,0.99,4300.0,0.0010678391959798995,0.0002499603498946892
124.64114649162717,51.77639720762277,16.900761938357064,-191.88555042096414,8.741888336532324e-05,26.0,0.99,4300.0,0.0011012203876525483,0.0002599587638904768
127.20461571384247,51.612148940380976,16.851690509767703,-194.15324932792282,8.740637586510381e-05,27.0,0.99,4300.0,0.0011435750179468772,0.00026995717788626434
129.84066396856966,51.443526533393005,16.664963208272503,-196.7048918393557,8.739353871800655e-05,28.0,0.99,4300.0,0.0011758793969849247,0.00027995559188205197
132.32874055258256,51.245286154336604,16.64412442593084,-199.08537370688282,8.738138098298708e-05,29.0,0.99,4300.0,0.0012074659009332375,0.0002899540058778395
134.85157282695863,51.03860560220966,16.500716519052787,-201.30258441489423,8.736908668274019e-05,30.0,0.99,4300.0,0.0012383345297918161,0.000299952419873627
