CAPE_u,CAPE_ext,CAPE_dist,dh,sat_def,P,RH,dz,ent_b,ent_std
0.0,0.0,0.0,-2.1237246499294997,0.006691839602623936,0.0,0.02,4250.0,0.0,
764.9647313690264,96.1583257838606,29.76813834819007,-2318.143251692374,0.006399448170671701,1.0,0.02,4200.0,3.266331658291457e-05,1.7857142857142859e-06
1408.4479056729235,101.33270611778015,18.672231931747106,-4207.071541234211,0.006170181501015473,2.0,0.02,4200.0,6.496769562096195e-05,3.5714285714285718e-06
1982.6895663169255,75.65619457073906,13.01038666602678,-5807.965313343906,0.0059591026257580434,3.0,0.02,4200.0,9.691313711414214e-05,5.357142857142858e-06
2511.9148634075373,57.172109812542544,10.040587571579975,-7203.9389617867055,0.005763493889705242,4.0,0.02,4200.0,0.0001292175161521895,7.1428571428571436e-06
3008.9265808564437,45.92239137680608,8.122426040855208,-8447.864931421303,0.00558119725761003,5.0,0.02,4200.0,0.00016062455132806892,8.928571428571431e-06
3480.6782712111303,38.41763093241417,6.85882288802679,-9574.113859003504,0.0054112023203200165,6.0,0.02,4200.0,0.0001927494615936827,1.0714285714285716e-05
3931.8245103306162,33.029188921508634,5.940861986627822,-10607.360697113836,0.005230965217791123,7.0,0.02,4150.0,0.0002248743718592965,1.2500000000000004e-05
4365.366872518446,28.963660886756077,5.233062866018972,-11566.06995007347,0.005082848063634592,8.0,0.02,4150.0,0.00025556353194544146,1.4285714285714287e-05
4783.354356394724,25.77712100193608,4.643892043011029,-12462.016273343455,0.004943350930521347,9.0,0.02,4150.0,0.00028750897343862166,1.6071428571428575e-05
5187.141883148236,23.235274765493127,4.221615667333011,-13304.67668028413,0.004811962616772697,10.0,0.02,4150.0,0.00031945441493180186,1.7857142857142862e-05
5578.079984240605,21.12162681805157,3.804395062679522,-14101.750616928904,0.004687652384640352,11.0,0.02,4150.0,0.000351399856424982,1.9642857142857145e-05
5957.080963859701,19.406728154256225,3.5447009936163876,-14858.978976862716,0.004570340015021496,12.0,0.02,4150.0,0.00038119167264895906,2.142857142857143e-05
6324.917375450947,17.921116347470107,3.2618147665981416,-15581.405113289213,0.004458838448768353,13.0,0.02,4150.0,0.0004129576453697056,2.3214285714285715e-05
6682.293840686431,16.666969594605305,3.050785279048284,-16272.856606427966,0.004353179985877005,14.0,0.02,4150.0,0.00044472361809045225,2.5000000000000008e-05
7030.018041889209,15.551677291539297,2.8345463331439062,-16936.61888363059,0.004252261042499669,15.0,0.02,4150.0,0.00047648959081119876,2.678571428571429e-05
7368.296099541514,14.593345309525425,2.6827681351054955,-17575.287879860538,0.0041563840062279304,16.0,0.02,4150.0,0.0005082555635319454,2.8571428571428574e-05
7697.634273454157,13.744279778457447,2.522836357071765,-18190.26508141987,0.004054436972512477,17.0,0.02,4100.0,0.0005369705671213208,3.035714285714286e-05
8018.722190200777,12.98414989561239,2.353667398529335,-18783.135767059503,0.003967783026786946,18.0,0.02,4100.0,0.0005685570710696339,3.214285714285715e-05
8331.625852614288,12.318546716854415,2.259150674714832,-19357.15933842161,0.003885176607583456,19.0,0.02,4100.0,0.0006001435750179469,3.392857142857144e-05
8637.152918397262,11.713351974005626,2.1680006842166817,-19913.665374838143,0.0038058593130723866,20.0,0.02,4100.0,0.0006317300789662599,3.5714285714285724e-05
8935.556725311677,11.14222746743799,2.0357955067380615,-20451.770182424007,0.003730082299497686,21.0,0.02,4100.0,0.0006633165829145729,3.750000000000001e-05
9226.357446917471,10.640631201237909,1.9251989689979623,-20973.555601885477,0.003657616913293164,22.0,0.02,4100.0,0.0006949030868628859,3.928571428571429e-05
9511.170034447387,10.200060099250717,1.8796073058027916,-21482.277980103412,0.0035878393299071877,23.0,0.02,4100.0,0.0007223618090452261,4.1071428571428604e-05
9789.597756240086,9.792147032135599,1.8162137295425862,-21975.290267567878,0.0035209094177136068,24.0,0.02,4100.0,0.0007537688442211055,4.285714285714286e-05
10060.878881286102,9.399295670305673,1.739325398576438,-22453.999416047234,0.0034567117668082947,25.0,0.02,4100.0,0.000785175879396985,4.464285714285715e-05
10327.690559053844,9.01134131382244,1.6372776975657761,-22923.703555639302,0.003394282372881424,26.0,0.02,4100.0,0.0008165829145728642,4.642857142857143e-05
10588.298343217479,8.687169085564806,1.569279252226156,-23377.97413305576,0.003334740745526729,27.0,0.02,4100.0,0.0008479899497487437,4.8214285714285716e-05
10842.68264280222,8.404531210566,1.5550280084859736,-23820.356091952883,0.0032776020346753044,28.0,0.02,4100.0,0.0008793969849246232,5.0000000000000016e-05
11092.553555911489,8.10265703824153,1.4947435979659491,-24252.06894955785,0.0032223656498678722,29.0,0.02,4100.0,0.0009108040201005025,5.1785714285714296e-05
11337.689273835284,7.851907670766019,1.4591079861252216,-24675.729276875656,0.0031628641526417938,30.0,0.02,4050.0,0.0009422110552763818,5.357142857142858e-05
0.0,0.0,0.0,-2.1237246499294997,0.006390630270892692,0.0,0.06041666666666666,4250.0,0.0,
731.8900713639068,91.92960230622059,28.454052085144525,-2218.0870038323046,0.006122412834975138,1.0,0.06041666666666666,4200.0,3.266331658291457e-05,1.7857142857142859e-06
1349.346100434702,96.92877874341363,17.847264592431035,-4031.6835145395307,0.005912782992103384,2.0,0.06041666666666666,4200.0,6.496769562096195e-05,3.5714285714285718e-06
1901.8114654073754,72.36193774314432,12.434324338400128,-5573.688114664263,0.005719174551652276,3.0,0.06041666666666666,4200.0,9.691313711414214e-05,5.357142857142858e-06
2412.134421042912,54.66241589025516,9.594943356767335,-6922.294383876098,0.005539226643206791,4.0,0.06041666666666666,4200.0,0.0001292175161521895,7.1428571428571436e-06
2892.34871089778,43.896439639138876,7.761632066066469,-8127.257166805917,0.005371062099264246,5.0,0.06041666666666666,4200.0,0.00016062455132806892,8.928571428571431e-06
3348.9464532679676,36.71619140073519,6.553666915833908,-9220.88130779851,0.005213837908136886,6.0,0.06041666666666666,4200.0,0.0001927494615936827,1.0714285714285716e-05
3786.2696862750417,31.561527365630862,5.67638338321274,-10226.35634502476,0.005066263018203211,7.0,0.06041666666666666,4200.0,0.0002248743718592965,1.2500000000000004e-05
4207.111044965947,27.67372337503029,5.000239612402133,-11161.099423327185,0.0049079473390631016,8.0,0.06041666666666666,4150.0,0.00025556353194544146,1.4285714285714287e-05
4613.358237346582,24.62629010551623,4.437016526676515,-12036.270930608072,0.004778065431263116,9.0,0.06041666666666666,4150.0,0.00028750897343862166,1.6071428571428575e-05
5006.244489876473,22.196269103414735,4.033350335034381,-12860.668315962364,0.004655482834244219,10.0,0.06041666666666666,4150.0,0.00031945441493180186,1.7857142857142862e-05
5387.025954983891,20.17504063794068,3.6349242559493264,-13641.617828161376,0.00453928211597289,11.0,0.06041666666666666,4150.0,0.000351399856424982,1.9642857142857145e-05
5756.525386110772,18.53573000043133,3.386634858752565,-14384.50374193611,0.0044294190443334765,12.0,0.06041666666666666,4150.0,0.00038119167264895906,2.142857142857143e-05
6115.466160660213,17.11547634373726,3.116151709682882,-15094.075486804919,0.004324819974933604,13.0,0.06041666666666666,4150.0,0.0004129576453697056,2.3214285714285715e-05
6464.482016421426,15.917429512366871,2.9146008678309006,-15773.936558635432,0.004225537261417213,14.0,0.06041666666666666,4150.0,0.00044472361809045225,2.5000000000000008e-05
6804.344368667655,14.851107959936396,2.707655581791032,-16427.253589754713,0.004130564120109181,15.0,0.06041666666666666,4150.0,0.00047648959081119876,2.678571428571429e-05
7135.210354558207,13.935354658936946,2.562623997198774,-17056.421894121064,0.004040199066635256,16.0,0.06041666666666666,4150.0,0.0005082555635319454,2.8571428571428574e-05
7457.538239504693,13.124021608315475,2.4097890604830066,-17662.65475349182,0.003954272944996665,17.0,0.06041666666666666,4150.0,0.0005369705671213208,3.035714285714286e-05
7772.008935964576,12.398133196971493,2.2481099356542984,-18247.64578573538,0.003861439432594643,18.0,0.06041666666666666,4100.0,0.0005685570710696339,3.214285714285715e-05
8078.642444860941,11.76171106709692,2.158200108781574,-18814.459011251558,0.0037832882699482275,19.0,0.06041666666666666,4100.0,0.0006001435750179469,3.392857142857144e-05
8378.226251855402,11.1837175524827,2.070868790902496,-19364.35826039221,0.0037081599956683533,20.0,0.06041666666666666,4100.0,0.0006317300789662599,3.5714285714285724e-05
8670.977113527133,10.63823600641003,1.9443778951704958,-19896.49007854057,0.003636304149528845,21.0,0.06041666666666666,4100.0,0.0006633165829145729,3.750000000000001e-05
8956.418601471705,10.159117822370801,1.839090825673818,-20412.713725267407,0.0035675104669134323,22.0,0.06041666666666666,4100.0,0.0006949030868628859,3.928571428571429e-05
9236.123718993227,9.738052379427373,1.7951340103903402,-20916.28824090943,0.0035011958706191748,23.0,0.06041666666666666,4100.0,0.0007223618090452261,4.1071428571428604e-05
9509.67914318815,9.348256610990555,1.7348268631641115,-21404.681138558466,0.0034375247638137414,24.0,0.06041666666666666,4100.0,0.0007537688442211055,4.285714285714286e-05
9776.339549236902,8.972881686501298,1.6610153488868726,-21879.06019996448,0.0033763966576703095,25.0,0.06041666666666666,4100.0,0.000785175879396985,4.464285714285715e-05
10038.730558079338,8.602079072216112,1.5638480477323509,-22344.82988860053,0.0033168981184908087,26.0,0.06041666666666666,4100.0,0.0008165829145728642,4.642857142857143e-05
10295.112506955995,8.293011637020786,1.4984923050068364,-22795.42456912373,0.0032601000396038195,27.0,0.06041666666666666,4100.0,0.0008479899497487437,4.8214285714285716e-05
10545.464947122138,8.022579971876352,1.4849899132365698,-23234.400115106517,0.003205544812607081,28.0,0.06041666666666666,4100.0,0.0008793969849246232,5.0000000000000016e-05
10791.468199063856,7.733955661143326,1.4276158208721401,-23663.07714109085,0.0031527655095324246,29.0,0.06041666666666666,4100.0,0.0009108040201005025,5.1785714285714296e-05
11032.909725514122,7.494805910503572,1.393078707280615,-24083.755101357383,0.0031014631190230267,30.0,0.06041666666666666,4100.0,0.0009422110552763818,5.357142857142858e-05
0.0,0.0,0.0,-2.1237246499294997,0.006091887669657143,0.0,0.10083333333333333,4250.0,0.0,
698.9610156229157,87.72681695646308,27.148922954447173,-2118.4532713653025,0.005846605359824192,1.0,0.10083333333333333,4200.0,3.266331658291457e-05,1.7857142857142859e-06
1290.3429394030136,92.54556308582355,17.027463013019535,-3856.4659689044493,0.005655636155997815,2.0,0.10083333333333333,4200.0,6.496769562096195e-05,3.5714285714285718e-06
1820.8703400206648,69.08362168171446,11.861985606203211,-5338.94416655325,0.005478712214994181,3.0,0.10083333333333333,4200.0,9.691313711414214e-05,5.357142857142858e-06
2312.0530044998723,52.165813875375555,9.152273956008266,-6639.324118972931,0.0053137903446872845,4.0,0.10083333333333333,4200.0,0.0001292175161521895,7.1428571428571436e-06
2775.1845837370674,41.88185294482202,7.403254744024545,-7804.340362300769,0.00515924419972002,5.0,0.10083333333333333,4200.0,0.00016062455132806892,8.928571428571431e-06
3216.3116968302875,35.024841722603796,6.250620864133849,-8864.294201834346,0.005014377522377196,6.0,0.10083333333333333,4200.0,0.0001927494615936827,1.0714285714285716e-05
3639.474619895476,30.102960017787378,5.413742755991493,-9840.965146321018,0.004878069316270304,7.0,0.10083333333333333,4200.0,0.0002248743718592965,1.2500000000000004e-05
4047.264155276248,26.392027848844993,4.769024091154542,-10750.63105802572,0.004730384036125581,8.0,0.10083333333333333,4150.0,0.00025556353194544146,1.4285714285714287e-05
4441.412658691911,23.48304019928509,4.231593846881355,-11603.972986554996,0.00460990504885617,9.0,0.10083333333333333,4150.0,0.00028750897343862166,1.6071428571428575e-05
4823.03613960489,21.164230492175896,3.8464248249256863,-12409.081241353255,0.004495961829132506,10.0,0.10083333333333333,4150.0,0.00031945441493180186,1.7857142857142862e-05
5193.298831585001,19.234988224593273,3.466644972959829,-13172.910438052451,0.004387741597195923,11.0,0.10083333333333333,4150.0,0.000351399856424982,1.9642857142857145e-05
5552.936474919196,17.671267263997493,3.2296951632192012,-13900.493989085604,0.004285230901101395,12.0,0.10083333333333333,4150.0,0.00038119167264895906,2.142857142857143e-05
5902.624273615235,16.315655166308378,2.971545917975517,-14596.288942634928,0.004187462630689673,13.0,0.10083333333333333,4150.0,0.0004129576453697056,2.3214285714285715e-05
6242.927745282698,15.173338802511402,2.7795066800682267,-15263.676194703708,0.004094506015615865,14.0,0.10083333333333333,4150.0,0.00044472361809045225,2.5000000000000008e-05
6574.583402202782,14.155745629106882,2.5817140917879904,-15905.699697905904,0.004005446247055907,15.0,0.10083333333333333,4150.0,0.00047648959081119876,2.678571428571429e-05
6897.6948262726855,13.28230955348662,2.4433834227630333,-16524.557299907363,0.003920576268328241,16.0,0.10083333333333333,4150.0,0.0005082555635319454,2.8571428571428574e-05
7212.682482693253,12.508477169268057,2.2975978715793044,-17121.351676710008,0.0038397588161009676,17.0,0.10083333333333333,4150.0,0.0005369705671213208,3.035714285714286e-05
7520.207570267019,11.816575153429259,2.1433613721349087,-17697.69865243526,0.003762065905828645,18.0,0.10083333333333333,4150.0,0.0005685570710696339,3.214285714285715e-05
7820.252927663146,11.20919402354457,2.057991882549035,-18256.531260511867,0.0036779874776768097,19.0,0.10083333333333333,4100.0,0.0006001435750179469,3.392857142857144e-05
8113.583351593388,10.658204309593886,1.9744730718866979,-18799.148092846037,0.003607067327480439,20.0,0.10083333333333333,4100.0,0.0006317300789662599,3.5714285714285724e-05
8400.377683771474,10.138183539176454,1.8536720169037582,-19324.659477210203,0.003539157484257458,21.0,0.10083333333333333,4100.0,0.0006633165829145729,3.750000000000001e-05
8680.163149519463,9.681387753420331,1.7536239446706696,-19834.706651050234,0.003474064902123702,22.0,0.10083333333333333,4100.0,0.0006949030868628859,3.928571428571429e-05
8954.472646346969,9.279716222154404,1.7113258717202993,-20332.54523790013,0.003411246757360592,23.0,0.10083333333333333,4100.0,0.0007223618090452261,4.1071428571428604e-05
9222.878532316354,8.90792797755749,1.6540607403459877,-20815.752694121882,0.0033508714946974077,24.0,0.10083333333333333,4100.0,0.0007537688442211055,4.285714285714286e-05
9484.647137048592,8.54992143988363,1.5833349084365944,-21285.266002953584,0.0032928511045211615,25.0,0.10083333333333333,4100.0,0.000785175879396985,4.464285714285715e-05
9742.350343001666,8.196175673552867,1.4909846011978303,-21746.58016592171,0.003236324730023533,26.0,0.10083333333333333,4100.0,0.0008165829145728642,4.642857142857143e-05
9994.246677023246,7.902051367889768,1.4282869194809424,-22193.00899986428,0.0031823116235083974,27.0,0.10083333333333333,4100.0,0.0008479899497487437,4.8214285714285716e-05
10240.317292327467,7.6437865230396085,1.4155187864020864,-22628.109016384165,0.0031303836267830175,28.0,0.10083333333333333,4100.0,0.0008793969849246232,5.0000000000000016e-05
10482.208692956265,7.368348969667192,1.3610148521399974,-23053.299110092827,0.0030801044108333033,29.0,0.10083333333333333,4100.0,0.0009108040201005025,5.1785714285714296e-05
10719.718842764772,7.1406819896486455,1.327611891777713,-23470.629766278325,0.0030311927564363366,30.0,0.10083333333333333,4100.0,0.0009422110552763818,5.357142857142858e-05
0.0,0.0,0.0,-2.1237246499294997,0.005795565446830747,0.0,0.14125,4250.0,0.0,
666.1741804531496,83.54779091635996,25.85190311204588,-2019.2367820242944,0.005572010439183574,1.0,0.14125,4200.0,3.266331658291457e-05,1.7857142857142859e-06
1231.4350269207453,88.1805758770687,16.21275845693143,-3681.4178257155218,0.0053987404617322566,2.0,0.14125,4200.0,6.496769562096195e-05,3.5714285714285718e-06
1739.8610786895917,65.82045749536394,11.293313448989899,-5103.734958946916,0.0052377190769257,3.0,0.14125,4200.0,9.691313711414214e-05,5.357142857142858e-06
2211.6668178749596,49.682275800322564,8.712506750242365,-6355.026008050496,0.005087185108240938,4.0,0.14125,4200.0,0.0001292175161521895,7.1428571428571436e-06
2657.4253878180107,39.878643407995504,7.047283946939594,-7479.100555561592,0.004945735842134963,5.0,0.14125,4200.0,0.00016062455132806892,8.928571428571431e-06
3082.759783083188,33.34357439701753,5.949663394864514,-8504.31872729901,0.004812802233569397,6.0,0.14125,4200.0,0.0001927494615936827,1.0714285714285716e-05
3491.417381866879,28.653476250045006,5.152915107785509,-9451.088744605324,0.004687415875638466,7.0,0.14125,4200.0,0.0002248743718592965,1.2500000000000004e-05
3885.7930303980183,25.118518088189358,4.539394030299742,-10334.61318906959,0.0045686476059537805,8.0,0.14125,4200.0,0.00025556353194544146,1.4285714285714287e-05
4267.47213145549,22.347319828231495,4.027603737219029,-11164.987449639171,0.0044388124338452595,9.0,0.14125,4150.0,0.00028750897343862166,1.6071428571428575e-05
4637.457585428427,20.139126593152074,3.660820464606256,-11949.735751945183,0.004333328885314465,10.0,0.14125,4150.0,0.00031945441493180186,1.7857142857142862e-05
4996.823979010192,18.301436855896956,3.299540267744068,-12695.40023525276,0.004232947032937624,11.0,0.14125,4150.0,0.000351399856424982,1.9642857142857145e-05
5346.223944074503,16.812855320368627,3.073865788803613,-13406.67022500874,0.004137679246849755,12.0,0.14125,4150.0,0.00038119167264895906,2.142857142857143e-05
5686.284252886067,15.521609304731681,2.8279821865927257,-14087.712233306847,0.004046658475084446,13.0,0.14125,4150.0,0.0004129576453697056,2.3214285714285715e-05
6017.506798030694,14.434682861505308,2.6453723375038813,-14741.68703274733,0.003959967682849723,14.0,0.14125,4150.0,0.00044472361809045225,2.5000000000000008e-05
6340.589338138287,13.465576235805056,2.4567080547977094,-15371.512418608203,0.0038767789636897977,15.0,0.14125,4150.0,0.00047648959081119876,2.678571428571429e-05
6655.587010591635,12.63419570636899,2.325033180667,-15979.191801762892,0.0037973781712413884,16.0,0.14125,4150.0,0.0005082555635319454,2.8571428571428574e-05
6962.882768590322,11.89822862058182,2.1862502324737503,-16565.71791955462,0.003721656509972967,17.0,0.14125,4150.0,0.0005369705671213208,3.035714285714286e-05
7263.117044420697,11.239461933149316,2.03940960131625,-17132.7450299119,0.003648762981123545,18.0,0.14125,4150.0,0.0005685570710696339,3.214285714285715e-05
7556.236168328276,10.660980517711813,1.9585146636278807,-17682.78192865812,0.003579027453352317,19.0,0.14125,4150.0,0.0006001435750179469,3.392857142857144e-05
7842.981712863084,10.136797768020264,1.8788024083431474,-18217.30124643221,0.003502418569346329,20.0,0.14125,4100.0,0.0006317300789662599,3.5714285714285724e-05
8123.497125561516,9.642055842142879,1.7636670709411,-18735.487993628536,0.0034384740491375187,21.0,0.14125,4100.0,0.0006633165829145729,3.750000000000001e-05
8397.309339336693,9.20742690888629,1.6687883796252734,-19238.68864010916,0.003377107848539384,22.0,0.14125,4100.0,0.0006949030868628859,3.928571428571429e-05
8665.913083394918,8.82503704179147,1.6281725742624067,-19730.14698777483,0.003317816132412672,23.0,0.14125,4100.0,0.0007223618090452261,4.1071428571428604e-05
8928.87015395133,8.471146286063002,1.5739055740036805,-20207.549734998553,0.003260769877876169,24.0,0.14125,4100.0,0.0007537688442211055,4.285714285714286e-05
9185.451699575953,8.130399799024378,1.50627424029554,-20671.607028052276,0.0032058933501614415,25.0,0.14125,4100.0,0.000785175879396985,4.464285714285715e-05
9438.181695488154,7.793615330231091,1.4186783133051348,-21127.893439190128,0.0031523771176037146,26.0,0.14125,4100.0,0.0008165829145728642,4.642857142857143e-05
9685.312505547334,7.514274145821854,1.3586539027048168,-21569.614131054048,0.0031011895239834914,27.0,0.14125,4100.0,0.0008479899497487437,4.8214285714285716e-05
9926.831193702941,7.268135609597746,1.3466055080736528,-22000.32101958283,0.00305192993528843,28.0,0.14125,4100.0,0.0008793969849246232,5.0000000000000016e-05
10164.343918659913,7.005820839640739,1.2949320919547882,-22421.52204024487,0.0030041938917692913,29.0,0.14125,4100.0,0.0009108040201005025,5.1785714285714296e-05
10397.664416458392,6.789520954295141,1.2626984541639765,-22835.02637222755,0.0029577164274324085,30.0,0.14125,4100.0,0.0009422110552763818,5.357142857142858e-05
0.0,0.0,0.0,-2.1237246499294997,0.005501618660993763,0.0,0.18166666666666664,4250.0,0.0,
633.5274100094891,79.39205536018413,24.562765496130318,-1920.4324026272152,0.005298613179182739,1.0,0.18166666666666664,4200.0,3.266331658291457e-05,1.7857142857142859e-06
1172.622715186694,83.83739436074542,15.403068673372621,-3506.538150141074,0.005142095480785406,2.0,0.18166666666666664,4200.0,6.496769562096195e-05,3.5714285714285718e-06
1658.7848860068168,62.57238179174506,10.728233326052251,-4868.062262728803,0.0049961987250773535,3.0,0.18166666666666664,4200.0,9.691313711414214e-05,5.357142857142858e-06
2110.971036189947,47.21180117611886,8.275775949899863,-6069.398174612514,0.004859411529633395,4.0,0.18166666666666664,4200.0,0.0001292175161521895,7.1428571428571436e-06
2539.0649876171337,37.88679565706027,6.693679685372906,-7151.524238684593,0.004730529607617797,5.0,0.18166666666666664,4200.0,0.00016062455132806892,8.928571428571431e-06
2948.276628672909,31.672378489344784,5.650751269844073,-8140.921720220409,0.004609093314681496,6.0,0.18166666666666664,4200.0,0.0001927494615936827,1.0714285714285716e-05
3342.0742264117634,27.213085458128713,4.893876020046931,-9056.666199875202,0.004494271067629294,7.0,0.18166666666666664,4200.0,0.0002248743718592965,1.2500000000000004e-05
3722.6641654492264,23.853251209824823,4.31132768628026,-9912.994043724924,0.004385255149786481,8.0,0.18166666666666664,4200.0,0.00025556353194544146,1.4285714285714287e-05
4091.489774899551,21.219185014255626,3.8250264122135347,-10719.177463878055,0.00426472927258462,9.0,0.18166666666666664,4150.0,0.00028750897343862166,1.6071428571428575e-05
4449.447712923746,19.121006694139123,3.47651902094971,-11482.449076956036,0.004167511360029377,10.0,0.18166666666666664,4150.0,0.00031945441493180186,1.7857142857142862e-05
4797.524593013947,17.374436979105035,3.1335936069453636,-12208.85408405168,0.004074811967081545,11.0,0.18166666666666664,4150.0,0.000351399856424982,1.9642857142857145e-05
5136.293952047698,15.960547383173049,2.9191310097057936,-12902.74518508806,0.003986664563017165,12.0,0.18166666666666664,4150.0,0.00038119167264895906,2.142857142857143e-05
5466.33406381619,14.73336808337977,2.6854456786928576,-13568.001227996247,0.003902295605743985,13.0,0.18166666666666664,4150.0,0.0004129576453697056,2.3214285714285715e-05
5788.088139065465,13.701453134710626,2.5121840082030604,-14207.566026178094,0.00382179859967987,14.0,0.18166666666666664,4150.0,0.00044472361809045225,2.5000000000000008e-05
6102.2116468986105,12.780585432714979,2.3326239956648482,-14824.227870526847,0.003744427884491229,15.0,0.18166666666666664,4150.0,0.00047648959081119876,2.678571428571429e-05
6408.719017099065,11.990998551236098,2.2075603607008207,-15419.800169804876,0.003670460542913579,16.0,0.18166666666666664,4150.0,0.0005082555635319454,2.8571428571428574e-05
6707.946858326832,11.292679130596827,2.0757338896422244,-15995.166358479983,0.003599813016545007,17.0,0.18166666666666664,4150.0,0.0005369705671213208,3.035714285714286e-05
7000.524556660235,10.666779454203228,1.9362428150556126,-16552.010104705667,0.003531708585459772,18.0,0.18166666666666664,4150.0,0.0005685570710696339,3.214285714285715e-05
7286.357599555365,10.117055235286502,1.8597574148004383,-17092.54245219974,0.0034664605206039907,19.0,0.18166666666666664,4150.0,0.0006001435750179469,3.392857142857144e-05
7566.16284469565,9.619483209804457,1.7838459618709475,-17618.158615372507,0.0034035165337042246,20.0,0.18166666666666664,4150.0,0.0006317300789662599,3.5714285714285724e-05
7840.0540411260445,9.149838468025315,1.6743525250583233,-18128.13750172939,0.0033340751393764394,21.0,0.18166666666666664,4100.0,0.0006633165829145729,3.750000000000001e-05
8107.559614068641,8.737220995606647,1.5845744480607926,-18623.760306082484,0.003276455027436297,22.0,0.18166666666666664,4100.0,0.0006949030868628859,3.928571428571429e-05
8370.124730725012,8.374000057652186,1.5456640651914848,-19108.13296579956,0.0032207154484007777,23.0,0.18166666666666664,4100.0,0.0007223618090452261,4.1071428571428604e-05
8627.308771038486,8.037896504165728,1.4943518377644163,-19579.05088002122,0.003167027305872223,24.0,0.18166666666666664,4100.0,0.0007537688442211055,4.285714285714286e-05
8878.386515939488,7.714301458963427,1.4298237572352714,-20037.0038373599,0.0031153270676274342,25.0,0.18166666666666664,4100.0,0.000785175879396985,4.464285714285715e-05
9125.833532186532,7.394382097038463,1.346920383414306,-20487.630825614404,0.0030648563824085466,26.0,0.18166666666666664,4100.0,0.0008165829145728642,4.642857142857143e-05
9367.898954355147,7.129665689389593,1.2895842957166657,-20924.04457274758,0.0030165318777307785,27.0,0.18166666666666664,4100.0,0.0008479899497487437,4.8214285714285716e-05
9604.57303624241,6.89561183477037,1.278241198408327,-21349.783863713557,0.002969980482687537,28.0,0.18166666666666664,4100.0,0.0008793969849246232,5.0000000000000016e-05
9837.42280065833,6.646355021213924,1.2293591764372158,-21766.43898066503,0.002924828657960815,29.0,0.18166666666666664,4100.0,0.0009108040201005025,5.1785714285714296e-05
10066.273204136221,6.441307726616531,1.1983295408832673,-22175.584013942913,0.0028808274858478427,30.0,0.18166666666666664,4100.0,0.0009422110552763818,5.357142857142858e-05
0.0,0.0,0.0,-2.1237246499294997,0.005210003719445046,0.0,0.2220833333333333,4250.0,0.0,
601.018722612172,75.25994809875071,23.281369994087115,-1822.035133761332,0.005026399077716318,1.0,0.2220833333333333,4200.0,3.266331658291457e-05,1.7857142857142859e-06
1113.9029985199472,79.51347573431315,14.598331346080748,-3331.8260997712932,0.004885700942346736,2.0,0.2220833333333333,4200.0,6.496769562096195e-05,3.5714285714285718e-06
1577.6366623576644,59.339182474731714,10.166730432931262,-4631.927956310406,0.004754155052153919,3.0,0.2220833333333333,4200.0,9.691313711414214e-05,5.357142857142858e-06
2009.9637872622523,44.75437557789977,7.8420911432010625,-5782.439078102128,0.0046304704844743185,4.0,0.2220833333333333,4200.0,0.0001292175161521895,7.1428571428571436e-06
2420.0940467302603,35.906307474342704,6.342411403536513,-6821.598697001122,0.004513618250341694,5.0,0.2220833333333333,4200.0,0.00016062455132806892,8.928571428571431e-06
2812.846119035372,30.01125790657046,5.353856341318153,-7774.070238143904,0.004403232713308105,6.0,0.2220833333333333,4200.0,0.0001927494615936827,1.0714285714285716e-05
3191.420681256053,25.78237150759615,4.636601631638127,-8657.636738477333,0.004298603277118938,7.0,0.2220833333333333,4200.0,0.0002248743718592965,1.2500000000000004e-05
3557.8416009583307,22.596159778408275,4.084803824647776,-9485.593331455319,0.004199031963464827,8.0,0.2220833333333333,4200.0,0.00025556353194544146,1.4285714285714287e-05
3913.4174240965235,20.098566894726904,3.6238425496686357,-10266.46131623855,0.004104292147306541,9.0,0.2220833333333333,4200.0,0.00028750897343862166,1.6071428571428575e-05
4258.943214351018,18.109804817955972,3.2935026839466137,-11007.035043010794,0.0039984356793529305,10.0,0.2220833333333333,4150.0,0.00031945441493180186,1.7857142857142862e-05
4595.320742419973,16.453921715804114,2.9687888545726735,-11713.033050266356,0.00391324826979313,11.0,0.2220833333333333,4150.0,0.000351399856424982,1.9642857142857145e-05
4923.048594364893,15.114297199044596,2.7654754780176614,-12388.42336708746,0.0038320845996449517,12.0,0.2220833333333333,4150.0,0.00038119167264895906,2.142857142857143e-05
5242.658228044038,13.950913534532614,2.543921911813863,-13036.800525308106,0.003754258415455238,13.0,0.2220833333333333,4150.0,0.0004129576453697056,2.3214285714285715e-05
5554.5336664650395,12.97363663218138,2.3799281994203985,-13660.89535097601,0.0036798705738278438,14.0,0.2220833333333333,4150.0,0.00044472361809045225,2.5000000000000008e-05
5859.291586962928,12.100758546864597,2.209448759930704,-14263.363418560955,0.0036082530527514396,15.0,0.2220833333333333,4150.0,0.00047648959081119876,2.678571428571429e-05
6156.906913291769,11.352703203683262,2.090952361548413,-14845.833499021413,0.003539672324416852,16.0,0.2220833333333333,4150.0,0.0005082555635319454,2.8571428571428574e-05
6447.673548534865,10.691723650942848,1.9660368824377723,-15409.081179356639,0.0034740671195548412,17.0,0.2220833333333333,4150.0,0.0005369705671213208,3.035714285714286e-05
6732.20225598134,10.098513349855175,1.8338494924229918,-15954.810237762875,0.003410732524294237,18.0,0.2220833333333333,4150.0,0.0005685570710696339,3.214285714285715e-05
7010.3680523169005,9.57740258433795,1.7617093827731545,-16484.943812681864,0.003349963911000221,19.0,0.2220833333333333,4150.0,0.0006001435750179469,3.392857142857144e-05
7282.858397626827,9.106245646007082,1.6895931637911004,-17000.88614441856,0.0032912621335453567,20.0,0.2220833333333333,4150.0,0.0006317300789662599,3.5714285714285724e-05
7549.7512705609015,8.661516716740987,1.585718105546521,-17501.889068087286,0.003234818706134816,21.0,0.2220833333333333,4150.0,0.0006633165829145729,3.750000000000001e-05
7810.587712714523,8.27075548446478,1.5009727211056327,-17988.973537929014,0.003180560555208575,22.0,0.2220833333333333,4150.0,0.0006949030868628859,3.928571428571429e-05
8066.760873903669,7.92659026725675,1.4637905442508525,-18465.479490453727,0.0031197422667534292,23.0,0.2220833333333333,4100.0,0.0007223618090452261,4.1071428571428604e-05
8317.824792283154,7.608163387505102,1.41539025581871,-18929.165113032497,0.0030694369932849097,24.0,0.2220833333333333,4100.0,0.0007537688442211055,4.285714285714286e-05
8563.063532531134,7.301610916885219,1.3539741120679283,-19380.300382611524,0.0030209408315194203,25.0,0.2220833333333333,4100.0,0.000785175879396985,4.464285714285715e-05
8804.891808433618,6.99845984817873,1.275702245258676,-19824.569760435625,0.0029735478017963424,26.0,0.2220833333333333,4100.0,0.0008165829145728642,4.642857142857143e-05
9041.567411157015,6.748211544491361,1.2210693643832038,-20255.014400457694,0.0029281206422931746,27.0,0.2220833333333333,4100.0,0.0008479899497487437,4.8214285714285716e-05
9273.077219795165,6.52619963764149,1.2104172081850137,-20675.147982753326,0.002884314769599097,28.0,0.2220833333333333,4100.0,0.0008793969849246232,5.0000000000000016e-05
9500.953251605639,6.289935118380462,1.1642879682519889,-21086.63944111662,0.0028417853506337953,29.0,0.2220833333333333,4100.0,0.0009108040201005025,5.1785714285714296e-05
9725.026013214863,6.096027084132175,1.1344965212426374,-21490.830251878593,0.0028003012089895464,30.0,0.2220833333333333,4100.0,0.0009422110552763818,5.357142857142858e-05
0.0,0.0,0.0,-2.1237246499294997,0.0049206783217141305,0.0,0.2625,4250.0,0.0,
568.6468786823147,71.15172533569061,22.006662087630406,-1724.0401062116216,0.004755354003893938,1.0,0.2625,4200.0,3.266331658291457e-05,1.7857142857142859e-06
1055.273801362464,75.20799691675305,13.798499088680506,-3157.280917266413,0.004629556725726886,2.0,0.2625,4200.0,6.496769562096195e-05,3.5714285714285718e-06
1496.417625253704,56.12080619052508,9.608762775972975,-4395.334106361064,0.004511592092176998,3.0,0.2625,4200.0,9.691313711414214e-05,5.357142857142858e-06
1908.6383939636569,42.30999660059079,7.41116733347775,-5494.147757048988,0.004400362998110554,4.0,0.2625,4200.0,0.0001292175161521895,7.1428571428571436e-06
2300.503417610246,33.937163139750396,5.993456863513299,-6489.311477137708,0.00429499520059338,5.0,0.2625,4200.0,0.00016062455132806892,8.928571428571431e-06
2676.4534662062692,28.360200880564864,5.0589521344814115,-7403.732301034623,0.004195202339531422,6.0,0.2625,4200.0,0.0001927494615936827,1.0714285714285716e-05
3039.432122928434,24.36076520036462,4.381068618733994,-8253.939834768586,0.0041003812940773356,7.0,0.2625,4200.0,0.0002248743718592965,1.2500000000000004e-05
3391.2893335140543,21.347310864857455,3.8598017017551056,-9052.314124667442,0.0040099319630339195,8.0,0.2625,4200.0,0.00025556353194544146,1.4285714285714287e-05
3733.2055792983124,18.985537557079816,3.424033273904993,-9806.713744180568,0.0039236789916395854,9.0,0.2625,4200.0,0.00028750897343862166,1.6071428571428575e-05
4065.878630980519,17.105593398390138,3.1117540513945703,-10523.304194522265,0.0038260266991169333,10.0,0.2625,4150.0,0.00031945441493180186,1.7857142857142862e-05
4390.129478603596,15.53994985622254,2.8051102575320717,-11207.692941815658,0.0037481654277753736,11.0,0.2625,4150.0,0.000351399856424982,1.9642857142857145e-05
4706.386142242863,14.274132297448247,2.6128842099193883,-11863.400865891745,0.0036738340221303873,12.0,0.2625,4150.0,0.00038119167264895906,2.142857142857143e-05
5015.133660328059,13.174246870431974,2.4033967449316775,-12493.742925520994,0.003602427175188409,13.0,0.2625,4150.0,0.0004129576453697056,2.3214285714285715e-05
5316.699427591405,12.2512199834526,2.248591745169098,-13101.241692937481,0.003534050197575131,14.0,0.2625,4150.0,0.00044472361809045225,2.5000000000000008e-05
5611.664718277559,11.42608054121444,2.087169502006456,-13688.416872009577,0.003468108303488093,15.0,0.2625,4150.0,0.00047648959081119876,2.678571428571429e-05
5899.961122609617,10.719294425817358,1.9751968793725643,-14256.718590003205,0.003404855446273774,16.0,0.2625,4150.0,0.0005082555635319454,2.8571428571428574e-05
6181.848902597833,10.095348556559745,1.8571475322209894,-14806.816468258512,0.003344249793265146,17.0,0.2625,4150.0,0.0005369705671213208,3.035714285714286e-05
6457.911929423252,9.534648936730102,1.7322183890009184,-15340.426151906693,0.003285655093589234,18.0,0.2625,4150.0,0.0005685570710696339,3.214285714285715e-05
6728.000380870697,9.042006666356226,1.6643600874980002,-15859.19295952162,0.003229348464775011,19.0,0.2625,4150.0,0.0006001435750179469,3.392857142857144e-05
6992.77364967885,8.597069789133469,1.596033705025753,-16364.523026391471,0.003174881181376028,20.0,0.2625,4150.0,0.0006317300789662599,3.5714285714285724e-05
7252.276195107098,8.177075608957564,1.4977537875116531,-16855.69166264293,0.0031224386514702037,21.0,0.2625,4150.0,0.0006633165829145729,3.750000000000001e-05
7506.05429245716,7.808015584684444,1.4179740137491033,-17333.524965993885,0.0030719596577091085,22.0,0.2625,4150.0,0.0006949030868628859,3.928571428571429e-05
7755.453984881766,7.482792422146389,1.382542454169401,-17801.181568527834,0.0030230143421263395,23.0,0.2625,4150.0,0.0007223618090452261,4.1071428571428604e-05
8000.020196672771,7.1819314567483685,1.3370117932883538,-18256.72650451587,0.0029677763798641233,24.0,0.2625,4100.0,0.0007537688442211055,4.285714285714286e-05
8239.053147747378,6.892312450228564,1.2787161884926295,-18700.256371246018,0.002922507569338051,25.0,0.2625,4100.0,0.000785175879396985,4.464285714285715e-05
8474.900003362933,6.605832256681436,1.2050155578056632,-19137.397903171164,0.0028782191925783383,26.0,0.2625,4100.0,0.0008165829145728642,4.642857142857143e-05
8705.833822392438,6.3698970630932115,1.1531005907451883,-19561.13839077935,0.0028357200972518558,27.0,0.2625,4100.0,0.0008479899497487437,4.8214285714285716e-05
8931.837167627536,6.1598832736527696,1.143125109877652,-19974.959377244668,0.002794692852019369,28.0,0.2625,4100.0,0.0008793969849246232,5.0000000000000016e-05
9154.403058517666,5.936544570757279,1.0997105477140654,-20380.59859217701,0.002754821581304751,29.0,0.2625,4100.0,0.0009108040201005025,5.1785714285714296e-05
9373.370371717385,5.753663641158892,1.071190978872328,-20779.171700131985,0.002715892289345271,30.0,0.2625,4100.0,0.0009422110552763818,5.357142857142858e-05
0.0,0.0,0.0,-2.1237246499294997,0.004633601406116193,0.0,0.30291666666666667,4250.0,0.0,
536.4102593131751,67.06747183214463,20.740395531338205,-1626.4439003650332,0.004510921251329623,1.0,0.30291666666666667,4250.0,3.266331658291457e-05,1.7857142857142859e-06
996.7355694855788,70.92403852447801,13.003510871839143,-2982.9019432200803,0.004373662814907389,2.0,0.30291666666666667,4200.0,6.496769562096195e-05,3.5714285714285718e-06
1415.1229612775428,52.917338710087755,9.054260854105925,-4158.283053896754,0.004268513978821481,3.0,0.30291666666666667,4200.0,9.691313711414214e-05,5.357142857142858e-06
1806.9931226658537,39.87865382355725,6.982999920350663,-5204.52350721565,0.004169090509385201,4.0,0.30291666666666667,4200.0,0.0001292175161521895,7.1428571428571436e-06
2180.286438682889,31.979379039479515,5.646775485557035,-6154.65093560228,0.004074654142283377,5.0,0.30291666666666667,4200.0,0.00016062455132806892,8.928571428571431e-06
2539.08420726728,26.719202239910377,4.76601276125545,-7029.876164356101,0.003984984738148147,6.0,0.30291666666666667,4200.0,0.0001927494615936827,1.0714285714285716e-05
2886.0837082012567,22.94812431289368,4.127254175742871,-7845.515399941221,0.0038995738498795495,7.0,0.30291666666666667,4200.0,0.0002248743718592965,1.2500000000000004e-05
3222.9704991351036,20.106630919211998,3.6363010473639323,-8613.059583221446,0.003817908806654457,8.0,0.30291666666666667,4200.0,0.00025556353194544146,1.4285714285714287e-05
3550.8025179812007,17.880018533081024,3.2255801398665533,-9339.72711701542,0.0037398574480046916,9.0,0.30291666666666667,4200.0,0.00028750897343862166,1.6071428571428575e-05
3870.186189397952,16.108301955233625,2.9312561143692846,-10031.206088482126,0.0036652844665179376,10.0,0.30291666666666667,4200.0,0.00031945441493180186,1.7857142857142862e-05
4181.864895091607,14.63248219747307,2.642542431887098,-10692.584357966705,0.0035794711569289176,11.0,0.30291666666666667,4150.0,0.000351399856424982,1.9642857142857145e-05
4486.2017787416125,13.440044622142011,2.461342572608753,-11327.365900615478,0.003511804734680246,12.0,0.30291666666666667,4150.0,0.00038119167264895906,2.142857142857143e-05
4783.632589972637,12.40335321511871,2.263856366161649,-11938.449943211388,0.0034466784251818016,13.0,0.30291666666666667,4150.0,0.0004129576453697056,2.3214285714285715e-05
5074.435492749295,11.534189398323468,2.1181617944150397,-12528.155855711637,0.0033841993744916994,14.0,0.30291666666666667,4150.0,0.00044472361809045225,2.5000000000000008e-05
5359.153307973011,10.756535979345646,1.9657736739600933,-13098.865450053789,0.0033238413176234897,15.0,0.30291666666666667,4150.0,0.00047648959081119876,2.678571428571429e-05
5637.683287265287,10.090756593787331,1.8602818969941841,-13651.857162958957,0.0032658441700169445,16.0,0.30291666666666667,4150.0,0.0005082555635319454,2.8571428571428574e-05
5910.244299237622,9.503539855236806,1.7490544320548325,-14187.695852821918,0.00321018321511049,17.0,0.30291666666666667,4150.0,0.0005369705671213208,3.035714285714286e-05
6177.401587884233,8.975171185734713,1.6313385267387044,-14708.101649384174,0.003156286998231139,18.0,0.30291666666666667,4150.0,0.0005685570710696339,3.214285714285715e-05
6438.976600907278,8.51085125002457,1.5676993120362428,-15214.453480965043,0.0031044139490582472,19.0,0.30291666666666667,4150.0,0.0006001435750179469,3.392857142857144e-05
6695.599565296258,8.091940028191773,1.5031575264833057,-15708.151150386366,0.0030541636105415413,20.0,0.30291666666666667,4150.0,0.0006317300789662599,3.5714285714285724e-05
6947.2863250558485,7.696499862188058,1.4104497856789906,-16188.493657221632,0.0030057138110254856,21.0,0.30291666666666667,4150.0,0.0006633165829145729,3.750000000000001e-05
7193.588965095523,7.348986220646669,1.3355693755893687,-16656.121324991,0.0029590136708049345,22.0,0.30291666666666667,4150.0,0.0006949030868628859,3.928571428571429e-05
7435.804421120717,7.042591006106454,1.3019104715757062,-17114.145452841418,0.002913671507646454,23.0,0.30291666666666667,4150.0,0.0007223618090452261,4.1071428571428604e-05
7673.470732040652,6.759184977005799,1.2592076470954954,-17560.67215448014,0.002869821247782311,24.0,0.30291666666666667,4150.0,0.0007537688442211055,4.285714285714286e-05
7905.901691336761,6.4863900971476625,1.2040410924435503,-17995.58300253441,0.002827488266596422,25.0,0.30291666666666667,4150.0,0.000785175879396985,4.464285714285715e-05
8135.378655048534,6.216482776131949,1.1348521965933231,-18424.70453456314,0.002778619937506969,26.0,0.30291666666666667,4100.0,0.0008165829145728642,4.642857142857143e-05
8360.186954513494,5.994707384191594,1.0856696648441486,-18840.926103161648,0.002739074428826752,27.0,0.30291666666666667,4100.0,0.0008479899497487437,4.8214285714285716e-05
8580.311228292889,5.796646797291957,1.0763566891950067,-19247.64817490522,0.0027008547050133697,28.0,0.30291666666666667,4100.0,0.0008793969849246232,5.0000000000000016e-05
8797.19812259286,5.586659680654839,1.0356192043560621,-19646.66669265424,0.0026636735222175965,29.0,0.30291666666666667,4100.0,0.0009108040201005025,5.1785714285714296e-05
9010.698417834756,5.414201832403331,1.0084047036551387,-20038.881822237083,0.0026273331210141413,30.0,0.30291666666666667,4100.0,0.0009422110552763818,5.357142857142858e-05
0.0,0.0,0.0,-2.1237246499294997,0.004348733086841965,0.0,0.3433333333333333,4250.0,0.0,
504.30611194912683,63.00581387244794,19.481580503647972,-1529.2657422351986,0.0042407580681215135,1.0,0.3433333333333333,4250.0,3.266331658291457e-05,1.7857142857142859e-06
938.2845820996469,66.65819098363353,12.213303879527379,-2808.6886175592736,0.004118019296582006,2.0,0.3433333333333333,4200.0,6.496769562096195e-05,3.5714285714285718e-06
1333.7538394968226,49.72868143339733,8.503193383380891,-3920.7773147842745,0.004024925035355821,3.0,0.3433333333333333,4200.0,9.691313711414214e-05,5.357142857142858e-06
1705.023313759436,37.460331937148865,6.557544713459582,-4913.565963811525,0.003936654854322163,4.0,0.3433333333333333,4200.0,0.0001292175161521895,7.1428571428571436e-06
2059.4339879709573,30.032929200494216,5.302349704073246,-5817.605962735244,0.0038525891443431715,5.0,0.3433333333333333,4200.0,0.00016062455132806892,8.928571428571431e-06
2400.722721146618,25.08827125043123,4.475012899741144,-6652.471064499099,0.003772562783283412,6.0,0.3433333333333333,4200.0,0.0001927494615936827,1.0714285714285716e-05
2731.3502765112007,21.544500639953476,3.875135997211043,-7432.303726591133,0.003696150122859974,7.0,0.3433333333333333,4200.0,0.0002248743718592965,1.2500000000000004e-05
3052.8472804443004,18.87418914372594,3.414282048115428,-8167.732447355236,0.003622916042524158,8.0,0.3433333333333333,4200.0,0.00025556353194544146,1.4285714285714287e-05
3366.1554386460352,16.782078355852878,3.028465118007237,-8865.358759677598,0.003552764463935636,9.0,0.3433333333333333,4200.0,0.00028750897343862166,1.6071428571428575e-05
3671.7960336648634,15.117979742446753,2.751992243429333,-9530.422406399193,0.003485592528133253,10.0,0.3433333333333333,4200.0,0.00031945441493180186,1.7857142857142862e-05
3970.438652539307,13.73152608594877,2.481070349790493,-10167.554436934763,0.0034210294224513217,11.0,0.3433333333333333,4200.0,0.000351399856424982,1.9642857142857145e-05
4262.382996569534,12.612021205209809,2.310836271844992,-10779.998497123372,0.0033458855552848856,12.0,0.3433333333333333,4150.0,0.00038119167264895906,2.142857142857143e-05
4548.021654174163,11.638217224856076,2.1252872810858285,-11370.531675756516,0.003286884495252532,13.0,0.3433333333333333,4150.0,0.0004129576453697056,2.3214285714285715e-05
4827.584192824638,10.822530630732007,1.98862579985706,-11941.173106002847,0.003230174770358271,14.0,0.3433333333333333,4150.0,0.00044472361809045225,2.5000000000000008e-05
5101.573330750609,10.092108993130891,1.8452490148680782,-12494.166023450824,0.0031752935412798357,15.0,0.3433333333333333,4150.0,0.00047648959081119876,2.678571428571429e-05
5369.859376741324,9.467073668241875,1.7461956736415496,-13030.624133491787,0.0031224655284259567,16.0,0.3433333333333333,4150.0,0.0005082555635319454,2.8571428571428574e-05
5632.623246116748,8.916283158757935,1.6417464369344512,-13551.011073920978,0.0030716804247092853,17.0,0.3433333333333333,4150.0,0.0005369705671213208,3.035714285714286e-05
5890.401868305915,8.420064695692732,1.531199184329737,-14057.042061332846,0.0030224285316779744,18.0,0.3433333333333333,4150.0,0.0005685570710696339,3.214285714285715e-05
6142.9955740465975,7.983919747624907,1.471717092911947,-14549.842384941141,0.0029749488732160856,19.0,0.3433333333333333,4150.0,0.0006001435750179469,3.392857142857144e-05
6391.008108361103,7.590840406295582,1.410954809945654,-15030.799040030783,0.0029288864823840853,20.0,0.3433333333333333,4150.0,0.0006317300789662599,3.5714285714285724e-05
6634.424401964606,7.219773869350384,1.3237965456776215,-15499.233704757527,0.0028844107903293996,21.0,0.3433333333333333,4150.0,0.0006633165829145729,3.750000000000001e-05
6872.803545222866,6.893652011103679,1.2537500820510439,-15955.610520853399,0.002841479821055947,22.0,0.3433333333333333,4150.0,0.0006949030868628859,3.928571428571429e-05
7107.38973167768,6.605970215750507,1.2218854983857534,-16402.9824358095,0.0027997394850446887,23.0,0.3433333333333333,4150.0,0.0007223618090452261,4.1071428571428604e-05
7337.720654676124,6.339907939556277,1.181969237285366,-16839.559031996185,0.0027593197566303305,24.0,0.3433333333333333,4150.0,0.0007537688442211055,4.285714285714286e-05
7563.12009034563,6.083827639213733,1.1299401438868568,-17265.037359921203,0.0027202508554567796,25.0,0.3433333333333333,4150.0,0.000785175879396985,4.464285714285715e-05
7785.803566866001,5.830394624583361,1.065204245507402,-17685.082868189478,0.002681932107576459,26.0,0.3433333333333333,4150.0,0.0008165829145728642,4.642857142857143e-05
8004.070472952687,5.622627416938803,1.0187684769832916,-18092.79829252384,0.0026450801380195426,27.0,0.3433333333333333,4150.0,0.0008479899497487437,4.8214285714285716e-05
8217.909422267421,5.436474046887729,1.0101039370658362,-18491.517992260204,0.0026025178882786086,28.0,0.3433333333333333,4100.0,0.0008793969849246232,5.0000000000000016e-05
8428.718819544702,5.239711372870314,0.9720064289245623,-18883.059624319038,0.0025680533219813732,29.0,0.3433333333333333,4100.0,0.0009108040201005025,5.1785714285714296e-05
8636.35754216832,5.0776258985557945,0.9461296840910302,-19268.087934645708,0.0025343316488034544,30.0,0.3433333333333333,4100.0,0.0009422110552763818,5.357142857142858e-05
0.0,0.0,0.0,-2.1237246499294997,0.00406603461378394,0.0,0.38375,4250.0,0.0,
472.33265367097556,58.965544991943325,18.2301783920163,-1432.4757982031952,0.003971715475323231,1.0,0.38375,4250.0,3.266331658291457e-05,1.7857142857142859e-06
879.9204008121285,62.41154828116017,11.42780381261691,-2634.640504068302,0.003862626338775167,2.0,0.38375,4200.0,6.496769562096195e-05,3.5714285714285718e-06
1252.3057305669777,46.554858666622636,7.955531700223405,-3682.81952130649,0.003780829793561896,3.0,0.38375,4200.0,9.691313711414214e-05,5.357142857142858e-06
1602.724009607471,35.05505474545071,6.134759077987266,-4621.275351399519,0.00370305804811042,4.0,0.38375,4200.0,0.0001292175161521895,7.1428571428571436e-06
1937.9374447118876,28.097818336190116,4.960146013789088,-5478.165996147174,0.0036287948004534425,5.0,0.38375,4200.0,0.00016062455132806892,8.928571428571431e-06
2261.3524352985783,23.46737678973214,4.185927774715024,-6271.486693099934,0.0035579197555330798,6.0,0.38375,4200.0,0.0001927494615936827,1.0714285714285716e-05
2575.2066205716683,20.149834053146385,3.6246922606093506,-7014.245607161385,0.003490079481248266,7.0,0.38375,4200.0,0.0002248743718592965,1.2500000000000004e-05
2880.880834386828,17.649917140162437,3.1937253318126007,-7716.235437853,0.003424907322152586,8.0,0.38375,4200.0,0.00025556353194544146,1.4285714285714287e-05
3179.209872824139,15.691662080660038,2.832670579924251,-8383.464830600045,0.0033623366850399454,9.0,0.38375,4200.0,0.00028750897343862166,1.6071428571428575e-05
3470.636064372437,14.134611862136426,2.5739461754965616,-9020.740028571672,0.0033022917119613273,10.0,0.38375,4200.0,0.00031945441493180186,1.7857142857142862e-05
3755.75640920141,12.83709017787741,2.320679327062542,-9632.313008276753,0.0032444574295351176,11.0,0.38375,4200.0,0.000351399856424982,1.9642857142857145e-05
4034.8139687583516,11.79007031674306,2.1613513401202176,-10221.04683281984,0.0031889099116555754,12.0,0.38375,4200.0,0.00038119167264895906,2.142857142857143e-05
4308.161187882263,10.878823052504602,1.9876763016500327,-10789.585912369359,0.0031229140141203642,13.0,0.38375,4150.0,0.0004129576453697056,2.3214285714285715e-05
4575.978357903482,10.116228945607855,1.859971507245033,-11339.812782017056,0.003071827727595061,14.0,0.38375,4150.0,0.00044472361809045225,2.5000000000000008e-05
4838.732915339865,9.432783253352444,1.7255835407175788,-11873.75457339907,0.0030222997761622243,15.0,0.38375,4150.0,0.00047648959081119876,2.678571428571429e-05
5096.266017500478,8.848229167569414,1.6329267351932177,-12392.367898283374,0.0029745386266437084,16.0,0.38375,4150.0,0.0005082555635319454,2.8571428571428574e-05
5348.727061575731,8.33356365672937,1.5352126545167153,-12896.020384644333,0.0029285454556132852,17.0,0.38375,4150.0,0.0005369705671213208,3.035714285714286e-05
5596.62605056901,7.86931366956721,1.4317898880734956,-13386.412610709696,0.0028838691875488144,18.0,0.38375,4150.0,0.0005685570710696339,3.214285714285715e-05
5839.74273390012,7.461536226411735,1.3764037109395315,-13864.42920741465,0.0028407293876212825,19.0,0.38375,4150.0,0.0006001435750179469,3.392857142857144e-05
6078.646388469938,7.093754600741252,1.3194159694025287,-14331.438797473216,0.002798813245489545,20.0,0.38375,4150.0,0.0006317300789662599,3.5714285714285724e-05
6313.301540167842,6.746881679694269,1.2377847357662546,-14786.785802913626,0.0027582808860664543,21.0,0.38375,4150.0,0.0006633165829145729,3.750000000000001e-05
6543.2737857131615,6.441997250725448,1.1725076260345415,-15230.766290662708,0.002719098624640446,22.0,0.38375,4150.0,0.0006949030868628859,3.928571428571429e-05
6769.750958811996,6.172913943338675,1.1424586536225256,-15666.366341744899,0.002680948270493583,23.0,0.38375,4150.0,0.0007223618090452261,4.1071428571428604e-05
6992.273569003908,5.924084045771054,1.1052881987794219,-16091.897348884624,0.002643954877286741,24.0,0.38375,4150.0,0.0007537688442211055,4.285714285714286e-05
7210.178668181137,5.68460858627742,1.0564048690448378,-16506.88427438176,0.0026081520516291275,25.0,0.38375,4150.0,0.000785175879396985,4.464285714285715e-05
7425.605223595943,5.447550770578822,0.9960639889740135,-16916.87953136034,0.002572992113831582,26.0,0.38375,4150.0,0.0008165829145728642,4.642857142857143e-05
7636.881981304622,5.253641825812584,0.9523891103914888,-17315.248255968858,0.002539134947420865,27.0,0.38375,4150.0,0.0008479899497487437,4.8214285714285716e-05
7843.991031800735,5.079348631407801,0.9443590420355539,-17704.912245932734,0.0025063517496539916,28.0,0.38375,4150.0,0.0008793969849246232,5.0000000000000016e-05
8048.288208310928,4.895674850833382,0.9088649057820767,-18087.89265664081,0.00247436936601346,29.0,0.38375,4150.0,0.0009108040201005025,5.1785714285714296e-05
8249.632700915712,4.743919873824154,0.8843581000626425,-18464.75625332228,0.0024365688703743994,30.0,0.38375,4100.0,0.0009422110552763818,5.357142857142858e-05
0.0,0.0,0.0,-2.1237246499294997,0.003785468355187927,0.0,0.42416666666666664,4250.0,0.0,
440.48816651293004,54.94747583906924,16.98566753478383,-1336.0696688837706,0.0037037808188015416,1.0,0.42416666666666664,4250.0,3.266331658291457e-05,1.7857142857142859e-06
821.6420949714671,58.18529949999378,10.646967472811662,-2460.757220622836,0.00360748423807254,2.0,0.42416666666666664,4200.0,6.496769562096195e-05,3.5714285714285718e-06
1170.7797467953133,43.39582034278002,7.411224604008005,-3444.4125138719537,0.00353623293186859,3.0,0.42416666666666664,4200.0,9.691313711414214e-05,5.357142857142858e-06
1500.09464083864,32.66279367968737,5.714629707854777,-4327.652114197284,0.0034683024859176277,4.0,0.42416666666666664,4200.0,0.0001292175161521895,7.1428571428571436e-06
1815.7887563767724,26.174054969402903,4.620137719892125,-5136.321250628527,0.003403266129135113,5.0,0.42416666666666664,4200.0,0.00016062455132806892,8.928571428571431e-06
2120.9575853463416,21.856558307797357,3.898733139081325,-5886.893740168569,0.0033410394577592316,6.0,0.42416666666666664,4200.0,0.0001927494615936827,1.0714285714285716e-05
2417.625609918539,18.76418190214446,3.3759016099767822,-6591.2826352112825,0.003281331604497108,7.0,0.42416666666666664,4200.0,0.0002248743718592965,1.2500000000000004e-05
2707.031455109114,16.433867637964752,2.974611952465318,-7258.4715594629815,0.0032238361256161758,8.0,0.42416666666666664,4200.0,0.00025556353194544146,1.4285714285714287e-05
2989.9101032470176,14.608792493225177,2.63817928468809,-7893.9008021833215,0.003168510045260675,9.0,0.42416666666666664,4200.0,0.00028750897343862166,1.6071428571428575e-05
3266.630568363839,13.158175077910894,2.397102001386568,-8501.958328523375,0.0031152995637262065,10.0,0.42416666666666664,4200.0,0.00031945441493180186,1.7857142857142862e-05
3537.7220402085763,11.94914780007514,2.161355011351694,-9086.528592595736,0.003063939396987892,11.0,0.42416666666666664,4200.0,0.000351399856424982,1.9642857142857145e-05
3803.3753740088787,10.974177848753307,2.0128741253906224,-9650.184893046258,0.003014506580202011,12.0,0.42416666666666664,4200.0,0.00038119167264895906,2.142857142857143e-05
4063.9027148285636,10.125154314959795,1.8510105356066116,-10195.301783107017,0.0029666687556852544,13.0,0.42416666666666664,4200.0,0.0004129576453697056,2.3214285714285715e-05
4319.444655670081,9.415269088660407,1.7321869452005505,-10723.57768026404,0.002909004641257803,14.0,0.42416666666666664,4150.0,0.00044472361809045225,2.5000000000000008e-05
4570.426537470034,8.778541943127962,1.6067655347960785,-11237.045394879562,0.002864688382571745,15.0,0.42416666666666664,4150.0,0.00047648959081119876,2.678571428571429e-05
4816.668897490788,8.234206143877184,1.52046386491849,-11736.409439892966,0.0028218744712232573,16.0,0.42416666666666664,4150.0,0.0005082555635319454,2.8571428571428574e-05
5058.289795399666,7.755366093017606,1.4294424363042528,-12221.947507736899,0.0027805728003304233,17.0,0.42416666666666664,4150.0,0.0005369705671213208,3.035714285714286e-05
5295.769566918055,7.322901893217555,1.3331004031930063,-12695.336177820362,0.002740387567429919,18.0,0.42416666666666664,4150.0,0.0005685570710696339,3.214285714285715e-05
5528.873256229315,6.943377808003959,1.2817496824898666,-13157.233932227558,0.002701518663349467,19.0,0.42416666666666664,4150.0,0.0006001435750179469,3.392857142857144e-05
5758.137689261921,6.600665905454879,1.2285316428150246,-13608.984121664143,0.002663692770277967,20.0,0.42416666666666664,4150.0,0.0006317300789662599,3.5714285714285724e-05
5983.503246895923,6.277806982026817,1.1524052389719923,-14049.955093010729,0.002627059469319043,21.0,0.42416666666666664,4150.0,0.0006633165829145729,3.750000000000001e-05
6204.547198234792,5.994005893885246,1.091833709971652,-14480.284111287801,0.0025915927440010476,22.0,0.42416666666666664,4150.0,0.0006949030868628859,3.928571428571429e-05
6422.399617760296,5.74340576178983,1.0636212656591104,-14902.88193608552,0.0025570084463806346,23.0,0.42416666666666664,4150.0,0.0007223618090452261,4.1071428571428604e-05
6636.601032413506,5.511696693158812,1.029156373535193,-15316.159250231583,0.0025234259408717947,24.0,0.42416666666666664,4150.0,0.0007537688442211055,4.285714285714286e-05
6846.5068818288755,5.288716163384593,0.9834269930109986,-15719.482981761656,0.0024908809689087263,25.0,0.42416666666666664,4150.0,0.000785175879396985,4.464285714285715e-05
7054.17588743407,5.067933921182304,0.9274239045342737,-16118.274436598986,0.0024588781439332384,26.0,0.42416666666666664,4150.0,0.0008165829145728642,4.642857142857143e-05
7257.96771619365,4.8877350177590495,0.8865238342730604,-16506.172297145058,0.0024280201277766425,27.0,0.42416666666666664,4150.0,0.0008479899497487437,4.8214285714285716e-05
7457.86244252858,4.725253919176965,0.8791143830476886,-16885.796555351073,0.0023981027073569673,28.0,0.42416666666666664,4150.0,0.0008793969849246232,5.0000000000000016e-05
7655.16749715149,4.554534754337679,0.8461875056845829,-17259.27232402398,0.00236888044610678,29.0,0.42416666666666664,4150.0,0.0009108040201005025,5.1785714285714296e-05
7849.747496735203,4.413067575297497,0.8230823159771748,-17626.90096502028,0.0023402505395018402,30.0,0.42416666666666664,4150.0,0.0009422110552763818,5.357142857142858e-05
0.0,0.0,0.0,-2.1237246499294997,0.003506997731021188,0.0,0.4645833333333333,4250.0,0.0,
408.7721868670579,50.95249448925573,15.748312607649407,-1240.0430629943876,0.0034369417458133215,1.0,0.4645833333333333,4250.0,3.266331658291457e-05,1.7857142857142859e-06
763.4465993440623,53.976446101015746,9.870742873352246,-2287.0384561744213,0.0033525933918875216,2.0,0.4645833333333333,4200.0,6.496769562096195e-05,3.5714285714285718e-06
1089.1715508980433,40.25157262972384,6.8702198045475225,-3205.55937294013,0.0032911392772531807,3.0,0.4645833333333333,4200.0,9.691313711414214e-05,5.357142857142858e-06
1397.1283793294717,30.283543516584587,5.297109850355295,-4032.6971735754923,0.0032323908558286934,4.0,0.4645833333333333,4200.0,0.0001292175161521895,7.1428571428571436e-06
1692.9799148761788,24.261603650408464,4.282297198001373,-4792.062412721192,0.0031759985919878548,5.0,0.4645833333333333,4200.0,0.00016062455132806892,8.928571428571431e-06
1979.5220321372092,20.25575835768914,3.6136211553493323,-5498.663391249604,0.003121906225562416,6.0,0.4645833333333333,4200.0,0.0001927494615936827,1.0714285714285716e-05
2258.5802824203265,17.38748474288531,3.1287431403468378,-6163.356721761098,0.0030698767356134122,7.0,0.4645833333333333,4200.0,0.0002248743718592965,1.2500000000000004e-05
2531.2582160349084,15.226004206661964,2.756923376025034,-6794.343506716759,0.003019656329846629,8.0,0.4645833333333333,4200.0,0.00025556353194544146,1.4285714285714287e-05
2798.1983130493545,13.533478538462328,2.4449743658142338,-7396.520702982685,0.002971220431163026,9.0,0.4645833333333333,4200.0,0.00028750897343862166,1.6071428571428575e-05
3059.7015152362965,12.188701058413185,2.221444153922342,-7973.873735523688,0.0029245328481456883,10.0,0.4645833333333333,4200.0,0.00031945441493180186,1.7857142857142862e-05
3316.2347029552657,11.067709773719018,2.003083370857847,-8529.931360170012,0.002879372349070131,11.0,0.4645833333333333,4200.0,0.000351399856424982,1.9642857142857145e-05
3567.9408622339515,10.164330140050186,1.8653912803474624,-9066.990639098098,0.002835814461934392,12.0,0.4645833333333333,4200.0,0.00038119167264895906,2.142857142857143e-05
3815.0934664215033,9.377342715191865,1.7152773764475209,-9587.249859878102,0.002793577642430222,13.0,0.4645833333333333,4200.0,0.0004129576453697056,2.3214285714285715e-05
4057.7962755855433,8.719635259025264,1.60526041552585,-10092.097510950342,0.002752766963047023,14.0,0.4645833333333333,4200.0,0.00044472361809045225,2.5000000000000008e-05
4296.438012306957,8.129367734115334,1.488783538551462,-10583.430492958454,0.002702281233368209,15.0,0.4645833333333333,4150.0,0.00047648959081119876,2.678571428571429e-05
4530.817440287385,7.62498716161474,1.408796094663058,-11062.041569925612,0.0026642758910409513,16.0,0.4645833333333333,4150.0,0.0005082555635319454,2.8571428571428574e-05
4761.024740807774,7.181674744733047,1.3244253692754662,-11527.98114582846,0.0026275470039807563,17.0,0.4645833333333333,4150.0,0.0005369705671213208,3.035714285714286e-05
4987.509856574553,6.7808127166098435,1.2351207255735737,-11982.892077372424,0.00259175068288861,18.0,0.4645833333333333,4150.0,0.0005685570710696339,3.214285714285715e-05
5210.028624535241,6.429327218796558,1.1877457511607548,-12427.224168975874,0.0025570666528307246,19.0,0.4645833333333333,4150.0,0.0006001435750179469,3.392857142857144e-05
5429.082033378009,6.111557215730684,1.138292684279007,-12862.286712155248,0.0025232587745597085,20.0,0.4645833333333333,4150.0,0.0006317300789662599,3.5714285714285724e-05
5644.590003309205,5.812533090146342,1.0676491456262434,-13287.47430602627,0.0024904649325514627,21.0,0.4645833333333333,4150.0,0.0006633165829145729,3.750000000000001e-05
5856.139859295636,5.54966154060642,1.0117202382626898,-13702.776949718238,0.0024586657408428992,22.0,0.4645833333333333,4150.0,0.0006949030868628859,3.928571428571429e-05
6064.805556590163,5.317428911759646,0.9853648648301718,-14111.018669624304,0.0024276098359168117,23.0,0.4645833333333333,4150.0,0.0007223618090452261,4.1071428571428604e-05
6270.128133966361,5.102728963439205,0.9535658030766291,-14510.709091306759,0.002397409746700349,24.0,0.4645833333333333,4150.0,0.0007537688442211055,4.285714285714286e-05
6471.486066006841,4.8961332996813285,0.9109984327411758,-14901.07248027336,0.0023681021162585652,25.0,0.4645833333333333,4150.0,0.000785175879396985,4.464285714285715e-05
6670.85077633619,4.691526511934013,0.8592766557834977,-15287.380012907706,0.0023392429194069877,26.0,0.4645833333333333,4150.0,0.0008165829145728642,4.642857142857143e-05
6866.618479826234,4.524891131220943,0.8211650972125164,-15663.555003673173,0.0023113776253279768,27.0,0.4645833333333333,4150.0,0.0008479899497487437,4.8214285714285716e-05
7058.769963907431,4.3741730284337095,0.8143625225824657,-16031.923003084572,0.0022843257733309117,28.0,0.4645833333333333,4150.0,0.0008793969849246232,5.0000000000000016e-05
7248.555668384001,4.216275482740482,0.7839672789084536,-16394.695468946295,0.0022578685698845576,29.0,0.4645833333333333,4150.0,0.0009108040201005025,5.1785714285714296e-05
7435.850079541616,4.085052594064003,0.7622948742605757,-16751.99492792056,0.0022319161070117393,30.0,0.4645833333333333,4150.0,0.0009422110552763818,5.357142857142858e-05
0.0,0.0,0.0,-2.1237246499294997,0.0032305871716596084,0.0,0.505,4250.0,0.0,
377.18217029006115,46.97952512689912,14.518344842324746,-1144.3917968998285,0.0031711861911667845,1.0,0.505,4250.0,3.266331658291457e-05,1.7857142857142859e-06
705.3348052571931,49.78773479406474,9.099075498951198,-2113.483972917362,0.003097954287522393,2.0,0.505,4200.0,6.496769562096195e-05,3.5714285714285718e-06
1007.4823873100457,37.12211229455934,6.3324980880662665,-2966.2632585829924,0.003045553831846645,3.0,0.505,4200.0,9.691313711414214e-05,5.357142857142858e-06
1293.8225541599866,27.91733950335059,4.882173157454433,-3736.4119013229283,0.002995326195540608,4.0,0.505,4200.0,0.0001292175161521895,7.1428571428571436e-06
1569.5015064370455,22.36051298322095,3.946593289771277,-4445.381146113206,0.002946988072463184,5.0,0.505,4200.0,0.00016062455132806892,8.928571428571431e-06
1837.03051921435,18.6650343467382,3.3303772491488366,-5106.7681492104675,0.0029005047809920093,6.0,0.505,4200.0,0.0001927494615936827,1.0714285714285716e-05
2098.0434018969727,16.01979232982855,2.8831963829146567,-5730.411160435979,0.0028556853198407114,7.0,0.505,4200.0,0.0002248743718592965,1.2500000000000004e-05
2353.51932140283,14.026332496508601,2.5406414667954937,-6323.755011533271,0.00281232170342189,8.0,0.505,4200.0,0.00025556353194544146,1.4285714285714287e-05
2604.014476577213,12.46567603097861,2.2530393188625824,-6891.178711543085,0.0027704031587163806,9.0,0.505,4200.0,0.00028750897343862166,1.6071428571428575e-05
2849.7682657456603,11.22616329843618,2.0469573966274974,-7436.28083590405,0.002729907265154523,10.0,0.505,4200.0,0.00031945441493180186,1.7857142857142862e-05
3091.190327137026,10.192767195578854,1.8458506835812447,-7962.24697645237,0.002690651516091073,11.0,0.505,4200.0,0.000351399856424982,1.9642857142857145e-05
3328.379071484921,9.360511472864161,1.718889752176231,-8471.11230814596,0.002652707763918504,12.0,0.505,4200.0,0.00038119167264895906,2.142857142857143e-05
3561.573082793223,8.635412605129302,1.58046449382037,-8964.900592595623,0.0026158402679972077,13.0,0.505,4200.0,0.0004129576453697056,2.3214285714285715e-05
3790.8422667149657,8.029311084673012,1.4791804839451324,-9444.77293743688,0.0025801458872572237,14.0,0.505,4200.0,0.00044472361809045225,2.5000000000000008e-05
4016.537618707827,7.485242765396431,1.3716263428980189,-9912.48975881515,0.0025453576656781192,15.0,0.505,4200.0,0.00047648959081119876,2.678571428571429e-05
4238.444419867318,7.020554278767474,1.2979126964562864,-10368.591246915334,0.002511630177423192,16.0,0.505,4200.0,0.0005082555635319454,2.8571428571428574e-05
4456.626703533629,6.612473403661622,1.2201512679099198,-10813.273675244694,0.002469242564076559,17.0,0.505,4150.0,0.0005369705671213208,3.035714285714286e-05
4671.502454621655,6.243029037397442,1.1378410739091434,-11248.115458756933,0.0024377134610812385,18.0,0.505,4150.0,0.0005685570710696339,3.214285714285715e-05
4882.819424145598,5.919368105547603,1.0943828798350472,-11673.312908125277,0.00240710949622218,19.0,0.505,4150.0,0.0006001435750179469,3.392857142857144e-05
5091.044796229691,5.626411015190195,1.0486901565624027,-12090.133371812888,0.002377229156314507,20.0,0.505,4150.0,0.0006317300789662599,3.5714285714285724e-05
5296.080941083423,5.351042930401367,0.9835077462489337,-12498.00024843109,0.002348197676900127,21.0,0.505,4150.0,0.0006633165829145729,3.750000000000001e-05
5497.526202978155,5.108947424589374,0.9321593100711888,-12896.76948618461,0.0023200012401960674,22.0,0.505,4150.0,0.0006949030868628859,3.928571428571429e-05
5696.3958699502755,4.894966290726678,0.9076811764094549,-13289.16503834354,0.0022924201068934436,23.0,0.505,4150.0,0.0007223618090452261,4.1071428571428604e-05
5892.2365467754635,4.697163612571746,0.8785087213837076,-13673.797195470885,0.002265558649088742,24.0,0.505,4150.0,0.0007537688442211055,4.285714285714286e-05
6084.445595741446,4.506842619208885,0.8391112903823879,-14049.763753546387,0.0022394533931371424,25.0,0.505,4150.0,0.000785175879396985,4.464285714285715e-05
6274.907280461477,4.318310698630306,0.7916150856540861,-14422.164285894389,0.0022137106497995018,26.0,0.505,4150.0,0.0008165829145728642,4.642857142857143e-05
6462.0623346898565,4.165094026977772,0.7563055209074034,-14785.220259150155,0.0021888188111006592,27.0,0.505,4150.0,0.0008479899497487437,4.8214285714285716e-05
6645.886471813114,4.026088819621461,0.7500962001378122,-15140.972462734659,0.002164620069484382,28.0,0.505,4150.0,0.0008793969849246232,5.0000000000000016e-05
6827.577727694578,3.880881186666639,0.7221974487115969,-15491.69734429902,0.002140921428853994,29.0,0.505,4150.0,0.0009108040201005025,5.1785714285714296e-05
7007.01037943815,3.759858288002639,0.701988489175409,-15837.351110355477,0.00211764524399585,30.0,0.505,4150.0,0.0009422110552763818,5.357142857142858e-05
0.0,0.0,0.0,-2.1237246499294997,0.00295620207900642,0.0,0.5454166666666667,4250.0,0.0,
345.71619936806763,43.0280024141822,13.295363578240462,-1049.1117800538632,0.002906502377685885,1.0,0.5454166666666667,4250.0,3.266331658291457e-05,1.7857142857142859e-06
647.3038472615796,45.618236378178246,8.331962054804613,-1940.093620672269,0.0028435674885810176,2.0,0.5454166666666667,4200.0,6.496769562096195e-05,3.5714285714285718e-06
925.7080655655191,34.00740395007036,5.798019956945389,-2726.527488659427,0.002799481743093878,3.0,0.5454166666666667,4200.0,9.691313711414214e-05,5.357142857142858e-06
1190.1747146721984,25.56437304579646,4.4697970782961916,-3438.7978702446926,0.0027571118978758536,4.0,0.5454166666666667,4200.0,0.0001292175161521895,7.1428571428571436e-06
1445.3451550084703,20.470723491939044,3.6130069286742006,-4096.269329548733,0.0027162311129713995,5.0,0.5454166666666667,4200.0,0.00016062455132806892,8.928571428571431e-06
1693.4659685729189,17.08431841103538,3.0489106971986777,-4711.180759434355,0.002676820664265419,6.0,0.5454166666666667,4200.0,0.0001927494615936827,1.0714285714285716e-05
1935.9868953874557,14.661060955945741,2.6392412908983425,-5292.389316957946,0.0026387286100817042,7.0,0.5454166666666667,4200.0,0.0002248743718592965,1.2500000000000004e-05
2173.772324403847,12.834871413414321,2.3257484744621113,-5846.60948453514,0.00260178656050657,8.0,0.5454166666666667,4200.0,0.00025556353194544146,1.4285714285714287e-05
2407.29706711682,11.40542573289549,2.0623579895801494,-6377.7280381502715,0.002565993579420022,9.0,0.5454166666666667,4200.0,0.00028750897343862166,1.6071428571428575e-05
2636.748094179787,10.270560631909019,1.8736268129336269,-6888.972436113225,0.002531337656325675,10.0,0.5454166666666667,4200.0,0.00031945441493180186,1.7857142857142862e-05
2862.479148906315,9.324306959163913,1.6896435270461763,-7383.197501041002,0.0024976702378767253,11.0,0.5454166666666667,4200.0,0.000351399856424982,1.9642857142857145e-05
3084.5529227571737,8.562705482792612,1.5733567727929028,-7862.191233960621,0.0024650577995932125,12.0,0.5454166666666667,4200.0,0.00038119167264895906,2.142857142857143e-05
3303.1721123671646,7.8990915525802246,1.4465598243881173,-8327.805610832089,0.0024333054132593206,13.0,0.5454166666666667,4200.0,0.0004129576453697056,2.3214285714285715e-05
3518.378524337249,7.344279600567432,1.353935971281226,-8780.991068810668,0.002402500622228524,14.0,0.5454166666666667,4200.0,0.00044472361809045225,2.5000000000000008e-05
3730.4873926838163,6.846148624959731,1.255282979924262,-9223.384246585229,0.0023724198696402875,15.0,0.5454166666666667,4200.0,0.00047648959081119876,2.678571428571429e-05
3939.273278366342,6.420889030541981,1.1878031745222903,-9655.408579689007,0.0023431992321074125,16.0,0.5454166666666667,4200.0,0.0005082555635319454,2.8571428571428574e-05
4144.775811382627,6.04774536010419,1.1166101666001051,-10077.107970089397,0.0023148618392149875,17.0,0.5454166666666667,4200.0,0.0005369705671213208,3.035714285714286e-05
4347.3811660089,5.709533286781994,1.041251882208324,-10490.029025255848,0.0022871363423142893,18.0,0.5454166666666667,4200.0,0.0005685570710696339,3.214285714285715e-05
4546.833247721642,5.4134836677144635,1.001652243107186,-10894.356766808218,0.0022513689549980786,19.0,0.5454166666666667,4150.0,0.0006001435750179469,3.392857142857144e-05
4743.56464481807,5.145209364873949,0.9597153239932565,-11291.243988511342,0.0022253051185785826,20.0,0.5454166666666667,4150.0,0.0006317300789662599,3.5714285714285724e-05
4937.463537582618,4.893319031297887,0.8999725247880208,-11680.110773188499,0.0021999391318162343,21.0,0.5454166666666667,4150.0,0.0006633165829145729,3.750000000000001e-05
5128.142190504311,4.671846403231973,0.853143212454408,-12060.69337276421,0.0021752617390241435,22.0,0.5454166666666667,4150.0,0.0006949030868628859,3.928571428571429e-05
5316.551856691699,4.476000444010482,0.8305621139249207,-12435.602501004265,0.0021510833923156893,23.0,0.5454166666666667,4150.0,0.0007223618090452261,4.1071428571428604e-05
5502.250517730905,4.294983062645608,0.8039775481046314,-12803.55174932893,0.0021274990497190203,24.0,0.5454166666666667,4150.0,0.0007537688442211055,4.285714285714286e-05
5684.6578795736505,4.1208264335083955,0.7677578469310479,-13163.529010131926,0.002104544435027345,25.0,0.5454166666666667,4150.0,0.000785175879396985,4.464285714285715e-05
5865.560613855147,3.9482683508572016,0.7244322100032361,-13520.439627698841,0.0020818748077849492,26.0,0.5454166666666667,4150.0,0.0008165829145728642,4.642857142857143e-05
6043.454261222645,3.8083272807022532,0.6919378942112008,-13868.81924651612,0.0020599217638105067,27.0,0.5454166666666667,4150.0,0.0008479899497487437,4.8214285714285716e-05
6218.310831578373,3.6809838893521567,0.686308326015898,-14210.434354610567,0.002038549044597467,28.0,0.5454166666666667,4150.0,0.0008793969849246232,5.0000000000000016e-05
6391.269151179213,3.548335761320145,0.6608714051022401,-14547.601854456429,0.002017588718373994,29.0,0.5454166666666667,4150.0,0.0009108040201005025,5.1785714285714296e-05
6562.207219821372,3.4374677761508474,0.6421560409496896,-14880.12674177235,0.00199697454797668,30.0,0.5454166666666667,4150.0,0.0009422110552763818,5.357142857142858e-05
0.0,0.0,0.0,-2.1237246499294997,0.002683808789534078,0.0,0.5858333333333333,4250.0,0.0,
314.37270690417336,39.096767842481306,12.079341602565979,-954.1990161010472,0.0026428787995937033,1.0,0.5858333333333333,4250.0,3.266331658291457e-05,1.7857142857142859e-06
589.352318824032,41.465852863598606,7.569325139837799,-1766.867348284497,0.0025894336285238657,2.0,0.5858333333333333,4200.0,6.496769562096195e-05,3.5714285714285718e-06
843.8497314441842,30.907451382425126,5.266728829097921,-2486.355663722068,0.002552928266427424,3.0,0.5858333333333333,4200.0,9.691313711414214e-05,5.357142857142858e-06
1086.1792805362825,23.224587115415563,4.059933381441657,-3139.8573159470834,0.0025177515855718995,4.0,0.5858333333333333,4200.0,0.0001292175161521895,7.1428571428571436e-06
1320.5037594906553,18.592280690396695,3.2815065720484973,-3744.72002673363,0.0024837245636391593,5.0,0.5858333333333333,4200.0,0.00016062455132806892,8.928571428571431e-06
1548.811436203335,15.513672188779566,2.7691995725779823,-4311.875614161232,0.0024508397560779097,6.0,0.5858333333333333,4200.0,0.0001927494615936827,1.0714285714285716e-05
1772.3824492671752,13.311314254034798,2.396858226051726,-4849.2363965271215,0.0024189781248365842,7.0,0.5858333333333333,4200.0,0.0002248743718592965,1.2500000000000004e-05
1991.9727216820386,11.651573549911365,2.1122270217059707,-5362.811718759258,0.0023880053172568015,8.0,0.5858333333333333,4200.0,0.00025556353194544146,1.4285714285714287e-05
2207.9830274263018,10.352702766525049,1.8729145626137977,-5856.021766772785,0.002357926920128743,9.0,0.5858333333333333,4200.0,0.00028750897343862166,1.6071428571428575e-05
2420.5540360920227,9.321898044477413,1.701437795874238,-6331.73898116481,0.0023287383541570205,10.0,0.5858333333333333,4200.0,0.00031945441493180186,1.7857142857142862e-05
2629.9886673865326,8.46232258752894,1.534448768508448,-6792.500806612617,0.0023003204552767107,11.0,0.5858333333333333,4200.0,0.000351399856424982,1.9642857142857145e-05
2836.3174816630167,7.770895132856956,1.4287798495191608,-7239.861985737261,0.002272733215733817,12.0,0.5858333333333333,4200.0,0.00038119167264895906,2.142857142857143e-05
3039.712322595943,7.168362515493979,1.313551563093752,-7675.505508144568,0.0022458179090076723,13.0,0.5858333333333333,4200.0,0.0004129576453697056,2.3214285714285715e-05
3240.1902971830873,6.664523229435057,1.2295159450078132,-8100.189516484039,0.0022196518175365398,14.0,0.5858333333333333,4200.0,0.00044472361809045225,2.5000000000000008e-05
3438.0303587788676,6.212066333725886,1.139742714992919,-8515.424506721902,0.00219405062172386,15.0,0.5858333333333333,4200.0,0.00047648959081119876,2.678571428571429e-05
3633.0018702015127,5.825972415456971,1.0784572576501315,-8921.528409896673,0.0021691320248607183,16.0,0.5858333333333333,4200.0,0.0005082555635319454,2.8571428571428574e-05
3825.124558513295,5.487473389026796,1.013792312420414,-9318.483189277875,0.002144920285177031,17.0,0.5858333333333333,4200.0,0.0005369705671213208,3.035714285714286e-05
4014.7510700764647,5.180307417624505,0.945343792660622,-9707.772926446698,0.0021211880984364478,18.0,0.5858333333333333,4200.0,0.0005685570710696339,3.214285714285715e-05
4201.625564577704,4.91165664627593,0.9095452200428716,-10089.331646774968,0.0020980882342307196,19.0,0.5858333333333333,4200.0,0.0006001435750179469,3.392857142857144e-05
4386.144705341523,4.667933894363779,0.8713596456743571,-10464.323498056816,0.0020754620464805084,20.0,0.5858333333333333,4200.0,0.0006317300789662599,3.5714285714285724e-05
4568.186054296176,4.439343515086589,0.8170351521655994,-10832.299897022887,0.0020453510919625773,21.0,0.5858333333333333,4150.0,0.0006633165829145729,3.750000000000001e-05
4747.377824755598,4.238340949580678,0.7746644138091198,-11192.88245159843,0.002024087491039428,22.0,0.5858333333333333,4150.0,0.0006949030868628859,3.928571428571429e-05
4924.605463292556,4.060513557628754,0.7539997727859296,-11548.50048987181,0.00200321872822386,23.0,0.5858333333333333,4150.0,0.0007223618090452261,4.1071428571428604e-05
5099.440123834305,3.896169395563014,0.7299648820917181,-11897.97096748041,0.00198282973209676,24.0,0.5858333333333333,4150.0,0.0007537688442211055,4.285714285714286e-05
5271.328757783174,3.73806673595819,0.6969305561966566,-12240.193127184823,0.0019629544954578864,25.0,0.5858333333333333,4150.0,0.000785175879396985,4.464285714285715e-05
5441.954455027845,3.5815937257238226,0.6577212115174176,-12579.853119812135,0.0019432955010846619,26.0,0.5858333333333333,4150.0,0.0008165829145728642,4.642857142857143e-05
5609.872060508502,3.4545741771799876,0.6280551674703873,-12911.818084034603,0.0019242283904878344,27.0,0.5858333333333333,4150.0,0.0008479899497487437,4.8214285714285716e-05
5775.053948299959,3.3388405659556706,0.6229919754198229,-13237.5910433151,0.0019056373484021628,28.0,0.5858333333333333,4150.0,0.0008793969849246232,5.0000000000000016e-05
5938.5734110519825,3.2186228413543536,0.5999826989017174,-13559.504669834641,0.001887378425513901,29.0,0.5858333333333333,4150.0,0.0009108040201005025,5.1785714285714296e-05
6100.316057863413,3.1178639345862535,0.5827905701841705,-13877.229670892368,0.0018693958369502659,30.0,0.5858333333333333,4150.0,0.0009422110552763818,5.357142857142858e-05
0.0,0.0,0.0,-2.1237246499294997,0.0024133745312897945,0.0,0.62625,4250.0,0.0,
283.1504054734012,35.186365468411765,10.86969988512387,-859.6496001074265,0.002380304211878702,1.0,0.62625,4250.0,3.266331658291457e-05,1.7857142857142859e-06
531.4808562419274,37.3337693166197,6.811068484409504,-1593.8090062232586,0.0023489847915218677,2.0,0.62625,4250.0,6.496769562096195e-05,3.5714285714285718e-06
761.9034832923877,27.82245905045016,4.7386074186947305,-2245.751478100028,0.002305898830508727,3.0,0.62625,4200.0,9.691313711414214e-05,5.357142857142858e-06
981.8343131135983,20.897759078891756,3.652569618551433,-2839.592764460933,0.0022772492511609925,4.0,0.62625,4200.0,0.0001292175161521895,7.1428571428571436e-06
1194.9678432185,16.725152181740807,2.9520712222397187,-3390.726724797343,0.0022494658875540086,5.0,0.62625,4200.0,0.00016062455132806892,8.928571428571431e-06
1403.0499573546228,13.953027617625862,2.4912224007573633,-3908.8274352782682,0.0022225487687423237,6.0,0.62625,4200.0,0.0001927494615936827,1.0714285714285716e-05
1607.2009501099478,11.9705448420504,2.1560279457918092,-4400.89782808788,0.002196406259838758,7.0,0.62625,4200.0,0.0002248743718592965,1.2500000000000004e-05
1808.0753991271822,10.476482830892014,1.9000600923665283,-4872.266972513331,0.0021709329711189092,8.0,0.62625,4200.0,0.00025556353194544146,1.4285714285714287e-05
2006.007561356518,9.307495460009488,1.6846935507008427,-5325.913408142573,0.002146138384661081,9.0,0.62625,4200.0,0.00028750897343862166,1.6071428571428575e-05
2201.0971451773185,8.380161214085316,1.5303760382640448,-5764.370201109821,0.0021220229379407336,10.0,0.62625,4200.0,0.00031945441493180186,1.7857142857142862e-05
2393.601844463452,7.606795646654388,1.3802535555769946,-6189.870867522586,0.0020984927450911576,11.0,0.62625,4200.0,0.000351399856424982,1.9642857142857145e-05
2583.5251337440022,6.985062690398359,1.2851467561711676,-6603.752208068276,0.0020756002959021157,12.0,0.62625,4200.0,0.00038119167264895906,2.142857142857143e-05
2771.009851856649,6.443207792729577,1.1814281548344168,-7007.530466572156,0.0020532187633138296,13.0,0.62625,4200.0,0.0004129576453697056,2.3214285714285715e-05
2956.052806202198,5.9900237651437465,1.105909711193156,-7401.790020425244,0.002031414800741106,14.0,0.62625,4200.0,0.00044472361809045225,2.5000000000000008e-05
3138.8994062606157,5.582976332024284,1.0249950392003986,-7787.914031028136,0.002010039025671781,15.0,0.62625,4200.0,0.00047648959081119876,2.678571428571429e-05
3319.3174371846294,5.235784883784278,0.969864891927954,-8166.126079676615,0.0019891912834084655,16.0,0.62625,4200.0,0.0005082555635319454,2.8571428571428574e-05
3497.309226869344,4.93163973845475,0.9116881582233057,-8536.356829940014,0.0019688952948133816,17.0,0.62625,4200.0,0.0005369705671213208,3.035714285714286e-05
3673.193953755365,4.655332894670188,0.8501076488273829,-8900.015918083474,0.0019489642440321175,18.0,0.62625,4200.0,0.0005685570710696339,3.214285714285715e-05
3846.7208342160916,4.413869314607313,0.818053387260018,-9256.907198098503,0.0019295273721277291,19.0,0.62625,4200.0,0.0006001435750179469,3.392857142857144e-05
4018.2505178216734,4.194565794909923,0.7836147690135744,-9608.132204200869,0.001910454658833291,20.0,0.62625,4200.0,0.0006317300789662599,3.5714285714285724e-05
4187.651810312324,3.989098091236584,0.7346874801320815,-9953.175435195793,0.0018918242552726794,21.0,0.62625,4200.0,0.0006633165829145729,3.750000000000001e-05
4354.572357601662,3.8084131461133186,0.69671555761535,-10291.696457691294,0.001873639916403359,22.0,0.62625,4200.0,0.0006949030868628859,3.928571428571429e-05
4519.8295618698485,3.648487452919417,0.677986424207006,-10625.926886808782,0.001855772869436804,23.0,0.62625,4200.0,0.0007223618090452261,4.1071428571428604e-05
4683.011791038389,3.50070434843078,0.6564634952228261,-10954.915374101613,0.0018311201931126696,24.0,0.62625,4150.0,0.0007537688442211055,4.285714285714286e-05
4843.594151471498,3.358545197756375,0.6266220390391455,-11277.425150102827,0.0018142302609038422,25.0,0.62625,4150.0,0.000785175879396985,4.464285714285715e-05
5003.149432518286,3.2180531509586476,0.5914754338852455,-11597.87399713377,0.0017974972270799663,26.0,0.62625,4150.0,0.0008165829145728642,4.642857142857143e-05
5160.3042248227075,3.103817706089466,0.5646504471299019,-11911.48191182244,0.0017812419022560427,27.0,0.62625,4150.0,0.0008479899497487437,4.8214285714285716e-05
5315.0287855278075,2.9996409065175382,0.5601403828125168,-12219.501636430025,0.0017653676166539977,28.0,0.62625,4150.0,0.0008793969849246232,5.0000000000000016e-05
5468.33071979629,2.891725797190063,0.5395250360779547,-12524.254091376817,0.001749753098034707,29.0,0.62625,4150.0,0.0009108040201005025,5.1785714285714296e-05
5620.09468686402,2.8010293937344226,0.5238852725376757,-12825.292875419582,0.0017343524147794913,30.0,0.62625,4150.0,0.0009422110552763818,5.357142857142858e-05
0.0,0.0,0.0,-2.1237246499294997,0.0021448674001800726,0.0,0.6666666666666666,4250.0,0.0,
252.0488693737515,31.297931329381637,9.667214290874735,-765.459715239238,0.0021187676209600955,1.0,0.6666666666666666,4250.0,3.266331658291457e-05,1.7857142857142859e-06
473.68606308845943,33.22009732507643,6.0571411888825795,-1420.9583691103544,0.002093981309753371,2.0,0.6666666666666666,4250.0,6.496769562096195e-05,3.5714285714285718e-06
679.8703634014795,24.752359228602263,4.213738502959183,-2004.7187100061856,0.002058399025445326,3.0,0.6666666666666666,4200.0,9.691313711414214e-05,5.357142857142858e-06
877.1359586702912,18.583843782421386,3.24767302314017,-2538.0069642010567,0.0020356092715799706,4.0,0.6666666666666666,4200.0,0.0001292175161521895,7.1428571428571436e-06
1068.72844749724,14.869342254821973,2.624674898441626,-3034.2836608666257,0.0020134530904715193,5.0,0.6666666666666666,4200.0,0.00016062455132806892,8.928571428571431e-06
1256.1646034478013,12.402442624231657,2.2149581455550273,-3502.0125276243125,0.001991934950207364,6.0,0.6666666666666666,4200.0,0.0001927494615936827,1.0714285714285716e-05
1440.4129282730971,10.638734173969539,1.9167315908903433,-3947.3209081082023,0.001970985877295311,7.0,0.6666666666666666,4200.0,0.0002248743718592965,1.2500000000000004e-05
1622.0340546205678,9.309565651895081,1.6892310201204015,-4374.881348428382,0.0019505249944021768,8.0,0.6666666666666666,4200.0,0.00025556353194544146,1.4285714285714287e-05
1801.3028411886573,8.269816898297877,1.4976797843465004,-4787.256263877876,0.0019305634585319803,9.0,0.6666666666666666,4200.0,0.00028750897343862166,1.6071428571428575e-05
1978.2851414525699,7.44533902079042,1.3604275233005625,-5186.654630390374,0.0019111046581845941,10.0,0.6666666666666666,4200.0,0.00031945441493180186,1.7857142857142862e-05
2153.1956062075856,6.757706950681363,1.2270453072484837,-5575.018982788402,0.0018920763431547706,11.0,0.6666666666666666,4200.0,0.000351399856424982,1.9642857142857145e-05
2326.0173708624025,6.205189706748324,1.1424455245353853,-5953.483398352866,0.0018735230000519118,12.0,0.6666666666666666,4200.0,0.00038119167264895906,2.142857142857143e-05
2496.867293504727,5.7236090068082195,1.0501782864904976,-6323.400242793876,0.0018553454387632228,13.0,0.6666666666666666,4200.0,0.0004129576453697056,2.3214285714285715e-05
2665.725928742824,5.320762358572852,0.9831068067751724,-6685.1994148656595,0.0018375996502827763,14.0,0.6666666666666666,4200.0,0.00044472361809045225,2.5000000000000008e-05
2832.8067977274695,4.9589175203335,0.9110296621825001,-7040.13455000642,0.0018201671931979077,15.0,0.6666666666666666,4200.0,0.00047648959081119876,2.678571428571429e-05
2997.881774943425,4.650306328239653,0.8620162337961388,-7388.3478600112285,0.0018031306456193152,16.0,0.6666666666666666,4200.0,0.0005082555635319454,2.8571428571428574e-05
3160.9387066534377,4.380226120055573,0.8102883560663956,-7729.728828257379,0.001786511988695532,17.0,0.6666666666666666,4200.0,0.0005369705671213208,3.035714285714286e-05
3322.2617054154503,4.134590686870161,0.755534489149571,-8065.600765498755,0.001770161194329196,18.0,0.6666666666666666,4200.0,0.0005685570710696339,3.214285714285715e-05
3481.609656548242,3.920103471363608,0.7271685123191488,-8395.662565044899,0.0017541848310323417,19.0,0.6666666666666666,4200.0,0.0006001435750179469,3.392857142857144e-05
3639.3063543877743,3.725085814419749,0.6964725235408485,-8720.943390882698,0.0017384788676282886,20.0,0.6666666666666666,4200.0,0.0006317300789662599,3.5714285714285724e-05
3795.217494890667,3.5425640517273624,0.6529215353974518,-9040.927389215343,0.001723108964893551,21.0,0.6666666666666666,4200.0,0.0006633165829145729,3.750000000000001e-05
3949.0120023065033,3.3820446803021396,0.6192894564605832,-9355.329538290069,0.0017080797700991374,22.0,0.6666666666666666,4200.0,0.0006949030868628859,3.928571428571429e-05
4101.435777877741,3.2399035828565337,0.6025145094117882,-9666.102351342306,0.0016932864172755915,23.0,0.6666666666666666,4200.0,0.0007223618090452261,4.1071428571428604e-05
4252.0984939338405,3.108569310579805,0.5834663265063693,-9972.31285868708,0.0016787808495439577,24.0,0.6666666666666666,4200.0,0.0007537688442211055,4.285714285714286e-05
4400.508204468786,2.9822431654691552,0.5568250778864186,-10272.879513645668,0.0016645969700000856,25.0,0.6666666666666666,4200.0,0.000785175879396985,4.464285714285715e-05
4548.118241948063,2.8575750159467104,0.5256883762395982,-10571.836352601305,0.0016505303485750392,26.0,0.6666666666666666,4200.0,0.0008165829145728642,4.642857142857143e-05
4693.641286949862,2.756040559278126,0.501716990593331,-10864.862482438606,0.0016304237158934196,27.0,0.6666666666666666,4150.0,0.0008479899497487437,4.8214285714285716e-05
4837.040747482685,2.663366695349974,0.49774693654764485,-11152.986738641084,0.001617176868469377,28.0,0.6666666666666666,4150.0,0.0008793969849246232,5.0000000000000016e-05
4979.252200376615,2.5676277327435026,0.4794922723391033,-11438.430512833307,0.0016041260919499032,29.0,0.6666666666666666,4150.0,0.0009108040201005025,5.1785714285714296e-05
5120.169166140551,2.4869465370238153,0.4654334936513253,-11720.65245483382,0.0015912344977455884,30.0,0.6666666666666666,4150.0,0.0009422110552763818,5.357142857142858e-05
0.0,0.0,0.0,-2.1237246499294997,0.0018782563382416211,0.0,0.7070833333333333,4250.0,0.0,
221.06535886316573,27.430001245019287,8.471390476298478,-671.6256296132415,0.0018582582757826502,1.0,0.7070833333333333,4250.0,3.266331658291457e-05,1.7857142857142859e-06
415.96821194739647,29.12395925025755,5.307493990765444,-1248.2717848543762,0.0018392148291099591,2.0,0.7070833333333333,4250.0,6.496769562096195e-05,3.5714285714285718e-06
597.7468221844223,21.6969196480866,3.691925018505537,-1763.2613384683646,0.0018104345657544284,3.0,0.7070833333333333,4200.0,9.691313711414214e-05,5.357142857142858e-06
772.0798124268754,16.282886708456108,2.8452121507638113,-2235.103367814634,0.0017928362615516433,4.0,0.7070833333333333,4200.0,0.0001292175161521895,7.1428571428571436e-06
941.7771754937033,13.024864469622369,2.2992912901466815,-2675.3859852434252,0.0017756846383071765,5.0,0.7070833333333333,4200.0,0.00016062455132806892,8.928571428571431e-06
1108.138083324464,10.861854607602254,1.940386195669657,-3091.4078974162767,0.0017589862855605961,6.0,0.7070833333333333,4200.0,0.0001927494615936827,1.0714285714285716e-05
1271.9883059357664,9.315910655119973,1.6790032873873786,-3488.4537823197898,0.0017426907085538227,7.0,0.7070833333333333,4200.0,0.0002248743718592965,1.2500000000000004e-05
1433.8011949294325,8.150823635776945,1.4797234776491113,-3870.562365307167,0.0017267374627119826,8.0,0.7070833333333333,4200.0,0.00025556353194544146,1.4285714285714287e-05
1593.7992370521479,7.239650227514591,1.3118584019618278,-4239.904560217779,0.0017111377969685143,9.0,0.7070833333333333,4200.0,0.00028750897343862166,1.6071428571428575e-05
1752.0205344313677,6.517428339320255,1.191578515573758,-4598.380012595917,0.0016958965174213414,10.0,0.7070833333333333,4200.0,0.00031945441493180186,1.7857142857142862e-05
1908.641352099172,5.91503654155026,1.0748117053384045,-4947.653633527676,0.001680959495967752,11.0,0.7070833333333333,4200.0,0.000351399856424982,1.9642857142857145e-05
2063.6296695451515,5.431256999654335,1.0006644362177632,-5288.671764358602,0.0016663631326458742,12.0,0.7070833333333333,4200.0,0.00038119167264895906,2.142857142857143e-05
2217.0800317801345,5.009547089241442,0.9197908793019431,-5622.624940122216,0.0016520319817198363,13.0,0.7070833333333333,4200.0,0.0004129576453697056,2.3214285714285715e-05
2368.960522117028,4.6567195059252775,0.861096992183163,-5949.809540983901,0.0016380114834541684,14.0,0.7070833333333333,4200.0,0.00044472361809045225,2.5000000000000008e-05
2519.4531907752657,4.3399294464660505,0.7978365052324149,-6271.346456518964,0.0016242104003692177,15.0,0.7070833333333333,4200.0,0.00047648959081119876,2.678571428571429e-05
2668.3383725026997,4.0695160768581315,0.7549016434141048,-6587.310497437917,0.0016106948451384711,16.0,0.7070833333333333,4200.0,0.0005082555635319454,2.8571428571428574e-05
2815.5956746588636,3.8332137018068133,0.7095837509153308,-6897.560452469028,0.0015974841945748436,17.0,0.7070833333333333,4200.0,0.0005369705671213208,3.035714285714286e-05
2961.4732218711238,3.6180612616813206,0.6616155407296826,-7203.321133796395,0.0015844613766792597,18.0,0.7070833333333333,4200.0,0.0005685570710696339,3.214285714285715e-05
3105.743292101457,3.4303404352513183,0.6368825473937522,-7504.212472477549,0.0015717115795023868,19.0,0.7070833333333333,4200.0,0.0006001435750179469,3.392857142857144e-05
3248.6921311761125,3.2594742542790947,0.6099249150016552,-7801.182362170359,0.0015591539600314066,20.0,0.7070833333333333,4200.0,0.0006317300789662599,3.5714285714285724e-05
3390.187938875501,3.099722268077581,0.5717295140314869,-8093.726462158862,0.001546841919691216,21.0,0.7070833333333333,4200.0,0.0006633165829145729,3.750000000000001e-05
3529.9208597297984,2.959216841844896,0.5423790863249476,-8381.612204322984,0.00153478037490093,22.0,0.7070833333333333,4200.0,0.0006949030868628859,3.928571428571429e-05
3668.564825553148,2.834743029975759,0.5275766340994046,-8666.52014650937,0.0015228862981277935,23.0,0.7070833333333333,4200.0,0.0007223618090452261,4.1071428571428604e-05
3805.7545430646846,2.719745322126046,0.5109664764331261,-8947.614636643324,0.0015112026971375516,24.0,0.7070833333333333,4200.0,0.0007537688442211055,4.285714285714286e-05
3941.0360893311804,2.609141660081574,0.48753261149536736,-9223.94189407421,0.0014997585583414197,25.0,0.7070833333333333,4200.0,0.000785175879396985,4.464285714285715e-05
4075.7359517991026,2.5001418265180764,0.460353687853028,-9499.083763500545,0.0014883894655758584,26.0,0.7070833333333333,4200.0,0.0008165829145728642,4.642857142857143e-05
4208.6575362041185,2.411225129465729,0.43924820132301506,-9769.123604170294,0.0014772991015403853,27.0,0.7070833333333333,4200.0,0.0008479899497487437,4.8214285714285716e-05
4339.766503752126,2.3299994438081257,0.43580517374315175,-10034.86027307628,0.0014664439578877591,28.0,0.7070833333333333,4200.0,0.0008793969849246232,5.0000000000000016e-05
4469.920843437258,2.2463114844695533,0.41987840797462067,-10298.464674869305,0.001455728551615246,29.0,0.7070833333333333,4200.0,0.0009108040201005025,5.1785714285714296e-05
4599.012655091868,2.1755975008155124,0.4074287243190833,-10559.404966670656,0.001445128990922784,30.0,0.7070833333333333,4200.0,0.0009422110552763818,5.357142857142858e-05
0.0,0.0,0.0,-2.1237246499294997,0.0016135110910450523,0.0,0.7474999999999999,4250.0,0.0,
190.1984568404891,23.58235200186443,7.28215142081945,-578.1436932953293,0.0015987656593230734,1.0,0.7474999999999999,4250.0,3.266331658291457e-05,1.7857142857142859e-06
358.326057872514,25.047294823667514,4.562071332225594,-1075.7494113504508,0.001584686367481761,2.0,0.7474999999999999,4250.0,6.496769562096195e-05,3.5714285714285718e-06
515.5336842056907,18.65617344720699,3.1731393056963983,-1521.4026390869403,0.001571041420989385,3.0,0.7474999999999999,4250.0,9.691313711414214e-05,5.357142857142858e-06
666.6641862044148,13.994877840157612,2.4451668749229376,-1930.885598591245,0.0015489351985958316,4.0,0.7474999999999999,4200.0,0.0001292175161521895,7.1428571428571436e-06
814.1062833104218,11.19168302208817,1.9758999567045525,-2314.029450563583,0.0015361595902705317,5.0,0.7474999999999999,4200.0,0.00016062455132806892,8.928571428571431e-06
958.953045877694,9.331311988125844,1.6674863518244025,-2676.991916084735,0.0015236914874303044,6.0,0.7474999999999999,4200.0,0.0001927494615936827,1.0714285714285716e-05
1101.8966239998263,8.002028830546658,1.4428480091165798,-3024.2460921975726,0.0015114951933268325,7.0,0.7474999999999999,4200.0,0.0002248743718592965,1.2500000000000004e-05
1243.328824407031,7.000265229749331,1.271521466264786,-3359.2187340406817,0.0014995271658016355,8.0,0.7474999999999999,4200.0,0.00025556353194544146,1.4285714285714287e-05
1383.4256451186195,6.21698133804251,1.1272148403990228,-3683.713222206432,0.0014877975391786107,9.0,0.7474999999999999,4200.0,0.00028750897343862166,1.6071428571428575e-05
1522.2042320086207,5.596414373474842,1.0238155524734511,-3999.3339169284955,0.0014763113816508792,10.0,0.7474999999999999,4200.0,0.00031945441493180186,1.7857142857142862e-05
1659.807909245205,5.078763671450581,0.9235406862621752,-4307.48108179462,0.00146502960161724,11.0,0.7474999999999999,4200.0,0.000351399856424982,1.9642857142857145e-05
1796.1931446847311,4.663244638346927,0.8597920148383846,-4608.9284123049,0.0014539806436856815,12.0,0.7474999999999999,4200.0,0.00038119167264895906,2.142857142857143e-05
1931.4330528442772,4.30100226836133,0.790255081587004,-4904.705824467019,0.0014431092444401668,13.0,0.7474999999999999,4200.0,0.0004129576453697056,2.3214285714285715e-05
2065.489807263048,3.9978750394259133,0.7398702442587564,-5194.998054641299,0.0014324506777257555,14.0,0.7474999999999999,4200.0,0.00044472361809045225,2.5000000000000008e-05
2198.5174203452793,3.725816665338257,0.685405694733797,-5480.789615764013,0.0014219372768602592,15.0,0.7474999999999999,4200.0,0.00047648959081119876,2.678571428571429e-05
2330.308794163151,3.4933928879707326,0.6485116783184183,-5762.102042158258,0.001411619817227809,16.0,0.7474999999999999,4200.0,0.0005082555635319454,2.8571428571428574e-05
2460.8355710143173,3.29058310271067,0.6095653746449022,-6038.774798378305,0.0014015144895122822,17.0,0.7474999999999999,4200.0,0.0005369705671213208,3.035714285714286e-05
2590.3133818063407,3.1057245812877534,0.5683422134123274,-6311.920977252288,0.0013915332588473113,18.0,0.7474999999999999,4200.0,0.0005685570710696339,3.214285714285715e-05
2718.531580499271,2.944561041654957,0.5471876232106715,-6581.108546499447,0.0013817416445434444,19.0,0.7474999999999999,4200.0,0.0006001435750179469,3.392857142857144e-05
2845.7391150556755,2.7977109678975296,0.5239641197086368,-6847.196281228236,0.0013720790297850776,20.0,0.7474999999999999,4200.0,0.0006317300789662599,3.5714285714285724e-05
2971.806982212005,2.660553190035751,0.4911037761044399,-7109.701852005826,0.0013625872345653226,21.0,0.7474999999999999,4200.0,0.0006633165829145729,3.750000000000001e-05
3096.454878701928,2.539910521526857,0.46597758112265913,-7368.444704887646,0.0013532707599502496,22.0,0.7474999999999999,4200.0,0.0006949030868628859,3.928571428571429e-05
3220.2812033112373,2.4329865058285054,0.4531655631540582,-7624.839211208244,0.001344066350781918,23.0,0.7474999999999999,4200.0,0.0007223618090452261,4.1071428571428604e-05
3342.9473355744312,2.3342130740222595,0.4389572015968982,-7878.151318042626,0.0013350082315546602,24.0,0.7474999999999999,4200.0,0.0007537688442211055,4.285714285714286e-05
3464.043676440851,2.239221377441105,0.41873772994739605,-8127.5588804357685,0.0013261199292747437,25.0,0.7474999999999999,4200.0,0.000785175879396985,4.464285714285715e-05
3584.7594679001186,2.145735771295872,0.39546516306407486,-8376.180061954306,0.0013172742809244731,26.0,0.7474999999999999,4200.0,0.0008165829145728642,4.642857142857143e-05
3704.0044791673117,2.0693535102887375,0.3772376241686771,-8620.565642859721,0.001308629885740751,27.0,0.7474999999999999,4200.0,0.0008479899497487437,4.8214285714285716e-05
3821.746396012249,1.999520391368578,0.3743087753825476,-8861.315885464894,0.001300154086274641,28.0,0.7474999999999999,4200.0,0.0008793969849246232,5.0000000000000016e-05
3938.7541992259876,1.9277596216509558,0.3606775829155491,-9100.42326567028,0.0012917729571294168,29.0,0.7474999999999999,4200.0,0.0009108040201005025,5.1785714285714296e-05
4054.930125317926,1.866964175535474,0.3498645958755982,-9337.486068061356,0.001283468645448544,30.0,0.7474999999999999,4200.0,0.0009422110552763818,5.357142857142858e-05
0.0,0.0,0.0,-2.1237246499294997,0.0013506021787399447,0.0,0.7879166666666666,4250.0,0.0,
159.44677735309827,19.754420994656506,6.099443029968353,-485.0103353665472,0.0013402794805080138,1.0,0.7879166666666666,4250.0,3.266331658291457e-05,1.7857142857142859e-06
300.7572678185343,20.988262073621417,3.820831138908915,-903.3914682052273,0.0013303970051002847,2.0,0.7879166666666666,4250.0,6.496769562096195e-05,3.5714285714285718e-06
433.22796507551544,15.63012089730842,2.6573500321088237,-1279.17584222219,0.0013207947825914273,3.0,0.7879166666666666,4250.0,9.691313711414214e-05,5.357142857142858e-06
560.884617710218,11.71979979679019,2.0475029630515804,-1625.3578158995879,0.0013039113678261108,4.0,0.7879166666666666,4200.0,0.0001292175161521895,7.1428571428571436e-06
685.7072022844478,9.369835152884294,1.6544715959823595,-1950.2106494372856,0.0012948775622066728,5.0,0.7879166666666666,4200.0,0.00016062455132806892,8.928571428571431e-06
808.5920523081154,7.810763668661424,1.3962388144107394,-2258.744015299162,0.0012860399849943399,6.0,0.7879166666666666,4200.0,0.0001927494615936827,1.0714285714285716e-05
930.1065031090652,6.697122300749318,1.208128032715173,-2554.6489993455907,0.001277374661497312,7.0,0.7879166666666666,4200.0,0.0002248743718592965,1.2500000000000004e-05
1050.566737108345,5.857864482500637,1.0646093059815138,-2840.760618547698,0.0012688516739452881,8.0,0.7879166666666666,4200.0,0.00025556353194544146,1.4285714285714287e-05
1170.1082265879977,5.2018119768038185,0.943734825901538,-3118.5383154325827,0.0012604793626992204,9.0,0.7879166666666666,4200.0,0.00028750897343862166,1.6071428571428575e-05
1288.73463680447,4.6822814099838155,0.8571254359652121,-3389.3041146620963,0.0012522622171340033,10.0,0.7879166666666666,4200.0,0.00031945441493180186,1.7857142857142862e-05
1406.5560894486837,4.248875193905352,0.7732204331625414,-3654.20602775929,0.0012441734108216884,11.0,0.7879166666666666,4200.0,0.000351399856424982,1.9642857142857145e-05
1523.5252962795182,3.901131931206562,0.719817018554051,-3913.860075229466,0.0012362338820950524,12.0,0.7879166666666666,4200.0,0.00038119167264895906,2.142857142857143e-05
1639.6998189102533,3.597954059573432,0.6615602617542287,-4169.136165606622,0.0012284051633760726,13.0,0.7879166666666666,4200.0,0.0004129576453697056,2.3214285714285715e-05
1755.0359208036095,3.344208120284341,0.6194167494810208,-4420.129420791862,0.0012207131275935037,14.0,0.7879166666666666,4200.0,0.00044472361809045225,2.5000000000000008e-05
1869.660704425014,3.116558915390422,0.5737275558659339,-4667.684342580826,0.0012131100655466897,15.0,0.7879166666666666,4200.0,0.00047648959081119876,2.678571428571429e-05
1983.387663452682,2.921914947203224,0.5428370873529799,-4911.782928238688,0.0012056329144895098,16.0,0.7879166666666666,4200.0,0.0005082555635319454,2.8571428571428574e-05
2096.183321797516,2.752314389441374,0.5102244402914689,-5152.257478488129,0.0011982943496241778,17.0,0.7879166666666666,4200.0,0.0005369705671213208,3.035714285714286e-05
2208.2304397386074,2.597560100661109,0.4757060940996572,-5390.094733669808,0.0011910314244677504,18.0,0.7879166666666666,4200.0,0.0005685570710696339,3.214285714285715e-05
2319.339027711282,2.4627456410147226,0.45807604325217605,-5624.8399061753735,0.0011838919680956846,19.0,0.7879166666666666,4200.0,0.0006001435750179469,3.392857142857144e-05
2429.7217481842413,2.3397753609122534,0.4385824791430759,-5857.253100784932,0.0011768327115884052,20.0,0.7879166666666666,4200.0,0.0006317300789662599,3.5714285714285724e-05
2539.2575904442137,2.2250368458562404,0.4110368405748029,-6086.887821591961,0.001169884687156125,21.0,0.7879166666666666,4200.0,0.0006633165829145729,3.750000000000001e-05
2647.698743305117,2.1241062116008664,0.39007822747259635,-6313.609604241181,0.0011630517301783538,22.0,0.7879166666666666,4200.0,0.0006949030868628859,3.928571428571429e-05
2755.560622912999,2.034614351902315,0.37927421559436375,-6538.578451541041,0.0011562879159753854,23.0,0.7879166666666666,4200.0,0.0007223618090452261,4.1071428571428604e-05
2862.5437214275084,1.9519529094887131,0.3674319095262933,-6761.165104781001,0.0011496190735288722,24.0,0.7879166666666666,4200.0,0.0007537688442211055,4.285714285714286e-05
2968.2838370374902,1.8724626900527563,0.3504336698762113,-6980.678934643067,0.0011430633045378734,25.0,0.7879166666666666,4200.0,0.000785175879396985,4.464285714285715e-05
3073.8212276675836,1.7943387226456486,0.3310167364258248,-7199.769254576437,0.0011365270328160463,26.0,0.7879166666666666,4200.0,0.0008165829145728642,4.642857142857143e-05
3178.1906110951986,1.7304074976172035,0.31567894090012755,-7415.472567401135,0.0011301275626612423,27.0,0.7879166666666666,4200.0,0.0008479899497487437,4.8214285714285716e-05
3281.3570227076316,1.6719105079043999,0.3132515616386502,-7628.211539052456,0.0011238416934776442,28.0,0.7879166666666666,4200.0,0.0008793969849246232,5.0000000000000016e-05
3383.999512621553,1.6119544478718093,0.30188407202277445,-7839.773441019053,0.001117614850528597,29.0,0.7879166666666666,4200.0,0.0009108040201005025,5.1785714285714296e-05
3486.025831213214,1.561028207923339,0.29273487578632523,-8049.870674670718,0.001111434426518377,30.0,0.7879166666666666,4200.0,0.0009422110552763818,5.357142857142858e-05
0.0,0.0,0.0,-2.1237246499294997,0.0010895008684735736,0.0,0.8283333333333333,4250.0,0.0,
128.80968066745777,15.946127931917095,4.922979590749683,-392.2220631771488,0.001082789665945543,1.0,0.8283333333333333,4250.0,3.266331658291457e-05,1.7857142857142859e-06
243.26337791067888,16.948089824219256,3.083729029177146,-731.1981922254054,0.001076347888510936,2.0,0.8283333333333333,4250.0,6.496769562096195e-05,3.5714285714285718e-06
350.8299358578499,12.618743072185898,2.1445197499090862,-1036.537218551246,0.0010700729110217524,3.0,0.8283333333333333,4250.0,9.691313711414214e-05,5.357142857142858e-06
454.73751979994535,9.457690243388845,1.6521992762576325,-1318.5969786382848,0.0010639353963711469,4.0,0.8283333333333333,4250.0,0.0001292175161521895,7.1428571428571436e-06
556.5707241228149,7.559274313046238,1.3349874405553728,-1583.9269358737438,0.0010518387081199425,5.0,0.8283333333333333,4200.0,0.00016062455132806892,8.928571428571431e-06
657.0375482921605,6.300240499451287,1.126624171671115,-1836.6448887194492,0.0010460220204350054,6.0,0.8283333333333333,4200.0,0.0001927494615936827,1.0714285714285716e-05
756.5862732863495,5.401165510578211,0.9748263767760038,-2079.6152707395668,0.0010403053073638905,7.0,0.8283333333333333,4200.0,0.0002248743718592965,1.2500000000000004e-05
855.4639457546172,4.723625905159406,0.8589716259616679,-2315.09986841138,0.0010346694729495365,8.0,0.8283333333333333,4200.0,0.00025556353194544146,1.4285714285714287e-05
953.7726350377641,4.19412805416885,0.7614043654367453,-2544.2375572249293,0.0010291206080791982,9.0,0.8283333333333333,4200.0,0.00028750897343862166,1.6071428571428575e-05
1051.5039846923457,3.775011211239867,0.6914952246933816,-2768.078869441888,0.0010236622745417954,10.0,0.8283333333333333,4200.0,0.00031945441493180186,1.7857142857142862e-05
1148.7420689557598,3.425442084774053,0.623839368372786,-2987.532285499874,0.0010182772686672182,11.0,0.8283333333333333,4200.0,0.000351399856424982,1.9642857142857145e-05
1245.441528717192,3.144897415960809,0.58072843288872,-3203.069993235047,0.001012979849084409,12.0,0.8283333333333333,4200.0,0.00038119167264895906,2.142857142857143e-05
1341.6415131738718,2.90038125798094,0.5336960016145481,-3415.4019353170734,0.0010077451015996389,13.0,0.8283333333333333,4200.0,0.0004129576453697056,2.3214285714285715e-05
1437.3032377354414,2.695697233915767,0.49972689746588317,-3624.55598216776,0.0010025905855639689,14.0,0.8283333333333333,4200.0,0.00044472361809045225,2.5000000000000008e-05
1532.5242346631665,2.512135307043872,0.46279260659012433,-3831.2321864622645,0.0009974849976369354,15.0,0.8283333333333333,4200.0,0.00047648959081119876,2.678571428571429e-05
1627.14510645755,2.3550598664211875,0.43786880486354873,-4035.386880928185,0.0009924532497568924,16.0,0.8283333333333333,4200.0,0.0005082555635319454,2.8571428571428574e-05
1721.1314565584205,2.218387074889652,0.41155233655452117,-4236.857482490283,0.000987504448805971,17.0,0.8283333333333333,4200.0,0.0005369705671213208,3.035714285714286e-05
1814.6311135217409,2.0935467673861465,0.38369894132893995,-4436.4881471368135,0.0009825967462431006,18.0,0.8283333333333333,4200.0,0.0005685570710696339,3.214285714285715e-05
1907.4818789637918,1.9848740989010785,0.3695402781951849,-4633.834041177557,0.0009777624773692586,19.0,0.8283333333333333,4200.0,0.0006001435750179469,3.392857142857144e-05
1999.857819255253,1.8856463929505949,0.35377249477314615,-4829.542199870943,0.0009729730278837115,20.0,0.8283333333333333,4200.0,0.0006317300789662599,3.5714285714285724e-05
2091.651088703948,1.7931528440754572,0.33152138039213813,-5023.219643157696,0.0009682496175388236,21.0,0.8283333333333333,4200.0,0.0006633165829145729,3.750000000000001e-05
2182.650918437723,1.7117840076336308,0.3146744596977398,-5214.772691868355,0.0009635951859126188,22.0,0.8283333333333333,4200.0,0.0006949030868628859,3.928571428571429e-05
2273.2858816459466,1.6396065419082952,0.3058956597317422,-5405.114175707553,0.0009589788488268361,23.0,0.8283333333333333,4200.0,0.0007223618090452261,4.1071428571428604e-05
2363.2999629026012,1.572944826762572,0.29638415375104704,-5593.727595032236,0.0009544185174316918,24.0,0.8283333333333333,4200.0,0.0007537688442211055,4.285714285714286e-05
2452.382412764483,1.5088456501127003,0.2826138098940349,-5780.054563735801,0.0009499270741647499,25.0,0.8283333333333333,4200.0,0.000785175879396985,4.464285714285715e-05
2541.4101958469564,1.445932238881799,0.26700247807518274,-5966.263752162791,0.0009454406095154623,26.0,0.8283333333333333,4200.0,0.0008165829145728642,4.642857142857143e-05
2629.5593426494347,1.3943685920657929,0.2545659659454852,-6149.901421574672,0.0009410396393366526,27.0,0.8283333333333333,4200.0,0.0008479899497487437,4.8214285714285716e-05
2716.795880211694,1.347150497070839,0.252627487400329,-6331.239760914781,0.0009367087730048248,28.0,0.8283333333333333,4200.0,0.0008793969849246232,5.0000000000000016e-05
2803.6981306326024,1.2988780035960588,0.24349228057715422,-6511.823573385031,0.000932410635582491,29.0,0.8283333333333333,4200.0,0.0009108040201005025,5.1785714285714296e-05
2890.181402776404,1.2577710043410917,0.23603346344250423,-6691.463841997924,0.0009281369610498161,30.0,0.8283333333333333,4200.0,0.0009422110552763818,5.357142857142858e-05
0.0,0.0,0.0,-2.1237246499294997,0.0008301791480712209,0.0,0.8687499999999999,4250.0,0.0,
98.28592524110796,12.158234192998028,3.753082064913576,-299.7754633509685,0.000826286352468871,1.0,0.8687499999999999,4250.0,3.266331658291457e-05,1.7857142857142859e-06
185.8410433916317,12.926197017706118,2.3507188164923494,-559.1698666628872,0.0008225402183503745,2.0,0.8687499999999999,4250.0,6.496769562096195e-05,3.5714285714285718e-06
268.33751622293914,9.622071367435263,1.6346166826868724,-793.4913755300586,0.0008188819393116674,3.0,0.8687499999999999,4250.0,9.691313711414214e-05,5.357142857142858e-06
348.2210599648049,7.208521659366328,1.2592291338466204,-1010.5488433918144,0.0008152949971194686,4.0,0.8687499999999999,4250.0,0.0001292175161521895,7.1428571428571436e-06
426.68850042495035,5.760036362167283,1.0174185606545263,-1215.276232525357,0.0008117658284254566,5.0,0.8687499999999999,4250.0,0.00016062455132806892,8.928571428571431e-06
504.2712270778485,4.7997125957336815,0.8586233883349902,-1410.719859136494,0.0008082962917183419,6.0,0.8687499999999999,4250.0,0.0001927494615936827,1.0714285714285716e-05
581.3036329226217,4.114157160786909,0.7429263931157675,-1599.0990778836422,0.0008002643343622777,7.0,0.8687499999999999,4200.0,0.0002248743718592965,1.2500000000000004e-05
657.9686317409712,3.597544209616757,0.6545933553973657,-1782.150675622077,0.0007969399830275632,8.0,0.8687499999999999,4200.0,0.00025556353194544146,1.4285714285714287e-05
734.3398540371218,3.1939140330809197,0.5802097383647513,-1960.6699749262189,0.0007936595051248539,9.0,0.8687499999999999,4200.0,0.00028750897343862166,1.6071428571428575e-05
810.4015269841018,2.8745819496664806,0.5269122264331986,-2135.4475984218225,0.0007904252645735361,10.0,0.8687499999999999,4200.0,0.00031945441493180186,1.7857142857142862e-05
886.2173854099515,2.608285002958051,0.4753861461728906,-2307.1633446732812,0.0007872273883936912,11.0,0.8687499999999999,4200.0,0.000351399856424982,1.9642857142857145e-05
961.7438525479528,2.394518852340212,0.4425154638644719,-2476.1587504666386,0.0007840745126126662,12.0,0.8687499999999999,4200.0,0.00038119167264895906,2.142857142857143e-05
1037.0097528220113,2.2082619332999722,0.40665208997160757,-2642.98299709992,0.0007809521962677226,13.0,0.8687499999999999,4200.0,0.0004129576453697056,2.3214285714285715e-05
1111.9799409495033,2.0523201872712264,0.38079127473194363,-2807.6194885074437,0.0007778710405044339,14.0,0.8687499999999999,4200.0,0.00044472361809045225,2.5000000000000008e-05
1186.7272923361227,1.9125243208028149,0.3525915518807842,-2970.6175189972564,0.0007748126913586715,15.0,0.8687499999999999,4200.0,0.00047648959081119876,2.678571428571429e-05
1261.1233412290005,1.7928046845235701,0.33359794513549473,-3131.9225580647544,0.0007717920912886423,16.0,0.8687499999999999,4200.0,0.0005082555635319454,2.8571428571428574e-05
1335.136326526596,1.6887801184870024,0.31354062253676923,-3291.389528730251,0.0007688150189495882,17.0,0.8687499999999999,4200.0,0.0005369705671213208,3.035714285714286e-05
1408.8787436224745,1.5936630231607705,0.2923126800693128,-3449.700520016595,0.0007658566599944632,18.0,0.8687499999999999,4200.0,0.0005685570710696339,3.214285714285715e-05
1482.2223441475583,1.5109257976858033,0.28157296058278397,-3606.45569474237,0.0007629364462527744,19.0,0.8687499999999999,4200.0,0.0006001435750179469,3.392857142857144e-05
1555.2992757499374,1.4353025809133622,0.26952682311247966,-3762.176957245654,0.0007600374486001969,20.0,0.8687499999999999,4200.0,0.0006317300789662599,3.5714285714285724e-05
1628.0228130755302,1.3648803767151378,0.25255021780493614,-3916.53689592328,0.0007571726585066684,21.0,0.8687499999999999,4200.0,0.0006633165829145729,3.750000000000001e-05
1700.220441913643,1.302923611715249,0.23975985503128366,-4069.4784012040545,0.0007543440067981258,22.0,0.8687499999999999,4200.0,0.0006949030868628859,3.928571428571429e-05
1772.231829434299,1.247942685388968,0.2330231085490017,-4221.680146239749,0.0007515328656878432,23.0,0.8687499999999999,4200.0,0.0007223618090452261,4.1071428571428604e-05
1843.8504883312992,1.1971684831008458,0.22580762907384508,-4372.7402138291145,0.0007487503662403956,24.0,0.8687499999999999,4200.0,0.0007537688442211055,4.285714285714286e-05
1914.8234737068249,1.1483499937362458,0.21527166622067737,-4522.233034766432,0.000746004649686498,25.0,0.8687499999999999,4200.0,0.000785175879396985,4.464285714285715e-05
1985.8526885590818,1.1004975676188435,0.20341658928512607,-4671.8377924868255,0.0007432567044768034,26.0,0.8687499999999999,4200.0,0.0008165829145728642,4.642857142857143e-05
2056.273104399059,1.0612180026327966,0.19389264231022635,-4819.635289562924,0.000740555816271515,27.0,0.8687499999999999,4200.0,0.0008479899497487437,4.8214285714285716e-05
2126.0534999993083,1.025220800745906,0.19243063799636506,-4965.774015652583,0.0007378929089497785,28.0,0.8687499999999999,4200.0,0.0008793969849246232,5.0000000000000016e-05
2195.6592020519506,0.9885120697787996,0.1854967399585468,-5111.517431882239,0.0007352451011771366,29.0,0.8687499999999999,4200.0,0.0009108040201005025,5.1785714285714296e-05
2265.0196802731766,0.9571737350569895,0.17979885732573725,-5256.759083476114,0.0007326075211093637,30.0,0.8687499999999999,4200.0,0.0009422110552763818,5.357142857142858e-05
0.0,0.0,0.0,-2.1237246499294997,0.0005726096990153039,0.0,0.9091666666666666,4250.0,0.0,
67.8734456214757,8.389784932427258,2.589479766495925,-207.6671874133899,0.0005707598832488736,1.0,0.9091666666666666,4250.0,3.266331658291457e-05,1.7857142857142859e-06
128.49003932127124,8.92209556082729,1.6217547773514986,-387.3068205916934,0.0005689752457560207,2.0,0.9091666666666666,4250.0,6.496769562096195e-05,3.5714285714285718e-06
185.75017999145345,6.640115111212633,1.1276114579528416,-550.0428893024946,0.0005672281464677128,3.0,0.9091666666666666,4250.0,9.691313711414214e-05,5.357142857142858e-06
241.33113445734597,4.9723128833371035,0.8685659573876819,-701.2054573165587,0.0005655109508493448,4.0,0.9091666666666666,4250.0,0.0001292175161521895,7.1428571428571436e-06
296.0518762176448,3.9720827729782893,0.7017423209708258,-844.162059453316,0.0005638173654415931,5.0,0.9091666666666666,4250.0,0.00016062455132806892,8.928571428571431e-06
350.2749943529962,3.309225505042006,0.5922177947337034,-980.9868478815915,0.0005621484385063103,6.0,0.9091666666666666,4250.0,0.0001927494615936827,1.0714285714285716e-05
404.225990439743,2.8360985706416884,0.51241175706387,-1113.1838857699913,0.0005605007399916433,7.0,0.9091666666666666,4250.0,0.0002248743718592965,1.2500000000000004e-05
458.02856992778595,2.4796043551897893,0.4514597147255713,-1241.917472057714,0.0005588694574758496,8.0,0.9091666666666666,4250.0,0.00025556353194544146,1.4285714285714287e-05
511.7291287605299,2.201156450250432,0.40013748846348574,-1367.751141250752,0.0005572563029617402,9.0,0.9091666666666666,4250.0,0.00028750897343862166,1.6071428571428575e-05
565.314990984291,1.9809708872089145,0.3633639908372816,-1491.2204042446538,0.0005556620648528999,10.0,0.9091666666666666,4250.0,0.00031945441493180186,1.7857142857142862e-05
618.8254652633985,1.7973815808142928,0.32784964584479603,-1612.8029637138097,0.0005509101231148078,11.0,0.9091666666666666,4200.0,0.000351399856424982,1.9642857142857145e-05
672.2278793949075,1.649973217107265,0.30516753140080694,-1732.7253186120506,0.0005493731428572814,12.0,0.9091666666666666,4200.0,0.00038119167264895906,2.142857142857143e-05
725.5417801719278,1.5215734269805967,0.28041851646639626,-1851.3542910253964,0.0005478477595415154,13.0,0.9091666666666666,4200.0,0.0004129576453697056,2.3214285714285715e-05
778.7377588718986,1.4140541082563494,0.2626006587126778,-1968.6520913925124,0.0005463392014673761,14.0,0.9091666666666666,4200.0,0.00044472361809045225,2.5000000000000008e-05
831.8666346856066,1.3177038073321417,0.2431152782098222,-2085.0096900544086,0.0005448386381268807,15.0,0.9091666666666666,4200.0,0.00047648959081119876,2.678571428571429e-05
884.8343690877768,1.2351258700264816,0.2300157970597532,-2200.3751975162304,0.0005433533953453779,16.0,0.9091666666666666,4200.0,0.0005082555635319454,2.8571428571428574e-05
937.6167800150163,1.163471928272531,0.21618102270125597,-2314.6345888769356,0.0005418864379766338,17.0,0.9091666666666666,4200.0,0.0005369705671213208,3.035714285714286e-05
990.2905710247493,1.0978868069130725,0.20157576707893668,-2428.287194281489,0.0005404256987435798,18.0,0.9091666666666666,4200.0,0.0005685570710696339,3.214285714285715e-05
1042.7633269736496,1.0408796397536624,0.19416687970600335,-2541.0124901950403,0.0005389807584974145,19.0,0.9091666666666666,4200.0,0.0006001435750179469,3.392857142857144e-05
1095.1296583364935,0.9887220036296129,0.1858382709627374,-2653.1926330479473,0.0005375433811133837,20.0,0.9091666666666666,4200.0,0.0006317300789662599,3.5714285714285724e-05
1147.3225055765397,0.9401982238379109,0.17411631987607423,-2764.583338404278,0.000536120045250145,21.0,0.9091666666666666,4200.0,0.0006633165829145729,3.750000000000001e-05
1199.2166688361476,0.8975043369864681,0.16532812902644986,-2875.15618687222,0.0005347117779940366,22.0,0.9091666666666666,4200.0,0.0006949030868628859,3.928571428571429e-05
1251.0572722662978,0.8596020325261773,0.1606499152629557,-2985.3656795366114,0.000533309391184745,23.0,0.9091666666666666,4200.0,0.0007223618090452261,4.1071428571428604e-05
1302.6908486823572,0.8246031999291993,0.15569616703287326,-3094.9300069500314,0.0005319185162767022,24.0,0.9091666666666666,4200.0,0.0007537688442211055,4.285714285714286e-05
1353.933561069219,0.7909551462748987,0.14840088850007915,-3203.5570283053894,0.0005305433370353556,25.0,0.9091666666666666,4200.0,0.000785175879396985,4.464285714285715e-05
1405.293933696685,0.7580156502321712,0.14025339821800298,-3312.424447432146,0.0005291643353031755,26.0,0.9091666666666666,4200.0,0.0008165829145728642,4.642857142857143e-05
1456.2859055977385,0.7309366513968212,0.13370159072896443,-3420.1725979220864,0.0005278062311402182,27.0,0.9091666666666666,4200.0,0.0008479899497487437,4.8214285714285716e-05
1506.8847421935325,0.7061016044293869,0.13265522509670008,-3526.8601324728224,0.0005264646270561371,28.0,0.9091666666666666,4200.0,0.0008793969849246232,5.0000000000000016e-05
1557.4289860869167,0.6808381724534426,0.12789210351767827,-3633.4237702223763,0.0005251280221969831,29.0,0.9091666666666666,4200.0,0.0009108040201005025,5.1785714285714296e-05
1607.8652892312061,0.6592173394436687,0.12397931444110273,-3739.818979507283,0.000523794061052441,30.0,0.9091666666666666,4200.0,0.0009422110552763818,5.357142857142858e-05
0.0,0.0,0.0,-2.1237246499294997,0.00031676587762465415,0.0,0.9495833333333332,4250.0,0.0,
37.57098051365047,4.640580872729352,1.432103764051606,-115.89395521908591,0.00031620079856057486,1.0,0.9495833333333332,4250.0,3.266331658291457e-05,1.7857142857142859e-06
71.21033318102727,4.936430286921785,0.8967921040530441,-215.6094720682231,0.0003156542676012317,2.0,0.9495833333333332,4250.0,6.496769562096195e-05,3.5714285714285718e-06
103.06689556767863,3.672873719035333,0.6234709128262071,-306.1964484415075,0.0003151179259899101,3.0,0.9495833333333332,4250.0,9.691313711414214e-05,5.357142857142858e-06
134.06412421230416,2.7490664417423405,0.48018605241656,-390.572291846649,0.0003145894947571931,4.0,0.9495833333333332,4250.0,0.0001292175161521895,7.1428571428571436e-06
164.65290467725382,2.195460187250077,0.3879372551218092,-470.580217171002,0.0003140670934718352,5.0,0.9495833333333332,4250.0,0.00016062455132806892,8.928571428571431e-06
195.03076958458516,1.8287114266620863,0.32738907633463404,-547.3528179044515,0.0003135510899008638,6.0,0.9495833333333332,4250.0,0.0001927494615936827,1.0714285714285716e-05
225.320121293769,1.566971499243651,0.2832664581277212,-621.7119990196734,0.0003130404668306208,7.0,0.9495833333333332,4250.0,0.0002248743718592965,1.2500000000000004e-05
255.58851425308785,1.3697978820086367,0.24955620719744892,-694.2949718496311,0.00031253376514352486,8.0,0.9495833333333332,4250.0,0.00025556353194544146,1.4285714285714287e-05
285.8596545320522,1.215839413502779,0.2211744162695972,-765.4075196670601,0.0003120315519274535,9.0,0.9495833333333332,4250.0,0.00028750897343862166,1.6071428571428575e-05
316.1243712667323,1.0941543664008353,0.20083830247764795,-835.3390960493562,0.00031153410218242986,10.0,0.9495833333333332,4250.0,0.00031945441493180186,1.7857142857142862e-05
346.40502072291474,0.9927086028151734,0.18121896500648607,-904.3424865573907,0.00031104011745715756,11.0,0.9495833333333332,4250.0,0.000351399856424982,1.9642857142857145e-05
376.6812076045852,0.9112367014154547,0.16867426298607807,-972.5354974435977,0.00031055094026674666,12.0,0.9495833333333332,4250.0,0.00038119167264895906,2.142857142857143e-05
406.96186351919806,0.8402923514796692,0.15498546568814317,-1040.1336887777652,0.0003100642920384019,13.0,0.9495833333333332,4250.0,0.0004129576453697056,2.3214285714285715e-05
437.230408859642,0.7808754471371201,0.1451460120211341,-1107.1086069443481,0.0003095819772465497,14.0,0.9495833333333332,4250.0,0.00044472361809045225,2.5000000000000008e-05
467.5148420695715,0.7276509893617928,0.13436591990498353,-1173.676688206353,0.000309101411083189,15.0,0.9495833333333332,4250.0,0.00047648959081119876,2.678571428571429e-05
497.7594021208022,0.682018460828908,0.12711381902564983,-1239.8040033291181,0.00030862474904815756,16.0,0.9495833333333332,4250.0,0.0005082555635319454,2.8571428571428574e-05
527.9509926440306,0.6424403645790951,0.11946542204275423,-1305.4198294838861,0.0003081529729322314,17.0,0.9495833333333332,4250.0,0.0005369705671213208,3.035714285714286e-05
558.1319355094871,0.606195559416768,0.11142168578635071,-1370.8163540993482,0.00030768209230437637,18.0,0.9495833333333332,4250.0,0.0005685570710696339,3.214285714285715e-05
588.2484152720647,0.5747140521684128,0.10731497670727545,-1435.7950151283148,0.00030721532538452315,19.0,0.9495833333333332,4250.0,0.0006001435750179469,3.392857142857144e-05
618.3534925318646,0.545882307880784,0.10269979086800476,-1500.576188798128,0.000306750267906019,20.0,0.9495833333333332,4250.0,0.0006317300789662599,3.5714285714285724e-05
648.4084076114177,0.5190847593708297,0.09621279418103414,-1565.0156872817533,0.0003062888273836638,21.0,0.9495833333333332,4250.0,0.0006633165829145729,3.750000000000001e-05
678.3396934109966,0.4955051133721531,0.0913731311568116,-1629.1185547763307,0.00030408337246328897,22.0,0.9495833333333332,4200.0,0.0006949030868628859,3.928571428571429e-05
708.2888286112759,0.474563480121953,0.088769569079953,-1693.118580666909,0.0003036336598422801,23.0,0.9495833333333332,4200.0,0.0007223618090452261,4.1071428571428604e-05
738.1658991431889,0.4552279690902938,0.08604373156510932,-1756.8539046553851,0.0003031867317433729,24.0,0.9495833333333332,4200.0,0.0007537688442211055,4.285714285714286e-05
767.8631231043643,0.4366402286784615,0.0819952557942345,-1820.1644808131023,0.0003027439654008953,25.0,0.9495833333333332,4200.0,0.000785175879396985,4.464285714285715e-05
797.6763264057181,0.4184671273413366,0.07750735585497194,-1883.712585433801,0.0003022990821821365,26.0,0.9495833333333332,4200.0,0.0008165829145728642,4.642857142857143e-05
827.3197279370742,0.4035051791829253,0.07389922677664255,-1946.7263692214547,0.00030186004745647396,27.0,0.9495833333333332,4200.0,0.0008479899497487437,4.8214285714285716e-05
856.7787843716789,0.3897728435422826,0.07329558279474026,-2009.2118627362433,0.0003014254873515711,28.0,0.9495833333333332,4200.0,0.0008793969849246232,5.0000000000000016e-05
886.2524966352894,0.37583758822199864,0.0706731426132081,-2071.726426505891,0.00030099168410363444,29.0,0.9495833333333332,4200.0,0.0009108040201005025,5.1785714285714296e-05
915.7077776262945,0.3638825320040594,0.06851958841185238,-2134.263534468817,0.0003005578987847057,30.0,0.9495833333333332,4200.0,0.0009422110552763818,5.357142857142858e-05
0.0,0.0,0.0,-2.1237246499294997,6.262169267871004e-05,0.0,0.99,4250.0,0.0,
7.377296819634256,0.9104270706648951,0.2808865910120109,-24.452553215822263,6.259982915282179e-05,1.0,0.99,4250.0,3.266331658291457e-05,1.7857142857142859e-06
13.99927129466631,0.9686676233406919,0.17579041738754542,-44.07825138504268,6.257863120795061e-05,2.0,0.99,4250.0,6.496769562096195e-05,3.5714285714285718e-06
20.286116686170256,0.7203650837926423,0.12216467929729434,-61.95704133417166,6.255777838616122e-05,3.0,0.99,4250.0,9.691313711414214e-05,5.357142857142858e-06
26.418214594947283,0.5387750507276484,0.0940638815813685,-78.65530243349349,6.253718430616057e-05,4.0,0.99,4250.0,0.0001292175161521895,7.1428571428571436e-06
32.48350063091858,0.4300829385963936,0.07598229124203926,-94.5309499335417,6.251677745982782e-05,5.0,0.99,4250.0,0.00016062455132806892,8.928571428571431e-06
38.520209036842296,0.3581172639111009,0.06411926368400682,-109.80346598366305,6.249657357510845e-05,6.0,0.99,4250.0,0.0001927494615936827,1.0714285714285716e-05
44.55227601558554,0.3067767843170205,0.055474791017902446,-124.63224740698934,6.247653434100408e-05,7.0,0.99,4250.0,0.0002248743718592965,1.2500000000000004e-05
50.59279779358556,0.2681157168691934,0.048868610783890286,-139.14107639618305,6.245660355881103e-05,8.0,0.99,4250.0,0.00025556353194544146,1.4285714285714287e-05
56.64618827471879,0.23794908296901224,0.04330757170780984,-153.38892357440636,6.243680467410343e-05,9.0,0.99,4250.0,0.00028750897343862166,1.6071428571428575e-05
62.71035749421503,0.21410780405158483,0.03932317417072177,-167.4313982952517,6.241714931228307e-05,10.0,0.99,4250.0,0.00031945441493180186,1.7857142857142862e-05
68.78946441842498,0.1942420019522834,0.03548341320053052,-181.31767668353132,6.239758751374433e-05,11.0,0.99,4250.0,0.000351399856424982,1.9642857142857145e-05
74.87928148867972,0.17828471037595744,0.03302548759658355,-195.069832997724,6.237817260334293e-05,12.0,0.99,4250.0,0.00038119167264895906,2.142857142857143e-05
80.98156992508174,0.16439459157625888,0.030343311487884498,-208.73043322768353,6.23588157635079e-05,13.0,0.99,4250.0,0.0004129576453697056,2.3214285714285715e-05
87.09288775278185,0.1527599798267566,0.028418476916516423,-222.29335796957457,6.233958884561519e-05,14.0,0.99,4250.0,0.00044472361809045225,2.5000000000000008e-05
93.21876766071395,0.14234246540264348,0.02630950752769183,-235.800404757043,6.232039049548186e-05,15.0,0.99,4250.0,0.00047648959081119876,2.678571428571429e-05
99.34776721876496,0.13340980377183265,0.024883634014626038,-249.24426850701275,6.230130632555009e-05,16.0,0.99,4250.0,0.0005082555635319454,2.8571428571428574e-05
105.47694952343001,0.12566274530021404,0.023385861450041453,-262.6096333888272,6.228237687841213e-05,17.0,0.99,4250.0,0.0005369705671213208,3.035714285714286e-05
111.61483440034905,0.11856622937849574,0.021816631560776466,-275.9560621267592,6.22634435470842e-05,18.0,0.99,4250.0,0.0005685570710696339,3.214285714285715e-05
117.75053911761722,0.11240699270603087,0.02101033986525156,-289.2437005186439,6.224463497442435e-05,19.0,0.99,4250.0,0.0006001435750179469,3.392857142857144e-05
123.89476136998908,0.10676071564791349,0.020104476746233804,-302.51437117694877,6.22258560384178e-05,20.0,0.99,4250.0,0.0006317300789662599,3.5714285714285724e-05
130.0394817024076,0.10151795811572217,0.018832884674281423,-315.7391645870375,6.22071838253748e-05,21.0,0.99,4250.0,0.0006633165829145729,3.750000000000001e-05
136.16944074540103,0.09690449447373761,0.017888840591643033,-328.91804874504305,6.218861664620054e-05,22.0,0.99,4250.0,0.0006949030868628859,3.928571428571429e-05
142.31348174941218,0.09280557864566089,0.017375691123778975,-342.09710774694395,6.217006756362669e-05,23.0,0.99,4250.0,0.0007223618090452261,4.1071428571428604e-05
148.4531580032684,0.08902146009604167,0.016844414833660594,-355.24515529276687,6.215159623575144e-05,24.0,0.99,4250.0,0.0007537688442211055,4.285714285714286e-05
154.56600797848822,0.08538406478980533,0.016048672733950553,-368.33125509646925,6.213324351752025e-05,25.0,0.99,4250.0,0.000785175879396985,4.464285714285715e-05
160.71330569538472,0.08183234524373036,0.015173032093795667,-381.487499544819,6.211478440796538e-05,26.0,0.99,4250.0,0.0008165829145728642,4.642857142857143e-05
166.8356208151308,0.07890395214637415,0.014469207304804024,-394.5564594981988,6.20965214763957e-05,27.0,0.99,4250.0,0.0008479899497487437,4.8214285714285716e-05
172.92982771029895,0.07621421055858972,0.01434616384794154,-407.5403692530672,6.207840859641548e-05,28.0,0.99,4250.0,0.0008793969849246232,5.0000000000000016e-05
179.0373109253149,0.07349135056403426,0.013834742819684848,-420.5502235916938,6.206030023846465e-05,29.0,0.99,4250.0,0.0009108040201005025,5.1785714285714296e-05
185.15077832442395,0.07114980919107036,0.01341491344657079,-433.59094521784573,6.204213972145472e-05,30.0,0.99,4250.0,0.0009422110552763818,5.357142857142858e-05
