CAPE_u,CAPE_ext,CAPE_dist,dh,sat_def,P,RH,dz,ent_b,ent_std
0.0,0.0,0.0,-2.628212131370674,0.009659155665531487,0.0,0.02,4300.0,0.0,
1859.74036482741,1374.6350120754337,1075.3289294762142,-4972.163064424851,0.009260129611499916,1.0,0.02,4300.0,2.8356066044508252e-05,3.57142857142857e-06
2944.064550103861,1967.5738421411413,1484.2983783945544,-7361.160993621073,0.008877914771529721,2.0,0.02,4250.0,5.4558506819813346e-05,7.14285714285714e-06
3712.337956044912,2249.4534196394957,1641.6834322054851,-8595.435167037562,0.008588883271301986,3.0,0.02,4250.0,7.968413496051686e-05,1.0714285714285712e-05
4321.131781113381,2381.0498371662366,1688.9502585903995,-9233.549867963098,0.00832515421796264,4.0,0.02,4250.0,0.00010480976310122038,1.428571428571428e-05
4838.395899460988,2431.6700127072377,1682.250157422108,-9539.815290835511,0.008035382317385292,5.0,0.02,4200.0,0.00012921751615218953,1.7857142857142852e-05
5296.598076251015,2435.2603507270505,1649.3485023323717,-9651.253660826551,0.0078113067739789144,6.0,0.02,4200.0,0.00015290739411342425,2.1428571428571425e-05
5713.9667387639365,2410.4818836349186,1603.538826574641,-9646.52087087436,0.0076012511542767084,7.0,0.02,4200.0,0.00017587939698492463,2.499999999999999e-05
6101.867409301266,2368.4885554628554,1551.0178920057813,-9573.689511679317,0.007403659388112994,8.0,0.02,4200.0,0.00019813352476669057,2.857142857142856e-05
6467.4551620331795,2315.9507022623166,1495.984895878359,-9460.560847391382,0.007216728714281868,9.0,0.02,4200.0,0.0002229002153625269,3.214285714285714e-05
6813.239476431458,2256.7067312868257,1442.0218918406317,-9326.966695486306,0.007003730830035416,10.0,0.02,4150.0,0.0002440775305096913,3.5714285714285703e-05
7143.7054504036205,2194.205467955004,1388.512660184599,-9177.849742995684,0.006838860340561765,11.0,0.02,4150.0,0.0002684852835606604,3.928571428571427e-05
7461.493439428984,2129.9898215241,1336.7572929235625,-9027.112120423299,0.006680616688290153,12.0,0.02,4150.0,0.0002885857860732233,4.285714285714285e-05
7767.081941704658,2065.597259549405,1287.6723922466786,-8883.378906994294,0.006530418006027131,13.0,0.02,4150.0,0.00031263460157932515,4.642857142857141e-05
8062.087743841491,2001.4621778323444,1240.9761658934963,-8733.300866547688,0.006387985712211557,14.0,0.02,4150.0,0.0003366834170854272,4.999999999999998e-05
8349.863529422144,1938.574413568513,1195.3214941163833,-8605.523841071372,0.006248608411221562,15.0,0.02,4150.0,0.0003553481694185211,5.357142857142855e-05
8627.29259372255,1877.351325483272,1153.2603271775295,-8471.074241883638,0.006118147135109315,16.0,0.02,4150.0,0.0003790380473797559,5.714285714285712e-05
8898.562801263724,1818.0441881636802,1112.0508894728403,-8356.852917669952,0.00599154482434564,17.0,0.02,4150.0,0.00040272792534099065,6.0714285714285694e-05
9162.44676396884,1760.463781942117,1073.9137504865932,-8248.297386642502,0.0058695798467551,18.0,0.02,4150.0,0.00041995692749461597,6.428571428571427e-05
9417.577205359674,1705.3883948240953,1038.2024315512901,-8141.219958032649,0.005731471531428351,19.0,0.02,4100.0,0.00044328786791098353,6.785714285714283e-05
9667.539155618417,1651.903937979124,1004.3732252753558,-8053.991793393841,0.005619270305411234,20.0,0.02,4100.0,0.0004666188083273511,7.142857142857141e-05
9912.222041945413,1601.196802724216,971.2106580231701,-7968.707945892769,0.005513627691790733,21.0,0.02,4100.0,0.00048241206030150754,7.499999999999998e-05
10150.868684688787,1552.2112237080328,940.692348103029,-7898.203730562003,0.0054100815313225204,22.0,0.02,4100.0,0.0005053840631730078,7.857142857142854e-05
10384.889882231919,1505.6315151270471,911.6433667827908,-7827.629850112251,0.00531147369507272,23.0,0.02,4100.0,0.0005283560660445082,8.214285714285711e-05
10613.271215434002,1460.9523318269673,884.4716091848586,-7767.443660521436,0.005216154481533485,24.0,0.02,4100.0,0.0005513280689160086,8.57142857142857e-05
10837.42346237151,1418.3538600483696,859.0457025730262,-7721.14709568867,0.00512286674078652,25.0,0.02,4100.0,0.000574300071787509,8.928571428571426e-05
11059.03312906031,1378.3922695017388,834.2161987833412,-7680.300728468312,0.005033769263120658,26.0,0.02,4100.0,0.0005879396984924622,9.285714285714282e-05
11273.112475919517,1340.1381184683444,811.4941635662491,-7629.927056548811,0.004948201842123138,27.0,0.02,4100.0,0.0006105527638190954,9.64285714285714e-05
11481.068466607041,1304.355667360814,790.4893628840952,-7595.211948872478,0.004866392181598719,28.0,0.02,4100.0,0.0006331658291457286,9.999999999999996e-05
11688.933425502097,1270.1289942045432,769.5918516753752,-7579.542254024476,0.004783175485524334,29.0,0.02,4100.0,0.0006557788944723617,0.00010357142857142854
11891.35370688357,1237.8910150690813,750.344636494016,-7546.3668760598375,0.004705569390026299,30.0,0.02,4100.0,0.0006783919597989948,0.0001071428571428571
0.0,0.0,0.0,-2.628212131370674,0.009211635857417326,0.0,0.06041666666666666,4300.0,0.0,
1774.0509534579644,1310.7469943554736,1025.1702480283557,-4755.0307594585975,0.00884974041334104,1.0,0.06041666666666666,4300.0,2.8356066044508252e-05,3.57142857142857e-06
2810.516630070929,1876.9809461889756,1415.6326214969818,-7055.44947659981,0.0084991022170623,2.0,0.06041666666666666,4250.0,5.4558506819813346e-05,7.14285714285714e-06
3547.184012062679,2147.346471040568,1566.794092227541,-8257.214603512693,0.008235468130294231,3.0,0.06041666666666666,4250.0,7.968413496051686e-05,1.0714285714285712e-05
4132.701401040862,2274.638799198232,1613.091192334749,-8890.846953898246,0.007994319073661516,4.0,0.06041666666666666,4250.0,0.00010480976310122038,1.428571428571428e-05
4631.50309946991,2324.6974581678464,1607.8933039759422,-9207.498422395765,0.007726222374374936,5.0,0.06041666666666666,4200.0,0.00012921751615218953,1.7857142857142852e-05
5074.323798886481,2329.7772347254163,1577.5660751216496,-9337.832234948044,0.007520441082418787,6.0,0.06041666666666666,4200.0,0.00015290739411342425,2.1428571428571425e-05
5478.420936676877,2307.6267184639105,1534.8026376022058,-9356.554462980435,0.007327144229850296,7.0,0.06041666666666666,4200.0,0.00017587939698492463,2.499999999999999e-05
5854.568470403236,2268.8422896760617,1485.4419209936332,-9309.466512592277,0.007144959383395477,8.0,0.06041666666666666,4200.0,0.00019813352476669057,2.857142857142856e-05
6209.553471733143,2219.862358944018,1433.5788255466925,-9223.035060329545,0.006972283047419053,9.0,0.06041666666666666,4200.0,0.0002229002153625269,3.214285714285714e-05
6545.706962706928,2164.2782051639974,1382.6576671121381,-9116.131011895559,0.006808153824050292,10.0,0.06041666666666666,4200.0,0.0002440775305096913,3.5714285714285703e-05
6867.263731884575,2105.474371687074,1332.0001534812488,-8993.775950785683,0.006620343293702594,11.0,0.06041666666666666,4150.0,0.0002684852835606604,3.928571428571427e-05
7176.78897409996,2044.864488450333,1282.9910935345017,-8868.83181148873,0.00647345057211863,12.0,0.06041666666666666,4150.0,0.0002885857860732233,4.285714285714285e-05
7474.65057067249,1983.9534009016575,1236.3977224959046,-8750.410956313368,0.00633380259548988,13.0,0.06041666666666666,4150.0,0.00031263460157932515,4.642857142857141e-05
7762.431947351246,1923.1953494539514,1192.040574836623,-8624.322729166102,0.006201177480863618,14.0,0.06041666666666666,4150.0,0.0003366834170854272,4.999999999999998e-05
8043.370627875517,1863.5604925543314,1148.5915406046909,-8519.298341471018,0.006071202255524291,15.0,0.06041666666666666,4150.0,0.0003553481694185211,5.357142857142855e-05
8314.355964975124,1805.410376846371,1108.5402081423485,-8407.422426205158,0.005949391360699723,16.0,0.06041666666666666,4150.0,0.0003790380473797559,5.714285714285712e-05
8579.48018873401,1749.010274631168,1069.2457047894222,-8314.422875495911,0.005830997025092,17.0,0.06041666666666666,4150.0,0.00040272792534099065,6.0714285714285694e-05
8837.568161657522,1694.1857685614098,1032.8727351654077,-8225.841286200244,0.005716820533328972,18.0,0.06041666666666666,4150.0,0.00041995692749461597,6.428571428571427e-05
9087.175281314889,1641.6858028766794,998.7829791836323,-8138.054133969301,0.005610033044526546,19.0,0.06041666666666666,4150.0,0.00044328786791098353,6.785714285714283e-05
9331.91365978066,1590.6692654405374,966.4670432063589,-8068.340854478607,0.005504100867458017,20.0,0.06041666666666666,4150.0,0.0004666188083273511,7.142857142857141e-05
9571.528958847304,1542.2689534247236,934.6972777783959,-8000.841316529128,0.005381338526215022,21.0,0.06041666666666666,4100.0,0.00048241206030150754,7.499999999999998e-05
9805.402030689012,1495.4574193163721,905.5136798226639,-7946.961264657504,0.00528392816804531,22.0,0.06041666666666666,4100.0,0.0005053840631730078,7.857142857142854e-05
10034.799081362324,1450.9034742521244,877.6963496613836,-7891.539594958318,0.005191076094616597,23.0,0.06041666666666666,4100.0,0.0005283560660445082,8.214285714285711e-05
10258.79684157246,1408.1226665754614,851.5943491736233,-7846.6595900419925,0.005101215961324516,24.0,0.06041666666666666,4100.0,0.0005513280689160086,8.57142857142857e-05
10478.735396121352,1367.2979893027175,827.1387787729382,-7814.848869539055,0.005013180973371367,25.0,0.06041666666666666,4100.0,0.000574300071787509,8.928571428571426e-05
10696.196306159349,1328.9348328950923,803.2792085909618,-7786.697006214345,0.004929018203268638,26.0,0.06041666666666666,4100.0,0.0005879396984924622,9.285714285714282e-05
10906.422636485444,1292.1663782269927,781.4523845458076,-7749.694250079294,0.004848093138942639,27.0,0.06041666666666666,4100.0,0.0006105527638190954,9.64285714285714e-05
11110.684389347989,1257.7555373367939,761.2541665508762,-7727.437512633012,0.00477064773950919,28.0,0.06041666666666666,4100.0,0.0006331658291457286,9.999999999999996e-05
11314.962585476875,1224.8336548367326,741.1713811748798,-7722.602198429173,0.004691828294227268,29.0,0.06041666666666666,4100.0,0.0006557788944723617,0.00010357142857142854
11513.93289677374,1193.8213305591282,722.7010844774978,-7701.048980500193,0.004618235499683284,30.0,0.06041666666666666,4100.0,0.0006783919597989948,0.0001071428571428571
0.0,0.0,0.0,-2.628212131370674,0.008769112199379056,0.0,0.10083333333333333,4300.0,0.0,
1689.2529661940036,1247.572049594022,975.5870921252181,-4539.017736168418,0.00844205713729179,1.0,0.10083333333333333,4300.0,2.8356066044508252e-05,3.57142857142857e-06
2678.132790632645,1787.2907525755575,1347.6784046742716,-6749.73102588865,0.008121334975763832,2.0,0.10083333333333333,4250.0,5.4558506819813346e-05,7.14285714285714e-06
3383.1489551666723,2046.0965613359608,1492.5635829239345,-7917.120468242079,0.007881752647994842,3.0,0.10083333333333333,4250.0,7.968413496051686e-05,1.0714285714285712e-05
3945.185429572796,2168.949817612548,1537.779595846698,-8544.171118663071,0.0076620733172867,4.0,0.10083333333333333,4250.0,0.00010480976310122038,1.428571428571428e-05
4425.2366068158035,2218.285492677658,1533.956616197382,-8869.147085925222,0.007457829260985173,5.0,0.10083333333333333,4250.0,0.00012921751615218953,1.7857142857142852e-05
4852.344590152827,2224.687920758496,1506.0838096437908,-9016.246573262295,0.007226511275981871,6.0,0.10083333333333333,4200.0,0.00015290739411342425,2.1428571428571425e-05
5242.815196839048,2205.014270334199,1466.2611203744646,-9056.47583727861,0.007049317384713245,7.0,0.10083333333333333,4200.0,0.00017587939698492463,2.499999999999999e-05
5606.841062373292,2169.3018827755977,1419.970728575992,-9033.312096290836,0.006881985092891226,8.0,0.10083333333333333,4200.0,0.00019813352476669057,2.857142857142856e-05
5950.848248265393,2123.7568527562603,1371.20036506837,-8971.896939611514,0.006723093165691943,9.0,0.10083333333333333,4200.0,0.0002229002153625269,3.214285714285714e-05
6276.997762824515,2071.73306995464,1323.255416430639,-8890.224931923454,0.0065717959287944164,10.0,0.10083333333333333,4200.0,0.0002440775305096913,3.5714285714285703e-05
6589.277529481317,2016.5345782459822,1275.4230728960665,-8793.228347681332,0.006428979664855691,11.0,0.10083333333333333,4200.0,0.0002684852835606604,3.928571428571427e-05
6890.167460105884,1959.4539154362433,1229.0887059363947,-8692.662765389636,0.006260583027071574,12.0,0.10083333333333333,4150.0,0.0002885857860732233,4.285714285714285e-05
7179.941969197539,1901.9782246103448,1184.975406119658,-8598.342105375916,0.006131251525415303,13.0,0.10083333333333333,4150.0,0.00031263460157932515,4.642857142857141e-05
7460.140155995008,1844.577166758469,1142.9063339416784,-8495.199056982245,0.0060082398203363755,14.0,0.10083333333333333,4150.0,0.0003366834170854272,4.999999999999998e-05
7733.88589477342,1788.1272076304124,1101.6588526093385,-8411.955469098873,0.005887505168667064,15.0,0.10083333333333333,4150.0,0.0003553481694185211,5.357142857142855e-05
7998.080774601692,1733.0047099239507,1063.6049679712817,-8321.754278594504,0.005774214287485364,16.0,0.10083333333333333,4150.0,0.0003790380473797559,5.714285714285712e-05
8256.719164947215,1679.482961980609,1026.2407152594394,-8249.170574804499,0.005663926800971054,17.0,0.10083333333333333,4150.0,0.00040272792534099065,6.0714285714285694e-05
8508.676240407043,1627.4057887415292,991.5782984123493,-8179.830871361693,0.005557456118332811,18.0,0.10083333333333333,4150.0,0.00041995692749461597,6.428571428571427e-05
8752.437894249651,1577.481087314609,959.1079791688592,-8110.740174144914,0.005457717568337211,19.0,0.10083333333333333,4150.0,0.00044328786791098353,6.785714285714283e-05
8991.635363016105,1528.9229060848736,928.3193702533893,-8058.145570510496,0.005358670742437614,20.0,0.10083333333333333,4150.0,0.0004666188083273511,7.142857142857141e-05
9225.868162296892,1482.798647094596,897.9357871416624,-8007.955641526074,0.005264831334805261,21.0,0.10083333333333333,4150.0,0.00048241206030150754,7.499999999999998e-05
9454.653951819027,1438.1568652760718,870.0919376348406,-7970.092770447089,0.005172612628550028,22.0,0.10083333333333333,4150.0,0.0005053840631730078,7.857142857142854e-05
9679.12714624952,1395.6397714350626,843.5104819348591,-7929.310903811478,0.005085056191855939,23.0,0.10083333333333333,4150.0,0.0005283560660445082,8.214285714285711e-05
9898.444492822122,1354.765873143695,818.4686553896738,-7899.348927443352,0.0049795914463624255,24.0,0.10083333333333333,4100.0,0.0005513280689160086,8.57142857142857e-05
10113.876620219791,1315.7164599314206,794.9942965560405,-7881.683083155818,0.0048968301332648016,25.0,0.10083333333333333,4100.0,0.000574300071787509,8.928571428571426e-05
10326.909143463605,1278.9689856957425,772.1151499431456,-7865.984893239089,0.004817630310731859,26.0,0.10083333333333333,4100.0,0.0005879396984924622,9.285714285714282e-05
10533.007457356613,1243.706904481317,751.192767751808,-7842.1278247082155,0.004741387125566436,27.0,0.10083333333333333,4100.0,0.0006105527638190954,9.64285714285714e-05
10733.301546920206,1210.6704781498797,731.7810535842553,-7832.1257493577505,0.004668350134538385,28.0,0.10083333333333333,4100.0,0.0006331658291457286,9.999999999999996e-05
10933.723712430157,1179.0683670547405,712.5266120542153,-7837.965453845041,0.004593974304533009,29.0,0.10083333333333333,4100.0,0.0006557788944723617,0.00010357142857142854
11128.982914224778,1149.282090060433,694.8231498463788,-7827.914585113824,0.004524447805200681,30.0,0.10083333333333333,4100.0,0.0006783919597989948,0.0001071428571428571
0.0,0.0,0.0,-2.628212131370674,0.008331459676055747,0.0,0.14125,4300.0,0.0,
1605.328123230265,1185.0957596869284,926.5674809894613,-4324.113981407936,0.008037041391562551,1.0,0.14125,4300.0,2.8356066044508252e-05,3.57142857142857e-06
2546.8939591746644,1698.4875178225548,1280.4228325020208,-6444.0382173386315,0.007744622480236421,2.0,0.14125,4250.0,5.4558506819813346e-05,7.14285714285714e-06
3220.218753388061,1945.6955883437047,1418.9862086919454,-7575.228447518079,0.007527773958270737,3.0,0.14125,4250.0,7.968413496051686e-05,1.0714285714285712e-05
3758.5764028348863,2063.9809692552303,1463.0126169343878,-8193.629191934582,0.007328467737382386,4.0,0.14125,4250.0,0.00010480976310122038,1.428571428571428e-05
4219.594479834956,2112.4315598033895,1460.4402568564628,-8524.902013764411,0.007142751421658614,5.0,0.14125,4250.0,0.00012921751615218953,1.7857142857142852e-05
4630.661720011636,2119.998073957109,1434.904850301662,-8686.621159945062,0.006929568751522425,6.0,0.14125,4200.0,0.00015290739411342425,2.1428571428571425e-05
5007.153066392556,2102.649041347025,1397.9137641740322,-8746.397530830567,0.006767813276538304,7.0,0.14125,4200.0,0.00017587939698492463,2.499999999999999e-05
5358.686802489177,2069.894655683068,1354.6065313335416,-8745.31462692513,0.006614766760814128,8.0,0.14125,4200.0,0.00019813352476669057,2.857142857142856e-05
5691.3399730592755,2027.6413504167224,1308.8530051497576,-8707.200505342065,0.006469174301942415,9.0,0.14125,4200.0,0.0002229002153625269,3.214285714285714e-05
6007.105257660385,1979.1131942554061,1263.8153237851534,-8649.173085075192,0.006330294337044356,10.0,0.14125,4200.0,0.0002440775305096913,3.5714285714285703e-05
6309.734168143228,1927.388816065093,1218.7561068355221,-8576.139217474432,0.00619898824882814,11.0,0.14125,4200.0,0.0002684852835606604,3.928571428571427e-05
6601.611603605492,1873.76010478772,1175.050403113802,-8498.69013335921,0.00607272661931464,12.0,0.14125,4200.0,0.0002885857860732233,4.285714285714285e-05
6882.928461029982,1819.6908172854883,1133.3796739125291,-8427.01608348659,0.005952182312508292,13.0,0.14125,4200.0,0.00031263460157932515,4.642857142857141e-05
7155.177558324006,1765.5553899181111,1093.5710348288067,-8345.710424977246,0.005809098597198201,14.0,0.14125,4150.0,0.0003366834170854272,4.999999999999998e-05
7421.365466684501,1712.2463024347592,1054.5144685817017,-8283.207339222827,0.005697424505838236,15.0,0.14125,4150.0,0.0003553481694185211,5.357142857142855e-05
7678.41379014479,1660.1128360451232,1018.4262863301659,-8213.713104712755,0.005592503907900382,16.0,0.14125,4150.0,0.0003790380473797559,5.714285714285712e-05
7930.220816510799,1609.4413014383952,982.9711881564886,-8160.665860878493,0.005490203793283284,17.0,0.14125,4150.0,0.00040272792534099065,6.0714285714285694e-05
8175.6933534913005,1560.0870943565926,950.0356914446465,-8109.764904859054,0.005391339541451001,18.0,0.14125,4150.0,0.00041995692749461597,6.428571428571427e-05
8413.271395027235,1512.717978527708,919.1535751273747,-8058.666909594533,0.005298578133859779,19.0,0.14125,4150.0,0.00044328786791098353,6.785714285714283e-05
8646.591989798677,1466.6138235368148,889.8857573408569,-8022.562173660743,0.005206359636601595,20.0,0.14125,4150.0,0.0004666188083273511,7.142857142857141e-05
8875.117286892162,1422.7790291995527,860.9230209739782,-7989.078023940325,0.0051188973256058555,21.0,0.14125,4150.0,0.00048241206030150754,7.499999999999998e-05
9098.495811521465,1380.319689427032,834.4245878883755,-7966.840898202448,0.005032820122113101,22.0,0.14125,4150.0,0.0005053840631730078,7.857142857142854e-05
9317.734422181511,1339.8114605231199,809.059566090545,-7940.409710781816,0.004951017523809209,23.0,0.14125,4150.0,0.0005283560660445082,8.214285714285711e-05
9532.057877101073,1300.8649594024573,785.064553089011,-7924.802523809041,0.00487128780734959,24.0,0.14125,4150.0,0.0005513280689160086,8.57142857142857e-05
9742.677299449515,1263.6029492820674,762.5906660493605,-7920.732301402488,0.00479303732472219,25.0,0.14125,4150.0,0.000574300071787509,8.928571428571426e-05
9950.982609909,1228.4796598643147,740.7030133171315,-7917.082694102362,0.004699345309374517,26.0,0.14125,4100.0,0.0005879396984924622,9.285714285714282e-05
10152.667523964083,1194.742045315137,720.6674970145997,-7906.076008476281,0.004627811842506181,27.0,0.14125,4100.0,0.0006105527638190954,9.64285714285714e-05
10348.704944105792,1163.0863060315671,702.0774585095128,-7908.059194677735,0.0045592158895736016,28.0,0.14125,4100.0,0.0006331658291457286,9.999999999999996e-05
10544.986636075506,1132.8153728460557,683.6604967850142,-7924.3499659206645,0.004489320058928211,29.0,0.14125,4100.0,0.0006557788944723617,0.00010357142857142854
10736.259383048086,1104.267329035779,666.7208531961588,-7925.613932433749,0.004423903827363403,30.0,0.14125,4100.0,0.0006783919597989948,0.0001071428571428571
0.0,0.0,0.0,-2.628212131370674,0.007898558205400056,0.0,0.18166666666666664,4300.0,0.0,
1522.2561917193561,1123.300692156014,878.0972799564353,-4110.309462825011,0.007634655599070597,1.0,0.18166666666666664,4300.0,2.8356066044508252e-05,3.57142857142857e-06
2416.781579701848,1610.559368921339,1213.8561209652657,-6138.444542798163,0.007415288239914419,2.0,0.18166666666666664,4300.0,5.4558506819813346e-05,7.14285714285714e-06
3058.3808303306246,1846.1430960604062,1346.0535016396868,-7231.611616200571,0.007173567683142534,3.0,0.18166666666666664,4250.0,7.968413496051686e-05,1.0714285714285712e-05
3572.86853216564,1959.7288022833304,1388.785515588613,-7839.325079976581,0.0069935516072344795,4.0,0.18166666666666664,4250.0,0.00010480976310122038,1.428571428571428e-05
4014.576067454695,2007.1397615821163,1387.3447227782244,-8174.803317373226,0.006825441964220659,5.0,0.18166666666666664,4250.0,0.00012921751615218953,1.7857142857142852e-05
4409.276771760408,2015.7100908069092,1364.049632377283,-8349.157731871688,0.006667925636543607,6.0,0.18166666666666664,4250.0,0.00015290739411342425,2.1428571428571425e-05
4771.435366876391,2000.5332100588614,1329.7649550204248,-8426.430433480702,0.006482674932862273,7.0,0.18166666666666664,4200.0,0.00017587939698492463,2.499999999999999e-05
5110.108745981006,1970.6148060825608,1289.3706625050124,-8445.562133004809,0.0063433354808094256,8.0,0.18166666666666664,4200.0,0.00019813352476669057,2.857142857142856e-05
5431.027438185311,1931.51975169426,1246.542518853193,-8428.999835477836,0.006210542936696373,9.0,0.18166666666666664,4200.0,0.0002229002153625269,3.214285714285714e-05
5736.026356064652,1886.380099186047,1204.3532198301382,-8392.987354826124,0.006083648638773671,10.0,0.18166666666666664,4200.0,0.0002440775305096913,3.5714285714285703e-05
6028.623094988261,1838.0389351540673,1162.0044914016598,-8342.383546492063,0.005963482919962023,11.0,0.18166666666666664,4200.0,0.0002684852835606604,3.928571428571427e-05
6311.10608586096,1787.8305975728815,1120.8756242417276,-8286.713021404634,0.005847744749965878,12.0,0.18166666666666664,4200.0,0.0002885857860732233,4.285714285714285e-05
6583.587527677257,1737.054906993429,1081.6111541079424,-8236.134911752306,0.005737072047462027,13.0,0.18166666666666664,4200.0,0.00031263460157932515,4.642857142857141e-05
6847.510068338319,1686.1283896805792,1044.053193060502,-8175.727710314284,0.005631518838302068,14.0,0.18166666666666664,4200.0,0.0003366834170854272,4.999999999999998e-05
7105.7628987867965,1635.9220337669556,1007.1400672773829,-8132.764487942266,0.005500867402658727,15.0,0.18166666666666664,4150.0,0.0003553481694185211,5.357142857142855e-05
7355.3005853987015,1586.7683216656696,973.0164013747316,-8082.93864428447,0.005404148577234186,16.0,0.18166666666666664,4150.0,0.0003790380473797559,5.714285714285712e-05
7599.912598377705,1538.933953862292,939.4361334092499,-8048.472892538244,0.005309697316642669,17.0,0.18166666666666664,4150.0,0.00040272792534099065,6.0714285714285694e-05
7838.538663032594,1492.2751507984992,908.2280813356699,-8015.1342801986975,0.005218321512955245,18.0,0.18166666666666664,4150.0,0.00041995692749461597,6.428571428571427e-05
8069.588308073811,1447.4449258861648,878.9660938650989,-7981.2488478267915,0.005132447811962721,19.0,0.18166666666666664,4150.0,0.00044328786791098353,6.785714285714283e-05
8296.68205963249,1403.7686398923051,851.2018084399074,-7960.9284694890375,0.005046983162804458,20.0,0.18166666666666664,4150.0,0.0004666188083273511,7.142857142857141e-05
8519.158626730105,1362.200146588458,823.6357121249881,-7943.437430682017,0.004965840621267368,21.0,0.18166666666666664,4150.0,0.00048241206030150754,7.499999999999998e-05
8736.789737704157,1321.896736691229,798.4896089964154,-7936.20694244191,0.004885865566247104,22.0,0.18166666666666664,4150.0,0.0005053840631730078,7.857142857142854e-05
8950.469535032236,1283.4264140891842,774.3133706327058,-7923.611266460954,0.0048097881606882125,23.0,0.18166666666666664,4150.0,0.0005283560660445082,8.214285714285711e-05
9159.467077503889,1246.393507649521,751.4050780997811,-7921.961198685378,0.004735545797889163,24.0,0.18166666666666664,4150.0,0.0005513280689160086,8.57142857142857e-05
9364.953536055747,1210.9322969905784,729.9440352665093,-7931.138248467818,0.004662603534736496,25.0,0.18166666666666664,4150.0,0.000574300071787509,8.928571428571426e-05
9568.221527755959,1177.445334911135,709.0437105542572,-7939.2193206488155,0.00459303872249912,26.0,0.18166666666666664,4150.0,0.0005879396984924622,9.285714285714282e-05
9765.182022756184,1145.2499585717953,689.919905315162,-7940.562855916418,0.0045255564405897895,27.0,0.18166666666666664,4150.0,0.0006105527638190954,9.64285714285714e-05
9956.66620799364,1114.985467855575,672.137224009543,-7954.063207014551,0.0044607822608912365,28.0,0.18166666666666664,4150.0,0.0006331658291457286,9.999999999999996e-05
10148.503210720864,1086.0531819319099,654.5368597744721,-7980.419290141886,0.004377560693423029,29.0,0.18166666666666664,4100.0,0.0006557788944723617,0.00010357142857142854
10335.497010955916,1058.7557799955025,638.3902829960471,-7992.7384933301,0.0043162882599853914,30.0,0.18166666666666664,4100.0,0.0006783919597989948,0.0001071428571428571
0.0,0.0,0.0,-2.628212131370674,0.007470292436249868,0.0,0.2220833333333333,4300.0,0.0,
1440.0220975610753,1062.1764532197033,830.169081537545,-3897.5941392025343,0.007234862995023493,1.0,0.2220833333333333,4300.0,2.8356066044508252e-05,3.57142857142857e-06
2287.777903346044,1523.4933011596343,1147.9691111234536,-5833.008334967191,0.0070386147252412415,2.0,0.2220833333333333,4300.0,5.4558506819813346e-05,7.14285714285714e-06
2897.6218541096746,1747.4219543575596,1273.7618215456703,-6886.340254662879,0.006819168280281799,3.0,0.2220833333333333,4250.0,7.968413496051686e-05,1.0714285714285712e-05
3388.0546778732814,1856.2031252909048,1315.0977797039009,-7481.359544661194,0.006657373117494829,4.0,0.2220833333333333,4250.0,0.00010480976310122038,1.428571428571428e-05
3810.180233179166,1902.4091660798647,1314.6683417999234,-7818.968387326873,0.006505953505799629,5.0,0.2220833333333333,4250.0,0.00012921751615218953,1.7857142857142852e-05
4188.192734980592,1911.826789721736,1293.4976455760698,-8004.001645312521,0.006363784981535191,6.0,0.2220833333333333,4250.0,0.00015290739411342425,2.1428571428571425e-05
4535.666094732247,1898.67395948028,1261.8173864050048,-8096.684622119406,0.006193945545515045,7.0,0.2220833333333333,4200.0,0.00017587939698492463,2.499999999999999e-05
4861.112702481716,1871.456626593377,1224.2515505694134,-8134.142253696824,0.00606772326802463,8.0,0.2220833333333333,4200.0,0.00019813352476669057,2.857142857142856e-05
5169.912831865886,1835.3977124649773,1184.3099047661328,-8137.350459768975,0.005947216354822109,9.0,0.2220833333333333,4200.0,0.0002229002153625269,3.214285714285714e-05
5463.75780456275,1793.5388813638608,1144.871300819447,-8121.680738301591,0.0058318600625234815,10.0,0.2220833333333333,4200.0,0.0002440775305096913,3.5714285714285703e-05
5745.936089833903,1748.490360493815,1105.185400167854,-8091.924631685026,0.005722447104526392,11.0,0.2220833333333333,4200.0,0.0002684852835606604,3.928571428571427e-05
6018.6334807665235,1701.621268229153,1066.5707914992583,-8056.579740717534,0.0056168945559224815,12.0,0.2220833333333333,4200.0,0.0002885857860732233,4.285714285714285e-05
6281.894062075288,1654.07049774152,1029.6675152427513,-8025.727502568516,0.0055158013472594615,13.0,0.2220833333333333,4200.0,0.00031263460157932515,4.642857142857141e-05
6537.1073395540925,1606.3166729286124,994.3388244082836,-7985.1304725043665,0.005419239636986403,14.0,0.2220833333333333,4200.0,0.0003366834170854272,4.999999999999998e-05
6787.03837282027,1559.1857915022551,959.5345888571292,-7960.547337251977,0.005324253920751372,15.0,0.2220833333333333,4200.0,0.0003553481694185211,5.357142857142855e-05
7028.686629422132,1512.945020478988,927.3749806680594,-7929.120753838928,0.0052344789710363415,16.0,0.2220833333333333,4200.0,0.0003790380473797559,5.714285714285712e-05
7265.726964048941,1467.895093174988,895.6565733410168,-7912.1504494110195,0.005122277190650132,17.0,0.2220833333333333,4150.0,0.00040272792534099065,6.0714285714285694e-05
7497.1334344670295,1423.9059867894666,866.1662610267911,-7895.422898942314,0.0050382519444636545,18.0,0.2220833333333333,4150.0,0.00041995692749461597,6.428571428571427e-05
7721.292010005721,1381.5917377816063,838.4999370579866,-7877.890412066525,0.004959158167356394,19.0,0.2220833333333333,4150.0,0.00044328786791098353,6.785714285714283e-05
7941.7943385002145,1340.339147587388,812.2386976769798,-7872.569144001616,0.004880354586888053,20.0,0.2220833333333333,4150.0,0.0004666188083273511,7.142857142857141e-05
8157.871036128765,1301.0368441049338,786.0822835122156,-7870.278992771673,0.004805456978090081,21.0,0.2220833333333333,4150.0,0.00048241206030150754,7.499999999999998e-05
8369.403552844486,1262.9061284181075,762.2825866040414,-7877.355558165204,0.004731526873786243,22.0,0.2220833333333333,4150.0,0.0005053840631730078,7.857142857142854e-05
8577.177770051589,1226.45856012842,739.2890840793391,-7877.99896203581,0.004661130557496732,23.0,0.2220833333333333,4150.0,0.0005283560660445082,8.214285714285711e-05
8780.510936900888,1191.3369496912046,717.4780531065478,-7889.697048070375,0.004592345904750445,24.0,0.2220833333333333,4150.0,0.0005513280689160086,8.57142857142857e-05
8980.524740634275,1157.686126188369,697.0254636237255,-7911.548753922441,0.004524694318295053,25.0,0.2220833333333333,4150.0,0.000574300071787509,8.928571428571426e-05
9178.42402041695,1125.8494627872672,677.1263108061372,-7930.938442244398,0.004460111700122627,26.0,0.2220833333333333,4150.0,0.0005879396984924622,9.285714285714282e-05
9370.334842312106,1095.2130755363073,658.9060169681742,-7944.322402618076,0.004397382498683934,27.0,0.2220833333333333,4150.0,0.0006105527638190954,9.64285714285714e-05
9556.952135516474,1066.3649373929986,641.9455758160435,-7969.050199226658,0.004337105915174535,28.0,0.2220833333333333,4150.0,0.0006331658291457286,9.999999999999996e-05
9744.026633453384,1038.7672852756493,625.1926487932852,-8005.164583206606,0.004275991464213644,29.0,0.2220833333333333,4150.0,0.0006557788944723617,0.00010357142857142854
9926.431953834675,1012.7288038268939,609.8117733993216,-8028.0756688158435,0.004218318826240677,30.0,0.2220833333333333,4150.0,0.0006783919597989948,0.0001071428571428571
0.0,0.0,0.0,-2.628212131370674,0.007046551486701917,0.0,0.2625,4300.0,0.0,
1358.6060459934047,1001.7067620331264,782.7693185328353,-3685.9579573859955,0.006837627624716791,1.0,0.2625,4300.0,2.8356066044508252e-05,3.57142857142857e-06
2159.865018168739,1437.2752232889054,1082.7488606649117,-5527.686445225147,0.006662997162552785,2.0,0.2625,4300.0,5.4558506819813346e-05,7.14285714285714e-06
2737.9307299477205,1649.5248965909273,1202.1018530882393,-6539.482053104861,0.006464609098409907,3.0,0.2625,4250.0,7.968413496051686e-05,1.0714285714285712e-05
3204.1290677299644,1753.3839262582242,1241.9509817067142,-7119.830578211928,0.006319979469034464,4.0,0.2625,4250.0,0.00010480976310122038,1.428571428571428e-05
3606.4057191275547,1798.2493944955752,1242.4130448692956,-7457.512372903351,0.006184338003306811,5.0,0.2625,4250.0,0.00012921751615218953,1.7857142857142852e-05
3967.411557035662,1808.3536793298704,1223.2526979224344,-7651.177155894984,0.00605672695934244,6.0,0.2625,4250.0,0.00015290739411342425,2.1428571428571425e-05
4299.850942823417,1797.0782121775003,1194.0751447027665,-7757.4526003002175,0.005935746008401806,7.0,0.2625,4250.0,0.00017587939698492463,2.499999999999999e-05
4611.69990823378,1772.4246561472908,1159.2464293479022,-7811.142647230226,0.005787962886194613,8.0,0.2625,4200.0,0.00019813352476669057,2.857142857142856e-05
4908.000214464326,1739.3013406528264,1122.1159355524662,-7832.308266998152,0.005679213592012994,9.0,0.2625,4200.0,0.0002229002153625269,3.214285714285714e-05
5190.296451584192,1700.5942423223444,1085.3555007606883,-7835.267871142103,0.005574931322929088,10.0,0.2625,4200.0,0.0002440775305096913,3.5714285714285703e-05
5461.665016671104,1658.7860189699334,1048.2771513028324,-7824.72769946749,0.005475865944281617,11.0,0.2625,4200.0,0.0002684852835606604,3.928571428571427e-05
5724.182202981982,1615.1351157614977,1012.153954365389,-7808.199591129036,0.005380142202741212,12.0,0.2625,4200.0,0.0002885857860732233,4.285714285714285e-05
5977.827003037508,1570.7468269110395,977.5486884693725,-7795.642521622431,0.005288316912048523,13.0,0.2625,4200.0,0.00031263460157932515,4.642857142857141e-05
6223.934127056526,1526.1279634234445,944.4161900084324,-7773.523198384901,0.005200476896985742,14.0,0.2625,4200.0,0.0003366834170854272,4.999999999999998e-05
6465.147171571404,1481.9897147259462,911.7001470664183,-7766.14750636903,0.005113944138780207,15.0,0.2625,4200.0,0.0003553481694185211,5.357142857142855e-05
6698.516338865059,1438.6207651817545,881.4994200103331,-7752.099665318747,0.005032049861568969,16.0,0.2625,4200.0,0.0003790380473797559,5.714285714285712e-05
6927.596517564829,1396.3397337010163,851.6362675380975,-7751.093837585104,0.004952004567766434,17.0,0.2625,4200.0,0.00040272792534099065,6.0714285714285694e-05
7151.398818910342,1355.0078713791731,823.8420023418846,-7750.175800616802,0.004874422382160295,18.0,0.2625,4200.0,0.00041995692749461597,6.428571428571427e-05
7368.291433791862,1315.1998148172147,797.7381108538639,-7747.986889936474,0.0047785395514805245,19.0,0.2625,4150.0,0.00044328786791098353,6.785714285714283e-05
7581.82423427948,1276.3502030699565,772.9918804753729,-7756.795722011331,0.004706285884255876,20.0,0.2625,4150.0,0.0004666188083273511,7.142857142857141e-05
7791.1296900511115,1239.300062214033,748.2501787751479,-7768.8341616064135,0.004637538621536277,21.0,0.2625,4150.0,0.00048241206030150754,7.499999999999998e-05
7996.193957295303,1203.3150925983548,725.7589904318271,-7789.429905234458,0.004569578369353926,22.0,0.2625,4150.0,0.0005053840631730078,7.857142857142854e-05
8197.703047279352,1168.884408782528,703.978881153713,-7802.632187931609,0.004504802025933357,23.0,0.2625,4150.0,0.0005283560660445082,8.214285714285711e-05
8395.012149540724,1135.690950106189,683.2599960890208,-7826.982212009767,0.0044414297038762795,24.0,0.2625,4150.0,0.0005513280689160086,8.57142857142857e-05
8589.199470996495,1103.8470239912936,663.8306797286659,-7860.8499920720715,0.004379033667450626,25.0,0.2625,4150.0,0.000574300071787509,8.928571428571426e-05
8781.396564246927,1073.674638087224,644.9406549550249,-7891.007486324415,0.0043194075245455345,26.0,0.2625,4150.0,0.0005879396984924622,9.285714285714282e-05
8967.902707661968,1044.6100036445137,627.624591565189,-7915.897707217497,0.004261419275514255,27.0,0.2625,4150.0,0.0006105527638190954,9.64285714285714e-05
9149.319737447931,1017.1934294119915,611.4914096044251,-7951.3475659145915,0.004205637313960053,28.0,0.2625,4150.0,0.0006331658291457286,9.999999999999996e-05
9331.292897353822,990.9432026564417,595.5840186370988,-7996.807816734246,0.0041490469915388874,29.0,0.2625,4150.0,0.0006557788944723617,0.00010357142857142854
9508.788548433096,966.1665225322412,580.9778112448655,-8030.016846144921,0.004095576451877956,30.0,0.2625,4150.0,0.0006783919597989948,0.0001071428571428571
0.0,0.0,0.0,-2.628212131370674,0.006627228684539537,0.0,0.30291666666666667,4300.0,0.0,
1277.9931756726246,941.8801298951089,735.8891053824509,-3475.390883011998,0.006442914303007517,1.0,0.30291666666666667,4300.0,2.8356066044508252e-05,3.57142857142857e-06
2033.0254809724743,1351.891265004392,1018.188217582392,-5222.505044279569,0.006288442515370934,2.0,0.30291666666666667,4300.0,5.4558506819813346e-05,7.14285714285714e-06
2579.2949093164784,1552.442542202503,1131.0710069873803,-6191.102497693821,0.006109922240397172,3.0,0.30291666666666667,4250.0,7.968413496051686e-05,1.0714285714285712e-05
3021.0872889396105,1651.2725244551827,1169.3437540680304,-6754.833524814545,0.005981416689739099,4.0,0.30291666666666667,4250.0,0.00010480976310122038,1.428571428571428e-05
3403.2526260761233,1694.6642266476838,1170.5796046753662,-7090.5478301555195,0.005860646641868265,5.0,0.30291666666666667,4250.0,0.00012921751615218953,1.7857142857142852e-05
3746.93691741824,1705.2947838262235,1153.3173250071673,-7290.800766615939,0.0057468013320998235,6.0,0.30291666666666667,4250.0,0.00015290739411342425,2.1428571428571425e-05
4063.9950637738816,1695.7519932948712,1126.5414536744522,-7408.68421642996,0.005638668246144348,7.0,0.30291666666666667,4250.0,0.00017587939698492463,2.499999999999999e-05
4361.8755897151195,1673.52604118825,1094.370167510539,-7476.807201004369,0.005535641646347595,8.0,0.30291666666666667,4250.0,0.00019813352476669057,2.857142857142856e-05
4645.291432181967,1643.235198200468,1059.9592117924956,-7513.930358705482,0.005406554996777608,9.0,0.30291666666666667,4200.0,0.0002229002153625269,3.214285714285714e-05
4915.646004100378,1607.5553001858952,1025.8101779496683,-7533.764943769238,0.005312867238833366,10.0,0.30291666666666667,4200.0,0.0002440775305096913,3.5714285714285703e-05
5175.803203345774,1568.8932949541227,991.2814761866379,-7540.760201292876,0.005223726700855485,11.0,0.30291666666666667,4200.0,0.0002684852835606604,3.928571428571427e-05
5427.7353411718805,1528.3737689432103,957.6000602168298,-7541.484412843049,0.005137456022485864,12.0,0.30291666666666667,4200.0,0.0002885857860732233,4.285714285714285e-05
5671.364195744416,1487.1188523403687,925.2767777103785,-7545.731041291641,0.0050545673990295015,13.0,0.30291666666666667,4200.0,0.00031263460157932515,4.642857142857141e-05
5907.961292024022,1445.5314433919798,894.2855572696435,-7540.688245421385,0.004975159162099699,14.0,0.30291666666666667,4200.0,0.0003366834170854272,4.999999999999998e-05
6140.049802636213,1404.3358182863524,863.6661603828949,-7549.198049173894,0.004896817759404265,15.0,0.30291666666666667,4200.0,0.0003553481694185211,5.357142857142855e-05
6364.740801405716,1363.8335812605362,835.3631752280271,-7551.265855735357,0.0048225774472533504,16.0,0.30291666666666667,4200.0,0.0003790380473797559,5.714285714285712e-05
6585.459466820687,1324.279635229744,807.3423718250348,-7564.979654462943,0.0047499030678101765,17.0,0.30291666666666667,4200.0,0.00040272792534099065,6.0714285714285694e-05
6801.256021858854,1285.5571060901723,781.2252675925963,-7579.076006114607,0.004679385322866252,18.0,0.30291666666666667,4200.0,0.00041995692749461597,6.428571428571427e-05
7010.498206935603,1248.2201296257153,756.7112969493336,-7591.192585840836,0.004612653347121687,19.0,0.30291666666666667,4200.0,0.00044328786791098353,6.785714285714283e-05
7216.660875015791,1211.7553663071074,733.4505028164325,-7613.037789301925,0.0045463406868843596,20.0,0.30291666666666667,4200.0,0.0004666188083273511,7.142857142857141e-05
7418.813419325129,1176.944721468333,710.113930215265,-7638.318705759673,0.0044618754157829035,21.0,0.30291666666666667,4150.0,0.00048241206030150754,7.499999999999998e-05
7617.031001170854,1143.107825195988,688.9358091341516,-7671.553324085136,0.004399790863694044,22.0,0.30291666666666667,4150.0,0.0005053840631730078,7.857142857142854e-05
7811.886741890324,1110.703754181737,668.3750181227434,-7696.547173644722,0.004340555063703626,23.0,0.30291666666666667,4150.0,0.0005283560660445082,8.214285714285711e-05
8002.797123116874,1079.4345458392374,648.7649065226518,-7732.761287579837,0.004282531649230806,24.0,0.30291666666666667,4150.0,0.0005513280689160086,8.57142857142857e-05
8190.787443413548,1049.3970088332985,630.3623898016451,-7777.898429621455,0.004225337596146933,25.0,0.30291666666666667,4150.0,0.000574300071787509,8.928571428571426e-05
8376.913934154467,1020.9002693200666,612.4762395516759,-7818.191899125486,0.004170626436957205,26.0,0.30291666666666667,4150.0,0.0005879396984924622,9.285714285714282e-05
8557.653580608128,993.4216626472305,596.0877433424521,-7853.962846455477,0.0041173508749360625,27.0,0.30291666666666667,4150.0,0.0006105527638190954,9.64285714285714e-05
8733.51858631251,967.4519100788849,580.77729279939,-7899.5386429618375,0.004066045785513705,28.0,0.30291666666666667,4150.0,0.0006331658291457286,9.999999999999996e-05
8910.032333382345,942.5676254428631,565.7068431515443,-7953.805713993803,0.004013965991858212,29.0,0.30291666666666667,4150.0,0.0006557788944723617,0.00010357142857142854
9082.27679998866,919.0663444081684,551.8870334264029,-7996.804659857866,0.003964693445641774,30.0,0.30291666666666667,4150.0,0.0006783919597989948,0.0001071428571428571
0.0,0.0,0.0,-2.628212131370674,0.006212221346887208,0.0,0.3433333333333333,4300.0,0.0,
1198.1670823941358,882.6833541518758,689.5159614815841,-3265.8829100345683,0.006050688595374046,1.0,0.3433333333333333,4300.0,2.8356066044508252e-05,3.57142857142857e-06
1907.2432160168764,1267.3313588385688,954.2756748959797,-4917.488905888284,0.005914957165042467,2.0,0.3433333333333333,4300.0,5.4558506819813346e-05,7.14285714285714e-06
2421.70396222735,1456.167166085552,1060.6612110487242,-5841.264597462301,0.005755138781983968,3.0,0.3433333333333333,4250.0,7.968413496051686e-05,1.0714285714285712e-05
2838.923451564014,1549.8624594975524,1097.2689142163822,-6386.461197280398,0.005641729788706958,4.0,0.3433333333333333,4250.0,0.00010480976310122038,1.428571428571428e-05
3200.721429157501,1591.6420629430957,1099.1690952723327,-6718.185376865404,0.005534930061452591,5.0,0.3433333333333333,4250.0,0.00012921751615218953,1.7857142857142852e-05
3526.774068052552,1602.6663955121687,1083.6954245652396,-6922.987222877782,0.005434057733741814,6.0,0.3433333333333333,4250.0,0.00015290739411342425,2.1428571428571425e-05
3828.103913261324,1594.7000181302997,1059.2194634980738,-7050.472039383167,0.005338069419446872,7.0,0.3433333333333333,4250.0,0.00017587939698492463,2.499999999999999e-05
4111.648164283984,1574.7705266868074,1029.6269019178296,-7131.139172875279,0.005246448144974765,8.0,0.3433333333333333,4250.0,0.00019813352476669057,2.857142857142856e-05
4381.790554162037,1547.1873592544064,997.8432522021202,-7182.448089040663,0.0051585594381657225,9.0,0.3433333333333333,4250.0,0.0002229002153625269,3.214285714285714e-05
4639.8054364010095,1514.4274240647471,966.2368826436674,-7217.190813174719,0.005045674142579707,10.0,0.3433333333333333,4200.0,0.0002440775305096913,3.5714285714285703e-05
4888.347271972843,1478.8159273746742,934.2022375210759,-7239.992504467809,0.004966018708215296,11.0,0.3433333333333333,4200.0,0.0002684852835606604,3.928571428571427e-05
5129.2854602076195,1441.3580988958051,902.9117921629067,-7256.350200993627,0.0048888063719410915,12.0,0.3433333333333333,4200.0,0.0002885857860732233,4.285714285714285e-05
5362.486259924659,1403.1481079261948,872.837332362481,-7275.847189573738,0.004814503663878254,13.0,0.3433333333333333,4200.0,0.00031263460157932515,4.642857142857141e-05
5589.162130046791,1364.5300120545646,843.9416905773259,-7286.410635108798,0.004743216773261275,14.0,0.3433333333333333,4200.0,0.0003366834170854272,4.999999999999998e-05
5811.706137548175,1326.2690735035453,815.4083109025933,-7309.410924023425,0.004672783841921079,15.0,0.3433333333333333,4200.0,0.0003553481694185211,5.357142857142855e-05
6027.3037650547585,1288.549841054392,788.9667644250721,-7326.253545721425,0.004605949942646179,16.0,0.3433333333333333,4200.0,0.0003790380473797559,5.714285714285712e-05
6239.246960993342,1251.6709969477045,762.7772751053895,-7353.4517175589135,0.004540426462542251,17.0,0.3433333333333333,4200.0,0.00040272792534099065,6.0714285714285694e-05
6446.625636301643,1215.5456708048157,738.337017373256,-7381.330441210164,0.0044767749785287045,18.0,0.3433333333333333,4200.0,0.00041995692749461597,6.428571428571427e-05
6647.811781418035,1180.6758370996688,715.3889206566951,-7406.715579531097,0.004416443249022579,19.0,0.3433333333333333,4200.0,0.00044328786791098353,6.785714285714283e-05
6846.197219191188,1146.5832094731493,693.6231809531788,-7440.702688524558,0.004356427181147675,20.0,0.3433333333333333,4200.0,0.0004666188083273511,7.142857142857141e-05
7040.795477364257,1113.9987896296598,671.7055743490981,-7478.303092859969,0.00429894166270584,21.0,0.3433333333333333,4200.0,0.00048241206030150754,7.499999999999998e-05
7231.764344335392,1082.2966150354569,651.7888598736004,-7522.612937366939,0.0042420982402696684,22.0,0.3433333333333333,4200.0,0.0005053840631730078,7.857142857142854e-05
7419.572360141843,1051.9014117089478,632.4542928461252,-7558.86852929712,0.004187817462458774,23.0,0.3433333333333333,4200.0,0.0005283560660445082,8.214285714285711e-05
7603.688727838085,1022.5462186248749,613.9648681946901,-7605.955286995828,0.0041153798357255016,24.0,0.3433333333333333,4150.0,0.0005513280689160086,8.57142857142857e-05
7785.089761786335,994.3203131220224,596.6027107822648,-7661.515048365756,0.004063315949537293,25.0,0.3433333333333333,4150.0,0.000574300071787509,8.928571428571426e-05
7964.760195035109,967.5085639266953,579.726507132329,-7711.2189466105265,0.004013460541997558,26.0,0.3433333333333333,4150.0,0.0005879396984924622,9.285714285714282e-05
8139.350729076917,941.6321155132481,564.2653197135768,-7757.147223700813,0.003964852163678047,27.0,0.3433333333333333,4150.0,0.0006105527638190954,9.64285714285714e-05
8309.292885418048,917.1315403038082,549.7988536605284,-7812.155222319605,0.003917989924865804,28.0,0.3433333333333333,4150.0,0.0006331658291457286,9.999999999999996e-05
8479.969068688632,893.6112159788712,535.5755909917883,-7874.601979814775,0.0038703888779392033,29.0,0.3433333333333333,4150.0,0.0006557788944723617,0.00010357142857142854
8646.592927616664,871.3972394677807,522.5347429089234,-7926.783437680198,0.0038252950563816127,30.0,0.3433333333333333,4150.0,0.0006783919597989948,0.0001071428571428571
0.0,0.0,0.0,-2.628212131370674,0.005801430571791282,0.0,0.38375,4300.0,0.0,
1119.111966648639,824.1038210451438,643.6413967097757,-3057.4240745873685,0.00566091679723617,1.0,0.38375,4300.0,2.8356066044508252e-05,3.57142857142857e-06
1782.5023015480626,1183.5862219668031,891.0031418333324,-4612.6615753823135,0.005542546892459487,2.0,0.38375,4300.0,5.4558506819813346e-05,7.14285714285714e-06
2265.146624565936,1360.6931587715937,990.8688648777745,-5490.1213953128245,0.005434419157564742,3.0,0.38375,4300.0,7.968413496051686e-05,1.0714285714285712e-05
2657.633240759278,1449.1555250267852,1025.7246731303708,-6014.804036147711,0.0053009629003320435,4.0,0.38375,4250.0,0.00010480976310122038,1.428571428571428e-05
2998.8135994901463,1489.1880368187346,1028.181116755563,-6340.53328174007,0.005207238271004531,5.0,0.38375,4250.0,0.00012921751615218953,1.7857142857142852e-05
3306.9273540851077,1500.4722449160352,1014.3893783701233,-6547.85010605173,0.005118545746812817,6.0,0.38375,4250.0,0.00015290739411342425,2.1428571428571425e-05
3592.1845329780595,1493.931368171379,992.1131752771385,-6682.922903109975,0.005033993538367293,7.0,0.38375,4250.0,0.00017587939698492463,2.499999999999999e-05
3861.022666720316,1476.1638557570302,965.0078054245988,-6774.167468925574,0.004953143697246847,8.0,0.38375,4250.0,0.00019813352476669057,2.857142857142856e-05
4117.505902931956,1451.168826402632,935.7728604967023,-6837.821680715373,0.004875454604535482,9.0,0.38375,4250.0,0.0002229002153625269,3.214285714285714e-05
4362.777812664757,1421.2493748208794,906.6408427156998,-6885.797726720681,0.004800611925266335,10.0,0.38375,4250.0,0.0002440775305096913,3.5714285714285703e-05
4599.294708446853,1388.559329970762,877.0397907156678,-6922.451192500397,0.0047290135436594515,11.0,0.38375,4250.0,0.0002684852835606604,3.928571428571427e-05
4828.821052036129,1354.1070574934254,848.0875484295093,-6952.7161036037,0.004634166168942922,12.0,0.38375,4200.0,0.0002885857860732233,4.285714285714285e-05
5051.175218912324,1318.8380358091954,820.2211766197378,-6985.8489545222255,0.004568078957832939,13.0,0.38375,4200.0,0.00031263460157932515,4.642857142857141e-05
5267.507531355241,1283.1635853457487,793.4122208584249,-7010.480159242994,0.0045045821470404675,14.0,0.38375,4200.0,0.0003366834170854272,4.999999999999998e-05
5480.075867819489,1247.741275492291,766.9102471659456,-7046.500736350019,0.004441753508298395,15.0,0.38375,4200.0,0.0003553481694185211,5.357142857142855e-05
5686.160937906764,1212.7592801528551,742.3413486305001,-7076.697817739972,0.004382057272460159,16.0,0.38375,4200.0,0.0003790380473797559,5.714285714285712e-05
5888.899206197047,1178.5551021910592,717.9435006164481,-7116.06300557105,0.004323442175310425,17.0,0.38375,4200.0,0.00040272792534099065,6.0714285714285694e-05
6087.4297359439925,1144.9836849596943,695.1788399980634,-7156.405132074149,0.00426643677641912,18.0,0.38375,4200.0,0.00041995692749461597,6.428571428571427e-05
6280.140161311715,1112.5321012319444,673.7667567613341,-7193.848632071436,0.004212318118000043,19.0,0.38375,4200.0,0.00044328786791098353,6.785714285714283e-05
6470.322194519716,1080.7796110581007,653.479009916008,-7238.8459937852385,0.004158424269233445,20.0,0.38375,4200.0,0.0004666188083273511,7.142857142857141e-05
6656.948606634352,1050.4145300827738,632.9669689980554,-7287.629501111936,0.004106740959385044,21.0,0.38375,4200.0,0.00048241206030150754,7.499999999999998e-05
6840.2493529712965,1020.8390816720236,614.3479417241676,-7341.839852206744,0.004055560908160148,22.0,0.38375,4200.0,0.0005053840631730078,7.857142857142854e-05
7020.59316330834,992.4501684142632,596.2344744971618,-7388.773726567364,0.004006638825532428,23.0,0.38375,4200.0,0.0005283560660445082,8.214285714285711e-05
7197.504905745941,965.0105551934655,578.8700798715734,-7445.856436811795,0.0039584827082917344,24.0,0.38375,4200.0,0.0005513280689160086,8.57142857142857e-05
7371.912083905225,938.600876546385,562.5331874267764,-7510.21312009151,0.003911044307993719,25.0,0.38375,4200.0,0.000574300071787509,8.928571428571426e-05
7544.7141757283725,913.4803455752184,546.6972317867934,-7568.940158076213,0.003865576915630124,26.0,0.38375,4200.0,0.0005879396984924622,9.285714285714282e-05
7712.751055565687,889.2167494792749,532.1551992287534,-7624.077241849598,0.003821074099413235,27.0,0.38375,4200.0,0.0006105527638190954,9.64285714285714e-05
7876.379012922739,866.2019772786152,518.5308943625579,-7687.6830799140225,0.0037611161982249413,28.0,0.38375,4150.0,0.0006331658291457286,9.999999999999996e-05
8040.82556164276,844.0702531888251,505.15626071156015,-7757.582517234965,0.003717944247696538,29.0,0.38375,4150.0,0.0006557788944723617,0.00010357142857142854
8201.426982119969,823.136608029079,492.8931107353562,-7818.232021403128,0.0036769931032765587,30.0,0.38375,4150.0,0.0006783919597989948,0.0001071428571428571
0.0,0.0,0.0,-2.628212131370674,0.005394761022132862,0.0,0.42416666666666664,4300.0,0.0,
1040.8141125247005,766.1308423437415,598.257143274773,-2850.004482094213,0.0052735659025343485,1.0,0.42416666666666664,4300.0,2.8356066044508252e-05,3.57142857142857e-06
1658.7882827864182,1100.6411506235129,828.3633217331096,-4308.045531003052,0.005171216883777787,2.0,0.42416666666666664,4300.0,5.4558506819813346e-05,7.14285714285714e-06
2109.612920201325,1266.011740971215,921.6877499225361,-5137.691436012086,0.005077516368824999,3.0,0.42416666666666664,4300.0,7.968413496051686e-05,1.0714285714285712e-05
2477.2130623314188,1349.1465853627235,954.707625390622,-5639.950098328205,0.004959159184296407,4.0,0.42416666666666664,4250.0,0.00010480976310122038,1.428571428571428e-05
2797.530555204998,1387.3026574912287,957.6183136200262,-5957.698222396277,0.004877620630561977,5.0,0.42416666666666664,4250.0,0.00012921751615218953,1.7857142857142852e-05
3087.401879608663,1398.7067503410408,945.402133229129,-6165.502061007523,0.004800314671003609,6.0,0.42416666666666664,4250.0,0.00015290739411342425,2.1428571428571425e-05
3356.246548546684,1393.4714464537549,925.2288835683595,-6306.1431470028765,0.004726485194955174,7.0,0.42416666666666664,4250.0,0.00017587939698492463,2.499999999999999e-05
3610.0075008051795,1377.7161758428388,900.5178030898815,-6405.9815022354305,0.0046557638609192745,8.0,0.42416666666666664,4250.0,0.00019813352476669057,2.857142857142856e-05
3852.4420360286717,1355.18680749874,873.7506097857209,-6480.051203678217,0.004587692286604247,9.0,0.42416666666666664,4250.0,0.0002229002153625269,3.214285714285714e-05
4084.566840122051,1328.0036524578793,847.0263054548759,-6539.415603680762,0.004522005499292624,10.0,0.42416666666666664,4250.0,0.0002440775305096913,3.5714285714285703e-05
4308.646940279175,1298.134235395223,819.8002818143154,-6588.284840277534,0.004459067475640327,11.0,0.42416666666666664,4250.0,0.0002684852835606604,3.928571428571427e-05
4526.336044240503,1266.5991124596612,793.1340142219888,-6630.67227592854,0.004398059834256292,12.0,0.42416666666666664,4250.0,0.0002885857860732233,4.285714285714285e-05
4737.414728548373,1234.2025284600838,767.4338383701154,-6675.609100154114,0.0043391924960065635,13.0,0.42416666666666664,4250.0,0.00031263460157932515,4.642857142857141e-05
4942.971185696419,1201.4045979905907,742.6765334562857,-6712.690043054165,0.004259190496957628,14.0,0.42416666666666664,4200.0,0.0003366834170854272,4.999999999999998e-05
5145.125292921291,1168.7557540123385,718.1718780425597,-6760.185810557843,0.004203640257639214,15.0,0.42416666666666664,4200.0,0.0003553481694185211,5.357142857142855e-05
5341.259198004672,1136.5055013045173,695.4588167763872,-6802.237081932602,0.00415079094526568,16.0,0.42416666666666664,4200.0,0.0003790380473797559,5.714285714285712e-05
5534.352477572617,1104.8962757143888,672.8443902243099,-6852.36742978658,0.004098819210462068,17.0,0.42416666666666664,4200.0,0.00040272792534099065,6.0714285714285694e-05
5723.592278133706,1073.8382375628878,651.7140580615363,-6903.764828855863,0.004048217099927833,18.0,0.42416666666666664,4200.0,0.00041995692749461597,6.428571428571427e-05
5907.390457456508,1043.8061298853265,631.8464128090126,-6951.962194010841,0.004000101718015483,19.0,0.42416666666666664,4200.0,0.00044328786791098353,6.785714285714283e-05
6088.927373158912,1014.3843153292634,613.0169509652101,-7006.744142794916,0.003952132835879039,20.0,0.42416666666666664,4200.0,0.0004666188083273511,7.142857142857141e-05
6267.147443932827,986.2024771396617,593.9071831434627,-7065.467614786976,0.0039060763919161554,21.0,0.42416666666666664,4200.0,0.00048241206030150754,7.499999999999998e-05
6442.339510316877,958.7349607846231,576.5622523788834,-7128.459829101048,0.003860403120330815,22.0,0.42416666666666664,4200.0,0.0005053840631730078,7.857142857142854e-05
6614.785747989893,932.3425723794386,559.6747720941119,-7184.957682288812,0.003816699475997656,23.0,0.42416666666666664,4200.0,0.0005283560660445082,8.214285714285711e-05
6784.060377382298,906.8156163189201,543.4450835155192,-7250.963744534056,0.0037736230058195946,24.0,0.42416666666666664,4200.0,0.0005513280689160086,8.57142857142857e-05
6951.041223121716,882.2286153681501,528.1598005700271,-7322.954231618787,0.0037311409261284938,25.0,0.42416666666666664,4200.0,0.000574300071787509,8.928571428571426e-05
7116.546963237552,858.7963197070409,513.3605452532245,-7390.133795405476,0.003690380557004703,26.0,0.42416666666666664,4200.0,0.0005879396984924622,9.285714285714282e-05
7277.604562702855,836.1527353601191,499.7509120242101,-7453.668767888426,0.003650434627328352,27.0,0.42416666666666664,4200.0,0.0006105527638190954,9.64285714285714e-05
7434.503755775328,814.6359773372144,486.96771373219485,-7524.942619403962,0.0036118349592560066,28.0,0.42416666666666664,4200.0,0.0006331658291457286,9.999999999999996e-05
7592.296626620773,793.9101035639419,474.44493433627935,-7601.350481884467,0.0035728243185420105,29.0,0.42416666666666664,4200.0,0.0006557788944723617,0.00010357142857142854
7746.4608246530615,774.277011644523,462.93522455314195,-7669.529883803778,0.0035355455958303987,30.0,0.42416666666666664,4200.0,0.0006783919597989948,0.0001071428571428571
0.0,0.0,0.0,-2.628212131370674,0.004992120802317674,0.0,0.4645833333333333,4300.0,0.0,
963.2572067717596,708.7505117666975,553.3521185843073,-2643.614288723089,0.004888603607707826,1.0,0.4645833333333333,4300.0,2.8356066044508252e-05,3.57142857142857e-06
1536.0858654047574,1018.4840802951061,766.3449292353957,-4003.6620510111024,0.004800971854760364,2.0,0.4645833333333333,4300.0,5.4558506819813346e-05,7.14285714285714e-06
1955.0928049439099,1172.1175330195106,853.1122220872851,-4783.982292421169,0.004720570985741492,3.0,0.4645833333333333,4300.0,7.968413496051686e-05,1.0714285714285712e-05
2297.6585334397123,1249.8373131467959,884.2182150249103,-5262.004304245282,0.004645432770820885,4.0,0.4645833333333333,4300.0,0.00010480976310122038,1.428571428571428e-05
2596.8744374790276,1285.9904549002458,887.4827652508714,-5569.78471231318,0.00454612608343614,5.0,0.4645833333333333,4250.0,0.00012921751615218953,1.7857142857142852e-05
2868.2037145087247,1297.3738431263612,876.737189090998,-5776.054116794316,0.004479414022428801,6.0,0.4645833333333333,4250.0,0.00015290739411342425,2.1428571428571425e-05
3120.2968209550445,1293.3169740400022,858.5696759712276,-5920.239443881037,0.004415589374668787,7.0,0.4645833333333333,4250.0,0.00017587939698492463,2.499999999999999e-05
3358.614090744316,1279.4393256410135,836.1641919428399,-6026.672110956009,0.004354345170535697,8.0,0.4645833333333333,4250.0,0.00019813352476669057,2.857142857142856e-05
3586.6077843571106,1259.2527778055853,811.7846896155303,-6109.200769878633,0.004295297304567873,9.0,0.4645833333333333,4250.0,0.0002229002153625269,3.214285714285714e-05
3805.177380890126,1234.693696789225,787.3977753403229,-6178.048290533981,0.004238224302921479,10.0,0.4645833333333333,4250.0,0.0002440775305096913,3.5714285714285703e-05
4016.4017684922787,1207.5721721945085,762.495182009746,-6237.262443050095,0.004183454551672204,11.0,0.4645833333333333,4250.0,0.0002684852835606604,3.928571428571427e-05
4221.8233041535195,1178.8400427719366,738.0597747196708,-6290.111004336155,0.00413028395956546,12.0,0.4645833333333333,4250.0,0.0002885857860732233,4.285714285714285e-05
4421.18923499227,1149.2731147798256,714.4745859423234,-6345.282917673932,0.00407889888739707,13.0,0.4645833333333333,4250.0,0.00031263460157932515,4.642857142857141e-05
4615.527711070003,1119.2469857199478,691.7311513360052,-6393.014043853516,0.004029236131902323,14.0,0.4645833333333333,4250.0,0.0003366834170854272,4.999999999999998e-05
4806.81726548685,1089.3515643899982,669.2166193167571,-6450.22456426108,0.0039801412206611035,15.0,0.4645833333333333,4250.0,0.0003553481694185211,5.357142857142855e-05
4992.550924518679,1059.7440884253244,648.3054226386984,-6502.51535991038,0.0039120446650523525,16.0,0.4645833333333333,4200.0,0.0003790380473797559,5.714285714285712e-05
5175.545544017869,1030.6990242684578,627.4608501332915,-6561.921361960107,0.0038664285667870213,17.0,0.4645833333333333,4200.0,0.00040272792534099065,6.0714285714285694e-05
5355.037911338242,1002.1447992481858,607.9552908289083,-6622.874602862801,0.003821963765379476,18.0,0.4645833333333333,4200.0,0.00041995692749461597,6.428571428571427e-05
5529.4723341150275,974.4701758838149,589.6217509893252,-6680.42755250755,0.00377961806468832,19.0,0.4645833333333333,4200.0,0.00044328786791098353,6.785714285714283e-05
5701.906712089284,947.3436284457545,572.224713404873,-6743.668462604452,0.0037373537109935185,20.0,0.4645833333333333,4200.0,0.0004666188083273511,7.142857142857141e-05
5871.268041082453,921.3472676558392,554.5044468092435,-6810.987023483205,0.0036967255840344125,21.0,0.4645833333333333,4200.0,0.00048241206030150754,7.499999999999998e-05
6037.8896769180365,895.9801718992194,538.4604506999549,-6881.537948772704,0.0036563787179390928,22.0,0.4645833333333333,4200.0,0.0005053840631730078,7.857142857142854e-05
6201.985421152428,871.5774052037946,522.801305495329,-6946.378120277463,0.003617730025112197,23.0,0.4645833333333333,4200.0,0.0005283560660445082,8.214285714285711e-05
6363.168984147014,847.9545934609218,507.7136344811122,-7020.10616895881,0.0035795858171663764,24.0,0.4645833333333333,4200.0,0.0005513280689160086,8.57142857142857e-05
6522.268346570398,825.1784659988979,493.47131692355964,-7098.632583605147,0.003541925518863764,25.0,0.4645833333333333,4200.0,0.000574300071787509,8.928571428571426e-05
6680.025920052964,803.4389000925403,479.70765974040927,-7173.147041684766,0.0035057532422544755,26.0,0.4645833333333333,4200.0,0.0005879396984924622,9.285714285714282e-05
6833.656770701075,782.4210683911231,467.0440849272513,-7244.03193233499,0.0034702575945658835,27.0,0.4645833333333333,4200.0,0.0006105527638190954,9.64285714285714e-05
6983.390676972863,762.412102570324,455.1161995630756,-7322.02509811303,0.0034359172639293676,28.0,0.4645833333333333,4200.0,0.0006331658291457286,9.999999999999996e-05
7134.080229559747,743.1105393317579,443.4388687084518,-7404.112455447103,0.003401188920060837,29.0,0.4645833333333333,4200.0,0.0006557788944723617,0.00010357142857142854
7281.367004081403,724.7816558214365,432.6791561285131,-7478.990329118031,0.003367956821531196,30.0,0.4645833333333333,4200.0,0.0006783919597989948,0.0001071428571428571
0.0,0.0,0.0,-2.628212131370674,0.004593421270132004,0.0,0.505,4300.0,0.0,
886.4300833147098,651.9544989001926,508.9188636516246,-2438.2437070687156,0.004505998290899911,1.0,0.505,4300.0,2.8356066044508252e-05,3.57142857142857e-06
1414.3799456908903,937.1049537824448,704.9417912799123,-3699.5313465080762,0.004431816041152637,2.0,0.505,4300.0,5.4558506819813346e-05,7.14285714285714e-06
1801.5764189920847,1079.0045869692115,785.1397958893162,-4429.0490440789,0.004363610519678006,3.0,0.505,4300.0,7.968413496051686e-05,1.0714285714285712e-05
2118.9661703759493,1151.222884144358,814.2556687609384,-4881.180557159452,0.004299742491730507,4.0,0.505,4300.0,0.00010480976310122038,1.428571428571428e-05
2396.846592073346,1185.2540030898776,817.7762872133792,-5176.8957430481605,0.004212802910088363,5.0,0.505,4250.0,0.00012921751615218953,1.7857142857142852e-05
2649.3402096689756,1196.4829135521688,808.398657874984,-5379.617128641592,0.004155892999232509,6.0,0.505,4250.0,0.00015290739411342425,2.1428571428571425e-05
2884.3446652656785,1193.4679825650298,792.1541337687295,-5525.318689830805,0.004101351594348656,7.0,0.505,4250.0,0.00017587939698492463,2.499999999999999e-05
3106.8504286484817,1181.3645649656132,771.9504349760168,-5636.33111344841,0.0040489254662086135,8.0,0.505,4250.0,0.00019813352476669057,2.857142857142856e-05
3320.012161966881,1163.3774699176179,749.8804539649603,-5725.336885756369,0.003998296265023778,9.0,0.505,4250.0,0.0002229002153625269,3.214285714285714e-05
3524.6179532372175,1141.3318925995707,727.7722489202154,-5801.7269569218115,0.003949280843385047,10.0,0.505,4250.0,0.0002440775305096913,3.5714285714285703e-05
3722.563670755389,1116.8691069999034,705.1345331063139,-5869.369486096759,0.0039021711520519464,11.0,0.505,4250.0,0.0002684852835606604,3.928571428571427e-05
3915.2808676462023,1090.8402756524786,682.8810850749529,-5930.845666815658,0.0038563679993881923,12.0,0.505,4250.0,0.0002885857860732233,4.285714285714285e-05
4102.491211325514,1064.023696946112,661.3694274318809,-5994.457035665109,0.0038120349305957022,13.0,0.505,4250.0,0.00031263460157932515,4.642857142857141e-05
4285.157492790102,1036.7167285194244,640.5963693652811,-6051.234761922329,0.0037691255356702463,14.0,0.505,4250.0,0.0003366834170854272,4.999999999999998e-05
4465.120529208459,1009.498228069318,620.032546743724,-6116.616392725831,0.003726645916302001,15.0,0.505,4250.0,0.0003553481694185211,5.357142857142855e-05
4639.993537477512,982.4855394792261,600.8794131874926,-6177.4292598939355,0.0036859837761825205,16.0,0.505,4250.0,0.0003790380473797559,5.714285714285712e-05
4812.4205712256735,955.9778440079535,581.8028225986891,-6244.409757235117,0.0036460424240279173,17.0,0.505,4250.0,0.00040272792534099065,6.0714285714285694e-05
4981.694094551562,929.8563845471962,563.9137910393373,-6313.201128610126,0.003606918275216499,18.0,0.505,4250.0,0.00041995692749461597,6.428571428571427e-05
5146.296182589284,904.5371386987679,547.0881831907203,-6378.613487649411,0.0035506928752277256,19.0,0.505,4200.0,0.00044328786791098353,6.785714285714283e-05
5309.15032868343,879.688286841883,531.0865409260568,-6448.887281663512,0.00351388825516623,20.0,0.505,4200.0,0.0004666188083273511,7.142857142857141e-05
5469.181635363527,855.8305874909581,514.7744224173098,-6523.3490627348365,0.0034784662402974,21.0,0.505,4200.0,0.00048241206030150754,7.499999999999998e-05
5626.755542989536,832.5471444023,500.0147079595479,-6600.1333808249765,0.003443239437404799,22.0,0.505,4200.0,0.0005053840631730078,7.857142857142854e-05
5782.025169542226,810.1254736713819,485.5813411167186,-6671.977075487746,0.003409458678911817,23.0,0.505,4200.0,0.0005283560660445082,8.214285714285711e-05
5934.646054514176,788.4017702153291,471.6332406554324,-6752.109154616497,0.003376074918877372,24.0,0.505,4200.0,0.0005513280689160086,8.57142857142857e-05
6085.381434945303,767.4343382923415,458.4657636760403,-6835.956049484383,0.003343078159820692,25.0,0.505,4200.0,0.000574300071787509,8.928571428571426e-05
6234.917621134888,747.3900820037167,445.7442565414386,-6916.572765199155,0.0033113500048525136,26.0,0.505,4200.0,0.0005879396984924622,9.285714285714282e-05
6380.649647176344,728.0016403231546,434.02161475911777,-6993.6316173948,0.00328017512706069,27.0,0.505,4200.0,0.0006105527638190954,9.64285714285714e-05
6522.759561049108,709.5139078817864,422.95213071189477,-7077.195625114546,0.0032499787169017465,28.0,0.505,4200.0,0.0006331658291457286,9.999999999999996e-05
6665.8663070183065,691.6513418775662,412.1120600492351,-7163.892695172792,0.0032194208824792947,29.0,0.505,4200.0,0.0006557788944723617,0.00010357142857142854
6805.807701253288,674.650449286506,402.11297626500055,-7244.389585897843,0.0031901401096311,30.0,0.505,4200.0,0.0006783919597989948,0.0001071428571428571
0.0,0.0,0.0,-2.628212131370674,0.00419857686892924,0.0,0.5454166666666667,4300.0,0.0,
810.3162358156153,595.7295355877012,464.946451801708,-2233.883020895897,0.004125718986215193,1.0,0.5454166666666667,4300.0,2.8356066044508252e-05,3.57142857142857e-06
1293.6567767280897,856.4934872204313,644.1430665776237,-3395.6727032778363,0.0040637532039910235,2.0,0.5454166666666667,4300.0,5.4558506819813346e-05,7.14285714285714e-06
1649.0548904241805,986.6645191239445,717.7629393662739,-4072.944770951952,0.004006661696582103,3.0,0.5454166666666667,4300.0,7.968413496051686e-05,1.0714285714285712e-05
1941.1334081162836,1053.3058713983758,744.8170088320617,-4497.415703111852,0.003953096652888155,4.0,0.5454166666666667,4300.0,0.00010480976310122038,1.428571428571428e-05
2197.44964387315,1085.094795558094,748.5009625579296,-4779.227705122947,0.003902204897916832,5.0,0.5454166666666667,4300.0,0.00012921751615218953,1.7857142857142852e-05
2430.818954584511,1096.0413816231585,740.3916617455593,-4976.300750166636,0.0038298009629234024,6.0,0.5454166666666667,4250.0,0.00015290739411342425,2.1428571428571425e-05
2648.4018848397795,1093.9347880485964,725.9750849603778,-5121.488000373145,0.003783817973218546,7.0,0.5454166666666667,4250.0,0.00017587939698492463,2.499999999999999e-05
2854.7295116459172,1083.4791946725354,707.8830877876208,-5235.05157499051,0.003739543722600152,8.0,0.5454166666666667,4250.0,0.00019813352476669057,2.857142857142856e-05
3052.6658566251626,1067.5817992537568,688.0440172261516,-5328.528893438073,0.003696717458101845,9.0,0.5454166666666667,4250.0,0.0002229002153625269,3.214285714285714e-05
3242.8957315307093,1047.9292703199455,668.1499594691151,-5410.486857208416,0.0036551898770050863,10.0,0.5454166666666667,4250.0,0.0002440775305096913,3.5714285714285703e-05
3427.136515235591,1026.0243186014047,647.7062069514642,-5484.596653796791,0.003615216290965994,11.0,0.5454166666666667,4250.0,0.0002684852835606604,3.928571428571427e-05
3606.7074974963343,1002.640060567131,627.5822558693376,-5552.815325456526,0.003576293085876221,12.0,0.5454166666666667,4250.0,0.0002885857860732233,4.285714285714285e-05
3781.31043567263,978.4609093004641,608.1227471444444,-5623.01115729085,0.0035385621449089922,13.0,0.5454166666666667,4250.0,0.00031263460157932515,4.642857142857141e-05
3951.8432700828816,953.8261667172764,589.2729191596723,-5687.019288551317,0.003501989840335533,14.0,0.5454166666666667,4250.0,0.0003366834170854272,4.999999999999998e-05
4120.004633461767,929.1984877799326,570.6159353556798,-5758.801307098482,0.0034657327341219234,15.0,0.5454166666666667,4250.0,0.0003553481694185211,5.357142857142855e-05
4283.543482949689,904.7566193290381,553.2307179511012,-5826.495286980484,0.003430980635289854,16.0,0.5454166666666667,4250.0,0.0003790380473797559,5.714285714285712e-05
4444.921677065405,880.7038013937866,535.851688476304,-5899.52226420003,0.003396793949476043,17.0,0.5454166666666667,4250.0,0.00040272792534099065,6.0714285714285694e-05
4603.4870173708805,857.0129506855461,519.5535810464568,-5974.5981042632775,0.0033632677631908296,18.0,0.5454166666666667,4250.0,0.00041995692749461597,6.428571428571427e-05
4757.772400905803,833.988739982079,504.2287450750511,-6046.164275138995,0.0033312351081651527,19.0,0.5454166666666667,4250.0,0.00044328786791098353,6.785714285714283e-05
4910.552792652198,811.3842109780113,489.6251156605036,-6121.832237116512,0.003299348055217176,20.0,0.5454166666666667,4250.0,0.0004666188083273511,7.142857142857141e-05
5060.763228448784,789.6698813201992,474.71305384299546,-6201.768777635938,0.003268484312683574,21.0,0.5454166666666667,4250.0,0.00048241206030150754,7.499999999999998e-05
5208.791932982284,768.4397058037565,461.22197502807944,-6283.293873824237,0.0032207369128471434,22.0,0.5454166666666667,4200.0,0.0005053840631730078,7.857142857142854e-05
5354.738350839051,747.9761390848372,448.012095920219,-6360.685044835089,0.0031916118098379255,23.0,0.5454166666666667,4200.0,0.0005283560660445082,8.214285714285711e-05
5498.297621351991,728.1434456409662,435.21174915651477,-6445.779811728695,0.003162791359413715,24.0,0.5454166666666667,4200.0,0.0005513280689160086,8.57142857142857e-05
5640.169729486648,708.9808288573106,423.1161349191653,-6533.6163567709955,0.003134273211559442,25.0,0.5454166666666667,4200.0,0.000574300071787509,8.928571428571426e-05
5780.9852839889945,690.6322838685455,411.4489088338292,-6618.972749621702,0.003106820531534227,26.0,0.5454166666666667,4200.0,0.0005879396984924622,9.285714285714282e-05
5918.31988657724,672.8749828391162,400.67887460715406,-6700.896703147628,0.0030798119233204067,27.0,0.5454166666666667,4200.0,0.0006105527638190954,9.64285714285714e-05
6052.316867417736,655.9151311136454,390.45093760344326,-6788.7507104244505,0.00305361942323111,28.0,0.5454166666666667,4200.0,0.0006331658291457286,9.999999999999996e-05
6187.336429792768,639.4984349240403,380.45849172607575,-6878.8568703383135,0.0030270959878995257,29.0,0.5454166666666667,4200.0,0.0006557788944723617,0.00010357142857142854
6319.439055881652,623.8452883556596,371.23659065781715,-6963.764734912773,0.0030016454037309938,30.0,0.5454166666666667,4200.0,0.0006783919597989948,0.0001071428571428571
0.0,0.0,0.0,-2.628212131370674,0.0038075049797774195,0.0,0.5858333333333333,4300.0,0.0,
734.9056265875442,540.0682392031403,421.43007045186596,-2030.522592136258,0.0037477353657928026,1.0,0.5858333333333333,4300.0,2.8356066044508252e-05,3.57142857142857e-06
1173.9025362907573,776.6383862370043,583.94328466826,-3092.1045186082774,0.003696786656128566,2.0,0.5858333333333333,4300.0,5.4558506819813346e-05,7.14285714285714e-06
1497.5188045506961,895.0938219343411,650.9802294858123,-3715.721009026078,0.0036497503907224073,3.0,0.5858333333333333,4300.0,7.968413496051686e-05,1.0714285714285712e-05
1764.1570312508782,956.081775052048,675.9018594402186,-4110.789351809064,0.0036055352400702267,4.0,0.5858333333333333,4300.0,0.00010480976310122038,1.428571428571428e-05
1998.6867020854086,985.5189057866046,679.6613452135772,-4376.883084926652,0.003563449930325917,5.0,0.5858333333333333,4300.0,0.00012921751615218953,1.7857142857142852e-05
2212.646670838263,996.0544384446217,672.7196040729912,-4566.292405971173,0.00352322862454526,6.0,0.5858333333333333,4300.0,0.00015290739411342425,2.1428571428571425e-05
2412.4787677641093,994.7277504797777,660.0359877802463,-4708.854595203251,0.0034630351558193255,7.0,0.5858333333333333,4250.0,0.00017587939698492463,2.499999999999999e-05
2602.264217457485,985.7941640060343,643.969762716527,-4822.928711994275,0.0034262399076074096,8.0,0.5858333333333333,4250.0,0.00019813352476669057,2.857142857142856e-05
2784.582605295577,971.8848201326895,626.2952546293333,-4918.849250679734,0.003390590908756305,9.0,0.5858333333333333,4250.0,0.0002229002153625269,3.214285714285714e-05
2960.022686202495,954.5004682778414,608.528381029062,-5004.367817474806,0.0033559684413487388,10.0,0.5858333333333333,4250.0,0.0002440775305096913,3.5714285714285703e-05
3130.12675518944,935.0512875776416,590.2189533815516,-5082.940831429092,0.003322591654552591,11.0,0.5858333333333333,4250.0,0.0002684852835606604,3.928571428571427e-05
3296.1027136627044,914.2226301275398,572.186951486705,-5155.965800278529,0.003290043542411901,12.0,0.5858333333333333,4250.0,0.0002885857860732233,4.285714285714285e-05
3457.6413451493972,892.6101954590519,554.7104473445489,-5230.833950800014,0.0032584453507111715,13.0,0.5858333333333333,4250.0,0.00031263460157932515,4.642857142857141e-05
3615.570315481345,870.5585356229042,537.7578811647353,-5300.185862002036,0.0032277732755907535,14.0,0.5858333333333333,4250.0,0.0003366834170854272,4.999999999999998e-05
3771.4457157168345,848.4904081967326,520.9624610499724,-5376.523546944845,0.0031973232118832746,15.0,0.5858333333333333,4250.0,0.0003553481694185211,5.357142857142855e-05
3923.1615570960653,826.5261375081777,505.3098046456136,-5449.271598729276,0.0031680981185902807,16.0,0.5858333333333333,4250.0,0.0003790380473797559,5.714285714285712e-05
4072.9956144018565,804.9172856979717,489.6274615270428,-5526.593673210402,0.0031393063329704513,17.0,0.5858333333333333,4250.0,0.00040272792534099065,6.0714285714285694e-05
4220.349475597984,783.576979166362,474.89430858690326,-5606.171822695214,0.0031110380788399363,18.0,0.5858333333333333,4250.0,0.00041995692749461597,6.428571428571427e-05
4363.817542167113,762.8352242299052,461.0456695230365,-5682.309407899855,0.0030839865546157864,19.0,0.5858333333333333,4250.0,0.00044328786791098353,6.785714285714283e-05
4506.010496220169,742.4426731036394,447.82313744734546,-5761.861230716939,0.0030570284669900393,20.0,0.5858333333333333,4250.0,0.0004666188083273511,7.142857142857141e-05
4645.889978475247,722.8303328612633,434.2904698822263,-5845.722097558297,0.003030903692223467,21.0,0.5858333333333333,4250.0,0.00048241206030150754,7.499999999999998e-05
4783.855239825893,703.6491119819894,422.0839743393608,-5930.446537151503,0.003004982874567015,22.0,0.5858333333333333,4250.0,0.0005053840631730078,7.857142857142854e-05
4919.96000161817,685.1301121415476,410.09904153097125,-6011.710119230382,0.0029799481306544318,23.0,0.5858333333333333,4250.0,0.0005283560660445082,8.214285714285711e-05
5053.935052802912,667.167940719138,398.44182937881214,-6100.099928128009,0.0029551479262946156,24.0,0.5858333333333333,4250.0,0.0005513280689160086,8.57142857142857e-05
5186.420136288332,649.8033859613046,387.4348784120907,-6190.377314640755,0.002930718636343743,25.0,0.5858333333333333,4250.0,0.000574300071787509,8.928571428571426e-05
5317.9890290300955,633.1485797196635,376.8112794416372,-6278.881542753734,0.0028918098323976096,26.0,0.5858333333333333,4200.0,0.0005879396984924622,9.285714285714282e-05
5446.406242019118,617.0210829943253,366.9810227772961,-6364.2253406899545,0.0028687861142437697,27.0,0.5858333333333333,4200.0,0.0006105527638190954,9.64285714285714e-05
5571.766896283633,601.5923371873523,357.6177743041035,-6454.944068170342,0.00284643187006901,28.0,0.5858333333333333,4200.0,0.0006331658291457286,9.999999999999996e-05
5698.1694312540785,586.6385608213851,348.47933324363765,-6547.132749536395,0.002823778631189805,29.0,0.5858333333333333,4200.0,0.0006557788944723617,0.00010357142857142854
5821.911124026782,572.3544157824496,340.03424571524107,-6635.091150368971,0.002802011646428237,30.0,0.5858333333333333,4200.0,0.0006783919597989948,0.0001071428571428571
0.0,0.0,0.0,-2.628212131370674,0.003420125779937456,0.0,0.62625,4300.0,0.0,
660.1827984995059,484.95772008138914,378.35881933989316,-1828.1528639005555,0.00337201772296688,1.0,0.62625,4300.0,2.8356066044508252e-05,3.57142857142857e-06
1055.10540769304,697.531173082542,524.3354844788145,-2788.8442135173464,0.0033309193304851253,2.0,0.62625,4300.0,5.4558506819813346e-05,7.14285714285714e-06
1346.9600080408413,804.2856904511333,584.7844428241715,-3357.4277048324147,0.0032929017016205446,3.0,0.62625,4300.0,7.968413496051686e-05,1.0714285714285712e-05
1588.0344212254374,859.5531303716425,607.5109380398387,-3721.379581827925,0.0032570974726625506,4.0,0.62625,4300.0,0.00010480976310122038,1.428571428571428e-05
1800.5614124349613,886.5285803223258,611.2618411388466,-3969.866789311105,0.0032229568740430813,5.0,0.62625,4300.0,0.00012921751615218953,1.7857142857142852e-05
1994.8317316010925,896.5297667664111,605.3870984186724,-4149.757462674446,0.0031902716750189216,6.0,0.62625,4300.0,0.00015290739411342425,2.1428571428571425e-05
2176.586487479394,895.8567319562097,594.3422755582709,-4287.648307417774,0.0031588004147365006,7.0,0.62625,4300.0,0.00017587939698492463,2.499999999999999e-05
2349.4667534964374,888.3204703630189,580.2159947962269,-4400.05954855329,0.003109055245850902,8.0,0.62625,4250.0,0.00019813352476669057,2.857142857142856e-05
2515.7752806027756,876.2812547173696,564.6289349851222,-4496.373499268964,0.003079948501318391,9.0,0.62625,4250.0,0.0002229002153625269,3.214285714285714e-05
2676.0106745132775,861.08097016363,548.9145037624697,-4583.4143528769855,0.003051635991202449,10.0,0.62625,4250.0,0.0002440775305096913,3.5714285714285703e-05
2831.5445675349565,843.9646617970031,532.6789685555784,-4664.40546952821,0.0030243018095600484,11.0,0.62625,4250.0,0.0002684852835606604,3.928571428571427e-05
2983.4731874303934,825.5991234788913,516.6811332999507,-4740.250245947733,0.0029976070401255767,12.0,0.62625,4250.0,0.0002885857860732233,4.285714285714285e-05
3131.481385390537,806.4909059564296,501.13961458135907,-4817.821637510759,0.0029716531846864917,13.0,0.62625,4250.0,0.00031263460157932515,4.642857142857141e-05
3276.3272843009795,786.9307384012599,486.0408983325117,-4890.56173902248,0.002946423973907964,14.0,0.62625,4250.0,0.0003366834170854272,4.999999999999998e-05
3419.4225356645206,767.3533117100791,471.0865761958461,-4969.537289321917,0.0029213428988580595,15.0,0.62625,4250.0,0.0003553481694185211,5.357142857142855e-05
3558.816576484885,747.8289903712191,457.11545886042575,-5045.42761166054,0.0028972387870054173,16.0,0.62625,4250.0,0.0003790380473797559,5.714285714285712e-05
3696.594706111682,728.5879260349088,443.12157141374433,-5125.203955313213,0.0028734577267337798,17.0,0.62625,4250.0,0.00040272792534099065,6.0714285714285694e-05
3832.21631786903,709.5794097998261,429.9416756539925,-5207.405465940661,0.0028500817409692725,18.0,0.62625,4250.0,0.00041995692749461597,6.428571428571427e-05
3964.350613134676,691.0628404412917,417.52219112180455,-5286.308007616259,0.0028276770556672675,19.0,0.62625,4250.0,0.00044328786791098353,6.785714285714283e-05
4095.427219187516,672.8565272697654,405.68330632185496,-5368.003124446026,0.0028053256500813455,20.0,0.62625,4250.0,0.0004666188083273511,7.142857142857141e-05
4224.442693214288,655.3229547154832,393.54250898542585,-5454.007076110698,0.0027836381573373447,21.0,0.62625,4250.0,0.00048241206030150754,7.499999999999998e-05
4351.803751007943,638.1567948821216,382.5897977364535,-5540.312949287669,0.0027620902136916915,22.0,0.62625,4250.0,0.0005053840631730078,7.857142857142854e-05
4477.5282406884835,621.5733155679477,371.80881093006246,-5623.850695156507,0.002741255381859006,23.0,0.62625,4250.0,0.0005283560660445082,8.214285714285711e-05
4601.372615867142,605.4669423547759,361.3177981772316,-5713.94636866013,0.0027205888092620106,24.0,0.62625,4250.0,0.0005513280689160086,8.57142857142857e-05
4723.919351239305,589.8884922913924,351.39388256497887,-5805.184494615307,0.0027002085973396313,25.0,0.62625,4250.0,0.000574300071787509,8.928571428571426e-05
4845.689941247769,574.9237852868673,341.83098661076474,-5895.30123291527,0.0026804358235859014,26.0,0.62625,4250.0,0.0005879396984924622,9.285714285714282e-05
4964.636196457346,560.4216734059146,332.9138718458245,-5982.385015484913,0.0026609357427321645,27.0,0.62625,4250.0,0.0006105527638190954,9.64285714285714e-05
5080.813701843065,546.5261827085232,324.4326906225122,-6074.31975126567,0.002641979872630595,28.0,0.62625,4250.0,0.0006331658291457286,9.999999999999996e-05
5198.041527298917,533.0481324195956,316.1623757553004,-6167.032825561997,0.0026228819634778176,29.0,0.62625,4250.0,0.0006557788944723617,0.00010357142857142854
5312.86362210429,520.1419976064639,308.49924143847085,-6256.441304293745,0.0026043900975750676,30.0,0.62625,4250.0,0.0006783919597989948,0.0001071428571428571
0.0,0.0,0.0,-2.628212131370674,0.003036362102084642,0.0,0.6666666666666666,4300.0,0.0,
586.1378984180136,430.39060413757085,335.7271283601825,-1626.7643768437556,0.002998536951783652,1.0,0.6666666666666666,4300.0,2.8356066044508252e-05,3.57142857142857e-06
937.2514850291739,619.1621301188525,465.3099572889005,-2485.9083827947616,0.002966153770569004,2.0,0.6666666666666666,4300.0,5.4558506819813346e-05,7.14285714285714e-06
1197.3696748245131,714.2340235889791,519.1738244430941,-2998.1131122190054,0.002936139965213156,3.0,0.6666666666666666,4300.0,7.968413496051686e-05,1.0714285714285712e-05
1412.7637172216791,763.7163590914731,539.6437450992253,-3329.2624065163327,0.0029078218499622123,4.0,0.6666666666666666,4300.0,0.00010480976310122038,1.428571428571428e-05
1603.077696040186,788.1287348691968,543.2985199952496,-3558.2752870157783,0.0028807720945332837,5.0,0.6666666666666666,4300.0,0.00012921751615218953,1.7857142857142852e-05
1777.3840745935386,797.4774263360493,538.399902519161,-3726.6724821269017,0.0028548312775252254,6.0,0.6666666666666666,4300.0,0.00015290739411342425,2.1428571428571425e-05
1940.7397498516686,797.3347626664735,528.9023097697037,-3857.9692553291243,0.0028298131427417477,7.0,0.6666666666666666,4300.0,0.00017587939698492463,2.499999999999999e-05
2096.3552516327763,791.0745388080985,516.6323336156615,-3966.7610132435293,0.0028056155864603356,8.0,0.6666666666666666,4300.0,0.00019813352476669057,2.857142857142856e-05
2246.260929093675,780.7876017327642,503.05156574935256,-4061.2678094617368,0.0027821077577404444,9.0,0.6666666666666666,4300.0,0.0002229002153625269,3.214285714285714e-05
2390.873595608801,767.6623875743653,489.31842814558826,-4147.675866636047,0.002742214446874126,10.0,0.6666666666666666,4250.0,0.0002440775305096913,3.5714285714285703e-05
2531.4003649076894,752.7963738015172,475.10671994005435,-4228.999748948838,0.002720354428311371,11.0,0.6666666666666666,4250.0,0.0002684852835606604,3.928571428571427e-05
2668.8235528445903,736.7817860864781,461.0718434310197,-4305.629759953219,0.0026989747409442533,12.0,0.6666666666666666,4250.0,0.0002885857860732233,4.285714285714285e-05
2802.831758046727,720.0934160147235,447.41479384284315,-4383.879217394948,0.0026781582240932166,13.0,0.6666666666666666,4250.0,0.00031263460157932515,4.642857142857141e-05
2934.1060838354892,702.9779395421597,434.13009778488475,-4457.984228031346,0.0026578942437287373,14.0,0.6666666666666666,4250.0,0.0003366834170854272,4.999999999999998e-05
3063.918213867585,685.7941626096273,420.9772919137292,-4537.60606129784,0.002637721860097592,15.0,0.6666666666666666,4250.0,0.0003553481694185211,5.357142857142855e-05
3190.4785465733403,668.6597676676046,408.6697450623381,-4614.643961267793,0.0026183095642992402,16.0,0.6666666666666666,4250.0,0.0003790380473797559,5.714285714285712e-05
3315.6769283191657,651.7428434243238,396.31635544166164,-4694.946081981281,0.0025991302042678833,17.0,0.6666666666666666,4250.0,0.00040272792534099065,6.0714285714285694e-05
3439.029248014086,635.0034705678502,384.6661953761227,-4777.792717001401,0.0025802552784000747,18.0,0.6666666666666666,4250.0,0.00041995692749461597,6.428571428571427e-05
3559.293639951262,618.6897109187969,373.67342249428634,-4857.547271314877,0.0025621368292611125,19.0,0.6666666666666666,4250.0,0.00044328786791098353,6.785714285714283e-05
3678.704555182845,602.6197884579598,363.19750729182084,-4939.540442254787,0.002544042075236986,20.0,0.6666666666666666,4250.0,0.0004666188083273511,7.142857142857141e-05
3796.3066660802565,587.1440673598214,352.42865557382623,-5025.786213631596,0.0025264627460108244,21.0,0.6666666666666666,4250.0,0.00048241206030150754,7.499999999999998e-05
3912.501940100125,571.9645891643131,342.72485965991063,-5111.881214991787,0.002508972705802546,22.0,0.6666666666666666,4250.0,0.0005053840631730078,7.857142857142854e-05
4027.2804908239727,557.2939044901791,333.16263461233854,-5195.859559182885,0.0024920425309816353,23.0,0.6666666666666666,4250.0,0.0005283560660445082,8.214285714285711e-05
4140.422730841501,543.0356699030527,323.82181644362873,-5285.827454407052,0.002475226909210335,24.0,0.6666666666666666,4250.0,0.0005513280689160086,8.57142857142857e-05
4252.457123549158,529.2247699594215,314.99259125678384,-5376.305044357847,0.002458625799056522,25.0,0.6666666666666666,4250.0,0.000574300071787509,8.928571428571426e-05
4363.849887856398,515.9418088243999,306.46787134651726,-5466.252487076541,0.0024425005055012786,26.0,0.6666666666666666,4250.0,0.0005879396984924622,9.285714285714282e-05
4472.741623617321,503.06035526200947,298.47340048143997,-5553.429735136073,0.0024265777780075447,27.0,0.6666666666666666,4250.0,0.0006105527638190954,9.64285714285714e-05
4579.16545908592,490.701041373153,290.89363968988914,-5644.953242746255,0.0024110800382249387,28.0,0.6666666666666666,4250.0,0.0006331658291457286,9.999999999999996e-05
4686.621743569305,478.69656282863235,283.49887278541877,-5736.662781857041,0.0023954553495775725,29.0,0.6666666666666666,4250.0,0.0006557788944723617,0.00010357142857142854
4791.939584566604,467.18935996349353,276.6256974415228,-5825.935193114841,0.002380304666693084,30.0,0.6666666666666666,4250.0,0.0006783919597989948,0.0001071428571428571
0.0,0.0,0.0,-2.628212131370674,0.0026561393450796784,0.0,0.7070833333333333,4300.0,0.0,
512.7570990824447,376.3554376611017,293.5238532627751,-1426.347771612549,0.0026272645335059116,1.0,0.7070833333333333,4300.0,2.8356066044508252e-05,3.57142857142857e-06
820.3278725311372,541.5215810475028,406.86124861463094,-2183.3129548824945,0.002602492134944113,2.0,0.7070833333333333,4300.0,5.4558506819813346e-05,7.14285714285714e-06
1048.7401107230505,624.9353065490881,454.14250419499257,-2637.8243842002557,0.0025794887227287094,3.0,0.7070833333333333,4300.0,7.968413496051686e-05,1.0714285714285712e-05
1238.3429227713757,668.574436498359,472.2978807409707,-2934.512801512945,0.0025577460515106075,4.0,0.7070833333333333,4300.0,0.00010480976310122038,1.428571428571428e-05
1406.2403531994598,690.3254889002591,475.77530628625374,-3142.2038050029005,0.002536941517990168,5.0,0.7070833333333333,4300.0,0.00012921751615218953,1.7857142857142852e-05
1560.3132833612729,698.9059719090342,471.76328518329626,-3297.1434494931673,0.002516956528252127,6.0,0.7070833333333333,4300.0,0.00015290739411342425,2.1428571428571425e-05
1704.950974842364,699.1723835641043,463.7218204528129,-3419.81679185736,0.0024976514481285994,7.0,0.7070833333333333,4300.0,0.00017587939698492463,2.499999999999999e-05
1842.943040662493,694.0676118898409,453.22392208091685,-3522.955369616182,0.0024789499219326993,8.0,0.7070833333333333,4300.0,0.00019813352476669057,2.857142857142856e-05
1976.0552921094304,685.4182545101287,441.57026526380275,-3613.713463832981,0.002460753514726703,9.0,0.7070833333333333,4300.0,0.0002229002153625269,3.214285714285714e-05
2104.6292641518007,674.2606401892527,429.74984365653495,-3697.459104992078,0.002443006750126103,10.0,0.7070833333333333,4300.0,0.0002440775305096913,3.5714285714285703e-05
2229.7098126121973,661.5515287983874,417.49976944542976,-3776.8889267902778,0.0024257814712996704,11.0,0.7070833333333333,4300.0,0.0002684852835606604,3.928571428571427e-05
2352.1644121681034,647.8059161677625,405.3780211508712,-3852.123780334223,0.002408961746074006,12.0,0.7070833333333333,4300.0,0.0002885857860732233,4.285714285714285e-05
2471.695490954032,633.4366057472773,393.5572501283137,-3928.9216834699546,0.0023779371345862745,13.0,0.7070833333333333,4250.0,0.00031263460157932515,4.642857142857141e-05
2588.9040128513234,618.6865446757341,382.05151433283606,-4002.300834716276,0.0023621409468587502,14.0,0.7070833333333333,4250.0,0.0003366834170854272,4.999999999999998e-05
2704.9180062058376,603.8567077262677,370.64955185948713,-4080.505668560785,0.002346394849916847,15.0,0.7070833333333333,4250.0,0.0003553481694185211,5.357142857142855e-05
2818.122816800479,589.0209980253925,359.9793336729017,-4156.613601402176,0.002331222218306889,16.0,0.7070833333333333,4250.0,0.0003790380473797559,5.714285714285712e-05
2930.2054991253767,574.3793879069567,349.22814030536523,-4235.426094227725,0.0023162106486538468,17.0,0.7070833333333333,4250.0,0.00040272792534099065,6.0714285714285694e-05
3040.737600709718,559.8703371868228,339.0710429922674,-4316.839672360256,0.002301419902456612,18.0,0.7070833333333333,4250.0,0.00041995692749461597,6.428571428571427e-05
3148.5785030261177,545.6998824728217,329.510654724065,-4395.424251971002,0.0022872006480411135,19.0,0.7070833333333333,4250.0,0.00044328786791098353,6.785714285714283e-05
3255.7543981426084,531.7505513611469,320.365782353977,-4475.764467809953,0.0022729843481991262,20.0,0.7070833333333333,4250.0,0.0004666188083273511,7.142857142857141e-05
3361.3704656359146,518.2819656665699,310.96379868293036,-4560.229409765874,0.0022591559607510964,21.0,0.7070833333333333,4250.0,0.00048241206030150754,7.499999999999998e-05
3465.8177628972485,505.0768264607705,302.506869920717,-4644.19875858492,0.002245379300326735,22.0,0.7070833333333333,4250.0,0.0005053840631730078,7.857142857142854e-05
3569.06197284043,492.2868133159286,294.13655972031034,-4726.654675332691,0.0022320284637381894,23.0,0.7070833333333333,4250.0,0.0005283560660445082,8.214285714285711e-05
3670.9086001082132,479.8585117941458,285.9526396036615,-4814.517928160836,0.0022187505994733688,24.0,0.7070833333333333,4250.0,0.0005513280689160086,8.57142857142857e-05
3771.8276199399597,467.8008165785446,278.2185840928174,-4902.374686745643,0.002205627564631362,25.0,0.7070833333333333,4250.0,0.000574300071787509,8.928571428571426e-05
3872.233236783232,456.19059895351273,270.7051477401045,-4990.2162007566,0.002192865869088909,26.0,0.7070833333333333,4250.0,0.0005879396984924622,9.285714285714282e-05
3970.462764405238,444.9253513807199,263.6710354956507,-5075.593311559489,0.0021802483907980945,27.0,0.7070833333333333,4250.0,0.0006105527638190954,9.64285714285714e-05
4066.5224746308722,434.0972827103358,256.99800780854355,-5164.818422124154,0.0021679525377323082,28.0,0.7070833333333333,4250.0,0.0006331658291457286,9.999999999999996e-05
4163.586099769679,423.57652338697727,250.4780427920565,-5253.744829797586,0.002155547057590165,29.0,0.7070833333333333,4250.0,0.0006557788944723617,0.00010357142857142854
4258.775669386917,413.46885390851236,244.41093648556583,-5341.0264991510485,0.0021435009573921473,30.0,0.7070833333333333,4250.0,0.0006783919597989948,0.0001071428571428571
0.0,0.0,0.0,-2.628212131370674,0.0022793853416703484,0.0,0.7474999999999999,4300.0,0.0,
440.0305593248179,322.8447347886812,251.7449624829925,-1226.8937608261913,0.0022581725299831395,1.0,0.7474999999999999,4300.0,2.8356066044508252e-05,3.57142857142857e-06
704.3225091838985,464.5993006945278,348.9798828572958,-1881.0730209003377,0.0022399362613748914,2.0,0.7474999999999999,4300.0,5.4558506819813346e-05,7.14285714285714e-06
901.0632201634646,536.3816672088335,389.6875907861024,-2276.6070406921644,0.0022229708463683776,3.0,0.7474999999999999,4300.0,7.968413496051686e-05,1.0714285714285712e-05
1064.769854110416,574.1232288580367,405.4750108157877,-2537.2034848616895,0.0022069071594300847,4.0,0.7474999999999999,4300.0,0.00010480976310122038,1.428571428571428e-05
1210.0529287154043,593.1199268254942,408.6942425256029,-2721.746165573437,0.002191510671472667,5.0,0.7474999999999999,4300.0,0.00012921751615218953,1.7857142857142852e-05
1343.6284956680083,600.822059211954,405.48173417959407,-2861.2766258004776,0.002176696420698732,6.0,0.7474999999999999,4300.0,0.00015290739411342425,2.1428571428571425e-05
1469.2340687622554,601.3812824206087,398.80744209655893,-2973.2995948228345,0.0021623636750580143,7.0,0.7474999999999999,4300.0,0.00017587939698492463,2.499999999999999e-05
1589.2501703829603,597.3171435010762,390.0109468800619,-3068.7102145812823,0.002148457365813784,8.0,0.7474999999999999,4300.0,0.00019813352476669057,2.857142857142856e-05
1705.179178327844,590.1917809712858,380.1947296550634,-3153.616119859842,0.0021349061972044093,9.0,0.7474999999999999,4300.0,0.0002229002153625269,3.214285714285714e-05
1817.2957686238758,580.8927326245822,370.21483551967697,-3232.613955105873,0.0021216700816866552,10.0,0.7474999999999999,4300.0,0.0002440775305096913,3.5714285714285703e-05
1926.4903441018573,570.2413072353936,359.8722026679754,-3308.1066685121186,0.0021088044469477784,11.0,0.7474999999999999,4300.0,0.0002684852835606604,3.928571428571427e-05
2033.5098454613753,558.6788325347226,349.5996676120789,-3379.934213034103,0.002096224053003681,12.0,0.7474999999999999,4300.0,0.0002885857860732233,4.285714285714285e-05
2138.0801415080373,546.5533480723949,339.5772090509246,-3453.166568554363,0.0020839445745117033,13.0,0.7474999999999999,4300.0,0.00031263460157932515,4.642857142857141e-05
2240.7211980346287,534.0727119423751,329.8004380802323,-3523.5857335101464,0.0020719203518218448,14.0,0.7474999999999999,4300.0,0.0003366834170854272,4.999999999999998e-05
2342.414189282985,521.5242740053051,320.1061395530431,-3598.1602292319585,0.0020599639660074205,15.0,0.7474999999999999,4300.0,0.0003553481694185211,5.357142857142855e-05
2441.730425837369,508.94985002772574,311.0245392488804,-3671.101439154445,0.002048386376745215,16.0,0.7474999999999999,4300.0,0.0003790380473797559,5.714285714285712e-05
2540.14945056671,496.5097962645524,301.8505473787873,-3746.2639663251903,0.002024591397639642,17.0,0.7474999999999999,4250.0,0.00040272792534099065,6.0714285714285694e-05
2637.2949741843527,484.17667970951936,293.17822185079825,-3824.0666791816184,0.002013442183108442,18.0,0.7474999999999999,4250.0,0.00041995692749461597,6.428571428571427e-05
2732.1451269563227,472.1227908602275,285.0080889906571,-3899.355544441045,0.002002707907413869,19.0,0.7474999999999999,4250.0,0.00044328786791098353,6.785714285714283e-05
2826.498088541899,460.2322796379994,277.20220679608906,-3975.978326748482,0.001991964065024633,20.0,0.7474999999999999,4250.0,0.0004666188083273511,7.142857142857141e-05
2919.5358128254525,448.75291854536,269.1440077132807,-4056.520110784113,0.001981500512530662,21.0,0.7474999999999999,4250.0,0.00048241206030150754,7.499999999999998e-05
3011.628477574156,437.48178829434823,261.90333797048726,-4136.3267731302985,0.0019710623902820194,22.0,0.7474999999999999,4250.0,0.0005053840631730078,7.857142857142854e-05
3102.7246036865686,426.55391237404285,254.73424911620393,-4215.158966020666,0.001960935202942677,23.0,0.7474999999999999,4250.0,0.0005283560660445082,8.214285714285711e-05
3192.65593226718,415.9304708249539,247.70666991448314,-4298.796163557898,0.0019508503701797114,24.0,0.7474999999999999,4250.0,0.0005513280689160086,8.57142857142857e-05
3281.8299023663435,405.60984525195187,241.04126117476696,-4382.02945994545,0.0019408721164643832,25.0,0.7474999999999999,4250.0,0.000574300071787509,8.928571428571426e-05
3370.613234682079,395.66187890792304,234.55530320315154,-4465.677299405172,0.0019311573635376728,26.0,0.7474999999999999,4250.0,0.0005879396984924622,9.285714285714282e-05
3457.5361059623688,386.0008869624938,228.48633313727834,-4547.192096344123,0.00192154015898582,27.0,0.7474999999999999,4250.0,0.0006105527638190954,9.64285714285714e-05
3542.5969564294255,376.7078818330063,222.72775508055946,-4632.06390795538,0.001912156540796809,28.0,0.7474999999999999,4250.0,0.0006331658291457286,9.999999999999996e-05
3628.6068001529725,367.6636507844876,217.0984313839365,-4716.262443401487,0.0019026825306310388,29.0,0.7474999999999999,4250.0,0.0006557788944723617,0.00010357142857142854
3713.0130775412904,358.964576725021,211.8428879185758,-4799.522578612734,0.00189346997802719,30.0,0.7474999999999999,4250.0,0.0006783919597989948,0.0001071428571428571
0.0,0.0,0.0,-2.628212131370674,0.0019060302455586183,0.0,0.7879166666666666,4300.0,0.0,
367.945526033468,269.8473028960304,210.3817626964188,-1028.3931511726696,0.001891233560008754,1.0,0.7879166666666666,4300.0,2.8356066044508252e-05,3.57142857142857e-06
589.2244491119911,388.3876878108052,291.66165415412723,-1579.202918598763,0.0018784876686205338,2.0,0.7879166666666666,4300.0,5.4558506819813346e-05,7.14285714285714e-06
754.3317838274093,448.5704012447866,325.80520109081095,-1914.5052383521834,0.001866608528768528,3.0,0.7879166666666666,4300.0,7.968413496051686e-05,1.0714285714285712e-05
892.0431695653475,480.3663881276525,339.17465423435567,-2137.4062263634405,0.001855341493929235,4.0,0.7879166666666666,4300.0,0.00010480976310122038,1.428571428571428e-05
1014.5203656585735,496.51925789240215,342.05820387134116,-2296.9950675120417,0.0018445246053929035,5.0,0.7879166666666666,4300.0,0.00012921751615218953,1.7857142857142852e-05
1127.3404223506634,503.2354604490367,339.5601562208205,-2419.1772272656526,0.0018341000556719514,6.0,0.7879166666666666,4300.0,0.00015290739411342425,2.1428571428571425e-05
1233.6073101478235,503.97648884959136,334.16876018851724,-2518.527160409838,0.0018239987564926908,7.0,0.7879166666666666,4300.0,0.00017587939698492463,2.499999999999999e-05
1335.2939752841398,500.83742603260254,326.98861786761086,-2604.1295122902957,0.0018141830136475913,8.0,0.7879166666666666,4300.0,0.00019813352476669057,2.857142857142856e-05
1433.6531096861793,495.1257369749455,318.93405790095704,-2681.0651788991527,0.0018046037214157918,9.0,0.7879166666666666,4300.0,0.0002229002153625269,3.214285714285714e-05
1528.8961069101792,487.58039278858047,310.7355536531859,-2753.168983345611,0.001795233356499457,10.0,0.7879166666666666,4300.0,0.0002440775305096913,3.5714285714285703e-05
1621.7608368200279,478.88383244248894,302.2211537576741,-2822.528254359706,0.0017861123968875875,11.0,0.7879166666666666,4300.0,0.0002684852835606604,3.928571428571427e-05
1712.8782978785453,469.41246361636314,293.7422889799614,-2888.7807238334935,0.001777181309748805,12.0,0.7879166666666666,4300.0,0.0002885857860732233,4.285714285714285e-05
1801.9988132326419,459.452263906385,285.46557691965546,-2956.309172449648,0.0017684515222888412,13.0,0.7879166666666666,4300.0,0.00031263460157932515,4.642857142857141e-05
1889.5639950972454,449.1785032816304,277.37174087512926,-3021.643901036834,0.001759891469557878,14.0,0.7879166666666666,4300.0,0.0003366834170854272,4.999999999999998e-05
1976.4047584973448,438.8213602914799,269.34750531746175,-3090.473895161267,0.001751368454224577,15.0,0.7879166666666666,4300.0,0.0003553481694185211,5.357142857142855e-05
2061.289398020442,428.43529490033956,261.8130453125332,-3158.097999514641,0.0017431047701405539,16.0,0.7879166666666666,4300.0,0.0003790380473797559,5.714285714285712e-05
2145.4829846926846,418.1552434297701,254.1872082111892,-3227.4774924275553,0.0017349401980780985,17.0,0.7879166666666666,4300.0,0.00040272792534099065,6.0714285714285694e-05
2228.6625882588423,407.94363002448915,246.9730054781921,-3299.333375034592,0.0017268456554092315,18.0,0.7879166666666666,4300.0,0.00041995692749461597,6.428571428571427e-05
2309.940458081934,397.9458899298553,240.18497991012504,-3368.876157232393,0.001719057322203291,19.0,0.7879166666666666,4300.0,0.00044328786791098353,6.785714285714283e-05
2390.863904657049,388.0891112763245,233.6794935173325,-3439.7070071158596,0.0017112560350555106,20.0,0.7879166666666666,4300.0,0.0004666188083273511,7.142857142857141e-05
2470.7139378091024,378.55586088731684,226.9684125039239,-3514.002235117405,0.0017036312944994853,21.0,0.7879166666666666,4300.0,0.00048241206030150754,7.499999999999998e-05
2549.824336845221,369.1834149703294,220.93851092630715,-3587.4287096008484,0.0016960545974487747,22.0,0.7879166666666666,4300.0,0.0005053840631730078,7.857142857142854e-05
2628.1352996089654,360.0969747063968,214.9513009854536,-3660.3397300761717,0.0016886579358746873,23.0,0.7879166666666666,4300.0,0.0005283560660445082,8.214285714285711e-05
2705.5027980657796,351.24998149636855,209.0654057125391,-3737.4506716305987,0.0016712200826261008,24.0,0.7879166666666666,4250.0,0.0005513280689160086,8.57142857142857e-05
2782.275700658933,342.6499104283661,203.4698019633952,-3813.9137602621777,0.0016640201432886854,25.0,0.7879166666666666,4250.0,0.000574300071787509,8.928571428571426e-05
2858.7675337564356,334.34768858443977,198.02180537733238,-3891.1193152455744,0.0016570020447697316,26.0,0.7879166666666666,4250.0,0.0005879396984924622,9.285714285714282e-05
2933.713656281089,326.27891332589354,192.92243929764464,-3966.5410249209817,0.0016500456744671654,27.0,0.7879166666666666,4250.0,0.0006105527638190954,9.64285714285714e-05
3007.106593202952,318.51290763939875,188.08290181258747,-4044.8288824595074,0.00164324998804892,28.0,0.7879166666666666,4250.0,0.0006331658291457286,9.999999999999996e-05
3081.371639214908,310.941303928605,183.34532692757676,-4122.190495013143,0.0016363839383444023,29.0,0.7879166666666666,4250.0,0.0006557788944723617,0.00010357142857142854
3154.30023866941,303.65287807968417,178.91255697513432,-4199.209502592414,0.0016296978583293785,30.0,0.7879166666666666,4250.0,0.0006783919597989948,0.0001071428571428571
0.0,0.0,0.0,-2.628212131370674,0.0015360064287911958,0.0,0.8283333333333333,4300.0,0.0,
296.4925578147905,217.3563073826236,169.42867328047222,-830.8368450763519,0.0015264207843851138,1.0,0.8283333333333333,4300.0,2.8356066044508252e-05,3.57142857142857e-06
475.02199388310197,312.87876075567544,234.8996288007192,-1277.7163609822019,0.0015181475610820025,2.0,0.8283333333333333,4300.0,5.4558506819813346e-05,7.14285714285714e-06
608.5385783640977,361.4964916162558,262.4910634495345,-1551.5620440377243,0.0015104232758656098,3.0,0.8283333333333333,4300.0,7.968413496051686e-05,1.0714285714285712e-05
720.1617381714512,387.30032671430956,273.3947018233945,-1735.1909955737938,0.0015030847214304594,4.0,0.8283333333333333,4300.0,0.00010480976310122038,1.428571428571428e-05
819.6479195253768,400.5283595805757,275.86980837020275,-1868.04207112109,0.0014960279793933768,5.0,0.8283333333333333,4300.0,0.00012921751615218953,1.7857142857142852e-05
911.4620744711359,406.15825372179745,274.01027953437784,-1970.9503822167753,0.0014892164809656638,6.0,0.8283333333333333,4300.0,0.00015290739411342425,2.1428571428571425e-05
998.0842229843707,406.97172013960176,269.8121047701017,-2055.6095232286243,0.0014826062231710017,7.0,0.8283333333333333,4300.0,0.00017587939698492463,2.499999999999999e-05
1081.0964948506364,404.6531080275396,264.16647525651643,-2129.3196705391674,0.001476173176397941,8.0,0.8283333333333333,4300.0,0.00019813352476669057,2.857142857142856e-05
1161.4998022187447,400.2460738771538,257.80023007745785,-2196.1537555114337,0.001469885951583286,9.0,0.8283333333333333,4300.0,0.0002229002153625269,3.214285714285714e-05
1239.4536374061404,394.34674121164875,251.32164040629985,-2259.195049120317,0.0014637269343497552,10.0,0.8283333333333333,4300.0,0.0002440775305096913,3.5714285714285703e-05
1315.545509687528,387.5035953735915,244.55885835790153,-2320.191326240565,0.0014577235267484987,11.0,0.8283333333333333,4300.0,0.0002684852835606604,3.928571428571427e-05
1390.2900605858795,380.0305784376814,237.82535531774712,-2378.660429737123,0.0014518370841279146,12.0,0.8283333333333333,4300.0,0.0002885857860732233,4.285714285714285e-05
1463.469562760338,372.1468203736332,231.2311307885206,-2438.251308952298,0.0014460753070818612,13.0,0.8283333333333333,4300.0,0.00031263460157932515,4.642857142857141e-05
1535.4447929179469,364.00260498462785,224.7751557893725,-2496.221991014725,0.001440417920104956,14.0,0.8283333333333333,4300.0,0.0003366834170854272,4.999999999999998e-05
1606.894009032309,355.77880063922964,218.3808017787066,-2557.0334946963267,0.0014347776687425474,15.0,0.8283333333333333,4300.0,0.0003553481694185211,5.357142857142855e-05
1676.7948998303661,347.51338325690904,212.36086304401775,-2617.021296912484,0.0014293020448573057,16.0,0.8283333333333333,4300.0,0.0003790380473797559,5.714285714285712e-05
1746.1899516664716,339.31992623496285,206.2543749941727,-2678.3583384081358,0.0014238847261910067,17.0,0.8283333333333333,4300.0,0.00040272792534099065,6.0714285714285694e-05
1814.8119924304258,331.1784371119856,200.47648578450082,-2741.9667039479828,0.0014185076197798438,18.0,0.8283333333333333,4300.0,0.00041995692749461597,6.428571428571427e-05
1881.9178197740548,323.20202690425884,195.0420089388878,-2803.4685036858573,0.0014133264477200593,19.0,0.8283333333333333,4300.0,0.00044328786791098353,6.785714285714283e-05
1948.7926453643452,315.32353366762715,189.8293848205229,-2866.3230496199612,0.0014081309530728674,20.0,0.8283333333333333,4300.0,0.0004666188083273511,7.142857142857141e-05
2014.8229089489978,307.69445108332417,184.4311946616171,-2932.0541555024465,0.00140304688061262,21.0,0.8283333333333333,4300.0,0.00048241206030150754,7.499999999999998e-05
2080.3053347562372,300.1963672206165,179.5923241328878,-2996.8843391123446,0.001397988337378144,22.0,0.8283333333333333,4300.0,0.0005053840631730078,7.857142857142854e-05
2145.1712694422836,292.9153974783225,174.77849403106214,-3061.56339196903,0.0013930441621401717,23.0,0.8283333333333333,4300.0,0.0005283560660445082,8.214285714285711e-05
2209.3044832069104,285.8177645111802,170.02087669824166,-3129.747920657588,0.0013881087307481474,24.0,0.8283333333333333,4300.0,0.0005513280689160086,8.57142857142857e-05
2272.9952489875463,278.9189088350297,165.50026474645,-3197.107209436501,0.0013832429109127931,25.0,0.8283333333333333,4300.0,0.000574300071787509,8.928571428571426e-05
2336.495928253441,272.243760504286,161.09097014160665,-3265.4120711776923,0.0013784673856583858,26.0,0.8283333333333333,4300.0,0.0005879396984924622,9.285714285714282e-05
2398.7640003968036,265.75774860619634,156.9718624454881,-3332.2933027750114,0.0013737283424040485,27.0,0.8283333333333333,4300.0,0.0006105527638190954,9.64285714285714e-05
2459.78396986787,259.50323211838656,153.05508042924507,-3401.3382279630096,0.0013691076475691425,28.0,0.8283333333333333,4300.0,0.0006331658291457286,9.999999999999996e-05
2521.5762469115075,253.40200898681698,149.21366841271794,-3469.7455932354205,0.0013644371602164098,29.0,0.8283333333333333,4300.0,0.0006557788944723617,0.00010357142857142854
2582.297321576578,247.52331757786962,145.61282359915754,-3538.064000796767,0.001359867752281356,30.0,0.8283333333333333,4300.0,0.0006783919597989948,0.0001071428571428571
0.0,0.0,0.0,-2.628212131370674,0.0011692483837877866,0.0,0.8687499999999999,4300.0,0.0,
225.65974946087854,165.3622490202202,128.8769848478968,-634.2158426356764,0.0011637078913711754,1.0,0.8687499999999999,4300.0,2.8356066044508252e-05,3.57142857142857e-06
361.70317371142124,238.0633081065482,178.68462438833927,-976.6265041470906,0.001158916849080801,2.0,0.8687499999999999,4300.0,5.4558506819813346e-05,7.14285714285714e-06
463.6760930044025,275.1532962215352,199.7428607020276,-1187.819046790377,0.0011544359646497927,3.0,0.8687499999999999,4300.0,7.968413496051686e-05,1.0714285714285712e-05
549.1243495684763,294.92875645855815,208.13682553576257,-1330.6266885479126,0.001150171844370172,4.0,0.8687499999999999,4300.0,0.00010480976310122038,1.428571428571428e-05
625.4410549070898,305.15050927656915,210.13293461097416,-1434.9775203615573,0.0011460650058076711,5.0,0.8687499999999999,4300.0,0.00012921751615218953,1.7857142857142852e-05
696.0036881279797,309.6000288738993,208.83349628632095,-1516.7007110064005,0.00114209477991482,6.0,0.8687499999999999,4300.0,0.00015290739411342425,2.1428571428571425e-05
762.6834027120437,310.3832270050725,205.74666931115686,-1584.6578205076366,0.001138236126696118,7.0,0.8687499999999999,4300.0,0.00017587939698492463,2.499999999999999e-05
826.6781926934184,308.7740346452175,201.5554790792992,-1644.3891671501042,0.0011344754067181139,8.0,0.8687499999999999,4300.0,0.00019813352476669057,2.857142857142856e-05
888.7455521812702,305.5686726708451,196.80408968847058,-1698.9791985242482,0.001130794672145372,9.0,0.8687499999999999,4300.0,0.0002229002153625269,3.214285714285714e-05
948.9947942777857,301.21591866585993,191.9703523665352,-1750.7689996448025,0.0011271838668313007,10.0,0.8687499999999999,4300.0,0.0002440775305096913,3.5714285714285703e-05
1007.8731794890109,296.1383298529973,186.8984776570002,-1801.1418706351396,0.001123659477233057,11.0,0.8687499999999999,4300.0,0.0002684852835606604,3.928571428571427e-05
1065.7714954095118,290.5646357960492,181.84907164789763,-1849.5807855921958,0.0011201991328143549,12.0,0.8687499999999999,4300.0,0.0002885857860732233,4.285714285714285e-05
1122.5153045197487,284.67001268904204,176.8904730915301,-1898.9535967498305,0.0011168074396124598,13.0,0.8687499999999999,4300.0,0.00031263460157932515,4.642857142857141e-05
1178.3818524703174,278.5688122326337,172.03157221967953,-1947.220882645539,0.0011134727632729447,14.0,0.8687499999999999,4300.0,0.0003366834170854272,4.999999999999998e-05
1233.8941365766111,272.40388545771725,167.2195483642837,-1997.6750158569557,0.0011101439097153424,15.0,0.8687499999999999,4300.0,0.0003553481694185211,5.357142857142855e-05
1288.2519746666192,266.19801056231165,162.6742125437444,-2047.6290305794682,0.0011069081670764757,16.0,0.8687499999999999,4300.0,0.0003790380473797559,5.714285714285712e-05
1342.2640036820776,260.03861907713247,158.0561195046158,-2098.5651876125557,0.0011037025787695564,17.0,0.8687499999999999,4300.0,0.00040272792534099065,6.0714285714285694e-05
1395.7253817025553,253.9083298763926,153.69458469616367,-2151.4575285105093,0.001100517120890554,18.0,0.8687499999999999,4300.0,0.00041995692749461597,6.428571428571427e-05
1448.0464438617853,247.89348036062339,149.58078582304836,-2202.563435021213,0.001097443352141075,19.0,0.8687499999999999,4300.0,0.00044328786791098353,6.785714285714283e-05
1500.233733790916,241.94749538671437,145.6347367029031,-2254.9568565802256,0.0010943577546678896,20.0,0.8687499999999999,4300.0,0.0004666188083273511,7.142857142857141e-05
1551.8007831576801,236.19236460985547,141.5443726126345,-2309.6151389093284,0.0010913347134690016,21.0,0.8687499999999999,4300.0,0.00048241206030150754,7.499999999999998e-05
1602.9852308581828,230.52648648519522,137.87824115146233,-2363.4359809177113,0.0010883229953316364,22.0,0.8687499999999999,4300.0,0.0005053840631730078,7.857142857142854e-05
1653.7249048338872,225.0155590696109,134.20992825155042,-2417.361645625788,0.0010853759552775873,23.0,0.8687499999999999,4300.0,0.0005283560660445082,8.214285714285711e-05
1703.9330016841807,219.64375550535647,130.58461523056948,-2474.0770086079065,0.0010824304725107993,24.0,0.8687499999999999,4300.0,0.0005513280689160086,8.57142857142857e-05
1753.8307034973807,214.41753218404043,127.13740607664786,-2529.9472973436204,0.001079523416229989,25.0,0.8687499999999999,4300.0,0.000574300071787509,8.928571428571426e-05
1803.6164368796096,209.3528452830249,123.7725060204192,-2586.8249176592726,0.0010766668687550423,26.0,0.8687499999999999,4300.0,0.0005879396984924622,9.285714285714282e-05
1852.4743913635743,204.43124808981776,120.62650454970544,-2642.6403270436276,0.0010738286790754504,27.0,0.8687499999999999,4300.0,0.0006105527638190954,9.64285714285714e-05
1900.389388741597,199.67613755088888,117.6357314903565,-2699.856035763907,0.0010710580768345088,28.0,0.8687499999999999,4300.0,0.0006331658291457286,9.999999999999996e-05
1948.9460866128634,195.03842999504133,114.69678712829901,-2756.9532485092204,0.0010682554544316147,29.0,0.8687499999999999,4300.0,0.0006557788944723617,0.00010357142857142854
1996.6934647950275,190.5587586881369,111.93623388732172,-2814.007502938475,0.001065509635135177,30.0,0.8687499999999999,4300.0,0.0006783919597989948,0.0001071428571428571
0.0,0.0,0.0,-2.628212131370674,0.0008056926310266542,0.0,0.9091666666666666,4300.0,0.0,
155.43821288342966,113.85829329862305,88.72086126567613,-438.5212440855539,0.0008030690825691399,1.0,0.9091666666666666,4300.0,2.8356066044508252e-05,3.57142857142857e-06
249.25684903879542,163.931641768223,123.01269517162596,-675.9457472577633,0.0008007961830989357,2.0,0.9091666666666666,4300.0,5.4558506819813346e-05,7.14285714285714e-06
319.7375414911445,189.5385473716854,137.5542835916947,-823.3170000107784,0.0007986668330378873,3.0,0.9091666666666666,4300.0,7.968413496051686e-05,1.0714285714285712e-05
378.93011056288816,203.2485965397838,143.40142140359401,-923.7803107785003,0.0007966372417681455,4.0,0.9091666666666666,4300.0,0.00010480976310122038,1.428571428571428e-05
431.9064644611105,210.39430528364872,144.85080952971316,-997.8908879119554,0.0007946794812431629,5.0,0.9091666666666666,4300.0,0.00012921751615218953,1.7857142857142852e-05
480.9774340940916,213.57118153594456,144.0338301996296,-1056.5329337808362,0.0007927839896866745,6.0,0.9091666666666666,4300.0,0.00015290739411342425,2.1428571428571425e-05
527.4236400245787,214.21931421054003,141.98171898643267,-1105.7835240209097,0.0007909391002652653,7.0,0.9091666666666666,4300.0,0.00017587939698492463,2.499999999999999e-05
572.0633723174335,213.2156756747357,139.16737984973523,-1149.4489615223283,0.0007891384383611147,8.0,0.9091666666666666,4300.0,0.00019813352476669057,2.857142857142856e-05
615.4157491840482,211.10760301913334,135.9582988068066,-1189.6431584857783,0.0007873735969628245,9.0,0.9091666666666666,4300.0,0.0002229002153625269,3.214285714285714e-05
657.5509435218303,208.20387499218631,132.69536894165662,-1227.9746084896906,0.0007856398775133965,10.0,0.9091666666666666,4300.0,0.0002440775305096913,3.5714285714285703e-05
698.7731913488307,204.79331119011343,129.25576273705252,-1265.4345202231489,0.0007839453755805625,11.0,0.9091666666666666,4300.0,0.0002684852835606604,3.928571428571427e-05
739.3538804670825,201.0369773307016,125.82970723292686,-1301.5603206294472,0.0007822794819472841,12.0,0.9091666666666666,4300.0,0.0002885857860732233,4.285714285714285e-05
779.1651858970554,197.05162657041785,122.45711630557729,-1338.3905633292889,0.0007806444503737045,13.0,0.9091666666666666,4300.0,0.00031263460157932515,4.642857142857141e-05
818.4006415598117,192.91780557611858,119.15080154449386,-1374.5576400867867,0.000779034795632868,14.0,0.9091666666666666,4300.0,0.0003366834170854272,4.999999999999998e-05
857.425454139178,188.73334122178858,115.86792664937913,-1412.2520808673435,0.0007774259228277287,15.0,0.9091666666666666,4300.0,0.0003553481694185211,5.357142857142855e-05
895.6734117708584,184.51465282635496,112.7623439766835,-1449.700377819754,0.0007758601064975883,16.0,0.9091666666666666,4300.0,0.0003790380473797559,5.714285714285712e-05
933.711238379409,180.3224296910346,109.60179235175302,-1487.7969409321086,0.0007743068423696144,17.0,0.9091666666666666,4300.0,0.00040272792534099065,6.0714285714285694e-05
971.3956929959469,176.14708960497586,106.62051625212648,-1527.409400691642,0.000772761589969519,18.0,0.9091666666666666,4300.0,0.00041995692749461597,6.428571428571427e-05
1008.3076519410746,172.04840774937836,103.80955570820626,-1565.6663766093407,0.0007712684154747557,19.0,0.9091666666666666,4300.0,0.00044328786791098353,6.785714285714283e-05
1045.1585225679062,167.99467498007135,101.10819092264767,-1605.0016194570198,0.0007697678952088149,20.0,0.9091666666666666,4300.0,0.0004666188083273511,7.142857142857141e-05
1081.5966945125429,164.06091899334768,98.29800389053757,-1645.9566758476867,0.000768296037187611,21.0,0.9091666666666666,4300.0,0.00048241206030150754,7.499999999999998e-05
1117.7973294841838,160.18637123479087,95.78516627887547,-1686.230029664519,0.0007668278571056219,22.0,0.9091666666666666,4300.0,0.0005053840631730078,7.857142857142854e-05
1153.7114847308017,156.4152882613754,93.2608960660644,-1726.741444398358,0.0007653895719581462,23.0,0.9091666666666666,4300.0,0.0005283560660445082,8.214285714285711e-05
1189.2776072332167,152.7373120902858,90.76095870136903,-1769.2680944904496,0.0007639502629450883,24.0,0.9091666666666666,4300.0,0.0005513280689160086,8.57142857142857e-05
1224.6499508818943,149.15646980245103,88.38581843000745,-1811.05898830371,0.0007625282189516138,25.0,0.9091666666666666,4300.0,0.000574300071787509,8.928571428571426e-05
1259.9698358719488,145.6808603929337,86.05999343055637,-1853.7588727283437,0.0007611292311541498,26.0,0.9091666666666666,4300.0,0.0005879396984924622,9.285714285714282e-05
1294.6590083153574,142.30277734780364,83.88971752733892,-1895.7516255029186,0.0007597375593827294,27.0,0.9091666666666666,4300.0,0.0006105527638190954,9.64285714285714e-05
1328.7042391170216,139.03443951083088,81.82465162685095,-1938.5318594225828,0.0007583774139623405,28.0,0.9091666666666666,4300.0,0.0006331658291457286,9.999999999999996e-05
1363.2314271091564,135.8440997292495,79.79038527125391,-1981.5031506286323,0.0007570004768587331,29.0,0.9091666666666666,4300.0,0.0006557788944723617,0.00010357142857142854
1397.2073452472205,132.76180017410493,77.87631696926198,-2024.4705183029873,0.000755649596685813,30.0,0.9091666666666666,4300.0,0.0006783919597989948,0.0001071428571428571
0.0,0.0,0.0,-2.628212131370674,0.00044527764420521353,0.0,0.9495833333333332,4300.0,0.0,
85.81651212583238,62.83502175459432,48.95359593286511,-243.7442726043373,0.0004444790586721729,1.0,0.9495833333333332,4300.0,2.8356066044508252e-05,3.57142857142857e-06
137.6735498976355,90.47758946369026,67.8766115987446,-375.6859101711889,0.00044378594723735163,2.0,0.9495833333333332,4300.0,5.4558506819813346e-05,7.14285714285714e-06
176.71607306604076,104.64569630218908,75.92533551952553,-458.09530147926125,0.0004431355359254404,3.0,0.9495833333333332,4300.0,7.968413496051686e-05,1.0714285714285712e-05
209.57859347302676,112.26346824816228,79.18719335883914,-514.7183185073081,0.0004425146260285802,4.0,0.9495833333333332,4300.0,0.00010480976310122038,1.428571428571428e-05
239.04998625062973,116.26440595691926,80.02782467368756,-556.8704060938617,0.00044191478638545763,5.0,0.9495833333333332,4300.0,0.00012921751615218953,1.7857142857142852e-05
266.3971170149955,118.07751104208278,79.61884847899162,-590.550628763187,0.0004413331673423866,6.0,0.9495833333333332,4300.0,0.00015290739411342425,2.1428571428571425e-05
292.3223931744798,118.49344727337815,78.52510670055595,-619.0994721400348,0.0004407662689172175,7.0,0.9495833333333332,4300.0,0.00017587939698492463,2.499999999999999e-05
317.2759931392639,117.99652516385844,77.01142616545783,-644.6126855508192,0.000440212179379729,8.0,0.9495833333333332,4300.0,0.00019813352476669057,2.857142857142856e-05
341.5419922254581,116.8872697479743,75.27798643591996,-668.2514503900748,0.0004396683669000182,9.0,0.9495833333333332,4300.0,0.0002229002153625269,3.214285714285714e-05
365.15465340918405,115.33601194328666,73.51055967834357,-690.9017312837095,0.00043913341609936164,10.0,0.9495833333333332,4300.0,0.0002440775305096913,3.5714285714285703e-05
388.2812819027085,113.50038014453436,71.64252552554822,-713.1328637976985,0.0004386098760616049,11.0,0.9495833333333332,4300.0,0.0002684852835606604,3.928571428571427e-05
411.0728510138026,111.470400681836,69.77879714850329,-734.629104658583,0.0004380945119978994,12.0,0.9495833333333332,4300.0,0.0002885857860732233,4.285714285714285e-05
433.454849438321,109.31097286468403,67.94296517992407,-756.5513334141579,0.00043758803071230383,13.0,0.9495833333333332,4300.0,0.00031263460157932515,4.642857142857141e-05
455.53488254677774,107.06694435468937,66.13634083729683,-778.1671165672597,0.0004370887676101047,14.0,0.9495833333333332,4300.0,0.0003366834170854272,4.999999999999998e-05
477.51785562295885,104.79254572720308,64.34150548006248,-800.6398033343721,0.00043658913153722017,15.0,0.9495833333333332,4300.0,0.0003553481694185211,5.357142857142855e-05
499.08299626138427,102.49614316880151,62.64189478349635,-823.0362954282609,0.0004361022704435526,16.0,0.9495833333333332,4300.0,0.0003790380473797559,5.714285714285712e-05
520.5488944796791,100.21219711341334,60.910159289834404,-845.7770615083282,0.00043561868908162404,17.0,0.9495833333333332,4300.0,0.00040272792534099065,6.0714285714285694e-05
541.8352243701715,97.9332705355857,59.279334573636014,-869.4546357799845,0.0004351370601073492,18.0,0.9495833333333332,4300.0,0.00041995692749461597,6.428571428571427e-05
562.7010964044165,95.6925865522627,57.739097215164264,-892.3152525397745,0.0004346710214204656,19.0,0.9495833333333332,4300.0,0.00044328786791098353,6.785714285714283e-05
583.5512714887332,93.47525242402226,56.25709470831646,-915.8845025567425,0.0004342022007928645,20.0,0.9495833333333332,4300.0,0.0004666188083273511,7.142857142857141e-05
604.1831871850269,91.32251582042618,54.71360128358376,-940.3842934018467,0.00043374179292039543,21.0,0.9495833333333332,4300.0,0.00048241206030150754,7.499999999999998e-05
624.6991370642958,89.20049416344006,53.32876050220582,-964.4502900444786,0.0004332819693947563,22.0,0.9495833333333332,4300.0,0.0005053840631730078,7.857142857142854e-05
645.0691620964269,87.1336129046017,51.932991221157245,-988.7479190377053,0.00043283100437008963,23.0,0.9495833333333332,4300.0,0.0005283560660445082,8.214285714285711e-05
665.2571630147227,85.11669818096836,50.554895808904384,-1014.2145818925055,0.0004323791634606759,24.0,0.9495833333333332,4300.0,0.0005513280689160086,8.57142857142857e-05
685.350388938326,83.15073548140536,49.24398266360188,-1039.1879629622272,0.00043193227316406894,25.0,0.9495833333333332,4300.0,0.000574300071787509,8.928571428571426e-05
705.4293886375939,81.24006043404236,47.957834689728145,-1064.792252907835,0.0004314921219843451,26.0,0.9495833333333332,4300.0,0.0005879396984924622,9.285714285714282e-05
725.1657529514342,79.38286022419275,46.75663015960282,-1090.0245483417384,0.00043105374611921647,27.0,0.9495833333333332,4300.0,0.0006105527638190954,9.64285714285714e-05
744.5498020270585,77.58361918342624,45.61684820360897,-1115.5895508954418,0.00043062480043768337,28.0,0.9495833333333332,4300.0,0.0006331658291457286,9.999999999999996e-05
764.222312338314,75.82565296225698,44.489410594668115,-1141.4222068821255,0.0004301902196061229,29.0,0.9495833333333332,4300.0,0.0006557788944723617,0.00010357142857142854
783.5950235202806,74.12517359866796,43.42399712132626,-1167.2728454120224,0.0004297632934695194,30.0,0.9495833333333332,4300.0,0.0006783919597989948,0.0001071428571428571
0.0,0.0,0.0,-2.628212131370674,8.794375979114002e-05,0.0,0.99,4300.0,0.0,
16.78651244963587,12.286246482433668,9.570511700327765,-49.87623917333258,8.791301026031213e-05,1.0,0.99,4300.0,2.8356066044508252e-05,3.57142857142857e-06
26.942462183156927,17.693563904960598,13.270806440400376,-75.85838432176388,8.78862746348328e-05,2.0,0.99,4300.0,5.4558506819813346e-05,7.14285714285714e-06
34.60524916625867,20.471375437587234,14.849382026444717,-92.19210976381146,8.78611456294343e-05,3.0,0.99,4300.0,7.968413496051686e-05,1.0714285714285712e-05
41.06917503340915,21.971097804489535,15.494541968828022,-103.50518132030265,8.783711967042446e-05,4.0,0.99,4300.0,0.00010480976310122038,1.428571428571428e-05
46.87756001629373,22.76513283093709,15.667194165910338,-112.00347836405854,8.781387476111647e-05,5.0,0.99,4300.0,0.00012921751615218953,1.7857142857142852e-05
52.276666065226564,23.13159843647971,15.595611986848054,-118.85809070954565,8.779130343532384e-05,6.0,0.99,4300.0,0.00015290739411342425,2.1428571428571425e-05
57.40291188322084,23.22448610211237,15.389640658885524,-124.71935283044877,8.776927286827041e-05,7.0,0.99,4300.0,0.00017587939698492463,2.499999999999999e-05
62.34370012206075,23.13818078476053,15.100747892974544,-129.99607052427018,8.77477103473256e-05,8.0,0.99,4300.0,0.00019813352476669057,2.857142857142856e-05
67.15450406565989,22.931540595452393,14.76875892371302,-134.91426827381656,8.772651934924976e-05,9.0,0.99,4300.0,0.0002229002153625269,3.214285714285714e-05
71.84129419219043,22.637797109248048,14.429553501572881,-139.64687039870478,8.770564586877154e-05,10.0,0.99,4300.0,0.0002440775305096913,3.5714285714285703e-05
76.43664415101141,22.28788127198063,14.0708403541304,-144.30974123194756,8.76851912319545e-05,11.0,0.99,4300.0,0.0002684852835606604,3.928571428571427e-05
80.970273343442,21.899433904333392,13.711031165620607,-148.82917336349783,8.766503068385439e-05,12.0,0.99,4300.0,0.0002885857860732233,4.285714285714285e-05
85.42684846078481,21.484991452212686,13.356795373447246,-153.43919269065373,8.764519201499714e-05,13.0,0.99,4300.0,0.00031263460157932515,4.642857142857141e-05
89.82761304522616,21.05348997801043,13.006924520944779,-158.0015677447227,8.762561143168137e-05,14.0,0.99,4300.0,0.0003366834170854272,4.999999999999998e-05
94.21304014819322,20.615265646036654,12.659197497624685,-162.73408400175686,8.760599251746586e-05,15.0,0.99,4300.0,0.0003553481694185211,5.357142857142855e-05
98.51888901812679,20.17206029794938,12.32953289071171,-167.46399155829567,8.758685228543693e-05,16.0,0.99,4300.0,0.0003790380473797559,5.714285714285712e-05
102.80873549112734,19.730872238608292,11.993413334549022,-172.25855914058047,8.756781700483791e-05,17.0,0.99,4300.0,0.00040272792534099065,6.0714285714285694e-05
107.06658876951624,19.290267959787055,11.677089685047111,-177.25656611462182,8.754883761435501e-05,18.0,0.99,4300.0,0.00041995692749461597,6.428571428571427e-05
111.243701190961,18.85657422888181,11.378061644635496,-182.08139059203677,8.753044786769653e-05,19.0,0.99,4300.0,0.00044328786791098353,6.785714285714283e-05
115.42137395741533,18.427122387309364,11.089591350793583,-187.06810587290965,8.751192927602653e-05,20.0,0.99,4300.0,0.0004666188083273511,7.142857142857141e-05
119.55838777362436,18.009737659497787,10.788571739059044,-192.2442183822859,8.749372175344184e-05,21.0,0.99,4300.0,0.00048241206030150754,7.499999999999998e-05
123.6758052526193,17.598101893255524,10.517911736832016,-197.3242558856873,8.747551556163101e-05,22.0,0.99,4300.0,0.0005053840631730078,7.857142857142854e-05
127.76713418537442,17.19675113755856,10.245058985694103,-202.47058652123087,8.745764021898899e-05,23.0,0.99,4300.0,0.0005283560660445082,8.214285714285711e-05
131.82501928188566,16.804665775469285,9.976046650267897,-207.85721639443364,8.743970856336876e-05,24.0,0.99,4300.0,0.0005513280689160086,8.57142857142857e-05
135.86688899236464,16.422224301203286,9.71924951952963,-213.12976634525694,8.742195520699167e-05,25.0,0.99,4300.0,0.000574300071787509,8.928571428571426e-05
139.90910710938283,16.05003009731096,9.466859005674756,-218.55283049047284,8.740444951707106e-05,26.0,0.99,4300.0,0.0005879396984924622,9.285714285714282e-05
143.88538057937822,15.68822886444034,9.23158493552458,-223.90752149469336,8.738699396562924e-05,27.0,0.99,4300.0,0.0006105527638190954,9.64285714285714e-05
147.79368465163773,15.33731335140435,9.008776230761033,-229.3063828037848,8.736989416541093e-05,28.0,0.99,4300.0,0.0006331658291457286,9.999999999999996e-05
151.76300048892173,14.994255162271285,8.78702606693614,-234.79138789174613,8.735255665682845e-05,29.0,0.99,4300.0,0.0006557788944723617,0.00010357142857142854
155.67470602618002,14.66198496520842,8.575882471234703,-240.2849045375333,8.733550191973898e-05,30.0,0.99,4300.0,0.0006783919597989948,0.0001071428571428571
