CAPE_u,CAPE_ext,CAPE_dist,dh,sat_def,P,RH,dz,ent_b
0.0,0.0,0.0,-3.0578317024046555,0.012218546694868014,0.0,0.02,4400.0,0.0
4888.9200431454055,3557.955320269096,80.42275300751376,-9984.943119370568,0.008583070234972685,1.0,0.02,4300.0,0.00016597605629390131
7647.435580089077,4754.036896384483,51.28271115432809,-12457.883117765232,0.006838171945494833,2.0,0.02,4250.0,0.00033058603902421014
9579.460310098171,5122.013305881268,38.148722556752034,-13022.266703139685,0.005757859823711269,3.0,0.02,4200.0,0.0004938522518074283
11062.723741114294,5118.576075865918,30.689084754676063,-12894.759947183302,0.005011429317331427,4.0,0.02,4150.0,0.0006557964564598195
12262.83790531001,4939.18363361916,25.89717836174014,-12485.064924198625,0.0044781893966565536,5.0,0.02,4150.0,0.000816439890405104
13267.940230663247,4680.643033781118,22.55898647170079,-11960.009176840977,0.004050018357063315,6.0,0.02,4100.0,0.000975803283388641
14130.647273032731,4393.160099682199,20.109264874993805,-11395.52623163347,0.0037222338428797765,7.0,0.02,4100.0,0.001133906873530906
14884.91287878644,4103.578739703934,18.215403693110897,-10827.623085335865,0.003552438874648141,8.0,0.02,4150.0,0.0012907704227514234
15553.916234328657,3825.772845126306,16.749503027064883,-10274.820901056402,0.0033108332184128763,9.0,0.02,4100.0,0.0014464132315925218
16154.190926086609,3566.335516085065,15.549052897618601,-9744.790718597214,0.0031163675768104354,10.0,0.02,4100.0,0.001600854153470727
16697.927747477414,3327.9497920018553,14.572336537995932,-9240.927687898213,0.002948718361716606,11.0,0.02,4100.0,0.0017541116083821093
17194.376976695527,3111.1250208982296,13.744933902268754,-8764.188906978674,0.0028025372284509516,12.0,0.02,4100.0,0.0019062035960864987
17650.72092916248,2915.178715117307,13.029581552056362,-8314.290784515186,0.0026646428287527596,13.0,0.02,4050.0,0.0020571477087941567
18072.633839039278,2739.0059785353596,12.414187844474611,-7890.0563176400065,0.0025508626664460902,14.0,0.02,4050.0,0.002206961143377308
18464.693879190512,2581.5591602689688,11.923992957614892,-7489.995924218947,0.0024490706497153057,15.0,0.02,4050.0,0.002355660713127669
18830.62665071874,2442.123070949891,11.429622646950595,-7112.553804000876,0.0023574059908772205,16.0,0.02,4050.0,0.0025032628590801204
19173.515687570325,2318.781368979211,11.065932360765341,-6756.16130657254,0.0022743788357665333,17.0,0.02,4050.0,0.0026497836609215776
19495.938165500622,2208.8815737491927,10.650439902969268,-6419.29967227043,0.0021987816032506585,18.0,0.02,4050.0,0.002795238847503173
19800.068668939708,2110.311093828278,10.391701742559897,-6100.620169206366,0.0021225213267932817,19.0,0.02,4000.0,0.0029396438069729134
20087.75840641231,2021.3629895014335,10.09386314600741,-5798.700986379063,0.0020592528114009544,20.0,0.02,4000.0,0.0030830135965451673
20360.59566817692,1940.7022346381345,9.80112252385503,-5512.290478689654,0.0020008981090532773,21.0,0.02,4000.0,0.0032253629519224465
20619.952912759116,1867.2018112936282,9.618920210067051,-5240.250501623515,0.0019468843800871214,22.0,0.02,4000.0,0.0033667062963842953
20867.024335216032,1799.9179912628972,9.410982315203045,-4981.538597726172,0.0018967254282130114,23.0,0.02,4000.0,0.003507057749557226
21102.85480472774,1738.0800705500449,9.179660052755548,-4735.200633866058,0.0018500062834177233,24.0,0.02,4000.0,0.0036464311358790926
21328.369481709517,1681.0697941493015,8.995963348333374,-4500.3640406175255,0.0018063705814344649,25.0,0.02,4000.0,0.003784839992770567
21544.37609880122,1628.3109724235087,8.880313982765044,-4276.232692749123,0.0017655095232029646,26.0,0.02,4000.0,0.003922297578525808
21751.59616649993,1579.3456868538665,8.74865814280333,-4062.0816155494103,0.0017214860051383194,27.0,0.02,3950.0,0.004058816879933809
21950.681940898678,1533.7711581058907,8.60223252272607,-3857.2946164451496,0.0016855514977402073,28.0,0.02,3950.0,0.0041944106196413825
22142.204862819424,1491.2415770943257,8.442193010723914,-3661.2042544352917,0.0016516753822219193,29.0,0.02,3950.0,0.004329091263268264
22326.685382398387,1451.4529772574913,8.276513245369388,-3473.2516635969805,0.0016196776815079192,30.0,0.02,3950.0,0.004462871026284196
0.0,0.0,0.0,-3.0578317024046555,0.011645751481176587,0.0,0.06,4400.0,0.0
4695.7371458808775,3414.865181621096,77.23883486010332,-9678.67619440786,0.008313843259406371,1.0,0.06,4300.0,0.00016597605629390131
7376.271692666784,4580.962796781388,49.37949878933671,-12205.197063192514,0.006683295835502866,2.0,0.06,4250.0,0.00033058603902421014
9265.586076423617,4948.692769551996,36.77149087505767,-12862.997307948972,0.005661093044645726,3.0,0.06,4200.0,0.0004938522518074283
10722.099502150344,4954.898985148204,29.59797410316679,-12823.695474199274,0.004948476294533014,4.0,0.06,4150.0,0.0006557964564598195
11904.103994614263,4788.310671036116,24.987036184200516,-12489.644834763181,0.004436821285139329,5.0,0.06,4150.0,0.000816439890405104
12896.306749112926,4542.790703792029,21.771384142459155,-12027.405918691686,0.004038917232217517,6.0,0.06,4150.0,0.000975803283388641
13749.489105683173,4267.677512812521,19.40776413135847,-11515.034955810428,0.003705256754789219,7.0,0.06,4100.0,0.001133906873530906
14496.529686772785,3989.209974797747,17.584003333365963,-10990.295656096227,0.003443894134934738,8.0,0.06,4100.0,0.0012907704227514234
15159.949739874512,3721.2600281020186,16.16704326192785,-10472.849394710654,0.00331698932368271,9.0,0.06,4150.0,0.0014464132315925218
15755.835556241422,3470.471207438828,14.989128169195276,-9972.693676983923,0.003114696984970665,10.0,0.06,4100.0,0.001600854153470727
16296.085746072256,3239.6629967111176,14.051740422522975,-9493.868310881211,0.0029503073292418748,11.0,0.06,4100.0,0.0017541116083821093
16789.739757340594,3029.3886075048063,13.25213238884268,-9038.186944871224,0.002806649021532217,12.0,0.06,4100.0,0.0019062035960864987
17243.8245300367,2839.1634217102537,12.555587904886153,-8605.942381509616,0.002679909211895905,13.0,0.06,4100.0,0.0020571477087941567
17663.911703479418,2667.977282362555,11.987424992906204,-8196.700474783243,0.0025582978231452687,14.0,0.06,4050.0,0.002206961143377308
18054.48383618371,2514.7578650506275,11.49950603685296,-7809.408850784741,0.0024577367080998863,15.0,0.06,4050.0,0.002355660713127669
18419.206466095326,2378.9125741344205,11.008820146608027,-7442.817947220974,0.002367048198520895,16.0,0.06,4050.0,0.0025032628590801204
18761.115128006513,2258.7271566407503,10.671639624818749,-7095.657073050803,0.002284795982844254,17.0,0.06,4050.0,0.0026497836609215776
19082.745666946357,2151.640497687163,10.285530119087785,-6766.652367135663,0.002209813314171519,18.0,0.06,4050.0,0.002795238847503173
19386.23958806261,2055.58775567717,10.012896190022188,-6454.569774507523,0.0021411421080394194,19.0,0.06,4050.0,0.0029396438069729134
19673.42260858762,1968.9407975500103,9.739011514695925,-6158.268295772366,0.0020709920910016544,20.0,0.06,4000.0,0.0030830135965451673
19945.862254345746,1890.3465861725194,9.431730836947297,-5876.681399143581,0.0020129393851808317,21.0,0.06,4000.0,0.0032253629519224465
20204.917706268912,1818.7245338591533,9.263492244075893,-5608.720737507032,0.0019591578295061617,22.0,0.06,4000.0,0.0033667062963842953
20451.76713021316,1753.1733188737376,9.073030899768645,-5353.443576006059,0.0019091738297742006,23.0,0.06,4000.0,0.003507057749557226
20687.44306860224,1692.9425808307265,8.860262969661521,-5109.980374915245,0.0018625826595412098,24.0,0.06,4000.0,0.0036464311358790926
20912.855157972317,1637.3992884144627,8.650082234632428,-4877.531888916779,0.0018190355586879701,25.0,0.06,4000.0,0.003784839992770567
21128.8115787959,1586.0051371475963,8.545572200121018,-4655.3634311807255,0.0017782307239652129,26.0,0.06,4000.0,0.003922297578525808
21336.028296170414,1538.2991055060936,8.425817111776453,-4442.799012645908,0.0017399061284029372,27.0,0.06,4000.0,0.004058816879933809
21535.140381470563,1493.9008831754934,8.291981498990872,-4239.219151136862,0.0017038317261892076,28.0,0.06,4000.0,0.0041944106196413825
21726.72503230402,1452.455848633038,8.145153778870325,-4044.052361839382,0.0016698065197796742,29.0,0.06,4000.0,0.004329091263268264
21911.296155373784,1413.6967040235115,7.986351872321452,-3856.81019316721,0.001632272568316839,30.0,0.06,3950.0,0.004462871026284196
0.0,0.0,0.0,-3.0578317024046555,0.011080623653293353,0.0,0.1,4400.0,0.0
4501.916364271127,3271.46440096074,74.05097384357501,-9363.271839774607,0.008037380313775433,1.0,0.1,4300.0,0.00016597605629390131
7101.742082999691,4405.979621889052,47.45971248675132,-11933.548064414797,0.0065194314155337905,2.0,0.1,4250.0,0.00033058603902421014
8945.945687713114,4772.457548786356,35.378374741261865,-12680.124952313265,0.0055558273073757596,3.0,0.1,4200.0,0.0004938522518074283
10373.73378478637,4787.759076202735,28.499280429156705,-12727.762203369246,0.004899152012101903,4.0,0.1,4200.0,0.0006557964564598195
11536.012424858038,4633.765176406664,24.06387905571967,-12469.400248379141,0.004388837669507773,5.0,0.1,4150.0,0.000816439890405104
12513.973500329803,4401.272489008765,20.971987281028483,-12071.381580387868,0.004006299216390631,6.0,0.1,4150.0,0.000975803283388641
13356.504819806563,4138.593665734551,18.695693920601872,-11612.656007847196,0.0036832873180633135,7.0,0.1,4100.0,0.001133906873530906
14095.368156947636,3871.419187260567,16.947847683834535,-11133.078987322231,0.0034298761950518532,8.0,0.1,4100.0,0.0012907704227514234
14752.378522703835,3613.4702085092417,15.575637758288982,-10653.25859495852,0.003216561386089227,9.0,0.1,4100.0,0.0014464132315925218
15343.163806992477,3371.514478706831,14.438700671493443,-10184.813532905122,0.0031095768430254287,10.0,0.1,4100.0,0.001600854153470727
15879.305108343433,3148.4644969364135,13.524530813505297,-9733.03506000813,0.00294886817828467,11.0,0.1,4100.0,0.0017541116083821093
16369.616366879724,2944.9742542897466,12.753253980196682,-9300.33837752686,0.002808098968808316,12.0,0.1,4100.0,0.0019062035960864987
16820.958641775782,2760.6389773986198,12.086009722599755,-8887.69578744068,0.0026836485396059574,13.0,0.1,4100.0,0.0020571477087941567
17238.78249595833,2594.532948218522,11.553696600733387,-8495.114269544938,0.002572736714895871,14.0,0.1,4100.0,0.002206961143377308
17627.47755696757,2445.732284868343,11.069541850168587,-8122.138868670241,0.002464577623066712,15.0,0.1,4050.0,0.002355660713127669
17990.644887151422,2313.578339647133,10.617564534259687,-7767.923690803578,0.002375082022080873,16.0,0.1,4050.0,0.0025032628590801204
18331.256476036728,2196.651114870849,10.272327360636906,-7431.4212162272015,0.0022937968316982136,17.0,0.1,4050.0,0.0026497836609215776
18651.805816997145,2092.468359396332,9.917132918340185,-7111.607416959163,0.0022195995802704524,18.0,0.1,4050.0,0.002795238847503173
18954.40066654409,1999.0328833681776,9.63011956092809,-6807.456169243313,0.0021515666007918986,19.0,0.1,4050.0,0.0029396438069729134
19240.838296212754,1914.7405529447983,9.379242338110746,-6517.970334598565,0.002088930435233108,20.0,0.1,4050.0,0.0030830135965451673
19512.663167515482,1838.2884408674831,9.096582121162731,-6242.198788151469,0.002031047863518784,21.0,0.1,4050.0,0.0032253629519224465
19771.211724016623,1768.6079861259707,8.904840163674486,-5979.2926627749,0.0019706982584614023,22.0,0.1,4000.0,0.0033667062963842953
20017.64785098921,1704.8458195270307,8.731132759720024,-5728.402283158321,0.0019209890372187165,23.0,0.1,4000.0,0.003507057749557226
20252.996409165262,1646.2702477561736,8.53620523967167,-5488.705383900851,0.0018746157773506054,24.0,0.1,4000.0,0.0036464311358790926
20478.152736345164,1592.2335091374455,8.321981560141625,-5259.479667000371,0.0018312389446972002,25.0,0.1,4000.0,0.003784839992770567
20693.911016129783,1542.247014996403,8.208477746669107,-5040.055512199218,0.0017905648799955065,26.0,0.1,4000.0,0.003922297578525808
20900.98123161557,1495.8655843410252,8.100097375918377,-4829.815546906302,0.0017523370306427942,27.0,0.1,4000.0,0.004058816879933809
21099.998384356866,1452.6778645012087,7.978330395195826,-4628.188291543989,0.0017163312654976312,28.0,0.1,4000.0,0.0041944106196413825
21291.523374817614,1412.3932933573158,7.844199726664664,-4434.646309683969,0.001682350454044327,29.0,0.1,4000.0,0.004329091263268264
21476.072091977843,1374.7035754972526,7.698662003222365,-4248.702515196863,0.0016502202217943763,30.0,0.1,4000.0,0.004462871026284196
0.0,0.0,0.0,-3.0578317024046555,0.01052293654345164,0.0,0.13999999999999999,4400.0,0.0
4307.462634415278,3127.7640733712806,70.8652929053216,-9038.785058606867,0.00775371159903987,1.0,0.13999999999999999,4300.0,0.00016597605629390131
6823.808378929142,4229.077875820016,45.53504333108306,-11642.527465216379,0.006346353772780295,2.0,0.13999999999999999,4250.0,0.00033058603902421014
8620.40627006253,4593.238680937187,33.975581999632944,-12472.65704121178,0.005441671840937498,3.0,0.13999999999999999,4200.0,0.0004938522518074283
10017.387653116602,4617.069641877856,27.385634418726397,-12605.261841803134,0.004820752063747178,4.0,0.13999999999999999,4200.0,0.0006557964564598195
11158.217603034112,4475.430635476882,23.12765434918661,-12422.436688960042,0.0043337183557710405,5.0,0.13999999999999999,4150.0,0.000816439890405104
12120.497917381945,4255.989358081264,20.160744537134406,-12089.579488822965,0.003967396321983897,6.0,0.13999999999999999,4150.0,0.000975803283388641
12951.158880813116,4005.7656155321174,17.973005631010526,-11686.042888218843,0.0036705224309800492,7.0,0.13999999999999999,4150.0,0.001133906873530906
13680.801698832534,3750.027287275857,16.3012900805281,-11253.437149504723,0.0034110033104925996,8.0,0.13999999999999999,4100.0,0.0012907704227514234
14330.501892952909,3502.277585221796,14.975237033409641,-10813.555750464737,0.003204208463378863,9.0,0.13999999999999999,4100.0,0.0014464132315925218
14915.403138353548,3269.3981422718734,13.896510313915561,-10378.705582824085,0.003112138020888837,10.0,0.13999999999999999,4150.0,0.001600854153470727
15446.743260742362,3054.246207640757,12.991871648858726,-9955.820259459746,0.002943945028519386,11.0,0.13999999999999999,4100.0,0.0017541116083821093
15933.098359691228,2857.7047376142314,12.248261789289563,-9548.065145603861,0.0028064539393276716,12.0,0.13999999999999999,4100.0,0.0019062035960864987
16381.154724705693,2679.418675700499,11.635066023181317,-9156.904091359698,0.0026846352976731104,13.0,0.13999999999999999,4100.0,0.0020571477087941567
16796.22583481477,2518.6059864215163,11.11293903138712,-8782.883633955877,0.0025758537897146495,14.0,0.13999999999999999,4100.0,0.002206961143377308
17182.608764231412,2374.3334404070215,10.634052557566909,-8425.911352906674,0.002478044055723661,15.0,0.13999999999999999,4100.0,0.002355660713127669
17543.818652846985,2246.0317828210145,10.219280440264509,-8085.555175969959,0.0023811613305198456,16.0,0.13999999999999999,4050.0,0.0025032628590801204
17882.770697204236,2132.467218611052,9.867942662661207,-7761.224145587486,0.002301054590675461,17.0,0.13999999999999999,4050.0,0.0026497836609215776
18201.909767053683,2031.2869729194165,9.542445081931984,-7452.02540116003,0.0022278318223261204,18.0,0.13999999999999999,4050.0,0.002795238847503173
18503.30452986113,1940.548641959715,9.243323021553502,-7157.144816703065,0.002160606643986651,19.0,0.13999999999999999,4050.0,0.0029396438069729134
18788.720395172815,1858.6757313477535,9.014487475298777,-6875.763624707306,0.002098641148717225,20.0,0.13999999999999999,4050.0,0.0030830135965451673
19059.67563054759,1784.4361503624796,8.755491429494699,-6607.08154948859,0.002041315759032838,21.0,0.13999999999999999,4050.0,0.0032253629519224465
19317.485225741384,1716.7945719922823,8.542911087341295,-6350.330315122064,0.001988106173293679,22.0,0.13999999999999999,4050.0,0.0033667062963842953
19563.295627144977,1654.8832234341405,8.385219968370583,-6104.781648882563,0.0019385653603123285,23.0,0.13999999999999999,4050.0,0.003507057749557226
19798.11166824537,1597.9865381661834,8.207400655290968,-5869.789537249115,0.0018858862927171663,24.0,0.13999999999999999,4000.0,0.0036464311358790926
20022.822785613767,1545.5468249266348,8.011258229733665,-5644.709947492898,0.0018427738663547657,25.0,0.13999999999999999,4000.0,0.003784839992770567
20238.21225680838,1497.014308610273,7.868971619245806,-5428.9004916725535,0.0018023158675529655,26.0,0.13999999999999999,4000.0,0.003922297578525808
20444.97630533278,1451.959841088648,7.77142861657571,-5221.80355060775,0.0017642632463396334,27.0,0.13999999999999999,4000.0,0.004058816879933809
20643.742100128897,1410.0542474389088,7.661195496255634,-5022.900432757604,0.001728397971518361,28.0,0.13999999999999999,4000.0,0.0041944106196413825
20835.070915050746,1370.9314922093556,7.5392316651163345,-4831.7107441354165,0.0016945274102684055,29.0,0.13999999999999999,4000.0,0.004329091263268264
21019.461387261214,1334.3397519334353,7.4064342814285355,-4647.786456834012,0.0016624821510485314,30.0,0.13999999999999999,4000.0,0.004462871026284196
0.0,0.0,0.0,-3.0578317024046555,0.00997247403008182,0.0,0.18,4400.0,0.0
4112.383702179939,2983.775116879398,67.67070844088005,-8705.272759122468,0.007462869642675948,1.0,0.18,4300.0,0.00016597605629390131
6542.430313124927,4050.2530411620173,43.60105256105823,-11331.727431802079,0.00616383788849521,2.0,0.18,4250.0,0.00033058603902421014
8288.837161919739,4410.9900139387555,32.57337094621881,-12239.658341031463,0.005343362099846482,3.0,0.18,4250.0,0.0004938522518074283
9652.824231919274,4442.78557854179,26.257002020001465,-12454.615328931592,0.004733781234650118,4.0,0.18,4200.0,0.0006557964564598195
10770.370343883844,4313.192547314709,22.180919226901025,-12346.748367662141,0.004270909616756305,5.0,0.18,4150.0,0.000816439890405104
11715.420989255865,4106.7460256145405,19.33762800851024,-12079.662204868771,0.003921633112529224,6.0,0.18,4150.0,0.000975803283388641
12532.890945816152,3869.0461474595318,17.23967242270553,-11732.807989131106,0.003637171338628443,7.0,0.18,4150.0,0.001133906873530906
13252.175530084314,3624.883633621292,15.644294222510082,-11348.625274744023,0.003386710641238984,8.0,0.18,4100.0,0.0012907704227514234
13893.57815982486,3387.5730848370035,14.365811310811432,-10950.566039871272,0.0031870304094428464,9.0,0.18,4100.0,0.0014464132315925218
14471.726232670128,3163.8993794907096,13.344647626465154,-10551.562579237601,0.0030152573914542036,10.0,0.18,4100.0,0.001600854153470727
14997.499053833106,2956.8814800366504,12.48314517268121,-10159.440440889157,0.0029460613127798257,11.0,0.18,4150.0,0.0017541116083821093
15479.214035856261,2767.431222105455,11.769297779814094,-9778.448410485507,0.0028012222763559884,12.0,0.18,4100.0,0.0019062035960864987
15923.372864056066,2595.4047470888327,11.175792018179028,-9410.680888538409,0.002682400109616034,13.0,0.18,4100.0,0.0020571477087941567
16335.142057903064,2440.0067317019907,10.66510657249146,-9057.062139265217,0.0025760735764645284,14.0,0.18,4100.0,0.002206961143377308
16718.714557428146,2300.440271610029,10.193005887700636,-8717.934719249482,0.002480289755384002,15.0,0.18,4100.0,0.002355660713127669
17077.516214131312,2176.137060894215,9.813907786667233,-8393.198044397606,0.0023934903553559923,16.0,0.18,4100.0,0.0025032628590801204
17414.397512143434,2066.0542803073777,9.458447990562384,-8082.486073168402,0.0023144155877823642,17.0,0.18,4100.0,0.0026497836609215776
17731.749860579715,1967.9788985604139,9.161405430753268,-7785.369778302505,0.0022341465127494148,18.0,0.18,4050.0,0.002795238847503173
18031.598639297456,1880.0237885269073,8.852471795778111,-7501.18880913407,0.0021679173663852616,19.0,0.18,4050.0,0.0029396438069729134
18315.67413330775,1800.6740809406524,8.644694981313819,-7229.263174701096,0.0021067928784449,20.0,0.18,4050.0,0.0030830135965451673
18585.46578068426,1728.7203693918998,8.40838497261901,-6968.947485686436,0.0020501790176101578,21.0,0.18,4050.0,0.0032253629519224465
18842.26452672696,1663.1640039559186,8.177665748365415,-6719.6058874687005,0.0019975721723654916,22.0,0.18,4050.0,0.0033667062963842953
19087.196251977017,1603.1665288783802,8.035239972591619,-6480.622873352444,0.0019485425601273349,23.0,0.18,4050.0,0.003507057749557226
19321.24877522792,1548.044587931419,7.873780211034969,-6251.410199555863,0.0019027207859635504,24.0,0.18,4050.0,0.0036464311358790926
19545.293805680485,1497.217689644376,7.694976249452224,-6031.410981049699,0.001859787284367041,25.0,0.18,4050.0,0.003784839992770567
19760.10945706471,1450.1902016732477,7.527008108665582,-5820.106321397394,0.0018132428941416373,26.0,0.18,4000.0,0.003922297578525808
19966.377897503207,1406.54741751519,7.439755234891,-5617.062018708875,0.0017754559816063708,27.0,0.18,4000.0,0.004058816879933809
20164.714036160225,1365.9209682602805,7.340509288019275,-5421.744826862068,0.0017398139417724018,28.0,0.18,4000.0,0.0041944106196413825
20355.676825949475,1328.025233228487,7.230168131470398,-5233.721474061022,0.0017061307332186873,29.0,0.18,4000.0,0.004329091263268264
20539.75750375808,1292.5811013365071,7.109571265124499,-5052.589573813246,0.0016742408212922738,30.0,0.18,4000.0,0.004462871026284196
0.0,0.0,0.0,-3.0578317024046555,0.009429029865602045,0.0,0.22,4400.0,0.0
3916.686529034397,2839.509647524688,64.47706212775537,-8362.793931083404,0.007164889411964839,1.0,0.22,4300.0,0.00016597605629390131
6257.571934774063,3869.5038391927724,41.64836076214157,-11000.74170620519,0.005971659311324557,2.0,0.22,4250.0,0.00033058603902421014
7951.111265796189,4225.6701009840435,31.152925982450643,-11980.19016451115,0.0052101482582863935,3.0,0.22,4250.0,0.0004938522518074283
9279.800716181364,4264.816211802755,25.13600175566682,-12274.189707714286,0.004637709314628084,4.0,0.22,4200.0,0.0006557964564598195
10372.108352799487,4146.935915068189,21.244281711831228,-12240.482446399932,0.0042184441085418075,5.0,0.22,4200.0,0.000816439890405104
11298.265626135719,3953.4054356487886,18.518958304002982,-12039.126965526433,0.003868389569874552,6.0,0.22,4150.0,0.000975803283388641
12101.114847971963,3728.285108382943,16.510609913494804,-11749.960408936007,0.0035970898251902416,7.0,0.22,4150.0,0.001133906873530906
12808.799527126153,3495.8311341762574,14.976845053192948,-11415.793598598117,0.0033701767298845216,8.0,0.22,4150.0,0.0012907704227514234
13440.817618306366,3269.1316477925798,13.747350062386067,-11061.146616952778,0.0031644176841205927,9.0,0.22,4100.0,0.0014464132315925218
14011.253289909111,3054.853363462451,12.783084801438505,-10700.037676621192,0.002998733882393288,10.0,0.22,4100.0,0.001600854153470727
14530.606954214662,2856.1600772432034,11.964665457179615,-10340.678183216434,0.0028540419027553126,11.0,0.22,4100.0,0.0017541116083821093
15006.921542563892,2674.06087368819,11.281396875168035,-9988.348668263447,0.0028024221314694397,12.0,0.22,4150.0,0.0019062035960864987
15446.496783035713,2508.431317686659,10.708150279049972,-9645.736826345055,0.00267640698563012,13.0,0.22,4100.0,0.0020571477087941567
15854.346846514889,2358.6610449951413,10.210171029475548,-9314.39378385184,0.002572882006822506,14.0,0.22,4100.0,0.002206961143377308
16234.545111509928,2223.9532321681945,9.746384667472507,-8994.921687616676,0.0024794355126413186,15.0,0.22,4100.0,0.002355660713127669
16590.426414530215,2103.7740729086067,9.401404750825266,-8687.573905987381,0.0023945989620146506,16.0,0.22,4100.0,0.0025032628590801204
16924.76821595161,1997.2929803295126,9.043820694131284,-8392.283190562703,0.0023171817969045343,17.0,0.22,4100.0,0.0026497836609215776
17239.903292556774,1902.4291567552025,8.773970365179311,-8108.782916870987,0.002246207822064585,18.0,0.22,4100.0,0.002795238847503173
17537.809637624352,1817.3545369109715,8.467047570714918,-7836.68615354073,0.0021808684166916576,19.0,0.22,4100.0,0.0029396438069729134
17820.178438667885,1740.6206722167904,8.269828643145745,-7575.647243380099,0.002112995216819021,20.0,0.22,4050.0,0.0030830135965451673
18088.46674114051,1671.0349122850737,8.055207001891867,-7325.067495313753,0.002057265162677835,21.0,0.22,4050.0,0.0032253629519224465
18343.938659653053,1607.6279643338933,7.816407381607064,-7084.435871428745,0.0020054187828689608,22.0,0.22,4050.0,0.0033667062963842953
18587.697888239683,1549.608945772828,7.6811550665310016,-6853.254140286132,0.0019570445531724256,23.0,0.22,4050.0,0.003507057749557226
18820.713178193528,1496.3202930204222,7.535291631554595,-6631.035031238713,0.001911788394558916,24.0,0.22,4050.0,0.0036464311358790926
19043.83937571613,1447.1636535757307,7.37306567853797,-6417.308205947964,0.0018693439425225278,25.0,0.22,4050.0,0.003784839992770567
19257.839500050402,1401.69254354817,7.195935922704447,-6211.625460112649,0.0018294440777532207,26.0,0.22,4050.0,0.003922297578525808
19463.387398373325,1359.5068225160417,7.105035730301143,-6013.559783419256,0.001791855403584546,27.0,0.22,4050.0,0.004058816879933809
19661.08548238691,1320.2357394693934,7.016219863398888,-5822.707138690814,0.0017563729781825755,28.0,0.22,4050.0,0.0041944106196413825
19851.482105864503,1283.603524475342,6.916944836018438,-5638.708792561221,0.0017169023348157578,29.0,0.22,4000.0,0.004329091263268264
20035.06417565212,1249.3354210801913,6.807994298272721,-5461.231421004202,0.0016852504573691704,30.0,0.22,4000.0,0.004462871026284196
0.0,0.0,0.0,-3.0578317024046555,0.008892407058583485,0.0,0.26,4400.0,0.0
3720.3790797136276,2694.981745849549,61.274900355551566,-8011.409809014207,0.006859808417459305,1.0,0.26,4300.0,0.00016597605629390131
5969.199488589197,3686.8299611091948,39.69508706848306,-10649.166716689193,0.0057695946481938175,2.0,0.26,4250.0,0.00033058603902421014
7607.098155889021,4037.237692678182,29.7185682535269,-11693.014539387907,0.005066745798781945,3.0,0.26,4250.0,0.0004938522518074283
8898.068511104488,4083.0456522061663,23.999515300232666,-12062.28542126243,0.004531981195671128,4.0,0.26,4200.0,0.0006557964564598195
9963.061400068507,3976.545737633964,20.291923160138133,-12101.167320988468,0.004138574379826862,5.0,0.26,4200.0,0.000816439890405104
10868.537251648946,3795.82867938392,17.697165160032807,-11965.297388063867,0.003806997815192024,6.0,0.26,4150.0,0.000975803283388641
11655.21590477106,3583.35803285638,15.782074397004042,-11734.483934922471,0.0035495922040646955,7.0,0.26,4150.0,0.001133906873530906
12349.945868219093,3362.757630966133,14.298948257308968,-11451.668222799024,0.0033333344437866314,8.0,0.26,4150.0,0.0012907704227514234
12971.385751675385,3146.785911869377,13.142661744576719,-11141.905634654526,0.003148600165563374,9.0,0.26,4150.0,0.0014464132315925218
13533.050430191215,2942.133828372528,12.211814258661919,-10820.371201546317,0.002976653639686508,10.0,0.26,4100.0,0.001600854153470727
14045.038579164751,2751.962479127235,11.436414583569519,-10495.918958562805,0.002837333354668581,11.0,0.26,4100.0,0.0017541116083821093
14515.103425046667,2577.365813374879,10.78419450715392,-10174.059671952135,0.0027141045034516564,12.0,0.26,4100.0,0.0019062035960864987
14949.326947343807,2418.3620060590392,10.232122399619168,-9858.543672952095,0.0026762459086945418,13.0,0.26,4150.0,0.0020571477087941567
15352.559708382683,2274.373721584143,9.748121270462585,-9551.150588746648,0.0025753589528617216,14.0,0.26,4150.0,0.002206961143377308
15728.748573243302,2144.7075264530463,9.31833010119423,-9253.169241654039,0.0024749127256212533,15.0,0.26,4100.0,0.002355660713127669
16081.128125750774,2028.817718602639,8.981747344975192,-8964.996163688898,0.00239234141462914,16.0,0.26,4100.0,0.0025032628590801204
16412.396394048847,1926.0643754364894,8.624052507839773,-8686.850935842354,0.0023168566058386097,17.0,0.26,4100.0,0.0026497836609215776
16724.821971908652,1834.5251931799808,8.380113427413294,-8418.715587622974,0.0022475394983095596,18.0,0.26,4100.0,0.002795238847503173
17020.330615160026,1752.4337187364847,8.101315344249354,-8160.416187096962,0.002183627137464611,19.0,0.26,4100.0,0.0029396438069729134
17300.570606815032,1678.4044312213482,7.889867481165139,-7911.680378954428,0.0021244802372987434,20.0,0.26,4100.0,0.0030830135965451673
17566.963380164867,1611.2703690774943,7.695919376584124,-7672.176106696825,0.0020695587762261463,21.0,0.26,4100.0,0.0032253629519224465
17820.743076620667,1550.0956692815332,7.479230131015562,-7441.629342028522,0.002011218994828119,22.0,0.26,4050.0,0.0033667062963842953
18062.98810973709,1494.1338884503743,7.322941842299587,-7219.578640860003,0.0019636618904078024,23.0,0.26,4050.0,0.003507057749557226
18294.646355511573,1442.7262740522272,7.191898862978798,-7005.622109767093,0.0019191206442889955,24.0,0.26,4050.0,0.0036464311358790926
18516.554599957904,1395.3182555388894,7.045474810598523,-6799.380163895748,0.0018773026390526907,25.0,0.26,4050.0,0.003784839992770567
18729.459867515012,1351.463817895653,6.885028079489143,-6600.482294641621,0.0018379529845223015,26.0,0.26,4050.0,0.003922297578525808
18934.022238141555,1310.7604702947767,6.767242072048312,-6408.572622446885,0.0018008478733081512,27.0,0.26,4050.0,0.004058816879933809
19130.832991329626,1272.903194355772,6.6882903113124215,-6223.30841525134,0.0017657906955538096,28.0,0.26,4050.0,0.0041944106196413825
19320.429849197117,1237.5643350042708,6.599514080656363,-6044.363651573767,0.0017326076284699234,29.0,0.26,4050.0,0.004329091263268264
19503.29131789852,1204.5136403203023,6.501642971969693,-5871.428976142288,0.0017011441431690635,30.0,0.26,4050.0,0.004462871026284196
0.0,0.0,0.0,-3.0578317024046555,0.008362417304973266,0.0,0.30000000000000004,4400.0,0.0
3523.472485114744,2550.2051848488663,58.0676834940382,-7651.184022877183,0.006547666805659572,1.0,0.30000000000000004,4300.0,0.00016597605629390131
5677.28056440097,3502.237545149839,37.72149997315703,-10276.84510016039,0.005587134412949881,2.0,0.30000000000000004,4300.0,0.00033058603902421014
7256.672136920616,3845.658367787482,28.282211204020538,-11377.044118166581,0.004912713926754692,3.0,0.30000000000000004,4250.0,0.0004938522518074283
8507.379298815044,3897.3955877747962,22.84558296407488,-11817.135005590368,0.004416016905388182,4.0,0.30000000000000004,4200.0,0.0006557964564598195
9542.848229242525,3801.9080786849945,19.323868496507504,-11926.42605895576,0.004049095575275565,5.0,0.30000000000000004,4200.0,0.000816439890405104
10425.722577315111,3633.8748095700926,16.860747351723457,-11855.574936743476,0.0037535126636152106,6.0,0.30000000000000004,4200.0,0.000975803283388641
11194.552816042173,3434.138102190136,15.040033784447564,-11683.121315506301,0.0034939324305539553,7.0,0.30000000000000004,4150.0,0.001133906873530906
11874.850234261703,3225.4827358395232,13.633014328301515,-11452.558532977848,0.0032889988154950972,8.0,0.30000000000000004,4150.0,0.0012907704227514234
12484.400890976383,3020.3904681580216,12.532127835249154,-11189.205723104853,0.0031132293548260504,9.0,0.30000000000000004,4150.0,0.0014464132315925218
13036.12392780945,2825.576104388919,11.630848137051316,-10908.624093366845,0.0029604755642823875,10.0,0.30000000000000004,4150.0,0.001600854153470727
13539.695832820704,2644.122605760689,10.898394889726886,-10620.75978172262,0.0028148400089170193,11.0,0.30000000000000004,4100.0,0.0017541116083821093
14002.563570461854,2477.2451630105966,10.277689157016228,-10331.53147019849,0.0026964735429273533,12.0,0.30000000000000004,4100.0,0.0019062035960864987
14430.573503617597,2325.029226860783,9.74770852095541,-10044.808723326656,0.0025906262290272125,13.0,0.30000000000000004,4100.0,0.0020571477087941567
14828.405076037447,2187.016294181488,9.278962722236571,-9763.351561610412,0.0025637125977222624,14.0,0.30000000000000004,4150.0,0.002206961143377308
15199.863564644305,2062.558784673757,8.889721692057726,-9488.516314667286,0.0024754887949625546,15.0,0.30000000000000004,4150.0,0.002355660713127669
15548.081408589083,1951.1337693296812,8.554928940076497,-9221.223466665775,0.0023860813346799252,16.0,0.30000000000000004,4100.0,0.0025032628590801204
15875.667410274567,1852.2413381704978,8.227614707084623,-8961.988324025122,0.002312825256794785,17.0,0.30000000000000004,4100.0,0.0026497836609215776
16184.820377697357,1764.1463112537663,7.979824812852021,-8710.930161468612,0.002245436653980905,18.0,0.30000000000000004,4100.0,0.002795238847503173
16477.408818365107,1685.146898826736,7.727847692973765,-8468.083864923377,0.0021832007631406203,19.0,0.30000000000000004,4100.0,0.0029396438069729134
16755.03377652442,1613.9161218977538,7.504805214950419,-8233.357861357385,0.0021255172758676737,20.0,0.30000000000000004,4100.0,0.0030830135965451673
17019.077586071857,1549.3220490612641,7.330501077644987,-8006.577132953811,0.0020718779436281138,21.0,0.30000000000000004,4100.0,0.0032253629519224465
17270.741506356462,1490.4732429846556,7.134890101317999,-7787.512952947269,0.0020218493315945084,22.0,0.30000000000000004,4100.0,0.0033667062963842953
17511.075846222746,1436.6367615190286,6.960590615817594,-7575.903416121415,0.0019750594322814324,23.0,0.30000000000000004,4100.0,0.003507057749557226
17741.004524878543,1387.170530781335,6.843581525307278,-7371.504886564151,0.0019242417622068633,24.0,0.30000000000000004,4050.0,0.0036464311358790926
17961.34616937297,1341.5799750182875,6.712169670861761,-7174.054441415326,0.0018832053716587387,25.0,0.30000000000000004,4050.0,0.003784839992770567
18172.827577678476,1299.3965504432529,6.567616321299859,-6983.195610260351,0.0018445497870609412,26.0,0.30000000000000004,4050.0,0.003922297578525808
18376.09299315465,1260.24777610036,6.426359060759932,-6798.643177424703,0.0018080624306516008,27.0,0.30000000000000004,4050.0,0.004058816879933809
18571.72286210293,1223.8281825875472,6.356698085209502,-6620.119451741979,0.0017735556195908819,28.0,0.30000000000000004,4050.0,0.0041944106196413825
18760.24383426656,1189.8373564672781,6.277844145529637,-6447.3536640653,0.0017408637411407484,29.0,0.30000000000000004,4050.0,0.004329091263268264
18942.12087180994,1158.0647629692155,6.190474541434589,-6280.087693596539,0.0017098390578553742,30.0,0.30000000000000004,4050.0,0.004462871026284196
0.0,0.0,0.0,-3.0578317024046555,0.007838880463665526,0.0,0.34,4400.0,0.0
3325.9792522785865,2405.197794614722,54.85388840612478,-7282.22239391366,0.006265505417054745,1.0,0.34,4350.0,0.00016597605629390131
5381.793814280672,3315.765656405251,35.73636834210776,-9883.15343267953,0.0053640317420658645,2.0,0.34,4300.0,0.00033058603902421014
6899.7103879700835,3650.9023085568397,26.82534533911974,-11031.171708805894,0.004747601665477772,3.0,0.34,4250.0,0.0004938522518074283
8107.482951407341,3707.7918895774537,21.6845491207257,-11537.160859967451,0.00431019863994179,4.0,0.34,4250.0,0.0006557964564598195
9111.079701377746,3622.911276273882,18.343151498416184,-11713.769014582896,0.003949296106534976,5.0,0.34,4200.0,0.000816439890405104
9969.291378398586,3467.4028369145035,16.00974760309761,-11706.732617292015,0.003673725449406532,6.0,0.34,4200.0,0.000975803283388641
10718.4559668751,3280.4029573649327,14.284524245193458,-11592.432447588239,0.0034446118030782456,7.0,0.34,4200.0,0.001133906873530906
11382.70831143908,3083.794696316119,12.958480402697914,-11414.575035403905,0.00323633899613702,8.0,0.34,4150.0,0.0012907704227514234
11978.933046057376,2889.808554365186,11.909511780314947,-11198.646381065708,0.003070148009021411,9.0,0.34,4150.0,0.0014464132315925218
12519.422296601308,2704.953385490007,11.040217724456447,-10960.609364364514,0.002925181329516221,10.0,0.34,4150.0,0.001600854153470727
13013.412346973253,2532.4179386846004,10.350628429473218,-10710.683293432929,0.0027973765814558542,11.0,0.34,4150.0,0.0017541116083821093
13468.020549792784,2373.480657563656,9.761898607859578,-10455.691361947378,0.002672718890892237,12.0,0.34,4100.0,0.0019062035960864987
13888.849915569841,2228.2799149092184,9.254926795993542,-10199.865672369357,0.00257137067258261,13.0,0.34,4100.0,0.0020571477087941567
14280.396650856177,2096.4376588473983,8.802716818328433,-9946.005489934345,0.0024798739132215085,14.0,0.34,4100.0,0.002206961143377308
14646.312287456629,1977.3575045856946,8.452067944348657,-9696.175190590737,0.0024617806680122846,15.0,0.34,4150.0,0.002355660713127669
14989.616848041298,1870.5805439696653,8.120959734670688,-9451.586409549454,0.0023843070465351755,16.0,0.34,4150.0,0.0025032628590801204
15312.8263659761,1775.6897120068716,7.826051765398033,-9212.867235125414,0.00231321368601339,17.0,0.34,4150.0,0.0026497836609215776
15618.062142677772,1691.1651717851246,7.573110830980253,-8980.561706583074,0.002239202066261977,18.0,0.34,4100.0,0.002795238847503173
15907.130452276393,1615.3729162615946,7.346632517341443,-8754.86982022813,0.002178913186958145,19.0,0.34,4100.0,0.0029396438069729134
16181.58072914973,1547.0409930594305,7.114649693728307,-8535.807665066292,0.002122943430092713,20.0,0.34,4100.0,0.0030830135965451673
16442.751974687493,1485.0796547988782,6.958947668027675,-8323.354366155174,0.002070818222330893,21.0,0.34,4100.0,0.0032253629519224465
16691.809047269522,1428.6381475993412,6.783366409693903,-8117.416434999221,0.002022131945163347,22.0,0.34,4100.0,0.0033667062963842953
16929.771435113653,1377.0051646906022,6.594104827499709,-7917.850874116848,0.0019765357428625837,23.0,0.34,4100.0,0.003507057749557226
17157.53886672753,1329.5641769857514,6.490334325421151,-7724.482468806709,0.001933727645190467,24.0,0.34,4100.0,0.0036464311358790926
17375.905342783546,1285.8437289621513,6.37313345820466,-7537.116450930989,0.0018934446604053667,25.0,0.34,4100.0,0.003784839992770567
17585.575233244243,1245.3922759288098,6.243669518324587,-7355.545292474424,0.001855456870098402,26.0,0.34,4100.0,0.003922297578525808
17787.17806149926,1207.858281431937,6.103021701781152,-7179.5893116178995,0.0018129771044784445,27.0,0.34,4050.0,0.004058816879933809
17981.28538021178,1172.9270458502842,6.021434349816448,-7009.055433591442,0.001779162501860083,28.0,0.34,4050.0,0.0041944106196413825
18168.39985331815,1140.354418187926,5.951918642187476,-6843.672539625328,0.0017470946276045341,29.0,0.34,4050.0,0.004329091263268264
18348.981324290995,1109.8911543255472,5.874463296677111,-6683.234006174556,0.0017166335121645724,30.0,0.34,4050.0,0.004462871026284196
0.0,0.0,0.0,-3.0578317024046555,0.007321624072240313,0.0,0.38,4400.0,0.0
3127.9104599428065,2259.9763387643425,51.630490591802314,-6904.687468443139,0.005937947012157388,1.0,0.38,4350.0,0.00016597605629390131
5082.7291563943945,3127.3999763746106,33.737012785806755,-9467.696351727529,0.005130289065795257,2.0,0.38,4300.0,0.00033058603902421014
6536.091476883475,3452.9457196057856,25.355056587449514,-10654.272268927089,0.004570949083119045,3.0,0.38,4250.0,0.0004938522518074283
7698.1288203696695,3514.1655371469565,20.515977315195848,-11220.284731098873,0.004171786676651721,4.0,0.38,4250.0,0.0006557964564598195
8667.360546000278,3439.4455409212674,17.36580678230086,-11460.577450437624,0.003838422707816764,5.0,0.38,4200.0,0.000816439890405104
9498.697883260673,3296.2818251159906,15.149154848807877,-11515.466933743854,0.0035834287475885944,6.0,0.38,4200.0,0.000975803283388641
10226.230321277972,3121.9922525722577,13.51560548593291,-11458.848606148364,0.003370244785569758,7.0,0.38,4200.0,0.001133906873530906
10872.679477637485,2937.520725760963,12.270523459525458,-11333.485639967861,0.0031744435270348696,8.0,0.38,4150.0,0.0012907704227514234
11453.998505701304,2754.791611853138,11.274857713621337,-11165.628241834544,0.0030184287952814436,9.0,0.38,4150.0,0.0014464132315925218
11981.827721644617,2580.1223390227365,10.460104590709987,-10971.179746101006,0.002881815669192508,10.0,0.38,4150.0,0.001600854153470727
12464.938167946762,2416.7452169862963,9.793156366436817,-10760.751509015783,0.0027609579661904745,11.0,0.38,4150.0,0.0017541116083821093
12910.104013780807,2265.923974463701,9.236859350608745,-10541.386816727842,0.002653101874844265,12.0,0.38,4150.0,0.0019062035960864987
13322.673548787949,2127.920078462175,8.75381279613768,-10317.916508593153,0.0025455317943277856,13.0,0.38,4100.0,0.0020571477087941567
13706.934426128531,2002.4450901606942,8.345801621306123,-10093.633028991964,0.0024582767609620097,14.0,0.38,4100.0,0.002206961143377308
14066.390206816634,1888.96441636643,8.005386342744671,-9870.579845442691,0.00237883858108879,15.0,0.38,4100.0,0.002355660713127669
14403.928997430725,1787.0092737345296,7.679866170715043,-9650.286669548907,0.0023679301893910925,16.0,0.38,4150.0,0.0025032628590801204
14721.967975806534,1696.2692782606468,7.4157168671124305,-9434.00831199417,0.002299719874354993,17.0,0.38,4150.0,0.0026497836609215776
15022.547713580621,1615.4482058240262,7.159993317543973,-9222.169045610965,0.002236738452902387,18.0,0.38,4150.0,0.002795238847503173
15307.40659277169,1542.9845354476554,6.957676353510097,-9015.195772422623,0.0021783694365864925,19.0,0.38,4150.0,0.0029396438069729134
15578.037454814972,1477.6567554932265,6.730231812375561,-8813.388778912908,0.002115980945946436,20.0,0.38,4100.0,0.0030830135965451673
15835.731959412418,1418.427902712887,6.58127070100735,-8616.912978081025,0.0020656225089188724,21.0,0.38,4100.0,0.0032253629519224465
16081.614938786459,1364.4805024267005,6.424656816004659,-8425.710123560326,0.002018514373447637,22.0,0.38,4100.0,0.0033667062963842953
16316.671768996757,1315.1325390302459,6.25142159451655,-8239.753790970033,0.0019743322815355333,23.0,0.38,4100.0,0.003507057749557226
16541.770777365775,1269.7948072937086,6.132166431714918,-8058.972559161419,0.001932794919606809,24.0,0.38,4100.0,0.0036464311358790926
16757.6809853072,1228.0116167331778,6.028365932910777,-7883.263514871833,0.0018936568897869285,25.0,0.38,4100.0,0.003784839992770567
16965.08776450423,1189.3566940024245,5.913175328849827,-7712.501069470927,0.0018567032580529793,26.0,0.38,4100.0,0.003922297578525808
17164.604181345825,1153.495285674882,5.787589476528826,-7546.545437367953,0.0018217448506257202,27.0,0.38,4100.0,0.004058816879933809
17356.775829882674,1120.117066128447,5.682503306250603,-7385.249264055994,0.0017886140609472184,28.0,0.38,4100.0,0.0041944106196413825
17542.097417106354,1089.0033904904615,5.621735833461701,-7228.458459518442,0.0017571624308618894,29.0,0.38,4100.0,0.004329091263268264
17721.01882413148,1059.8984309902278,5.55359988696661,-7076.019165591984,0.0017272573608480796,30.0,0.38,4100.0,0.004462871026284196
0.0,0.0,0.0,-3.0578317024046555,0.006810482899150253,0.0,0.42000000000000004,4400.0,0.0
2929.2822969556755,2114.5586314082225,48.40100928486328,-6518.517261818139,0.005603369227863565,1.0,0.42000000000000004,4350.0,0.00016597605629390131
4780.072669859308,2937.156489679781,31.718460194299144,-9030.093086185545,0.004885686753456365,2.0,0.42000000000000004,4300.0,0.00033058603902421014
6165.699630527536,3251.771895186367,23.874993580885814,-10245.205401260173,0.004382287836903224,3.0,0.42000000000000004,4250.0,0.0004938522518074283
7279.069137912496,3316.4535098937263,19.327520987937717,-10864.482275460483,0.004021171813564053,4.0,0.42000000000000004,4250.0,0.0006557964564598195
8211.2898253309,3251.462494336811,16.3701210715911,-11164.29853292182,0.003734029082929877,5.0,0.42000000000000004,4250.0,0.000816439890405104
9013.382115569211,3120.448133584843,14.290896176992364,-11278.323023148929,0.003481727561454095,6.0,0.42000000000000004,4200.0,0.000975803283388641
9717.15490646029,2958.747084698311,12.749171869205826,-11278.042600868044,0.0032850267018945216,7.0,0.42000000000000004,4200.0,0.001133906873530906
10343.888943889086,2786.513096512947,11.569213002361314,-11205.064097102644,0.00311662709895977,8.0,0.42000000000000004,4200.0,0.0012907704227514234
10908.565482265245,2615.155747984152,10.628231378711783,-11085.107634732085,0.002957046012790777,9.0,0.42000000000000004,4150.0,0.0014464132315925218
11422.157754129357,2450.906961949123,9.873421919287495,-10934.919418270627,0.0028293385223160717,10.0,0.42000000000000004,4150.0,0.001600854153470727
11892.950287747966,2296.847960277804,9.230781419061566,-10765.000136013005,0.0027159537109947575,11.0,0.42000000000000004,4150.0,0.0017541116083821093
12327.356711767156,2154.3776382846777,8.702625928450415,-10582.702745489572,0.0026144353488216842,12.0,0.42000000000000004,4150.0,0.0019062035960864987
12730.44604655263,2023.8091275777851,8.252956676337316,-10393.089190170365,0.0025228803846880444,13.0,0.42000000000000004,4150.0,0.0020571477087941567
13106.302129735046,1904.8939316256135,7.8800289280475395,-10199.690787986583,0.0024397874633811214,14.0,0.42000000000000004,4150.0,0.002206961143377308
13458.252702481985,1797.1991805436696,7.549713337187623,-10005.136041313432,0.002354125096486841,15.0,0.42000000000000004,4100.0,0.002355660713127669
13789.058452111645,1700.2611241081788,7.23169029941863,-9811.089112482478,0.002284986615092787,16.0,0.42000000000000004,4100.0,0.0025032628590801204
14101.026845837874,1613.8346624323149,6.996636701066532,-9618.72332629018,0.0022212885769193453,17.0,0.42000000000000004,4100.0,0.0026497836609215776
14396.107885023932,1536.8587469982178,6.740509000876068,-9428.99233078405,0.002219865293015407,18.0,0.42000000000000004,4150.0,0.002795238847503173
14675.96650907443,1467.8515139059755,6.561003754509288,-9242.58817862493,0.0021640450736672974,19.0,0.42000000000000004,4150.0,0.0029396438069729134
14942.034315471314,1405.640080797043,6.358264346029038,-9059.764596011024,0.002112043475719942,20.0,0.42000000000000004,4150.0,0.0030830135965451673
15195.551202970948,1349.247213701691,6.197497079265855,-8880.790124838619,0.002063455013735018,21.0,0.42000000000000004,4150.0,0.0032253629519224465
15437.59802362603,1297.8857556123176,6.0587770965256835,-8705.82782184155,0.0020179316535703703,22.0,0.42000000000000004,4150.0,0.0033667062963842953
15669.122547396764,1250.908380012029,5.9046881534636295,-8535.036200461342,0.00196758695056805,23.0,0.42000000000000004,4100.0,0.003507057749557226
15890.964821694417,1207.7515840638853,5.7691008126289915,-8368.415659277685,0.001927546535296063,24.0,0.42000000000000004,4100.0,0.0036464311358790926
16103.863135966447,1167.9815587010987,5.677882752628978,-8205.900431026137,0.0018897664389000014,25.0,0.42000000000000004,4100.0,0.003784839992770567
16308.476758145618,1131.1914727433418,5.576139547550745,-8047.445412094283,0.0018540477698537074,26.0,0.42000000000000004,4100.0,0.003922297578525808
16505.396191764456,1097.0640028856355,5.464784525230252,-7892.984587532126,0.0018202148333024584,27.0,0.42000000000000004,4100.0,0.004058816879933809
16695.15635392639,1065.3048410250399,5.344662273599825,-7742.434862164737,0.0017881120482120879,28.0,0.42000000000000004,4100.0,0.0041944106196413825
16878.229412478107,1035.695882013469,5.287307921776228,-7595.701640767307,0.0017576012164980657,29.0,0.42000000000000004,4100.0,0.004329091263268264
17055.048798205895,1008.0010605577293,5.227890600977337,-7452.684440940815,0.0017285586256006605,30.0,0.42000000000000004,4100.0,0.004462871026284196
0.0,0.0,0.0,-3.0578317024046555,0.006305298529038106,0.0,0.46,4400.0,0.0
2730.110139511788,1968.9664950494475,45.15858221318299,-6123.785939115725,0.005261821268381694,1.0,0.46,4350.0,0.00016597605629390131
4473.8152842234485,2745.0600489734024,29.688265383061434,-8569.971885153675,0.004630009281707112,2.0,0.46,4300.0,0.00033058603902421014
5788.42509717063,3047.3725356771497,22.372248763845406,-9802.981418801719,0.0042038693488494535,3.0,0.46,4300.0,0.0004938522518074283
6850.061266638475,3114.605180253518,18.12558652915944,-10467.726255033136,0.003857665039695674,4.0,0.46,4250.0,0.0006557964564598195
7742.464210445601,3058.8354758092723,15.356211282564475,-10822.041555487362,0.003598430402031677,5.0,0.46,4250.0,0.000816439890405104
8512.774947884529,2939.690834178283,13.41525991293458,-10991.633318063927,0.003367664918087437,6.0,0.46,4200.0,0.000975803283388641
9190.490153229575,2790.5259605546416,11.974039779575172,-11045.644216440116,0.003187915516354463,7.0,0.46,4200.0,0.001133906873530906
9795.417941167363,2630.636221907583,10.854641184028267,-11024.005957975445,0.0030332454537443936,8.0,0.46,4200.0,0.0012907704227514234
10341.554172268752,2470.7992669041682,9.97449971909873,-10951.957259367344,0.0028982924358401125,9.0,0.46,4200.0,0.0014464132315925218
10839.170618798456,2317.0653383485146,9.27386158781658,-10845.88752079365,0.002779193251230468,10.0,0.46,4200.0,0.001600854153470727
11296.045649635022,2172.5729226767435,8.677736739587079,-10717.058222066611,0.002661189752998531,11.0,0.46,4150.0,0.0017541116083821093
11718.217214504737,2038.6659760909636,8.177529267040919,-10572.753430532357,0.0025664990456937264,12.0,0.46,4150.0,0.0019062035960864987
12110.467130579422,1915.717749823952,7.759579982669731,-10418.230155965502,0.0024808350853897224,13.0,0.46,4150.0,0.0020571477087941567
12476.64904442484,1803.6040836689692,7.403647507243366,-10257.260043347327,0.0024028642880274437,14.0,0.46,4150.0,0.002206961143377308
12819.918770699276,1701.8913424309255,7.085103652862445,-10092.558091001192,0.0023315145502632675,15.0,0.46,4150.0,0.002355660713127669
13142.89139658279,1610.174816724589,6.796346686952699,-9926.095354235229,0.0022659122849396705,16.0,0.46,4150.0,0.0025032628590801204
13447.756954896515,1528.2339997505333,6.568856613324641,-9759.428429698644,0.0021960785611372683,17.0,0.46,4100.0,0.0026497836609215776
13736.371561395084,1455.250193760013,6.331638038309584,-9593.549177674882,0.0021402684865979653,18.0,0.46,4100.0,0.002795238847503173
14010.320552096777,1389.8341098035673,6.156656606799219,-9429.1557191979,0.0020883530464089806,19.0,0.46,4100.0,0.0029396438069729134
14270.968798263937,1330.8591025133094,5.977242952485678,-9266.853503568796,0.0020935880894240684,20.0,0.46,4150.0,0.0030830135965451673
14519.49987295094,1277.411802952308,5.8076683684848005,-9107.159008717026,0.002047331239299493,21.0,0.46,4150.0,0.0032253629519224465
14756.946895116214,1228.7334189731148,5.685760352276536,-8950.196530711946,0.0020039173470319683,22.0,0.46,4150.0,0.0033667062963842953
14984.216900426212,1184.2184213120056,5.549722760561745,-8796.15824695857,0.0019630726948026123,23.0,0.46,4150.0,0.003507057749557226
15202.110271934218,1143.3248659781218,5.401173542349778,-8645.168201949375,0.0019245589178947728,24.0,0.46,4150.0,0.0036464311358790926
15411.341197991283,1105.6479557287976,5.3217147602695345,-8497.298324235482,0.0018881674438451955,25.0,0.46,4150.0,0.003784839992770567
15612.540041526723,1070.794984512316,5.23258538838634,-8352.598709087826,0.0018465126438979899,26.0,0.46,4100.0,0.003922297578525808
15806.27308741703,1038.4664972441606,5.13461997210568,-8211.145816189244,0.0018140140534195941,27.0,0.46,4100.0,0.004058816879933809
15993.051202359176,1008.3848855070735,5.028589964993296,-8072.824480427538,0.001783137532582735,28.0,0.46,4100.0,0.0041944106196413825
16173.335515687882,980.3406349718076,4.948660308814876,-7937.599642453417,0.0017537555800693399,29.0,0.46,4100.0,0.004329091263268264
16347.53788053985,954.1106253514757,4.8973566059234885,-7805.42172887762,0.001725754391550382,30.0,0.46,4100.0,0.004462871026284196
0.0,0.0,0.0,-3.0578317024046555,0.005805918978221356,0.0,0.5,4400.0,0.0
2530.4103187824794,1823.220520544985,41.909357091390454,-5720.570614798693,0.004913355358690458,1.0,0.5,4350.0,0.00016597605629390131
4163.9539376459325,2551.13962171541,27.633924547783685,-8086.971801628504,0.004363046069662833,2.0,0.5,4300.0,0.00033058603902421014
5404.167471830997,2839.749164431874,20.85891002256401,-9326.441470773389,0.003989132191555559,3.0,0.5,4300.0,0.0004938522518074283
6410.86684616927,2908.5781939141684,16.91492615449135,-10027.930704195802,0.0036805532568887755,4.0,0.5,4250.0,0.0006557964564598195
7260.485328214653,2861.452126051792,14.335531577758028,-10430.632224959452,0.0034491534152919683,5.0,0.5,4250.0,0.000816439890405104
7996.295046670518,2753.8839732968613,12.522375727995222,-10651.90373042503,0.003256627643241516,6.0,0.5,4250.0,0.000975803283388641
8645.471624957303,2617.240389164563,11.182588680442423,-10756.970515619287,0.0030777855455682507,7.0,0.5,4200.0,0.001133906873530906
9226.325474444338,2469.6531917595844,10.144220325634686,-10784.895532741488,0.0029372884258954423,8.0,0.5,4200.0,0.0012907704227514234
9751.835087576468,2321.4677566838177,9.325489790107088,-10759.816458031673,0.0028141310806774093,9.0,0.5,4200.0,0.0014464132315925218
10231.555971715938,2178.4776119006424,8.661517609264894,-10697.87019392172,0.0027049845353582756,10.0,0.5,4200.0,0.001600854153470727
10672.741592352897,2043.7236219755048,8.111611974007449,-10610.023963551794,0.0026073643374169815,11.0,0.5,4200.0,0.0017541116083821093
11081.033199852553,1918.5807133386759,7.646590619751421,-10504.035500100086,0.0025079583094648247,12.0,0.5,4150.0,0.0019062035960864987
11460.914082364987,1803.5041311533598,7.254338941638616,-10385.38980023242,0.0024286420404527895,13.0,0.5,4150.0,0.0020571477087941567
11815.997185421204,1698.377767474139,6.916729006091489,-10257.853068661338,0.0023562319506419053,14.0,0.5,4150.0,0.002206961143377308
12149.252528365714,1602.8666208255543,6.6116295376396605,-10124.3200687953,0.002289785303520629,15.0,0.5,4150.0,0.002355660713127669
12463.140881900808,1516.5800922371382,6.357101189373544,-9986.936950065428,0.0022285314193401847,16.0,0.5,4150.0,0.0025032628590801204
12759.729198089006,1439.3255387997913,6.13243985884562,-9847.307930537252,0.002171832929431495,17.0,0.5,4150.0,0.0026497836609215776
13040.770769091556,1370.47768120881,5.923511211014599,-9706.639257914576,0.002119157287575277,18.0,0.5,4150.0,0.002795238847503173
13307.76547861317,1308.7929612103626,5.744693387462071,-9565.848243112603,0.002061231325369329,19.0,0.5,4100.0,0.0029396438069729134
13562.006271027127,1253.1798783290378,5.587215279907993,-9425.767766474986,0.0020156033164691494,20.0,0.5,4100.0,0.0030830135965451673
13804.615696848086,1202.7943844951603,5.41240022010537,-9286.75419426107,0.00197281954594214,21.0,0.5,4100.0,0.0032253629519224465
14036.574630882587,1156.909457186691,5.305656257293613,-9149.198217426674,0.0019326004434856905,22.0,0.5,4100.0,0.0033667062963842953
14258.745128456101,1114.945802145483,5.186565835575705,-9013.503653288113,0.0019441469373715362,23.0,0.5,4150.0,0.003507057749557226
14471.889079104261,1076.410099523892,5.055851834686068,-8879.836847089915,0.0019076407791242089,24.0,0.5,4150.0,0.0036464311358790926
14676.686891520802,1040.9031271670788,4.959907228611909,-8748.289048652427,0.0018730914662618788,25.0,0.5,4150.0,0.003784839992770567
14873.7391680843,1008.0634143595834,4.882552707493623,-8618.966712281566,0.0018403331069543358,26.0,0.5,4150.0,0.003922297578525808
15063.58654685496,977.6027999941543,4.797127953277544,-8491.94076563335,0.0018092187464875127,27.0,0.5,4150.0,0.004058816879933809
15246.717320758715,949.2609557802111,4.704333787179895,-8367.25324045463,0.0017796176638388316,28.0,0.5,4150.0,0.0041944106196413825
15423.571494277538,922.8443244496649,4.605830830407688,-8244.923064723007,0.0017514133475968155,29.0,0.5,4150.0,0.004329091263268264
15594.544006901884,898.1368945894847,4.562033150174882,-8124.953160504629,0.0017245012324409936,30.0,0.5,4150.0,0.004462871026284196
0.0,0.0,0.0,-3.0578317024046555,0.005312198337690099,0.0,0.54,4400.0,0.0
2330.2043424265266,1677.3438765661901,38.64480147029131,-5308.95142822506,0.004558026783344745,1.0,0.54,4350.0,0.00016597605629390131
3850.4921210495945,2355.435273186685,25.567634569107874,-7580.743883843446,0.004084592334777216,2.0,0.54,4300.0,0.00033058603902421014
5012.833534577713,2628.914746487377,19.3252664439186,-8814.262469785135,0.003760823371834464,3.0,0.54,4300.0,0.0004938522518074283
5961.253921945921,2698.3412631038254,15.681998393594242,-9542.984166589602,0.0035081493643217393,4.0,0.54,4300.0,0.0006557964564598195
6764.952720223454,2659.2396139407265,13.302197918813077,-9986.929810721122,0.0032852586692173973,5.0,0.54,4250.0,0.000816439890405104
7463.362271706955,2562.9188400218673,11.61940649505312,-10254.692778609708,0.003114504266400491,6.0,0.54,4250.0,0.000975803283388641
8081.323691892888,2438.669191791925,10.374961060067125,-10407.35288250984,0.0029684431204155736,7.0,0.54,4250.0,0.001133906873530906
8635.635114682653,2303.400262886667,9.421600871164612,-10481.900943676374,0.0028274442775885096,8.0,0.54,4200.0,0.0012907704227514234
9138.236169097225,2166.9703403040603,8.661308027832014,-10502.080596320055,0.002716486896032232,9.0,0.54,4200.0,0.0014464132315925218
9597.946351368551,2034.9085302567796,8.036505520526278,-10483.245521780977,0.002617727372311268,10.0,0.54,4200.0,0.001600854153470727
10021.475648770032,1910.0982284936224,7.532512752816728,-10436.19375028625,0.0025290483292572438,11.0,0.54,4200.0,0.0017541116083821093
10414.056217535572,1793.964417154464,7.103006011822759,-10368.555010588985,0.0024488229031042587,12.0,0.54,4200.0,0.0019062035960864987
10779.853278658844,1686.9573617110561,6.737327197535548,-10285.83455099327,0.0023757757728725616,13.0,0.54,4200.0,0.0020571477087941567
11122.232901291442,1589.039323284423,6.419364609940394,-10192.198563077218,0.00229834767523073,14.0,0.54,4150.0,0.002206961143377308
11443.96374521114,1499.9511075026385,6.1293799531894155,-10090.643089927478,0.0022372153648766778,15.0,0.54,4150.0,0.002355660713127669
11747.347960216828,1419.3146825103317,5.90700813644718,-9983.32088235244,0.002180706543728883,16.0,0.54,4150.0,0.0025032628590801204
12034.319056566155,1346.9444617429228,5.687466792267996,-9871.96536847583,0.0021282659532237,17.0,0.54,4150.0,0.0026497836609215776
12306.520776647734,1282.4127032938165,5.505101049077128,-9757.907548482544,0.0020794282513651196,18.0,0.54,4150.0,0.002795238847503173
12565.361070437886,1224.5853242121573,5.325188368234229,-9642.175834277688,0.0020337999394946242,19.0,0.54,4150.0,0.0029396438069729134
12812.055358810481,1172.4831889616169,5.188248146402136,-9525.568537879466,0.0019910455760909023,20.0,0.54,4150.0,0.0030830135965451673
13047.660252146758,1125.2692413200823,5.035577674152185,-9408.707247624145,0.0019508771171617629,21.0,0.54,4150.0,0.0032253629519224465
13273.100080777844,1082.296208015791,4.918530253126083,-9292.076633035656,0.0019130455723980395,22.0,0.54,4150.0,0.0033667062963842953
13489.188011738599,1042.984791845087,4.81527640272234,-9176.150991941657,0.0018693074827508358,23.0,0.54,4100.0,0.003507057749557226
13696.647062832873,1006.8983689459279,4.701477955946302,-9061.161805532392,0.0018357356481054554,24.0,0.54,4100.0,0.0036464311358790926
13896.114653877647,973.6385035570632,4.592519067232826,-8947.29556643356,0.0018039155620653967,25.0,0.54,4100.0,0.003784839992770567
14088.161866377566,942.8923688796867,4.5260971724950165,-8834.787608497667,0.001819430763919399,26.0,0.54,4150.0,0.003922297578525808
14273.301349229501,914.3724684090338,4.452358758639901,-8723.798349959005,0.0017901247862105217,27.0,0.54,4150.0,0.004058816879933809
14451.998033517837,887.839509071777,4.371936451682744,-8614.341349877148,0.0017622027146685676,28.0,0.54,4150.0,0.0041944106196413825
14624.66451752959,863.1134885519025,4.285415069080198,-8506.488387165839,0.0017355601173616958,29.0,0.54,4150.0,0.004329091263268264
14791.680447124285,839.9892137395823,4.2219687347336325,-8400.290239672278,0.0017101033097862198,30.0,0.54,4150.0,0.004462871026284196
0.0,0.0,0.0,-3.0578317024046555,0.004823996441237575,0.0,0.5800000000000001,4400.0,0.0
2129.5095569070127,1531.360776842403,35.37176381060807,-4889.0116068713105,0.004195893914781789,1.0,0.5800000000000001,4350.0,0.00016597605629390131
3533.440809745412,2157.9921476378004,23.475000233637612,-7050.953475467111,0.0037944496911702912,2.0,0.5800000000000001,4300.0,0.00033058603902421014
4614.346534408094,2414.8962482836832,17.771021761364214,-8265.274729265264,0.003518442780838387,3.0,0.5800000000000001,4300.0,0.0004938522518074283
5501.006176827671,2483.8858444943485,14.43433441207557,-9011.03126243582,0.0033009827837049504,4.0,0.5800000000000001,4300.0,0.0006557964564598195
6255.481765646538,2452.1439299323174,12.248065112423326,-9487.66923484236,0.003105762537122281,5.0,0.5800000000000001,4250.0,0.000816439890405104
6913.397334791732,2366.7024066225385,10.709024086762456,-9795.648788180151,0.0029566519420980704,6.0,0.5800000000000001,4250.0,0.000975803283388641
7497.263278489384,2254.6868769263638,9.560948413272259,-9991.264820887533,0.0028283326501035337,7.0,0.5800000000000001,4250.0,0.001133906873530906
8022.351882333845,2131.7860290061544,8.682670666363318,-10109.138056892029,0.0027161834667416363,8.0,0.5800000000000001,4250.0,0.0012907704227514234
8499.549201284606,2007.2232850821529,7.982097758791903,-10171.614069562238,0.0026169494291562786,9.0,0.5800000000000001,4250.0,0.0014464132315925218
8936.919678924145,1886.186981399984,7.405751570414747,-10194.05482588779,0.002515819681664996,10.0,0.5800000000000001,4200.0,0.001600854153470727
9340.614287365694,1771.5337442162083,6.940566484926145,-10186.60821387876,0.0024364659733424683,11.0,0.5800000000000001,4200.0,0.0017541116083821093
9715.443054245306,1664.5846841265811,6.546895411565326,-10156.742374466616,0.0023644077217613918,12.0,0.5800000000000001,4200.0,0.0019062035960864987
10065.23681820707,1565.884520334408,6.208659088448393,-10109.930887316776,0.0022985685934495694,13.0,0.5800000000000001,4200.0,0.0020571477087941567
10393.107011735416,1475.4181975086453,5.911664135933118,-10050.246265085458,0.002238086783622144,14.0,0.5800000000000001,4200.0,0.002206961143377308
10701.608978077404,1392.9705181221566,5.6586749414161766,-9980.764499196172,0.002182262076955092,15.0,0.5800000000000001,4200.0,0.002355660713127669
10992.874583808181,1318.2112220970985,5.4461659584810445,-9903.84706132079,0.0021206389377963937,16.0,0.5800000000000001,4150.0,0.0025032628590801204
11268.699917079468,1250.9323959637327,5.234034004949865,-9821.495530211105,0.0020728286605863917,17.0,0.5800000000000001,4150.0,0.0026497836609215776
11530.611513866874,1190.8836713538458,5.076497626788752,-9734.928610891271,0.00202819028484779,18.0,0.5800000000000001,4150.0,0.002795238847503173
11779.918311385158,1137.0972385824225,4.899621017910823,-9645.265337931545,0.0019863852475052483,19.0,0.5800000000000001,4150.0,0.0029396438069729134
12017.752539377212,1088.630921622313,4.780426643983068,-9553.391867832135,0.001947124127833498,20.0,0.5800000000000001,4150.0,0.0030830135965451673
12245.101623409404,1044.7303611237448,4.648471810273112,-9460.013525052178,0.0019101577419378736,21.0,0.5800000000000001,4150.0,0.0032253629519224465
12462.827963874302,1004.7624458932702,4.524462696575024,-9365.69403814726,0.001875270142603551,22.0,0.5800000000000001,4150.0,0.0033667062963842953
12671.692185459537,968.2207392864017,4.435931189909924,-9270.885329193181,0.0018422730679088725,23.0,0.5800000000000001,4150.0,0.003507057749557226
12872.367884397883,934.6719267863381,4.337915779399201,-9175.950292421898,0.0018110015431578776,24.0,0.5800000000000001,4150.0,0.0036464311358790926
13065.454761062205,903.7548646770762,4.231364736514798,-9081.181307548388,0.0017813101772273412,25.0,0.5800000000000001,4150.0,0.003784839992770567
13251.491717123225,875.1791548009547,4.163289385480137,-8986.813001268783,0.001753070292423468,26.0,0.5800000000000001,4150.0,0.003922297578525808
13430.957839464854,848.6768488188808,4.100379910234038,-8893.06478236281,0.0017186903319631338,27.0,0.5800000000000001,4100.0,0.004058816879933809
13604.285975069053,824.0367788398936,4.031460370125346,-8800.138000054118,0.0016931836129693762,28.0,0.5800000000000001,4100.0,0.0041944106196413825
13771.87153607746,801.05633816219,3.9570544973950827,-8708.065940153188,0.0016688121131609873,29.0,0.5800000000000001,4100.0,0.004329091263268264
13934.068222888538,779.5787914200398,3.877646614795099,-8616.976069824275,0.0016874031026876438,30.0,0.5800000000000001,4150.0,0.004462871026284196
0.0,0.0,0.0,-3.0578317024046555,0.004341178556583811,0.0,0.62,4400.0,0.0
1928.3508843635625,1385.2979922003349,32.081867434236585,-4460.837517405758,0.0038270182311712997,1.0,0.62,4350.0,0.00016597605629390131
3212.818936732459,1958.8633541636739,21.36651109047551,-6497.415691702132,0.0035138981695692823,2.0,0.62,4350.0,0.00033058603902421014
4208.664485860211,2197.736504336717,16.20062690826969,-7678.311998535522,0.0032614884794273592,3.0,0.62,4300.0,0.0004938522518074283
5029.918998464122,2265.2414800659353,13.170916936411414,-8429.492568900074,0.0030778016214991323,4.0,0.62,4300.0,0.0006557964564598195
5731.700840980184,2240.130298164541,11.180001326639221,-8929.700030510001,0.0029259191443402072,5.0,0.62,4300.0,0.000816439890405104
6345.830395220721,2165.188784489649,9.778619634032117,-9270.22583454076,0.002781832022424256,6.0,0.62,4250.0,0.000975803283388641
6892.508498612496,2065.1885463949293,8.736910891439702,-9502.915957554695,0.0026711727564776057,7.0,0.62,4250.0,0.001133906873530906
7385.470933979323,1954.647826606419,7.927607663278003,-9659.590586956598,0.0025739277164101575,8.0,0.62,4250.0,0.0012907704227514234
7834.540473199775,1841.9984622022737,7.288025603154979,-9761.15367836741,0.0024874540577877954,9.0,0.62,4250.0,0.0014464132315925218
8247.01105744973,1732.176664523513,6.773017309297213,-9821.828236450085,0.0024098106213326083,10.0,0.62,4250.0,0.001600854153470727
8628.464492234856,1627.8401481737656,6.335921315652062,-9851.682235493405,0.0023277610246143017,11.0,0.62,4200.0,0.0017541116083821093
8983.26744760468,1530.3244710519841,5.978399553710781,-9858.094512622018,0.0022641983827889336,12.0,0.62,4200.0,0.0019062035960864987
9314.914267115815,1440.1337445988654,5.6684686391623265,-9846.17032849598,0.00220591301616036,13.0,0.62,4200.0,0.0020571477087941567
9626.240773718067,1357.3407363836186,5.396726531813548,-9819.930721666147,0.0021521905943772167,14.0,0.62,4200.0,0.002206961143377308
9919.588964233768,1281.7537575546987,5.176586099240107,-9782.44900305834,0.0021024486498640014,15.0,0.62,4200.0,0.002355660713127669
10196.909461451967,1213.0971337130118,4.974692566349723,-9736.105667335054,0.0020562062381774644,16.0,0.62,4200.0,0.0025032628590801204
10459.84924897669,1151.1536634928636,4.786271693456725,-9682.76580409694,0.0020130618458017707,17.0,0.62,4200.0,0.0026497836609215776
10709.81162241258,1095.7725608356382,4.637810313764892,-9623.905204459435,0.00197267698552184,18.0,0.62,4200.0,0.002795238847503173
10948.002099833104,1046.1692647474752,4.486138060440123,-9560.701651866737,0.0019347638070590634,19.0,0.62,4200.0,0.0029396438069729134
11175.464393160371,1001.4957072218809,4.363853181439793,-9494.219203691915,0.001890240649020242,20.0,0.62,4150.0,0.0030830135965451673
11393.108141800063,961.0307538180971,4.251180130114795,-9425.14661172861,0.0018567975768730238,21.0,0.62,4150.0,0.0032253629519224465
11601.731193458141,924.2049485403933,4.1273179428792695,-9354.059269114427,0.0018251665196371452,22.0,0.62,4150.0,0.0033667062963842953
11802.039775065894,890.531998673618,4.048623669849928,-9281.467451230536,0.0017951873168419808,23.0,0.62,4150.0,0.003507057749557226
11994.655992369871,859.6256293172761,3.9652550698642344,-9207.790235929111,0.0017667192486190378,24.0,0.62,4150.0,0.0036464311358790926
12180.135751887034,831.1629438974467,3.8742840409162085,-9133.372496513664,0.0017396380423392846,25.0,0.62,4150.0,0.003784839992770567
12358.97698289001,804.8430174051787,3.7942139675217543,-9058.498943234503,0.0017138334735286418,26.0,0.62,4150.0,0.003922297578525808
12531.630004086926,780.4416536176417,3.7412751862132545,-8983.405324454332,0.0016892073821896303,27.0,0.62,4150.0,0.004058816879933809
12698.494607879426,757.7529783163569,3.6829866247396166,-8908.28650402923,0.0016656719470443766,28.0,0.62,4150.0,0.0041944106196413825
12859.937162063814,736.5885962871407,3.6198130893640275,-8833.30429636121,0.0016431483768553328,29.0,0.62,4150.0,0.004329091263268264
13016.291264933938,716.8214705690721,3.5521842148050973,-8758.592384068717,0.0016215657008029054,30.0,0.62,4150.0,0.004462871026284196
0.0,0.0,0.0,-3.0578317024046555,0.0038636150975658503,0.0,0.66,4400.0,0.0
1726.7495713285157,1239.1810094639004,28.780760995666714,-4024.5187047850923,0.0034514643238994524,1.0,0.66,4350.0,0.00016597605629390131
2888.6546437440825,1758.1106213700043,19.230565121197973,-5919.835765345444,0.0031982835502196803,2.0,0.66,4350.0,0.00033058603902421014
3795.745228175046,1977.4909500294916,14.60344232529632,-7052.216595887257,0.002989458649094527,3.0,0.66,4300.0,0.0004938522518074283
4547.813067829824,2042.4459153644787,11.8829469001202,-7796.100436345434,0.002837795864776352,4.0,0.66,4300.0,0.0006557964564598195
5193.257935237645,2023.1936829930135,10.097968534765526,-8309.524862697319,0.002711385072751841,5.0,0.66,4300.0,0.000816439890405104
5760.113651875993,1958.3551527137988,8.828427172883748,-8673.883286807526,0.002603313863399287,6.0,0.66,4300.0,0.000975803283388641
6266.289725574839,1870.1685248133494,7.89376512562596,-8936.293139938949,0.0024954488489900444,7.0,0.66,4250.0,0.001133906873530906
6723.990695433577,1771.8469768248053,7.165630581680381,-9125.931872977133,0.0024130134888779757,8.0,0.66,4250.0,0.0012907704227514234
7141.966485080551,1671.1793655277424,6.5884763279757035,-9261.825350988416,0.002339338805565255,9.0,0.66,4250.0,0.0014464132315925218
7526.7323177374465,1572.6858762644217,6.124255148226309,-9357.193159487186,0.0022728811175677394,10.0,0.66,4250.0,0.001600854153470727
7883.281554183515,1478.8664619424464,5.730918975760653,-9421.425486632077,0.0022124678594334698,11.0,0.66,4250.0,0.0017541116083821093
8215.539419678355,1390.9772745030193,5.398593872957759,-9461.374226909873,0.0021571871841963805,12.0,0.66,4250.0,0.0019062035960864987
8526.641890517263,1309.5355455584747,5.120577188496968,-9482.151769986202,0.002106315814045548,13.0,0.66,4250.0,0.0020571477087941567
8819.148394109066,1234.636100946823,4.886154208409533,-9487.842134565326,0.0020488904470868418,14.0,0.66,4200.0,0.002206961143377308
9095.170278555212,1166.1433785486722,4.681928015337453,-9481.26688090233,0.0020055306131565157,15.0,0.66,4200.0,0.002355660713127669
9356.472000114733,1103.814513842942,4.492724297124364,-9464.743602515766,0.0019650973825264596,16.0,0.66,4200.0,0.0025032628590801204
9604.545761229447,1047.449956652088,4.333111918398368,-9440.134856242017,0.0019272632304448653,17.0,0.66,4200.0,0.0026497836609215776
9840.664565618737,996.9310574535368,4.18916672375646,-9408.931367039702,0.001891751208898894,18.0,0.66,4200.0,0.002795238847503173
10065.923634828705,951.7041628985965,4.060918043416604,-9372.337068513654,0.001858325117002868,19.0,0.66,4200.0,0.0029396438069729134
10281.272391069391,910.970380409058,3.9386464755145005,-9331.332029548881,0.0018267819460051637,20.0,0.66,4200.0,0.0030830135965451673
10487.539535666963,874.089273465136,3.843819959312387,-9286.71979556133,0.0017969459937057614,21.0,0.66,4200.0,0.0032253629519224465
10685.45363108647,840.5222508457869,3.7391458328909324,-9239.163302295368,0.0017686642472517183,22.0,0.66,4200.0,0.0033667062963842953
10875.658496445887,809.8461109134597,3.6534630524996654,-9189.212310414187,0.0017418026579637893,23.0,0.66,4200.0,0.003507057749557226
11058.723347108065,781.691890453025,3.583604229081575,-9137.331388498424,0.0017081284561222152,24.0,0.66,4150.0,0.0036464311358790926
11235.157254817821,755.7523246842185,3.5070562715774445,-9084.022281491554,0.001683938389063133,25.0,0.66,4150.0,0.003784839992770567
11405.418234668123,731.7907952092879,3.4244941286754673,-9029.477498196458,0.0016608439400452061,26.0,0.66,4150.0,0.003922297578525808
11569.916173345515,709.57069275228,3.3751436000565223,-8973.969404736948,0.001638762958776537,27.0,0.66,4150.0,0.004058816879933809
11729.019825148682,688.9060615348452,3.3266138772434135,-8917.728402740111,0.0016176218779465259,28.0,0.66,4150.0,0.0041944106196413825
11883.06806609638,669.6521176457566,3.2737874169645393,-8860.949395756747,0.0015973544968721208,29.0,0.66,4150.0,0.004329091263268264
12032.363790161795,651.6467543521304,3.2170411383402278,-8803.798620908907,0.0015779010859461,30.0,0.66,4150.0,0.004462871026284196
0.0,0.0,0.0,-3.0578317024046555,0.0033911813556569553,0.0,0.7000000000000001,4400.0,0.0
1524.73258739576,1093.0415379023086,25.46156402936413,-3580.1479202239716,0.0030692998947301066,1.0,0.7000000000000001,4350.0,0.00016597605629390131
2560.9857151463357,1555.8047779839321,17.075314844123017,-5317.789133890765,0.002870280441559364,2.0,0.7000000000000001,4350.0,0.00033058603902421014
3375.5694037737585,1754.2685353447343,12.990062016471658,-6385.844879595097,0.002701853729762625,3.0,0.7000000000000001,4300.0,0.0004938522518074283
4054.5403326311225,1815.5223643597872,10.580687629620039,-7108.562741322807,0.002580140005680837,4.0,0.7000000000000001,4300.0,0.0006557964564598195
4639.8308363342885,1801.3919779185808,8.992613076698994,-7623.3418631817985,0.002477877515997817,5.0,0.7000000000000001,4300.0,0.000816439890405104
5155.730792531385,1746.1368918409532,7.871736045916082,-8001.746959170654,0.0023898380879475325,6.0,0.7000000000000001,4300.0,0.000975803283388641
5617.866302252098,1669.512936472186,7.031755654962372,-8285.397869446802,0.0023126827154952233,7.0,0.7000000000000001,4300.0,0.001133906873530906
6036.927919416311,1583.3507580963628,6.391712643540624,-8500.451924964655,0.0022316168557705547,8.0,0.7000000000000001,4250.0,0.0012907704227514234
6420.590533097231,1494.7129696325699,5.878422955161666,-8664.588079571156,0.0021705943394188204,9.0,0.7000000000000001,4250.0,0.0014464132315925218
6774.583219386318,1407.658183456031,5.459669385907938,-8789.510558255046,0.0021152901558804515,10.0,0.7000000000000001,4250.0,0.001600854153470727
7103.305615853987,1324.4992536489367,5.1148257394628835,-8883.854556172308,0.002064796749625072,11.0,0.7000000000000001,4250.0,0.0017541116083821093
7410.224486912133,1246.4094537300386,4.82115746775013,-8953.978428226736,0.00201840556945833,12.0,0.7000000000000001,4250.0,0.0019062035960864987
7698.116766799441,1173.93972376266,4.573054540084724,-9004.669461232952,0.001975552522131046,13.0,0.7000000000000001,4250.0,0.0020571477087941567
7969.250611417246,1107.1627637975284,4.361427797035581,-9039.600227552386,0.0019357810669908744,14.0,0.7000000000000001,4250.0,0.002206961143377308
8225.503859672253,1045.9948983712834,4.174864405042733,-9061.633349506905,0.001898716472881447,15.0,0.7000000000000001,4250.0,0.002355660713127669
8468.445471221343,990.2302591877358,4.0004148075302375,-9073.031129327355,0.0018640473528598162,16.0,0.7000000000000001,4250.0,0.0025032628590801204
8699.405741529814,939.68106690952,3.867469184522402,-9075.689478782384,0.0018221325842395647,17.0,0.7000000000000001,4200.0,0.0026497836609215776
8919.521155014274,894.2490927250409,3.7307116107147027,-9071.073175948666,0.0017917491709000823,18.0,0.7000000000000001,4200.0,0.002795238847503173
9129.770886929182,853.5756580510417,3.6241061103162613,-9060.277268819162,0.0017630723394787974,19.0,0.7000000000000001,4200.0,0.0029396438069729134
9331.00614465679,816.9514455986465,3.505989608085994,-9044.283752680712,0.0017359403264787824,20.0,0.7000000000000001,4200.0,0.0030830135965451673
9523.969657821724,783.7928394546927,3.4265272892102723,-9023.90630262524,0.0017102127561538516,21.0,0.7000000000000001,4200.0,0.0032253629519224465
9709.314404214734,753.6282848654772,3.3395758287319572,-8999.824008826465,0.001685767034800651,22.0,0.7000000000000001,4200.0,0.0033667062963842953
9887.618091124263,726.0585377974376,3.2505732386625517,-8972.606317804966,0.0016624955492444238,23.0,0.7000000000000001,4200.0,0.003507057749557226
10059.394789137974,700.7667100565673,3.1930891533056474,-8942.733459323332,0.0016403032845285573,24.0,0.7000000000000001,4200.0,0.0036464311358790926
10225.105258874422,677.4772067974195,3.129806930583458,-8910.613269905785,0.0016191059264927682,25.0,0.7000000000000001,4200.0,0.003784839992770567
10385.158304688279,655.9515386596318,3.0613107085277007,-8876.592233143798,0.0015988284325658257,26.0,0.7000000000000001,4200.0,0.003922297578525808
10539.925252567773,635.9992584042424,3.0020983449661243,-8840.966761369149,0.0015794036132602445,27.0,0.7000000000000001,4200.0,0.004058816879933809
10689.743134867831,617.4539267589474,2.9624572276718797,-8803.991620868816,0.0015607711551516965,28.0,0.7000000000000001,4200.0,0.0041944106196413825
10834.912199587465,600.1612631290592,2.9190929319056726,-8765.88507907404,0.0015428767277153462,29.0,0.7000000000000001,4200.0,0.004329091263268264
10975.712718275103,584.0096886501084,2.8723315725182057,-8726.83695195357,0.0015256711541740792,30.0,0.7000000000000001,4200.0,0.004462871026284196
0.0,0.0,0.0,-3.0578317024046555,0.0029237572492450204,0.0,0.74,4400.0,0.0
1322.3257285717136,946.9059050391387,22.128596261145013,-3127.821170510797,0.0026805957389469865,1.0,0.74,4350.0,0.00016597605629390131
2229.8608902589876,1352.028716917558,14.891204034949396,-4691.012365265473,0.0025297174114598617,2.0,0.74,4350.0,0.00033058603902421014
2948.137523409548,1528.1495592995302,11.347601499463513,-5678.43245034547,0.002413334629304397,3.0,0.74,4350.0,0.0004938522518074283
3550.0137727016877,1584.5635435247345,9.253308958608075,-6364.573292697969,0.0023039963460150864,4.0,0.74,4300.0,0.0006557964564598195
4071.142275997855,1574.7933300748557,7.870790189654086,-6867.473464732029,0.0022242323812311855,5.0,0.74,4300.0,0.000816439890405104
4532.207217270234,1528.5704060228484,6.8923147789963055,-7248.390461066876,0.002155080276701459,6.0,0.74,4300.0,0.000975803283388641
4946.549987028231,1463.2188222325715,6.162415265741473,-7543.4577879482895,0.0020940972126604236,7.0,0.74,4300.0,0.001133906873530906
5323.3502989406825,1389.1348799533785,5.598574942607585,-7775.568833208148,0.002039610910459814,8.0,0.74,4300.0,0.0012907704227514234
5669.218355011216,1312.4785514372732,5.150270780722931,-7960.061575522777,0.0019904213384608098,9.0,0.74,4300.0,0.0014464132315925218
5989.0969214683955,1236.9644368494164,4.779487063385975,-8107.656041215887,0.0019456357707837099,10.0,0.74,4300.0,0.001600854153470727
6286.785768864963,1164.619171658211,4.482554479601975,-8226.307776056157,0.001893958289658666,11.0,0.74,4250.0,0.0017541116083821093
6565.287267255954,1096.556744106871,4.227680170810607,-8321.584441128121,0.001856408703489792,12.0,0.74,4250.0,0.0019062035960864987
6827.011628345691,1033.2428754134492,4.010263059863759,-8397.812831692048,0.0018215882498461278,13.0,0.74,4250.0,0.0020571477087941567
7073.929835338724,974.8123065721118,3.8227415068195194,-8458.37195312239,0.0017891536047628448,14.0,0.74,4250.0,0.002206961143377308
7307.675702364946,921.1969037757056,3.6555786499645926,-8505.91768898604,0.0017588220340500206,15.0,0.74,4250.0,0.002355660713127669
7529.6197397831165,872.237674060491,3.511582535356334,-8542.566579277307,0.0017303578600798722,16.0,0.74,4250.0,0.0025032628590801204
7740.923848662627,827.7534647355154,3.3895186822832652,-8570.025832257234,0.0017035625282532739,17.0,0.74,4250.0,0.0026497836609215776
7942.582426584324,787.6374584972152,3.2675629099284653,-8589.687444489551,0.0016782671695895,18.0,0.74,4250.0,0.002795238847503173
8135.453370763729,751.7037606269695,3.175867494186235,-8602.696403683454,0.0016543269958522303,19.0,0.74,4250.0,0.0029396438069729134
8320.282490006888,719.356462375281,3.079333477607531,-8610.002899971514,0.001631616891874314,20.0,0.74,4250.0,0.0030830135965451673
8497.723697913458,690.0771543712473,2.999455566113748,-8612.401491409459,0.0016100280051619831,21.0,0.74,4250.0,0.0032253629519224465
8668.35239866575,663.4517668560102,2.9287635682221835,-8610.604089828557,0.0015812183061194845,22.0,0.74,4200.0,0.0033667062963842953
8832.676052521765,639.1210947667578,2.8516319240384167,-8605.224444072126,0.001561752793520158,23.0,0.74,4200.0,0.003507057749557226
8991.147554747211,616.8061127094056,2.793852045190887,-8596.649603092439,0.0015431471565298014,24.0,0.74,4200.0,0.0036464311358790926
9144.175560179416,596.2633494262245,2.7426807851466934,-8585.293417192435,0.0015253361081879262,25.0,0.74,4200.0,0.003784839992770567
9292.1198574819,577.2771736958643,2.6870745537311733,-8571.51062792031,0.0015082613923540448,26.0,0.74,4200.0,0.003922297578525808
9435.309906750948,559.6853107539182,2.6274866929005567,-8555.60959680038,0.0014918706948571154,27.0,0.74,4200.0,0.004058816879933809
9574.043484199636,543.3293790274801,2.5906470350360244,-8537.855425586044,0.0014761170628136725,28.0,0.74,4200.0,0.0041944106196413825
9708.587149040424,528.0941490174919,2.5558626886453752,-8518.481239523811,0.0014609579640690123,29.0,0.74,4200.0,0.004329091263268264
9839.190643389467,513.8481397240722,2.518189834028579,-8497.688240120748,0.001446355005764926,30.0,0.74,4200.0,0.004462871026284196
0.0,0.0,0.0,-3.0578317024046555,0.00246122708924944,0.0,0.78,4400.0,0.0
1119.5582420676603,800.8098687869128,18.776355045013407,-2667.6376886834187,0.002285425729969438,1.0,0.78,4350.0,0.00016597605629390131
1895.3414823752746,1146.8762112554505,12.683521813503747,-4039.2641978722677,0.002176433896064086,2.0,0.78,4350.0,0.00033058603902421014
2513.478948264977,1299.2457008971412,9.683515691749571,-4928.530727544625,0.002091409287113001,3.0,0.78,4350.0,0.0004938522518074283
3034.174565125653,1349.7023496614095,7.903286192538377,-5562.110686972228,0.002021238512157046,4.0,0.78,4350.0,0.0006557964564598195
3486.982792554473,1343.47882637714,6.728108894461618,-6038.176946136373,0.0019492527897486608,5.0,0.78,4300.0,0.000816439890405104
3889.1356913367085,1305.7556165661558,5.890499467237565,-6408.498926457069,0.0018975115945941633,6.0,0.78,4300.0,0.000975803283388641
4251.716746503142,1251.3743835411508,5.271918394394904,-6703.304312461674,0.0018515960369443398,7.0,0.78,4300.0,0.001133906873530906
4582.399867421948,1189.1924226097192,4.786502462865689,-6942.075727171839,0.0018103379840971406,8.0,0.78,4300.0,0.0012907704227514234
4886.735043271303,1124.5661372297639,4.40428926193202,-7137.965879823787,0.0017728958115691843,9.0,0.78,4300.0,0.0014464132315925218
5168.879860836485,1060.6384122455033,4.094020339310295,-7300.239349221796,0.0017386409000471328,10.0,0.78,4300.0,0.001600854153470727
5432.040525428561,999.2427423899878,3.83434900240589,-7435.6415717225755,0.0017070902845813993,11.0,0.78,4300.0,0.0017541116083821093
5678.746952389199,941.3477370071378,3.6183981494811217,-7549.218646324429,0.0016778642036670132,12.0,0.78,4300.0,0.0019062035960864987
5911.038444365744,887.3895067830483,3.4324293627448834,-7644.8302554471375,0.0016506582715144118,13.0,0.78,4300.0,0.0020571477087941567
6130.584516307055,837.5179201896974,3.2703106651756984,-7725.5529189381705,0.0016160157412182699,14.0,0.78,4250.0,0.002206961143377308
6338.771097392945,791.6741079346665,3.125028422984344,-7793.806971104161,0.0015923602211922686,15.0,0.78,4250.0,0.002355660713127669
6536.762701556513,749.7444439121201,3.0093920115008315,-7851.389269139421,0.0015700865682691295,16.0,0.78,4250.0,0.0025032628590801204
6725.548166913008,711.5701493421742,2.899455168676368,-7899.855136955419,0.0015490517665729783,17.0,0.78,4250.0,0.0026497836609215776
6905.974742490854,677.0272366663706,2.802202718134383,-7940.48143525311,0.0015291338810061305,18.0,0.78,4250.0,0.002795238847503173
7078.774577971355,646.0318063600811,2.7163861754229703,-7974.327023365389,0.0015102280446026074,19.0,0.78,4250.0,0.0029396438069729134
7244.586494491222,618.1398622807683,2.639617135411294,-8002.278022698629,0.001492243380313995,20.0,0.78,4250.0,0.0030830135965451673
7403.969390460065,592.9033733732741,2.5627744403352994,-8025.080525713463,0.0014751006666263353,21.0,0.78,4250.0,0.0032253629519224465
7557.414271482546,569.9606115447954,2.506884403046084,-8043.366793378562,0.001458730406761732,22.0,0.78,4250.0,0.0033667062963842953
7705.358772590172,549.0026353259027,2.4456508268690738,-8057.678399618271,0.001443071209458379,23.0,0.78,4250.0,0.003507057749557226
7848.193698661417,529.7854079895906,2.386050191969862,-8068.478204101848,0.0014280687322493003,24.0,0.78,4250.0,0.0036464311358790926
7986.2646901779435,512.0940546200279,2.345840518516265,-8076.167171905654,0.0014136744774448401,25.0,0.78,4250.0,0.003784839992770567
8119.887069552257,495.75426421723057,2.301951781302287,-8081.092358577269,0.0013998451022296254,26.0,0.78,4250.0,0.003922297578525808
8249.342497969867,480.61238805252225,2.2547600426729035,-8083.556061389449,0.0013865416459182462,27.0,0.78,4250.0,0.004058816879933809
8374.886577680698,466.5381399705444,2.211327711569754,-8083.823001678131,0.0013737289899870303,28.0,0.78,4250.0,0.0041944106196413825
8496.753438974165,453.42189802780285,2.184246027314815,-8082.125177883128,0.0013613753539812622,29.0,0.78,4250.0,0.004329091263268264
8615.152906851088,441.1729487793025,2.154768940913513,-8078.667091641895,0.001349451911251011,30.0,0.78,4250.0,0.004462871026284196
0.0,0.0,0.0,-3.0578317024046555,0.002003479359788917,0.0,0.8200000000000001,4400.0,0.0
916.4601774060737,654.7840676459319,15.407252485971613,-2199.6999163145374,0.0018838667877651054,1.0,0.8200000000000001,4350.0,0.00016597605629390131
1557.5018575385964,940.4531521013341,10.445953913270499,-3362.3275842226285,0.001810280986201696,2.0,0.8200000000000001,4350.0,0.00033058603902421014
2071.6553771534545,1067.7145028789091,7.989362631998468,-4135.070519341913,0.0017522369198181374,3.0,0.8200000000000001,4350.0,0.0004938522518074283
2507.011518615892,1111.1161660945663,6.529498617412148,-4698.752259550369,0.0017038921833764542,4.0,0.8200000000000001,4350.0,0.0006557964564598195
2887.2459401821934,1107.6264743124948,5.559861008755781,-5132.075379809015,0.00166231014157458,5.0,0.8200000000000001,4350.0,0.000816439890405104
3226.207710441833,1077.8985211602521,4.874843844693324,-5476.7434770094405,0.001625763554740815,6.0,0.8200000000000001,4350.0,0.000975803283388641
3532.846957910288,1034.1508495468597,4.359694929895181,-5757.708195781539,0.0015832469043893186,7.0,0.8200000000000001,4300.0,0.001133906873530906
3813.3317151167917,983.6988522530162,3.9643397330938863,-5990.891310689221,0.0015540591038274293,8.0,0.8200000000000001,4300.0,0.0012907704227514234
4072.148650994512,930.9962614936082,3.647054252717819,-6187.02124850922,0.0015274316206424386,9.0,0.8200000000000001,4300.0,0.0014464132315925218
4312.6778940216245,878.7222411812345,3.3908315771423427,-6353.794470319946,0.0015029521524317277,10.0,0.8200000000000001,4300.0,0.001600854153470727
4537.526649646672,828.3835452347598,3.173279952819141,-6496.854618232726,0.001480302794491609,11.0,0.8200000000000001,4300.0,0.0017541116083821093
4748.761334593497,780.8096414056834,2.9935697201717577,-6620.452566065098,0.0014592327451462442,12.0,0.8200000000000001,4300.0,0.0019062035960864987
4948.045670955835,736.396443285981,2.839801510493834,-6727.86203910521,0.0014395403388346526,13.0,0.8200000000000001,4300.0,0.0020571477087941567
5136.743728861371,695.2787294468905,2.704370250203324,-6821.6519845098155,0.001421060786755132,14.0,0.8200000000000001,4300.0,0.002206961143377308
5315.990809807218,657.4294968996815,2.592243036985677,-6903.870366250587,0.0014036575804214503,15.0,0.8200000000000001,4300.0,0.002355660713127669
5486.741387454799,622.7487615572591,2.492837409963217,-6976.1721266595705,0.0013872162962596773,16.0,0.8200000000000001,4300.0,0.0025032628590801204
5649.807513963938,591.1036698635337,2.397491557311484,-7039.911456536021,0.0013716399859113077,17.0,0.8200000000000001,4300.0,0.0026497836609215776
5805.887710572549,562.3926953646856,2.3227572123322395,-7096.209106743445,0.0013568457291947339,18.0,0.8200000000000001,4300.0,0.002795238847503173
5955.582917941122,536.5436961067776,2.245863498417111,-7145.998944475636,0.001342762104760433,19.0,0.8200000000000001,4300.0,0.0029396438069729134
6099.418454942501,513.2935836218952,2.1870506471391837,-7190.100122151125,0.001321698221861795,20.0,0.8200000000000001,4250.0,0.0030830135965451673
6237.858074975395,492.2687487495677,2.1225470544379235,-7229.233755693174,0.0013089716564698253,21.0,0.8200000000000001,4250.0,0.0032253629519224465
6371.306921751475,473.1579650523744,2.074131956046267,-7263.878769383147,0.0012967861986788642,22.0,0.8200000000000001,4250.0,0.0033667062963842953
6500.126227149582,455.7045178725407,2.027312631326128,-7294.526909337437,0.0012851000774564685,23.0,0.8200000000000001,4250.0,0.003507057749557226
6624.640699031073,439.7077997955727,1.9767057425893209,-7321.6001147407005,0.0012738762731026026,24.0,0.8200000000000001,4250.0,0.0036464311358790926
6745.136144773934,424.984622399154,1.9394653436983975,-7345.468086175591,0.0012630816270702597,25.0,0.8200000000000001,4250.0,0.003784839992770567
6861.875405329559,411.3885438860473,1.9061279929453188,-7366.450489582901,0.0012526865136193006,26.0,0.8200000000000001,4250.0,0.003922297578525808
6975.090847747091,398.79118015043355,1.8701443180850235,-7384.830922328205,0.0012426641553535992,27.0,0.8200000000000001,4250.0,0.004058816879933809
7084.9974467476495,387.08473179419593,1.831789596207975,-7400.855720807143,0.001232990472327361,28.0,0.8200000000000001,4250.0,0.0041944106196413825
7191.786895069049,376.17447336332873,1.8044072301917866,-7414.746066861684,0.0012236435255376476,29.0,0.8200000000000001,4250.0,0.004329091263268264
7295.638257585632,365.98976621080214,1.7822391441517391,-7426.695163997763,0.0012146034583059714,30.0,0.8200000000000001,4250.0,0.004462871026284196
0.0,0.0,0.0,-3.0578317024046555,0.001550406512731319,0.0,0.86,4400.0,0.0
713.063354774457,508.86469182851727,12.017754404935772,-1724.1135015113687,0.0014759988351761121,1.0,0.86,4350.0,0.00016597605629390131
1216.4276631817604,732.8757883855939,8.179702404788467,-2660.011601037084,0.001431122283463147,2.0,0.86,4350.0,0.00033058603902421014
1622.764395109404,833.7424890844368,6.269169178811855,-3297.0275229981344,0.001395336119125917,3.0,0.86,4350.0,0.0004938522518074283
1968.5786290747217,869.0369704425034,5.128022672236087,-3772.077796377649,0.0013652591358361676,4.0,0.86,4350.0,0.0006557964564598195
2271.895055743707,867.4929525580094,4.3723618313261765,-4145.058386467659,0.0013391864208304543,5.0,0.86,4350.0,0.000816439890405104
2543.2833197531118,845.2204629418886,3.8337164705494797,-4447.895728756586,0.0013161117069133577,6.0,0.86,4350.0,0.000975803283388641
2789.5944161923817,811.7390786353367,3.4316458796888476,-4699.707687330185,0.0012953817599753617,7.0,0.86,4350.0,0.001133906873530906
3015.5709679694114,772.8370443068226,3.1204009342984267,-4912.864798469993,0.001276544363206654,8.0,0.86,4350.0,0.0012907704227514234
3224.6581301112737,732.0248906191617,2.8721297143308147,-5095.831730128863,0.001259271439586796,9.0,0.86,4350.0,0.0014464132315925218
3419.4410441187792,691.395859588543,2.6686829183670095,-5254.690698471706,0.0012354964878815054,10.0,0.86,4300.0,0.001600854153470727
3601.935275267313,652.1926692884265,2.5010610983619714,-5393.97531191929,0.0012208162612891826,11.0,0.86,4300.0,0.0017541116083821093
3773.738790135565,615.0760243149161,2.357469631681264,-5516.94092530795,0.001207101103374351,12.0,0.86,4300.0,0.0019062035960864987
3936.141990935719,580.3678674104598,2.235861226592661,-5626.206559205057,0.0011942308239140885,13.0,0.86,4300.0,0.0020571477087941567
4090.2061584313033,548.1826348354082,2.1326392319344927,-5723.839914563156,0.0011821069274127165,14.0,0.86,4300.0,0.002206961143377308
4236.812144830452,518.5209090419058,2.043178953467373,-5811.50062579097,0.0011706475651728488,15.0,0.86,4300.0,0.002355660713127669
4376.703118565408,491.28792229378354,1.9621712430639975,-5890.536983879036,0.0011597839694044321,16.0,0.86,4300.0,0.0025032628590801204
4510.512767943625,466.39939685045084,1.889538256855154,-5962.058729720164,0.001149457728316677,17.0,0.86,4300.0,0.0026497836609215776
4638.784534999129,443.75454670620655,1.8294704610477046,-6026.990436412161,0.001139618737533381,18.0,0.86,4300.0,0.002795238847503173
4761.987383005383,423.28505425676695,1.7691753127050232,-6086.105785335552,0.0011302237650536373,19.0,0.86,4300.0,0.0029396438069729134
4880.53554784106,404.86838201156934,1.7218640739570399,-6140.0629018455365,0.001121235103481957,20.0,0.86,4300.0,0.0030830135965451673
4994.787131953899,388.2203999922421,1.6748798077930191,-6189.4200663771335,0.0011126197933969716,21.0,0.86,4300.0,0.0032253629519224465
5105.062990909982,373.0950823805246,1.6307166457899098,-6234.660111049772,0.001104348704070764,22.0,0.86,4300.0,0.0033667062963842953
5211.645851347991,359.2901725305202,1.5968378049030847,-6276.19704551332,0.0010963961015376569,23.0,0.86,4300.0,0.003507057749557226
5314.78920222638,346.63493818711925,1.5600770508458637,-6314.394132874077,0.0010887389863234714,24.0,0.86,4300.0,0.0036464311358790926
5414.7200737095645,334.9935059135235,1.5237495939486345,-6349.56570693812,0.001081356856993339,25.0,0.86,4300.0,0.003784839992770567
5511.6430903323,324.24248068985696,1.4998067060647517,-6381.990151952414,0.0010742312380603784,26.0,0.86,4300.0,0.003922297578525808
5605.742962918894,314.2855109574677,1.4738506910766518,-6411.912101243492,0.0010673454895993458,27.0,0.86,4300.0,0.004058816879933809
5697.188242835366,305.03376886765795,1.4460913068469476,-6439.547258814084,0.0010606845715844385,28.0,0.86,4300.0,0.0041944106196413825
5786.130145502317,296.4132238705437,1.4167200004462714,-6465.089908030743,0.0010542347665780706,29.0,0.86,4300.0,0.004329091263268264
5872.711311479129,288.36539553183076,1.4007864346377334,-6488.710582919368,0.001047983643820505,30.0,0.86,4300.0,0.004462871026284196
0.0,0.0,0.0,-3.0578317024046555,0.001101904775063032,0.0,0.9,4400.0,0.0
509.40205824652895,363.0883675946157,8.60832439388219,-1241.0198683843482,0.0010693811206672322,1.0,0.9,4400.0,0.00016597605629390131
872.2226900323307,524.2770429056521,5.882240077293782,-1932.152789671236,0.0010388347778342328,2.0,0.9,4350.0,0.00033058603902421014
1166.944400059796,597.5538504835915,4.516556964153673,-2413.426149495892,0.0010202401281221413,3.0,0.9,4350.0,0.0004938522518074283
1419.0086973778295,623.7609221650396,3.700287435228557,-2779.865309159941,0.0010044721583839288,4.0,0.9,4350.0,0.0006557964564598195
1641.0106070460756,623.4162635015718,3.1563668912128464,-3073.229956903073,0.0009906975156367748,5.0,0.9,4350.0,0.000816439890405104
1840.3561096627059,608.0644871664235,2.7692453537302075,-3315.8953938221675,0.0009784228661442777,6.0,0.9,4350.0,0.000975803283388641
2021.8571076467792,584.5140628300711,2.4804281476272148,-3521.334296533765,0.0009673269813601311,7.0,0.9,4350.0,0.001133906873530906
2188.8526581645874,556.9677104276269,2.2545071142757984,-3698.3148521336116,0.0009571867795799186,8.0,0.9,4350.0,0.0012907704227514234
2343.77277550778,527.9421316195721,2.076152695636394,-3852.8716433350637,0.0009478399192926247,9.0,0.9,4350.0,0.0014464132315925218
2488.4508070390734,498.9875850402544,1.92889836226597,-3989.336812361842,0.0009391639825109052,10.0,0.9,4350.0,0.001600854153470727
2624.30958766823,470.9695497936791,1.8093387405841441,-4110.924374650014,0.0009310640430577077,11.0,0.9,4350.0,0.0017541116083821093
2752.4792178816006,444.40805198858055,1.7069437036837949,-4220.08546847949,0.0009234647567421243,12.0,0.9,4350.0,0.0019062035960864987
2873.8736935018746,419.5367882682856,1.6193636303842676,-4318.729268379349,0.0009163052166382645,13.0,0.9,4350.0,0.0020571477087941567
2989.2439746263767,396.4411743640364,1.5441481960038785,-4408.370903287723,0.000909535398030345,14.0,0.9,4350.0,0.002206961143377308
3099.2190267061846,375.12048083879057,1.4781300397166077,-4490.233608121416,0.0009031136157934847,15.0,0.9,4350.0,0.002355660713127669
3204.3329743279983,355.53315375488484,1.417665265262775,-4565.315609371726,0.0008970047816634666,16.0,0.9,4350.0,0.0025032628590801204
3305.034582261841,337.5883775681301,1.3690265104225492,-4634.444780245525,0.0008911789874492801,17.0,0.9,4350.0,0.0026497836609215776
3401.7154496087833,321.2177790618646,1.3226063271687367,-4698.338241361576,0.0008799780743806384,18.0,0.9,4300.0,0.002795238847503173
3494.7097650535825,306.36101337032574,1.2822890967505465,-4757.606057008277,0.0008746976788662411,19.0,0.9,4300.0,0.0029396438069729134
3584.3169745143655,292.9733923956514,1.2443058192525391,-4812.689569947892,0.0008696306479466334,20.0,0.9,4300.0,0.0030830135965451673
3670.7918528666914,280.878485746521,1.2130096546968099,-4864.013668279964,0.0008647601656850691,21.0,0.9,4300.0,0.0032253629519224465
3754.367117254197,269.8927763814162,1.1790832245524847,-4911.947538231747,0.0008600713431401893,22.0,0.9,4300.0,0.0033667062963842953
3835.2440167942577,259.8689171290628,1.1544654507006198,-4956.809651170974,0.0008555509959874634,23.0,0.9,4300.0,0.003507057749557226
3913.60565220923,250.68450146440543,1.1300554821036095,-4998.87924527732,0.000851187339926553,24.0,0.9,4300.0,0.0036464311358790926
3989.6163828330314,242.2353786787026,1.1038725061475805,-5038.40235272127,0.0008469698023038423,25.0,0.9,4300.0,0.003784839992770567
4063.421499746084,234.43402040235824,1.0832077620980183,-5075.5941972350265,0.0008428888946674671,26.0,0.9,4300.0,0.003922297578525808
4135.1571893601995,227.21177554969788,1.066109538135181,-5110.646804534117,0.0008389360222951617,27.0,0.9,4300.0,0.004058816879933809
4204.942924265521,220.502121527405,1.0477533942489572,-5143.731591984877,0.0008351033860512949,28.0,0.9,4300.0,0.0041944106196413825
4272.888490423175,214.25089001745616,1.028273189778683,-5175.000293722318,0.0008313839117096212,29.0,0.9,4300.0,0.004329091263268264
4339.097605319466,208.41654640556874,1.0106110404577002,-5204.589267358962,0.0008277711366189276,30.0,0.9,4300.0,0.004462871026284196
0.0,0.0,0.0,-3.0578317024046555,0.0006578739681104511,0.0,0.9400000000000001,4400.0,0.0
305.510677463006,217.49120637998328,5.177067736853917,-750.6261988693586,0.0006462454870095603,1.0,0.9400000000000001,4400.0,0.00016597605629390131
525.0052189637348,314.8027112645409,3.5515706598075387,-1178.634288794623,0.0006377801259939498,2.0,0.9400000000000001,4400.0,0.00033058603902421014
704.3800016103713,359.40836942186604,2.733488826672885,-1483.3485509996099,0.0006264997733930992,3.0,0.9400000000000001,4350.0,0.0004938522518074283
858.5207809108242,375.6558220282047,2.2415595378503395,-1719.9586805007712,0.0006206743783840972,4.0,0.9400000000000001,4350.0,0.0006557964564598195
994.8158726183663,375.85548677976476,1.9143408146378371,-1912.8376208492846,0.0006155465744883985,5.0,0.9400000000000001,4350.0,0.000816439890405104
1117.6211437023305,366.92138773973386,1.680755988668767,-2075.111594357644,0.0006109461420068988,6.0,0.9400000000000001,4350.0,0.000975803283388641
1229.7740440873995,353.0094386114298,1.504826768850924,-2214.7220247188234,0.0006067619624014925,7.0,0.9400000000000001,4350.0,0.001133906873530906
1333.2468776080782,336.6154470937135,1.3697293444082634,-2336.8641915256885,0.0006029166534695868,8.0,0.9400000000000001,4350.0,0.0012907704227514234
1429.4765099150698,319.28721058786016,1.2607613436889384,-2445.1313455258496,0.0005993537548831156,9.0,0.9400000000000001,4350.0,0.0014464132315925218
1519.5538175539862,301.95484722169437,1.1728544287236278,-2542.1167863539013,0.0005960305777404893,10.0,0.9400000000000001,4350.0,0.001600854153470727
1604.3201428714863,285.1658877719927,1.0984795610045968,-2629.754118711644,0.0005929139303200835,11.0,0.9400000000000001,4350.0,0.0017541116083821093
1684.4521879903755,269.2259252877987,1.0371820593231915,-2709.52566423238,0.0005899774023948693,12.0,0.9400000000000001,4350.0,0.0019062035960864987
1760.491431021819,254.2830707225314,0.9842405015439862,-2782.5907571392745,0.000587199601117676,13.0,0.9400000000000001,4350.0,0.0020571477087941567
1832.8902799498946,240.3949081365083,0.9382561933506499,-2849.875591940887,0.0005845628942302437,14.0,0.9400000000000001,4350.0,0.002206961143377308
1902.0217553433292,227.56026686765236,0.8974110495910949,-2912.1302453664393,0.0005820525727855597,15.0,0.9400000000000001,4350.0,0.002355660713127669
1968.2029387597677,215.74754735984075,0.8625721915662284,-2969.970070230469,0.000579656219545165,16.0,0.9400000000000001,4350.0,0.0025032628590801204
2031.7059820507407,204.9089558098014,0.8323700222961093,-3023.90792293103,0.0005773632273799095,17.0,0.9400000000000001,4350.0,0.0026497836609215776
2092.7618005259383,194.99739564181024,0.8024467265020792,-3074.374100601417,0.0005751644718838155,18.0,0.9400000000000001,4350.0,0.002795238847503173
2151.5737510647623,185.97165911172422,0.7799059106965467,-3121.7327347021055,0.0005730520390519777,19.0,0.9400000000000001,4350.0,0.0029396438069729134
2208.3188755706224,177.80751712355845,0.755295643600681,-3166.2959271983273,0.0005710190026874342,20.0,0.9400000000000001,4350.0,0.0030830135965451673
2263.1507188367937,170.43332159348694,0.7372196070606473,-3208.332583377458,0.0005690592705953984,21.0,0.9400000000000001,4350.0,0.0032253629519224465
2316.2088226928854,163.7386832994245,0.7182589925595083,-3248.075562202881,0.0005671674551400684,22.0,0.9400000000000001,4350.0,0.0033667062963842953
2367.617173858148,157.63387607904596,0.7004515932798641,-3285.727499944798,0.0005653387662782776,23.0,0.9400000000000001,4350.0,0.003507057749557226
2417.4835806011506,152.0396270127781,0.686911964003452,-3321.467104830619,0.0005635689135755918,24.0,0.9400000000000001,4350.0,0.0036464311358790926
2465.9078240543904,146.89595214906558,0.6723351714268034,-3355.4518480788975,0.0005618540469344626,25.0,0.9400000000000001,4350.0,0.003784839992770567
2512.980010411241,142.14933650875724,0.6568472927048887,-3387.821089693287,0.0005601906968210036,26.0,0.9400000000000001,4350.0,0.003922297578525808
2558.78109314498,137.7525211983887,0.6471686508626207,-3418.698563215963,0.0005585757247162045,27.0,0.9400000000000001,4350.0,0.004058816879933809
2603.3826206537547,133.66934762902983,0.6370357699117948,-3448.1949591426383,0.0005570062782491262,28.0,0.9400000000000001,4350.0,0.0041944106196413825
2646.8517237841243,129.86787389386248,0.6262456591542681,-3476.4101813608722,0.0005554797534372686,29.0,0.9400000000000001,4350.0,0.004329091263268264
2689.2506332871963,126.31869745145846,0.6148699853474264,-3503.433777181708,0.0005539937742292178,30.0,0.9400000000000001,4350.0,0.004462871026284196
0.0,0.0,0.0,-3.0578317024046555,0.00021821733773170628,0.0,0.98,4400.0,0.0
101.4280147137336,72.11586969598565,1.7231367909805881,-252.93447414823459,0.00021693907595593577,1.0,0.98,4400.0,0.00016597605629390131
174.9095553763202,104.61258589146398,1.1870083117440768,-399.59399037456024,0.00021599599731627332,2.0,0.98,4400.0,0.00033058603902421014
235.30689506615616,119.61239023436406,0.9154019555295355,-506.18561643137946,0.00021522027817525685,3.0,0.98,4400.0,0.0004938522518074283
287.43966851646456,125.15817872874725,0.7518508784275292,-590.492257697726,0.00021455115685361227,4.0,0.98,4400.0,0.0006557964564598195
333.70703227537416,125.33004756270303,0.642517591148986,-660.3805587583483,0.00021395786059843412,5.0,0.98,4400.0,0.000816439890405104
375.5294206370024,122.4405445339808,0.5642535347635255,-720.0993950675911,0.00021342210705836733,6.0,0.98,4400.0,0.000975803283388641
413.8313022186977,117.87176433562776,0.5059799415416858,-772.2303129177453,0.00021293193953403726,7.0,0.98,4400.0,0.001133906873530906
449.25765477326956,112.4627921554746,0.4604652903298576,-818.46933873331,0.00021247901631830428,8.0,0.98,4400.0,0.0012907704227514234
482.2800616752921,106.73325285145052,0.4241628908050464,-859.9948915978457,0.00021205723859382534,9.0,0.98,4400.0,0.0014464132315925218
513.2561250826491,100.99347248391796,0.3944292508914779,-897.6611335343332,0.00021166198545911636,10.0,0.98,4400.0,0.001600854153470727
542.4644395522756,95.43116537886279,0.3696254116106871,-932.1108376141492,0.00020980103547141565,11.0,0.98,4350.0,0.0017541116083821093
570.1254913846296,90.14183099136422,0.34856959923288733,-963.8532553200203,0.00020945267224773317,12.0,0.98,4350.0,0.0019062035960864987
596.4192172757342,85.1810493903646,0.3308657508117396,-993.2549462719326,0.0002091218193850551,13.0,0.98,4350.0,0.0020571477087941567
621.4940217533077,80.56575679995943,0.3153199329302498,-1020.6263313082454,0.00020880657740743945,14.0,0.98,4350.0,0.002206961143377308
645.4739764434294,76.29638605777058,0.3020171822500831,-1046.2200271383917,0.00020850535757023153,15.0,0.98,4350.0,0.002355660713127669
668.4640324726375,72.36216609120906,0.2905534904688379,-1070.2444229944522,0.00020821681540784135,16.0,0.98,4350.0,0.0025032628590801204
690.5549249175915,68.74711038613431,0.27990302338697537,-1092.873465075245,0.00020793980153747092,17.0,0.98,4350.0,0.0026497836609215776
711.8229471426965,65.4344738329121,0.2705681421056895,-1114.2538660028658,0.00020767332449951544,18.0,0.98,4350.0,0.002795238847503173
732.3352809419944,62.40798527689423,0.2623487173615802,-1134.510515068032,0.00020741652221721986,19.0,0.98,4350.0,0.0029396438069729134
752.1507727403484,59.65730412922586,0.2547381374479363,-1153.7505494663637,0.00020716863984969496,20.0,0.98,4350.0,0.0030830135965451673
771.3212836321211,57.17085777196115,0.24781145847267913,-1172.0666478124767,0.00020692901193809289,21.0,0.98,4350.0,0.0032253629519224465
789.8927976864582,54.91419089813528,0.24197549613536362,-1189.5395594399888,0.00020669704843442028,22.0,0.98,4350.0,0.0033667062963842953
807.9062753123588,52.857152518620474,0.23570863534536374,-1206.2399510938703,0.00020647222368911993,23.0,0.98,4350.0,0.003507057749557226
825.3983912000392,50.97301258282727,0.23093586317741446,-1222.2300607930665,0.00020625406698274718,24.0,0.98,4350.0,0.0036464311358790926
842.4022702283883,49.24080530971974,0.2264689542345912,-1237.5649840026017,0.00020604215491524895,25.0,0.98,4350.0,0.003784839992770567
858.948219864823,47.642165534651056,0.2217076809629592,-1252.2937233402627,0.00020583610509323675,26.0,0.98,4350.0,0.003922297578525808
875.0625535021519,46.162786634605936,0.21729144438275685,-1266.4600522296096,0.00020563557085500803,27.0,0.98,4350.0,0.004058816879933809
890.7698350767846,44.788797392130505,0.21421670062283585,-1280.1032307654823,0.00020544023683246576,28.0,0.98,4350.0,0.0041944106196413825
906.0924829314743,43.50947156485951,0.21092959128865646,-1293.2586031701503,0.00020524981519353058,29.0,0.98,4350.0,0.004329091263268264
921.0510195833926,42.315113502267884,0.2074533755226863,-1305.958099615571,0.0002050640424419908,30.0,0.98,4350.0,0.004462871026284196
