CAPE_u,CAPE_ext,CAPE_dist,dh,sat_def,P,RH,dz,ent_b
0.0,0.0,0.0,-2.1237246499294997,0.006691839602623936,0.0,0.02,4250.0,0.0
769.1262283429135,642.7558718715303,750.99396479014,-2328.0511486985124,0.006371434042291734,1.0,0.02,4200.0,3.5682435870027843e-05
1408.175950213927,1134.5929449365303,1361.3444295114834,-4231.946731072829,0.00613007023519823,2.0,0.02,4200.0,7.13013232899229e-05
1959.0028154442953,1523.6699554441286,1703.5337475098443,-5838.796476370058,0.005919069190579361,3.0,0.02,4200.0,0.00010685688820990892
2445.018718076918,1837.3931897376608,1970.8838431520796,-7225.455012290935,0.005731932085258561,4.0,0.02,4200.0,0.0001423493553772791
2880.9347262930382,2093.352099156072,2385.849357870196,-8442.445986650164,0.0055640654463630914,5.0,0.02,4200.0,0.0001777789483449199
3276.7161222178756,2303.606998550438,2775.2396933820064,-9524.770071561667,0.0054120932967406665,6.0,0.02,4200.0,0.00021314588947975957
3639.4898891413504,2476.8070904734914,3136.5817103344866,-10497.70945359009,0.005250820491443757,7.0,0.02,4150.0,0.00024845039997114225
3974.5596866463775,2619.6915245200435,3473.2837540107907,-11380.262676046652,0.005124730291352731,8.0,0.02,4150.0,0.00028369269983912767
4285.996507045703,2737.114926722873,3788.5289826032254,-12186.576732645313,0.005008273295377337,9.0,0.02,4150.0,0.0003188730079427189
4577.001768858415,2833.3347353534823,4084.9254591581353,-12927.913552683043,0.004900200814305483,10.0,0.02,4150.0,0.0003539915419880172
4850.146803445078,2911.3457323943067,4364.945850280368,-13613.244576490077,0.004799489593287392,11.0,0.02,4150.0,0.0003890485185363046
5107.534692414625,2974.046454054028,4630.085386957266,-14249.830745035477,0.004705290426190615,12.0,0.02,4150.0,0.0004240441530120581
5350.903454189339,3023.3640550759815,4882.255975284212,-14843.629802373027,0.00461689076731684,13.0,0.02,4150.0,0.00045897865971089135
5581.7128960096,3061.4392559248,5122.430990788389,-15399.589190835854,0.004533686921851547,14.0,0.02,4150.0,0.0004938522518074282
5801.200929402668,3089.54133763321,5351.8589826223515,-15921.861314175963,0.004455162838596654,15.0,0.02,4150.0,0.0005286651413631086
6010.427041452868,3109.1816210303055,5571.572089659071,-16413.964117632568,0.004380874008517332,16.0,0.02,4150.0,0.0005634175393339245
6210.305534414122,3121.403337495259,5782.234934491386,-16878.903065426406,0.004310434985074022,17.0,0.02,4150.0,0.0005981096555780908
6401.6326475686,3127.128399086873,5984.5475112878285,-17319.33334323675,0.004228667680404726,18.0,0.02,4100.0,0.000632741698863649
6585.104620882426,3127.3963148882303,6179.397933194732,-17737.4627524615,0.004165398955517927,19.0,0.02,4100.0,0.0006673138768760085
6761.333449257454,3122.7356247007183,6367.181102657811,-18135.206971202526,0.004105058217139885,20.0,0.02,4100.0,0.0007018263962254038
6930.8623261588455,3113.8173723091973,6548.333433616119,-18514.28368085878,0.00404741730383147,21.0,0.02,4100.0,0.000736279462454328
7094.176490148773,3101.3499396894545,6723.327869924113,-18876.206933679554,0.003992272844252302,22.0,0.02,4100.0,0.0007706732800448598
7251.708884415088,3085.665302132414,6892.55374036385,-19222.319184693224,0.003939443060368946,23.0,0.02,4100.0,0.0008050080524259507
7403.844944943329,3067.205144881477,7056.526420304586,-19553.814586859655,0.003888764491267621,24.0,0.02,4100.0,0.0008392839819806442
7550.938480697514,3046.4159700435202,7215.505032776435,-19871.761327815417,0.0038400900266114353,25.0,0.02,4100.0,0.0008735012700532328
7693.304469835798,3023.641375896095,7369.709522343216,-20177.11699824636,0.0037932864324574473,26.0,0.02,4100.0,0.0009076601169563551
7831.2298742993335,2999.1127621972546,7519.422262693726,-20470.744692706627,0.0037482330672106005,27.0,0.02,4100.0,0.0009417607219780316
7964.980236835876,2973.1024060877276,7664.881381531329,-20753.423661429035,0.003704819965483876,28.0,0.02,4100.0,0.000975803283388641
8094.7896863873375,2945.8453376281136,7806.310456558647,-21025.860357734775,0.0036629470200636553,29.0,0.02,4100.0,0.0010097879984478366
8220.884268903239,2917.5716269672503,7943.924259654144,-21288.697333884804,0.003622522561383187,30.0,0.02,4100.0,0.001043715063411405
0.0,0.0,0.0,-2.1237246499294997,0.006393722856822843,0.0,0.06,4250.0,0.0
736.354650222827,615.3168309141618,718.9877958574142,-2228.995517785421,0.006099660343919262,1.0,0.06,4200.0,3.5682435870027843e-05
1349.9918854614084,1087.5556311083237,1304.1717694598674,-4058.3472461456768,0.005878666346192324,2.0,0.06,4200.0,7.13013232899229e-05
1880.2286404126744,1462.1179153817595,1634.45862342135,-5607.060076542293,0.005684865954928874,3.0,0.06,4200.0,0.00010685688820990892
2349.0686466508155,1764.8739641677462,1893.2026389451632,-6947.165692034912,0.005512507697521438,4.0,0.06,4200.0,0.0001423493553772791
2770.346037484408,2012.447835547888,2292.8689706001537,-8126.113076829752,0.005357515251304462,5.0,0.06,4200.0,0.0001777789483449199
3153.451000012702,2216.2756435516417,2669.1209717314764,-9176.839263358946,0.005216884753893909,6.0,0.06,4200.0,0.00021314588947975957
3505.1057910834656,2384.555025550911,3018.9323257453625,-10123.153267583715,0.005088334208177233,7.0,0.06,4200.0,0.00024845039997114225
3830.3186566943605,2523.710153988824,3345.3605453037767,-10983.004739000033,0.0049490368031551305,8.0,0.06,4150.0,0.00028369269983912767
4132.94319070347,2638.3596939143654,3651.366386103599,-11769.882470601791,0.004840685330410665,9.0,0.06,4150.0,0.0003188730079427189
4416.009687467293,2732.5550678838285,3939.395532012941,-12494.393220452068,0.004739975987390531,10.0,0.06,4150.0,0.0003539915419880172
4681.959977464518,2809.1827872678,4211.775825192228,-13165.057581109024,0.004645988566841993,11.0,0.06,4150.0,0.0003890485185363046
4932.788571256626,2870.991129934178,4469.932454004612,-13788.782845555172,0.004557957962084367,12.0,0.06,4150.0,0.0004240441530120581
5170.1492353565745,2919.854596983952,4715.6586823245225,-14371.24540467409,0.004475241033896824,13.0,0.06,4150.0,0.00045897865971089135
5395.431791916559,2957.804265384187,4949.87640387569,-14917.16605630036,0.004397291929100875,14.0,0.06,4150.0,0.0004938522518074282
5609.815812157986,2986.0674887206646,5173.781975808228,-15430.512350931487,0.004323643408056168,15.0,0.06,4150.0,0.0005286651413631086
5814.311920438415,3006.1253026208105,5388.362590374955,-15914.650192228357,0.004253892557594154,16.0,0.06,4150.0,0.0005634175393339245
6009.793336588191,3018.9393033805236,5594.2167557342855,-16372.459307704768,0.00418768917461825,17.0,0.06,4150.0,0.0005981096555780908
6197.020982112381,3025.4440865848187,5792.048638993195,-16806.42147109948,0.00412472725109854,18.0,0.06,4150.0,0.000632741698863649
6376.661194546507,3026.5963354339215,5982.680189196606,-17218.743169873298,0.004050413153135195,19.0,0.06,4100.0,0.0006673138768760085
6549.299633797203,3022.930475692777,6166.506865232685,-17611.296004152187,0.003993555405005542,20.0,0.06,4100.0,0.0007018263962254038
6715.456485741128,3015.124889654683,6343.93408993342,-17985.681394680163,0.003939196392534068,21.0,0.06,4100.0,0.000736279462454328
6875.597968749068,3003.8115894382026,6515.395534983709,-18343.358708680025,0.003887150360310399,22.0,0.06,4100.0,0.0007706732800448598
7030.138436714802,2989.338215395832,6681.300397960769,-18685.621850791424,0.0038372508770930314,23.0,0.06,4100.0,0.0008050080524259507
7179.448605947062,2972.1326096547723,6842.134447998524,-19013.624244343773,0.003789348430792072,24.0,0.06,4100.0,0.0008392839819806442
7323.869191545169,2952.662053262751,6998.127043152377,-19328.397224337925,0.0037433079708271495,25.0,0.06,4100.0,0.0008735012700532328
7463.701663196117,2931.1987850737482,7149.492566262983,-19630.86734406536,0.0036990074384294176,26.0,0.06,4100.0,0.0009076601169563551
7599.223753311783,2907.9995900112117,7296.497720941604,-19921.86961059617,0.003656335806836752,27.0,0.06,4100.0,0.0009417607219780316
7730.6892653634,2883.3262114311583,7439.391339124273,-20202.158722032764,0.00361519216282737,28.0,0.06,4100.0,0.000975803283388641
7858.326078268237,2857.411159256848,7578.377447520247,-20472.419903144386,0.003575484294547247,29.0,0.06,4100.0,0.0010097879984478366
7982.349440093888,2830.513380066306,7713.661618401925,-20733.275727321845,0.003537127717569769,30.0,0.06,4100.0,0.001043715063411405
0.0,0.0,0.0,-2.1237246499294997,0.0060980227162725845,0.0,0.1,4250.0,0.0
703.7127295501855,587.9908918998254,687.1088799788599,-2130.3171301528128,0.0058289656486998406,1.0,0.1,4200.0,3.5682435870027843e-05
1291.876573484814,1040.5867265126885,1247.1511468484575,-3884.82357983369,0.005627352318900721,2.0,0.1,4200.0,7.13013232899229e-05
1801.361927423584,1400.5156390098387,1565.42489966565,-5374.746260286789,0.005449998337918626,3.0,0.1,4200.0,0.00010685688820990892
2252.804981784339,1692.1480910001665,1815.292291841386,-6667.465209244459,0.005291832759999846,4.0,0.1,4200.0,0.0001423493553772791
2659.1966020498176,1931.1717794179945,2199.4886203168603,-7807.449542647868,0.005149252249533862,5.0,0.1,4200.0,0.0001777789483449199
3029.3600887483476,2128.4042141035998,2562.3433145714353,-8825.62698034165,0.005019594964953431,6.0,0.1,4200.0,0.00021314588947975957
3369.6243194011126,2291.601834577085,2900.36363192802,-9744.396184282195,0.004900834014460438,7.0,0.1,4200.0,0.00024845039997114225
3684.7088563195916,2426.8764206876913,3216.2587104470426,-10580.577931050735,0.0047707559073877385,8.0,0.1,4150.0,0.00028369269983912767
3978.2486000348367,2538.6087779121435,3512.7628756371746,-11347.114986880086,0.004670314600433301,9.0,0.1,4150.0,0.0003188730079427189
4253.110011386943,2630.649987919716,3792.1706782752085,-12053.929988877331,0.004576808923338086,10.0,0.1,4150.0,0.0003539915419880172
4511.604264310506,2705.7751299817373,4056.6616238513357,-12709.095374293742,0.004489414996062461,11.0,0.1,4150.0,0.0003890485185363046
4755.61885956499,2766.5834380947244,4307.573564429809,-13319.165565942581,0.004407446558986512,12.0,0.1,4150.0,0.0004240441530120581
4986.723788597378,2814.8977085183537,4546.605610585885,-13889.535154884601,0.004330325817721525,13.0,0.1,4150.0,0.00045897865971089135
5206.238905412963,2852.6327190030775,4774.630714945401,-14424.697260889654,0.00425756154726239,14.0,0.1,4150.0,0.0004938522518074282
5415.285679117065,2880.979483117589,4992.792896004759,-14928.433526394794,0.004188732521573413,15.0,0.1,4150.0,0.0005286651413631086
5614.825834323002,2901.3847787077752,5201.996965130463,-15403.956230140044,0.004123474860928143,16.0,0.1,4150.0,0.0005634175393339245
5805.6910334545955,2914.7298627490063,5402.826430355502,-15854.016920528913,0.004061472181202033,17.0,0.1,4150.0,0.0005981096555780908
5988.607228989528,2921.9610345404762,5595.956480710053,-16280.990560090155,0.004002447439737522,18.0,0.1,4150.0,0.000632741698863649
6164.210237503901,2923.9529591168025,5782.175509827039,-16686.940173453768,0.003946156770560922,19.0,0.1,4150.0,0.0006673138768760085
6333.059202866779,2921.243694291213,5961.82822169279,-17073.695940388017,0.00387854061816917,20.0,0.1,4100.0,0.0007018263962254038
6495.651367239137,2914.5162091431353,6135.332310004515,-17442.882743027156,0.0038274543305534857,21.0,0.1,4100.0,0.000736279462454328
6652.4334954880915,2904.3274418584974,6303.086647245514,-17795.830200181197,0.003778501928113717,22.0,0.1,4100.0,0.0007706732800448598
6803.801001387298,2891.040502551309,6465.462567606082,-18133.783175115466,0.0037315319192318323,23.0,0.1,4100.0,0.0008050080524259507
6950.109643023994,2875.071791168329,6622.977009645506,-18457.852136565234,0.0036864078996669365,24.0,0.1,4100.0,0.0008392839819806442
7091.687261119615,2856.905301250541,6775.808134028892,-18769.031027575278,0.0036430067664868604,25.0,0.1,4100.0,0.0008735012700532328
7228.821041765026,2836.740619367317,6924.16620810423,-19068.213829704684,0.0036012168963704735,26.0,0.1,4100.0,0.0009076601169563551
7361.779718796785,2814.860909453922,7068.3056681329135,-19356.20617455127,0.003560936869253242,27.0,0.1,4100.0,0.0009417607219780316
7490.804760370119,2791.521119084956,7208.456945753337,-19633.73790490489,0.0035220743252696507,28.0,0.1,4100.0,0.000975803283388641
7616.117827862646,2766.965202625574,7344.842204341504,-19901.470988404057,0.0034845446481814087,29.0,0.1,4100.0,0.0010097879984478366
7737.92293286007,2741.4213146802754,7477.640452988332,-20160.008218805488,0.003448270640679689,30.0,0.1,4100.0,0.001043715063411405
0.0,0.0,0.0,-2.1237246499294997,0.0058046942262319256,0.0,0.13999999999999999,4250.0,0.0
671.1979849327286,560.7758500556548,655.3547762973167,-2032.0115701589093,0.005559337517453648,1.0,0.13999999999999999,4200.0,3.5682435870027843e-05
1233.826855903752,993.6834592392532,1190.294594994586,-3711.375566858922,0.005376129264495741,2.0,0.13999999999999999,4200.0,7.13013232899229e-05
1722.3982302616032,1338.8594601116704,1496.4402733585612,-5141.856779228525,0.0052144701858030966,3.0,0.13999999999999999,4200.0,0.00010685688820990892
2156.228497754466,1619.2168516177874,1737.1544896195962,-6386.35137865087,0.005069907540195989,4.0,0.13999999999999999,4200.0,0.0001423493553772791
2547.4826316032663,1849.5226835106323,2105.712690386076,-7486.442945338036,0.004939269448967311,5.0,0.13999999999999999,4200.0,0.0001777789483449199
2904.436698834893,2039.9914165158852,2454.904496738389,-8471.10418062326,0.004820207772874344,6.0,0.13999999999999999,4200.0,0.00021314588947975957
3233.0310251917585,2197.9433390848753,2780.8666932149918,-9361.356069018919,0.00471092999501029,7.0,0.13999999999999999,4200.0,0.00024845039997114225
3537.7079799218654,2329.178785151639,3085.9625598595917,-10172.949076054298,0.004610034344865132,8.0,0.13999999999999999,4200.0,0.00028369269983912767
3821.884997160271,2437.848228697777,3372.7010661495983,-10918.168515893994,0.00449711469229023,9.0,0.13999999999999999,4150.0,0.0003188730079427189
4088.2680316043393,2527.602214786539,3643.2166249039487,-11606.386060573044,0.004410642820300569,10.0,0.13999999999999999,4150.0,0.0003539915419880172
4339.035346406872,2601.10024304454,3899.55196795563,-12245.185966784433,0.004329702159521971,11.0,0.13999999999999999,4150.0,0.0003890485185363046
4575.972447147853,2660.79647328004,4142.968511561468,-12840.771224185439,0.0042536801161806295,12.0,0.13999999999999999,4150.0,0.0004240441530120581
4800.564774451194,2708.4591957938605,4375.058274718264,-13398.254912453747,0.004182059993387717,13.0,0.13999999999999999,4150.0,0.00045897865971089135
5014.06246203879,2745.888148687161,4596.638527927604,-13921.90171909384,0.004114401819059716,14.0,0.13999999999999999,4150.0,0.0004938522518074282
5217.528829210561,2774.237743703911,4808.8011627038,-14415.305892520119,0.00405032787425302,15.0,0.13999999999999999,4150.0,0.0005286651413631086
5411.876890374874,2794.9185046759158,5012.389494788434,-14881.525049286603,0.00398951128954992,16.0,0.13999999999999999,4150.0,0.0005634175393339245
5597.8968098081805,2808.7322046023814,5207.977427546861,-15323.181325594123,0.003931667306931723,17.0,0.13999999999999999,4150.0,0.0005981096555780908
5776.279294143921,2816.633520135344,5396.166553711749,-15742.540468273808,0.0038765464240199036,18.0,0.13999999999999999,4150.0,0.000632741698863649
5947.629261459581,2819.4150628352913,5577.756783076233,-16141.573680687128,0.003823928747532144,19.0,0.13999999999999999,4150.0,0.0006673138768760085
6112.479337038072,2817.618741818624,5753.023324958421,-16522.005740684246,0.0037736193879478815,20.0,0.13999999999999999,4150.0,0.0007018263962254038
6271.303635259171,2811.93208874787,5922.387113157311,-16885.35521396419,0.003725445036493278,21.0,0.13999999999999999,4150.0,0.000736279462454328
6424.529624116214,2802.838690368845,6086.233494855552,-17233.041550942435,0.003666183593289449,22.0,0.13999999999999999,4100.0,0.0007706732800448598
6572.532874421323,2790.7130136674637,6244.900526416041,-17566.187712283223,0.0036221374167766836,23.0,0.13999999999999999,4100.0,0.0008050080524259507
6715.655199360168,2775.980787038854,6398.884220041083,-17885.848004142754,0.003579789872222027,24.0,0.13999999999999999,4100.0,0.0008392839819806442
6854.208647204902,2759.0768248743966,6548.364359883779,-18192.97835586444,0.0035390292109456867,25.0,0.13999999999999999,4100.0,0.0008735012700532328
6988.468076068105,2740.199024837605,6693.533807518678,-18488.4381534797,0.0034997538942194,26.0,0.13999999999999999,4100.0,0.0009076601169563551
7118.693436997448,2719.6294488145395,6834.634694131503,-18773.00358810756,0.0034618718147961867,27.0,0.13999999999999999,4100.0,0.0009417607219780316
7245.112133957583,2697.6142783253645,6971.882223796961,-19047.37777915236,0.003425298574030054,28.0,0.13999999999999999,4100.0,0.000975803283388641
7367.940660965207,2674.428586066759,7105.481278204328,-19312.198934484986,0.0033899573773326893,29.0,0.13999999999999999,4100.0,0.0010097879984478366
7487.370804223297,2650.2227725663315,7235.628613465911,-19568.04933365842,0.003355777539528557,30.0,0.13999999999999999,4100.0,0.001043715063411405
0.0,0.0,0.0,-2.1237246499294997,0.005513693786642218,0.0,0.18,4250.0,0.0
638.8081802953355,533.6697353035069,623.7232877495377,-1934.0745419008817,0.005290763838289695,1.0,0.18,4200.0,3.5682435870027843e-05
1175.8433188142797,946.846669182479,1133.6220937571757,-3538.003141770445,0.005124998405113497,2.0,0.18,4200.0,7.13013232899229e-05
1643.339706822263,1277.1519622521716,1427.5003663507457,-4908.393592073531,0.004978285505162832,3.0,0.18,4200.0,0.00010685688820990892
2059.33399283555,1546.0768654675692,1658.7852212824034,-6103.8225323003135,0.004846732484554013,4.0,0.18,4200.0,0.0001423493553772791
2435.196603537919,1767.4963345472697,2011.5463135208836,-7163.08107947174,0.004727560447753345,5.0,0.18,4200.0,0.0001777789483449199
2778.668916484815,1951.0300827763563,2346.7999076062742,-8113.242481018002,0.004618707196894823,6.0,0.18,4200.0,0.00021314588947975957
3095.3137396578045,2103.5760346272186,2660.43756034894,-8973.98278027965,0.004518595707383144,7.0,0.18,4200.0,0.00024845039997114225
3389.2952108248064,2230.606386939856,2954.4570417207465,-9760.07001879545,0.004425989838172748,8.0,0.18,4200.0,0.00028369269983912767
3663.824610034012,2336.0637834067757,3231.1560288962455,-10482.936429412308,0.0043210391181499,9.0,0.18,4150.0,0.0003188730079427189
3921.4460745583488,2423.391076408498,3492.5040691523395,-11151.621950609493,0.0042414204341153245,10.0,0.18,4150.0,0.0003539915419880172
4164.208328617905,2495.1335803441516,3740.4119594196422,-11773.154819695053,0.004166782254581084,11.0,0.18,4150.0,0.0003890485185363046
4393.795200597796,2553.602207021482,3976.06195080863,-12353.388410496489,0.004096580591454628,12.0,0.18,4150.0,0.0004240441530120581
4611.608250936917,2600.5084922895385,4200.938087171133,-12897.154821997996,0.004030355889422056,13.0,0.18,4150.0,0.00045897865971089135
4818.828391563611,2637.537731052864,4415.816177182943,-13408.49025802951,0.003967716166242392,14.0,0.18,4150.0,0.0004938522518074282
5016.461076278083,2665.8059287650863,4621.732815300659,-13890.800966715753,0.0039083243287198095,15.0,0.18,4150.0,0.0005286651413631086
5205.370378415429,2686.6846753084055,4819.471208504726,-14346.98817606359,0.00385188830966452,16.0,0.18,4150.0,0.0005634175393339245
5386.3050879882285,2700.8985063979358,5009.553649001021,-14779.543634262685,0.0037981533971729146,17.0,0.18,4150.0,0.0005981096555780908
5559.921069798445,2709.408797080819,5192.582190809956,-15190.6226130125,0.0037468959707628218,18.0,0.18,4150.0,0.000632741698863649
5726.791097267988,2712.9291177844093,5369.295968579617,-15582.102504401926,0.0036979186900951613,19.0,0.18,4150.0,0.0006673138768760085
5887.422015592089,2712.0018954238312,5539.965108392799,-15955.628069594604,0.00365104663199556,20.0,0.18,4150.0,0.0007018263962254038
6042.26539646524,2707.3158965986877,5704.961165979167,-16312.648534676482,0.0036061237295591385,21.0,0.18,4150.0,0.000736279462454328
6191.726390059067,2699.2821033594173,5864.678127490638,-16654.447281336077,0.0035630105649135,22.0,0.18,4150.0,0.0007706732800448598
6336.162861914062,2688.2892307461707,6019.430384088433,-16982.1904455618,0.0035089112478560204,23.0,0.18,4100.0,0.0008050080524259507
6475.90288010067,2674.7800618897636,6169.695495061871,-17296.92949960826,0.003469333368909258,24.0,0.18,4100.0,0.0008392839819806442
6611.240389386085,2659.1095165411307,6315.607356745787,-17599.51945040928,0.003431209651325008,25.0,0.18,4100.0,0.0008735012700532328
6742.440612845957,2641.5020782605693,6457.39324902171,-17890.78448821066,0.0033944486090310665,26.0,0.18,4100.0,0.0009076601169563551
6869.750495676483,2622.231416870076,6595.266550298938,-18171.470165001396,0.003358966572195294,27.0,0.18,4100.0,0.0009417607219780316
6993.387035501894,2601.543390635725,6729.429139516828,-18442.25140785607,0.00332468737528054,28.0,0.18,4100.0,0.000975803283388641
7113.559136020513,2579.7095371453283,6860.078345231576,-18703.742530299634,0.0032915412741371945,29.0,0.18,4100.0,0.0010097879984478366
7230.4476380204205,2556.8396677587752,6987.38568345997,-18956.5036641009,0.0032594639872571747,30.0,0.18,4100.0,0.001043715063411405
0.0,0.0,0.0,-2.1237246499294997,0.00522497909311448,0.0,0.22,4250.0,0.0
606.5416074004097,506.67108905151963,592.2127428165256,-1836.5018693910388,0.005023232803883777,1.0,0.22,4200.0,3.5682435870027843e-05
1117.9237992232952,900.0745252827754,1077.1565758756676,-3364.706347389212,0.004873961054909245,2.0,0.22,4200.0,7.13013232899229e-05
1564.1814910110616,1215.3884620125673,1358.5428881400173,-4674.358939558209,0.0047414484085633165,3.0,0.22,4200.0,0.00010685688820990892
1962.1205584343613,1472.7287332684489,1580.184542218079,-5819.877206180536,0.00462230852419922,4.0,0.22,4200.0,0.0001423493553772791
2322.3350997706802,1685.0917989618565,1916.9987421984852,-6837.35250902985,0.0045141188635092165,5.0,0.22,4200.0,0.0001777789483449199
2652.0475696536423,1861.515569346798,2238.0294679530793,-7752.013707634105,0.004415077909232568,6.0,0.22,4200.0,0.00021314588947975957
2956.455577562761,2008.4854206254363,2539.064115756247,-8582.226166433058,0.004323805173343826,7.0,0.22,4200.0,0.00024845039997114225
3239.449441199374,2131.1475436576766,2821.7281411703557,-9341.796330126497,0.004239216645034101,8.0,0.22,4200.0,0.00028369269983912767
3504.039439036016,2233.2393083083753,3088.103718387184,-10041.378509565591,0.004160443876556659,9.0,0.22,4200.0,0.0003188730079427189
3752.6071807387584,2317.997633884046,3340.005287923508,-10689.496385234379,0.004069083635678556,10.0,0.22,4150.0,0.0003539915419880172
3987.0771597783078,2387.8538046549297,3579.2057931670847,-11292.824200942945,0.004000586376810037,11.0,0.22,4150.0,0.0003890485185363046
4209.031527443484,2444.9754236760405,3806.807572657826,-11856.801155372385,0.003936068670242159,12.0,0.22,4150.0,0.0004240441530120581
4419.788690859451,2491.0154646850197,4024.207712053558,-12385.979365729756,0.003875124026178321,13.0,0.22,4150.0,0.00045897865971089135
4620.46068795189,2527.545130476808,4232.113466249026,-12884.166421409333,0.003817405240651715,14.0,0.22,4150.0,0.0004938522518074282
4811.995494855325,2555.661645252565,4431.5132123513295,-13354.580304428848,0.0037626133184241522,15.0,0.22,4150.0,0.0005286651413631086
4995.20850297482,2576.638107111937,4623.127600198196,-13799.965257494303,0.0037104887827247098,16.0,0.22,4150.0,0.0005634175393339245
5170.807273707702,2591.18268212307,4807.464444391494,-14222.680980588651,0.003660804933490164,17.0,0.22,4150.0,0.0005981096555780908
5339.412093037625,2600.2389066383853,4985.078058523681,-14624.77154554354,0.003613362679814868,18.0,0.22,4150.0,0.000632741698863649
5501.564002840967,2604.440919648845,5156.677666668161,-15008.018850834931,0.003567985976501649,19.0,0.22,4150.0,0.0006673138768760085
5657.743690024229,2604.33256512194,5322.499241734942,-15373.986518308644,0.0035245185290720847,20.0,0.22,4150.0,0.0007018263962254038
5808.380918868922,2600.6051112874047,5482.914981537346,-15724.053039036837,0.0034828209448481717,21.0,0.22,4150.0,0.000736279462454328
5953.856955463147,2593.5958047853424,5638.262718876994,-16059.44117003982,0.003442768209052689,22.0,0.22,4150.0,0.0007706732800448598
6094.512583331777,2583.703610184897,5788.874823511946,-16381.23906883924,0.003404248047004732,23.0,0.22,4150.0,0.0008050080524259507
6230.662321918227,2571.3884851741077,5935.207597616196,-16690.42084989522,0.0033671589414198387,24.0,0.22,4150.0,0.0008392839819806442
6362.580856674261,2556.9313861044766,6077.356782420535,-16987.8980792175,0.0033193737209973144,25.0,0.22,4100.0,0.0008735012700532328
6490.525442582479,2540.5780649033295,6215.535190540925,-17274.45720808988,0.0032851216446744334,26.0,0.22,4100.0,0.0009076601169563551
6614.726179807793,2522.5901356099325,6349.976670784487,-17550.770948003665,0.0032520374361208297,27.0,0.22,4100.0,0.0009417607219780316
6735.394870137771,2503.2436101225967,6480.860290248525,-17817.48586876854,0.0032200526515581314,28.0,0.22,4100.0,0.000975803283388641
6852.725620050511,2482.7298895239683,6608.36622349229,-18075.191172465507,0.003189104122355804,29.0,0.22,4100.0,0.0010097879984478366
6966.896138825731,2461.191429345251,6732.66261691728,-18324.423484887804,0.0031591342085946317,30.0,0.22,4100.0,0.001043715063411405
0.0,0.0,0.0,-2.1237246499294997,0.004938509083186672,0.0,0.26,4250.0,0.0
574.3968017256562,479.7786889557958,560.8217126046612,-1739.289482797627,0.0047567329184405715,1.0,0.26,4200.0,3.5682435870027843e-05
1060.0661183969337,853.365180905509,1020.9273806360515,-3191.4853415418984,0.004623018609970209,2.0,0.26,4200.0,7.13013232899229e-05
1484.9263676937526,1153.5726891251038,1289.5537338714125,-4439.755184247755,0.004503963249430253,3.0,0.26,4200.0,0.00010685688820990892
1864.585541047299,1399.171179252623,1501.3505317968506,-5534.514323667856,0.004396636818650029,4.0,0.26,4200.0,0.0001423493553772791
2208.8930555043626,1602.3067007303616,1822.081304999107,-6509.246164484983,0.004298938796389053,5.0,0.26,4200.0,0.0001777789483449199
2524.5652319893093,1771.4448743954538,2128.5937953178914,-7387.390607436428,0.004209304541425216,6.0,0.26,4200.0,0.00021314588947975957
2816.441894767272,1912.6629079063848,2416.74109621109,-8186.036758298011,0.004126532541799042,7.0,0.26,4200.0,0.00024845039997114225
3088.149889488696,2030.791535109539,2687.7624079664847,-8918.05136266719,0.004049677659710149,8.0,0.26,4200.0,0.00028369269983912767
3342.499285053541,2129.3609613154176,2943.522977170114,-9593.378772658718,0.003977981377879336,9.0,0.26,4200.0,0.0003188730079427189
3581.7138636470577,2211.404286358066,3185.6869536970967,-10219.872874204775,0.0039108246714851325,10.0,0.26,4200.0,0.0003539915419880172
3807.5950275984833,2279.2381761668066,3415.8896110795567,-10804.014075220875,0.0038310445333985064,11.0,0.26,4150.0,0.0003890485185363046
4021.624578652565,2334.887440448489,3635.1607578817006,-11350.789521391853,0.003772063241623992,12.0,0.26,4150.0,0.0004240441530120581
4225.038707435895,2379.9454905556113,3844.788396546983,-11864.466979897312,0.003716272680384461,13.0,0.26,4150.0,0.00045897865971089135
4418.881187137883,2415.873598553509,4045.439995396909,-12348.626063011921,0.0036633672113001057,14.0,0.26,4150.0,0.0004938522518074282
4604.042653708509,2443.7456511224127,4238.050617265606,-12806.295972502041,0.003613083172667455,15.0,0.26,4150.0,0.0005286651413631086
4781.290172942151,2464.7361911571184,4423.2814405379995,-13240.063709690148,0.00356519154734222,16.0,0.26,4150.0,0.0005634175393339245
4951.290902517531,2479.5356058104626,4601.60157165336,-13652.156065018848,0.0035194920119327607,17.0,0.26,4150.0,0.0005981096555780908
5114.627503041957,2489.068001691822,4773.531255703427,-14044.504616716047,0.0034758081474033546,18.0,0.26,4150.0,0.000632741698863649
5271.811109705879,2493.894229738117,4939.770520917355,-14418.795099776464,0.003433984131258759,19.0,0.26,4150.0,0.0006673138768760085
5423.2955586212975,2494.558811555202,5100.491775300663,-14776.508158673023,0.0033938811211871884,20.0,0.26,4150.0,0.0007018263962254038
5569.488562530497,2491.7368381880774,5256.073633484202,-15118.9510545316,0.003355375379645206,21.0,0.26,4150.0,0.000736279462454328
5710.747391723889,2485.711001393353,5406.831782352203,-15447.283949974008,0.0033183556400046338,22.0,0.26,4150.0,0.0007706732800448598
5847.398096341698,2476.889053788808,5553.0571374824685,-15762.540943258573,0.003282722012656959,23.0,0.26,4150.0,0.0008050080524259507
5979.734798850763,2465.7366779202353,5695.222543357596,-16065.648273594576,0.003248383866235119,24.0,0.26,4150.0,0.0008392839819806442
6108.019479787634,2452.467138910595,5833.386653827504,-16357.437714611195,0.00321525945047578,25.0,0.26,4150.0,0.0008735012700532328
6232.498246148205,2437.3489295132363,5967.759108807117,-16638.660649216014,0.0031832739385802985,26.0,0.26,4150.0,0.0009076601169563551
6353.384510937788,2420.6281964039076,6098.535758853138,-16910.026059367607,0.0031408901718589723,27.0,0.26,4100.0,0.0009417607219780316
6470.885960882669,2402.608281089552,6225.925197604508,-17172.159667026237,0.003111195163647701,28.0,0.26,4100.0,0.000975803283388641
6585.179854966017,2383.4064777112835,6350.0834922171525,-17425.581816704318,0.0030824423732640203,29.0,0.26,4100.0,0.0010097879984478366
6696.441963491627,2363.1936059847026,6471.168554196662,-17670.80555318259,0.003054580211991342,30.0,0.26,4100.0,0.001043715063411405
0.0,0.0,0.0,-2.1237246499294997,0.004654243885448411,0.0,0.30000000000000004,4250.0,0.0
542.3733195659378,452.99230826755263,529.5497855565387,-1642.4334155645556,0.004491252979879933,1.0,0.30000000000000004,4200.0,3.5682435870027843e-05
1002.2718891727687,806.7204548769191,964.9698237730896,-3018.3403372543908,0.004372172599688522,2.0,0.30000000000000004,4200.0,7.13013232899229e-05
1405.5692619151266,1091.7003957729942,1220.4979597894644,-4204.584833762434,0.0042658346082152555,3.0,0.30000000000000004,4200.0,0.00010685688820990892
1766.725650821611,1325.402297317081,1422.2809962325316,-5247.733325338049,0.004169718686571442,4.0,0.30000000000000004,4200.0,0.0001423493553772791
2094.8639916604566,1519.1373602333526,1726.8078802470848,-6178.751472116914,0.004082014834987637,5.0,0.30000000000000004,4200.0,0.0001777789483449199
2396.2118682109635,1680.811792133652,2018.4939940169447,-7019.346168234704,0.004001372308586482,6.0,0.30000000000000004,4200.0,0.00021314588947975957
2675.2579544608498,1816.1016861752823,2293.460996199988,-7785.365316597483,0.003926752156592089,7.0,0.30000000000000004,4200.0,0.00024845039997114225
2935.375546541528,1929.528989686673,2552.5441305355275,-8488.758428704066,0.0038573356292735846,8.0,0.30000000000000004,4200.0,0.00028369269983912767
3179.174713302072,2024.4139502837934,2797.394450662014,-9138.774437688153,0.0037924645299650893,9.0,0.30000000000000004,4200.0,0.0003188730079427189
3408.72782346521,2103.5914094175805,3029.518420413504,-9742.728609025107,0.0037316008322989987,10.0,0.30000000000000004,4200.0,0.0003539915419880172
3625.7140735351463,2169.2610723354583,3250.422643863298,-10306.541649164734,0.0036580857645182535,11.0,0.30000000000000004,4150.0,0.0003890485185363046
3831.5162628111225,2223.310196552383,3461.0638359434756,-10835.129663163403,0.0036044819061880934,12.0,0.30000000000000004,4150.0,0.0004240441530120581
4027.289288205327,2267.2686803434644,3662.6273060559074,-11332.350584123174,0.003553708202774491,13.0,0.30000000000000004,4150.0,0.00045897865971089135
4214.009425297657,2302.487732077882,3855.7396911647616,-11801.557231182582,0.0035054974736011334,14.0,0.30000000000000004,4150.0,0.0004938522518074282
4392.51043409358,2330.0151035280546,4041.2698110568417,-12245.590286867991,0.003459618956673585,15.0,0.30000000000000004,4150.0,0.0005286651413631086
4563.5110535737795,2350.9306140100352,4219.822679734437,-12666.87889273341,0.0034158717401660934,16.0,0.30000000000000004,4150.0,0.0005634175393339245
4727.638868051714,2365.9077025543406,4391.850444461631,-13067.516878061419,0.003374080018466468,17.0,0.30000000000000004,4150.0,0.0005981096555780908
4885.438041915584,2375.845151040452,4557.839032462752,-13449.321896636604,0.0033340888196107753,18.0,0.30000000000000004,4150.0,0.000632741698863649
5037.3902871664,2381.230778506193,4718.425051831237,-13813.883103899847,0.003295760789625057,19.0,0.30000000000000004,4150.0,0.0006673138768760085
5183.924337728602,2382.6337876829753,4873.800410779857,-14162.596775602702,0.00325897385425001,20.0,0.30000000000000004,4150.0,0.0007018263962254038
5325.420377874745,2380.6468755219967,5024.280751835686,-14496.69812267831,0.003223618561142002,21.0,0.30000000000000004,4150.0,0.000736279462454328
5462.216418216265,2375.5615887002436,5170.189392482268,-14817.283357470675,0.003189596945016142,22.0,0.30000000000000004,4150.0,0.0007706732800448598
5594.623363320776,2367.781853150296,5311.799586063041,-15125.331818370818,0.0031568203828310137,23.0,0.30000000000000004,4150.0,0.0008050080524259507
5722.912687474473,2357.749513874621,5449.5411915633995,-15421.720188462437,0.00312520894267454,24.0,0.30000000000000004,4150.0,0.0008392839819806442
5847.337701760925,2345.642908600261,5583.478294890741,-15707.237838067682,0.0030946899705292714,25.0,0.30000000000000004,4150.0,0.0008735012700532328
5968.124782516665,2331.7340770264836,5713.807881217177,-15982.597429184025,0.003065197215493985,26.0,0.30000000000000004,4150.0,0.0009076601169563551
6085.482144565127,2316.289148650978,5840.7156923716875,-16248.44404028498,0.003036670485376897,27.0,0.30000000000000004,4150.0,0.0009417607219780316
6199.599702148521,2299.5543788568752,5964.375157709781,-16505.365059203934,0.0030090542305082697,28.0,0.30000000000000004,4150.0,0.000975803283388641
6310.652033969781,2281.653973048199,6084.957111106664,-16753.89664550691,0.002971340139927889,29.0,0.30000000000000004,4100.0,0.0010097879984478366
6418.798437643792,2262.7579289330324,6202.614232574503,-16994.587836200626,0.002945581078256225,30.0,0.30000000000000004,4100.0,0.001043715063411405
0.0,0.0,0.0,-2.1237246499294997,0.004372144761238954,0.0,0.34,4250.0,0.0
510.46820430936646,426.3092428232412,498.394041908664,-1545.9539024761834,0.004250789825088214,1.0,0.34,4250.0,3.5682435870027843e-05
944.5373436353392,760.1369416903291,909.2602716315821,-2845.271627561313,0.004121424645849038,2.0,0.34,4200.0,7.13013232899229e-05
1326.1129424032545,1029.7747645598088,1151.3705769766925,-3968.850668672283,0.004027067132051451,3.0,0.34,4200.0,0.00010685688820990892
1668.541052099602,1251.4234886617292,1342.9774524060517,-4959.5338550508895,0.003941555848836291,4.0,0.34,4200.0,0.0001423493553772791
1980.2446294088456,1435.5828345928069,1631.2004572143398,-5845.858588207055,0.0038633417487258003,5.0,0.34,4200.0,0.0001777789483449199
2266.9775812904372,1589.6117474556604,1907.7344169740206,-6647.854271583114,0.0037912667717747662,6.0,0.34,4200.0,0.00021314588947975957
2532.8898585011757,1718.7956899037774,2169.2211827391507,-7380.163299642198,0.0037244387733704155,7.0,0.34,4200.0,0.00024845039997114225
2781.1035635895873,1827.3480942624776,2416.0653339307587,-8053.841186392827,0.003662153558197545,8.0,0.34,4200.0,0.00028369269983912767
3014.0360127104377,1918.3824682586967,2649.695320768273,-8677.456685231526,0.0036038441146542194,9.0,0.34,4200.0,0.0003188730079427189
3233.6102331833013,1994.5389134608413,2871.468118580353,-9257.79643944685,0.0035490462208637085,10.0,0.34,4200.0,0.0003539915419880172
3441.385453360388,2057.900849739234,3082.767435227675,-9800.334343156559,0.003497374368037806,11.0,0.34,4200.0,0.0003890485185363046
3638.647066830252,2110.2169224565296,3284.469121240851,-10309.593709045148,0.0034332406467559606,12.0,0.34,4150.0,0.0004240441530120581
3826.4697136399545,2152.9508790670893,3477.6650346793153,-10789.357592727742,0.0033873349052786455,13.0,0.34,4150.0,0.00045897865971089135
4005.762781113324,2187.347393332985,3662.9271573527353,-11242.64048320878,0.003343689009176521,14.0,0.34,4150.0,0.0004938522518074282
4177.303873818293,2214.4284692805645,3841.0782093644593,-11672.095627488416,0.0033021024365549904,15.0,0.34,4150.0,0.0005286651413631086
4341.765067180478,2235.178626602447,4012.666333877171,-12079.994006178415,0.003262400551689939,16.0,0.34,4150.0,0.0005634175393339245
4499.730456427696,2250.2471789782285,4178.10530346505,-12468.29623710017,0.003224429970234101,17.0,0.34,4150.0,0.0005981096555780908
4651.709852709827,2260.512429514387,4337.855781722749,-12838.705799860181,0.0031880557127162536,18.0,0.34,4150.0,0.000632741698863649
4798.154551152136,2266.392730808,4492.52606337318,-13192.71387658237,0.003153157719286757,19.0,0.34,4150.0,0.0006673138768760085
4939.467360382241,2268.4727893856757,4642.25219751067,-13531.632269091206,0.0031196293050684883,20.0,0.34,4150.0,0.0007018263962254038
5076.001417416959,2267.266059368758,4787.3753376367295,-13856.622409886382,0.0030873746370920674,21.0,0.34,4150.0,0.000736279462454328
5208.078108800938,2263.0785058471715,4928.160825720779,-14168.716360376493,0.0030563079036367187,22.0,0.34,4150.0,0.0007706732800448598
5335.9850757321865,2256.3168147075467,5064.887853703074,-14468.837048909576,0.0030263512723436164,23.0,0.34,4150.0,0.0008050080524259507
5459.980134543435,2247.3496979601955,5197.960407576776,-14757.811143480576,0.002997434698427594,24.0,0.34,4150.0,0.0008392839819806442
5580.301930124318,2236.3768333154626,5327.4113252633915,-15036.384468218304,0.0029694940798955754,25.0,0.34,4150.0,0.0008735012700532328
5697.160643860661,2223.652939213437,5453.438385297057,-15305.229792859835,0.0029424713808514137,26.0,0.34,4150.0,0.0009076601169563551
5810.756279973472,2209.4682031366196,5576.231587066899,-15564.957907363394,0.0029163133714920197,27.0,0.34,4150.0,0.0009417607219780316
5921.263701933097,2193.9949229988306,5695.9391018987235,-15816.124614045279,0.002890971162573525,28.0,0.34,4150.0,0.000975803283388641
6028.850943386262,2177.3819554823385,5812.715167115856,-16059.23589459718,0.0028664001791621147,29.0,0.34,4150.0,0.0010097879984478366
6133.666316057265,2159.793525803373,5926.699235724912,-16294.755863912556,0.0028425589861420467,30.0,0.34,4150.0,0.001043715063411405
0.0,0.0,0.0,-2.1237246499294997,0.0040921740606266336,0.0,0.38,4250.0,0.0
478.679917383946,399.7281780265465,467.3529760269483,-1449.8251347347395,0.003985927207426394,1.0,0.38,4250.0,3.5682435870027843e-05
886.8620601043689,713.6142147822442,853.6957813930683,-2672.279581054114,0.0038707764634840452,2.0,0.38,4200.0,7.13013232899229e-05
1246.5528305333667,967.7919418026295,1082.1677471480828,-3732.5556403588052,0.0037876656348516764,3.0,0.38,4200.0,0.00010685688820990892
1570.026741878088,1177.2312541490955,1263.436093490863,-4669.915997096716,0.0037121503454068338,4.0,0.38,4200.0,0.0001423493553772791
1865.0297992714604,1351.6401069870603,1535.2849459083282,-5510.558031164292,0.003642914795988655,5.0,0.38,4200.0,0.0001777789483449199
2136.8532709804626,1497.8408684518838,1796.3224646154197,-6272.889240256045,0.0035789738450812737,6.0,0.38,4200.0,0.00021314588947975957
2389.322800265939,1620.7377661174196,2044.0215433002643,-6970.382553846284,0.003519567362877121,7.0,0.38,4200.0,0.00024845039997114225
2625.3120102284333,1724.2369711748636,2278.310462438262,-7613.223352439069,0.0034640944672946956,8.0,0.38,4200.0,0.00028369269983912767
2847.0529721766416,1811.2517362517115,2500.4029453444855,-8209.316211866571,0.003412070620237507,9.0,0.38,4200.0,0.0003188730079427189
3056.3216447471737,1884.2293561550603,2711.5119271395783,-8764.929924203818,0.003363098545819407,10.0,0.38,4200.0,0.0003539915419880172
3254.559484330648,1945.1337268953444,2912.8837188697375,-9285.12716719861,0.0033168478795825357,11.0,0.38,4200.0,0.0003890485185363046
3442.956166609422,1995.5767598620746,3105.3238835889265,-9774.060467210977,0.003273040488240964,12.0,0.38,4200.0,0.0004240441530120581
3622.507401524557,2036.9586652555208,3289.8324834253376,-10235.209765837237,0.003217055125966012,13.0,0.38,4150.0,0.00045897865971089135
3794.056437374143,2070.417371841348,3466.9295988119356,-10671.549059750017,0.003177832118234335,14.0,0.38,4150.0,0.0004938522518074282
3958.325371657913,2096.9425614367715,3637.3848584991847,-11085.434535350512,0.003140412340937368,15.0,0.38,4150.0,0.0005286651413631086
4115.940038995674,2117.4287976772625,3801.694473899001,-11478.980071686325,0.003104645158595001,16.0,0.38,4150.0,0.0005634175393339245
4267.440982375408,2132.5182584798554,3960.2446048162356,-11854.012086216542,0.0030703982235553,17.0,0.38,4150.0,0.0005981096555780908
4413.304241842593,2143.0150990246093,4113.466126042341,-12212.120534917718,0.0030375545643838604,18.0,0.38,4150.0,0.000632741698863649
4553.952506911162,2149.318178484191,4261.900176729744,-12554.697300644024,0.003006010507264648,19.0,0.38,4150.0,0.0006673138768760085
4689.757193766697,2152.0100760991218,4405.709535727512,-12882.96971889084,0.0029756732891484013,20.0,0.38,4150.0,0.0007018263962254038
4821.050304173693,2151.528164011326,4545.1636768518865,-13198.024016529358,0.0029464600267837026,21.0,0.38,4150.0,0.000736279462454328
4948.133641673957,2148.18642350853,4680.55892099196,-13500.827966372934,0.002918295911290871,22.0,0.38,4150.0,0.0007706732800448598
5071.271632031322,2142.398089574586,4812.123986884853,-13792.24646863337,0.0028911134679952626,23.0,0.38,4150.0,0.0008050080524259507
5190.711646138109,2134.4600250087988,4940.238797923416,-14073.05605262814,0.002864851580838013,24.0,0.38,4150.0,0.0008392839819806442
5306.670117885355,2124.5845867436055,5064.94510393792,-14343.957433634612,0.002839454420359296,25.0,0.38,4150.0,0.0008735012700532328
5419.351192638482,2113.021408395048,5186.415425644097,-14605.583164061129,0.0028148714314956934,26.0,0.38,4150.0,0.0009076601169563551
5528.934649273443,2100.069413409228,5304.812353935147,-14858.50873009755,0.002791055969096028,27.0,0.38,4150.0,0.0009417607219780316
5635.592560650053,2085.8393623907145,5420.314038427625,-15103.25728690793,0.002767965477830937,28.0,0.38,4150.0,0.000975803283388641
5739.47435225944,2070.4970459984747,5533.0382518949755,-15340.30624175306,0.002745560879104825,29.0,0.38,4150.0,0.0010097879984478366
5840.7277690590945,2054.2046160649465,5643.122175433764,-15570.093780165524,0.0027238058513724467,30.0,0.38,4150.0,0.001043715063411405
0.0,0.0,0.0,-2.1237246499294997,0.0038142952121181517,0.0,0.42000000000000004,4250.0,0.0
447.0069602980597,373.24783348194575,436.4251214922468,-1354.041233192751,0.003722043581100436,1.0,0.42000000000000004,4250.0,3.5682435870027843e-05
829.246319431806,667.1528983592137,798.2146418157739,-2499.3646775996604,0.0036202298212971414,2.0,0.42000000000000004,4200.0,7.13013232899229e-05
1166.8914486291035,905.7548945172413,1012.8922678477213,-3495.7028151799896,0.003547635127500988,3.0,0.42000000000000004,4200.0,0.00010685688820990892
1471.1829694957264,1102.8270711873986,1183.6581524911062,-4378.880251034228,0.0034815044603623392,4.0,0.42000000000000004,4200.0,0.0001423493553772791
1749.2135727731868,1267.3069765543646,1439.0963376367786,-5172.841082749896,0.003420729660973759,5.0,0.42000000000000004,4200.0,0.0001777789483449199
2005.831629050895,1405.4965962635822,1684.2742866044425,-5894.42631420173,0.0033644799225158884,6.0,0.42000000000000004,4200.0,0.00021314588947975957
2244.5410177546228,1521.9193546855429,1917.8587558462264,-6555.975815326739,0.0033121133106677647,7.0,0.42000000000000004,4200.0,0.00024845039997114225
2467.9789039656325,1620.1853143128571,2139.270675003807,-7166.829232049087,0.003263121665870926,8.0,0.42000000000000004,4200.0,0.00028369269983912767
2678.1950650623753,1703.0080255873806,2349.5029731564764,-7734.2435423282805,0.0032170946392127537,9.0,0.42000000000000004,4200.0,0.0003188730079427189
2876.8218486475753,1772.6428571307479,2549.615723873793,-8263.981235258565,0.0031736952657453825,10.0,0.42000000000000004,4200.0,0.0003539915419880172
3065.1854774347703,1830.933839677495,2740.7284287846524,-8760.701773908542,0.0031326430236357583,11.0,0.42000000000000004,4200.0,0.0003890485185363046
3244.3815281280167,1879.3629925805812,2923.578604190711,-9228.231413955764,0.0030937014999480915,12.0,0.42000000000000004,4200.0,0.0004240441530120581
3415.3280023081543,1919.2592472452764,3099.06773155279,-9669.754749341766,0.003056669199078611,13.0,0.42000000000000004,4200.0,0.00045897865971089135
3578.8032421142098,1951.6561670901,3267.6692401007667,-10087.952789037314,0.0030213729645001807,14.0,0.42000000000000004,4200.0,0.0004938522518074282
3735.4756396312914,1977.51468834428,3430.1061227171895,-10485.220044499576,0.0029744241242573733,15.0,0.42000000000000004,4150.0,0.0005286651413631086
3885.9213627744334,1997.635232611629,3586.812434381108,-10863.395387836674,0.002942469061744026,16.0,0.42000000000000004,4150.0,0.0005634175393339245
4030.6416476043505,2012.6549179695123,3738.1441142587487,-11224.167366395239,0.002911836389469667,17.0,0.42000000000000004,4150.0,0.0005981096555780908
4170.079106625801,2023.2952174141262,3884.5198326487443,-11569.01185830748,0.0028824257882330913,18.0,0.42000000000000004,4150.0,0.000632741698863649
4304.623851904311,2029.9457392675947,4026.4210826571907,-11899.22179709957,0.002854148441781345,19.0,0.42000000000000004,4150.0,0.0006673138768760085
4434.61984709308,2033.1778230359466,4163.979895663639,-12215.938917442763,0.0028269246336133525,20.0,0.42000000000000004,4150.0,0.0007018263962254038
4560.379550029572,2033.3626790571768,4297.488666518935,-12520.17424083312,0.0028006832262211395,21.0,0.42000000000000004,4150.0,0.000736279462454328
4682.177429675518,2030.8118464281247,4427.169780846639,-12812.83016511354,0.0027753597251109247,22.0,0.42000000000000004,4150.0,0.0007706732800448598
4800.265234442356,2025.9479892457566,4553.288098751701,-13094.712988671105,0.002750896186060679,23.0,0.42000000000000004,4150.0,0.0008050080524259507
4914.868182697405,2018.9965849594976,4676.158668075085,-13366.54848499476,0.002727239729198873,24.0,0.42000000000000004,4150.0,0.0008392839819806442
5026.192356313764,2010.1845682912758,4795.816510303932,-13628.991131836032,0.002704342326472481,25.0,0.42000000000000004,4150.0,0.0008735012700532328
5134.424039621786,1999.7734048485652,4912.452651722667,-13882.632912911147,0.002682160237827165,26.0,0.42000000000000004,4150.0,0.0009076601169563551
5239.735433026404,1988.0036126244152,5026.201021785941,-14128.012850454397,0.002660653106365173,27.0,0.42000000000000004,4150.0,0.0009417607219780316
5342.28138105804,1974.991242842512,5137.20391547426,-14365.620906823759,0.002639784186288393,28.0,0.42000000000000004,4150.0,0.000975803283388641
5442.20858343494,1960.905114621313,5245.601150698567,-14595.905227001123,0.0026195195304181402,29.0,0.42000000000000004,4150.0,0.0010097879984478366
5539.646402652267,1945.8913514890714,5351.5170081024,-14819.277101370993,0.0025998276853517206,30.0,0.42000000000000004,4150.0,0.001043715063411405
0.0,0.0,0.0,-2.1237246499294997,0.0035384726574724874,0.0,0.46,4250.0,0.0
415.4486714212524,346.8677563761136,405.6098491096053,-1258.5986105599004,0.0034591289206485493,1.0,0.46,4250.0,3.5682435870027843e-05
771.6870941544563,620.7504374780023,742.7905652347324,-2326.527452820679,0.0033697865757820883,2.0,0.46,4200.0,7.13013232899229e-05
1087.1245547644903,843.660066869607,943.5403123866896,-3258.2954807573187,0.0033069807540379455,3.0,0.46,4200.0,0.00010685688820990892
1372.0064402975236,1028.2083405156939,1103.6415427851177,-4086.4273779188807,0.0032496208020392748,4.0,0.46,4200.0,0.0001423493553772791
1632.7922386989612,1182.5824748871864,1342.6734459964991,-4832.699405121704,0.003196782440446273,5.0,0.46,4200.0,0.0001777789483449199
1873.9022207203486,1312.5736275388488,1571.607871005386,-5512.441166005476,0.0031477719031270278,6.0,0.46,4200.0,0.00021314588947975957
2098.5295569543036,1422.33297346777,1790.7371926671103,-6136.896181671422,0.003102052450288475,7.0,0.46,4200.0,0.00024845039997114225
2309.08198422586,1515.1833279308105,1998.9438532225126,-6714.583401498137,0.003059198640535709,8.0,0.46,4200.0,0.00028369269983912767
2507.431502407425,1593.636173867466,2196.977170747294,-7252.1294459009005,0.003018866523045608,9.0,0.46,4200.0,0.0003188730079427189
2695.0702183676513,1659.7592063602087,2385.75337892147,-7754.802121542896,0.0029807733288419722,10.0,0.46,4200.0,0.0003539915419880172
2873.2117490620644,1715.279405752334,2566.265894423758,-8226.86626150884,0.0029446832234019376,11.0,0.46,4200.0,0.0003890485185363046
3042.859697187926,1761.545934516601,2739.179760914042,-8671.82831900152,0.002910397193444411,12.0,0.46,4200.0,0.0004240441530120581
3204.8555129779133,1799.816594895634,2905.304320998232,-9092.609331472748,0.002877745659083152,13.0,0.46,4200.0,0.00045897865971089135
3359.9143630210174,1831.0276203557403,3065.071971046518,-9491.672181417438,0.002846582414407539,14.0,0.46,4200.0,0.0004938522518074282
3508.650070064209,1856.099521365168,3219.1460983323527,-9871.113159680106,0.0028167808051989835,15.0,0.46,4200.0,0.0005286651413631086
3651.590986513447,1875.7460843486465,3367.909693091039,-10232.786202188516,0.002775731839861349,16.0,0.46,4150.0,0.0005634175393339245
3789.1997530099443,1890.599362823871,3511.6935027991,-10578.249706857147,0.0027485915205683604,17.0,0.46,4150.0,0.0005981096555780908
3921.885527603145,1901.2932446823415,3650.879318528843,-10908.807273381091,0.0027225042889066626,18.0,0.46,4150.0,0.000632741698863649
4050.004131019786,1908.2097755763778,3785.9136859689943,-11225.653731399514,0.0026973946163428826,19.0,0.46,4150.0,0.0006673138768760085
4173.877356336213,1911.9111527192597,3916.9143708983456,-11529.844193508143,0.002673194963399457,20.0,0.46,4150.0,0.0007018263962254038
4293.789729955266,1912.694256683572,4044.133322128309,-11822.314746191492,0.0026498447472485696,21.0,0.46,4150.0,0.000736279462454328
4409.997548649894,1910.87898177593,4167.802999626479,-12103.901313918395,0.0026272891349562377,22.0,0.46,4150.0,0.0007706732800448598
4522.732935601003,1906.8852449997837,4288.148885745302,-12375.351530978776,0.002605478776274928,23.0,0.46,4150.0,0.0008050080524259507
4632.203867367181,1900.8746040813621,4405.461581859849,-12637.339405876643,0.0025843685147179775,24.0,0.46,4150.0,0.0008392839819806442
4738.602140256842,1893.086981284587,4519.788626787957,-12890.47267424401,0.002563917447012155,25.0,0.46,4150.0,0.0008735012700532328
4842.099701495057,1883.796249375755,4631.2715671622,-13135.302161268388,0.0025440881190091306,26.0,0.46,4150.0,0.0009076601169563551
4942.856121918469,1873.1735739060514,4740.063380098393,-13372.329508282812,0.002524846059260023,27.0,0.46,4150.0,0.0009417607219780316
5041.016932297282,1861.3560673847296,4846.297282614513,-13602.011058335716,0.002506159833781597,28.0,0.46,4150.0,0.000975803283388641
5136.714291009186,1848.502320265569,4950.084157114823,-13824.764869087754,0.002488000301653921,29.0,0.46,4150.0,0.0010097879984478366
5230.074974946716,1834.7746073877615,5051.537533026519,-14040.974627858785,0.0024703405376638333,30.0,0.46,4150.0,0.001043715063411405
0.0,0.0,0.0,-2.1237246499294997,0.003264671811779287,0.0,0.5,4250.0,0.0
384.0035808955998,320.586678964383,374.9057174292275,-1163.4937657896953,0.003197173436970194,1.0,0.5,4250.0,3.5682435870027843e-05
714.1850967403046,574.4077724424931,687.4243099532722,-2153.768492298368,0.003119448669264306,2.0,0.5,4200.0,7.13013232899229e-05
1007.254689483725,781.5104556121854,874.1147034465572,-3020.337135824084,0.003065707816802357,3.0,0.5,4200.0,0.00010685688820990892
1272.4948695596086,953.3747259556452,1023.385027738801,-3792.5587264719506,0.0030165022212110927,4.0,0.5,4200.0,0.0001423493553772791
1515.7617458390446,1097.4653873792975,1246.0240479410181,-4490.125571629258,0.0029710695629246646,5.0,0.5,4200.0,0.0001777789483449199
1741.0558444631642,1219.066763244877,1458.3515065567894,-5126.910669330784,0.0029288370178817795,6.0,0.5,4200.0,0.00021314588947975957
1951.2736548550333,1321.972941909553,1662.668520502066,-5713.097998338875,0.0028893609364510618,7.0,0.5,4200.0,0.00024845039997114225
2148.598912619722,1409.220624836583,1857.3240839614537,-6256.411071358867,0.002852289264624364,8.0,0.5,4200.0,0.00028369269983912767
2334.7309492821014,1483.1203707029542,2042.8124113121146,-6762.864174738359,0.002817336964568163,9.0,0.5,4200.0,0.0003188730079427189
2511.0254561523343,1545.5610225240564,2219.899959428542,-7237.243464994332,0.002784269432274426,10.0,0.5,4200.0,0.0003539915419880172
2678.585900284177,1598.1450981702249,2389.4567458342294,-7683.427483508567,0.0027528909459347147,11.0,0.5,4200.0,0.0003890485185363046
2838.3258575796103,1642.095830712475,2552.076943768353,-8104.609156926075,0.00272303598168152,12.0,0.5,4200.0,0.0004240441530120581
2991.0120492796805,1678.5989010609217,2708.4803600598234,-8503.451575342762,0.002694563251235482,13.0,0.5,4200.0,0.00045897865971089135
3137.298375399511,1708.4901218650762,2859.056486428188,-8882.2015106596,0.002667351116597448,14.0,0.5,4200.0,0.0004938522518074282
3277.742221579122,1732.6521151467387,3004.408008249535,-9242.77494180626,0.0026412936774863715,15.0,0.5,4200.0,0.0005286651413631086
3412.8273329988583,1751.7130381768027,3144.874306143279,-9586.818623549814,0.002616298541260323,16.0,0.5,4200.0,0.0005634175393339245
3542.9797886315273,1766.2947525998475,3280.7570771159844,-9915.761391571898,0.002592284032500189,17.0,0.5,4200.0,0.0005981096555780908
3668.5688501015147,1776.9492220483442,3412.409540418176,-10230.915887438445,0.0025576194615974245,18.0,0.5,4150.0,0.000632741698863649
3789.924478506935,1784.0467534549698,3540.2223374544496,-10533.337258083244,0.0025355658074487785,19.0,0.5,4150.0,0.0006673138768760085
3907.340489394761,1788.1373480209825,3664.318771707759,-10823.963895046189,0.00251428864061879,20.0,0.5,4150.0,0.0007018263962254038
4021.0767577168776,1789.4502826866624,3784.9136912868676,-11103.656956437364,0.0024937369565572547,21.0,0.5,4150.0,0.000736279462454328
4131.37174796986,1788.3255527943913,3902.228675768868,-11373.185310933404,0.002473864780364175,22.0,0.5,4150.0,0.0007706732800448598
4238.434411023136,1785.1266307772648,4016.4714104225404,-11633.237797092399,0.0024546305354479735,23.0,0.5,4150.0,0.0008050080524259507
4342.460800219934,1780.0081921209144,4127.905781798237,-11884.435875518953,0.002435996207888459,24.0,0.5,4150.0,0.0008392839819806442
4443.622867113063,1773.2011383219628,4236.556786805789,-12127.340257495925,0.0024179273468174353,25.0,0.5,4150.0,0.0008735012700532328
4542.082527778394,1764.9909064186159,4342.584122266629,-12362.459926304451,0.0024003923004611923,26.0,0.5,4150.0,0.0009076601169563551
4637.9849028894905,1755.482732126825,4446.10779047935,-12590.258519084215,0.002383362001485758,27.0,0.5,4150.0,0.0009417607219780316
4731.463807784044,1744.8305885798268,4547.241165292239,-12811.158347314333,0.0023668098671849915,28.0,0.5,4150.0,0.000975803283388641
4822.64452906508,1733.1877052492991,4646.112020409247,-13025.546561613475,0.002350711237085031,29.0,0.5,4150.0,0.0010097879984478366
4911.638147846835,1720.7330173239852,4742.813603914178,-13233.778724706091,0.002335043330412567,30.0,0.5,4150.0,0.001043715063411405
0.0,0.0,0.0,-2.1237246499294997,0.0029928590263367705,0.0,0.54,4250.0,0.0
352.669562308172,294.4026869482351,344.3106307753918,-1068.7232870094595,0.002936167563427782,1.0,0.54,4250.0,3.5682435870027843e-05
656.738853749132,528.123685742269,632.1144533823972,-1981.088445215093,0.0028692181127479856,2.0,0.54,4200.0,7.13013232899229e-05
927.2777278112575,719.3025994733003,804.6117188946214,-2781.831336920368,0.002823821808855231,3.0,0.54,4200.0,0.00010685688820990892
1172.648431223487,878.3278833517539,942.8898309829232,-3497.27580010135,0.002782151993812807,4.0,0.54,4200.0,0.0001423493553772791
1398.116032716761,1011.9526089826223,1149.0343863446426,-4145.112451795409,0.002743588065967261,5.0,0.54,4200.0,0.0001777789483449199
1607.283542341586,1124.9728077713507,1344.5482485532893,-4737.811957273931,0.002707663240290992,6.0,0.54,4200.0,0.00021314588947975957
1802.7583101032378,1220.8325202345554,1533.6696788903912,-5284.535879172305,0.002674015605775357,7.0,0.54,4200.0,0.00024845039997114225
1986.5072721727724,1302.2850349385963,1714.413567574635,-5792.238293737879,0.0026423576664786554,8.0,0.54,4200.0,0.00028369269983912767
2160.062039072115,1371.4479114095016,1886.9974157069123,-6266.338948608005,0.002612456519423398,9.0,0.54,4200.0,0.0003188730079427189
2324.64562132579,1430.0280721905563,2052.0321557928096,-6711.155373745671,0.0025841201855308703,10.0,0.54,4200.0,0.0003539915419880172
2481.25452064785,1479.5068755349218,2210.2668733000355,-7130.1903754497835,0.002557188186814502,11.0,0.54,4200.0,0.0003890485185363046
2630.714094851411,1520.9851026313886,2362.2223728207136,-7526.3294580327565,0.002531524947906874,12.0,0.54,4200.0,0.0004240441530120581
2773.7193990100322,1555.5695883496487,2508.5346459011475,-7901.982855096889,0.0025070143822561617,13.0,0.54,4200.0,0.00045897865971089135
2910.8604685951514,1584.005114732717,2649.542493910694,-8259.185650194871,0.00248355651348497,14.0,0.54,4200.0,0.0004938522518074282
3042.642728334956,1607.126475717928,2785.8006978987974,-8599.675115775412,0.00246106426881012,15.0,0.54,4200.0,0.0005286651413631086
3169.507243772287,1625.4858941152254,2917.595302163352,-8924.94626973341,0.002439461467615671,16.0,0.54,4200.0,0.0005634175393339245
3291.8377739987054,1639.6856358280447,3045.206003362218,-9236.297268767368,0.0024186808433264927,17.0,0.54,4200.0,0.0005981096555780908
3409.9708505350595,1650.1997621900614,3168.953937882171,-9534.861830313777,0.002398662870079123,18.0,0.54,4200.0,0.000632741698863649
3524.208743898131,1657.4037691970602,3289.1852572169964,-9821.638281067986,0.002379354301826727,19.0,0.54,4200.0,0.0006673138768760085
3634.814101598619,1661.784106964673,3406.0081962524073,-10097.550115507482,0.0023500027067191813,20.0,0.54,4150.0,0.0007018263962254038
3742.0299879701543,1663.5559712381187,3519.627037616445,-10363.381683617132,0.002332143911260302,21.0,0.54,4150.0,0.000736279462454328
3846.0664555922267,1663.0574640294328,3630.22193821378,-10619.790844222865,0.0023148579932694524,22.0,0.54,4150.0,0.0007706732800448598
3947.1215574545754,1660.5883337908238,3738.01831367957,-10867.407414812791,0.0022981104218967948,23.0,0.54,4150.0,0.0008050080524259507
4045.3672639618617,1656.306962983192,3843.2102872082237,-11106.799835285463,0.002281869681384118,24.0,0.54,4150.0,0.0008392839819806442
4140.966473700075,1650.4526940812066,3945.856116782727,-11338.481618791491,0.002266107137698231,25.0,0.54,4150.0,0.0008735012700532328
4234.063111321805,1643.2598600650992,4046.0749612527497,-11562.91925588627,0.0022507964625225413,26.0,0.54,4150.0,0.0009076601169563551
4324.791586693998,1634.8286704563893,4143.981243788047,-11780.537977624648,0.002235913480044395,27.0,0.54,4150.0,0.0009417607219780316
4413.275698430486,1625.3126321379125,4239.70206645827,-11991.72570152588,0.002221436021462829,28.0,0.54,4150.0,0.000975803283388641
4499.6259682026885,1614.8733279702813,4333.320908697649,-12196.837979865995,0.002207343548122723,29.0,0.54,4150.0,0.0010097879984478366
4583.95040839696,1603.646768011754,4424.933548383231,-12396.201798925875,0.002193617047755385,30.0,0.54,4150.0,0.001043715063411405
0.0,0.0,0.0,-2.1237246499294997,0.0027230015533497003,0.0,0.5800000000000001,4250.0,0.0
321.4452659046169,268.31462712405835,313.8232682962479,-974.2838382873379,0.002676101957910319,1.0,0.5800000000000001,4250.0,3.5682435870027843e-05
599.3463666055665,481.896454681702,576.8590513537437,-1808.4880386989898,0.002619096974861906,2.0,0.5800000000000001,4200.0,7.13013232899229e-05
847.1963298239735,657.0396224044484,735.034306059387,-2542.7818426792437,0.002581328335911191,3.0,0.5800000000000001,4200.0,0.00010685688820990892
1072.4628085894242,803.0649744871797,862.1528150111827,-3200.580533574306,0.002546573640107327,4.0,0.5800000000000001,4200.0,0.0001423493553772791
1279.8507409620895,926.0423163464682,1051.6233906211662,-3797.653742237948,0.0025143353286656792,5.0,0.5800000000000001,4200.0,0.0001777789483449199
1472.5771135302555,1030.2891237239623,1230.2642555903496,-4345.1235886039285,0.0024842388534782253,6.0,0.5800000000000001,4200.0,0.00021314588947975957
1652.9689907387894,1118.9049704587237,1403.7742230372332,-4851.165976204335,0.0024559936141283624,7.0,0.5800000000000001,4200.0,0.00024845039997114225
1822.784390123809,1194.3682797300871,1570.227074102389,-5321.9914702535025,0.0024293685489747874,8.0,0.5800000000000001,4200.0,0.00028369269983912767
1983.3929263536213,1258.6040776732968,1729.531525374948,-5762.4448176105,0.002404176163155234,9.0,0.5800000000000001,4200.0,0.0003188730079427189
2135.8884661766865,1313.1412610715827,1882.134650969735,-6176.388274507481,0.0023802618993913087,10.0,0.5800000000000001,4200.0,0.0003539915419880172
2281.1632762157988,1359.3420088508096,2028.6662652420127,-6566.958349488028,0.0023574964438840117,11.0,0.5800000000000001,4200.0,0.0003890485185363046
2419.9572377141208,1398.1820838474325,2169.5686496936078,-6936.74183573659,0.002335770253149657,12.0,0.5800000000000001,4200.0,0.0004240441530120581
2552.8952441224033,1430.696304652295,2305.4025193262864,-7287.900509391024,0.002314989712236139,13.0,0.5800000000000001,4200.0,0.00045897865971089135
2680.5042687024197,1457.5302352773556,2436.452971565697,-7622.262703225475,0.002295073834985475,14.0,0.5800000000000001,4200.0,0.0004938522518074282
2803.24042901069,1479.4786009274624,2563.227543453828,-7941.389549549967,0.0022759522694302124,15.0,0.5800000000000001,4200.0,0.0005286651413631086
2921.500573501138,1497.0122494786242,2685.9639492175525,-8246.626903805263,0.002257563180802788,16.0,0.5800000000000001,4200.0,0.0005634175393339245
3035.6273683932104,1510.713749887755,2804.908889229007,-8539.143616256013,0.002239852113892422,17.0,0.5800000000000001,4200.0,0.0005981096555780908
3145.929488084123,1520.9862819353,2920.3666419125075,-8819.962273133257,0.0022227706501675003,18.0,0.5800000000000001,4200.0,0.000632741698863649
3252.6723431401238,1528.2040612591952,3032.629803031057,-9089.983597551574,0.002206275595472814,19.0,0.5800000000000001,4200.0,0.0006673138768760085
3356.100294781838,1532.7825586685549,3141.7986249023334,-9350.00457096241,0.0021903282813378814,20.0,0.5800000000000001,4200.0,0.0007018263962254038
3456.4248559140246,1534.929390792581,3248.0516033918843,-9600.735522137787,0.002174893756856342,21.0,0.5800000000000001,4200.0,0.000736279462454328
3553.8445774805364,1534.9876772002574,3351.557145143307,-9842.811401045808,0.002159940533317857,22.0,0.5800000000000001,4200.0,0.0007706732800448598
3648.5300964872226,1533.1798718204145,3452.52171168878,-10076.855163263623,0.0021356668481777173,23.0,0.5800000000000001,4150.0,0.0008050080524259507
3740.644090213357,1529.6810532285506,3551.106435178755,-10303.347026089454,0.0021217241471192462,24.0,0.5800000000000001,4150.0,0.0008392839819806442
3830.3289828520396,1524.7323010370496,3647.373040594925,-10522.732600989424,0.0021081791447991015,25.0,0.5800000000000001,4150.0,0.0008735012700532328
3917.717743873188,1518.5028853743331,3741.4166852386534,-10735.435484716902,0.0020950103249368014,26.0,0.5800000000000001,4150.0,0.0009076601169563551
4002.9327390894496,1511.1095873294848,3833.361318806785,-10941.842190285417,0.0020821979065451055,27.0,0.5800000000000001,4150.0,0.0009417607219780316
4086.083034267628,1502.6925926781107,3923.293537058644,-11142.30586710343,0.0020697237102362646,28.0,0.5800000000000001,4150.0,0.000975803283388641
4167.274209125912,1493.434324571475,4011.303796671375,-11337.150086082096,0.0020575709278271488,29.0,0.5800000000000001,4150.0,0.0010097879984478366
4246.599162417192,1483.3999996465695,4097.4977510690305,-11526.672808543677,0.002045723951960558,30.0,0.5800000000000001,4150.0,0.001043715063411405
0.0,0.0,0.0,-2.1237246499294997,0.0024550675067635573,0.0,0.62,4250.0,0.0
290.32936909998335,242.32136937266574,283.4423356994695,-880.1721576628988,0.002416967492169747,1.0,0.62,4250.0,3.5682435870027843e-05
542.0094816687143,435.7281169058018,521.6599892219762,-1635.9680870874872,0.002369087377894088,2.0,0.62,4200.0,7.13013232899229e-05
767.006383921847,594.717755474524,665.3787637489116,-2303.1926823917747,0.002338233120493369,3.0,0.62,4200.0,0.00010685688820990892
971.9379940303351,727.5873005423825,781.1750214098596,-2902.4754426632717,0.002309770936794316,4.0,0.62,4200.0,0.0001423493553772791
1160.963732807436,839.7346973094354,953.7397527231674,-3447.7438745619293,0.0022833091790427714,5.0,0.62,4200.0,0.0001777789483449199
1336.9283262589474,935.0128177379707,1115.5965208738567,-3948.824489634848,0.0022585528693303985,6.0,0.62,4200.0,0.00021314588947975957
1501.891261341638,1016.1837416740331,1273.0344943439504,-4412.944853829809,0.0022352728919609517,7.0,0.62,4200.0,0.00024845039997114225
1657.4077516543223,1085.460677573432,1424.7875959816793,-4845.598521492284,0.0022132869348076,8.0,0.62,4200.0,0.00028369269983912767
1804.6915749313068,1144.573247105591,1570.4185981976777,-5251.073578607713,0.0021924470636357964,9.0,0.62,4200.0,0.0003188730079427189
1944.7110832585818,1194.8832629958827,1710.1967074620766,-5632.791994100866,0.0021726310574503643,10.0,0.62,4200.0,0.0003539915419880172
2078.2572225439353,1237.6240363385461,1844.6253161055502,-5993.534321405699,0.0021537366670356006,11.0,0.62,4200.0,0.0003890485185363046
2205.988183146551,1273.6617033386126,1974.0807403809215,-6335.596260018836,0.002135677189217568,12.0,0.62,4200.0,0.0004240441530120581
2328.456390386378,1303.941110274992,2099.0246744266483,-6660.897858617442,0.0021183784006134155,13.0,0.62,4200.0,0.00045897865971089135
2446.1310415922303,1329.0273890553203,2219.713260027752,-6971.06454666987,0.0021017761171894787,14.0,0.62,4200.0,0.0004938522518074282
2559.420950616089,1349.6611826064566,2336.5950956233914,-7267.485435642593,0.002085814455412902,15.0,0.62,4200.0,0.0005286651413631086
2668.6741585530417,1366.240901999655,2449.8612054429022,-7551.359345430828,0.0020704442983304843,16.0,0.62,4200.0,0.0005634175393339245
2774.2016796776625,1379.3240258015578,2559.740415304802,-7823.728165529508,0.002055622341431948,17.0,0.62,4200.0,0.0005981096555780908
2876.272505364647,1389.2433485709291,2666.497361524668,-8085.504556144908,0.0020413100182434933,18.0,0.62,4200.0,0.000632741698863649
2975.129975939078,1396.3736262604195,2770.3840192762327,-8337.492837461483,0.0020274729455906325,19.0,0.62,4200.0,0.0006673138768760085
3070.986002174892,1401.0552528590988,2871.4894747980943,-8580.40567335976,0.0020140802456894455,20.0,0.62,4200.0,0.0007018263962254038
3164.036617362814,1403.4964341744285,2969.975525550442,-8814.878496092628,0.002001104052162526,21.0,0.62,4200.0,0.000736279462454328
3254.451670390431,1404.028802521845,3065.990869693259,-9041.48003835688,0.0019885191968029357,22.0,0.62,4200.0,0.0007706732800448598
3342.391204793156,1402.8157085297169,3159.7235629658567,-9260.721631985856,0.001976302776059289,23.0,0.62,4200.0,0.0008050080524259507
3427.995430459085,1400.0353787903352,3251.305672468065,-9473.065250165957,0.001964433911774527,24.0,0.62,4200.0,0.0008392839819806442
3511.3946622898707,1395.9335349084956,3340.7953989856333,-9678.92946132992,0.0019528935431568353,25.0,0.62,4200.0,0.0008735012700532328
3592.7089194546547,1390.618545557777,3428.2774004163134,-9878.704663519318,0.0019327292737267912,26.0,0.62,4150.0,0.0009076601169563551
3672.0446219217874,1384.2174344566822,3513.865272252382,-10072.77969048902,0.0019218971017411026,27.0,0.62,4150.0,0.0009417607219780316
3749.5041159270177,1376.8789912304499,3597.6288864864355,-10261.419013857863,0.001911341478277394,28.0,0.62,4150.0,0.000975803283388641
3825.1788403618643,1368.7468453250788,3679.658234823985,-10444.914293348113,0.0019010489019977677,29.0,0.62,4150.0,0.0010097879984478366
3899.1528524510095,1359.8751397679703,3760.047221119589,-10623.533925983087,0.0018910068311184442,30.0,0.62,4150.0,0.001043715063411405
0.0,0.0,0.0,-2.1237246499294997,0.0021890258329385465,0.0,0.66,4250.0,0.0
259.32192781032234,216.4231483781824,253.1679152893725,-786.3850569222195,0.0021587552414441976,1.0,0.66,4250.0,3.5682435870027843e-05
484.72487631020755,389.615627794703,466.51399903660865,-1463.5700018834104,0.0021314313656262164,2.0,0.66,4250.0,7.13013232899229e-05
686.710929817575,532.340409792806,595.6484172901396,-2063.067929658515,0.0020945420679603804,3.0,0.66,4200.0,0.00010685688820990892
871.0720374508595,651.8943534832833,699.9551493076503,-2602.963163465254,0.002071748050504643,4.0,0.66,4200.0,0.0001423493553772791
1041.4485276629543,753.0272364916112,855.3776222719193,-3095.377631571995,0.002050508031148875,5.0,0.66,4200.0,0.0001777789483449199
1200.3275097637213,839.1395849331388,1000.6792367147334,-3548.8949034485704,0.0020305948005075415,6.0,0.66,4200.0,0.00021314588947975957
1349.5095202527266,912.6632269583729,1141.536693168765,-3969.8305932370567,0.0020118318230297307,7.0,0.66,4200.0,0.00024845039997114225
1490.3545582508764,975.551348647078,1278.1434256238217,-4362.987740075965,0.0019940785570764343,8.0,0.66,4200.0,0.00028369269983912767
1623.9258208595,1029.343587665397,1409.6842172404274,-4732.117929942731,0.001977220772620218,9.0,0.66,4200.0,0.0003188730079427189
1751.070130531504,1075.2334743793508,1536.2240859068893,-5080.216598160223,0.001961164160117275,10.0,0.66,4200.0,0.0003539915419880172
1872.4805478685223,1114.3321958581475,1658.1351412896902,-5409.720079532177,0.0019458296375820688,11.0,0.66,4200.0,0.0003890485185363046
1988.7359921100954,1147.394339452791,1775.717716866865,-5722.640944278719,0.001931150187143428,12.0,0.66,4200.0,0.0004240441530120581
2100.3181565847194,1175.272250382768,1889.354113103735,-6020.664286801897,0.0019170683104559676,13.0,0.66,4200.0,0.00045897865971089135
2207.6427689781126,1198.4586401537892,1999.2537079350786,-6305.217430699951,0.0019035343222819612,14.0,0.66,4200.0,0.0004938522518074282
2311.0647151473236,1217.6287752326596,2105.813994049867,-6577.521618627987,0.001890504839044237,15.0,0.66,4200.0,0.0005286651413631086
2410.894368486025,1233.1193785432338,2209.182742040854,-6838.631351679076,0.0018779417914197146,16.0,0.66,4200.0,0.0005634175393339245
2507.402136447337,1245.4568952279762,2309.5620966998254,-7089.464186705372,0.001865811503260259,17.0,0.66,4200.0,0.0005981096555780908
2600.828142293698,1254.9079639864435,2407.185695435586,-7330.824386208988,0.0018540840151725021,18.0,0.66,4200.0,0.000632741698863649
2691.383126817583,1261.8408372095755,2502.264742707225,-7563.421399723011,0.0018427325760040688,19.0,0.66,4200.0,0.0006673138768760085
2779.259035049994,1266.5296725274045,2594.88223061073,-7787.884549438553,0.0018317331189626556,20.0,0.66,4200.0,0.0007018263962254038
2864.622882407805,1269.1736175823512,2685.1754131949747,-8004.7751270626395,0.0018210639484226795,21.0,0.66,4200.0,0.000736279462454328
2947.630884199274,1270.097809695293,2773.2760312062996,-8214.596162340473,0.0018107054248250579,22.0,0.66,4200.0,0.0007706732800448598
3028.419688035394,1269.4037418021887,2859.347331029249,-8417.800362770613,0.0018006396606996525,23.0,0.66,4200.0,0.0008050080524259507
3107.1152938166724,1267.2808843624066,2943.5076573622005,-8614.796787600157,0.0017908503541231011,24.0,0.66,4200.0,0.0008392839819806442
3183.834788601929,1263.957367428048,3025.7998580639596,-8805.95655491633,0.0017813225970379127,25.0,0.66,4200.0,0.0008735012700532328
3258.6806569444193,1259.500750220644,3106.3047384063625,-8991.617481043904,0.001772042688453552,26.0,0.66,4200.0,0.0009076601169563551
3331.7505644298153,1254.0449011984329,3185.117166666506,-9172.087880033956,0.0017629980112898588,27.0,0.66,4200.0,0.0009417607219780316
3403.1341756686506,1247.7494660292537,3262.3027753244996,-9347.650189004227,0.0017541769448273128,28.0,0.66,4200.0,0.000975803283388641
3472.9114770416077,1240.693523527487,3337.93795029534,-9518.563815056274,0.0017455687383938585,29.0,0.66,4200.0,0.0010097879984478366
3541.159229766558,1232.9529215109542,3412.1154871236226,-9685.06767538179,0.0017371633993749048,30.0,0.66,4200.0,0.001043715063411405
0.0,0.0,0.0,-2.1237246499294997,0.001924846297132711,0.0,0.7000000000000001,4250.0,0.0
228.42053309904628,190.6177442195843,222.9976258410179,-692.9194189156333,0.0019014564771325316,1.0,0.7000000000000001,4250.0,3.5682435870027843e-05
427.4924965870688,343.5591621601348,411.42107374443606,-1291.2606581583532,0.001880282055336726,2.0,0.7000000000000001,4250.0,7.13013232899229e-05
606.3057581605832,469.90440017970826,525.8394277159438,-1822.4117880332778,0.0018502612298356414,3.0,0.7000000000000001,4200.0,0.00010685688820990892
769.8621954072958,575.9848166358539,618.4918189967248,-2302.0468416900403,0.0018325094438143867,4.0,0.7000000000000001,4200.0,0.0001423493553772791
921.3011043404175,665.9188920272593,756.5341762308523,-2740.550846860009,0.0018159306721403084,5.0,0.7000000000000001,4200.0,0.0001777789483449199
1062.7661277078637,742.6649557882879,885.5672350079756,-3145.31578011471,0.0018003547884862916,6.0,0.7000000000000001,4200.0,0.00021314588947975957
1195.8090918966668,808.3376662703781,1009.424898674947,-3521.7821568157597,0.0017856495697318214,7.0,0.7000000000000001,4200.0,0.00024845039997114225
1321.6021687421253,864.6313324604471,1130.3858136275014,-3874.0890660192163,0.001771709633750267,8.0,0.7000000000000001,4200.0,0.00028369269983912767
1441.0632256879223,912.9009311506067,1247.3796056644483,-4205.471189173259,0.0017584493547905217,9.0,0.7000000000000001,4200.0,0.0003188730079427189
1554.9219598623204,954.1753368401747,1360.2417147416836,-4518.5127405866515,0.0017457979098865041,10.0,0.7000000000000001,4200.0,0.0003539915419880172
1663.7782150759822,989.4424221440131,1469.1973261194917,-4815.316926909087,0.0017336959566550867,11.0,0.7000000000000001,4200.0,0.0003890485185363046
1768.129976330933,1019.3555117175458,1574.4675140454574,-5097.622406071547,0.001722093081766381,12.0,0.7000000000000001,4200.0,0.0004240441530120581
1868.395392251736,1044.6532512369147,1676.3500678211492,-5366.885889300269,0.0017109460899956636,13.0,0.7000000000000001,4200.0,0.00045897865971089135
1964.9340063489342,1065.7893297914525,1775.017094205942,-5624.342391519036,0.0017002175450982445,14.0,0.7000000000000001,4200.0,0.0004938522518074282
2058.052373112134,1083.3341687903064,1870.8047111591727,-5871.049224458722,0.001689874796067899,15.0,0.7000000000000001,4200.0,0.0005286651413631086
2148.0201587552265,1097.5967541860502,1963.827313454151,-6107.920156581138,0.0016798891490160351,16.0,0.7000000000000001,4200.0,0.0005634175393339245
2235.0716957464574,1109.055313775637,2054.2509880766,-6335.7510950987635,0.0016702351731928613,17.0,0.7000000000000001,4200.0,0.0005981096555780908
2319.4142397969804,1117.916011290837,2142.2887755813763,-6555.239927574519,0.0016608902783885994,18.0,0.7000000000000001,4200.0,0.000632741698863649
2401.2336431623175,1124.5386630197982,2228.1089429067024,-6767.002952751136,0.0016518342468095238,19.0,0.7000000000000001,4200.0,0.0006673138768760085
2480.6922882789345,1129.128122398337,2311.779291179898,-6971.587482986106,0.0016430488653751956,20.0,0.7000000000000001,4200.0,0.0007018263962254038
2557.9405597089008,1131.8985833934705,2393.4242211050114,-7169.481677883086,0.0016345177330020627,21.0,0.7000000000000001,4200.0,0.000736279462454328
2633.110104954583,1133.1061025469503,2473.1531845887357,-7361.123560061213,0.0016262259754514614,22.0,0.7000000000000001,4200.0,0.0007706732800448598
2706.321140484752,1132.852185002025,2551.1175960344985,-7546.907870923234,0.0016181600293160828,23.0,0.7000000000000001,4200.0,0.0008050080524259507
2777.6865304448406,1131.3309010693604,2627.403861256394,-7727.191270226678,0.0016103075298998667,24.0,0.7000000000000001,4200.0,0.0008392839819806442
2847.3034146254363,1128.7007427866472,2702.045327755097,-7902.2976155414,0.0016026571652047851,25.0,0.7000000000000001,4200.0,0.0008735012700532328
2915.2636635567314,1125.043838009569,2775.130607336685,-8072.521991815549,0.0015951985372219587,26.0,0.7000000000000001,4200.0,0.0009076601169563551
2981.6544488595423,1120.4872895188223,2846.719615878124,-8238.134252492135,0.001587922035160198,27.0,0.7000000000000001,4200.0,0.0009417607219780316
3046.55043286561,1115.177224826522,2916.888492396491,-8399.381240148774,0.0015808188255465507,28.0,0.7000000000000001,4200.0,0.000975803283388641
3110.0232910587897,1109.1558319171486,2985.6844126379797,-8556.49005090347,0.0015738807249677386,29.0,0.7000000000000001,4200.0,0.0010097879984478366
3172.1412505996545,1102.5105442111008,3053.2155367324162,-8709.669966903428,0.0015671001391216735,30.0,0.7000000000000001,4200.0,0.001043715063411405
0.0,0.0,0.0,-2.1237246499294997,0.0016624994406016771,0.0,0.74,4250.0,0.0
197.62377765397815,164.9039310859937,192.93008668945637,-599.7721950015621,0.0016450626598070667,1.0,0.74,4250.0,3.5682435870027843e-05
370.31262528904523,297.5592099656507,356.3815388727543,-1119.0342947942336,0.0016292320807437177,2.0,0.74,4250.0,7.13013232899229e-05
525.7937881223748,407.4131049967501,455.95499906463624,-1581.231540552857,0.0016146707501399312,3.0,0.74,4250.0,0.00010685688820990892
668.3092666378196,499.86038846479937,536.78721020119,-1999.7300144075853,0.001592059864071593,4.0,0.74,4200.0,0.0001423493553772791
800.5178889105877,578.4097081162972,657.2086681222224,-2383.259793768986,0.0015795764308465772,5.0,0.74,4200.0,0.0001777789483449199
924.2358670348862,645.5876383402039,769.949075933997,-2738.0692040984577,0.0015678236371580482,6.0,0.74,4200.0,0.00021314588947975957
1040.7753463926433,703.2005997566971,876.9433710039602,-3068.759794700418,0.0015567059215344228,7.0,0.74,4200.0,0.00024845039997114225
1151.1279019059168,752.6925808118566,981.6771088490704,-3378.8334653151614,0.0015461471510635819,8.0,0.74,4200.0,0.00028369269983912767
1256.071277244634,795.231051581416,1083.6089931173522,-3671.0279687297952,0.0015360853676005856,9.0,0.74,4200.0,0.0003188730079427189
1356.2225175383498,831.6918794244175,1182.3145841548794,-3947.5314842937514,0.0015264693769133522,10.0,0.74,4200.0,0.0003539915419880172
1452.0917742738754,862.9318520223869,1277.8495004524466,-4210.1261798845735,0.0015172561651824712,11.0,0.74,4200.0,0.0003890485185363046
1544.0983942484359,889.5077474673631,1370.3383703874717,-4460.285736350386,0.0015084092608625896,12.0,0.74,4200.0,0.0004240441530120581
1632.6008340062747,912.0534514410084,1460.003871460835,-4699.246070556052,0.0014998973366802451,13.0,0.74,4200.0,0.00045897865971089135
1717.8999437718544,930.9673982339237,1546.9629706891242,-4928.05554954549,0.001491693229387785,14.0,0.74,4200.0,0.0004938522518074282
1800.2610011587262,946.7334640573984,1631.5039458352285,-5147.612236586821,0.0014837732651385338,15.0,0.74,4200.0,0.0005286651413631086
1879.909136865607,959.6318604303917,1713.7025293954946,-5358.693021163235,0.001476116588923908,16.0,0.74,4200.0,0.0005634175393339245
1957.0458725810047,970.0600872278268,1793.6946410109601,-5561.975067127161,0.0014687047135801723,17.0,0.74,4200.0,0.0005981096555780908
2031.847975899234,978.2058946905848,1871.6652548122636,-5758.052391959944,0.0014615212225813313,18.0,0.74,4200.0,0.000632741698863649
2104.471001827733,984.3938484033481,1947.7454049189892,-5947.450077825044,0.0014545513998081528,19.0,0.74,4200.0,0.0006673138768760085
2175.057773188118,988.7780039802626,2021.9922897362019,-6130.634999778544,0.0014477819690008036,20.0,0.74,4200.0,0.0007018263962254038
2243.7327895959716,991.5721936415964,2094.5067836605144,-6308.023591015801,0.0014412009818030793,21.0,0.74,4200.0,0.000736279462454328
2310.6092940541535,992.9675706973145,2165.3799226705073,-6479.989827191777,0.0014347975924004976,22.0,0.74,4200.0,0.0007706732800448598
2375.7926694624184,993.071157482689,2234.752197001765,-6646.870967365234,0.001428561913688146,23.0,0.74,4200.0,0.0008050080524259507
2439.3753800065933,992.0681501108322,2302.6804667548445,-6808.972470828579,0.0014224848860885672,24.0,0.74,4200.0,0.0008392839819806442
2501.4424971699327,990.0615872506222,2369.1979038481504,-6966.571226786793,0.0014165582542080405,25.0,0.74,4200.0,0.0008735012700532328
2562.0738504943306,987.1421004527236,2434.376337277672,-7119.919928072741,0.001410774415374328,26.0,0.74,4200.0,0.0009076601169563551
2621.3415759670665,983.4411082453923,2498.2738491871746,-7269.249714609665,0.0014051263573379078,27.0,0.74,4200.0,0.0009417607219780316
2679.3110579068125,979.0461716619429,2560.9387824932014,-7414.772873920425,0.001399607571823011,28.0,0.74,4200.0,0.000975803283388641
2736.0436590501845,974.0137130769846,2622.4344837880394,-7556.68410648172,0.0013942120684930762,29.0,0.74,4200.0,0.0010097879984478366
2791.598327337701,968.4225302358861,2682.8344864650044,-7695.163053285221,0.001388934284009512,30.0,0.74,4200.0,0.001043715063411405
0.0,0.0,0.0,-2.1237246499294997,0.0014019565524922878,0.0,0.78,4250.0,0.0
166.93046457020677,139.2806859789101,162.96412650034813,-506.940402608343,0.0013895654325456971,1.0,0.78,4250.0,3.5682435870027843e-05
313.18270885896504,251.61346169458884,301.392886998179,-946.8919207271174,0.0013782838547314504,2.0,0.78,4250.0,7.13013232899229e-05
445.1714588330278,344.86357584484017,385.99194467054446,-1339.5928470337603,0.0013678799294170336,3.0,0.78,4250.0,0.00010685688820990892
566.410098604889,423.5193146992417,454.8393680680398,-1696.0165427781685,0.001350404382329509,4.0,0.78,4200.0,0.0001423493553772791
679.095977207173,490.4998836133029,557.4002579118434,-2023.5015751581668,0.0013414451503425357,5.0,0.78,4200.0,0.0001777789483449199
784.7284678840352,547.9050414415647,653.5862167194729,-2327.1382071583866,0.0013329927711942706,6.0,0.78,4200.0,0.00021314588947975957
884.3938288445597,597.2467971837712,744.4154090112082,-2610.725048626635,0.0013249814678917115,7.0,0.78,4200.0,0.00024845039997114225
978.9091293835406,639.7256794372915,832.323330918613,-2877.153396362708,0.0013173587813153699,8.0,0.78,4200.0,0.00028369269983912767
1068.9173710327873,676.3230746279197,918.5918940717722,-3128.6839962197846,0.0013100820756120723,9.0,0.78,4200.0,0.0003188730079427189
1154.9281329917742,707.7681757741087,1002.5922052073901,-3367.125093855655,0.0013031160108369464,10.0,0.78,4200.0,0.0003539915419880172
1237.3635358818792,734.7776032073311,1084.1916166183153,-3593.9492267990645,0.001296430973214654,11.0,0.78,4200.0,0.0003890485185363046
1316.5703246219991,757.8270160924507,1163.3992204968454,-3810.3752011527176,0.0012900017979696305,12.0,0.78,4200.0,0.0004240441530120581
1392.8440722353619,777.4353154616672,1240.342836190479,-4017.4258773610345,0.00128380682949804,13.0,0.78,4200.0,0.00045897865971089135
1466.4365750255527,793.957442340478,1315.0984819417158,-4215.968850028032,0.0012778273425531391,14.0,0.78,4200.0,0.0004938522518074282
1537.5633120709024,807.7804897783199,1387.8865466053064,-4406.74815455643,0.0012720469736216373,15.0,0.78,4200.0,0.0005286651413631086
1606.415700862668,819.1605117257703,1458.7546924380367,-4590.407888856113,0.0012664512911213423,16.0,0.78,4200.0,0.0005634175393339245
1673.1581873515554,828.4161466580288,1527.8088954567907,-4767.509778321066,0.0012610275082553272,17.0,0.78,4200.0,0.0005981096555780908
1737.936844479892,835.7121610720027,1595.2010290318985,-4938.546784983329,0.001255764265936026,18.0,0.78,4200.0,0.000632741698863649
1800.8842965522883,841.339744614856,1661.027987855626,-5103.955024196781,0.0012506513711693856,19.0,0.78,4200.0,0.0006673138768760085
1862.1157812473732,845.402893918386,1725.3369737909336,-5264.122564332742,0.001245679624379907,20.0,0.78,4200.0,0.0007018263962254038
1921.7358330566349,848.1102316739923,1788.2075021061562,-5419.396096476208,0.0012408407206680558,21.0,0.78,4200.0,0.000736279462454328
1979.840351032617,849.5969538069186,1849.712907451636,-5570.0866380466905,0.001236127144795238,22.0,0.78,4200.0,0.0007706732800448598
2036.5152489996858,849.9669026119058,1909.975600573848,-5716.475037373508,0.0012315320354077122,23.0,0.78,4200.0,0.0008050080524259507
2091.83771021327,849.3953693193391,1969.0311972432828,-5858.815796768249,0.0012270491092314512,24.0,0.78,4200.0,0.0008392839819806442
2145.8793591708136,847.9376260852973,2026.9121211913953,-5997.340436790633,0.001222672591559971,25.0,0.78,4200.0,0.0008735012700532328
2198.707450496338,845.6869568147954,2083.671439942298,-6132.259627001091,0.001218397203210757,26.0,0.78,4200.0,0.0009076601169563551
2250.38070556017,842.7746430197298,2139.3563429962965,-6263.7662852234935,0.0012142180688245689,27.0,0.78,4200.0,0.0009417607219780316
2300.954368271697,839.2396584914228,2194.0162638421857,-6392.037590532302,0.001210130674910655,28.0,0.78,4200.0,0.000975803283388641
2350.4798546638567,835.1462423713688,2247.6900400628997,-6517.236749389995,0.001206130827425658,29.0,0.78,4200.0,0.0010097879984478366
2399.0063671559014,830.5752782501543,2300.453839789772,-6639.514440314997,0.0012022146245555378,30.0,0.78,4200.0,0.001043715063411405
0.0,0.0,0.0,-2.1237246499294997,0.0011431896434307654,0.0,0.8200000000000001,4250.0,0.0
136.339741463357,113.74732690865108,133.09891793685762,-414.42112291291414,0.0011349566145651769,1.0,0.8200000000000001,4250.0,3.5682435870027843e-05
256.1039558122722,205.72332874117902,246.45636748972865,-774.8345525172845,0.001127439850683328,2.0,0.8200000000000001,4250.0,7.13013232899229e-05
364.44109631438357,282.2586306103896,315.9528968124876,-1097.4364605251758,0.0011204901306487338,3.0,0.8200000000000001,4250.0,0.00010685688820990892
464.16309490896504,346.96193470563037,372.6477976987472,-1390.9619688747916,0.0011140050130552584,4.0,0.8200000000000001,4250.0,0.0001423493553772791
557.0301358185143,402.18532057245073,457.10588507419976,-1661.2738604468614,0.001101537169516935,5.0,0.8200000000000001,4200.0,0.0001777789483449199
644.2361795198549,449.61514938514415,536.452047540469,-1912.5069822163787,0.0010958543263074785,6.0,0.8200000000000001,4200.0,0.00021314588947975957
726.6502169118867,490.4723414884312,611.4541473665216,-2147.6409107493237,0.001090457539739637,7.0,0.8200000000000001,4200.0,0.00024845039997114225
804.9232821123022,525.7218843333192,682.9030589760728,-2368.9826179425945,0.0010853130700819024,8.0,0.8200000000000001,4200.0,0.00028369269983912767
879.5689973432018,556.1635324843047,752.7782295859877,-2578.336864243058,0.0010803934220932334,9.0,0.8200000000000001,4200.0,0.0003188730079427189
950.9946050456155,582.3844116047985,821.4151157467289,-2777.1466848252894,0.0010756758771335439,10.0,0.8200000000000001,4200.0,0.0003539915419880172
1019.5353599247368,604.9578953175526,888.4723040021476,-2966.588024900382,0.0010711413604207961,11.0,0.8200000000000001,4200.0,0.0003890485185363046
1085.4714849501415,624.2830797958113,953.8291518897635,-3147.634863005631,0.0010667736290107257,12.0,0.8200000000000001,4200.0,0.0004240441530120581
1149.036491497897,640.7701084391489,1017.5045223452357,-3321.1045441639217,0.0010625587356098971,13.0,0.8200000000000001,4200.0,0.00045897865971089135
1210.4323202771188,654.7181605518681,1079.5101030756482,-3487.690724698783,0.0010584846107620075,14.0,0.8200000000000001,4200.0,0.0004938522518074282
1269.833631739654,666.4310503428902,1140.00442169003,-3647.9887451087343,0.0010545406904163218,15.0,0.8200000000000001,4200.0,0.0005286651413631086
1327.390293951846,676.1322556519291,1198.9992677707562,-3802.5142867846516,0.0010507176510549763,16.0,0.8200000000000001,4200.0,0.0005634175393339245
1383.2354014015953,684.0653803055407,1256.5709406583626,-3951.7172803877984,0.001047007236846864,17.0,0.8200000000000001,4200.0,0.0005981096555780908
1437.4886139570453,690.3838328494312,1312.838962466955,-4095.99282239686,0.0010434021054113916,18.0,0.8200000000000001,4200.0,0.000632741698863649
1490.2525774955805,695.3072391080867,1367.8647417513216,-4235.690582315387,0.0010398956678365151,19.0,0.8200000000000001,4200.0,0.0006673138768760085
1541.6210028497537,698.9283687989098,1421.6859417933968,-4371.121824977847,0.0010364819815555225,20.0,0.8200000000000001,4200.0,0.0007018263962254038
1591.6786768046725,701.4330779410125,1474.3622917230614,-4502.565139128186,0.0010331556590719851,21.0,0.8200000000000001,4200.0,0.000736279462454328
1640.5029816109177,702.9078337717153,1525.9506623286024,-4630.270658727502,0.001029911822827793,22.0,0.8200000000000001,4200.0,0.0007706732800448598
1688.1613827186789,703.4573297508233,1576.549109516957,-4754.463937978544,0.0010267460348964597,23.0,0.8200000000000001,4200.0,0.0008050080524259507
1734.7168729444065,703.2161087055995,1626.1794723665917,-4875.349588399884,0.0010236542282161067,24.0,0.8200000000000001,4200.0,0.0008392839819806442
1780.2270591612864,702.2270880030857,1674.8667962822703,-4993.113808363902,0.0010206326672607402,25.0,0.8200000000000001,4200.0,0.0008735012700532328
1824.7464709756703,700.5825555602887,1722.6526506008192,-5107.92675176281,0.0010176779024643997,26.0,0.8200000000000001,4200.0,0.0009076601169563551
1868.3221280730413,698.3763704142984,1769.574739756915,-5219.944068314362,0.0010147867606990558,27.0,0.8200000000000001,4200.0,0.0009417607219780316
1910.9986982856512,695.6397603079657,1815.6729906463136,-5329.3085353103015,0.0010119563130183112,28.0,0.8200000000000001,4200.0,0.000975803283388641
1952.8175742865508,692.4330666375054,1860.9760150965906,-5436.151595177413,0.0010091838442590326,29.0,0.8200000000000001,4200.0,0.0010097879984478366
1993.8174606132977,688.8380896175318,1905.5499081008725,-5540.594764159352,0.0010064668252898667,30.0,0.8200000000000001,4200.0,0.001043715063411405
0.0,0.0,0.0,-2.1237246499294997,0.0008861714203091473,0.0,0.86,4250.0,0.0
105.8513278133032,88.30373359883043,103.33420410470616,-322.2115044370512,0.0008812281939565821,1.0,0.86,4250.0,3.5682435870027843e-05
199.07466556300136,159.88732717119012,191.5703230679132,-602.8632365224184,0.0008767025862338769,2.0,0.86,4250.0,7.13013232899229e-05
283.60002051394065,219.5961574393682,245.83552185510865,-854.7672654709531,0.0008725078071654159,3.0,0.86,4250.0,0.00010685688820990892
361.569472127809,270.1908765859582,290.2148506067174,-1084.5538379573409,0.0008685842817557695,4.0,0.86,4250.0,0.0001423493553772791
434.3168859015441,313.46627153576844,356.3241365273135,-1296.6493871404818,0.0008648889365813713,5.0,0.86,4250.0,0.0001777789483449199
502.75140143298364,350.71518294158676,418.5424569798384,-1494.175824506383,0.000861389354290709,6.0,0.86,4250.0,0.00021314588947975957
567.530299776267,382.87270313461613,477.44994263410604,-1679.471512094402,0.000853116354076422,7.0,0.86,4200.0,0.00024845039997114225
629.1481031438601,410.6750121414205,533.4927694133173,-1854.257098120892,0.0008499793763376483,8.0,0.86,4200.0,0.00028369269983912767
687.9935683009186,434.74104199981724,587.1357045481669,-2019.88545981887,0.0008469742378231532,9.0,0.86,4200.0,0.0003188730079427189
744.3765638949172,455.52122281943855,639.586072671511,-2177.450915404079,0.000844087724920089,10.0,0.86,4200.0,0.0003539915419880172
798.550355633229,473.45383855408363,691.3305199842572,-2327.8457093353427,0.0008413087241884859,11.0,0.86,4200.0,0.0003890485185363046
850.7271561635453,488.8517147816142,742.1321167245397,-2471.80874061316,0.0008386277913988821,12.0,0.86,4200.0,0.0004240441530120581
901.0865996857966,502.024665766651,791.8797805147685,-2609.960201393209,0.0008360368185032405,13.0,0.86,4200.0,0.00045897865971089135
949.7799680040583,513.2133710951155,840.5111175254322,-2742.826820911585,0.0008335287759492217,14.0,0.86,4200.0,0.0004938522518074282
996.9393509377414,522.642175381207,888.1024678693037,-2870.860871576093,0.0008310975085878658,15.0,0.86,4200.0,0.0005286651413631086
1042.6806056009793,530.4975021274398,934.6232236738987,-2994.4542617287516,0.0008287375838732067,16.0,0.86,4200.0,0.0005634175393339245
1087.105401423915,536.9550352519545,980.1161406952251,-3113.9490620191136,0.0008264441917272612,17.0,0.86,4200.0,0.0005981096555780908
1130.3021547219505,542.1464186737886,1024.6615805166525,-3229.6460292595075,0.0008242130443490997,18.0,0.86,4200.0,0.000632741698863649
1172.3505730968811,546.2291866775485,1068.290916340041,-3341.8111981120455,0.0008220403010092048,19.0,0.86,4200.0,0.0006673138768760085
1213.322083625309,549.2823040269004,1111.0294328512205,-3450.6815306753488,0.0008199224966856239,20.0,0.86,4200.0,0.0007018263962254038
1253.2822839680462,551.4628477408187,1152.9160515501949,-3556.469188326053,0.0008178564912358598,21.0,0.86,4200.0,0.000736279462454328
1292.2882984181308,552.8160065746074,1193.988712481664,-3659.3650533836408,0.0008158394267072049,22.0,0.86,4200.0,0.0007706732800448598
1330.3926571053216,553.4458911481173,1234.324637061659,-3759.5414001517565,0.0008138687030417947,23.0,0.86,4200.0,0.0008050080524259507
1367.643477217362,553.4355949791141,1273.9304221070427,-3857.1544417263285,0.0008119419410208266,24.0,0.86,4200.0,0.0008392839819806442
1404.0847201486315,552.829514709615,1312.8232398035245,-3952.346225965317,0.0008100569597847129,25.0,0.86,4200.0,0.0008735012700532328
1439.7575857843542,551.7143949231504,1351.036335686219,-4045.246552901699,0.00080821174925033,26.0,0.86,4200.0,0.0009076601169563551
1474.6989040997616,550.1366588923665,1388.596841452971,-4135.974411150259,0.0008064044517476849,27.0,0.86,4200.0,0.0009417607219780316
1508.9424777571662,548.1337282650894,1425.5287363130244,-4224.6392495467735,0.0008046333430917748,28.0,0.86,4200.0,0.000975803283388641
1542.5200770799922,545.7645780967441,1461.8564591619684,-4311.341908371069,0.0008028968242918114,29.0,0.86,4200.0,0.0010097879984478366
1575.46114687245,543.0771770785043,1497.6394476436972,-4396.1754705887,0.0008011934118000203,30.0,0.86,4200.0,0.001043715063411405
0.0,0.0,0.0,-2.1237246499294997,0.0006308752609765666,0.0,0.9,4250.0,0.0
75.46294455525435,62.947795723374924,73.66773066667668,-230.30875499293325,0.0006283723245110343,1.0,0.9,4250.0,3.5682435870027843e-05
142.09364606247087,114.10448252301825,136.73360512480048,-430.9790589728291,0.0006260746193352024,2.0,0.9,4250.0,7.13013232899229e-05
202.64990006402908,156.87832798033529,175.64179949076942,-611.5902020084832,0.0006239395595150083,3.0,0.9,4250.0,0.00010685688820990892
258.6257592345274,193.20414924885443,207.53824136752974,-776.7634232186683,0.0006219379390993621,4.0,0.9,4250.0,0.0001423493553772791
310.95267285286945,224.34271651593858,255.05359944161899,-929.5822013988436,0.0006200486310948985,5.0,0.9,4250.0,0.0001777789483449199
360.2657419168784,251.20317094919196,299.8525004960488,-1072.220379691782,0.0006182557398346662,6.0,0.9,4250.0,0.00021314588947975957
407.02026898195544,274.44209774525723,342.33625900629545,-1206.2772004434737,0.0006165469202388819,7.0,0.9,4250.0,0.00024845039997114225
451.5613331570611,294.57705463399805,382.8160024523875,-1332.969561080412,0.0006149123413349207,8.0,0.9,4250.0,0.00028369269983912767
494.15863520287434,312.04593766963626,421.52877538510484,-1453.2493272935826,0.0006133440028897533,9.0,0.9,4250.0,0.0003188730079427189
535.0294894752866,327.16585327443414,458.6601632439227,-1567.8945242331683,0.0006082911039384504,10.0,0.9,4200.0,0.0003539915419880172
574.3492357243812,340.2442117921521,494.53536480050474,-1677.526737785789,0.0006068550862922175,11.0,0.9,4200.0,0.0003890485185363046
612.2651868583679,351.5072029878157,529.8142025141636,-1782.6414717313965,0.0006054676050009058,12.0,0.9,4200.0,0.0004240441530120581
648.9018054187349,361.16858480398986,564.7264744595747,-1883.6705294818166,0.0006041246842107909,13.0,0.9,4200.0,0.00045897865971089135
684.3659442172318,369.40695475670594,599.1499199439625,-1980.9808003424478,0.0006028228749564152,14.0,0.9,4200.0,0.0004938522518074282
718.7501775706864,376.3740606820449,633.055875430869,-2074.8873996694456,0.000601559156909319,15.0,0.9,4200.0,0.0005286651413631086
752.133858417568,382.210070550342,666.3653912720221,-2165.6634476205,0.0006003308652077248,16.0,0.9,4200.0,0.0005634175393339245
784.5875955259633,387.02984052092756,699.0682603009079,-2253.5474330102734,0.0005991356392012478,17.0,0.9,4200.0,0.0005981096555780908
816.173907940966,390.9403655685765,731.1970458859486,-2338.749166844529,0.0005979713727477493,18.0,0.9,4200.0,0.000632741698863649
846.948501290836,394.04139993385843,762.7507305020167,-2421.4544347073097,0.0005968361763987382,19.0,0.9,4200.0,0.0006673138768760085
876.9617673824031,396.4015504814184,793.731174389145,-2501.8286878324507,0.0005957283472992275,20.0,0.9,4200.0,0.0007018263962254038
906.2587605799408,398.1228746020056,824.1569809148776,-2580.0199884920803,0.0005946463450811792,21.0,0.9,4200.0,0.000736279462454328
934.8794840475924,399.2407703358743,854.0459824992188,-2656.1616215287286,0.0005935887678322329,22.0,0.9,4200.0,0.0007706732800448598
962.8608934858702,399.839580537986,883.4536105955453,-2730.374076487118,0.0005925543349817784,23.0,0.9,4200.0,0.0008050080524259507
990.23670492816,399.96237295106084,912.3677729425111,-2802.7667232281456,0.0005915418725722589,24.0,0.9,4200.0,0.0008392839819806442
1017.0377521956282,399.6493702068378,940.8040228675002,-2873.4390922772727,0.0005905503046589577,25.0,0.9,4200.0,0.0008735012700532328
1043.2923427676437,398.97303537158064,968.7790400778897,-2942.482132172867,0.0005895786401519528,26.0,0.9,4200.0,0.0009076601169563551
1069.0269090506695,397.94803280578884,996.3128945567219,-3009.979216715292,0.0005886259635353279,27.0,0.9,4200.0,0.0009417607219780316
1094.265737177126,396.61117930245814,1023.4170475422363,-3076.007001939848,0.0005876914269442319,28.0,0.9,4200.0,0.000975803283388641
1119.030501025299,395.01528379464446,1050.1108248814196,-3140.6361484171503,0.0005867742435186622,29.0,0.9,4200.0,0.0010097879984478366
1143.3418533414115,393.1727102829574,1076.4343084041059,-3203.9319013049244,0.0005858736823275345,30.0,0.9,4200.0,0.001043715063411405
0.0,0.0,0.0,-2.1237246499294997,0.00037727519341159414,0.0,0.9400000000000001,4250.0,0.0
45.173501458415274,37.6785813405381,44.098430665806305,-138.71013461612893,0.000376381320389829,1.0,0.9400000000000001,4250.0,3.5682435870027843e-05
85.16249639802655,68.37658375089632,81.94785109837966,-259.1831725503289,0.00037555854449044265,2.0,0.9400000000000001,4250.0,7.13013232899229e-05
121.58893930820315,94.1039047843284,105.37027741588918,-367.9102269118739,0.00037479212357374855,3.0,0.9400000000000001,4250.0,0.00010685688820990892
155.33109798015076,116.00232694235683,124.61826277790296,-467.5960892678995,0.00037407195435524405,4.0,0.9400000000000001,4250.0,0.0001423493553772791
186.93571138491689,134.8160404866673,153.2946256145597,-560.0441066716085,0.0003733907351842605,5.0,0.9400000000000001,4250.0,0.0001777789483449199
216.7717165250973,151.07824040983363,180.37818570058644,-646.5249797457582,0.00037274296976386,6.0,0.9400000000000001,4250.0,0.00021314588947975957
245.10629848643086,165.17835859577448,206.10441056374617,-727.9731585124537,0.0003721243904737614,7.0,0.9400000000000001,4250.0,0.00024845039997114225
272.14104465451635,177.42083788472118,230.65490764942209,-805.0995127860006,0.00037153159935586765,8.0,0.9400000000000001,4250.0,0.00028369269983912767
298.0332962413702,188.06678146320937,254.16768539384876,-878.4599097240571,0.0003709618336251892,9.0,0.9400000000000001,4250.0,0.0003188730079427189
322.9091593422463,197.30267526730586,276.7499376712716,-948.4989744700651,0.0003704128077829684,10.0,0.9400000000000001,4250.0,0.0003539915419880172
346.87258579077746,205.31044138926416,298.50077648820695,-1015.5791593132235,0.0003698826033201146,11.0,0.9400000000000001,4250.0,0.0003890485185363046
370.00906047429044,212.22717919069206,319.49725288197607,-1080.00071506713,0.0003693695894979179,12.0,0.9400000000000001,4250.0,0.0004240441530120581
392.3910590243904,218.17594906002734,339.80537548539354,-1142.015787416989,0.00036887236542339463,13.0,0.9400000000000001,4250.0,0.00045897865971089135
414.0807853479946,223.26708943886698,359.4760859564693,-1201.8386693186258,0.0003683897160248955,14.0,0.9400000000000001,4250.0,0.0004938522518074282
435.1320443019558,227.58588425386873,378.68525498547115,-1259.6534379611767,0.0003679205777724665,15.0,0.9400000000000001,4250.0,0.0005286651413631086
455.59179873638203,231.2230795978014,397.62434749488665,-1315.6196628479593,0.0003674640128790903,16.0,0.9400000000000001,4250.0,0.0005634175393339245
475.50135157436074,234.2408492830255,416.4262422291649,-1369.8767377674885,0.0003670191902401559,17.0,0.9400000000000001,4250.0,0.0005981096555780908
494.89729064989433,236.71017904154337,435.0949890047908,-1422.5473392730928,0.00036658536828325746,18.0,0.9400000000000001,4250.0,0.000632741698863649
513.8122339121387,238.6831099311496,453.59097998566705,-1473.7432618172825,0.0003640295546687939,19.0,0.9400000000000001,4200.0,0.0006673138768760085
532.2760943484385,240.20960795677811,471.88387389064667,-1523.5710891684794,0.0003636208884607978,20.0,0.9400000000000001,4200.0,0.0007018263962254038
550.3145445873117,241.34141975378657,489.957281829463,-1572.1042893867343,0.00036322127755352253,21.0,0.9400000000000001,4200.0,0.000736279462454328
567.9514119904574,242.10442204284024,507.8037655450779,-1619.4209446353343,0.0003628302364657966,22.0,0.9400000000000001,4200.0,0.0007706732800448598
585.2083719420262,242.55593886240993,525.4397613193332,-1665.5916441817099,0.00036244732205892543,23.0,0.9400000000000001,4200.0,0.0008050080524259507
602.1052008643777,242.70991811089354,542.8440989589521,-1710.6804618613096,0.0003620721284525021,24.0,0.9400000000000001,4200.0,0.0008392839819806442
618.660004814544,242.60125222033386,560.0170801682502,-1754.745771181304,0.0003617042827414234,25.0,0.9400000000000001,4200.0,0.0008735012700532328
634.8894045225995,242.26481021445565,576.9607232607972,-1797.84090735903,0.00036134344159429127,26.0,0.9400000000000001,4200.0,0.0009076601169563551
650.8087200957468,241.71241538841133,593.6795319920697,-1840.0148076304322,0.00036098928750516804,27.0,0.9400000000000001,4200.0,0.0009417607219780316
666.432108555481,240.9723943818041,610.1754864813836,-1881.31249745284,0.000360641526201246,28.0,0.9400000000000001,4200.0,0.000975803283388641
681.7726912217556,240.06930179336396,626.4564388114404,-1921.7755365140765,0.0003602998839321368,29.0,0.9400000000000001,4200.0,0.0010097879984478366
696.8426457730436,239.0117284172677,642.5449255173241,-1961.442340881753,0.0003599641062149836,30.0,0.9400000000000001,4200.0,0.001043715063411405
0.0,0.0,0.0,-2.1237246499294997,0.00012534587799270156,0.0,0.98,4250.0,0.0
14.981932866845051,12.495179488364828,14.625240977047508,-47.412958774744766,0.00012524764908436616,1.0,0.98,4250.0,3.5682435870027843e-05
28.278257633668723,22.7008827633681,27.210144166651205,-87.47678485099459,0.00012515699468996263,2.0,0.98,4250.0,7.13013232899229e-05
40.41799909081803,31.274262186463595,35.022133990708795,-123.73260008114448,0.00012507234428050506,3.0,0.98,4250.0,0.00010685688820990892
51.6867176239641,38.58810713500914,41.45732382428754,-157.05741788932937,0.00012499262215767684,4.0,0.98,4250.0,0.0001423493553772791
62.26142503616215,44.88496910132827,51.04486554596894,-188.0355061651935,0.000124917051268287,5.0,0.98,4250.0,0.0001777789483449199
72.26206968086369,50.33927970952478,60.11584439808973,-217.07826707906497,0.00012484504719757745,6.0,0.98,4250.0,0.00021314588947975957
81.77510891126997,55.07862459368022,68.74652771764494,-244.48807236840366,0.0001247761563163522,7.0,0.98,4250.0,0.00024845039997114225
90.86573197024195,59.20211013257028,76.99524901438411,-270.4948560307239,0.00012471001746963952,8.0,0.98,4250.0,0.00028369269983912767
99.5848004339831,62.79603955109779,84.90688008799385,-295.2783613102947,0.00012464633708360778,9.0,0.98,4250.0,0.0003188730079427189
107.9730718567639,65.92121447087645,92.51582737032128,-318.98233144640835,0.0001245848723438917,10.0,0.98,4250.0,0.0003539915419880172
116.06391418962762,68.63662325550868,99.85365131372491,-341.72393043837656,0.0001245254194496497,11.0,0.98,4250.0,0.0003890485185363046
123.88512873820055,70.98872275035191,106.9459204065709,-363.6002116547388,0.00012446780518085928,12.0,0.98,4250.0,0.0004240441530120581
131.4602194750321,73.01671664292896,113.81344186946527,-384.69268905232457,0.00012441188069921063,13.0,0.98,4250.0,0.00045897865971089135
138.8093026194099,74.75886983994137,120.47155036876542,-405.07064503072615,0.00012435751691250264,14.0,0.98,4250.0,0.0004938522518074282
145.94977998720276,76.24132372882711,126.94403253576435,-424.79358989437605,0.00012430460088525816,15.0,0.98,4250.0,0.0005286651413631086
152.89684458436227,77.49623675007082,133.23677259362617,-443.9131151076508,0.00012425303305925008,16.0,0.98,4250.0,0.0005634175393339245
159.66386656413212,78.54180548540134,139.36216232879116,-462.47430922954663,0.0001242027251076361,17.0,0.98,4250.0,0.0005981096555780908
166.26269430470361,79.40422497097354,145.33780600739755,-480.5168609658649,0.00012415359822300014,18.0,0.98,4250.0,0.000632741698863649
172.70397444545523,80.09800754305044,151.16936641577163,-498.07593653128424,0.00012410558169172374,19.0,0.98,4250.0,0.0006673138768760085
178.99725704899896,80.64271499563516,156.86365422085987,-515.182878343534,0.0001240586117515341,20.0,0.98,4250.0,0.0007018263962254038
185.15092522016715,81.05236311219949,162.42842746058582,-531.8657696871524,0.0001240126306511715,21.0,0.98,4250.0,0.000736279462454328
191.17271488417057,81.33861411619752,167.87120890970522,-548.1498956233045,0.00012396758586974405,22.0,0.98,4250.0,0.0007706732800448598
197.06966056937534,81.5182919594212,173.20568104078905,-564.0581226491631,0.00012392342946354932,23.0,0.98,4250.0,0.0008050080524259507
202.84818344719145,81.59654490584735,178.43054792321942,-579.6112140404439,0.00012388011751558102,24.0,0.98,4250.0,0.0008392839819806442
208.5141653728368,81.58785641508604,183.55125826855416,-594.8280937825984,0.00012383760966849452,25.0,0.98,4250.0,0.0008735012700532328
214.0730115957277,81.49936048431192,188.57282172461163,-609.7260690349067,0.00012379586872591467,26.0,0.98,4250.0,0.0009076601169563551
219.52970422209154,81.33715155353303,193.49985786796907,-624.3210188676458,0.00012375486031014832,27.0,0.98,4250.0,0.0009417607219780316
224.88884806784273,81.11337024968884,198.33663824929405,-638.6275553522064,0.00012371455256675345,28.0,0.98,4250.0,0.000975803283388641
230.15471020432136,80.83119887840425,203.08793509597234,-652.6591618308448,0.00012367491590827833,29.0,0.98,4250.0,0.0010097879984478366
235.3312542409676,80.49599619386223,207.7627616156605,-666.4283122160123,0.00012363592279096038,30.0,0.98,4250.0,0.001043715063411405
