CAPE_u,CAPE_ext,CAPE_dist,dh,sat_def,P,RH,dz,ent_b,ent_std
0.0,0.0,0.0,-2.628212131370674,0.009659155665531487,0.0,0.02,4300.0,0.0,
1988.502148318103,658.6408161570665,452.89205739385926,-5138.873683432292,0.008888547778968029,1.0,0.02,4300.0,4.594400574300071e-05,3.571428571428571e-06
3348.830115519589,771.8387332972205,499.98732137143037,-7889.321903288779,0.008201321879268307,2.0,0.02,4250.0,9.045226130653265e-05,7.142857142857142e-06
4451.909392426731,722.8789843995042,438.40872564144,-9571.27963904696,0.007650022867782481,3.0,0.02,4250.0,0.00013460157932519741,1.0714285714285714e-05
5416.976226481382,625.5874009667014,354.3581461141747,-10693.603379713328,0.007128741358221505,4.0,0.02,4200.0,0.00017803302225412776,1.4285714285714284e-05
6293.423963646284,523.2623074370013,288.96727201517814,-11496.279322198548,0.006699240744510408,5.0,0.02,4200.0,0.00022074659009332378,1.785714285714286e-05
7105.628382608274,442.83742675528714,243.74880575134054,-12101.514984398724,0.006313844788327443,6.0,0.02,4200.0,0.0002627422828427853,2.1428571428571428e-05
7866.748938383688,383.81104640206127,211.06548163725407,-12577.575795095,0.005966392407485327,7.0,0.02,4200.0,0.0003065326633165829,2.5e-05
8586.602184395493,338.5034066523923,185.9269169410441,-12970.101858049646,0.0056282209012368835,8.0,0.02,4150.0,0.0003474515434314429,2.8571428571428567e-05
9269.652246720938,302.90243268385655,166.31012400309922,-13302.890765434364,0.005342817631882019,9.0,0.02,4150.0,0.00039088298636037326,3.2142857142857144e-05
9920.339429875512,274.05746097117463,150.40404799204964,-13593.78006284673,0.005081022824854567,10.0,0.02,4150.0,0.0004307250538406318,3.571428571428572e-05
10542.981961812531,250.13448541524522,137.16944165455251,-13853.808144413975,0.00484005000611351,11.0,0.02,4150.0,0.0004737975592246949,3.928571428571428e-05
11139.535950267637,230.1587906093276,126.14754919150296,-14088.428540183872,0.0046187736447088935,12.0,0.02,4150.0,0.0005168700646087581,4.2857142857142856e-05
11713.09281213187,212.9884615613176,116.50199773096159,-14305.918341449906,0.004399779676379421,13.0,0.02,4100.0,0.0005552763819095477,4.642857142857142e-05
12263.637628736271,198.34551116606443,108.6136899813065,-14507.896011301003,0.004211743603006826,14.0,0.02,4100.0,0.0005979899497487438,5e-05
12793.647550828897,185.5628259152227,101.66614994360776,-14698.6946128169,0.004036435676268569,15.0,0.02,4100.0,0.0006407035175879397,5.357142857142857e-05
13305.098795813641,174.25313035796594,95.37830187415493,-14875.117173140497,0.0038728278363921896,16.0,0.02,4100.0,0.0006834170854271356,5.7142857142857135e-05
13799.018609778575,164.35955268615592,89.99282408162607,-15040.365645502054,0.0037212784905742207,17.0,0.02,4100.0,0.0007200287150035894,6.0714285714285715e-05
14276.987203937324,155.4131332959787,84.94470026817089,-15207.225964326892,0.0035777516998460506,18.0,0.02,4100.0,0.0007623833452979181,6.428571428571429e-05
14740.889146232965,147.2515208748794,80.29488763152878,-15360.716398636127,0.0034425641190331323,19.0,0.02,4100.0,0.000804737975592247,6.785714285714286e-05
15185.766987825455,140.25085360618746,76.70931714428613,-15506.316737208115,0.0033113362498607413,20.0,0.02,4050.0,0.0008470926058865757,7.142857142857143e-05
15619.926459529377,133.7635808656585,73.20738025089972,-15648.616115563156,0.0031938365479774163,21.0,0.02,4050.0,0.0008819095477386934,7.500000000000001e-05
16040.47626457324,127.71209626870906,69.78793475807518,-15782.137834208625,0.0030830401868488884,22.0,0.02,4050.0,0.0009239052404881549,7.857142857142857e-05
16451.563796373786,122.2162195201336,66.62508514308922,-15922.10968635383,0.0029774883933690447,23.0,0.02,4050.0,0.0009659009332376165,8.214285714285711e-05
16847.109163610676,117.3561658034603,64.2149830939931,-16041.648282370385,0.002879988284647375,24.0,0.02,4050.0,0.0010078966259870782,8.571428571428571e-05
17232.37286493149,112.76374766526479,61.74107742258416,-16160.768406234602,0.0027869532393658527,25.0,0.02,4050.0,0.0010498923187365397,8.928571428571429e-05
17610.797557119004,108.36146938963334,59.08503155195576,-16276.659120349981,0.002697747131110898,26.0,0.02,4050.0,0.0010825556353194542,9.285714285714285e-05
17975.79237285759,104.50979828597018,57.1073817444285,-16389.807445567356,0.002614210335763005,27.0,0.02,4050.0,0.0011241923905240486,9.642857142857143e-05
18332.130191311993,100.85904467130204,55.14249812304919,-16499.309387761215,0.0025300035236170593,28.0,0.02,4000.0,0.001165829145728643,0.0001
18680.611876877087,97.43989671365286,53.224643222666806,-16604.192819029176,0.002454388265177186,29.0,0.02,4000.0,0.0012074659009332375,0.00010357142857142858
19019.153427050685,94.25887782825403,51.544203989017795,-16698.65471136195,0.002383507963936381,30.0,0.02,4000.0,0.0012491026561378318,0.00010714285714285714
0.0,0.0,0.0,-2.628212131370674,0.009211635857417326,0.0,0.06041666666666666,4300.0,0.0,
1900.2220380095755,628.5813496813408,432.1489201581185,-4923.365988631675,0.008511553426188733,1.0,0.06041666666666666,4300.0,4.594400574300071e-05,3.571428571428571e-06
3206.581265323973,737.5139884504971,477.61890812940425,-7587.932289354889,0.007880704507783323,2.0,0.06041666666666666,4250.0,9.045226130653265e-05,7.142857142857142e-06
4270.613411107019,691.5518468089768,419.2021518297197,-9239.687576579861,0.007374017115526792,3.0,0.06041666666666666,4250.0,0.00013460157932519741,1.0714285714285714e-05
5204.768593678256,599.0197823677698,338.9860232182172,-10359.096523599852,0.0069245532274057504,4.0,0.06041666666666666,4250.0,0.00017803302225412776,1.4285714285714284e-05
6055.483829888721,501.2435648817346,276.3459873964552,-11172.8724484919,0.006492075034719623,5.0,0.06041666666666666,4200.0,0.00022074659009332378,1.785714285714286e-05
6845.603363589636,424.08963987153635,233.05040869523376,-11797.020904418168,0.006133113181909068,6.0,0.06041666666666666,4200.0,0.0002627422828427853,2.1428571428571428e-05
7587.408139209941,367.48507324160715,201.76451652840677,-12295.868871233943,0.005808268474112288,7.0,0.06041666666666666,4200.0,0.0003065326633165829,2.5e-05
8290.142202891411,324.0425964201834,177.71658002503378,-12712.985935113153,0.00551110313474264,8.0,0.06041666666666666,4200.0,0.0003474515434314429,2.8571428571428567e-05
8957.86822833565,289.910470664897,158.94417240586105,-13071.01884020889,0.005221069836072865,9.0,0.06041666666666666,4150.0,0.00039088298636037326,3.2142857142857144e-05
9594.769440607075,262.2720720625856,143.72765468249528,-13387.160405390372,0.0049739840399890215,10.0,0.06041666666666666,4150.0,0.0004307250538406318,3.571428571428572e-05
10204.918798309756,239.34687208936435,131.06665236344165,-13671.923802270925,0.004745910077483493,11.0,0.06041666666666666,4150.0,0.0004737975592246949,3.928571428571428e-05
10790.072524364705,220.2090724979835,120.5253559866838,-13930.49626017786,0.004535928633124464,12.0,0.06041666666666666,4150.0,0.0005168700646087581,4.2857142857142856e-05
11353.231946816531,203.76523760415233,111.30153440262178,-14171.03631028287,0.004340118309560158,13.0,0.06041666666666666,4150.0,0.0005552763819095477,4.642857142857142e-05
11894.215756999107,189.74443907042925,103.76156507817277,-14394.734904800804,0.004147493195370744,14.0,0.06041666666666666,4100.0,0.0005979899497487438,5e-05
12415.45405407772,177.49866660791878,97.11626666010837,-14606.872884652628,0.003980024975927745,15.0,0.06041666666666666,4100.0,0.0006407035175879397,5.357142857142857e-05
12918.827664044085,166.67056966481505,91.10831876771462,-14803.45465733677,0.0038234150687051598,16.0,0.06041666666666666,4100.0,0.0006834170854271356,5.7142857142857135e-05
13405.217374426475,157.18961716837498,85.95866029284905,-14987.897970895356,0.0036780706467734207,17.0,0.06041666666666666,4100.0,0.0007200287150035894,6.0714285714285715e-05
13876.253715085886,148.62839862185496,81.12936042354559,-15172.865428252975,0.0035401730588804532,18.0,0.06041666666666666,4100.0,0.0007623833452979181,6.428571428571429e-05
14333.752781439343,140.8144995310135,76.69000151105844,-15344.177829947468,0.003410063316479715,19.0,0.06041666666666666,4100.0,0.000804737975592247,6.785714285714286e-05
14772.598821319269,134.10447101179548,73.26244743207133,-15506.036545207964,0.0032909013511494513,20.0,0.06041666666666666,4100.0,0.0008470926058865757,7.142857142857143e-05
15201.154778724556,127.90105332916296,69.91426422644032,-15664.243723903295,0.003169619521719594,21.0,0.06041666666666666,4050.0,0.0008819095477386934,7.500000000000001e-05
15616.514488610543,122.1078735032962,66.64453088829697,-15812.562841962099,0.003062491872811254,22.0,0.06041666666666666,4050.0,0.0009239052404881549,7.857142857142857e-05
16022.715745506022,116.84282084180894,63.62864493633015,-15967.09273309758,0.0029603057502599443,23.0,0.06041666666666666,4050.0,0.0009659009332376165,8.214285714285711e-05
16413.669889675588,112.19735447543668,61.31832873032131,-16100.202462130394,0.0028657801875368954,24.0,0.06041666666666666,4050.0,0.0010078966259870782,8.571428571428571e-05
16794.653849978775,107.79693193275394,58.95784655256484,-16232.10035416227,0.0027754649191490525,25.0,0.06041666666666666,4050.0,0.0010498923187365397,8.928571428571429e-05
17169.057029508433,103.57755464919634,56.423832805599275,-16360.655504880378,0.0026887570366164403,26.0,0.06041666666666666,4050.0,0.0010825556353194542,9.285714285714285e-05
17530.278425380668,99.89987306642077,54.523811495485425,-16485.3795187317,0.002607459604172496,27.0,0.06041666666666666,4050.0,0.0011241923905240486,9.642857142857143e-05
17883.045013916962,96.40495869698108,52.64627624611865,-16606.527170576024,0.0025300113353302002,28.0,0.06041666666666666,4050.0,0.001165829145728643,0.0001
18228.15965124768,93.12675939894127,50.8138414629083,-16722.29703807297,0.0024559808580694132,29.0,0.06041666666666666,4050.0,0.0012074659009332375,0.00010357142857142858
18563.515631009344,90.08722724698374,49.20729331613536,-16826.641051159022,0.0023821803488263986,30.0,0.06041666666666666,4000.0,0.0012491026561378318,0.00010714285714285714
0.0,0.0,0.0,-2.628212131370674,0.008769112199379056,0.0,0.10083333333333333,4300.0,0.0,
1812.5444942392242,598.7959579954289,411.60228575436645,-4708.094384184755,0.008135381805214661,1.0,0.10083333333333333,4300.0,4.594400574300071e-05,3.571428571428571e-06
3064.703974501596,703.3991426758018,455.4042439455873,-7284.068018273414,0.00755822647012078,2.0,0.10083333333333333,4250.0,9.045226130653265e-05,7.142857142857142e-06
4089.110820638204,660.3332262827057,400.0849288695938,-8902.176785091746,0.007094309819198094,3.0,0.10083333333333333,4250.0,0.00013460157932519741,1.0714285714285714e-05
4991.627458692385,572.4907206048018,323.66777066445496,-10015.224901612222,0.006680772440971024,4.0,0.10083333333333333,4250.0,0.00017803302225412776,1.4285714285714284e-05
5815.820374107862,479.25373056424814,263.77422657159485,-10836.90441377931,0.0062792025891711,5.0,0.10083333333333333,4200.0,0.00022074659009332378,1.785714285714286e-05
6583.050006046952,405.363726245202,222.39792678260832,-11477.124291727661,0.00594615644378753,6.0,0.10083333333333333,4200.0,0.0002627422828427853,2.1428571428571428e-05
7304.739769799486,351.17359761029695,192.5064761131455,-11996.287910620551,0.0056436208911394585,7.0,0.10083333333333333,4200.0,0.0003065326633165829,2.5e-05
7989.565556659042,309.5981203781266,169.54541974589281,-12436.01510086823,0.005365896586049036,8.0,0.10083333333333333,4200.0,0.0003474515434314429,2.8571428571428567e-05
8641.201673862572,276.95556182953317,151.6150418759338,-12817.319571137916,0.005092662641669525,9.0,0.10083333333333333,4150.0,0.00039088298636037326,3.2142857142857144e-05
9263.574109632662,250.50484357067072,137.092497571147,-13157.184995111224,0.004860337886697253,10.0,0.10083333333333333,4150.0,0.0004307250538406318,3.571428571428572e-05
9860.522159532538,228.5927740956675,125.00239606575917,-13465.409953964976,0.004645274827031219,11.0,0.10083333333333333,4150.0,0.0004737975592246949,3.928571428571428e-05
10433.597851842838,210.2799749743948,114.94322364799422,-13746.885789965141,0.0044467430948818025,12.0,0.10083333333333333,4150.0,0.0005168700646087581,4.2857142857142856e-05
10985.69550196967,194.56033845853702,106.13544590928915,-14009.691330466318,0.00426115609532425,13.0,0.10083333333333333,4150.0,0.0005552763819095477,4.642857142857142e-05
11516.498758671909,181.16384811854488,98.93719863100546,-14254.577392456667,0.004089772645511072,14.0,0.10083333333333333,4150.0,0.0005979899497487438,5e-05
12028.369696006615,169.4523756063019,92.59305962034631,-14487.279460523772,0.003917881219354658,15.0,0.10083333333333333,4100.0,0.0006407035175879397,5.357142857142857e-05
12523.09038684529,159.1054289119748,86.86367412011047,-14703.628968157638,0.0037684886364344845,16.0,0.10083333333333333,4100.0,0.0006834170854271356,5.7142857142857135e-05
13001.409183827205,150.03751582089612,81.94909775077484,-14906.984003667596,0.0036295702150970634,17.0,0.10083333333333333,4100.0,0.0007200287150035894,6.0714285714285715e-05
13464.991130567145,141.86084955626367,77.33805612363479,-15109.879228815858,0.0034975238411796322,18.0,0.10083333333333333,4100.0,0.0007623833452979181,6.428571428571429e-05
13915.581268580901,134.3944102889239,73.10782581919605,-15298.917958334372,0.003372713318894053,19.0,0.10083333333333333,4100.0,0.000804737975592247,6.785714285714286e-05
14347.92966078311,127.97552950067755,69.83774172435518,-15477.164156279709,0.00325820114920442,20.0,0.10083333333333333,4100.0,0.0008470926058865757,7.142857142857143e-05
14770.425133058823,122.05514824889282,66.64267675265269,-15651.457339565815,0.003148469971973899,21.0,0.10083333333333333,4100.0,0.0008819095477386934,7.500000000000001e-05
15180.160835823026,116.52552191576186,63.52200487333945,-15814.458759209294,0.0030447575946705,22.0,0.10083333333333333,4100.0,0.0009239052404881549,7.857142857142857e-05
15581.05699082813,111.49594744718908,60.65435501705333,-15983.661500131631,0.0029390936358716204,23.0,0.10083333333333333,4050.0,0.0009659009332376165,8.214285714285711e-05
15967.017458674725,107.05450194746139,58.44135202215933,-16130.571191911193,0.00284773048470962,24.0,0.10083333333333333,4050.0,0.0010078966259870782,8.571428571428571e-05
16343.354142224995,102.84637398251836,56.19338850616314,-16275.522780793759,0.0027603186840353057,25.0,0.10083333333333333,4050.0,0.0010498923187365397,8.928571428571429e-05
16713.35715534485,98.81032140846824,53.780427934829,-16417.05294352251,0.002676288074404588,26.0,0.10083333333333333,4050.0,0.0010825556353194542,9.285714285714285e-05
17070.460055857056,95.30572267228348,51.95847738851269,-16553.700422365808,0.0025973987357634457,27.0,0.10083333333333333,4050.0,0.0011241923905240486,9.642857142857143e-05
17419.314157440393,91.973039872722,50.16784721090509,-16686.866052193684,0.002522168320724091,28.0,0.10083333333333333,4050.0,0.001165829145728643,0.0001
17760.744868541326,88.82987458329634,48.420366888213884,-16814.092948369725,0.002450170764130943,29.0,0.10083333333333333,4050.0,0.0012074659009332375,0.00010357142857142858
18092.615394295728,85.93130874589906,46.88736505060012,-16928.773824462118,0.002382551219858839,30.0,0.10083333333333333,4050.0,0.0012491026561378318,0.00010714285714285714
0.0,0.0,0.0,-2.628212131370674,0.008331459676055747,0.0,0.14125,4300.0,0.0,
1725.458999918635,569.2808777893696,391.2483973301975,-4493.072618517734,0.00776004656492393,1.0,0.14125,4300.0,4.594400574300071e-05,3.571428571428571e-06
2923.194570707392,669.4959438030886,433.33946513166205,-6977.790580419998,0.007233938909388305,2.0,0.14125,4250.0,9.045226130653265e-05,7.142857142857142e-06
3907.3993978361113,629.2250509555556,381.05493187333013,-8558.81324001494,0.00681094019308659,3.0,0.14125,4250.0,0.00013460157932519741,1.0714285714285714e-05
4777.54397192219,546.0027147624585,308.4045725259164,-9662.005336887021,0.00643205079785618,4.0,0.14125,4250.0,0.00017803302225412776,1.4285714285714284e-05
5574.410438733184,457.27594954249537,251.25643391926076,-10488.305530707643,0.0060605816633647145,5.0,0.14125,4200.0,0.00022074659009332378,1.785714285714286e-05
6317.922196512784,386.66400041445627,211.79257504797096,-11141.634474008046,0.005752883261401538,6.0,0.14125,4200.0,0.0002627422828427853,2.1428571428571428e-05
7018.6674147288495,334.8921478969165,183.2992089808349,-11678.501111223573,0.0054723099653541316,7.0,0.14125,4200.0,0.0003065326633165829,2.5e-05
7684.762970709773,295.19275122763514,161.41444079092022,-12138.551236552965,0.00521384058231532,8.0,0.14125,4200.0,0.0003474515434314429,2.8571428571428567e-05
8319.511217656629,264.0197226796352,144.32365877913531,-12541.357634212509,0.0049767230110247,9.0,0.14125,4200.0,0.00039088298636037326,3.2142857142857144e-05
8926.582551546237,238.77561067541555,130.4920634082604,-12903.04017641153,0.004739830220008025,10.0,0.14125,4150.0,0.0004307250538406318,3.571428571428572e-05
9509.572190365685,217.85845380652273,118.97515230181013,-13233.288177560476,0.004537861562885793,11.0,0.14125,4150.0,0.0004737975592246949,3.928571428571428e-05
10069.848927803458,200.3884041676106,109.3918364320925,-13536.459356976076,0.004350909496712259,12.0,0.14125,4150.0,0.0005168700646087581,4.2857142857142856e-05
10610.191909670859,185.3759785868543,101.00363837911618,-13820.515062544255,0.004175709497491977,13.0,0.14125,4150.0,0.0005552763819095477,4.642857142857142e-05
11130.146122541395,172.60288190702096,94.14888296607036,-14085.876114022765,0.004013511909168205,14.0,0.14125,4150.0,0.0005979899497487438,5e-05
11632.01004616804,161.42597875608703,88.09720794794822,-14338.364382488835,0.003861311109990419,15.0,0.14125,4150.0,0.0006407035175879397,5.357142857142857e-05
12117.466150111224,151.55965331333897,82.64503698319078,-14573.91916285568,0.0037076871208028233,16.0,0.14125,4100.0,0.0006834170854271356,5.7142857142857135e-05
12587.12398221953,142.90512665193634,77.9646342750503,-14795.777938452826,0.0035754078544735428,17.0,0.14125,4100.0,0.0007200287150035894,6.0714285714285715e-05
13042.696897768585,135.112282475898,73.586923117752,-15016.300930415957,0.00344943040678113,18.0,0.14125,4100.0,0.0007623833452979181,6.428571428571429e-05
13485.828021316389,127.99297966932566,69.54889673903931,-15222.854737652051,0.0033301385176400617,19.0,0.14125,4100.0,0.000804737975592247,6.785714285714286e-05
13911.170756082953,121.86569608089265,66.43557835496186,-15417.367331727059,0.003220488224331295,20.0,0.14125,4100.0,0.0008470926058865757,7.142857142857143e-05
14327.108562485519,116.22747308697531,63.39292049609425,-15607.75757492413,0.003115250360892638,21.0,0.14125,4100.0,0.0008819095477386934,7.500000000000001e-05
14730.75339265554,110.96068305105264,60.42067366553416,-15785.754218067217,0.0030156121956869553,22.0,0.14125,4100.0,0.0009239052404881549,7.857142857142857e-05
15125.878484890125,106.16637297411579,57.70689542204699,-15969.310171437246,0.002920292442116114,23.0,0.14125,4100.0,0.0009659009332376165,8.214285714285711e-05
15506.422171885735,101.92909216112089,55.58433201413877,-16130.210452628817,0.0028254729801687178,24.0,0.14125,4050.0,0.0010078966259870782,8.571428571428571e-05
15877.689419051196,97.9135138017366,53.44796866500943,-16288.419416510438,0.002741152488627133,25.0,0.14125,4050.0,0.0010498923187365397,8.928571428571429e-05
16242.88252280341,94.07639039803327,51.15506562988067,-16443.167140771533,0.00265998277001425,26.0,0.14125,4050.0,0.0010825556353194542,9.285714285714285e-05
16595.49343501662,90.72873548968107,49.42145751059558,-16592.02485138724,0.0025836754908955322,27.0,0.14125,4050.0,0.0011241923905240486,9.642857142857143e-05
16940.068243825077,87.55765194732848,47.70743496058648,-16737.49154131426,0.002510830413984791,28.0,0.14125,4050.0,0.001165829145728643,0.0001
17277.453389017883,84.5505697237425,46.044431484507555,-16876.50719293715,0.0024410289078582847,29.0,0.14125,4050.0,0.0012074659009332375,0.00010357142857142858
17605.501697930973,81.79242242168029,44.590253948201315,-17001.992532809698,0.002375374408358973,30.0,0.14125,4050.0,0.0012491026561378318,0.00010714285714285714
0.0,0.0,0.0,-2.628212131370674,0.007898558205400056,0.0,0.18166666666666664,4300.0,0.0,
1638.9544586806776,540.0321050756893,371.08292272745825,-4278.313738647928,0.007385560401746405,1.0,0.18166666666666664,4300.0,4.594400574300071e-05,3.571428571428571e-06
2782.04884226354,635.8045965271576,411.4239110999584,-6669.160159980929,0.0069078917090486715,2.0,0.18166666666666664,4250.0,9.045226130653265e-05,7.142857142857142e-06
3725.4775630260683,598.229114289172,362.11336750142965,-8209.662232039183,0.0065239476888643635,3.0,0.18166666666666664,4250.0,0.00013460157932519741,1.0714285714285714e-05
4562.509892116451,519.5645020934605,293.2001221514342,-9299.45757200865,0.006178392157969808,4.0,0.18166666666666664,4250.0,0.00017803302225412776,1.4285714285714284e-05
5331.232769437269,435.32073849925644,238.79686871780325,-10127.166971062281,0.00586473947173034,5.0,0.18166666666666664,4250.0,0.00022074659009332378,1.785714285714286e-05
6050.17513329083,367.9840134656351,201.2380383452383,-10790.359439738328,0.005553202392969842,6.0,0.18166666666666664,4200.0,0.0002627422828427853,2.1428571428571428e-05
6729.117739603562,318.63777118663546,174.13929210922217,-11342.17081431119,0.005294194570158967,7.0,0.18166666666666664,4200.0,0.0003065326633165829,2.5e-05
7375.6318331815555,280.80809913840585,153.32462056702346,-11820.094887231018,0.005054747050086671,8.0,0.18166666666666664,4200.0,0.0003474515434314429,2.8571428571428567e-05
7992.654989237787,251.1057996020875,137.07483785399216,-12242.329887506712,0.004834339374165203,9.0,0.18166666666666664,4200.0,0.00039088298636037326,3.2142857142857144e-05
8583.60541355732,227.07020739090947,123.92723911623376,-12623.987656219913,0.0046298006861117316,10.0,0.18166666666666664,4200.0,0.0004307250538406318,3.571428571428572e-05
9151.847211296017,207.14646543407687,112.9812681244519,-12974.537336607456,0.004423375089225774,11.0,0.18166666666666664,4150.0,0.0004737975592246949,3.928571428571428e-05
9698.556785943409,190.51858584920862,103.8719851178407,-13298.023116073258,0.004248105118920726,12.0,0.18166666666666664,4150.0,0.0005168700646087581,4.2857142857142856e-05
10226.405328639361,176.2291312397492,95.90163983070461,-13602.144081776773,0.004083433484918757,13.0,0.18166666666666664,4150.0,0.0005552763819095477,4.642857142857142e-05
10734.796328119037,164.06373198773883,89.3902471660649,-13886.99528333672,0.003930590549199473,14.0,0.18166666666666664,4150.0,0.0005979899497487438,5e-05
11225.968769650339,153.42287076378847,83.63555007518994,-14158.450771249278,0.003786840174241648,15.0,0.18166666666666664,4150.0,0.0006407035175879397,5.357142857142857e-05
11701.504469226536,144.0352497116126,78.45303230966923,-14412.78763684001,0.003651592870666261,16.0,0.18166666666666664,4150.0,0.0006834170854271356,5.7142857142857135e-05
12161.869954221027,135.80673997011215,74.0058495923452,-14652.303371917384,0.0035151867615926835,17.0,0.18166666666666664,4100.0,0.0007200287150035894,6.0714285714285715e-05
12608.821591290936,128.38454959425823,69.86257640836607,-14890.017417852643,0.0033954901756672066,18.0,0.18166666666666664,4100.0,0.0007623833452979181,6.428571428571429e-05
13043.903615393541,121.6119881994316,66.01360972076931,-15113.744712665073,0.003281932254694761,19.0,0.18166666666666664,4100.0,0.000804737975592247,6.785714285714286e-05
13461.693651291089,115.79100617735234,63.05626871620488,-15324.285794193216,0.003177352692620082,20.0,0.18166666666666664,4100.0,0.0008470926058865757,7.142857142857143e-05
13870.532775203028,110.41972821799307,60.16532356103727,-15530.60452133249,0.0030768173254906083,21.0,0.18166666666666664,4100.0,0.0008819095477386934,7.500000000000001e-05
14267.569454007615,105.41501464327264,57.340848269751895,-15723.544240160954,0.002981462110604685,22.0,0.18166666666666664,4100.0,0.0009239052404881549,7.857142857142857e-05
14656.424835145497,100.85567189230554,54.77868521164832,-15921.371579685241,0.002890106786336622,23.0,0.18166666666666664,4100.0,0.0009659009332376165,8.214285714285711e-05
15031.0868558413,96.82265676840713,52.74754203734721,-16096.666065705758,0.002805225346108481,24.0,0.18166666666666664,4100.0,0.0010078966259870782,8.571428571428571e-05
15396.81862306547,92.99989501396331,50.721847201269675,-16268.018802011538,0.002723835513642145,25.0,0.18166666666666664,4100.0,0.0010498923187365397,8.928571428571429e-05
15756.763975758891,89.361903349838,48.54798987308679,-16436.05472338199,0.00263944496565192,26.0,0.18166666666666664,4050.0,0.0010825556353194542,9.285714285714285e-05
16104.460204261255,86.17034449523746,46.90255820370342,-16597.33269407774,0.002565899506249183,27.0,0.18166666666666664,4050.0,0.0011241923905240486,9.642857142857143e-05
16444.345702275852,83.16022768984608,45.269446221835494,-16755.313156599,0.002495612984037494,28.0,0.18166666666666664,4050.0,0.001165829145728643,0.0001
16777.303947400862,80.30118736289874,43.689261581231406,-16906.38495261525,0.0024281762315395135,29.0,0.18166666666666664,4050.0,0.0012074659009332375,0.00010357142857142858
17101.140128648436,77.6718716705816,42.314474958555884,-17043.00780233663,0.002364648620752998,30.0,0.18166666666666664,4050.0,0.0012491026561378318,0.00010714285714285714
0.0,0.0,0.0,-2.628212131370674,0.007470292436249868,0.0,0.2220833333333333,4300.0,0.0,
1553.0239666692726,511.0456632993431,351.10706224655826,-4063.8300325750824,0.007011935265051228,1.0,0.2220833333333333,4300.0,4.594400574300071e-05,3.571428571428571e-06
2641.2634221595026,602.3232722360672,389.6575868040907,-6358.318681175071,0.006618652673405204,2.0,0.2220833333333333,4300.0,9.045226130653265e-05,7.142857142857142e-06
3543.3443999828955,567.3486463375505,343.2615434451085,-7854.788587177049,0.006233371941224101,3.0,0.2220833333333333,4250.0,0.00013460157932519741,1.0714285714285714e-05
4346.518179703501,493.1821126222643,278.0583437879747,-8927.602173022118,0.005919801292683924,4.0,0.2220833333333333,4250.0,0.00017803302225412776,1.4285714285714284e-05
5086.264720646996,413.3916962649007,226.38996363064652,-9753.315247947816,0.005633924882012789,5.0,0.2220833333333333,4250.0,0.00022074659009332378,1.785714285714286e-05
5779.76288144076,349.3398009849354,190.73963333409696,-10423.106357265293,0.00534702305986431,6.0,0.2220833333333333,4200.0,0.0002627422828427853,2.1428571428571428e-05
6436.01704076835,302.4067457902567,165.0246395805115,-10986.954346353428,0.005109132303658851,7.0,0.2220833333333333,4200.0,0.0003065326633165829,2.5e-05
7062.059018505906,266.4492867369703,145.2769166178522,-11480.135466842527,0.004888424125381265,8.0,0.2220833333333333,4200.0,0.0003474515434314429,2.8571428571428567e-05
7660.4816055274305,238.23222234380924,129.87041317266528,-11919.47436610685,0.0046845751099695585,9.0,0.2220833333333333,4200.0,0.00039088298636037326,3.2142857142857144e-05
8234.455647148856,215.38930831480985,117.3989003010072,-12319.25713592807,0.0044948065938129585,10.0,0.2220833333333333,4200.0,0.0004307250538406318,3.571428571428572e-05
8787.107601734444,196.46497743265834,107.0214782403675,-12688.13769083492,0.004317664431491699,11.0,0.2220833333333333,4200.0,0.0004737975592246949,3.928571428571428e-05
9319.440570518396,180.6730388319945,98.38444338562545,-13030.325592621797,0.004137991353748315,12.0,0.2220833333333333,4150.0,0.0005168700646087581,4.2857142857142856e-05
9834.002440156408,167.10850474847317,90.83014941555753,-13353.142951624977,0.003983963062852662,13.0,0.2220833333333333,4150.0,0.0005552763819095477,4.642857142857142e-05
10330.074410556363,155.5487066300028,84.66042274896466,-13656.319729976698,0.0038406221466054913,14.0,0.2220833333333333,4150.0,0.0005979899497487438,5e-05
10809.820132267774,145.458450030773,79.20487152148347,-13945.737932908916,0.0037054931796138986,15.0,0.2220833333333333,4150.0,0.0006407035175879397,5.357142857142857e-05
11274.72570797656,136.53429829161135,74.28812166969075,-14218.080453196191,0.0035780692997413556,16.0,0.2220833333333333,4150.0,0.0006834170854271356,5.7142857142857135e-05
11725.11941869983,128.7345563514425,70.07334497593773,-14474.828172894791,0.003458914256492709,17.0,0.2220833333333333,4150.0,0.0007200287150035894,6.0714285714285715e-05
12162.789539962794,121.67957431734499,66.16217687406564,-14728.84089613353,0.0033450173249140423,18.0,0.2220833333333333,4150.0,0.0007623833452979181,6.428571428571429e-05
12589.185240662418,115.2533095002755,62.502316446169765,-14969.171483339851,0.0032276523465693653,19.0,0.2220833333333333,4100.0,0.000804737975592247,6.785714285714286e-05
12998.818783610379,109.73915613228459,59.700154572394595,-15195.366792096764,0.0031283485815426742,20.0,0.2220833333333333,4100.0,0.0008470926058865757,7.142857142857143e-05
13399.982242053917,104.63368004731909,56.96020675019737,-15417.311801594093,0.0030327233680656866,21.0,0.2220833333333333,4100.0,0.0008819095477386934,7.500000000000001e-05
13789.836631319873,99.89019222096857,54.28482083692671,-15625.01888411813,0.0029418593989215197,22.0,0.2220833333333333,4100.0,0.0009239052404881549,7.857142857142857e-05
14171.882399838541,95.56547251453446,51.87000245019774,-15836.987188107858,0.0028546726109540087,23.0,0.2220833333333333,4100.0,0.0009659009332376165,8.214285714285711e-05
14540.138723469341,91.73683810898173,49.931248312597035,-16026.68114595313,0.0027735317490418746,24.0,0.2220833333333333,4100.0,0.0010078966259870782,8.571428571428571e-05
14899.834481829179,88.1070948889292,48.015277735002556,-16211.424960472068,0.0026956122792240206,25.0,0.2220833333333333,4100.0,0.0010498923187365397,8.928571428571429e-05
15254.04734469162,84.6668352103957,45.95943866388058,-16392.752999425116,0.0026203370584452824,26.0,0.2220833333333333,4100.0,0.0010825556353194542,9.285714285714285e-05
15596.357935042355,81.63206341184804,44.401598525485646,-16566.352523942565,0.0025494393424740757,27.0,0.2220833333333333,4100.0,0.0011241923905240486,9.642857142857143e-05
15931.111444242866,78.78214217528674,42.85479330330755,-16736.919189318396,0.0024760874137290255,28.0,0.2220833333333333,4050.0,0.001165829145728643,0.0001
16259.203141622387,76.07531256031619,41.358172464330224,-16900.237876176667,0.002411188436479971,29.0,0.2220833333333333,4050.0,0.0012074659009332375,0.00010357142857142858
16578.411050362913,73.57079066804283,40.055263826008044,-17048.25924117206,0.002349955826411222,30.0,0.2220833333333333,4050.0,0.0012491026561378318,0.00010714285714285714
0.0,0.0,0.0,-2.628212131370674,0.007046551486701917,0.0,0.2625,4300.0,0.0,
1467.6557967089227,482.3180916311955,331.3135359941031,-3849.6331144606957,0.006639182335368812,1.0,0.2625,4300.0,4.594400574300071e-05,3.571428571428571e-06
2500.8358711097094,569.0541201866604,368.04077906809465,-6045.281529114509,0.006287677068570099,2.0,0.2625,4300.0,9.045226130653265e-05,7.142857142857142e-06
3360.9990798320455,536.5858682044218,324.50038479418424,-7494.256940217958,0.005939252894084611,3.0,0.2625,4250.0,0.00013460157932519741,1.0714285714285714e-05
4129.562496574785,466.8487411019648,262.98128305447494,-8546.460887159454,0.005656284262637575,4.0,0.2625,4250.0,0.00017803302225412776,1.4285714285714284e-05
4839.484108653779,391.48180501599177,214.0371493126048,-9366.634012339237,0.005397176810660828,5.0,0.2625,4250.0,0.00022074659009332378,1.785714285714286e-05
5506.6380227608015,330.71719676775575,180.29124500666956,-10039.755067870989,0.005159015372773319,6.0,0.2625,4250.0,0.0002627422828427853,2.1428571428571428e-05
6139.287939476068,286.21764358386235,155.95639848497086,-10612.504866071038,0.004916979717318786,7.0,0.2625,4200.0,0.0003065326633165829,2.5e-05
6743.935179539829,252.13243285408805,137.27530784270422,-11118.151086865459,0.004714676697338472,8.0,0.2625,4200.0,0.0003474515434314429,2.8571428571428567e-05
7322.8417369827885,225.38750753819954,122.70559612844917,-11572.081072132714,0.004527186840095987,9.0,0.2625,4200.0,0.00039088298636037326,3.2142857142857144e-05
7878.9353242368625,203.74178899473736,110.90791709405329,-11987.739781784832,0.004352090483606578,10.0,0.2625,4200.0,0.0004307250538406318,3.571428571428572e-05
8415.109924704446,185.82165317648145,101.09656766897461,-12373.236748667521,0.004188147193435083,11.0,0.2625,4200.0,0.0004737975592246949,3.928571428571428e-05
8932.204631331999,170.85436948371773,92.93421745288542,-12732.08198653983,0.004035163922609956,12.0,0.2625,4200.0,0.0005168700646087581,4.2857142857142856e-05
9432.637185557714,158.0138520607436,85.78977280688788,-13072.00096172357,0.0038769131280678073,13.0,0.2625,4150.0,0.0005552763819095477,4.642857142857142e-05
9915.580675494817,147.07187627466524,79.9647941677481,-13392.140855048303,0.00374319680251214,14.0,0.2625,4150.0,0.0005979899497487438,5e-05
10383.109702708281,137.5187525165952,74.80257716112637,-13698.326392279065,0.0036168387290096693,15.0,0.2625,4150.0,0.0006407035175879397,5.357142857142857e-05
10836.620305946342,129.07224876264291,70.15126705833715,-13987.628314103618,0.0034974076063768755,16.0,0.2625,4150.0,0.0006834170854271356,5.7142857142857135e-05
11276.309318259784,121.6864243591403,66.16764312689783,-14260.734946586279,0.0033854801168942124,17.0,0.2625,4150.0,0.0007200287150035894,6.0714285714285715e-05
11703.983326725924,115.00772219797372,62.4859709536727,-14530.589763801538,0.0032782664017654752,18.0,0.2625,4150.0,0.0007623833452979181,6.428571428571429e-05
12121.000956900454,108.92359601935104,59.01537330543178,-14786.741742209095,0.0031760921162754226,19.0,0.2625,4150.0,0.000804737975592247,6.785714285714286e-05
12521.819450675432,103.71014683132599,56.36756880236709,-15027.84534623965,0.003072991019560472,20.0,0.2625,4100.0,0.0008470926058865757,7.142857142857143e-05
12914.668806018015,98.8711033306019,53.77788202987726,-15264.962587960705,0.002982479323586921,21.0,0.2625,4100.0,0.0008819095477386934,7.500000000000001e-05
13296.722941581294,94.38796332810506,51.257468215089986,-15487.12235834483,0.002896311111243237,22.0,0.2625,4100.0,0.0009239052404881549,7.857142857142857e-05
13671.366084963758,90.29752965674382,48.981118366932925,-15712.962973611255,0.0028134967170108205,23.0,0.2625,4100.0,0.0009659009332376165,8.214285714285711e-05
14032.641778721465,86.67331540699212,47.13570860613246,-15916.859200797357,0.0027362941609263723,24.0,0.2625,4100.0,0.0010078966259870782,8.571428571428571e-05
14385.753853135126,83.2388963158884,45.32850604142521,-16114.889475401156,0.0026620422518133886,25.0,0.2625,4100.0,0.0010498923187365397,8.928571428571429e-05
14733.69025558778,79.9927465089329,43.39749682756551,-16309.594629724532,0.0025901997170816073,26.0,0.2625,4100.0,0.0010825556353194542,9.285714285714285e-05
15070.101066894322,77.11532588230341,41.918797119206204,-16495.744654566734,0.0025224306553060355,27.0,0.2625,4100.0,0.0011241923905240486,9.642857142857143e-05
15399.233147362402,74.42465962080459,40.45778875826602,-16678.817992372547,0.0024574576134381125,28.0,0.2625,4100.0,0.001165829145728643,0.0001
15721.970362859205,71.86913227758961,39.04421618206535,-16854.174201493013,0.002394987995785606,29.0,0.2625,4100.0,0.0012074659009332375,0.00010357142857142858
16036.08732006768,69.49679863809865,37.812806293262824,-17013.789452818986,0.0023308275194010232,30.0,0.2625,4050.0,0.0012491026561378318,0.00010714285714285714
0.0,0.0,0.0,-2.628212131370674,0.006627228684539537,0.0,0.30291666666666667,4300.0,0.0,
1382.8422204280198,453.8459895051268,311.70330400533396,-3635.7340296720067,0.0062673120237567445,1.0,0.30291666666666667,4300.0,4.594400574300071e-05,3.571428571428571e-06
2360.7637383688625,535.997716975227,346.5715070910688,-5730.063874936866,0.005955036960719604,2.0,0.30291666666666667,4300.0,9.045226130653265e-05,7.142857142857142e-06
3178.4415904952302,505.9434801013135,305.8311838268948,-7128.131657909609,0.005641630705393136,3.0,0.30291666666666667,4250.0,0.00013460157932519741,1.0714285714285714e-05
3911.6368408148937,440.56778318204374,247.9657387689541,-8156.056481083455,0.00538784859280672,4.0,0.30291666666666667,4250.0,0.00017803302225412776,1.4285714285714284e-05
4590.869151720506,369.60615667602093,201.73988726983112,-8967.057789402985,0.005154455660721032,5.0,0.30291666666666667,4250.0,0.00022074659009332378,1.785714285714286e-05
5230.756809288986,312.13539866876835,169.8941861679481,-9640.140675787188,0.004939053791670712,6.0,0.30291666666666667,4250.0,0.0002627422828427853,2.1428571428571428e-05
5838.854525355819,270.05557194715146,146.9357423620896,-10218.47213705902,0.004717592656362233,7.0,0.30291666666666667,4200.0,0.0003065326633165829,2.5e-05
6421.14377777552,237.8439177811911,129.32281981857474,-10733.609888679712,0.004533306515872365,8.0,0.30291666666666667,4200.0,0.0003474515434314429,2.8571428571428567e-05
6979.576939859428,212.57219383506805,115.58125242178899,-11199.421127358917,0.0043619249480728725,9.0,0.30291666666666667,4200.0,0.00039088298636037326,3.2142857142857144e-05
7516.839272522713,192.13413194936427,104.45517735269654,-11628.496853990153,0.004201355901571727,10.0,0.30291666666666667,4200.0,0.0004307250538406318,3.571428571428572e-05
8035.601542885442,175.20717040352147,95.20736247001916,-12028.393321730931,0.004050550210024731,11.0,0.30291666666666667,4200.0,0.0004737975592246949,3.928571428571428e-05
8536.538593877594,161.07717621616075,87.52084719637678,-12402.236267467037,0.003909413801845051,12.0,0.30291666666666667,4200.0,0.0005168700646087581,4.2857142857142856e-05
9021.944089121318,148.9477396982096,80.78125869617925,-12757.180088214809,0.0037758072787052025,13.0,0.30291666666666667,4200.0,0.0005552763819095477,4.642857142857142e-05
9490.889911722246,138.62591948704312,75.30225862536295,-13092.65083470416,0.0036378806642039063,14.0,0.30291666666666667,4150.0,0.0005979899497487438,5e-05
9945.357122267078,129.606092211893,70.42924651466507,-13414.19773697573,0.0035204171424214363,15.0,0.30291666666666667,4150.0,0.0006407035175879397,5.357142857142857e-05
10386.64717958702,121.63796535746866,66.0500187687368,-13719.202256068042,0.003409127626507895,16.0,0.30291666666666667,4150.0,0.0006834170854271356,5.7142857142857135e-05
10814.839734821064,114.66444074268767,62.293892609197265,-14007.58071255211,0.003304592842029263,17.0,0.30291666666666667,4150.0,0.0007200287150035894,6.0714285714285715e-05
11231.742112045293,108.3675576860489,58.83418611627735,-14292.32200870417,0.0032042419575604064,18.0,0.30291666666666667,4150.0,0.0007623833452979181,6.428571428571429e-05
11638.62608436554,102.62868757487473,55.55312589237078,-14563.658403617876,0.003108407953386782,19.0,0.30291666666666667,4150.0,0.000804737975592247,6.785714285714286e-05
12029.91510867894,97.70589823525975,53.05883384702219,-14819.11471999871,0.003019701226936109,20.0,0.30291666666666667,4150.0,0.0008470926058865757,7.142857142857143e-05
12413.75343810579,93.13931759107474,50.61865105166558,-15070.401302383252,0.0029339591869841446,21.0,0.30291666666666667,4150.0,0.0008819095477386934,7.500000000000001e-05
12787.328689819356,88.9102025151168,48.25152250014634,-15306.5205226615,0.0028442767100169725,22.0,0.30291666666666667,4100.0,0.0009239052404881549,7.857142857142857e-05
13153.911724605145,85.0535958353746,46.1122960702295,-15545.80428350631,0.0027660366014087227,23.0,0.30291666666666667,4100.0,0.0009659009332376165,8.214285714285711e-05
13507.578822259371,81.63376848836262,44.36810803337794,-15763.553846894727,0.0026929690539628133,24.0,0.30291666666666667,4100.0,0.0010078966259870782,8.571428571428571e-05
13853.50272538636,78.40559316966026,42.661768814945255,-15974.627454846668,0.002622580770633679,25.0,0.30291666666666667,4100.0,0.0010498923187365397,8.928571428571429e-05
14194.56338981464,75.34106151581217,40.854146368572515,-16182.519835274477,0.002554367277277052,26.0,0.30291666666666667,4100.0,0.0010825556353194542,9.285714285714285e-05
14524.511508461766,72.62379290544426,39.45436455514464,-16381.106271924706,0.0024899176306950317,27.0,0.30291666666666667,4100.0,0.0011241923905240486,9.642857142857143e-05
14847.464225238153,70.08902199925195,38.07862828395924,-16576.740356283335,0.0024280461210819753,28.0,0.30291666666666667,4100.0,0.001165829145728643,0.0001
15164.310505385223,67.68384662335325,36.747577352575156,-16763.838310926978,0.0023684722143013327,29.0,0.30291666666666667,4100.0,0.0012074659009332375,0.00010357142857142858
15472.832677381406,65.45070593091775,35.58728076904488,-16935.52074025046,0.0023120871197003083,30.0,0.30291666666666667,4100.0,0.0012491026561378318,0.00010714285714285714
0.0,0.0,0.0,-2.628212131370674,0.006212221346887208,0.0,0.3433333333333333,4300.0,0.0,
1298.5751038440528,425.6255027144588,292.2716726205888,-3422.143207503257,0.005896334094309726,1.0,0.3433333333333333,4300.0,4.594400574300071e-05,3.571428571428571e-06
2221.043991631693,503.1527334734623,325.2514152988289,-5412.720642704895,0.005620778653815471,2.0,0.3433333333333333,4300.0,9.045226130653265e-05,7.142857142857142e-06
2995.672451125111,475.4242793588072,287.25530164068283,-6756.476868687067,0.005340546100522472,3.0,0.3433333333333333,4250.0,0.00013460157932519741,1.0714285714285714e-05
3692.7352321871763,414.34196398670156,233.01052961916008,-7756.413350112853,0.005114503042596843,4.0,0.3433333333333333,4250.0,0.00017803302225412776,1.4285714285714284e-05
4340.4007298611605,347.75661877996384,189.50726778309416,-8554.523352275995,0.004905723488726984,5.0,0.3433333333333333,4250.0,0.00022074659009332378,1.785714285714286e-05
4952.0751865351385,293.58240792454944,159.54977806367467,-9223.983183772085,0.004712253792015574,6.0,0.3433333333333333,4250.0,0.0002627422828427853,2.1428571428571428e-05
5534.63791128519,253.93373073615024,137.96414209527617,-9804.687654413246,0.004532548818116743,7.0,0.3433333333333333,4250.0,0.0003065326633165829,2.5e-05
6093.570070815189,223.59217098295198,121.41465036747455,-10325.970964449814,0.0043441125489417165,8.0,0.3433333333333333,4200.0,0.0003474515434314429,2.8571428571428567e-05
6630.525310433962,199.8004445410399,108.49833037011828,-10800.746474419051,0.0041885341467368725,9.0,0.3433333333333333,4200.0,0.00039088298636037326,3.2142857142857144e-05
7147.957912511102,180.5582629214838,98.04149216970714,-11240.560155739178,0.0040422963803543495,10.0,0.3433333333333333,4200.0,0.0004307250538406318,3.571428571428572e-05
7648.315518416989,164.62449307486702,89.35466866730734,-11652.407979710959,0.003904520431758792,11.0,0.3433333333333333,4200.0,0.0004737975592246949,3.928571428571428e-05
8132.1200315765445,151.33376057571752,82.14105265584362,-12039.026524946166,0.0037751944078073378,12.0,0.3433333333333333,4200.0,0.0005168700646087581,4.2857142857142856e-05
8601.539285142935,139.9150124002743,75.80753144398291,-12407.297156384302,0.0036524270863501035,13.0,0.3433333333333333,4200.0,0.0005552763819095477,4.642857142857142e-05
9055.554473469103,130.2096735021924,70.66965224074373,-12756.066075453076,0.0035372745143827313,14.0,0.3433333333333333,4200.0,0.0005979899497487438,5e-05
9496.052327882462,121.72291717577161,66.08556584544925,-13091.207792323366,0.0034157389250942085,15.0,0.3433333333333333,4150.0,0.0006407035175879397,5.357142857142857e-05
9924.23005469242,114.23214263278119,61.98076526662947,-13410.424348699875,0.0033127150306196105,16.0,0.3433333333333333,4150.0,0.0006834170854271356,5.7142857142857135e-05
10340.068113200296,107.67084175732155,58.45709851268716,-13712.764553993009,0.0032157161946051666,17.0,0.3433333333333333,4150.0,0.0007200287150035894,6.0714285714285715e-05
10745.36203433544,101.7546576114704,55.2071812383036,-14011.213376170024,0.0031223904777614624,18.0,0.3433333333333333,4150.0,0.0007623833452979181,6.428571428571429e-05
11141.283764262842,96.36039948785205,52.12116114585261,-14296.670825538924,0.003033073208092761,19.0,0.3433333333333333,4150.0,0.000804737975592247,6.785714285714286e-05
11522.271624269988,91.72842079119965,49.77426022145231,-14565.633524263925,0.00295021835198634,20.0,0.3433333333333333,4150.0,0.0008470926058865757,7.142857142857143e-05
11896.327335519403,87.44154814610413,47.482803739514104,-14830.23292231738,0.0028699791530397696,21.0,0.3433333333333333,4150.0,0.0008819095477386934,7.500000000000001e-05
12260.684929814604,83.45870337256947,45.26800902100853,-15079.906287749902,0.002793307556514252,22.0,0.3433333333333333,4150.0,0.0009239052404881549,7.857142857142857e-05
12618.478616248683,79.8354381324588,43.26378931721617,-15331.771211519379,0.0027194177433881345,23.0,0.3433333333333333,4150.0,0.0009659009332376165,8.214285714285711e-05
12963.85267083524,76.61988708605004,41.62215670333033,-15562.766169518924,0.002642953286537498,24.0,0.3433333333333333,4100.0,0.0010078966259870782,8.571428571428571e-05
13301.907257089248,73.59610096006503,40.015292497028526,-15786.471804510846,0.0025766226851853253,25.0,0.3433333333333333,4100.0,0.0010498923187365397,8.928571428571429e-05
13635.43160604034,70.71313747704556,38.32903572571513,-16007.194016774767,0.00251223498387363,26.0,0.3433333333333333,4100.0,0.0010825556353194542,9.285714285714285e-05
13958.28912810268,68.16606604218849,37.00850227185171,-16217.947719728989,0.0024512967887706347,27.0,0.3433333333333333,4100.0,0.0011241923905240486,9.642857142857143e-05
14274.448016714978,65.77648628742428,35.71749887593544,-16425.90042356382,0.0023927150598394738,28.0,0.3433333333333333,4100.0,0.001165829145728643,0.0001
14584.810888693675,63.520671018368816,34.468432180781065,-16624.59927941214,0.0023362229815007984,29.0,0.3433333333333333,4100.0,0.0012074659009332375,0.00010357142857142858
14887.157326413046,61.42584911588205,33.378857375245246,-16808.385400028194,0.002282663214259963,30.0,0.3433333333333333,4100.0,0.0012491026561378318,0.00010714285714285714
0.0,0.0,0.0,-2.628212131370674,0.005801430571791282,0.0,0.38375,4300.0,0.0,
1214.844466431008,397.65357946081974,273.0176905206779,-3208.870499660996,0.005526257668420896,1.0,0.38375,4300.0,4.594400574300071e-05,3.571428571428571e-06
2081.6746943850358,470.5201757152167,304.0806050446074,-5093.305344743909,0.005284947931484871,2.0,0.38375,4300.0,9.045226130653265e-05,7.142857142857142e-06
2812.6928397682104,445.0312899488625,268.77415686735804,-6379.3570191325925,0.005036039895922023,3.0,0.38375,4250.0,0.00013460157932519741,1.0714285714285714e-05
3472.8532545981916,388.1745744811561,218.11723082179975,-7347.557519216272,0.004836257967219457,4.0,0.38375,4250.0,0.00017803302225412776,1.4285714285714284e-05
4088.0582699526344,325.93736306969674,177.33239667776786,-8128.9700697287335,0.0046509442984719405,5.0,0.38375,4250.0,0.00022074659009332378,1.785714285714286e-05
4670.551477723866,275.0713858376383,149.261584216015,-8791.092456803053,0.004478524505015425,6.0,0.38375,4250.0,0.0002627422828427853,2.1428571428571428e-05
5226.559409153658,237.85182054120187,129.04928441832772,-9370.708751548525,0.004317756885014246,7.0,0.38375,4250.0,0.0003065326633165829,2.5e-05
5761.094537774933,209.38566231210393,113.55183327050193,-9894.76447562498,0.0041664854326857225,8.0,0.38375,4250.0,0.0003474515434314429,2.8571428571428567e-05
6275.521501560104,187.06774351991575,101.45782349903948,-10375.291559152072,0.004006753624544183,9.0,0.38375,4200.0,0.00039088298636037326,3.2142857142857144e-05
6772.069935915651,169.01742073841638,91.67118433762857,-10822.931155887178,0.00387459627064906,10.0,0.38375,4200.0,0.0004307250538406318,3.571428571428572e-05
7252.973047133153,154.082359471485,83.53934233273556,-11244.034754290587,0.0037496917014013835,11.0,0.38375,4200.0,0.0004737975592246949,3.928571428571428e-05
7718.612905168127,141.62383891044968,76.79564049249053,-11640.954036771756,0.003632092335033248,12.0,0.38375,4200.0,0.0005168700646087581,4.2857142857142856e-05
8171.01915579284,130.9266727737498,70.87142695829766,-12020.26735545438,0.003520140638479749,13.0,0.38375,4200.0,0.0005552763819095477,4.642857142857142e-05
8609.104576243384,121.82572127019151,66.06755658415224,-12380.542998412828,0.0034148327253929315,14.0,0.38375,4200.0,0.0005979899497487438,5e-05
9034.65238013622,113.87166145445286,61.772147641473055,-12727.322115307034,0.0033145973421151494,15.0,0.38375,4200.0,0.0006407035175879397,5.357142857142857e-05
9448.760925557493,106.85716324045141,57.942796161665925,-13058.761834967503,0.003207618396281158,16.0,0.38375,4150.0,0.0006834170854271356,5.7142857142857135e-05
9851.308853221932,100.70791842737601,54.64689171199887,-13373.499610824649,0.003118273387430018,17.0,0.38375,4150.0,0.0007200287150035894,6.0714285714285715e-05
10244.07812982454,95.17119431175225,51.60530279702212,-13684.22619535838,0.003032113200282795,18.0,0.38375,4150.0,0.0007623833452979181,6.428571428571429e-05
10628.141567525643,90.12078933181922,48.72154223749561,-13982.497561804892,0.002949469068735767,19.0,0.38375,4150.0,0.000804737975592247,6.785714285714286e-05
10997.976157240946,85.77969347478454,46.51414510112727,-14263.822147441497,0.002872631585432941,20.0,0.38375,4150.0,0.0008470926058865757,7.142857142857143e-05
11361.407662352167,81.77134332580295,44.37465494594812,-14540.698558034957,0.002798072070540722,21.0,0.38375,4150.0,0.0008819095477386934,7.500000000000001e-05
11715.73263762984,78.0397227050893,42.31258371367832,-14803.148843124261,0.002726679848139431,22.0,0.38375,4150.0,0.0009239052404881549,7.857142857142857e-05
12063.936220324704,74.64480685116321,40.43584134645728,-15067.019204157368,0.0026577506338406783,23.0,0.38375,4150.0,0.0009659009332376165,8.214285714285711e-05
12400.255436010699,71.63994240098259,38.896678426136326,-15310.44827712285,0.002593083229048695,24.0,0.38375,4150.0,0.0010078966259870782,8.571428571428571e-05
12729.692143785524,68.811851648563,37.38929217499151,-15545.938522524564,0.002530650169375934,25.0,0.38375,4150.0,0.0010498923187365397,8.928571428571429e-05
13054.951502864616,66.11034499432107,35.82236912142384,-15778.825896525079,0.002463127601445918,26.0,0.38375,4100.0,0.0010825556353194542,9.285714285714285e-05
13370.007880878868,63.732101856048025,34.58278811300847,-16001.295666587997,0.0024058912998482737,27.0,0.38375,4100.0,0.0011241923905240486,9.642857142857143e-05
13678.69903143104,61.488319477286836,33.37457788210687,-16221.14641292503,0.002350787323418751,28.0,0.38375,4100.0,0.001165829145728643,0.0001
13981.911958689474,59.38083136886556,32.206947552361385,-16431.134518676416,0.0022975648624459053,29.0,0.38375,4100.0,0.0012074659009332375,0.00010357142857142858
14277.43277203091,57.42341618191913,31.187697058384643,-16626.77051672485,0.002247016591172705,30.0,0.38375,4100.0,0.0012491026561378318,0.00010714285714285714
0.0,0.0,0.0,-2.628212131370674,0.005394761022132862,0.0,0.42416666666666664,4300.0,0.0,
1131.645510091039,369.92765596387085,253.93882544667972,-2995.925272249653,0.0051570912343492795,1.0,0.42416666666666664,4300.0,4.594400574300071e-05,3.571428571428571e-06
1942.6542825207664,438.1047843355925,283.05917386168363,-4771.870779323006,0.00494758957303184,2.0,0.42416666666666664,4300.0,9.045226130653265e-05,7.142857142857142e-06
2629.5044315853056,414.76766845852603,250.3892620728531,-5996.944667582306,0.004755905198653016,3.0,0.42416666666666664,4300.0,0.00013460157932519741,1.0714285714285714e-05
3251.988757158911,362.06994481734705,203.28696124076998,-6929.516819354634,0.004553125359277937,4.0,0.42416666666666664,4250.0,0.00017803302225412776,1.4285714285714284e-05
3833.823317985869,304.15846584265813,165.21673227167034,-7690.340192866599,0.004390084288385774,5.0,0.42416666666666664,4250.0,0.00022074659009332378,1.785714285714286e-05
4386.1397090628025,256.59849574244464,139.03307145883707,-8341.28106397151,0.004237776518542637,6.0,0.42416666666666664,4250.0,0.0002627422828427853,2.1428571428571428e-05
4914.543332029435,221.80846438164068,120.18446549825492,-8916.091442027879,0.004095217236182553,7.0,0.42416666666666664,4250.0,0.0003065326633165829,2.5e-05
5423.595972984093,195.21663556574455,105.73543114338699,-9439.585915400923,0.003960589883519377,8.0,0.42416666666666664,4250.0,0.0003474515434314429,2.8571428571428567e-05
5914.393786110148,174.37295549578099,94.46065618518446,-9922.309613772159,0.003834129694623358,9.0,0.42416666666666664,4250.0,0.00039088298636037326,3.2142857142857144e-05
6388.949491770526,157.52595571820552,85.34487373737534,-10374.581607754531,0.0036979311346962357,10.0,0.42416666666666664,4200.0,0.0004307250538406318,3.571428571428572e-05
6849.286657280723,143.58463697279385,77.76224098412841,-10801.983985603241,0.003585683724756686,11.0,0.42416666666666664,4200.0,0.0004737975592246949,3.928571428571428e-05
7295.660650292049,131.9504113050379,71.48535980892754,-11206.45634202996,0.0034796757694682927,12.0,0.42416666666666664,4200.0,0.0005168700646087581,4.2857142857142856e-05
7729.962080120977,121.97329545244935,65.96841857616894,-11594.247551893655,0.00337846832804736,13.0,0.42416666666666664,4200.0,0.0005552763819095477,4.642857142857142e-05
8151.042282195322,113.47678786828773,61.4966646848281,-11963.673328436635,0.0032829890203658323,14.0,0.42416666666666664,4200.0,0.0005979899497487438,5e-05
8560.58247989714,106.06128357726317,57.4893253405574,-12320.092261645215,0.003191867404571804,15.0,0.42416666666666664,4200.0,0.0006407035175879397,5.357142857142857e-05
8959.58386521994,99.5154352972191,53.93252966049189,-12661.917646251553,0.0031048385338235556,16.0,0.42416666666666664,4200.0,0.0006834170854271356,5.7142857142857135e-05
9347.828165956062,93.78258224285162,50.86310146901704,-12986.922733064523,0.0030225905203668407,17.0,0.42416666666666664,4200.0,0.0007200287150035894,6.0714285714285715e-05
9727.076510811616,88.61946187762773,48.02888338137979,-13308.096022700563,0.002932762096102936,18.0,0.42416666666666664,4150.0,0.0007623833452979181,6.428571428571429e-05
10098.308471277269,83.91209559508681,45.34721949767765,-13617.59236109499,0.002856923570826585,19.0,0.42416666666666664,4150.0,0.000804737975592247,6.785714285714286e-05
10456.04594165195,79.86186055030377,43.283620703992305,-13909.864277832734,0.0027862496050499695,20.0,0.42416666666666664,4150.0,0.0008470926058865757,7.142857142857143e-05
10807.936828499041,76.1307240606721,41.292894805990656,-14197.719491477015,0.002717528771062689,21.0,0.42416666666666664,4150.0,0.0008819095477386934,7.500000000000001e-05
11151.321816078178,72.6568052243085,39.37840593875408,-14471.766784992717,0.002651585714221057,22.0,0.42416666666666664,4150.0,0.0009239052404881549,7.857142857142857e-05
11489.060247127536,69.49074206730504,37.62868378126489,-14746.5619307222,0.002587794885986848,23.0,0.42416666666666664,4150.0,0.0009659009332376165,8.214285714285711e-05
11815.467664922935,66.69191614429353,36.19188771739962,-15001.603947961252,0.002527827950018439,24.0,0.42416666666666664,4150.0,0.0010078966259870782,8.571428571428571e-05
12135.465365549686,64.0542879266398,34.783970558651674,-15248.269741327786,0.0024698282360961807,25.0,0.42416666666666664,4150.0,0.0010498923187365397,8.928571428571429e-05
12451.644123705566,61.53406247286688,33.334340502437996,-15492.538525720505,0.002413282644663901,26.0,0.42416666666666664,4150.0,0.0010825556353194542,9.285714285714285e-05
12758.109544311284,59.32323557513121,32.18113041713413,-15725.832896299456,0.00235963485089207,27.0,0.42416666666666664,4150.0,0.0011241923905240486,9.642857142857143e-05
13058.569668093694,57.22579328493052,31.050032127179318,-15956.734190738927,0.0023015027294722382,28.0,0.42416666666666664,4100.0,0.001165829145728643,0.0001
13353.87857223152,55.26555894020201,29.963280197172242,-16177.496910765338,0.0022517366388454673,29.0,0.42416666666666664,4100.0,0.0012074659009332375,0.00010357142857142858
13641.86014399559,53.44460091400891,29.01395077038855,-16384.539596798226,0.0022043842331923406,30.0,0.42416666666666664,4100.0,0.0012491026561378318,0.00010714285714285714
0.0,0.0,0.0,-2.628212131370674,0.004992120802317674,0.0,0.4645833333333333,4300.0,0.0,
1048.9675510892432,342.4434288762035,235.03286722145072,-2783.3164352340027,0.004788842692235429,1.0,0.4645833333333333,4300.0,4.594400574300071e-05,3.571428571428571e-06
1803.9815641381167,405.9051121090616,262.1863535609879,-4448.468382848194,0.004608747909398935,2.0,0.4645833333333333,4300.0,9.045226130653265e-05,7.142857142857142e-06
2446.109526744729,384.63672162644195,232.10220329111667,-5609.251161282031,0.004443195145195447,3.0,0.4645833333333333,4300.0,0.00013460157932519741,1.0714285714285714e-05
3030.1391441199094,336.0412287734685,188.5225933100331,-6502.321130112265,0.004265118822811175,4.0,0.4645833333333333,4250.0,0.00017803302225412776,1.4285714285714284e-05
3577.6797290633526,282.4147022258107,153.16184412028247,-7238.579490314762,0.0041231118438087855,5.0,0.4645833333333333,4250.0,0.00022074659009332378,1.785714285714286e-05
4098.799833365839,238.17061800544073,128.86019280795992,-7874.365219814259,0.0039899223056382195,6.0,0.4645833333333333,4250.0,0.0002627422828427853,2.1428571428571428e-05
4598.51285029331,205.8175954384179,111.3708613518142,-8440.480546710001,0.003864780863349364,7.0,0.4645833333333333,4250.0,0.0003065326633165829,2.5e-05
5080.952145398216,181.09616887414347,97.966366888136,-8959.651956895454,0.003746171233354059,8.0,0.4645833333333333,4250.0,0.0003474515434314429,2.8571428571428567e-05
5546.968273924361,161.72704539338483,87.51333717789738,-9441.273991688468,0.0036343622991445927,9.0,0.4645833333333333,4250.0,0.00039088298636037326,3.2142857142857144e-05
5998.363395224357,146.07648351721045,79.06455165692748,-9894.50370098972,0.003528264793793397,10.0,0.4645833333333333,4250.0,0.0004307250538406318,3.571428571428572e-05
6436.958205611112,133.12636282486943,72.0298562999147,-10324.921955800062,0.0034121030003066506,11.0,0.4645833333333333,4200.0,0.0004737975592246949,3.928571428571428e-05
6862.893158689647,122.32199980409507,66.21562317299667,-10733.905253757075,0.003317494944853925,12.0,0.4645833333333333,4200.0,0.0005168700646087581,4.2857142857142856e-05
7277.919495475213,113.05775946158725,61.09906505425317,-11127.307676749348,0.0032269064428140813,13.0,0.4645833333333333,4200.0,0.0005552763819095477,4.642857142857142e-05
7680.841793453458,105.17241656596843,56.9576300041005,-11503.212270907388,0.0031411917134285395,14.0,0.4645833333333333,4200.0,0.0005979899497487438,5e-05
8073.233853921145,98.29166269503665,53.237482789680186,-11866.771815755113,0.003059165560155892,15.0,0.4645833333333333,4200.0,0.0006407035175879397,5.357142857142857e-05
8456.003554022906,92.20946543193249,49.9503438333583,-12216.68503309202,0.0029806147742028983,16.0,0.4645833333333333,4200.0,0.0006834170854271356,5.7142857142857135e-05
8828.846336006998,86.8979088949099,47.10607373997478,-12550.088364008006,0.0029061906928051027,17.0,0.4645833333333333,4200.0,0.0007200287150035894,6.0714285714285715e-05
9193.487422443175,82.10166429267267,44.478240287149426,-12879.661514669868,0.002834094044499824,18.0,0.4645833333333333,4200.0,0.0007623833452979181,6.428571428571429e-05
9550.811469310729,77.73643129150886,41.996942800332455,-13198.209258432267,0.0027645732179088526,19.0,0.4645833333333333,4200.0,0.000804737975592247,6.785714285714286e-05
9895.426759666856,73.97978664541479,40.07923595827558,-13499.62376555353,0.0026903175033809847,20.0,0.4645833333333333,4150.0,0.0008470926058865757,7.142857142857143e-05
10234.759718687763,70.52154064333456,38.235072692892416,-13796.854742248368,0.0026275715630154945,21.0,0.4645833333333333,4150.0,0.0008819095477386934,7.500000000000001e-05
10566.209051509682,67.30383860834823,36.46571249567969,-14081.013254927399,0.0025672284845281008,22.0,0.4645833333333333,4150.0,0.0009239052404881549,7.857142857142857e-05
10892.502751175223,64.36904870868241,34.842535611066374,-14365.359289586544,0.0025087368774600253,23.0,0.4645833333333333,4150.0,0.0009659009332376165,8.214285714285711e-05
11208.061291953745,61.7723890445681,33.50942494212837,-14630.755114996886,0.002453635854295627,24.0,0.4645833333333333,4150.0,0.0010078966259870782,8.571428571428571e-05
11517.697520613487,59.324857169059854,32.19951704138506,-14887.474057747859,0.0024002422825907814,25.0,0.4645833333333333,4150.0,0.0010498923187365397,8.928571428571429e-05
11823.876777821186,56.985670220839374,30.86513265832555,-15142.177107875694,0.0023480879208293472,26.0,0.4645833333333333,4150.0,0.0010825556353194542,9.285714285714285e-05
12120.882325220304,54.94080581422599,29.797622615486517,-15385.580395776939,0.0022985106006124137,27.0,0.4645833333333333,4150.0,0.0011241923905240486,9.642857142857143e-05
12412.252268750168,52.99017859285721,28.74401711272023,-15626.838321052543,0.0022505862158416164,28.0,0.4645833333333333,4150.0,0.001165829145728643,0.0001
12698.81881201165,51.17608496484103,27.737575926997906,-15857.407482001778,0.002204199495196416,29.0,0.4645833333333333,4150.0,0.0012074659009332375,0.00010357142857142858
12978.450182332714,49.49059764104056,26.857758723350663,-16074.963109298114,0.0021599358285867044,30.0,0.4645833333333333,4150.0,0.0012491026561378318,0.00010714285714285714
0.0,0.0,0.0,-2.628212131370674,0.004593421270132004,0.0,0.505,4300.0,0.0,
966.8048518580451,315.19962288337837,216.2971554359373,-2571.052372753562,0.004421519449203421,1.0,0.505,4300.0,4.594400574300071e-05,3.571428571428571e-06
1665.65529540282,373.9183888268228,241.46284327451474,-4123.148914343896,0.004268466474104104,2.0,0.505,4300.0,9.045226130653265e-05,7.142857142857142e-06
2262.5110131978636,354.64867530079084,213.9145974411631,-5216.28702505619,0.004127122185617752,3.0,0.505,4300.0,0.00013460157932519741,1.0714285714285714e-05
2807.301831719665,310.085976817306,173.82974553789103,-6066.002676406366,0.003972253663834573,4.0,0.505,4250.0,0.00017803302225412776,1.4285714285714284e-05
3319.6098042927074,260.7109287801511,141.17358813177657,-6773.637845724501,0.0038499977322153734,5.0,0.505,4250.0,0.00022074659009332378,1.785714285714286e-05
3808.4886104813745,219.78962216026534,118.74431042047807,-7390.164597716583,0.003734876750021292,6.0,0.505,4250.0,0.0002627422828427853,2.1428571428571428e-05
4278.391685570437,189.87003573341323,102.60962824468159,-7943.522279279117,0.003626299866887203,7.0,0.505,4250.0,0.0003065326633165829,2.5e-05
4733.037781675032,167.02554979385206,90.24611722829292,-8454.39654532219,0.0035230148975251875,8.0,0.505,4250.0,0.0003474515434314429,2.8571428571428567e-05
5173.066673770641,149.130153870393,80.61621135198538,-8931.078144033425,0.003425306071968518,9.0,0.505,4250.0,0.00039088298636037326,3.2142857142857144e-05
5600.07041776183,134.67052535209902,72.82488934432453,-9381.889108740026,0.0033322748700819597,10.0,0.505,4250.0,0.0004307250538406318,3.571428571428572e-05
6015.678182611523,122.710837560028,66.3361350113102,-9811.589644834792,0.0032435298047463245,11.0,0.505,4250.0,0.0004737975592246949,3.928571428571428e-05
6419.924207939458,112.74054660955143,60.98304181987016,-10221.608398892327,0.003145081893189292,12.0,0.505,4200.0,0.0005168700646087581,4.2857142857142856e-05
6814.4231002507195,104.18303054121033,56.26652865096369,-10617.42640739042,0.0030649276890922584,13.0,0.505,4200.0,0.0005552763819095477,4.642857142857142e-05
7197.949499348582,96.91093904410748,52.4507327856273,-10996.803181471201,0.00298885749182975,14.0,0.505,4200.0,0.0005979899497487438,5e-05
7571.963095047756,90.56005358424537,49.017011787453676,-11364.653317774952,0.0029158576536709876,15.0,0.505,4200.0,0.0006407035175879397,5.357142857142857e-05
7937.279709349034,84.95051126732963,45.99659902380092,-11719.941675887967,0.0028457604500793593,16.0,0.505,4200.0,0.0006834170854271356,5.7142857142857135e-05
8293.524499295967,80.04934275393255,43.3761374917884,-12059.231605123394,0.0027791717504418306,17.0,0.505,4200.0,0.0007200287150035894,6.0714285714285715e-05
8642.368644055354,75.620171873567,40.95367420679373,-12394.972696983983,0.002714501705088085,18.0,0.505,4200.0,0.0007623833452979181,6.428571428571429e-05
8984.61178008534,71.59605844282518,38.67098866316343,-12720.576565650808,0.002651988338669287,19.0,0.505,4200.0,0.000804737975592247,6.785714285714286e-05
9314.975525188484,68.13871734574452,36.904634048564574,-13028.997734944256,0.0025935105693654426,20.0,0.505,4200.0,0.0008470926058865757,7.142857142857143e-05
9640.627543373244,64.94554133379923,35.20544222117955,-13333.404929118966,0.002536417217287049,21.0,0.505,4200.0,0.0008819095477386934,7.500000000000001e-05
9959.040739951704,61.982485679323204,33.57472646300496,-13625.701155942203,0.002472730406545166,22.0,0.505,4150.0,0.0009239052404881549,7.857142857142857e-05
10272.803077077984,59.27792204185976,32.07760225771648,-13917.882048279687,0.0024196756613325487,23.0,0.505,4150.0,0.0009659009332376165,8.214285714285711e-05
10576.466572538911,56.882877047878374,30.852109520718678,-14192.031175059405,0.0023695874644795935,24.0,0.505,4150.0,0.0010078966259870782,8.571428571428571e-05
10874.705576730217,54.62500505283539,29.636106851622834,-14457.354274762212,0.0023209560108309636,25.0,0.505,4150.0,0.0010498923187365397,8.928571428571429e-05
11169.870022429412,52.4665442797266,28.41491641894996,-14721.110289255477,0.0022733578044242812,26.0,0.505,4150.0,0.0010825556353194542,9.285714285714285e-05
11456.428075707094,50.58614859338232,27.43242451658856,-14973.374872553672,0.0022280200532706546,27.0,0.505,4150.0,0.0011241923905240486,9.642857142857143e-05
11737.741230795024,48.78939259518991,26.4621300198204,-15223.790074441575,0.0021841171040504633,28.0,0.505,4150.0,0.001165829145728643,0.0001
12014.624374039786,47.1136350267367,25.530697846072126,-15463.312764919327,0.0021415464233596844,29.0,0.505,4150.0,0.0012074659009332375,0.00010357142857142858
12284.978064307703,45.562595761496475,24.72317222814403,-15690.5965884072,0.0021008425924131323,30.0,0.505,4150.0,0.0012491026561378318,0.00010714285714285714
0.0,0.0,0.0,-2.628212131370674,0.00419857686892924,0.0,0.5454166666666667,4300.0,0.0,
885.1500161623745,288.1911994768906,197.73071711232294,-2359.1410369330406,0.004055128394659186,1.0,0.5454166666666667,4300.0,4.594400574300071e-05,3.571428571428571e-06
1527.6746876265936,342.1470332145649,220.88952079971708,-3795.962046265304,0.0039267881779728115,2.0,0.5454166666666667,4300.0,9.045226130653265e-05,7.142857142857142e-06
2078.7125168079406,324.8009763995531,195.82826566752084,-4818.116957207494,0.0038077282545195762,3.0,0.5454166666666667,4300.0,0.00013460157932519741,1.0714285714285714e-05
2583.4771579593494,284.2058550573447,159.2042027571068,-5620.784500123787,0.0036961736121892724,4.0,0.5454166666666667,4300.0,0.00017803302225412776,1.4285714285714284e-05
3059.600389250282,239.05764235846107,129.25004229270297,-6295.4695008027775,0.003570715362858293,5.0,0.5454166666666667,4250.0,0.00022074659009332378,1.785714285714286e-05
3515.1653846760687,201.45837998395095,108.68675929501529,-6888.503642350894,0.0034725573495128646,6.0,0.5454166666666667,4250.0,0.0002627422828427853,2.1428571428571428e-05
3954.1039151060386,173.97844096789214,93.9019045938187,-7424.865610728026,0.0033796279054664467,7.0,0.5454166666666667,4250.0,0.0003065326633165829,2.5e-05
4379.730288938555,153.00271818452416,82.58002227472177,-7923.251095547632,0.0032909056996298504,8.0,0.5454166666666667,4250.0,0.0003474515434314429,2.8571428571428567e-05
4792.507187700913,136.58064591668597,73.76323683011005,-8390.900843152565,0.0032066746635417433,9.0,0.5454166666666667,4250.0,0.00039088298636037326,3.2142857142857144e-05
5193.8241056332,123.31524325352707,66.62663072503112,-8835.317871442137,0.003126203493443677,10.0,0.5454166666666667,4250.0,0.0004307250538406318,3.571428571428572e-05
5585.12485119458,112.34642295391119,60.681915211192674,-9260.73197146361,0.003049185839596369,11.0,0.5454166666666667,4250.0,0.0004737975592246949,3.928571428571428e-05
5966.352500949715,103.20316389543858,55.78671548702088,-9668.060840354636,0.0029757842373865006,12.0,0.5454166666666667,4250.0,0.0005168700646087581,4.2857142857142856e-05
6338.983003455244,95.3558897959344,51.471473249852686,-10062.493754415336,0.0028919806448079594,13.0,0.5454166666666667,4200.0,0.0005552763819095477,4.642857142857142e-05
6701.780412845761,88.69106222293426,47.97631559027863,-10441.966331140175,0.0028253729322065212,14.0,0.5454166666666667,4200.0,0.0005979899497487438,5e-05
7056.0855030390385,82.86918875198782,44.83043967552081,-10810.874526867163,0.0027612719303967232,15.0,0.5454166666666667,4200.0,0.0006407035175879397,5.357142857142857e-05
7402.6227933736245,77.73152500574135,42.07163641542353,-11168.436707525303,0.0026995477781871576,16.0,0.5454166666666667,4200.0,0.0006834170854271356,5.7142857142857135e-05
7740.968079466358,73.23934427584587,39.673603392842125,-11510.703610981494,0.0026407556757527544,17.0,0.5454166666666667,4200.0,0.0007200287150035894,6.0714285714285715e-05
8072.717261555128,69.183403854731,37.45546802396764,-11849.824008264244,0.0025835089331778323,18.0,0.5454166666666667,4200.0,0.0007623833452979181,6.428571428571429e-05
8398.587201100549,65.49329185286639,35.36961724858588,-12179.80978364552,0.002528030038712111,19.0,0.5454166666666667,4200.0,0.000804737975592247,6.785714285714286e-05
8713.454348458486,62.33277030570625,33.75360871818024,-12492.93438344042,0.002476000054701701,20.0,0.5454166666666667,4200.0,0.0008470926058865757,7.142857142857143e-05
9024.181825900361,59.40446033228898,32.19850915224568,-12802.414237379024,0.002425084305346291,21.0,0.5454166666666667,4200.0,0.0008819095477386934,7.500000000000001e-05
9328.33850680621,56.69440564997318,30.705656302013065,-13100.660404414273,0.002375850249751836,22.0,0.5454166666666667,4200.0,0.0009239052404881549,7.857142857142857e-05
9628.359364252372,54.21894384994453,29.334074733136422,-13398.330931160694,0.0023279822005236183,23.0,0.5454166666666667,4200.0,0.0009659009332376165,8.214285714285711e-05
9918.959139563456,52.02488983217186,28.215095681594743,-13679.021941469931,0.002282647312762462,24.0,0.5454166666666667,4200.0,0.0010078966259870782,8.571428571428571e-05
10204.6475098736,49.956168918402774,27.096164232185487,-13951.060385906938,0.0022309233723534386,25.0,0.5454166666666667,4150.0,0.0010498923187365397,8.928571428571429e-05
10487.657339338271,47.984476757597456,25.98384993589257,-14222.094080349198,0.002188025817907844,26.0,0.5454166666666667,4150.0,0.0010825556353194542,9.285714285714285e-05
10762.650412288629,46.26059112944449,25.08568389249681,-14481.594293434515,0.0021470792551364763,27.0,0.5454166666666667,4150.0,0.0011241923905240486,9.642857142857143e-05
11032.824742085028,44.61860065815111,24.198340622993467,-14739.592675790846,0.0021073547581302206,28.0,0.5454166666666667,4150.0,0.001165829145728643,0.0001
11298.949028491226,43.079423272325386,23.346477417550005,-14986.650428786495,0.0020687629669896212,29.0,0.5454166666666667,4150.0,0.0012074659009332375,0.00010357142857142858
11558.983678318778,41.66177409585162,22.607384973271397,-15222.326210661406,0.0020317863015898116,30.0,0.5454166666666667,4150.0,0.0012491026561378318,0.00010714285714285714
0.0,0.0,0.0,-2.628212131370674,0.0038075049797774195,0.0,0.5858333333333333,4300.0,0.0,
803.9950944053282,261.41676619259766,179.33004659891182,-2147.5900372119213,0.003689675905998085,1.0,0.5858333333333333,4300.0,4.594400574300071e-05,3.571428571428571e-06
1390.0392642156744,310.5918989861317,200.4666935029764,-3466.9566865950037,0.0035837553530022014,2.0,0.5858333333333333,4300.0,9.045226130653265e-05,7.142857142857142e-06
1894.7190867979,295.0966665403734,177.84592955351766,-4414.805836870219,0.0034850558805010505,3.0,0.5858333333333333,4300.0,0.00013460157932519741,1.0714285714285714e-05
2358.666702939721,258.4050725593002,144.64901916445254,-5166.528187693948,0.003392184717157796,4.0,0.5858333333333333,4300.0,0.00017803302225412776,1.4285714285714284e-05
2797.6362396042978,217.4486591626473,117.39109777018791,-5804.078962352243,0.00330428186282822,5.0,0.5858333333333333,4300.0,0.00022074659009332378,1.785714285714286e-05
3218.7941803482913,183.1823290336559,98.69112540333622,-6369.212379857068,0.0032028845520246808,6.0,0.5858333333333333,4250.0,0.0002627422828427853,2.1428571428571428e-05
3625.572919592607,158.1410025363713,85.25138337407718,-6884.1635632329635,0.003124620703940377,7.0,0.5858333333333333,4250.0,0.0003065326633165829,2.5e-05
4020.9090461860883,139.040089510124,74.9633680356878,-7365.646681769635,0.0030496284921629918,8.0,0.5858333333333333,4250.0,0.0003474515434314429,2.8571428571428567e-05
4405.10490525467,124.08709826690114,66.95533463519398,-7819.911358056168,0.0029781787900575248,9.0,0.5858333333333333,4250.0,0.00039088298636037326,3.2142857142857144e-05
4779.371955150291,112.01604707322092,60.470580923272514,-8253.661140902957,0.0029096856973584878,10.0,0.5858333333333333,4250.0,0.0004307250538406318,3.571428571428572e-05
5144.96535553111,102.03493064036944,55.072066503447864,-8670.615247510053,0.00284391366671163,11.0,0.5858333333333333,4250.0,0.0004737975592246949,3.928571428571428e-05
5501.758099159457,93.71304884761986,50.62730641611463,-9071.387173888506,0.0027810268842700697,12.0,0.5858333333333333,4250.0,0.0005168700646087581,4.2857142857142856e-05
5851.085337045922,86.57966728589669,46.71091065090736,-9460.744886589018,0.002720286255754339,13.0,0.5858333333333333,4250.0,0.0005552763819095477,4.642857142857142e-05
6191.717773975807,80.5157056893546,43.538319283128814,-9836.288861378991,0.0026622996891871205,14.0,0.5858333333333333,4250.0,0.0005979899497487438,5e-05
6524.876367528052,75.22178064148538,40.67820744885205,-10202.421898980043,0.0025946969793121622,15.0,0.5858333333333333,4200.0,0.0006407035175879397,5.357142857142857e-05
6851.200384496439,70.55428497769024,38.17577671741885,-10558.718460478718,0.002541202556126673,16.0,0.5858333333333333,4200.0,0.0006834170854271356,5.7142857142857135e-05
7170.216052095075,66.47035086494705,35.99876261925464,-10900.611318104478,0.0024901096004249427,17.0,0.5858333333333333,4200.0,0.0007200287150035894,6.0714285714285715e-05
7483.451133487767,62.78838612320871,33.983885721660855,-11239.873602213069,0.0024402260335914315,18.0,0.5858333333333333,4200.0,0.0007623833452979181,6.428571428571429e-05
7791.528342357378,59.43705150351253,32.09307137775993,-11571.098288918889,0.002391756514820758,19.0,0.5858333333333333,4200.0,0.000804737975592247,6.785714285714286e-05
8089.521531698176,56.56377848776512,30.62638268779772,-11886.006070358912,0.0023461801330028485,20.0,0.5858333333333333,4200.0,0.0008470926058865757,7.142857142857143e-05
8383.955508941239,53.90001996122697,29.214479184627464,-12197.740012893497,0.002301472787370428,21.0,0.5858333333333333,4200.0,0.0008819095477386934,7.500000000000001e-05
8672.490972287382,51.441246420372636,27.858695058232005,-12499.324789517086,0.002258135078846176,22.0,0.5858333333333333,4200.0,0.0009239052404881549,7.857142857142857e-05
8957.425169273612,49.19368420615377,26.612128893769505,-12800.135896038308,0.0022159035534649995,23.0,0.5858333333333333,4200.0,0.0009659009332376165,8.214285714285711e-05
9233.649656179408,47.19992368157756,25.598547036053922,-13085.14173460591,0.0021758112267458367,24.0,0.5858333333333333,4200.0,0.0010078966259870782,8.571428571428571e-05
9505.497388006781,45.31977093548504,24.580046032153824,-13361.505104061485,0.002136773495417216,25.0,0.5858333333333333,4200.0,0.0010498923187365397,8.928571428571429e-05
9775.059820760436,43.53442731519712,23.57207805203381,-13637.37302134648,0.002098368272000038,26.0,0.5858333333333333,4200.0,0.0010825556353194542,9.285714285714285e-05
10037.23755273144,41.965445460058106,22.757535892575333,-13901.84096875749,0.002061674992235098,27.0,0.5858333333333333,4200.0,0.0011241923905240486,9.642857142857143e-05
10295.039293059592,40.47691519206715,21.95251626507817,-14165.306076065273,0.0020190550193115685,28.0,0.5858333333333333,4150.0,0.001165829145728643,0.0001
10549.185367716771,39.07464650557064,21.179622343078666,-14418.040344232795,0.001984584984022704,29.0,0.5858333333333333,4150.0,0.0012074659009332375,0.00010357142857142858
10797.720338947436,37.78929512189687,20.508534160364167,-14660.336709284391,0.0019514855084385762,30.0,0.5858333333333333,4150.0,0.0012491026561378318,0.00010714285714285714
0.0,0.0,0.0,-2.628212131370674,0.003420125779937456,0.0,0.62625,4300.0,0.0,
723.3357899813378,234.87431648972566,161.09500971682465,-1936.4065204145445,0.0033251679434333488,1.0,0.62625,4300.0,4.594400574300071e-05,3.571428571428571e-06
1252.74873410428,279.2523659140217,180.19481633310338,-3136.1807851131744,0.0032394097048961718,2.0,0.62625,4300.0,9.045226130653265e-05,7.142857142857142e-06
1710.5344141236073,265.53866704118286,159.96934343164074,-4006.419004392141,0.0031591481446532127,3.0,0.62625,4300.0,0.00013460157932519741,1.0714285714285714e-05
2132.8703332745467,232.68804569088,130.1651645024256,-4703.2618880303635,0.0030833095129224443,4.0,0.62625,4300.0,0.00017803302225412776,1.4285714285714284e-05
2533.7082479587343,195.89355232860964,105.598368614482,-5299.574547972952,0.003011237556896371,5.0,0.62625,4300.0,0.00022074659009332378,1.785714285714286e-05
2919.3359062675067,164.96226872382155,88.75840592715598,-5832.127243716459,0.0029257820946788217,6.0,0.62625,4250.0,0.0002627422828427853,2.1428571428571428e-05
3292.7247457588483,142.3619786637436,76.65821483281579,-6321.074715433999,0.00286113656798712,7.0,0.62625,4250.0,0.0003065326633165829,2.5e-05
3656.4505391775538,125.13411071488453,67.39715622266672,-6781.0161315636215,0.002798968880363864,8.0,0.62625,4250.0,0.0003474515434314429,2.8571428571428567e-05
4010.677350949119,111.6525690030414,60.19342860776722,-7217.271550156867,0.0027395271423740425,9.0,0.62625,4250.0,0.00039088298636037326,3.2142857142857144e-05
4356.4531306752115,100.76962567688719,54.35749991252169,-7635.771510970873,0.0026823501619336705,10.0,0.62625,4250.0,0.0004307250538406318,3.571428571428572e-05
4694.860424892669,91.77473075262724,49.5024559919108,-8039.744383779871,0.0026272610347282295,11.0,0.62625,4250.0,0.0004737975592246949,3.928571428571428e-05
5025.709503782564,84.27450005608155,45.50557384422479,-8429.53393479663,0.0025744165162149735,12.0,0.62625,4250.0,0.0005168700646087581,4.2857142857142856e-05
5350.194866396665,77.8516637213732,41.98506407915088,-8809.501317956143,0.0025232166030894924,13.0,0.62625,4250.0,0.0005552763819095477,4.642857142857142e-05
5667.11391765863,72.38777189690715,39.133810800650025,-9177.173146648616,0.0024741836218430875,14.0,0.62625,4250.0,0.0005979899497487438,5e-05
5977.570611853099,67.62057849308272,36.55964317564659,-9536.573998987871,0.0024267347956085108,15.0,0.62625,4250.0,0.0006407035175879397,5.357142857142857e-05
6282.117163457716,63.42140360527398,34.309318979245894,-9887.26536629533,0.002380774374028312,16.0,0.62625,4250.0,0.0006834170854271356,5.7142857142857135e-05
6580.249535974287,59.7448152343807,32.35188578568781,-10224.825208487877,0.0023367637995225874,17.0,0.62625,4250.0,0.0007200287150035894,6.0714285714285715e-05
6873.407751654208,56.43469822050085,30.539171412070647,-10560.470885163653,0.002283696703516294,18.0,0.62625,4200.0,0.0007623833452979181,6.428571428571429e-05
7162.133345330136,53.420423698768644,28.84157565774625,-10889.271053301985,0.0022421484241110993,19.0,0.62625,4200.0,0.000804737975592247,6.785714285714286e-05
7441.7283182297615,50.83355869249618,27.52316148523359,-11202.521728782565,0.0022029738090942,20.0,0.62625,4200.0,0.0008470926058865757,7.142857142857143e-05
7718.340887535418,48.43482677410437,26.253541516289616,-11513.157779204048,0.0021644511706000883,21.0,0.62625,4200.0,0.0008819095477386934,7.500000000000001e-05
7989.74368571258,46.22463665985286,25.03401966585549,-11814.836515585004,0.002127013136542644,22.0,0.62625,4200.0,0.0009239052404881549,7.857142857142857e-05
8258.083366080728,44.20369388906577,23.911924796432437,-12115.663822550574,0.002090443824501216,23.0,0.62625,4200.0,0.0009659009332376165,8.214285714285711e-05
8518.462964037142,42.40945420083008,23.002612710147808,-12401.987484428442,0.002055641252923328,24.0,0.62625,4200.0,0.0010078966259870782,8.571428571428571e-05
8775.01245808556,40.71721114467575,22.084406980215814,-12680.010887576856,0.0020216788242389057,25.0,0.62625,4200.0,0.0010498923187365397,8.928571428571429e-05
9029.674640350064,39.11614646828097,21.17973176269958,-12958.143673083723,0.001988189532474443,26.0,0.62625,4200.0,0.0010825556353194542,9.285714285714285e-05
9277.618160077893,37.702001967578944,20.448102544409565,-13225.176474440363,0.001956119762109351,27.0,0.62625,4200.0,0.0011241923905240486,9.642857142857143e-05
9521.645658817595,36.36558592972285,19.724767912465673,-13491.538378187885,0.0019248510998542444,28.0,0.62625,4200.0,0.001165829145728643,0.0001
9762.435609775222,35.10142282548956,19.030235675311783,-13747.38376784978,0.0018943931422388991,29.0,0.62625,4200.0,0.0012074659009332375,0.00010357142857142858
9998.112199650073,33.946299155679526,18.426718622962717,-13993.822239814559,0.0018650477315645022,30.0,0.62625,4200.0,0.0012491026561378318,0.00010714285714285714
0.0,0.0,0.0,-2.628212131370674,0.003036362102084642,0.0,0.6666666666666666,4300.0,0.0,
643.1627965306079,208.55878507637482,143.02248554050664,-1725.5972495534952,0.002961610025542491,1.0,0.6666666666666666,4300.0,4.594400574300071e-05,3.571428571428571e-06
1115.8033008739906,248.1305281675855,160.07305301355316,-2803.681722842419,0.002893792313618774,2.0,0.6666666666666666,4300.0,9.045226130653265e-05,7.142857142857142e-06
1526.1638352402992,236.13101484557714,142.2016932846186,-3593.0223984837285,0.002830048616716564,3.0,0.6666666666666666,4300.0,0.00013460157932519741,1.0714285714285714e-05
1906.0935515994797,207.06267330598405,115.75448385750853,-4231.027765932471,0.002769569010935686,4.0,0.6666666666666666,4300.0,0.00017803302225412776,1.4285714285714284e-05
2267.8048521001388,174.39880402596307,93.8756509708714,-4781.73692829955,0.002711863564985922,5.0,0.6666666666666666,4300.0,0.00022074659009332378,1.785714285714286e-05
2616.7563319176033,146.80555249568738,78.88700917797284,-5277.350838086182,0.002656698538212834,6.0,0.6666666666666666,4300.0,0.0002627422828427853,2.1428571428571428e-05
2955.487507037846,126.64815761447795,68.12257876895441,-5735.273409828413,0.0026038747606831956,7.0,0.6666666666666666,4300.0,0.0003065326633165829,2.5e-05
3286.2319736432164,111.28796043122904,59.88234208254193,-6168.79455661137,0.002538714235380032,8.0,0.6666666666666666,4250.0,0.0003474515434314429,2.8571428571428567e-05
3609.0404463509553,99.27576750059822,53.4783415098501,-6582.141111641686,0.0024904269612715454,9.0,0.6666666666666666,4250.0,0.00039088298636037326,3.2142857142857144e-05
3924.8043687679015,89.57983201675515,48.28820471611809,-6980.484875005917,0.0024438205865321204,10.0,0.6666666666666666,4250.0,0.0004307250538406318,3.571428571428572e-05
4234.457148756737,81.56946014445903,43.97344748894781,-7366.591837417473,0.002398765225339016,11.0,0.6666666666666666,4250.0,0.0004737975592246949,3.928571428571428e-05
4537.752786406561,74.89545504562172,40.42541459679117,-7740.571165016008,0.002355403739040648,12.0,0.6666666666666666,4250.0,0.0005168700646087581,4.2857142857142856e-05
4835.751818730399,69.1750030274756,37.29431062294609,-8106.369234641243,0.0023132594650871,13.0,0.6666666666666666,4250.0,0.0005552763819095477,4.642857142857142e-05
5127.29215428304,64.31263629322304,34.7619615611158,-8461.490259248938,0.002272770084260647,14.0,0.6666666666666666,4250.0,0.0005979899497487438,5e-05
5413.360679494469,60.073816627599136,32.47433856413785,-8809.619732474828,0.00223347091143995,15.0,0.6666666666666666,4250.0,0.0006407035175879397,5.357142857142857e-05
5694.428402234363,56.33547945212926,30.472539543390983,-9150.301801434485,0.0021952915100869365,16.0,0.6666666666666666,4250.0,0.0006834170854271356,5.7142857142857135e-05
5969.979318276859,53.065007150373035,28.733222008470058,-9479.498067259134,0.002158626233305577,17.0,0.6666666666666666,4250.0,0.0007200287150035894,6.0714285714285715e-05
6241.346016283387,50.12436273507248,27.122298515796665,-9807.034829389646,0.0021226577525334405,18.0,0.6666666666666666,4250.0,0.0007623833452979181,6.428571428571429e-05
6508.997005718578,47.445315843197065,25.615335727611036,-10128.879805060751,0.002087510123778402,19.0,0.6666666666666666,4250.0,0.000804737975592247,6.785714285714286e-05
6768.509695360591,45.143902657419844,24.444132756691193,-10436.338698532985,0.0020452121185566556,20.0,0.6666666666666666,4200.0,0.0008470926058865757,7.142857142857143e-05
7025.600857713594,43.01429501657799,23.315868212682016,-10741.922075999719,0.002012783537276258,21.0,0.6666666666666666,4200.0,0.0008819095477386934,7.500000000000001e-05
7278.181541433796,41.04617775998349,22.23179035907899,-11039.82393535036,0.001981185056587234,22.0,0.6666666666666666,4200.0,0.0009239052404881549,7.857142857142857e-05
7528.233325600578,39.25049668604255,21.233606159104582,-11336.911428215724,0.0019502436320218066,23.0,0.6666666666666666,4200.0,0.0009659009332376165,8.214285714285711e-05
7771.123402578344,37.654928950936416,20.42742684957042,-11620.930971947433,0.0019207214604067607,24.0,0.6666666666666666,4200.0,0.0010078966259870782,8.571428571428571e-05
8010.727289215678,36.15056108387344,19.609367155934464,-11897.155381167497,0.0018918454436623196,25.0,0.6666666666666666,4200.0,0.0010498923187365397,8.928571428571429e-05
8248.845221949652,34.73097254091076,18.806927770723966,-12174.119391871835,0.001863303536373264,26.0,0.6666666666666666,4200.0,0.0010825556353194542,9.285714285714285e-05
8480.935113654727,33.471522876999735,18.157492343879753,-12440.474291706108,0.0018359057943649804,27.0,0.6666666666666666,4200.0,0.0011241923905240486,9.642857142857143e-05
8709.596274673539,32.28583646798768,17.515193775766576,-12706.632251844829,0.0018091335303828035,28.0,0.6666666666666666,4200.0,0.001165829145728643,0.0001
8935.44291375573,31.16428501536035,16.89840828763429,-12962.75895047241,0.0017829996741692514,29.0,0.6666666666666666,4200.0,0.0012074659009332375,0.00010357142857142858
9156.705848598049,30.133898546142333,16.362025273564193,-13210.587717764829,0.001757759433275565,30.0,0.6666666666666666,4200.0,0.0012491026561378318,0.00010714285714285714
0.0,0.0,0.0,-2.628212131370674,0.0026561393450796784,0.0,0.7070833333333333,4300.0,0.0,
563.4723422114586,182.47130187300002,125.11049069921769,-1515.1686931704462,0.002599007239158108,1.0,0.7070833333333333,4300.0,4.594400574300071e-05,3.571428571428571e-06
979.2030508682776,217.22795136007127,140.10227468760087,-2469.5057721111007,0.002546943795571835,2.0,0.7070833333333333,4300.0,9.045226130653265e-05,7.142857142857142e-06
1341.613480892565,206.87793019287383,124.54042583995859,-3174.6820599558996,0.0024978015367710313,3.0,0.7070833333333333,4300.0,0.00013460157932519741,1.0714285714285714e-05
1678.3394563103784,181.5329129406479,101.41930568951625,-3749.871042530671,0.002450986274214481,4.0,0.7070833333333333,4300.0,0.00017803302225412776,1.4285714285714284e-05
1999.9195742863901,152.9632505955286,82.22345849041811,-4250.540620553489,0.002406142264063367,5.0,0.7070833333333333,4300.0,0.00022074659009332378,1.785714285714286e-05
2311.0238515430688,128.71231817661703,69.07818761832587,-4704.488418870402,0.0023631083170792913,6.0,0.7070833333333333,4300.0,0.0002627422828427853,2.1428571428571428e-05
2613.7920183311358,110.99755069310038,59.64533357069042,-5126.720216032176,0.002321747254225432,7.0,0.7070833333333333,4300.0,0.0003065326633165829,2.5e-05
2910.1334332561255,97.51172269492528,52.4216383822963,-5528.524775083788,0.0022816983254798874,8.0,0.7070833333333333,4300.0,0.0003474515434314429,2.8571428571428567e-05
3200.0093864354103,86.96337400493553,46.81094028735319,-5913.677652161052,0.002230585540723801,9.0,0.7070833333333333,4250.0,0.00039088298636037326,3.2142857142857144e-05
3484.168685990122,78.45578137862097,42.266403986918824,-6286.626902068463,0.0021937164927467276,10.0,0.7070833333333333,4250.0,0.0004307250538406318,3.571428571428572e-05
3763.3951315130885,71.42604474594079,38.485676925182254,-6649.602152957268,0.0021579545562085377,11.0,0.7070833333333333,4250.0,0.0004737975592246949,3.928571428571428e-05
4037.426419206222,65.57197980083814,35.38274576026531,-7002.520456408616,0.002123423604383622,12.0,0.7070833333333333,4250.0,0.0005168700646087581,4.2857142857142856e-05
4307.174096700615,60.55283824519167,32.6390056549392,-7348.90168168924,0.0020897555041678923,13.0,0.7070833333333333,4250.0,0.0005552763819095477,4.642857142857142e-05
4571.543216959827,56.293499167738254,30.423091959274394,-7686.291441051013,0.0020573052354445425,14.0,0.7070833333333333,4250.0,0.0005979899497487438,5e-05
4831.397935789682,52.577931149281255,28.420132474379926,-8018.009209279706,0.002025713028331506,15.0,0.7070833333333333,4250.0,0.0006407035175879397,5.357142857142857e-05
5087.1365685872115,49.299007055142056,26.665691143837417,-8343.602728062993,0.001994928228464457,16.0,0.7070833333333333,4250.0,0.0006834170854271356,5.7142857142857135e-05
5338.243195501329,46.437201142914695,25.142998107483123,-8659.423912965234,0.001965277637231577,17.0,0.7070833333333333,4250.0,0.0007200287150035894,6.0714285714285715e-05
5585.937076400643,43.85937052240087,23.735169329448702,-8974.125034665507,0.0019361069835703091,18.0,0.7070833333333333,4250.0,0.0007623833452979181,6.428571428571429e-05
5830.61124889371,41.513603299682885,22.414537627895907,-9284.161105968495,0.0019075212368292115,19.0,0.7070833333333333,4250.0,0.000804737975592247,6.785714285714286e-05
6068.1695759701215,39.49656805255326,21.389465695111593,-9581.48828117206,0.0018804186020880654,20.0,0.7070833333333333,4250.0,0.0008470926058865757,7.142857142857143e-05
6303.850132737971,37.63391267859169,20.40161368721525,-9877.197155109592,0.0018536500106181696,21.0,0.7070833333333333,4250.0,0.0008819095477386934,7.500000000000001e-05
6535.718930329075,35.907435753042954,19.452150193055388,-10166.564274770695,0.0018274730699588274,22.0,0.7070833333333333,4250.0,0.0009239052404881549,7.857142857142857e-05
6765.586595810026,34.33558167585322,18.5772999289141,-10455.260122108353,0.0018018087087963964,23.0,0.7070833333333333,4250.0,0.0009659009332376165,8.214285714285711e-05
6989.1210856120615,32.93776009423906,17.873108223580477,-10732.491288084086,0.001769484106426793,24.0,0.7070833333333333,4200.0,0.0010078966259870782,8.571428571428571e-05
7209.920462880346,31.62438009936127,17.155031122614737,-11002.717923150645,0.0017456385646213398,25.0,0.7070833333333333,4200.0,0.0010498923187365397,8.928571428571429e-05
7429.622460111748,30.380211416090756,16.453768136772077,-11274.317742285944,0.0017220101659703453,26.0,0.7070833333333333,4200.0,0.0010825556353194542,9.285714285714285e-05
7644.02058479867,29.275235807317763,15.885799935384181,-11535.991903648239,0.0016992723003764762,27.0,0.7070833333333333,4200.0,0.0011241923905240486,9.642857142857143e-05
7855.487891806341,28.238857963603916,15.323879016091464,-11797.964999530937,0.0016770024940277906,28.0,0.7070833333333333,4200.0,0.001165829145728643,0.0001
8064.576764906583,27.25856608056828,14.784218603558028,-12050.590019379648,0.0016552145739820963,29.0,0.7070833333333333,4200.0,0.0012074659009332375,0.00010357142857142858
8269.638420460391,26.35317195536903,14.314528841493871,-12296.096733921288,0.0016341189252473218,30.0,0.7070833333333333,4200.0,0.0012491026561378318,0.00010714285714285714
0.0,0.0,0.0,-2.628212131370674,0.0022793853416703484,0.0,0.7474999999999999,4300.0,0.0,
484.2566447511979,156.60506184160022,107.35882749536161,-1305.1269971154688,0.0022373642838530894,1.0,0.7474999999999999,4300.0,4.594400574300071e-05,3.571428571428571e-06
842.948961364431,186.54617941670077,120.28414542352488,-2133.698825281157,0.002198904100951118,2.0,0.7474999999999999,4300.0,9.045226130653265e-05,7.142857142857142e-06
1156.889863112115,177.78373154835072,106.98861545064132,-2751.4648560261703,0.0021624516156817314,3.0,0.7474999999999999,4300.0,0.00013460157932519741,1.0714285714285714e-05
1449.61431235687,156.10915666386933,87.16399265272358,-3259.8401616454285,0.0021275864718354586,4.0,0.7474999999999999,4300.0,0.00017803302225412776,1.4285714285714284e-05
1730.047607605543,131.59373673538587,70.64134114930735,-3705.9664282803133,0.002094059533550184,5.0,0.7474999999999999,4300.0,0.00022074659009332378,1.785714285714286e-05
2002.1107762648112,110.69056488100053,59.3331970408198,-4113.388851047384,0.002061764121955719,6.0,0.7474999999999999,4300.0,0.0002627422828427853,2.1428571428571428e-05
2267.572561095385,95.42168390034092,51.22515507967436,-4494.8050085704235,0.00203060953491417,7.0,0.7474999999999999,4300.0,0.0003065326633165829,2.5e-05
2528.0363258274706,83.80197159379927,45.01479686642547,-4859.795202506808,0.0020003348925050433,8.0,0.7474999999999999,4300.0,0.0003474515434314429,2.8571428571428567e-05
2783.4006973538367,74.7201296456392,40.194763063556145,-5211.302829547785,0.001971086257836897,9.0,0.7474999999999999,4300.0,0.00039088298636037326,3.2142857142857144e-05
3034.2782594047876,67.39560050899358,36.28981081545149,-5553.0807866409305,0.00194268029217337,10.0,0.7474999999999999,4300.0,0.0004307250538406318,3.571428571428572e-05
3281.32186698127,61.34608633134697,33.03970470224176,-5887.197811063568,0.0019043498188281267,11.0,0.7474999999999999,4250.0,0.0004737975592246949,3.928571428571428e-05
3524.2541456657623,56.30749057891077,30.377833134138758,-6213.358960519632,0.001877897522187803,12.0,0.7474999999999999,4250.0,0.0005168700646087581,4.2857142857142856e-05
3763.861092072938,51.99088379474769,28.0202441560795,-6534.582593925174,0.0018520239645456711,13.0,0.7474999999999999,4250.0,0.0005552763819095477,4.642857142857142e-05
3999.127588784695,48.32895248657893,26.11749565229067,-6848.521117756529,0.0018270052868760195,14.0,0.7474999999999999,4250.0,0.0005979899497487438,5e-05
4230.7923332147575,45.13483319042422,24.39728269215773,-7158.108133273068,0.0018025733568276686,15.0,0.7474999999999999,4250.0,0.0006407035175879397,5.357142857142857e-05
4459.187017158156,42.3173182608012,22.88912444237075,-7462.907341036102,0.0017786930186268373,16.0,0.7474999999999999,4250.0,0.0006834170854271356,5.7142857142857135e-05
4683.815443664319,39.85888001951168,21.581417951481253,-7759.686248784499,0.001755623924054516,17.0,0.7474999999999999,4250.0,0.0007200287150035894,6.0714285714285715e-05
4905.763400341162,37.64167055111055,20.374584007778846,-8055.914149665361,0.0017328620394873415,18.0,0.7474999999999999,4250.0,0.0007623833452979181,6.428571428571429e-05
5125.360926320994,35.627119798483925,19.239347296502828,-8348.542833863205,0.0017104919446367076,19.0,0.7474999999999999,4250.0,0.000804737975592247,6.785714285714286e-05
5338.88403717572,33.893269483187815,18.35931058794177,-8630.261453639469,0.0016892200962195364,20.0,0.7474999999999999,4250.0,0.0008470926058865757,7.142857142857143e-05
5551.046265947052,32.295320744971846,17.5109142959781,-8910.86518461071,0.001668153774429694,21.0,0.7474999999999999,4250.0,0.0008819095477386934,7.500000000000001e-05
5760.084462288881,30.811962075937018,16.69522467599295,-9186.492422853327,0.0016474951900131531,22.0,0.7474999999999999,4250.0,0.0009239052404881549,7.857142857142857e-05
5967.630912470637,29.46039558760242,15.943115958395005,-9461.671222473822,0.0016271878831932234,23.0,0.7474999999999999,4250.0,0.0009659009332376165,8.214285714285711e-05
6169.708196727967,28.259317142213103,15.339759928538244,-9726.709796995783,0.001607698703022651,24.0,0.7474999999999999,4250.0,0.0010078966259870782,8.571428571428571e-05
6369.592020004883,27.134612878634204,14.721813089448734,-9986.011296398588,0.0015885466677294613,25.0,0.7474999999999999,4250.0,0.0010498923187365397,8.928571428571429e-05
6568.748046830373,26.065129766317668,14.120340025182287,-10246.822847363983,0.0015695240534002728,26.0,0.7474999999999999,4250.0,0.0010825556353194542,9.285714285714285e-05
6763.351193902063,25.11478417180171,13.633105882145854,-10498.942299523682,0.001551172981069054,27.0,0.7474999999999999,4250.0,0.0011241923905240486,9.642857142857143e-05
6955.529879734281,24.22580294884096,13.150895536554918,-10751.635574238346,0.0015331592078700563,28.0,0.7474999999999999,4250.0,0.001165829145728643,0.0001
7145.769932424826,23.385386557955044,12.68773240756401,-10995.98498353736,0.0015089142820797197,29.0,0.7474999999999999,4200.0,0.0012074659009332375,0.00010357142857142858
7332.559881647296,22.60576268200698,12.284291690814618,-11234.522542332968,0.0014919339370413837,30.0,0.7474999999999999,4200.0,0.0012491026561378318,0.00010714285714285714
0.0,0.0,0.0,-2.628212131370674,0.0019060302455586183,0.0,0.7879166666666666,4300.0,0.0,
405.5104254602779,130.96072216056046,89.76277359660668,-1095.4779239436612,0.0018766855075949987,1.0,0.7879166666666666,4300.0,4.594400574300071e-05,3.571428571428571e-06
707.041309788771,156.08403166218005,100.6188302784302,-1796.3058017588191,0.0018497127149472445,2.0,0.7879166666666666,4300.0,9.045226130653265e-05,7.142857142857142e-06
972.0018146113359,148.85441165446858,89.54983825140012,-2323.438061513938,0.0018240441740608744,3.0,0.7879166666666666,4300.0,0.00013460157932519741,1.0714285714285714e-05
1219.926384723795,130.79251866026482,72.9869633926741,-2760.986645595258,0.001799396944574848,4.0,0.7879166666666666,4300.0,0.00017803302225412776,1.4285714285714284e-05
1458.1856023266705,110.29878742448525,59.13086466805358,-3148.001817785793,0.0017756049113520037,5.0,0.7879166666666666,4300.0,0.00022074659009332378,1.785714285714286e-05
1689.991489401606,92.740878391424,49.655054595799385,-3503.9219730405093,0.001752601191450478,6.0,0.7879166666666666,4300.0,0.0002627422828427853,2.1428571428571428e-05
1916.7677320048333,79.91759415429881,42.863418842702494,-3839.2221887350534,0.0017303289640531877,7.0,0.7879166666666666,4300.0,0.0003065326633165829,2.5e-05
2139.828530405145,70.16536321704582,37.663510348703305,-4161.82930503157,0.001708608654174894,8.0,0.7879166666666666,4300.0,0.0003474515434314429,2.8571428571428567e-05
2359.0327414054486,62.5456368133658,33.62914249283583,-4474.036817543696,0.0016875503108747456,9.0,0.7879166666666666,4300.0,0.00039088298636037326,3.2142857142857144e-05
2574.8727899711644,56.40209384756362,30.35960777030905,-4778.864881497779,0.0016670285795530523,10.0,0.7879166666666666,4300.0,0.0004307250538406318,3.571428571428572e-05
2787.873123035009,51.33025319078271,27.637775282625338,-5078.056641345203,0.001646986812609976,11.0,0.7879166666666666,4300.0,0.0004737975592246949,3.928571428571428e-05
2997.764446302282,47.10538700880881,25.411027756136225,-5371.222698698621,0.0016275028433210548,12.0,0.7879166666666666,4300.0,0.0005168700646087581,4.2857142857142856e-05
3205.201751612859,43.490609002434034,23.439018307124243,-5660.883418335063,0.001608396641917635,13.0,0.7879166666666666,4300.0,0.0005552763819095477,4.642857142857142e-05
3409.2797311636314,40.421866264657446,21.84543871178345,-5945.026562771418,0.0015810584120262707,14.0,0.7879166666666666,4250.0,0.0005979899497487438,5e-05
3610.617137012399,37.74707225416647,20.406021311499074,-6226.139722585234,0.0015631259396697678,15.0,0.7879166666666666,4250.0,0.0006407035175879397,5.357142857142857e-05
3809.47575325255,35.38958421273958,19.145160646114405,-6503.765784384581,0.0015455443308562847,16.0,0.7879166666666666,4250.0,0.0006834170854271356,5.7142857142857135e-05
4005.3952412711037,33.33098346526411,18.048802494545374,-6775.112948859372,0.001528508602324573,17.0,0.7879166666666666,4250.0,0.0007200287150035894,6.0714285714285715e-05
4199.320672286152,31.47315980207223,17.040708524467995,-7046.467356069108,0.0015116500232209202,18.0,0.7879166666666666,4250.0,0.0007623833452979181,6.428571428571429e-05
4391.521032478491,29.787647924657872,16.089910192420916,-7315.275688452763,0.0014950328277437601,19.0,0.7879166666666666,4250.0,0.000804737975592247,6.785714285714286e-05
4578.698969001955,28.33615621933331,15.35379848522826,-7575.054935370448,0.0014791842129126406,20.0,0.7879166666666666,4250.0,0.0008470926058865757,7.142857142857143e-05
4764.987424290425,27.000111133541346,14.643888047133872,-7834.246662045349,0.0014634452619096362,21.0,0.7879166666666666,4250.0,0.0008819095477386934,7.500000000000001e-05
4948.822648302811,25.76018588115815,13.961121512471411,-8089.806080600727,0.0014479668199165996,22.0,0.7879166666666666,4250.0,0.0009239052404881549,7.857142857142857e-05
5131.638159227848,24.62724931391543,13.331972875175662,-8345.198872761655,0.0014327102497079009,23.0,0.7879166666666666,4250.0,0.0009659009332376165,8.214285714285711e-05
5309.87828862634,23.623255490771555,12.827469190521361,-8591.947606536429,0.0014180270039442903,24.0,0.7879166666666666,4250.0,0.0010078966259870782,8.571428571428571e-05
5486.446038048559,22.68255600342302,12.311504070657518,-8834.381262272895,0.0014035605048901892,25.0,0.7879166666666666,4250.0,0.0010498923187365397,8.928571428571429e-05
5662.627863624969,21.786948469624225,11.80671554439006,-9078.316224155911,0.001389153402744289,26.0,0.7879166666666666,4250.0,0.0010825556353194542,9.285714285714285e-05
5835.02203033927,20.993541714722678,11.39947652554138,-9315.19898535627,0.0013752173103689029,27.0,0.7879166666666666,4250.0,0.0011241923905240486,9.642857142857143e-05
6005.500113271873,20.24777935042207,10.996301857762159,-9552.50630935462,0.0013615030410529117,28.0,0.7879166666666666,4250.0,0.001165829145728643,0.0001
6174.475273351862,19.545824501500437,10.609002735961381,-9783.153653621746,0.0013480235623465225,29.0,0.7879166666666666,4250.0,0.0012074659009332375,0.00010357142857142858
6340.597863200789,18.89453246298549,10.271363716774557,-10008.819261240344,0.0013348954193370317,30.0,0.7879166666666666,4250.0,0.0012491026561378318,0.00010714285714285714
0.0,0.0,0.0,-2.628212131370674,0.0015360064287911958,0.0,0.8283333333333333,4300.0,0.0,
327.22847334107735,105.53575523221,72.32429006922754,-886.2269447178114,0.00151697489983367,1.0,0.8283333333333333,4300.0,4.594400574300071e-05,3.571428571428571e-06
571.4810333268828,125.84464050624639,81.1066243587713,-1457.3710009999486,0.001499408571787816,2.0,0.8283333333333333,4300.0,9.045226130653265e-05,7.142857142857142e-06
786.9559700274054,120.09325652809501,72.22472324351403,-1890.6694362404087,0.001482625100925336,3.0,0.8283333333333333,4300.0,0.00013460157932519741,1.0714285714285714e-05
989.2835441926404,105.58583064894331,58.8902449406738,-2253.3654447542212,0.001466447209010743,4.0,0.8283333333333333,4300.0,0.00017803302225412776,1.4285714285714284e-05
1184.3340541781513,89.07856147294743,47.69452134051339,-2576.641304425473,0.0014507717397654405,5.0,0.8283333333333333,4300.0,0.00022074659009332378,1.785714285714286e-05
1374.6450119939366,74.87097534915213,40.043003927345566,-2875.9680443858597,0.0014355597862966809,6.0,0.8283333333333333,4300.0,0.0002627422828427853,2.1428571428571428e-05
1561.3209010756618,64.49338135261767,34.56236019548639,-3159.6792754236667,0.001420778331908996,7.0,0.8283333333333333,4300.0,0.0003065326633165829,2.5e-05
1745.4031375340774,56.606652440182586,30.365362754189672,-3434.100563976841,0.0014063122643349748,8.0,0.8283333333333333,4300.0,0.0003474515434314429,2.8571428571428567e-05
1926.7330136356643,50.44514816717386,27.111605487508527,-3700.9468873972655,0.001392237904305711,9.0,0.8283333333333333,4300.0,0.00039088298636037326,3.2142857142857144e-05
2105.6919672327786,45.48015480737127,24.473933163272505,-3962.5570975794835,0.0013784754321420705,10.0,0.8283333333333333,4300.0,0.0004307250538406318,3.571428571428572e-05
2282.6889146196936,41.38223006196769,22.27808490251193,-4220.405417946837,0.0013649894381025166,11.0,0.8283333333333333,4300.0,0.0004737975592246949,3.928571428571428e-05
2457.476692368707,37.97106946068966,20.48264826861425,-4474.098116468798,0.001351835045649322,12.0,0.8283333333333333,4300.0,0.0005168700646087581,4.2857142857142856e-05
2630.5829806345123,35.052554429103196,18.893217234289622,-4725.562436465436,0.0013388940812068678,13.0,0.8283333333333333,4300.0,0.0005552763819095477,4.642857142857142e-05
2801.230146795766,32.57503591604275,17.6071589531335,-4972.999681103705,0.0013263007229745549,14.0,0.8283333333333333,4300.0,0.0005979899497487438,5e-05
2969.91816483117,30.416985948551044,16.446554198858667,-5218.5152310962585,0.0013139286026106049,15.0,0.8283333333333333,4300.0,0.0006407035175879397,5.357142857142857e-05
3136.8537111318333,28.516383884599595,15.430814154046523,-5461.75261388057,0.0013017632529144047,16.0,0.8283333333333333,4300.0,0.0006834170854271356,5.7142857142857135e-05
3301.6274129387084,26.855514074672456,14.546932987961572,-5700.384483283582,0.0012899296245865639,17.0,0.8283333333333333,4300.0,0.0007200287150035894,6.0714285714285715e-05
3465.025998416756,25.356867619325858,13.733687408601599,-5939.535031587322,0.0012711223777657262,18.0,0.8283333333333333,4250.0,0.0007623833452979181,6.428571428571429e-05
3627.262174597331,23.996909812757078,12.966351047171049,-6177.214799337977,0.001259662558404033,19.0,0.8283333333333333,4250.0,0.000804737975592247,6.785714285714286e-05
3785.5280281189057,22.828463171017262,12.373040987391553,-6407.788323938046,0.0012486995103540147,20.0,0.8283333333333333,4250.0,0.0008470926058865757,7.142857142857143e-05
3943.3131124472006,21.749818371666347,11.800634424062544,-6638.272185424918,0.0012377817606057278,21.0,0.8283333333333333,4250.0,0.0008819095477386934,7.500000000000001e-05
4099.280489750375,20.751171939540356,11.249930456779138,-6866.390726581194,0.0012270133677552092,22.0,0.8283333333333333,4250.0,0.0009239052404881549,7.857142857142857e-05
4254.649993373416,19.838100011646564,10.744081059927083,-7094.636860381666,0.001216369843375156,23.0,0.8283333333333333,4250.0,0.0009659009332376165,8.214285714285711e-05
4406.35271304172,19.02828775999556,10.336307265243788,-7315.858218090412,0.001206096773118496,24.0,0.8283333333333333,4250.0,0.0010078966259870782,8.571428571428571e-05
4556.875319232494,18.269453786214374,9.921175994349744,-7534.120514520197,0.0011959483781913444,25.0,0.8283333333333333,4250.0,0.0010498923187365397,8.928571428571429e-05
4707.301872432461,17.546836302333666,9.512951680010735,-7753.891273406771,0.001185814089557404,26.0,0.8283333333333333,4250.0,0.0010825556353194542,9.285714285714285e-05
4854.72077579933,16.90858871682582,9.184963931326662,-7968.257172117468,0.0011759836512835978,27.0,0.8283333333333333,4250.0,0.0011241923905240486,9.642857142857143e-05
5000.714841481629,16.30584479466659,8.860143075044522,-8182.994764465904,0.0011662845880582404,28.0,0.8283333333333333,4250.0,0.001165829145728643,0.0001
5145.626771018771,15.740909896846867,8.548069845412213,-8392.763297201229,0.001156727350738196,29.0,0.8283333333333333,4250.0,0.0012074659009332375,0.00010357142857142858
5288.289645488502,15.216658395661572,8.275782318425835,-8598.58523695734,0.0011473930212874924,30.0,0.8283333333333333,4250.0,0.0012491026561378318,0.00010714285714285714
0.0,0.0,0.0,-2.628212131370674,0.0011692483837877866,0.0,0.8687499999999999,4300.0,0.0,
249.40373568930985,80.32525142901292,55.03799633379497,-677.3793263814587,0.0011582361031298185,1.0,0.8687499999999999,4300.0,4.594400574300071e-05,3.571428571428571e-06
436.2693492486546,95.82924792595236,61.74801368936803,-1116.9382062973746,0.0011480300631815518,2.0,0.8687499999999999,4300.0,9.045226130653265e-05,7.142857142857142e-06
601.7609292300443,91.50469379167221,55.01516248498177,-1453.227439053866,0.0011382408126639878,3.0,0.8687499999999999,4300.0,0.00013460157932519741,1.0714285714285714e-05
757.6980301093155,80.4989998719425,44.875873061586745,-1737.03486564169,0.00112876901055401,4.0,0.8687499999999999,4300.0,0.00017803302225412776,1.4285714285714284e-05
908.4979611021624,67.93968967553585,36.33333896644968,-1991.8868568446924,0.0011195573053011173,5.0,0.8687499999999999,4300.0,0.00022074659009332378,1.785714285714286e-05
1056.0553889344917,57.08261718773219,30.497354243603738,-2229.419313182516,0.0011105854909294255,6.0,0.8687499999999999,4300.0,0.0002627422828427853,2.1428571428571428e-05
1201.1823515750666,49.15154738384594,26.320388737619062,-2455.899198620078,0.0011018364873041759,7.0,0.8687499999999999,4300.0,0.0003065326633165829,2.5e-05
1344.6592583812283,43.127007752267936,23.121136682701888,-2676.099090742333,0.0010932442533447418,8.0,0.8687499999999999,4300.0,0.0003474515434314429,2.8571428571428567e-05
1486.3339172203678,38.42397243941639,20.64283660579294,-2891.2260377629427,0.0010848556202412173,9.0,0.8687499999999999,4300.0,0.00039088298636037326,3.2142857142857144e-05
1626.4852348063569,34.6344548667056,18.633308488817256,-3102.988536799021,0.0010766251143801955,10.0,0.8687499999999999,4300.0,0.0004307250538406318,3.571428571428572e-05
1765.4151728916513,31.506924249813622,16.96021396176808,-3312.5705091642812,0.0010685328625683623,11.0,0.8687499999999999,4300.0,0.0004737975592246949,3.928571428571428e-05
1902.913688492892,28.905703989074567,15.592980102854012,-3519.6134924076177,0.0010606133553562927,12.0,0.8687499999999999,4300.0,0.0005168700646087581,4.2857142857142856e-05
2039.3827060776946,26.679737749528474,14.38308473166733,-3725.501171419928,0.001052797254749797,13.0,0.8687499999999999,4300.0,0.0005552763819095477,4.642857142857142e-05
2174.1964744464117,24.791058673765992,13.4028654446816,-3928.7901956977803,0.001045166042810866,14.0,0.8687499999999999,4300.0,0.0005979899497487438,5e-05
2307.735385342733,23.146825135502464,12.519060621788372,-4131.135479389588,0.0010376453392775232,15.0,0.8687499999999999,4300.0,0.0006407035175879397,5.357142857142857e-05
2440.151908926599,21.699811722956248,11.746247129778146,-4332.246053058501,0.0010302270883689024,16.0,0.8687499999999999,4300.0,0.0006834170854271356,5.7142857142857135e-05
2571.1082902761473,20.43440387206827,11.073253663089032,-4530.2943490534235,0.001022988698966221,17.0,0.8687499999999999,4300.0,0.0007200287150035894,6.0714285714285715e-05
2701.2264912341357,19.2939547440242,10.453643562047594,-4729.185706473727,0.001015790999520538,18.0,0.8687499999999999,4300.0,0.0007623833452979181,6.428571428571429e-05
2830.6664406461223,18.256846424703504,9.868773742246578,-4927.364956370657,0.001008655147244601,19.0,0.8687499999999999,4300.0,0.000804737975592247,6.785714285714286e-05
2957.1669049966818,17.36826416024927,9.417130150655074,-5120.348767155156,0.0010018001794799532,20.0,0.8687499999999999,4300.0,0.0008470926058865757,7.142857142857143e-05
3083.5138698316227,16.545911619896174,8.98123431987593,-5313.650638705483,0.000994963011794738,21.0,0.8687499999999999,4300.0,0.0008819095477386934,7.500000000000001e-05
3208.626990603295,15.78632678312615,8.56172327371073,-5505.633643065208,0.000988196531220955,22.0,0.8687499999999999,4300.0,0.0009239052404881549,7.857142857142857e-05
3333.4887031039702,15.091389910647626,8.177606469670277,-5698.124061752504,0.0009814905436757492,23.0,0.8687499999999999,4300.0,0.0009659009332376165,8.214285714285711e-05
3455.598542390012,14.474552237557623,7.86632943242753,-5885.2290177534305,0.0009750031982746375,24.0,0.8687499999999999,4300.0,0.0010078966259870782,8.571428571428571e-05
3576.9649505473926,13.896491866131969,7.550881509612475,-6070.593412942908,0.0009685701941260208,25.0,0.8687499999999999,4300.0,0.0010498923187365397,8.928571428571429e-05
3698.459394124554,13.345903997706563,7.239090317468807,-6257.492271734649,0.0009568657369636434,26.0,0.8687499999999999,4250.0,0.0010825556353194542,9.285714285714285e-05
3817.7178727555824,12.861014043511561,6.98960591966079,-6440.607312407112,0.0009506792582530374,27.0,0.8687499999999999,4250.0,0.0011241923905240486,9.642857142857143e-05
3936.015881899106,12.401001279272224,6.742450894341379,-6624.100592629955,0.000944559136043546,28.0,0.8687499999999999,4250.0,0.001165829145728643,0.0001
4053.614653332864,11.97161942553358,6.504961255961765,-6804.228905714524,0.0009385126956308417,29.0,0.8687499999999999,4250.0,0.0012074659009332375,0.00010357142857142858
4169.568307304513,11.573092033478652,6.297572444261104,-6981.486936891306,0.0009325903203004619,30.0,0.8687499999999999,4250.0,0.0012491026561378318,0.00010714285714285714
0.0,0.0,0.0,-2.628212131370674,0.0008056926310266542,0.0,0.9091666666666666,4300.0,0.0,
172.0333576942066,55.33153681051415,37.90611902964888,-468.9399761241948,0.0008004724571605434,1.0,0.9091666666666666,4300.0,4.594400574300071e-05,3.571428571428571e-06
301.40765066779204,66.0391275195346,42.54217770729019,-775.0502314350742,0.0007956151140879058,2.0,0.9091666666666666,4300.0,9.045226130653265e-05,7.142857142857142e-06
416.42602804864566,63.092875628371644,37.9231886473241,-1011.1807418074022,0.0007909383105421194,3.0,0.9091666666666666,4300.0,0.00013460157932519741,1.0714285714285714e-05
525.181202657068,55.536099928205715,30.945887964551172,-1212.0567058925517,0.0007863963275523668,4.0,0.9091666666666666,4300.0,0.00017803302225412776,1.4285714285714284e-05
630.6827192916544,46.891316059157354,25.04735372211709,-1393.7482989414566,0.0007819629571198591,5.0,0.9091666666666666,4300.0,0.00022074659009332378,1.785714285714286e-05
734.2120237833445,39.38257584455941,21.019275587097237,-1564.179810196103,0.0007776295901616055,6.0,0.9091666666666666,4300.0,0.0002627422828427853,2.1428571428571428e-05
836.3116446128006,33.896462483341736,18.139374875267002,-1727.6212767387333,0.0007733889729570935,7.0,0.9091666666666666,4300.0,0.0003065326633165829,2.5e-05
937.5105407818432,29.732733579140778,15.931576044626713,-1887.3355737619277,0.0007692099698799423,8.0,0.9091666666666666,4300.0,0.0003474515434314429,2.8571428571428567e-05
1037.6823353649893,26.482970166252752,14.223417973103617,-2044.0881032579782,0.0007651159772596952,9.0,0.9091666666666666,4300.0,0.00039088298636037326,3.2142857142857144e-05
1137.015927162462,23.86573905937001,12.83812853888978,-2199.0081035977855,0.0007610856735017264,10.0,0.9091666666666666,4300.0,0.0004307250538406318,3.571428571428572e-05
1235.7112614734542,21.706789712413887,11.685016346086904,-2352.9610087562905,0.0007571098502060968,11.0,0.9091666666666666,4300.0,0.0004737975592246949,3.928571428571428e-05
1333.6110916862865,19.911097285424468,10.74227487661469,-2505.660418676358,0.000753206067788195,12.0,0.9091666666666666,4300.0,0.0005168700646087581,4.2857142857142856e-05
1430.993741920968,18.375035603273343,9.908834120692132,-2658.0023215297842,0.0007493408748417814,13.0,0.9091666666666666,4300.0,0.0005552763819095477,4.642857142857142e-05
1527.4014979476613,17.073630699100725,9.232738197113244,-2808.939434370921,0.0007455547608705985,14.0,0.9091666666666666,4300.0,0.0005979899497487438,5e-05
1623.1016527175261,15.940065692704641,8.623693040991185,-2959.6552703325433,0.0007418117131840792,15.0,0.9091666666666666,4300.0,0.0006407035175879397,5.357142857142857e-05
1718.1935922634025,14.941880201737494,8.091597198874963,-3109.936133616975,0.0007381080782299745,16.0,0.9091666666666666,4300.0,0.0006834170854271356,5.7142857142857135e-05
1812.429979780673,14.069504125385219,7.627883938889604,-3258.4847581364447,0.00073448298714123,17.0,0.9091666666666666,4300.0,0.0007200287150035894,6.0714285714285715e-05
1906.2508927569788,13.284190265005092,7.200678206433049,-3408.0104622021754,0.0007308672927288498,18.0,0.9091666666666666,4300.0,0.0007623833452979181,6.428571428571429e-05
1999.7687253435613,12.56974124479238,6.797341724372155,-3557.450459861946,0.0007272717841621439,19.0,0.9091666666666666,4300.0,0.000804737975592247,6.785714285714286e-05
2091.339482772108,11.957077954104804,6.486138506623308,-3703.5246041963183,0.0007238069446667124,20.0,0.9091666666666666,4300.0,0.0008470926058865757,7.142857142857143e-05
2182.9748995279724,11.389787158107334,6.1857500796629425,-3850.1583252028213,0.0007203411465636332,21.0,0.9091666666666666,4300.0,0.0008819095477386934,7.500000000000001e-05
2273.8859430092407,10.866987304328722,5.8965538030188345,-3996.2261342797574,0.0007169008534921476,22.0,0.9091666666666666,4300.0,0.0009239052404881549,7.857142857142857e-05
2364.792751030404,10.388387216535458,5.632601675176673,-4143.159558194471,0.0007134814267989277,23.0,0.9091666666666666,4300.0,0.0009659009332376165,8.214285714285711e-05
2453.849706867693,9.963242997707365,5.417575080679056,-4286.33064362219,0.0007101636249005997,24.0,0.9091666666666666,4300.0,0.0010078966259870782,8.571428571428571e-05
2542.5247506338305,9.564791250663498,5.200658704313465,-4428.750507395147,0.0007068643704505659,25.0,0.9091666666666666,4300.0,0.0010498923187365397,8.928571428571429e-05
2631.4546445053425,9.18519875521506,4.9851583501968335,-4572.488634873094,0.0007035557678429764,26.0,0.9091666666666666,4300.0,0.0010825556353194542,9.285714285714285e-05
2718.90083651169,8.851845978289976,4.813426174939381,-4713.896766105958,0.0007003237289439051,27.0,0.9091666666666666,4300.0,0.0011241923905240486,9.642857142857143e-05
2805.792835631165,8.534190287083058,4.643243742752344,-4855.689434670334,0.0006971221539753532,28.0,0.9091666666666666,4300.0,0.001165829145728643,0.0001
2892.3177438202333,8.23887165352587,4.479691864616785,-4995.550558675823,0.0006939467104841013,29.0,0.9091666666666666,4300.0,0.0012074659009332375,0.00010357142857142858
2977.7701541053025,7.964728850153824,4.3367467069189525,-5133.479800014233,0.0006908295572959684,30.0,0.9091666666666666,4300.0,0.0012491026561378318,0.00010714285714285714
0.0,0.0,0.0,-2.628212131370674,0.00044527764420521353,0.0,0.9495833333333332,4300.0,0.0,
95.10911155006728,30.54742095418144,20.92376750605802,-260.91351720204693,0.0004436869941990089,1.0,0.9495833333333332,4300.0,4.594400574300071e-05,3.571428571428571e-06
166.89745422213002,36.473859497488306,23.491020458879042,-431.7496167506033,0.0004422011090083527,2.0,0.9495833333333332,4300.0,9.045226130653265e-05,7.142857142857142e-06
230.96283142988355,34.865036332621884,20.950468459863753,-564.5989847378951,0.0004407650922389568,3.0,0.9495833333333332,4300.0,0.00013460157932519741,1.0714285714285714e-05
291.74823246195353,30.705475582727367,17.10232882793374,-678.4963620326889,0.0004393653801894935,4.0,0.9495833333333332,4300.0,0.00017803302225412776,1.4285714285714284e-05
350.8991974190089,25.93582110182914,13.838053167029138,-782.2432957422861,0.0004379942448306787,5.0,0.9495833333333332,4300.0,0.00022074659009332378,1.785714285714286e-05
409.11083242456806,21.774061328284226,11.610071162697944,-880.1675650985271,0.00043664932322222074,6.0,0.9495833333333332,4300.0,0.0002627422828427853,2.1428571428571428e-05
466.6747879006578,18.73321987612053,10.018515007002303,-974.6041658083268,0.00043532862480705507,7.0,0.9495833333333332,4300.0,0.0003065326633165829,2.5e-05
523.8785225685906,16.42655615619947,8.797599568835775,-1067.3434209617844,0.0004340226867166022,8.0,0.9495833333333332,4300.0,0.0003474515434314429,2.8571428571428567e-05
580.6418930003176,14.626621679717223,7.853893084782231,-1158.7728838924959,0.00043273897553695667,9.0,0.9495833333333332,4300.0,0.00039088298636037326,3.2142857142857144e-05
637.0668964679235,13.178007339550023,7.0886348163060555,-1249.4908182218642,0.00043147103932402066,10.0,0.9495833333333332,4300.0,0.0004307250538406318,3.571428571428572e-05
693.2610131841785,11.983720251041063,6.451956206709366,-1340.0065814257105,0.0004302161129199684,11.0,0.9495833333333332,4300.0,0.0004737975592246949,3.928571428571428e-05
749.1303930273332,10.990427440880456,5.930750006150881,-1430.142925090986,0.0004289798880837528,12.0,0.9495833333333332,4300.0,0.0005168700646087581,4.2857142857142856e-05
804.8305760497708,10.141474508929871,5.4706480021962545,-1520.3605075116793,0.00042775198868854995,13.0,0.9495833333333332,4300.0,0.0005552763819095477,4.642857142857142e-05
860.0953259219849,9.42264237946876,5.096928030886914,-1610.0550023766846,0.0004265452894306021,14.0,0.9495833333333332,4300.0,0.0005979899497487438,5e-05
915.0726517874976,8.796376134849185,4.760577062671025,-1699.9045377207513,0.0004253485800210247,15.0,0.9495833333333332,4300.0,0.0006407035175879397,5.357142857142857e-05
969.8190340431356,8.244509211185536,4.466977437258241,-1789.7869399805058,0.00042416076014445257,16.0,0.9495833333333332,4300.0,0.0006834170854271356,5.7142857142857135e-05
1024.1859331491469,7.762575731305855,4.210920450350228,-1878.965151782686,0.00042299452324975136,17.0,0.9495833333333332,4300.0,0.0007200287150035894,6.0714285714285715e-05
1078.426151990897,7.329232911581068,3.9748709553610273,-1968.9451897682738,0.00042182776794866196,18.0,0.9495833333333332,4300.0,0.0007623833452979181,6.428571428571429e-05
1132.6032693708157,6.934835793590114,3.752487292787253,-2059.1507293613104,0.00042066399050883613,19.0,0.9495833333333332,4300.0,0.000804737975592247,6.785714285714286e-05
1185.7585847452506,6.5963423187465295,3.580119191171209,-2147.65618773787,0.00041953898657640424,20.0,0.9495833333333332,4300.0,0.0008470926058865757,7.142857142857143e-05
1239.058029621579,6.282761443780742,3.414225645577042,-2236.7044864242926,0.00041841040563340146,21.0,0.9495833333333332,4300.0,0.0008819095477386934,7.500000000000001e-05
1292.0400605374923,5.994414090541009,3.2544581225638054,-2325.6800137597893,0.00041728675262078774,22.0,0.9495833333333332,4300.0,0.0009239052404881549,7.857142857142857e-05
1345.1271701543606,5.730286690027252,3.1091033671628465,-2415.4770025664693,0.0004161666421533571,23.0,0.9495833333333332,4300.0,0.0009659009332376165,8.214285714285711e-05
1397.2296786917507,5.495482329064147,2.9900678779761196,-2503.1979073028924,0.0004150765598039503,24.0,0.9495833333333332,4300.0,0.0010078966259870782,8.571428571428571e-05
1449.2087464772335,5.275402888974303,2.870531261808642,-2590.811820593619,0.0004139894912888457,25.0,0.9495833333333332,4300.0,0.0010498923187365397,8.928571428571429e-05
1501.4362035974027,5.065699278124166,2.7511678684470757,-2679.3712161951044,0.0004128962334142193,26.0,0.9495833333333332,4300.0,0.0010825556353194542,9.285714285714285e-05
1552.88723517731,4.882047263701655,2.6564344306309753,-2766.8594342600118,0.0004118250575171142,27.0,0.9495833333333332,4300.0,0.0011241923905240486,9.642857142857143e-05
1604.1098214493277,4.7062884101006475,2.5625269490652194,-2854.668400408489,0.0004107610408077312,28.0,0.9495833333333332,4300.0,0.001165829145728643,0.0001
1655.2076247261402,4.543522711889075,2.4722641248486292,-2941.6871721513453,0.00040970279060730176,29.0,0.9495833333333332,4300.0,0.0012074659009332375,0.00010357142857142858
1705.761468524715,4.392403994520608,2.393305562418987,-3027.657189759433,0.0004086608823849307,30.0,0.9495833333333332,4300.0,0.0012491026561378318,0.00010714285714285714
0.0,0.0,0.0,-2.628212131370674,8.794375979114002e-05,0.0,0.99,4300.0,0.0,
18.628914976667563,5.974905595404971,4.091804275196145,-53.30440167253255,8.788244852416546e-05,1.0,0.99,4300.0,4.594400574300071e-05,3.571428571428571e-06
32.74058883786793,7.136446923717184,4.594975907925025,-87.07803113703267,8.782495611477785e-05,2.0,0.99,4300.0,9.045226130653265e-05,7.142857142857142e-06
45.38149289263803,6.8250460178986545,4.09954825861868,-113.55228402798821,8.776918952399594e-05,3.0,0.99,4300.0,0.00013460157932519741,1.0714285714285714e-05
57.41570651676266,6.013367160639268,3.3473411413196836,-136.42289519807673,8.771463848908751e-05,4.0,0.99,4300.0,0.00017803302225412776,1.4285714285714284e-05
69.16231932896122,5.080426167746833,2.7069045013461475,-157.39783685251314,8.766101328048375e-05,5.0,0.99,4300.0,0.00022074659009332378,1.785714285714286e-05
80.75553881505883,4.262852101818463,2.270315349798479,-177.31487292995735,8.76082314367524e-05,6.0,0.99,4300.0,0.0002627422828427853,2.1428571428571428e-05
92.25025862537474,3.665231294483714,1.9585120777481804,-196.6268603221979,8.75562238404272e-05,7.0,0.99,4300.0,0.0003065326633165829,2.5e-05
103.70272948567136,3.212379297901491,1.7194530147213791,-215.68231921005645,8.750462529859324e-05,8.0,0.99,4300.0,0.0003474515434314429,2.8571428571428567e-05
115.09545807186193,2.8593947323093047,1.534743476932634,-234.55086075526197,8.745373517073461e-05,9.0,0.99,4300.0,0.00039088298636037326,3.2142857142857144e-05
126.44787942920307,2.575306572168597,1.3850595727228123,-253.34473014666582,8.740330593115617e-05,10.0,0.99,4300.0,0.0004307250538406318,3.571428571428572e-05
137.78068991558163,2.341221190429769,1.2606014107829704,-272.17069117138453,8.735323149731016e-05,11.0,0.99,4300.0,0.0004737975592246949,3.928571428571428e-05
149.07415120497646,2.146676593365042,1.1586227424648181,-290.990812173055,8.730374360319706e-05,12.0,0.99,4300.0,0.0005168700646087581,4.2857142857142856e-05
160.3588247951695,1.980667982706344,1.0686781955579654,-309.88859396250336,8.725443381383384e-05,13.0,0.99,4300.0,0.0005552763819095477,4.642857142857142e-05
171.580584258199,1.8400012039638804,0.9956366563958459,-328.74106188215956,8.720581903952776e-05,14.0,0.99,4300.0,0.0005979899497487438,5e-05
182.7683904260807,1.7175184370408996,0.9298874831032413,-347.68623024769477,8.715745706747552e-05,15.0,0.99,4300.0,0.0006407035175879397,5.357142857142857e-05
193.93320211766715,1.609516158132029,0.8724764997856262,-366.6997905694443,8.710930515048711e-05,16.0,0.99,4300.0,0.0006834170854271356,5.7142857142857135e-05
205.0447533402558,1.5153775834975531,0.822437207458309,-385.634112735439,8.706188192608235e-05,17.0,0.99,4300.0,0.0007200287150035894,6.0714285714285715e-05
216.15360426860136,1.4306470673869203,0.7762800059677811,-404.78563680105435,8.701429397504082e-05,18.0,0.99,4300.0,0.0007623833452979181,6.428571428571429e-05
227.27267238514756,1.3535925102457909,0.732890992251026,-424.0443662284961,8.696668394605418e-05,19.0,0.99,4300.0,0.000804737975592247,6.785714285714286e-05
238.2049559085694,1.2874069533957915,0.6991061766512346,-443.01061175997893,8.692051562359311e-05,20.0,0.99,4300.0,0.0008470926058865757,7.142857142857143e-05
249.18920913371602,1.2260648428490002,0.6666867987437902,-462.13849612898775,8.687406629462349e-05,21.0,0.99,4300.0,0.0008819095477386934,7.500000000000001e-05
260.1296072925119,1.1697854060862967,0.6355199375889363,-481.30975287544425,8.682768079420833e-05,22.0,0.99,4300.0,0.0009239052404881549,7.857142857142857e-05
271.11497308868803,1.1182039633025105,0.6071325818572713,-500.7214716808812,8.678130576877859e-05,23.0,0.99,4300.0,0.0009659009332376165,8.214285714285711e-05
281.91781848256227,1.0723154834084732,0.5838160219991673,-519.7341360147257,8.673603856369974e-05,24.0,0.99,4300.0,0.0010078966259870782,8.571428571428571e-05
292.71581430306315,1.0293028533629236,0.5605086894333506,-538.7993641148205,8.669076803619666e-05,25.0,0.99,4300.0,0.0010498923187365397,8.928571428571429e-05
303.5870027278378,0.9883554966181572,0.5371882589710106,-558.1032817239757,8.664510920471033e-05,26.0,0.99,4300.0,0.0010825556353194542,9.285714285714285e-05
314.3172294160344,0.9525107175939351,0.5186267236208271,-577.2516598243383,8.660023746791412e-05,27.0,0.99,4300.0,0.0011241923905240486,9.642857142857143e-05
325.0203813752913,0.9181457349560217,0.5002929889645539,-596.4930932434218,8.655554152272568e-05,28.0,0.99,4300.0,0.001165829145728643,0.0001
335.71765235466813,0.8863625284369971,0.4826682868482799,-615.6483050740644,8.651096414263965e-05,29.0,0.99,4300.0,0.0012074659009332375,0.00010357142857142858
346.3208422323325,0.85688858193561,0.4672375487759568,-634.610002052752,8.646694439057148e-05,30.0,0.99,4300.0,0.0012491026561378318,0.00010714285714285714
