CAPE_u,CAPE_ext,CAPE_dist,dh,sat_def,P,RH,dz,ent_b,ent_std
0.0,0.0,0.0,-2.628212131370674,0.009659155665531487,0.0,0.02,4300.0,0.0,
2141.2254983667153,350.94243057765476,6.376585185249846,-5345.694320164701,0.008448223840964286,1.0,0.02,4300.0,7.071069633883703e-05,9.998413995787567e-06
3780.8490564890503,325.77833642228285,6.702893196312441,-8502.992849780596,0.00747351375853742,2.0,0.02,4250.0,0.00014142139267767407,1.9996827991575134e-05
5170.5548794874485,234.77099990415155,6.846717058131261,-10633.986839194164,0.006725590282960065,3.0,0.02,4250.0,0.00021105527638190955,2.9995241987362704e-05
6394.5501534997065,178.9370812340054,6.1772977806068585,-12189.303034211254,0.006083153679926358,4.0,0.02,4200.0,0.00028140703517587936,3.999365598315027e-05
7493.699072845854,144.43093877679232,6.805917136352247,-13382.178380389254,0.005567649763306251,5.0,0.02,4200.0,0.0003499641062455133,4.9992069978937845e-05
8490.58611692715,121.4179660089644,4.583718284423236,-14327.271659564081,0.0051287804662748125,6.0,0.02,4200.0,0.0004199569274946159,5.999048397472541e-05
9404.430678313573,104.8406016913192,1.703831207732521,-15093.075422527858,0.004735665924298973,7.0,0.02,4150.0,0.0004899497487437187,6.998889797051298e-05
10246.843819255375,92.19444054727823,9.221633183428168,-15727.765295162048,0.004407274477280673,8.0,0.02,4150.0,0.0005570710696338836,7.998731196630054e-05
11025.837121903185,82.1344908526439,5.3837056484823185,-16254.698185132933,0.004119291608317138,9.0,0.02,4150.0,0.0006267049533381191,8.99857259620881e-05
11752.605335656861,73.99979501164809,5.125373657579581,-16699.206910335088,0.003864020433056502,10.0,0.02,4150.0,0.0006963388370423546,9.998413995787569e-05
12429.64304271123,67.85232580658811,4.67435552524001,-17073.178762219322,0.0036281037777701475,11.0,0.02,4100.0,0.00076597272074659,0.00010998255395366323
13065.607706246783,62.34433262355471,0.550685867571403,-17392.39639489379,0.0034252013176610933,12.0,0.02,4100.0,0.0008312993539124192,0.00011998096794945082
13662.682067240075,57.457858453771635,0.512387392859469,-17662.16070134059,0.0032417529253212928,13.0,0.02,4100.0,0.0009005743000717874,0.00012997938194523836
14224.651858323565,53.65448268352247,0.47149664714040046,-17888.495643864844,0.0030778183987724265,14.0,0.02,4100.0,0.0009698492462311557,0.00013997779594102596
14757.266531560048,50.15463168410931,0.4493420601957353,-18086.33858703344,0.0029260027617611685,15.0,0.02,4100.0,0.0010391241923905239,0.0001499762099368135
15261.700825424008,46.94227998264396,0.40860193904935926,-18250.195122840276,0.002781222373131967,16.0,0.02,4050.0,0.001102656137832017,0.00015997462393260107
15738.959446376028,44.54302671689966,0.4053028922736144,-18382.811283133073,0.0026578992433927153,17.0,0.02,4050.0,0.0011715721464465182,0.00016997303792838864
16195.151892832313,41.77429906482202,0.35242811858942963,-18497.18593246787,0.0025409803836480664,18.0,0.02,4050.0,0.0012404881550610192,0.0001799714519241762
16627.399833580024,39.897575350476245,0.35010529008377195,-18592.566809194537,0.0024357666935832627,19.0,0.02,4050.0,0.0013094041636755203,0.0001899698659199638
17041.807081452036,37.850235114821196,0.32748275637951846,-18664.55469992551,0.0023363920150787677,20.0,0.02,4050.0,0.0013783201722900214,0.00019996827991575138
17436.334845074307,36.15276711676916,0.31455244289729245,-18719.985922181164,0.002246127004779325,21.0,0.02,4050.0,0.0014396984924623117,0.00020996669391153895
17815.970710698533,34.61724308191802,0.3050052081261819,-18770.650061837776,0.002156258219083723,22.0,0.02,4000.0,0.0015082555635319453,0.00021996510790732647
18180.270090165774,33.06381350398501,0.2849414491617889,-18798.694538626834,0.0020762500618231898,23.0,0.02,4000.0,0.0015768126346015793,0.0002299635219031141
18525.77641271604,31.788573749595436,0.2623339215036246,-18813.078586187217,0.0020045280139590264,24.0,0.02,4000.0,0.0016453697056712131,0.00023996193589890163
18861.88671561207,30.460968605884215,0.2604984402974903,-18823.709962648765,0.0019345365035826861,25.0,0.02,4000.0,0.0017139267767408472,0.00024996034989468915
19182.617271516323,29.367468192922306,0.2612740286952907,-18821.719632071854,0.0018710390187322123,26.0,0.02,4000.0,0.0017731514716439337,0.0002599587638904767
19489.420797141935,28.319734315907787,0.233256496282629,-18801.478220477336,0.0018110121731709308,27.0,0.02,4000.0,0.0018413496051687005,0.00026995717788626434
19787.491876788194,27.414413095767465,0.2288134834363807,-18785.271437425385,0.0017534546222315575,28.0,0.02,4000.0,0.0019095477386934674,0.0002799555918820519
20077.246751933562,26.359314749459514,0.21689908824423434,-18758.827240619863,0.0016989148064981197,29.0,0.02,4000.0,0.0019777458722182338,0.00028995400587783943
20354.914005268867,25.59617112302272,0.20500897024732373,-18722.307372556992,0.001723589928817346,30.0,0.02,4050.0,0.0020459440057430003,0.000299952419873627
0.0,0.0,0.0,-2.628212131370674,0.009211635857417326,0.0,0.06041666666666666,4300.0,0.0,
2050.0266969533664,335.41198495397435,6.115238941187169,-5131.915017847081,0.008109444186318301,1.0,0.06041666666666666,4300.0,7.071069633883703e-05,9.998413995787567e-06
3630.3271033488127,312.03701599147104,6.452128813519163,-8205.363323596612,0.0072114497099150755,2.0,0.06041666666666666,4250.0,0.00014142139267767407,1.9996827991575134e-05
4976.197972147337,225.06152772689134,6.60936955793947,-10307.189173575287,0.006518755638770821,3.0,0.06041666666666666,4250.0,0.00021105527638190955,2.9995241987362704e-05
6165.870383905641,171.5035882236283,5.977892600885617,-11859.498104086284,0.005918125017271844,4.0,0.06041666666666666,4200.0,0.00028140703517587936,3.999365598315027e-05
7237.277033312067,138.40635345275393,6.60163469329759,-13063.27209978937,0.005434725107097098,5.0,0.06041666666666666,4200.0,0.0003499641062455133,4.9992069978937845e-05
8211.279138834705,116.33989919415791,4.449315720720186,-14026.62630732789,0.005021076716023785,6.0,0.06041666666666666,4200.0,0.0004199569274946159,5.999048397472541e-05
9105.90196757532,100.44430934465242,1.6482933163045432,-14814.355531041598,0.004663369158764497,7.0,0.06041666666666666,4200.0,0.0004899497487437187,6.998889797051298e-05
9932.047391610187,88.31148399706804,8.987691531725806,-15473.059515756417,0.00433577353345592,8.0,0.06041666666666666,4150.0,0.0005570710696338836,7.998731196630054e-05
10697.162111261581,78.66546554928185,5.247713497459943,-16024.892247498348,0.004061091585284608,9.0,0.06041666666666666,4150.0,0.0006267049533381191,8.99857259620881e-05
11411.918906313813,70.86636936282281,5.000155086451841,-16494.4866920079,0.003816816844484715,10.0,0.06041666666666666,4150.0,0.0006963388370423546,9.998413995787569e-05
12078.527464059827,64.98168906526656,4.561988929165478,-16892.91641342394,0.0035995659183276746,11.0,0.06041666666666666,4150.0,0.00076597272074659,0.00010998255395366323
12705.409786932123,59.70194447004645,0.5286547699239714,-17236.00850590547,0.003394564006461176,12.0,0.06041666666666666,4100.0,0.0008312993539124192,0.00011998096794945082
13294.57836789036,55.01495944565215,0.4911422755846834,-17529.131699488666,0.0032176213844615454,13.0,0.06041666666666666,4100.0,0.0009005743000717874,0.00012997938194523836
13849.509928860469,51.37095069043348,0.4527280799994417,-17778.01917175432,0.0030591129053837017,14.0,0.06041666666666666,4100.0,0.0009698492462311557,0.00013997779594102596
14375.98108227235,48.01652058800483,0.43041732233910346,-17997.421684384048,0.0029120361410049545,15.0,0.06041666666666666,4100.0,0.0010391241923905239,0.0001499762099368135
14874.965870389897,44.93580016358558,0.39202767959137563,-18181.873803163835,0.002777541315497686,16.0,0.06041666666666666,4100.0,0.001102656137832017,0.00015997462393260107
15347.250832257132,42.638092343928534,0.3892308257769592,-18333.935381815983,0.002651177850148787,17.0,0.06041666666666666,4050.0,0.0011715721464465182,0.00016997303792838864
15799.179413817354,39.98364537533278,0.33757168172483987,-18467.32288952395,0.0025372785629496357,18.0,0.06041666666666666,4050.0,0.0012404881550610192,0.0001799714519241762
16227.530624217306,38.192404877202854,0.3355813543846466,-18580.630876132233,0.0024346043281710207,19.0,0.06041666666666666,4050.0,0.0013094041636755203,0.0001899698659199638
16638.51389356757,36.22480916049861,0.3143103138638925,-18669.647600951495,0.002337489456599083,20.0,0.06041666666666666,4050.0,0.0013783201722900214,0.00019996827991575138
17029.886945674032,34.601690315951075,0.30225198032978456,-18741.35912709938,0.0022491334959505093,21.0,0.06041666666666666,4050.0,0.0014396984924623117,0.00020996669391153895
17406.72735776064,33.13229823499819,0.29169260878503805,-18807.54045871227,0.0021652877950118594,22.0,0.06041666666666666,4050.0,0.0015082555635319453,0.00021996510790732647
17768.56513449466,31.64599233241774,0.2727563417919942,-18850.694555143287,0.002086508108710518,23.0,0.06041666666666666,4050.0,0.0015768126346015793,0.0002299635219031141
18111.770398227847,30.42444904998309,0.2514091020940474,-18879.078961751016,0.0020118146428974807,24.0,0.06041666666666666,4000.0,0.0016453697056712131,0.00023996193589890163
18445.932135196184,29.152035456847077,0.2497969728666437,-18903.362010150246,0.0019429526163765487,25.0,0.06041666666666666,4000.0,0.0017139267767408472,0.00024996034989468915
18764.73537206667,28.10191231348982,0.25067744683129284,-18914.525201616747,0.001880394341226271,26.0,0.06041666666666666,4000.0,0.0017731514716439337,0.0002599587638904767
19070.009606902393,27.09626512606797,0.2242054049276058,-18906.82543257717,0.001821198370602875,27.0,0.06041666666666666,4000.0,0.0018413496051687005,0.00026995717788626434
19366.636769632238,26.22551013800555,0.22012601983847926,-18902.909482072948,0.0017643880851234064,28.0,0.06041666666666666,4000.0,0.0019095477386934674,0.0002799555918820519
19655.17606420703,25.222701348976543,0.20896126649576358,-18887.63337856917,0.0017104796763853273,29.0,0.06041666666666666,4000.0,0.0019777458722182338,0.00028995400587783943
19931.531310859235,24.487934587388942,0.19598816007186873,-18861.96195203624,0.0016615756682027503,30.0,0.06041666666666666,4000.0,0.0020459440057430003,0.000299952419873627
0.0,0.0,0.0,-2.628212131370674,0.008769112199379056,0.0,0.10083333333333333,4300.0,0.0,
1959.1013559838811,319.97619258154884,5.853794662380556,-4917.372073082872,0.007769531152022367,1.0,0.10083333333333333,4300.0,7.071069633883703e-05,9.998413995787567e-06
3479.350731297196,298.31136034327517,6.199486615769656,-7902.8428858132975,0.006945158672852581,2.0,0.10083333333333333,4250.0,0.00014142139267767407,1.9996827991575134e-05
4780.337568944099,215.34332212715609,6.370391391547898,-9971.018371666025,0.006306097216233208,3.0,0.10083333333333333,4250.0,0.00021105527638190955,2.9995241987362704e-05
5934.542047742658,164.06317700746868,5.775073359140694,-11516.381212367793,0.005771023071360221,4.0,0.10083333333333333,4250.0,0.00028140703517587936,3.999365598315027e-05
6977.068349873702,132.3770613147841,6.3929590866442325,-12727.540126630658,0.005295036096936517,5.0,0.10083333333333333,4200.0,0.0003499641062455133,4.9992069978937845e-05
7927.09272808694,111.25832084151055,4.312052765960054,-13706.36280532131,0.004906641844726792,6.0,0.10083333333333333,4200.0,0.0004199569274946159,5.999048397472541e-05
8801.457378088231,96.0454472162978,1.592047696718112,-14513.95189268377,0.004569227437490534,7.0,0.10083333333333333,4200.0,0.0004899497487437187,6.998889797051298e-05
9610.368824635661,84.43392158213871,8.74677076095015,-15194.724119240767,0.004258036623483669,8.0,0.10083333333333333,4150.0,0.0005570710696338836,7.998731196630054e-05
10360.696231864567,75.19614144174385,5.107783929613204,-15770.09626086276,0.003996982279763358,9.0,0.10083333333333333,4150.0,0.0006267049533381191,8.99857259620881e-05
11062.604172698404,67.73959604836908,4.871143345400257,-16263.747511719535,0.003764050888511181,10.0,0.10083333333333333,4150.0,0.0006963388370423546,9.998413995787569e-05
11718.011457047387,62.11114450210594,4.44624357157717,-16686.002433477493,0.0035562675422723916,11.0,0.10083333333333333,4150.0,0.00076597272074659,0.00010998255395366323
12335.086368602102,57.06223645764742,0.5065306772081909,-17052.34243268706,0.0033590536811192707,12.0,0.10083333333333333,4100.0,0.0008312993539124192,0.00011998096794945082
12915.672721027302,52.57336186680439,0.46988984446240184,-17368.526996946894,0.003188947512473488,13.0,0.10083333333333333,4100.0,0.0009005743000717874,0.00012997938194523836
13462.945237427615,49.08876805852465,0.43386880004667483,-17639.83681615089,0.0030361787490724755,14.0,0.10083333333333333,4100.0,0.0009698492462311557,0.00013997779594102596
13982.69841567384,45.88703018255113,0.411516774455704,-17880.811206893835,0.002894140112757313,15.0,0.10083333333333333,4100.0,0.0010391241923905239,0.0001499762099368135
14475.71489727208,42.93127299210368,0.37540726160661575,-18086.026228200164,0.002763989560680082,16.0,0.10083333333333333,4100.0,0.001102656137832017,0.00015997462393260107
14942.524808984008,40.735074769526754,0.3730733289020308,-18257.868022641313,0.002647210687098732,17.0,0.10083333333333333,4100.0,0.0011715721464465182,0.00016997303792838864
15389.724864264872,38.19515350461156,0.3227351031691873,-18410.455459108656,0.0025304330468632922,18.0,0.10083333333333333,4050.0,0.0012404881550610192,0.0001799714519241762
15813.725238914029,36.48881174234937,0.3210515022276521,-18542.07764633941,0.0024305266706434307,19.0,0.10083333333333333,4050.0,0.0013094041636755203,0.0001899698659199638
16220.90918954128,34.601587712421875,0.3010874159197019,-18648.593696597374,0.002335889355005864,20.0,0.10083333333333333,4050.0,0.0013783201722900214,0.00019996827991575138
16608.722645652553,33.0525757737673,0.28986493575673405,-18737.095060384894,0.002249642611333294,21.0,0.10083333333333333,4050.0,0.0014396984924623117,0.00020996669391153895
16982.437372248027,31.649202869011482,0.27909518114738663,-18819.331959122355,0.002167689922019646,22.0,0.10083333333333333,4050.0,0.0015082555635319453,0.00021996510790732647
17341.51924394735,30.22989076961373,0.2606055121964188,-18878.482656420067,0.0020905762941082775,23.0,0.10083333333333333,4050.0,0.0015768126346015793,0.0002299635219031141
17682.062553054588,29.062034820236466,0.240483310342519,-18921.230792261333,0.002021270575050569,24.0,0.10083333333333333,4050.0,0.0016453697056712131,0.00023996193589890163
18014.020992139816,27.844904969026757,0.23907805545707042,-18959.692441885083,0.0019495503444082194,25.0,0.10083333333333333,4000.0,0.0017139267767408472,0.00024996034989468915
18330.57244093233,26.838459091818255,0.2400487335742762,-18984.608524342562,0.0018880745152996098,26.0,0.10083333333333333,4000.0,0.0017731514716439337,0.0002599587638904767
18634.096909200554,25.875088271227266,0.2150805767698822,-18990.206957897626,0.001829840891468649,27.0,0.10083333333333333,4000.0,0.0018413496051687005,0.00026995717788626434
18929.013834474088,25.04353508166853,0.21134497241627237,-18999.242400261843,0.0017739045557092264,28.0,0.10083333333333333,4000.0,0.0019095477386934674,0.0002799555918820519
19216.086917675137,24.08802782579638,0.20090232207615835,-18995.829953723114,0.0017207481385730734,29.0,0.10083333333333333,4000.0,0.0019777458722182338,0.00028995400587783943
19490.953156563453,23.38198808899631,0.1870195357366592,-18981.902726959393,0.001672487177950926,30.0,0.10083333333333333,4000.0,0.0020459440057430003,0.000299952419873627
0.0,0.0,0.0,-2.628212131370674,0.008331459676055747,0.0,0.14125,4300.0,0.0,
1868.4431008890667,304.63186881352027,5.592244930272942,-4702.095663651264,0.007428531103096148,1.0,0.14125,4300.0,7.071069633883703e-05,9.998413995787567e-06
3327.9155793140476,284.6023031275112,5.94493142976358,-7595.471956972629,0.006674671001365661,2.0,0.14125,4250.0,0.00014142139267767407,1.9996827991575134e-05
4582.952215212411,205.62872445176225,6.129455060949633,-9625.427200570215,0.00608757166893895,3.0,0.14125,4250.0,0.00021105527638190955,2.9995241987362704e-05
5700.51431159649,156.6212753075711,5.568718249319708,-11159.753164912727,0.005592670095920326,4.0,0.14125,4250.0,0.00028140703517587936,3.999365598315027e-05
6712.979435943719,126.35646580633149,6.179707042368356,-12374.568478468631,0.00514838657341017,5.0,0.14125,4200.0,0.0003499641062455133,4.9992069978937845e-05
7637.8799623444875,106.1742597419947,4.171794724987008,-13365.84305790603,0.00478521953415158,6.0,0.14125,4200.0,0.0004199569274946159,5.999048397472541e-05
8490.899003608907,91.64497463475088,1.5350805981037592,-14190.829985911449,0.004468248282661222,7.0,0.14125,4200.0,0.0004899497487437187,6.998889797051298e-05
9281.546998606524,80.55555989920248,8.49844129915218,-14891.66756718947,0.004173729933433989,8.0,0.14125,4150.0,0.0005570710696338836,7.998731196630054e-05
10016.129354502376,71.73857604551883,4.963696359331153,-15489.004228452344,0.003926605308833079,9.0,0.14125,4150.0,0.0006267049533381191,8.99857259620881e-05
10704.287384306528,64.61893478473841,4.738108943572234,-16005.481838527528,0.003705347627624189,10.0,0.14125,4150.0,0.0006963388370423546,9.998413995787569e-05
11347.660632211442,59.241442105161,4.328000073557292,-16450.635304764044,0.003507369307329198,11.0,0.14125,4150.0,0.00076597272074659,0.00010998255395366323
11954.15273499065,54.42361059259985,0.4843190278495268,-16839.806631001455,0.0033275748307035613,12.0,0.14125,4150.0,0.0008312993539124192,0.00011998096794945082
12525.433976511007,50.13365785226524,0.4486328126297608,-17178.321717036735,0.003155342842319332,13.0,0.14125,4100.0,0.0009005743000717874,0.00012997938194523836
13064.378030746242,46.8084998332556,0.4149239630836754,-17471.782160913725,0.0030086285178788754,14.0,0.14125,4100.0,0.0009698492462311557,0.00013997779594102596
13576.776483429336,43.75895629486705,0.39264198620840596,-17734.21052847072,0.002871931932172425,15.0,0.14125,4100.0,0.0010391241923905239,0.0001499762099368135
14063.233369674197,40.9291942778426,0.3587442531433101,-17960.211338109722,0.0027464139402885463,16.0,0.14125,4100.0,0.001102656137832017,0.00015997462393260107
14524.030727580763,38.834447854901434,0.3568351911355309,-18152.17066214283,0.0026335345251741623,17.0,0.14125,4100.0,0.0011715721464465182,0.00016997303792838864
14965.985971561082,36.41084234753625,0.3079196782290594,-18323.99781222368,0.0025260089010815073,18.0,0.14125,4100.0,0.0012404881550610192,0.0001799714519241762
15385.14657581556,34.787224596272,0.3065178993161646,-18474.213855714217,0.0024231820717578183,19.0,0.14125,4050.0,0.0013094041636755203,0.0001899698659199638
15788.062654987592,32.983227406326584,0.28781759501078674,-18598.62770952796,0.002331250469446222,20.0,0.14125,4050.0,0.0013783201722900214,0.00019996827991575138
16171.933167137518,31.50581415806937,0.27739594654795635,-18704.366446242548,0.0022473229991718737,21.0,0.14125,4050.0,0.0014396984924623117,0.00020996669391153895
16542.13152829585,30.16833092049542,0.2674176740759291,-18803.147584185255,0.0021674628613514543,22.0,0.14125,4050.0,0.0015082555635319453,0.00021996510790732647
16898.056653261272,28.81586527517595,0.24848949907210155,-18878.842106872915,0.0020922046114557878,23.0,0.14125,4050.0,0.0015768126346015793,0.0002299635219031141
17235.634070589993,27.701679688351444,0.22955824161973237,-18936.728853136934,0.0020244618814334943,24.0,0.14125,4050.0,0.0016453697056712131,0.00023996193589890163
17564.99763382693,26.539911103226398,0.22834401005724125,-18989.883787028877,0.001958139587540319,25.0,0.14125,4050.0,0.0017139267767408472,0.00024996034989468915
17879.034759492282,25.577424666880738,0.22939065525462604,-19028.92594259939,0.0018976967506318023,26.0,0.14125,4050.0,0.0017731514716439337,0.0002599587638904767
18180.43866332014,24.65651235504401,0.2058860849149108,-19048.382099033028,0.0018366734013449406,27.0,0.14125,4000.0,0.0018413496051687005,0.00026995717788626434
18473.444467910544,23.871220374554017,0.20247512190201297,-19071.17209274408,0.0017817442296393373,28.0,0.14125,4000.0,0.0019095477386934674,0.0002799555918820519
18758.78407925822,22.9555784873467,0.19272787689867354,-19080.336696756898,0.0017294700743417902,29.0,0.14125,4000.0,0.0019777458722182338,0.00028995400587783943
19031.916748838674,22.278610822779488,0.17810257747641187,-19078.855391258316,0.001681967913565138,30.0,0.14125,4000.0,0.0020459440057430003,0.000299952419873627
0.0,0.0,0.0,-2.628212131370674,0.007898558205400056,0.0,0.18166666666666664,4300.0,0.0,
1778.0492271870282,289.38081236308176,5.330587668140128,-4486.114996927696,0.0070864894576818695,1.0,0.18166666666666664,4300.0,7.071069633883703e-05,9.998413995787567e-06
3176.0177970036984,270.91094139279306,5.688426544614978,-7283.2913796668,0.006400017438994352,2.0,0.18166666666666664,4250.0,0.00014142139267767407,1.9996827991575134e-05
4384.021821000661,195.90600487430882,5.885122680740978,-9270.36997793954,0.005863136605344679,3.0,0.18166666666666664,4250.0,0.00021105527638190955,2.9995241987362704e-05
5463.738739864554,149.18291887930016,5.358700156481728,-10789.295027686036,0.005407505933034386,4.0,0.18166666666666664,4250.0,0.00028140703517587936,3.999365598315027e-05
6444.912867421366,120.33269045567528,5.961677077929386,-12003.9349188599,0.004994576057741595,5.0,0.18166666666666664,4200.0,0.0003499641062455133,4.9992069978937845e-05
7343.4950077502945,101.09255711099946,4.028401644525525,-13004.408192367751,0.004656544508009645,6.0,0.18166666666666664,4200.0,0.0004199569274946159,5.999048397472541e-05
8174.019964664432,87.2442517104995,1.47736521034822,-13844.087020962856,0.004360115167523365,7.0,0.18166666666666664,4200.0,0.0004899497487437187,6.998889797051298e-05
8945.314557280619,76.6773373056346,8.242283417472027,-14563.031169799302,0.004096582994321732,8.0,0.18166666666666664,4200.0,0.0005570710696338836,7.998731196630054e-05
9663.126559939199,68.28174019305261,4.81518312116069,-15180.236595735114,0.0038495795452334284,9.0,0.18166666666666664,4150.0,0.0006267049533381191,8.99857259620881e-05
10336.576016287607,61.499111085789245,4.600789048979614,-15718.08774372816,0.003640305866476798,10.0,0.18166666666666664,4150.0,0.0006963388370423546,9.998413995787569e-05
10967.017367977738,56.37336571942464,4.20612924270954,-16185.005570267662,0.0034524568181040576,11.0,0.18166666666666664,4150.0,0.00076597272074659,0.00010998255395366323
11562.083712059497,51.786755317116345,0.46202509310836853,-16596.22189957808,0.0032813493009837295,12.0,0.18166666666666664,4150.0,0.0008312993539124192,0.00011998096794945082
12123.272844467005,47.696461479020556,0.4273738056298899,-16956.517690257933,0.0031250727028334113,13.0,0.18166666666666664,4150.0,0.0009005743000717874,0.00012997938194523836
12653.157212093649,44.53107023852489,0.3958985596762609,-17271.50939650304,0.0029760390413573075,14.0,0.18166666666666664,4100.0,0.0009698492462311557,0.00013997779594102596
13157.51288449821,41.63284525627519,0.3737944679254597,-17555.124114199207,0.0028449908256536166,15.0,0.18166666666666664,4100.0,0.0010391241923905239,0.0001499762099368135
13636.759966135625,38.93007681552682,0.34204210241942845,-17801.797286981164,0.0027243985853786525,16.0,0.18166666666666664,4100.0,0.001102656137832017,0.00015997462393260107
14090.961264543548,36.94670226728706,0.3405210457777022,-18013.885236518116,0.0026156932862095774,17.0,0.18166666666666664,4100.0,0.0011715721464465182,0.00016997303792838864
14527.115182929,34.638435224157696,0.2931266488990672,-18205.113926211707,0.0025119566745910437,18.0,0.18166666666666664,4100.0,0.0012404881550610192,0.0001799714519241762
14940.88450862809,33.088087095169634,0.29198262753099036,-18374.105741463245,0.0024179031480104024,19.0,0.18166666666666664,4100.0,0.0013094041636755203,0.0001899698659199638
15339.027846011246,31.376101856965803,0.27450425305718296,-18516.694917961602,0.002323190009118804,20.0,0.18166666666666664,4050.0,0.0013783201722900214,0.00019996827991575138
15718.497854941781,29.961809075273717,0.2648494853857476,-18640.04093859962,0.0022418016018969904,21.0,0.18166666666666664,4050.0,0.0014396984924623117,0.00020996669391153895
16084.725230828757,28.690068985576342,0.2556278395476353,-18755.785770431386,0.0021642438046538086,22.0,0.18166666666666664,4050.0,0.0015082555635319453,0.00021996510790732647
16437.079007460005,27.404284687457583,0.23640881142939654,-18848.50958310946,0.0020910407543535295,23.0,0.18166666666666664,4050.0,0.0015768126346015793,0.0002299635219031141
16771.30928773006,26.343743875671528,0.21863551509993703,-18922.055541987687,0.002025042576501121,24.0,0.18166666666666664,4050.0,0.0016453697056712131,0.00023996193589890163
17097.686624497383,25.237398765328212,0.21759705583991434,-18990.520731743014,0.0019603483303647358,25.0,0.18166666666666664,4050.0,0.0017139267767408472,0.00024996034989468915
17408.939435020875,24.31913554050447,0.21870586580914403,-19043.973925486716,0.0019012968371672854,26.0,0.18166666666666664,4050.0,0.0017731514716439337,0.0002599587638904767
17707.805734416703,23.440855388328156,0.19662584145436915,-19078.10204889504,0.0018452493593661282,27.0,0.18166666666666664,4050.0,0.0018413496051687005,0.00026995717788626434
17998.67152624798,22.70097622958232,0.1935210604882183,-19115.253450239736,0.0017876072802535214,28.0,0.18166666666666664,4000.0,0.0019095477386934674,0.0002799555918820519
18281.96593925615,21.825647101344657,0.18444333837145505,-19137.681084629116,0.0017363557216710285,29.0,0.18166666666666664,4000.0,0.0019777458722182338,0.00028995400587783943
18553.073884590205,21.178090315434687,0.16923677444817128,-19149.31309819856,0.0016897387298193665,30.0,0.18166666666666664,4000.0,0.0020459440057430003,0.000299952419873627
0.0,0.0,0.0,-2.628212131370674,0.007470292436249868,0.0,0.2220833333333333,4300.0,0.0,
1687.9152180957801,274.22118201298787,5.06949130217057,-4269.458559472885,0.006743450338118043,1.0,0.2220833333333333,4300.0,7.071069633883703e-05,9.998413995787567e-06
3023.6540065505433,257.2384036334127,5.4299335208578725,-6966.342346769554,0.006121229611726286,2.0,0.2220833333333333,4250.0,0.00014142139267767407,1.9996827991575134e-05
4183.5267429583355,186.18312714377757,5.637298340089758,-8905.80244967065,0.005632751337439533,3.0,0.2220833333333333,4250.0,0.00021105527638190955,2.9995241987362704e-05
5224.161678457142,141.7402072553144,5.144880085500524,-10404.795915253868,0.005215403345935602,4.0,0.2220833333333333,4250.0,0.00028140703517587936,3.999365598315027e-05
6172.7696131688745,114.30655558823645,5.738658638774549,-11615.20910370048,0.004833400280780032,5.0,0.2220833333333333,4200.0,0.0003499641062455133,4.9992069978937845e-05
7043.780375932099,96.01783596201874,3.8816507552400443,-12621.379353342018,0.004520342744130136,6.0,0.2220833333333333,4200.0,0.0004199569274946159,5.999048397472541e-05
7850.603129895739,82.85456825494184,1.4188544789142983,-13472.783970992154,0.004244497136169794,7.0,0.2220833333333333,4200.0,0.0004899497487437187,6.998889797051298e-05
8601.391900321953,72.80023976522526,7.978405731637801,-14207.370858969181,0.003998206787685764,8.0,0.2220833333333333,4200.0,0.0005570710696338836,7.998731196630054e-05
9301.339302600772,64.82609794544425,4.661974520117985,-14842.377430655812,0.003778208158688924,9.0,0.2220833333333333,4200.0,0.0006267049533381191,8.99857259620881e-05
9959.04676456195,58.38098077979927,4.4589032109536,-15399.862466128427,0.003568496477208218,10.0,0.2220833333333333,4150.0,0.0006963388370423546,9.998413995787569e-05
10575.591567114368,53.50772980503382,4.079969373693372,-15887.180532817983,0.0033910836951483603,11.0,0.2220833333333333,4150.0,0.00076597272074659,0.00010998255395366323
11158.323899335863,49.152364811104476,0.4396539793441635,-16319.35761793048,0.003228983692247407,12.0,0.2220833333333333,4150.0,0.0008312993539124192,0.00011998096794945082
11708.561176670088,45.266527613943616,0.40611536159049205,-16700.788877166153,0.0030805208126252516,13.0,0.2220833333333333,4150.0,0.0009005743000717874,0.00012997938194523836
12228.587165269466,42.26658897046914,0.376797418022732,-17036.537777627935,0.0029461241908074363,14.0,0.2220833333333333,4150.0,0.0009698492462311557,0.00013997779594102596
12724.151005929578,39.509262410315806,0.35497567070960595,-17340.835630985224,0.002812854380631278,15.0,0.2220833333333333,4100.0,0.0010391241923905239,0.0001499762099368135
13195.490996058192,36.94009835526034,0.3253041396854699,-17607.910855810405,0.0026974835241795774,16.0,0.2220833333333333,4100.0,0.001102656137832017,0.00015997462393260107
13642.437828102045,35.06190712365152,0.3241353727829338,-17839.99494441024,0.0025932321856219267,17.0,0.2220833333333333,4100.0,0.0011715721464465182,0.00016997303792838864
14072.1495877294,32.868437222911794,0.27835720434837774,-18050.632177392356,0.0024935588904565213,18.0,0.2220833333333333,4100.0,0.0012404881550610192,0.0001799714519241762
14479.950549504641,31.391856841393086,0.27744768651314833,-18238.501758132734,0.0024030044524558734,19.0,0.2220833333333333,4100.0,0.0013094041636755203,0.0001899698659199638
14872.782685440068,29.771295813919483,0.26115066478460014,-18399.742826748072,0.002316866412040817,20.0,0.2220833333333333,4100.0,0.0013783201722900214,0.00019996827991575138
15247.336093583543,28.420976013880466,0.25222986454110374,-18540.66757259413,0.002237924286208243,21.0,0.2220833333333333,4100.0,0.0014396984924623117,0.00020996669391153895
15609.097662234684,27.214815302660796,0.2437309845601751,-18673.684037414536,0.0021576220844681175,22.0,0.2220833333333333,4050.0,0.0015082555635319453,0.00021996510790732647
15957.398973775626,25.995529253099733,0.2254918822426015,-18783.843597641513,0.0020866844878771463,23.0,0.2220833333333333,4050.0,0.0015768126346015793,0.0002299635219031141
16287.828648351204,24.988598228743175,0.20771667607421043,-18873.503221188883,0.002022622813274698,24.0,0.2220833333333333,4050.0,0.0016453697056712131,0.00023996193589890163
16610.822517748107,23.93772285090596,0.20683931278919085,-18957.73691615176,0.001959745946959186,25.0,0.2220833333333333,4050.0,0.0017139267767408472,0.00024996034989468915
16918.951572139904,23.063927624262206,0.2079969101628349,-19026.100433910782,0.0019022607127879515,26.0,0.2220833333333333,4050.0,0.0017731514716439337,0.0002599587638904767
17214.85640427761,22.228443811185596,0.18730360295552712,-19075.602723670105,0.0018476389610617672,27.0,0.2220833333333333,4050.0,0.0018413496051687005,0.00026995717788626434
17503.163673225718,21.533123145611814,0.18448719852745887,-19127.228567951108,0.0017949939513513169,28.0,0.2220833333333333,4050.0,0.0019095477386934674,0.0002799555918820519
17784.115240204577,20.698536021160162,0.17605390681737407,-19163.951987921748,0.001744754458782316,29.0,0.2220833333333333,4050.0,0.0019777458722182338,0.00028995400587783943
18052.93349432998,20.080721508625597,0.1604216238276625,-19189.284590659092,0.0016954740687000393,30.0,0.2220833333333333,4000.0,0.0020459440057430003,0.000299952419873627
0.0,0.0,0.0,-2.628212131370674,0.007046551486701917,0.0,0.2625,4300.0,0.0,
1598.036268000577,259.1526879183212,4.8081864027844405,-4052.1540215944988,0.006399456723141895,1.0,0.2625,4300.0,7.071069633883703e-05,9.998413995787567e-06
2870.8212643966694,243.58593218288266,5.169412248416768,-6644.780449278478,0.005870115547048179,2.0,0.2625,4300.0,0.00014142139267767407,1.9996827991575134e-05
3981.4488664133555,176.45875025114688,5.385882385747534,-8531.682388221569,0.005396376638455352,3.0,0.2625,4250.0,0.00021105527638190955,2.9995241987362704e-05
4981.730162210163,134.3000195616213,4.927111914962532,-10006.044796246031,0.005016234812955914,4.0,0.2625,4250.0,0.00028140703517587936,3.999365598315027e-05
5896.448096051817,108.28613389316669,5.510420088866901,-11208.208359213473,0.004684919365894001,5.0,0.2625,4250.0,0.0003499641062455133,4.9992069978937845e-05
6738.578116542126,90.9428401488441,3.730136931114707,-12216.058190203745,0.004376331220063541,6.0,0.2625,4200.0,0.0004199569274946159,5.999048397472541e-05
7520.426778113163,78.46526090673754,1.3595253074068243,-13075.945294632082,0.004121048802442299,7.0,0.2625,4200.0,0.0004899497487437187,6.998889797051298e-05
8249.482470779509,68.92815970054978,7.706250932545939,-13823.395235237811,0.003892118635822143,8.0,0.2625,4200.0,0.0005570710696338836,7.998731196630054e-05
8930.400777114319,61.37260194226101,4.503760939763418,-14474.164107502977,0.0036868038095900124,9.0,0.2625,4200.0,0.0006267049533381191,8.99857259620881e-05
9571.260412960097,55.26543371373564,4.312132778881667,-15048.998455923545,0.0034894595588558564,10.0,0.2625,4150.0,0.0006963388370423546,9.998413995787569e-05
10172.870650893508,50.64536493420136,3.949238287572306,-15555.094099009606,0.0033227691579752307,11.0,0.2625,4150.0,0.00076597272074659,0.00010998255395366323
10742.282244820517,46.52115186880758,0.4172106305856387,-16006.903186278803,0.003169982022171173,12.0,0.2625,4150.0,0.0008312993539124192,0.00011998096794945082
11280.636482689733,42.84567875365479,0.38485993176155503,-16408.40452623427,0.003029645504121702,13.0,0.2625,4150.0,0.0009005743000717874,0.00012997938194523836
11789.941442525695,40.00467441673921,0.35762520705795436,-16764.18321046413,0.0029022427629073807,14.0,0.2625,4150.0,0.0009698492462311557,0.00013997779594102596
12275.893796527987,37.38879093685461,0.33618698683467774,-17088.452182542896,0.0027828001920335403,15.0,0.2625,4150.0,0.0010391241923905239,0.0001499762099368135
12738.532227510703,34.957594733734645,0.30853357932403597,-17375.409765420118,0.0026651603589521395,16.0,0.2625,4100.0,0.001102656137832017,0.00015997462393260107
13177.489195257154,33.17986585500742,0.3076825018089849,-17627.187923337908,0.0025656465410116543,17.0,0.2625,4100.0,0.0011715721464465182,0.00016997303792838864
13600.074716718042,31.101339699919926,0.26361248162012424,-17857.083639433506,0.0024703163461190975,18.0,0.2625,4100.0,0.0012404881550610192,0.0001799714519241762
14001.288062601157,29.699004199401426,0.26291499542339813,-18063.775755096052,0.0023835229546185573,19.0,0.2625,4100.0,0.0013094041636755203,0.0001899698659199638
14388.19238983065,28.169258424115103,0.24775998117029954,-18243.818982468038,0.0023008212343971954,20.0,0.2625,4100.0,0.0013783201722900214,0.00019996827991575138
14757.258124773434,26.883741179831336,0.23954124023146936,-18402.776838641323,0.0022248786447887085,21.0,0.2625,4100.0,0.0014396984924623117,0.00020996669391153895
15113.96522517408,25.74297862948556,0.23173223420068437,-18553.042732515634,0.002152300499453699,22.0,0.2625,4100.0,0.0015082555635319453,0.00021996510790732647
15457.703236269197,24.589989552849925,0.21476096406342648,-18680.773641566433,0.0020786803631127632,23.0,0.2625,4050.0,0.0015768126346015793,0.0002299635219031141
15783.850804053262,23.636623153939414,0.19680319832285648,-18786.915746330626,0.0020167575733121244,24.0,0.2625,4050.0,0.0016453697056712131,0.00023996193589890163
16103.034994862108,22.641247197910808,0.1960728053100643,-18887.35197495341,0.001955897306832553,25.0,0.2625,4050.0,0.0017139267767408472,0.00024996034989468915
16407.530621033522,21.81214520020665,0.1972662276527145,-18971.07533898213,0.0019001640438344595,26.0,0.2625,4050.0,0.0017731514716439337,0.0002599587638904767
16700.130427624637,21.019611437482467,0.17792297587941547,-19036.37584635986,0.0018471444183695562,27.0,0.2625,4050.0,0.0018413496051687005,0.00026995717788626434
16985.35264211444,20.367990498301452,0.17537777109622646,-19102.765756780685,0.0017959770150414943,28.0,0.2625,4050.0,0.0019095477386934674,0.0002799555918820519
17263.581313521023,19.574555232644073,0.16756458273930447,-19154.720534033306,0.0017470664975055034,29.0,0.2625,4050.0,0.0019777458722182338,0.00028995400587783943
17529.72716860955,18.986805772776968,0.15165663006358765,-19193.873990865548,0.0017024896144095566,30.0,0.2625,4050.0,0.0020459440057430003,0.000299952419873627
0.0,0.0,0.0,-2.628212131370674,0.006627228684539537,0.0,0.30291666666666667,4300.0,0.0,
1508.4110850847642,244.17554248170515,4.5466680258690975,-3834.2283436166836,0.006054550563232336,1.0,0.30291666666666667,4300.0,7.071069633883703e-05,9.998413995787567e-06
2717.517115100175,229.95481612375022,4.906820637627497,-6318.555695283081,0.005582047798994333,2.0,0.30291666666666667,4300.0,0.00014142139267767407,1.9996827991575134e-05
3777.769645738578,166.73090197951814,5.1307652047719685,-8147.969873300492,0.005153975003415324,3.0,0.30291666666666667,4250.0,0.00021105527638190955,2.9995241987362704e-05
4736.391125687443,126.86334751333102,4.705237654605491,-9592.831404934557,0.004809872942630613,4.0,0.30291666666666667,4250.0,0.00028140703517587936,3.999365598315027e-05
5615.846136601557,102.26926525388389,5.276716241591293,-10782.240804961533,0.004508169800272191,5.0,0.30291666666666667,4250.0,0.0003499641062455133,4.9992069978937845e-05
6427.727562908045,85.86880544987878,3.574911228910638,-11787.727425192854,0.004224218337609994,6.0,0.30291666666666667,4200.0,0.0004199569274946159,5.999048397472541e-05
7183.258706166199,74.07747300722481,1.2993331223793976,-12652.557983563915,0.0039894106370580405,7.0,0.30291666666666667,4200.0,0.0004899497487437187,6.998889797051298e-05
7889.280825941733,65.06580969059421,7.42454090697135,-13409.786578656538,0.0037779023284027474,8.0,0.30291666666666667,4200.0,0.0005570710696338836,7.998731196630054e-05
8549.92615064498,57.92223528668038,4.340203089613926,-14073.672655526876,0.0035874330778196957,9.0,0.30291666666666667,4200.0,0.0006267049533381191,8.99857259620881e-05
9172.750065816015,52.15338711064587,4.1601452606419675,-14663.732822812315,0.003414469342393045,10.0,0.30291666666666667,4200.0,0.0006963388370423546,9.998413995787569e-05
9758.302473323145,47.787468213655956,3.813604522220112,-15186.540140452511,0.003246994531884691,11.0,0.30291666666666667,4150.0,0.00076597272074659,0.00010998255395366323
10313.327362543401,43.893848623327564,0.39469983137010684,-15656.37633655873,0.0031038061787369386,12.0,0.30291666666666667,4150.0,0.0008312993539124192,0.00011998096794945082
10838.786947720662,40.42814274345135,0.36360988135120637,-16076.621144112236,0.0029718952676472247,13.0,0.30291666666666667,4150.0,0.0009005743000717874,0.00012997938194523836
11336.421618701279,37.74596692987211,0.33838643975528854,-16451.35832191538,0.002851788907001964,14.0,0.30291666666666667,4150.0,0.0009698492462311557,0.00013997779594102596
11811.856305088571,35.27203041550499,0.3174297503745677,-16794.828997982055,0.002738909565608602,15.0,0.30291666666666667,4150.0,0.0010391241923905239,0.0001499762099368135
12264.926789618974,32.97854712196576,0.2917335221523331,-17101.06712492164,0.0026343144743700268,16.0,0.30291666666666667,4150.0,0.001102656137832017,0.00015997462393260107
12695.108696671188,31.301114998108968,0.29116661544527167,-17371.829625357837,0.0025323739115435894,17.0,0.30291666666666667,4100.0,0.0011715721464465182,0.00016997303792838864
13109.793177885236,29.337647431552718,0.24889356650331207,-17620.647493086137,0.0024416701079652743,18.0,0.30291666666666667,4100.0,0.0012404881550610192,0.0001799714519241762
13503.72721100066,28.01001098667033,0.24838639483808556,-17845.936804150588,0.0023589050338524145,19.0,0.30291666666666667,4100.0,0.0013094041636755203,0.0001899698659199638
13883.978376524718,26.570450866199533,0.23433523294747555,-18044.68604650732,0.0022799007715544857,20.0,0.30291666666666667,4100.0,0.0013783201722900214,0.00019996827991575138
14246.909206828415,25.352808807901326,0.22678761702764383,-18221.687369794556,0.0022072041695945575,21.0,0.30291666666666667,4100.0,0.0014396984924623117,0.00020996669391153895
14597.934748530382,24.2749770150339,0.21963653643721312,-18389.558964072196,0.0021376121996645107,22.0,0.30291666666666667,4100.0,0.0015082555635319453,0.00021996510790732647
14936.549632467772,23.188065324006008,0.20389183554128135,-18534.775627848758,0.002071583495562193,23.0,0.30291666666666667,4100.0,0.0015768126346015793,0.0002299635219031141
15257.861523832824,22.288207455495026,0.18589648651460025,-18657.630532685267,0.002011773705862843,24.0,0.30291666666666667,4100.0,0.0016453697056712131,0.00023996193589890163
15572.697479238272,21.34834344838873,0.1852994657861142,-18774.599075051592,0.001948303752376207,25.0,0.30291666666666667,4050.0,0.0017139267767408472,0.00024996034989468915
15873.057746518414,20.56413979685866,0.18651615547695735,-18874.07099016944,0.0018945179083145983,26.0,0.30291666666666667,4050.0,0.0017731514716439337,0.0002599587638904767
16161.920559711803,19.820615112290238,0.16848742191515118,-18955.56901806638,0.0018432869625850154,27.0,0.30291666666666667,4050.0,0.0018413496051687005,0.00026995717788626434
16443.64139172728,19.205915487899116,0.16619684441388105,-19037.141503122264,0.0017937787286443707,28.0,0.30291666666666667,4050.0,0.0019095477386934674,0.0002799555918820519
16718.617272535066,18.454021323590744,0.15898017392559888,-19104.63460838504,0.0017463755561827196,29.0,0.30291666666666667,4050.0,0.0019777458722182338,0.00028995400587783943
16981.618888719186,17.896649853719357,0.1429413042614313,-19158.044385907262,0.0017031223959326459,30.0,0.30291666666666667,4050.0,0.0020459440057430003,0.000299952419873627
0.0,0.0,0.0,-2.628212131370674,0.006212221346887208,0.0,0.3433333333333333,4300.0,0.0,
1419.0345099728434,229.28958284417646,4.284930883548037,-3615.707795354705,0.005708772853097166,1.0,0.3433333333333333,4300.0,7.071069633883703e-05,9.998413995787567e-06
2563.7397606782706,216.35131487989958,4.64211507089415,-5987.689126350364,0.005289878035903536,2.0,0.3433333333333333,4300.0,0.00014142139267767407,1.9996827991575134e-05
3572.470773358326,157.00757271942516,4.871833102094708,-7754.6277042325455,0.004905510813456067,3.0,0.3433333333333333,4250.0,0.00021105527638190955,2.9995241987362704e-05
4488.094481735621,119.42544791117794,4.479091492052408,-9164.94681097952,0.0045961908963171,4.0,0.3433333333333333,4250.0,0.00028140703517587936,3.999365598315027e-05
5330.860771629054,96.25284529454439,5.037284662251812,-10336.854696130322,0.00432335678294578,5.0,0.3433333333333333,4250.0,0.0003499641062455133,4.9992069978937845e-05
6111.05906699964,80.801500201683,3.415770761085493,-11335.80531157225,0.004081213638247946,6.0,0.3433333333333333,4250.0,0.0004199569274946159,5.999048397472541e-05
6838.857711031624,69.69239338541793,1.2382253956624507,-12201.57257342006,0.0038492082216410317,7.0,0.3433333333333333,4200.0,0.0004899497487437187,6.998889797051298e-05
7520.466331961417,61.20658995146347,7.132651408692864,-12965.166849890185,0.00365512028127308,8.0,0.3433333333333333,4200.0,0.0005570710696338836,7.998731196630054e-05
8159.508606358292,54.47739847537753,4.170938048883897,-13639.193213219296,0.003479606490905845,9.0,0.3433333333333333,4200.0,0.0006267049533381191,8.99857259620881e-05
8763.02234749957,49.04638269266764,4.00254836749904,-14241.978302259064,0.0033196080144031544,10.0,0.3433333333333333,4200.0,0.0006963388370423546,9.998413995787569e-05
9331.306978349696,44.94269243213316,3.6727110535300422,-14779.325103376359,0.0031740939387195533,11.0,0.3433333333333333,4200.0,0.00076597272074659,0.00010998255395366323
9870.78520750437,41.271205157183374,0.37212620978638505,-15265.109569076849,0.0030298729305564586,12.0,0.3433333333333333,4150.0,0.0008312993539124192,0.00011998096794945082
10382.245197907985,38.01461107548094,0.3423674906209865,-15702.474419720253,0.0029066680121205106,13.0,0.3433333333333333,4150.0,0.0009005743000717874,0.00012997938194523836
10867.174123220333,35.491124338884354,0.3190854765698547,-16094.821961298512,0.0027941470048176765,14.0,0.3433333333333333,4150.0,0.0009698492462311557,0.00013997779594102596
11331.091310587937,33.15959522340634,0.298705238028461,-16456.355129536387,0.00268812615409241,15.0,0.3433333333333333,4150.0,0.0010391241923905239,0.0001499762099368135
11773.655463272307,31.003529964304708,0.274906957880926,-16781.174317801822,0.0025896385251915855,16.0,0.3433333333333333,4150.0,0.001102656137832017,0.00015997462393260107
12194.178316160082,29.4262046289079,0.2745917525886377,-17070.04957694591,0.0024999678562545994,17.0,0.3433333333333333,4150.0,0.0011715721464465182,0.00016997303792838864
12600.107585719456,27.57787716771126,0.23420149454739536,-17337.106365250074,0.0024069945584067804,18.0,0.3433333333333333,4100.0,0.0012404881550610192,0.0001799714519241762
12985.965941063349,26.325369040972845,0.23386364874786875,-17580.563134868913,0.002328528470670565,19.0,0.3433333333333333,4100.0,0.0013094041636755203,0.0001899698659199638
13358.780869725062,24.975344991699682,0.22087933414425087,-17797.730919952606,0.00225348732166844,20.0,0.3433333333333333,4100.0,0.0013783201722900214,0.00019996827991575138
13714.847057166078,23.83224475134934,0.213972852287116,-17992.60831372156,0.0021842905821914385,21.0,0.3433333333333333,4100.0,0.0014396984924623117,0.00020996669391153895
14059.552328657874,22.81123646872713,0.2074486669487931,-18178.012639657973,0.002117932056225234,22.0,0.3433333333333333,4100.0,0.0015082555635319453,0.00021996510790732647
14392.3691094527,21.790164181768134,0.192890488242159,-18340.760985718218,0.002054854623595491,23.0,0.3433333333333333,4100.0,0.0015768126346015793,0.0002299635219031141
14708.216577480263,20.94374707941246,0.17499787861552168,-18480.448524743682,0.001997612647472594,24.0,0.3433333333333333,4100.0,0.0016453697056712131,0.00023996193589890163
15018.091146245171,20.05938982201722,0.17452113808735528,-18614.4227607328,0.001941179145016162,25.0,0.3433333333333333,4100.0,0.0017139267767408472,0.00024996034989468915
15313.73787467131,19.320268983549607,0.17574893213154114,-18729.672537964412,0.001889346609776854,26.0,0.3433333333333333,4100.0,0.0017731514716439337,0.0002599587638904767
15598.325128419958,18.627887336774418,0.1590002632128852,-18827.618575908575,0.0018355135482886614,27.0,0.3433333333333333,4050.0,0.0018413496051687005,0.00026995717788626434
15876.118013234509,18.04724200134404,0.15694832209951834,-18924.697313187076,0.0017878565900981678,28.0,0.3433333333333333,4050.0,0.0019095477386934674,0.0002799555918820519
16147.335780775942,17.337256378658033,0.1503053023841789,-19008.021612993136,0.0017421495379444402,29.0,0.3433333333333333,4050.0,0.0019777458722182338,0.00028995400587783943
16406.713013117936,16.810770635003866,0.13427516367576597,-19076.107189758746,0.0017003911762117374,30.0,0.3433333333333333,4050.0,0.0020459440057430003,0.000299952419873627
0.0,0.0,0.0,-2.628212131370674,0.005801430571791282,0.0,0.38375,4300.0,0.0,
1329.9031387550817,214.4919837856034,4.0229700540194075,-3396.617940145734,0.005362163559662403,1.0,0.38375,4300.0,7.071069633883703e-05,9.998413995787567e-06
2409.487632591361,202.77317198416495,4.375249174265545,-5652.224226808321,0.004993639562114779,2.0,0.38375,4300.0,0.00014142139267767407,1.9996827991575134e-05
3365.535425361514,147.28087631697292,4.608966505655936,-7351.621603575761,0.0046509506052269094,3.0,0.38375,4250.0,0.00021105527638190955,2.9995241987362704e-05
4236.784908612469,111.99510116938771,4.248492701646219,-8722.183791260948,0.004375062933110298,4.0,0.38375,4250.0,0.00028140703517587936,3.999365598315027e-05
5041.389354659247,90.2414097233521,4.791837420209816,-9871.595954070639,0.004130257362720005,5.0,0.38375,4250.0,0.0003499641062455133,4.9992069978937845e-05
5788.400675261297,75.7419653701052,3.252497332707145,-10859.53348576661,0.003911798340357081,6.0,0.38375,4250.0,0.0004199569274946159,5.999048397472541e-05
6486.976513057848,65.31613420052501,1.175557177163653,-11721.903405900928,0.003700052577460108,7.0,0.38375,4200.0,0.0004899497487437187,6.998889797051298e-05
7142.706427898702,57.351639816312044,6.829893814964688,-12488.097249104307,0.0035233129345251103,8.0,0.38375,4200.0,0.0005570710696338836,7.998731196630054e-05
7758.725762150994,51.04458768019782,3.995556316909714,-13168.925867934151,0.00336280508187126,9.0,0.38375,4200.0,0.0006267049533381191,8.99857259620881e-05
8341.557922430826,45.9523949129661,3.838930116227978,-13781.488971166218,0.0032159078498957155,10.0,0.38375,4200.0,0.0006963388370423546,9.998413995787569e-05
8891.264955709066,42.10247010029833,3.5261626682265725,-14331.032979082127,0.003081822491169726,11.0,0.38375,4200.0,0.00076597272074659,0.00010998255395366323
9413.94023423659,38.66191798086425,0.3494942406940796,-14830.383944216337,0.002957709658514435,12.0,0.38375,4200.0,0.0008312993539124192,0.00011998096794945082
9910.195049637558,35.60579264915654,0.32113495617749876,-15282.76504944815,0.0028333058731385913,13.0,0.38375,4150.0,0.0009005743000717874,0.00012997938194523836
10381.284509975305,33.24082013651779,0.2997265290082425,-15691.05112377827,0.0027286419503020024,14.0,0.38375,4150.0,0.0009698492462311557,0.00013997779594102596
10832.59296551617,31.052112768976002,0.28001467010678527,-16069.202823879372,0.0026297606819966975,15.0,0.38375,4150.0,0.0010391241923905239,0.0001499762099368135
11263.610450498507,29.03313014848085,0.2580567676958696,-16411.37510329816,0.002537665252037344,16.0,0.38375,4150.0,0.001102656137832017,0.00015997462393260107
11673.496261235268,27.5556967385295,0.2579618119068774,-16717.428662177175,0.0024535818087113082,17.0,0.38375,4150.0,0.0011715721464465182,0.00016997303792838864
12069.720714996487,25.822556049308233,0.21953725219171633,-17002.2785436408,0.0023725472802235805,18.0,0.38375,4150.0,0.0012404881550610192,0.0001799714519241762
12446.604755195902,24.650046088115552,0.21934844663730896,-17262.901165658834,0.0022982452499334567,19.0,0.38375,4150.0,0.0013094041636755203,0.0001899698659199638
12811.12118135089,23.38442184255601,0.20739508563657355,-17497.81629048758,0.002220883141289442,20.0,0.38375,4100.0,0.0013783201722900214,0.00019996827991575138
13159.498674150076,22.31546825807285,0.2011006605800749,-17710.19248138719,0.002155444040810255,21.0,0.38375,4100.0,0.0014396984924623117,0.00020996669391153895
13497.13547560411,21.35218953142925,0.1951732339774985,-17912.855313119333,0.002092572142704577,22.0,0.38375,4100.0,0.0015082555635319453,0.00021996510790732647
13823.353436248462,20.396700243791667,0.18176270806886394,-18092.98637964442,0.002032693415415104,23.0,0.38375,4100.0,0.0015768126346015793,0.0002299635219031141
14133.095792438573,19.60364376769109,0.16410864829178512,-18249.45899415647,0.001978249881164643,24.0,0.38375,4100.0,0.0016453697056712131,0.00023996193589890163
14437.31862839642,18.774769806102057,0.16373958100249153,-18400.63304155242,0.0019244885985183458,25.0,0.38375,4100.0,0.0017139267767408472,0.00024996034989468915
14727.592238848913,18.080895088089,0.164966700830599,-18532.03667884884,0.0018750202904739511,26.0,0.38375,4100.0,0.0017731514716439337,0.0002599587638904767
15007.274456222378,17.43862336225197,0.14946468750307354,-18646.171973279757,0.0018277611379779552,27.0,0.38375,4100.0,0.0018413496051687005,0.00026995717788626434
15280.557549014771,16.892319392834434,0.14763595126844078,-18759.125633402604,0.0017819670104899598,28.0,0.38375,4100.0,0.0019095477386934674,0.0002799555918820519
15547.485428607555,16.224586804289768,0.14154441109495577,-18858.41595357984,0.0017337666845274311,29.0,0.38375,4050.0,0.0019777458722182338,0.00028995400587783943
15802.739997518513,15.73680610473921,0.12565773129731408,-18941.458525034017,0.0016936872196703454,30.0,0.38375,4050.0,0.0020459440057430003,0.000299952419873627
0.0,0.0,0.0,-2.628212131370674,0.005394761022132862,0.0,0.42416666666666664,4300.0,0.0,
1241.0166139172347,199.78737112136452,3.7607814184003305,-3176.983829425946,0.005014761650320217,1.0,0.42416666666666664,4300.0,7.071069633883703e-05,9.998413995787567e-06
2254.75984855673,189.22014365153208,4.106174891048272,-5312.204975266242,0.004693366890859178,2.0,0.42416666666666664,4300.0,0.00014142139267767407,1.9996827991575134e-05
3156.946610009672,137.56005027525137,4.342035919028762,-6938.920340855104,0.004390263406465078,3.0,0.42416666666666664,4250.0,0.00021105527638190955,2.9995241987362704e-05
3982.4136206376793,104.56820693015493,4.013251123201379,-8264.337999811789,0.004146364506789299,4.0,0.42416666666666664,4250.0,0.00028140703517587936,3.999365598315027e-05
4747.327122907928,84.23883507118896,4.540068029088393,-9386.007450891935,0.003928646324261108,5.0,0.42416666666666664,4250.0,0.0003499641062455133,4.9992069978937845e-05
5459.577230808644,70.68618891139131,3.0848515941545998,-10358.000270688171,0.0037332893700111015,6.0,0.42416666666666664,4250.0,0.0004199569274946159,5.999048397472541e-05
6127.356423044796,60.94800278264077,1.1108559558477846,-11212.654653397345,0.0035569662076449875,7.0,0.42416666666666664,4250.0,0.0004899497487437187,6.998889797051298e-05
6755.650811934974,53.502171512883464,6.515517064054087,-11977.077158501685,0.0033819985429084237,8.0,0.42416666666666664,4200.0,0.0005570710696338836,7.998731196630054e-05
7347.1295112825765,47.61691653875099,3.8135951909891346,-12660.977472329432,0.0032364796517694787,9.0,0.42416666666666664,4200.0,0.0006267049533381191,8.99857259620881e-05
7907.808866115514,42.863575906567014,3.6688253594065063,-13279.973375835369,0.00310276252601249,10.0,0.42416666666666664,4200.0,0.0006963388370423546,9.998413995787569e-05
8437.520073854595,39.26765252284843,3.3735017657165742,-13838.730684056223,0.002980251397370099,11.0,0.42416666666666664,4200.0,0.00076597272074659,0.00010998255395366323
8942.027545180446,36.05777233016117,0.3268082490726579,-14349.294423024367,0.0028664488830329373,12.0,0.42416666666666664,4200.0,0.0008312993539124192,0.00011998096794945082
9421.76392509885,33.20241172994655,0.2999143924531705,-14814.224333584127,0.002760654717994167,13.0,0.42416666666666664,4200.0,0.0009005743000717874,0.00012997938194523836
9877.766687466808,30.99574148492226,0.28031366327899465,-15236.224437513243,0.0026545310788748727,14.0,0.42416666666666664,4150.0,0.0009698492462311557,0.00013997779594102596
10315.25791641739,28.950221566066578,0.26135921164489334,-15629.191232821213,0.002563052215896145,15.0,0.42416666666666664,4150.0,0.0010391241923905239,0.0001499762099368135
10733.574042068469,27.06794518922946,0.24118572693351992,-15987.148778907955,0.0024776191377050903,16.0,0.42416666666666664,4150.0,0.001102656137832017,0.00015997462393260107
11131.750432190838,25.69016346275705,0.2412805553907592,-16309.069369295903,0.0023993946678096214,17.0,0.42416666666666664,4150.0,0.0011715721464465182,0.00016997303792838864
11517.182924453225,24.072219895136705,0.20490177797615247,-16610.599081392465,0.0023238318374748605,18.0,0.42416666666666664,4150.0,0.0012404881550610192,0.0001799714519241762
11884.091207810623,22.982528048537308,0.20484240561199968,-16887.75085637015,0.0022543709532523355,19.0,0.42416666666666664,4150.0,0.0013094041636755203,0.0001899698659199638
12239.365826149615,21.798170050354848,0.1938851786882733,-17139.59408321447,0.0021876971291566925,20.0,0.42416666666666664,4150.0,0.0013783201722900214,0.00019996827991575138
12579.14452330895,20.80294850053536,0.18817461810161976,-17368.534039089005,0.0021259477679129095,21.0,0.42416666666666664,4150.0,0.0014396984924623117,0.00020996669391153895
12908.818078485756,19.90017100992045,0.18281468317120203,-17587.85829355789,0.0020607467238529437,22.0,0.42416666666666664,4100.0,0.0015082555635319453,0.00021996510790732647
13227.636454419631,19.008092664342726,0.17051408133119125,-17784.987455103575,0.002004320220999819,23.0,0.42416666666666664,4100.0,0.0015768126346015793,0.0002299635219031141
13530.491401356485,18.268303629301453,0.15323000728781644,-17957.987922996283,0.0019529117887928773,24.0,0.42416666666666664,4100.0,0.0016453697056712131,0.00023996193589890163
13828.273283845389,17.494870768598453,0.15295647159681824,-18126.177881334123,0.0019020608861840481,25.0,0.42416666666666664,4100.0,0.0017139267767408472,0.00024996034989468915
14112.445474589495,16.849327610378396,0.15417151288526645,-18273.677767242676,0.0018551817548544088,26.0,0.42416666666666664,4100.0,0.0017731514716439337,0.0002599587638904767
14386.504285130035,16.25319106647282,0.13988375309277604,-18404.026706337703,0.0018103285345651122,27.0,0.42416666666666664,4100.0,0.0018413496051687005,0.00026995717788626434
14654.568083328466,15.741501188861648,0.13826332845395012,-18533.316184300893,0.00176679659845316,28.0,0.42416666666666664,4100.0,0.0019095477386934674,0.0002799555918820519
14916.54499702544,15.116342089914756,0.13270177058529822,-18648.30592255041,0.001724906259584563,29.0,0.42416666666666664,4100.0,0.0019777458722182338,0.00028995400587783943
15167.057897366773,14.666391140803551,0.11708853551275566,-18746.703016107087,0.0016865375455835903,30.0,0.42416666666666664,4100.0,0.0020459440057430003,0.000299952419873627
0.0,0.0,0.0,-2.628212131370674,0.004992120802317674,0.0,0.4645833333333333,4300.0,0.0,
1152.369472476876,185.1700552659118,3.498359330434461,-2956.8297345457977,0.004666605392703172,1.0,0.4645833333333333,4300.0,7.071069633883703e-05,9.998413995787567e-06
2099.556048439248,175.69388812733703,3.834841810149678,-4967.676388687869,0.00438909531272385,2.0,0.4645833333333333,4300.0,0.00014142139267767407,1.9996827991575134e-05
2946.6905504989177,127.83968417115585,4.070907408280477,-6516.610166188781,0.0041459929085057665,3.0,0.4645833333333333,4300.0,0.00021105527638190955,2.9995241987362704e-05
3724.9273521010664,97.14424000317226,3.7731597376259227,-7791.20897392941,0.003909972734699857,4.0,0.4645833333333333,4250.0,0.00028140703517587936,3.999365598315027e-05
4448.566912206758,78.24001318625773,4.281644410949596,-8879.629686310494,0.003718296855118075,5.0,0.4645833333333333,4250.0,0.0003499641062455133,4.9992069978937845e-05
5124.408001371714,65.63560226579406,2.912573440724108,-9830.421432508432,0.0035453569755393884,6.0,0.4645833333333333,4250.0,0.0004199569274946159,5.999048397472541e-05
5759.73247290921,56.585213158033945,1.0449799763242034,-10672.567959581938,0.003388467602053447,7.0,0.4645833333333333,4250.0,0.0004899497487437187,6.998889797051298e-05
6358.939439261939,49.660427270320426,6.188690976941523,-11430.624761115447,0.003244562719559048,8.0,0.4645833333333333,4250.0,0.0005570710696338836,7.998731196630054e-05
6924.25394173454,44.195481799689716,3.6245535736343206,-12113.360841923815,0.003100049345964394,9.0,0.4645833333333333,4200.0,0.0006267049533381191,8.99857259620881e-05
7461.194864505102,39.78086883870102,3.491708053293336,-12735.00784153468,0.002979524760125825,10.0,0.4645833333333333,4200.0,0.0006963388370423546,9.998413995787569e-05
7969.377977275895,36.439108235911306,3.2142335039298953,-13299.55529311701,0.0028686773024690503,11.0,0.4645833333333333,4200.0,0.00076597272074659,0.00010998255395366323
8454.22799408828,33.459494639561576,0.30407241348388375,-13818.242654559966,0.002765333727155283,12.0,0.4645833333333333,4200.0,0.0008312993539124192,0.00011998096794945082
8916.012874354206,30.80520571709122,0.2787078333134578,-14293.237424636689,0.0026689380714736565,13.0,0.4645833333333333,4200.0,0.0009005743000717874,0.00012997938194523836
9355.555708988592,28.75658704601033,0.2608508040023519,-14726.491027832562,0.0025800730193291277,14.0,0.4645833333333333,4200.0,0.0009698492462311557,0.00013997779594102596
9777.89757218559,26.860130108633875,0.24356289793643318,-15131.759975704306,0.0024871590957952585,15.0,0.4645833333333333,4150.0,0.0010391241923905239,0.0001499762099368135
10182.243865096454,25.108581268365622,0.22429650782781818,-15503.535670220372,0.0024086381672326733,16.0,0.4645833333333333,4150.0,0.001102656137832017,0.00015997462393260107
10567.497546749282,23.83018517218427,0.2245516119513895,-15839.640487692137,0.0023365283319289817,17.0,0.4645833333333333,4150.0,0.0011715721464465182,0.00016997303792838864
10940.956399099974,22.327411365939803,0.19077514829475414,-16156.340051366627,0.002266703732893983,18.0,0.4645833333333333,4150.0,0.0012404881550610192,0.0001799714519241762
11296.765880621191,21.31975325363766,0.19034707256763767,-16448.711341436385,0.002202347263560283,19.0,0.4645833333333333,4150.0,0.0013094041636755203,0.0001899698659199638
11641.740057866004,20.217084125104563,0.18035219847361164,-16716.518337488524,0.002140440685629261,20.0,0.4645833333333333,4150.0,0.0013783201722900214,0.00019996827991575138
11971.879665647737,19.29516094923896,0.17519816703827634,-16961.369892958384,0.0020829678854865667,21.0,0.4645833333333333,4150.0,0.0014396984924623117,0.00020996669391153895
12292.583511578607,18.45823984870381,0.17037730240358454,-17196.39202002556,0.0020275410250038856,22.0,0.4645833333333333,4150.0,0.0015082555635319453,0.00021996510790732647
12603.094625090449,17.624764086573098,0.159150000753247,-17409.572023401255,0.0019745494971383937,23.0,0.4645833333333333,4150.0,0.0015768126346015793,0.0002299635219031141
12898.096303857548,16.938135636373662,0.1423631077776857,-17598.483507136196,0.001920705239418681,24.0,0.4645833333333333,4100.0,0.0016453697056712131,0.00023996193589890163
13188.575237218156,16.220082502684786,0.14217340848274512,-17783.242672100503,0.0018730093114597405,25.0,0.4645833333333333,4100.0,0.0017139267767408472,0.00024996034989468915
13465.848423514091,15.626384224373746,0.14336533103151444,-17946.548810025524,0.0018289502777936709,26.0,0.4645833333333333,4100.0,0.0017731514716439337,0.0002599587638904767
13733.4713019223,15.071962309249738,0.13026039373560971,-18092.912306997358,0.0017867286706287056,27.0,0.4645833333333333,4100.0,0.0018413496051687005,0.00026995717788626434
13995.531950681283,14.595143725617858,0.12883390535792844,-18238.384794180427,0.0017456810734559132,28.0,0.4645833333333333,4100.0,0.0019095477386934674,0.0002799555918820519
14251.761512910154,14.012853513369873,0.12378148531488525,-18369.05357183506,0.0017061089984959415,29.0,0.4645833333333333,4100.0,0.0019777458722182338,0.00028995400587783943
14496.806364645961,13.59986212358376,0.10856710983079045,-18483.145364554854,0.001669810601734085,30.0,0.4645833333333333,4100.0,0.0020459440057430003,0.000299952419873627
0.0,0.0,0.0,-2.628212131370674,0.004593421270132004,0.0,0.505,4300.0,0.0,
1063.960001128273,170.64379999426714,3.2356992517985415,-2736.1795237660117,0.004317732016738169,1.0,0.505,4300.0,7.071069633883703e-05,9.998413995787567e-06
1943.8762674124935,162.19609512601448,3.5616972320269276,-4618.6842657751695,0.004080861285974712,2.0,0.505,4300.0,0.00014142139267767407,1.9996827991575134e-05
2734.75286226133,118.12437151987115,3.7954350488130544,-6084.625476013345,0.0038718886304102166,3.0,0.505,4300.0,0.00021105527638190955,2.9995241987362704e-05
3464.2775156984776,89.73197358109398,3.527998867210345,-7302.600566511574,0.0036657669718883424,4.0,0.505,4250.0,0.00028140703517587936,3.999365598315027e-05
4145.003999083609,72.24734785810536,4.016206917117355,-8352.003392809886,0.0034989808679136963,5.0,0.505,4250.0,0.0003499641062455133,4.9992069978937845e-05
4782.712318694375,60.59656214325506,2.735377901925699,-9276.001213521391,0.0033476644868330368,6.0,0.505,4250.0,0.0004199569274946159,5.999048397472541e-05
5383.831296422302,52.229124755292794,0.9778528844535014,-10100.340365645243,0.0032096840316825754,7.0,0.505,4250.0,0.0004899497487437187,6.998889797051298e-05
5952.193741666022,45.83214028045735,5.8471149114850975,-10847.345174299335,0.0030825160923334104,8.0,0.505,4250.0,0.0005570710696338836,7.998731196630054e-05
6489.610667106207,40.78141910130561,3.4278659112605308,-11524.008248876897,0.0029655560641535907,9.0,0.505,4250.0,0.0006267049533381191,8.99857259620881e-05
7001.1034585363805,36.70523225556369,3.307148357774322,-12144.029579920214,0.0028455055801233694,10.0,0.505,4200.0,0.0006963388370423546,9.998413995787569e-05
7486.1024914749205,33.61772086533778,3.047795982515255,-12710.457307591103,0.002746344943552369,11.0,0.505,4200.0,0.00076597272074659,0.00010998255395366323
7949.677190747586,30.86790546238118,0.2812907696005358,-13233.690816784103,0.0026535507291504615,12.0,0.505,4200.0,0.0008312993539124192,0.00011998096794945082
8391.939479015819,28.41492272925975,0.25751723378679936,-13715.493723585023,0.0025666940318001276,13.0,0.505,4200.0,0.0009005743000717874,0.00012997938194523836
8813.514522601816,26.524064646290622,0.2413417379587831,-14157.27734594336,0.0024863470473520046,14.0,0.505,4200.0,0.0009698492462311557,0.00013997779594102596
9219.241916088922,24.777059149988208,0.22570801338520652,-14572.407205366326,0.002409811399944452,15.0,0.505,4200.0,0.0010391241923905239,0.0001499762099368135
9608.192605151744,23.15565114116802,0.2073916822946494,-14955.171344831608,0.002337926571601951,16.0,0.505,4200.0,0.001102656137832017,0.00015997462393260107
9979.182303887472,21.97634843327669,0.20777848104380356,-15303.260293613377,0.002264001973261971,17.0,0.505,4150.0,0.0011715721464465182,0.00016997303792838864
10339.356337434714,20.588678016291652,0.17695843367598027,-15633.185344781647,0.002200163125157783,18.0,0.505,4150.0,0.0012404881550610192,0.0001799714519241762
10682.825156155805,19.662254954190562,0.17586392636965667,-15939.053072125134,0.002141160559407985,19.0,0.505,4150.0,0.0013094041636755203,0.0001899698659199638
11016.27480469943,18.64166264393941,0.16679862755980607,-16221.290979440855,0.0020842764417256087,20.0,0.505,4150.0,0.0013783201722900214,0.00019996827991575138
11335.61543148672,17.79258562459547,0.16217461988779683,-16480.725857449157,0.0020313329927986084,21.0,0.505,4150.0,0.0014396984924623117,0.00020996669391153895
11646.20854365053,17.021217927641782,0.1578652265563031,-16730.464943722276,0.0019801629908425588,22.0,0.505,4150.0,0.0015082555635319453,0.00021996510790732647
11947.306795118948,16.2482788057707,0.14767567139432197,-16958.952141078727,0.0019311338910561204,23.0,0.505,4150.0,0.0015768126346015793,0.0002299635219031141
12233.413339624578,15.613550056033736,0.13150904466930316,-17162.852682878023,0.0018862756596557393,24.0,0.505,4150.0,0.0016453697056712131,0.00023996193589890163
12515.535012802393,14.950795713209018,0.13139191499722502,-17363.003968988087,0.001841735213314945,25.0,0.505,4150.0,0.0017139267767408472,0.00024996034989468915
12785.031194020368,14.407928337757582,0.1325500326981844,-17541.461867689934,0.0017953002483936864,26.0,0.505,4100.0,0.0017731514716439337,0.0002599587638904767
13045.334245519238,13.895311469221815,0.12059742336448805,-17703.360878466206,0.0017559409688852467,27.0,0.505,4100.0,0.0018413496051687005,0.00026995717788626434
13300.452911320264,13.453604728520656,0.1193509944261377,-17864.584897722278,0.001717606429335074,28.0,0.505,4100.0,0.0019095477386934674,0.0002799555918820519
13550.063070277321,12.914452800187929,0.11478749987480588,-18010.661494594293,0.0016805787838596086,29.0,0.505,4100.0,0.0019777458722182338,0.00028995400587783943
13788.79428147547,12.537557633846893,0.10043835704540846,-18140.231327018606,0.0016465621708354175,30.0,0.505,4100.0,0.0020459440057430003,0.000299952419873627
0.0,0.0,0.0,-2.628212131370674,0.00419857686892924,0.0,0.5454166666666667,4300.0,0.0,
975.7871708790098,156.20626835568407,2.9729215545705685,-2515.0563718498015,0.003968178007168834,1.0,0.5454166666666667,4300.0,7.071069633883703e-05,9.998413995787567e-06
1787.7211640962068,148.72856224949493,3.2861731324121823,-4265.275310326491,0.0037687023292696047,2.0,0.5454166666666667,4300.0,0.00014142139267767407,1.9996827991575134e-05
2521.1194094223797,108.41425096825071,3.515466132030318,-5642.874587307451,0.0035914905827356624,3.0,0.5454166666666667,4300.0,0.00021105527638190955,2.9995241987362704e-05
3200.4142441468744,82.324512049759,3.277531277134464,-6798.321789879592,0.0034136293023721447,4.0,0.5454166666666667,4250.0,0.00028140703517587936,3.999365598315027e-05
3836.5299269290117,66.26784648868383,3.743365961794604,-7802.670315461721,0.003270470052290217,5.0,0.5454166666666667,4250.0,0.0003499641062455133,4.9992069978937845e-05
4434.309443027755,55.56701864650839,2.552952506345909,-8693.93318064051,0.003139869246307272,6.0,0.5454166666666667,4250.0,0.0004199569274946159,5.999048397472541e-05
4999.37180549357,47.88200401750965,0.9093880801836767,-9494.754336076418,0.003020161171858252,7.0,0.5454166666666667,4250.0,0.0004899497487437187,6.998889797051298e-05
5535.025865343701,42.01189161309747,5.4906508243578545,-10225.260243830431,0.0029092992045941773,8.0,0.5454166666666667,4250.0,0.0005570710696338836,7.998731196630054e-05
6042.687482737433,37.37583532231892,3.223303802865563,-10891.135406461413,0.002806871141378263,9.0,0.5454166666666667,4250.0,0.0006267049533381191,8.99857259620881e-05
6526.895851427916,33.63763927103636,3.1148530755058186,-11504.370763975654,0.00271160782281566,10.0,0.5454166666666667,4250.0,0.0006963388370423546,9.998413995787569e-05
6986.91381280274,30.804386244698513,2.873547674762364,-12068.197457582777,0.002612443823655859,11.0,0.5454166666666667,4200.0,0.00076597272074659,0.00010998255395366323
7427.447426656434,28.28383602540031,0.25846721379632454,-12591.850068752283,0.002530220382392973,12.0,0.5454166666666667,4200.0,0.0008312993539124192,0.00011998096794945082
7848.467851719466,26.033032720755287,0.23634447188099517,-13076.65182083007,0.002452982756743389,13.0,0.5454166666666667,4200.0,0.0009005743000717874,0.00012997938194523836
8250.415650128654,24.299438699303938,0.22179011785327854,-13523.492287390021,0.0023812800214746653,14.0,0.5454166666666667,4200.0,0.0009698492462311557,0.00013997779594102596
8637.906122648059,22.700437579065333,0.2077476348692902,-13945.327297474723,0.002312765696337996,15.0,0.5454166666666667,4200.0,0.0010391241923905239,0.0001499762099368135
9009.887862318239,21.20977192193287,0.1904737247511223,-14336.297282043939,0.0022482183768810044,16.0,0.5454166666666667,4200.0,0.001102656137832017,0.00015997462393260107
9365.103626374217,20.12924385356569,0.19096453630631527,-14693.852874623059,0.002188582857348724,17.0,0.5454166666666667,4200.0,0.0011715721464465182,0.00016997303792838864
9710.516175598921,18.85657024762535,0.1630278458588751,-15034.230986988157,0.0021305427355996494,18.0,0.5454166666666667,4200.0,0.0012404881550610192,0.0001799714519241762
10040.249953671479,18.010570575543667,0.1613943800388463,-15351.29110025215,0.0020696639354625553,19.0,0.5454166666666667,4150.0,0.0013094041636755203,0.0001899698659199638
10360.791172206356,17.072406352667592,0.1532268493440809,-15645.945446299243,0.002018039409042261,20.0,0.5454166666666667,4150.0,0.0013783201722900214,0.00019996827991575138
10668.043911427767,16.295705258772692,0.14910716371405996,-15918.175876301939,0.0019698643288983218,21.0,0.5454166666666667,4150.0,0.0014396984924623117,0.00020996669391153895
10967.239884637609,15.589569498622582,0.14528244223976905,-16180.993065533752,0.0019231959546360134,22.0,0.5454166666666667,4150.0,0.0015082555635319453,0.00021996510790732647
11257.653074542046,14.882118013208965,0.136096116485202,-16423.332305453652,0.0018783769661544485,23.0,0.5454166666666667,4150.0,0.0015768126346015793,0.0002299635219031141
11533.68714978201,14.29960859828061,0.12066885786469375,-16641.129926683265,0.0018372752182628526,24.0,0.5454166666666667,4150.0,0.0016453697056712131,0.00023996193589890163
11806.279875227203,13.69247941461061,0.1206134422895945,-16855.468800598042,0.0017963825309616052,25.0,0.5454166666666667,4150.0,0.0017139267767408472,0.00024996034989468915
12066.841088856354,13.194350391008786,0.12172741320439136,-17048.129361822845,0.001758465992670931,26.0,0.5454166666666667,4150.0,0.0017731514716439337,0.0002599587638904767
12318.834407632596,12.723613922006635,0.11089754068726304,-17224.947761583506,0.0017219966015851007,27.0,0.5454166666666667,4150.0,0.0018413496051687005,0.00026995717788626434
12565.886301429982,12.317241845382343,0.10981777424199621,-17400.756694331983,0.0016864149457638741,28.0,0.5454166666666667,4150.0,0.0019095477386934674,0.0002799555918820519
12808.005544531963,11.821470747860062,0.10572360499403091,-17561.576136457952,0.001647127069336042,29.0,0.5454166666666667,4100.0,0.0019777458722182338,0.00028995400587783943
13039.470821197645,11.479817050072743,0.09271787292355028,-17706.09856959497,0.0016156089476184149,30.0,0.5454166666666667,4100.0,0.0020459440057430003,0.000299952419873627
0.0,0.0,0.0,-2.628212131370674,0.0038075049797774195,0.0,0.5858333333333333,4300.0,0.0,
887.8467784996451,141.85857188464954,2.7101043126615068,-2293.483029514231,0.003617979036044687,1.0,0.5858333333333333,4300.0,7.071069633883703e-05,9.998413995787567e-06
1631.0920306358503,135.2931325085465,3.008121497710605,-3907.497163815082,0.0034526570104321513,2.0,0.5858333333333333,4300.0,0.00014142139267767407,1.9996827991575134e-05
2305.778928310344,98.70961571429956,3.230837372383599,-5191.341837363361,0.0033047756162960817,3.0,0.5858333333333333,4300.0,0.00021105527638190955,2.9995241987362704e-05
2933.2914298810315,74.92665847801626,3.021640588892457,-6278.357542284364,0.0031708854685148654,4.0,0.5858333333333333,4300.0,0.00028140703517587936,3.999365598315027e-05
3523.0385236150532,60.295896430118994,3.4626972602467383,-7231.175157792706,0.003032536457827534,5.0,0.5858333333333333,4250.0,0.0003499641062455133,4.9992069978937845e-05
4079.0131734893002,50.54601922001853,2.3649531407347206,-8083.403690592735,0.002921623471305239,6.0,0.5858333333333333,4250.0,0.0004199569274946159,5.999048397472541e-05
4606.066203975989,43.5492694014579,0.8394869576498477,-8854.564075197988,0.0028194320178623737,7.0,0.5858333333333333,4250.0,0.0004899497487437187,6.998889797051298e-05
5107.029725994036,38.20093379096917,5.118570301438971,-9562.631962123654,0.0027243297461365624,8.0,0.5858333333333333,4250.0,0.0005570710696338836,7.998731196630054e-05
5582.952187717706,33.98266623419688,3.0082535864834363,-10212.069641314338,0.002636056430866554,9.0,0.5858333333333333,4250.0,0.0006267049533381191,8.99857259620881e-05
6037.8984987457015,30.579075250895105,2.9133922261796186,-10813.58594460378,0.0025535993309675187,10.0,0.5858333333333333,4250.0,0.0006963388370423546,9.998413995787569e-05
6470.9888296847885,28.00022548183027,2.690754447133234,-11369.471771608762,0.0024768489118185007,11.0,0.5858333333333333,4250.0,0.00076597272074659,0.00010998255395366323
6886.561246368882,25.70812531126363,0.23560550676731273,-11888.67085489475,0.002394393268735651,12.0,0.5858333333333333,4200.0,0.0008312993539124192,0.00011998096794945082
7284.451523393175,23.663931254122318,0.21519135046743382,-12372.042243852578,0.002326780952071045,13.0,0.5858333333333333,4200.0,0.0009005743000717874,0.00012997938194523836
7664.942355477196,22.08737252121359,0.20219946607959693,-12819.843054741737,0.0022637845003562864,14.0,0.5858333333333333,4200.0,0.0009698492462311557,0.00013997779594102596
8032.395298238963,20.63094741906362,0.1896869871349194,-13244.532970871369,0.0022033945083829716,15.0,0.5858333333333333,4200.0,0.0010391241923905239,0.0001499762099368135
8385.667082568581,19.271562764715753,0.17354501494112679,-13640.152278340152,0.0021463209234272866,16.0,0.5858333333333333,4200.0,0.001102656137832017,0.00015997462393260107
8723.429956358728,18.289463827122532,0.17411302918727617,-14004.111742210625,0.002093416250258295,17.0,0.5858333333333333,4200.0,0.0011715721464465182,0.00016997303792838864
9052.419302140635,17.131639178349523,0.14898856809794708,-14352.204691938503,0.0020417845381224477,18.0,0.5858333333333333,4200.0,0.0012404881550610192,0.0001799714519241762
9366.834103024776,16.365239641278926,0.14693978293391782,-14677.345223156495,0.0019938070594391916,19.0,0.5858333333333333,4200.0,0.0013094041636755203,0.0001899698659199638
9672.88996507514,15.509816195498036,0.13963915143046646,-14981.664324244397,0.0019473281591744563,20.0,0.5858333333333333,4200.0,0.0013783201722900214,0.00019996827991575138
9966.566748995036,14.805003382196535,0.13599886432425098,-15264.256374281016,0.0018972138694687828,21.0,0.5858333333333333,4150.0,0.0014396984924623117,0.00020996669391153895
10252.940447198609,14.163759877165214,0.1326327924580504,-15537.965816829746,0.001855272897298003,22.0,0.5858333333333333,4150.0,0.0015082555635319453,0.00021996510790732647
10531.243571101139,13.521433115816857,0.12441618315578573,-15792.1673407942,0.0018148965587686387,23.0,0.5858333333333333,4150.0,0.0015768126346015793,0.0002299635219031141
10795.85993028392,12.991839567612143,0.10984353446546775,-16022.111005695879,0.001777778119779516,24.0,0.5858333333333333,4150.0,0.0016453697056712131,0.00023996193589890163
11057.563000453007,12.439721516723848,0.10983937230658466,-16248.99675285993,0.0017407696949474063,25.0,0.5858333333333333,4150.0,0.0017139267767408472,0.00024996034989468915
11307.908545079288,11.986041134076098,0.11089918887915706,-16454.43304204943,0.0017063758625398306,26.0,0.5858333333333333,4150.0,0.0017731514716439337,0.0002599587638904767
11550.324115014944,11.55724447289381,0.10116333364298684,-16645.102193092614,0.0016732309723410529,27.0,0.5858333333333333,4150.0,0.0018413496051687005,0.00026995717788626434
11788.211641237629,11.186411146263953,0.10023729474547095,-16834.1297897111,0.0016408273275499272,28.0,0.5858333333333333,4150.0,0.0019095477386934674,0.0002799555918820519
12021.631162685639,10.734235827559846,0.09659344335994599,-17009.191076417825,0.0016094050480290926,29.0,0.5858333333333333,4150.0,0.0019777458722182338,0.00028995400587783943
12244.729073025046,10.426979105444563,0.0848975797892276,-17167.131849734906,0.0015804426542873242,30.0,0.5858333333333333,4150.0,0.0020459440057430003,0.000299952419873627
0.0,0.0,0.0,-2.628212131370674,0.003420125779937456,0.0,0.62625,4300.0,0.0,
800.1380061356333,127.59920170430934,2.446962900746315,-2071.4815956606326,0.0032671700475525056,1.0,0.62625,4300.0,7.071069633883703e-05,9.998413995787567e-06
1473.990642725506,121.89177069607393,2.727483384710391,-3545.3983975467636,0.003132765071821898,2.0,0.62625,4300.0,0.00014142139267767407,1.9996827991575134e-05
2088.7223090609236,89.0141586919059,2.9413754842155457,-4730.016187452216,0.0030117238892014542,3.0,0.62625,4300.0,0.00021105527638190955,2.9995241987362704e-05
2662.861753308713,67.54045878187979,2.760285493176587,-5742.40810400898,0.0029014420063117087,4.0,0.62625,4300.0,0.00028140703517587936,3.999365598315027e-05
3204.4252177794433,54.333300682354356,3.1737394916589543,-6637.0688547200625,0.0028000954903352015,5.0,0.62625,4300.0,0.0003499641062455133,4.9992069978937845e-05
3716.6360455791205,45.535200702516335,2.1710002205543195,-7443.593814826891,0.002692575521354904,6.0,0.62625,4250.0,0.0004199569274946159,5.999048397472541e-05
4203.628703233486,39.226387129491606,0.7680367830529835,-8178.501063964526,0.002607017615041461,7.0,0.62625,4250.0,0.0004899497487437187,6.998889797051298e-05
4667.792794940723,34.40061831666709,4.729615120065961,-8857.671437557867,0.002527003190772049,8.0,0.62625,4250.0,0.0005570710696338836,7.998731196630054e-05
5109.851456587462,30.601895779958806,2.782805215259142,-9484.445856055012,0.002452387402332771,9.0,0.62625,4250.0,0.0006267049533381191,8.99857259620881e-05
5533.403830585417,27.534261398303194,2.7011740042975108,-10068.269874683152,0.0023823792146271884,10.0,0.62625,4250.0,0.0006963388370423546,9.998413995787569e-05
5937.458084086477,25.210378584126676,2.498575887334107,-10610.885456883443,0.002316942851507324,11.0,0.62625,4250.0,0.00076597272074659,0.00010998255395366323
6325.974035539307,23.141616977670502,0.21270927716223745,-11120.06568300441,0.0022550236325096966,12.0,0.62625,4250.0,0.0008312993539124192,0.00011998096794945082
6698.669481828232,21.30294178982052,0.19421765793200257,-11596.648911556673,0.002186977368396986,13.0,0.62625,4200.0,0.0009005743000717874,0.00012997938194523836
7055.682058773554,19.883002317050327,0.18257317847135154,-12040.610450477237,0.002132669654721262,14.0,0.62625,4200.0,0.0009698492462311557,0.00013997779594102596
7401.099869378602,18.569273056280796,0.17153112255505618,-12463.587414522473,0.002080434453177519,15.0,0.62625,4200.0,0.0010391241923905239,0.0001499762099368135
7733.71347258154,17.34231230955929,0.1566078407571943,-12859.58215598383,0.002030905948203902,16.0,0.62625,4200.0,0.001102656137832017,0.00015997462393260107
8052.1520586219085,16.461906690426723,0.157227092556702,-13225.978221858371,0.001984838615350104,17.0,0.62625,4200.0,0.0011715721464465182,0.00016997303792838864
8362.840618218881,15.416222772188583,0.13484560862241257,-13578.01385553176,0.0019397498267260274,18.0,0.62625,4200.0,0.0012404881550610192,0.0001799714519241762
8660.146544649038,14.72680161829817,0.1325014229052379,-13907.882006030726,0.0018977208650493092,19.0,0.62625,4200.0,0.0013094041636755203,0.0001899698659199638
8949.96779829496,13.954391290475316,0.1260377289459328,-14218.726438029335,0.0018568985129107534,20.0,0.62625,4200.0,0.0013783201722900214,0.00019996827991575138
9228.365604858309,13.320962351724637,0.12285267037314279,-14508.688168791894,0.0018185960118725886,21.0,0.62625,4200.0,0.0014396984924623117,0.00020996669391153895
9500.236636297363,12.744253529739863,0.11991998118985105,-14790.29300644507,0.0017813175900523218,22.0,0.62625,4200.0,0.0015082555635319453,0.00021996510790732647
9764.779967195374,12.166670789213226,0.11264054806272324,-15053.583416802045,0.0017453484618723822,23.0,0.62625,4200.0,0.0015768126346015793,0.0002299635219031141
10016.47580099923,11.689825520049235,0.0990340109192672,-15293.236413197905,0.0017061643110426142,24.0,0.62625,4150.0,0.0016453697056712131,0.00023996193589890163
10265.771043865694,11.192581985562997,0.09907102068281595,-15530.407496343294,0.0016732584672478912,25.0,0.62625,4150.0,0.0017139267767408472,0.00024996034989468915
10504.41644807863,10.783389963514187,0.10006700010497083,-15746.602690046006,0.0016426030153625923,26.0,0.62625,4150.0,0.0017731514716439337,0.0002599587638904767
10735.79276810712,10.396575758870183,0.09139728371487765,-15949.210286716654,0.0016130005679074895,27.0,0.62625,4150.0,0.0018413496051687005,0.00026995717788626434
10963.192319493764,10.06146560451061,0.09061248227958205,-16149.701348194096,0.0015839972766296265,28.0,0.62625,4150.0,0.0019095477386934674,0.0002799555918820519
11186.367090321233,9.653072776938824,0.08740051524966977,-16337.388592437892,0.0015558099624886704,29.0,0.62625,4150.0,0.0019777458722182338,0.00028995400587783943
11399.783400735287,9.379380418506026,0.07698193762339493,-16507.36874030649,0.0015297800015360266,30.0,0.62625,4150.0,0.0020459440057430003,0.000299952419873627
0.0,0.0,0.0,-2.628212131370674,0.003036362102084642,0.0,0.6666666666666666,4300.0,0.0,
712.6592810643311,113.43025448219991,2.183494263951938,-1849.0738353539637,0.0029157851525570856,1.0,0.6666666666666666,4300.0,7.071069633883703e-05,9.998413995787567e-06
1316.4194789913488,108.52648934982682,2.4441971999039573,-3179.028692496271,0.0028090673290049177,2.0,0.6666666666666666,4300.0,0.00014142139267767407,1.9996827991575134e-05
1869.9383477294275,79.32576168601096,2.646894601164257,-4258.891753498334,0.0027123189567055807,3.0,0.6666666666666666,4300.0,0.00021105527638190955,2.9995241987362704e-05
2389.083714905182,60.163734806624795,2.492672525983171,-5190.259557806668,0.0026236198865809686,4.0,0.6666666666666666,4300.0,0.00028140703517587936,3.999365598315027e-05
2880.587415927016,48.386865681703085,2.875988110515893,-6020.188374271136,0.002541628657548712,5.0,0.6666666666666666,4300.0,0.0003499641062455133,4.9992069978937845e-05
3346.991691800432,40.540637228052795,1.9706739091153902,-6773.684012986436,0.002452370815394528,6.0,0.6666666666666666,4250.0,0.0004199569274946159,5.999048397472541e-05
3791.7659429455234,34.914821335735716,0.6949073526742509,-7465.277919102693,0.0023824285302659963,7.0,0.6666666666666666,4250.0,0.0004899497487437187,6.998889797051298e-05
4216.887806199366,30.61286595510997,4.322371891968243,-8108.541539228761,0.0023166944190504426,8.0,0.6666666666666666,4250.0,0.0005570710696338836,7.998731196630054e-05
4622.8134806829,27.231761937684897,2.546396355786253,-8705.81106187489,0.0022551066147169434,9.0,0.6666666666666666,4250.0,0.0006267049533381191,8.99857259620881e-05
5012.679215714499,24.50053797886366,2.4764048624082005,-9265.298331362923,0.0021970627063405915,10.0,0.6666666666666666,4250.0,0.0006963388370423546,9.998413995787569e-05
5385.411866584706,22.4302160868837,2.295608190218068,-9788.237837127926,0.0021425778736433123,11.0,0.6666666666666666,4250.0,0.00076597272074659,0.00010998255395366323
5744.586104521724,20.586249682241704,0.18978202522076898,-10281.41023225517,0.0020908100416794674,12.0,0.6666666666666666,4250.0,0.0008312993539124192,0.00011998096794945082
6089.821169765168,18.950852716841382,0.17360594602202142,-10745.520802133098,0.002041637164315405,13.0,0.6666666666666666,4250.0,0.0009005743000717874,0.00012997938194523836
6421.131999492834,17.68707186950683,0.1629145280226924,-11179.828528248057,0.001995487009594316,14.0,0.6666666666666666,4250.0,0.0009698492462311557,0.00013997779594102596
6742.299320467741,16.516098524232223,0.15328492589680506,-11595.500315131641,0.0019424953655833258,15.0,0.6666666666666666,4200.0,0.0010391241923905239,0.0001499762099368135
7052.075415085317,15.425096874183701,0.13966440105054997,-11986.771656498247,0.001900500910578515,16.0,0.6666666666666666,4200.0,0.001102656137832017,0.00015997462393260107
7349.090566251282,14.64195671708196,0.1403097442860331,-12350.81685799938,0.0018613036372090261,17.0,0.6666666666666666,4200.0,0.0011715721464465182,0.00016997303792838864
7639.3933825207105,13.710905142024522,0.12060380589692993,-12702.183416117863,0.0018228237586671709,18.0,0.6666666666666666,4200.0,0.0012404881550610192,0.0001799714519241762
7917.569695623974,13.09579370348617,0.11808052843279318,-13032.50110077417,0.0017868382258361144,19.0,0.6666666666666666,4200.0,0.0013094041636755203,0.0001899698659199638
8189.137371465733,12.407053837894235,0.11242468778264703,-13345.77055016694,0.0017517902926503454,20.0,0.6666666666666666,4200.0,0.0013783201722900214,0.00019996827991575138
8450.326176156412,11.844061339507759,0.10967141736803684,-13639.33773040738,0.0017188071076844349,21.0,0.6666666666666666,4200.0,0.0014396984924623117,0.00020996669391153895
8705.778717365918,11.331512120529611,0.10714757789099594,-13925.312052382702,0.0016866197198495056,22.0,0.6666666666666666,4200.0,0.0015082555635319453,0.00021996510790732647
8954.663368792837,10.818275323561773,0.10077372289076995,-14194.366529292674,0.001655480247380046,23.0,0.6666666666666666,4200.0,0.0015768126346015793,0.0002299635219031141
9191.675157582526,10.393995109667456,0.08824117510522554,-14440.592850759364,0.0016267058131559482,24.0,0.6666666666666666,4200.0,0.0016453697056712131,0.00023996193589890163
9426.783788910394,9.951469388567743,0.08830963952894653,-14685.13501569281,0.0015978794394825111,25.0,0.6666666666666666,4200.0,0.0017139267767408472,0.00024996034989468915
9652.069126119794,9.586783234227322,0.08923241427193976,-14909.119747728357,0.0015709726445355253,26.0,0.6666666666666666,4200.0,0.0017731514716439337,0.0002599587638904767
9870.687330030072,9.241976636150797,0.08160177010220761,-15120.787310318818,0.0015449263532232782,27.0,0.6666666666666666,4200.0,0.0018413496051687005,0.00026995717788626434
10085.8561252143,8.942753574497308,0.08094614445384321,-15330.234589223379,0.0015139400126104846,28.0,0.6666666666666666,4150.0,0.0019095477386934674,0.0002799555918820519
10297.27880347384,8.579486018579567,0.07814818397073865,-15528.20543221973,0.0014891961873431017,29.0,0.6666666666666666,4150.0,0.0019777458722182338,0.00028995400587783943
10499.449690349978,8.337354012643473,0.06897523778242946,-15708.156194908443,0.0014662999585085621,30.0,0.6666666666666666,4150.0,0.0020459440057430003,0.000299952419873627
0.0,0.0,0.0,-2.628212131370674,0.0026561393450796784,0.0,0.7070833333333333,4300.0,0.0,
625.4073965275536,99.34884906492107,1.9196946326074462,-1626.2809268886049,0.002563857802428995,1.0,0.7070833333333333,4300.0,7.071069633883703e-05,9.998413995787567e-06
1158.3817635226935,95.19935689606956,2.158394073918335,-2808.438839588329,0.002481605707702867,2.0,0.7070833333333333,4300.0,0.00014142139267767407,1.9996827991575134e-05
1649.42287571676,69.64995634904119,2.3474377949823886,-3777.9678738890725,0.0024065480202818635,3.0,0.7070833333333333,4300.0,0.00021105527638190955,2.9995241987362704e-05
2111.9162821778964,52.802675563476356,2.2184818623819544,-4621.751684117087,0.0023373104885156355,4.0,0.7070833333333333,4300.0,0.00028140703517587936,3.999365598315027e-05
2551.424881681493,42.45237424467405,2.5688901949113854,-5379.817320197581,0.0022729362639810112,5.0,0.7070833333333333,4300.0,0.0003499641062455133,4.9992069978937845e-05
2969.893277056707,35.55878782628305,1.76385856680581,-6073.078860385707,0.002212936946969722,6.0,0.7070833333333333,4300.0,0.0004199569274946159,5.999048397472541e-05
3370.183952055881,30.616134107884363,0.6199467795709488,-6713.59315654933,0.002145166421859422,7.0,0.7070833333333333,4250.0,0.0004899497487437187,6.998889797051298e-05
3753.8921856888965,26.841518134392654,3.895253465036947,-7313.364031280755,0.00209275916723334,8.0,0.7070833333333333,4250.0,0.0005570710696338836,7.998731196630054e-05
4121.248072771736,23.87339678295422,2.298000225438434,-7873.632403650947,0.002043424698347345,9.0,0.7070833333333333,4250.0,0.0006267049533381191,8.99857259620881e-05
4474.959280244262,21.477741485857212,2.239386816222005,-8401.414939492643,0.0019967183069476164,10.0,0.7070833333333333,4250.0,0.0006963388370423546,9.998413995787569e-05
4813.895723502933,19.660675964501504,2.0790598116713497,-8897.491827491518,0.001952686140858083,11.0,0.7070833333333333,4250.0,0.00076597272074659,0.00010998255395366323
5141.237833521226,18.044064858223724,0.16682712639314481,-9367.67540802998,0.00191067510738676,12.0,0.7070833333333333,4250.0,0.0008312993539124192,0.00011998096794945082
5456.529305768515,16.60845179558777,0.15288524496662284,-9812.545047562846,0.0018706121176609739,13.0,0.7070833333333333,4250.0,0.0009005743000717874,0.00012997938194523836
5759.688319849395,15.500323384817102,0.1432266685738086,-10230.928341469,0.001832863630086834,14.0,0.7070833333333333,4250.0,0.0009698492462311557,0.00013997779594102596
6054.149373618672,14.47210471443596,0.1349531190511708,-10633.359808796784,0.0017963044176708715,15.0,0.7070833333333333,4250.0,0.0010391241923905239,0.0001499762099368135
6338.667253737359,13.516375327921098,0.12271680840836152,-11013.611429451477,0.0017614222622129047,16.0,0.7070833333333333,4250.0,0.001102656137832017,0.00015997462393260107
6611.8913005763825,12.830071030436926,0.12336389077972351,-11369.272425643452,0.001728742467962753,17.0,0.7070833333333333,4250.0,0.0011715721464465182,0.00016997303792838864
6879.434993312649,12.013391895481298,0.10626783379356954,-11714.263591816154,0.0016891950916773546,18.0,0.7070833333333333,4200.0,0.0012404881550610192,0.0001799714519241762
7136.190728409379,11.472748574282358,0.10396320298144673,-12039.787665047777,0.0016592673029006038,19.0,0.7070833333333333,4200.0,0.0013094041636755203,0.0001899698659199638
7387.226323458893,10.870682170869221,0.09880204776941601,-12350.400890508165,0.0016300362264684495,20.0,0.7070833333333333,4200.0,0.0013783201722900214,0.00019996827991575138
7628.9997085661325,10.37477430329393,0.09645783159145452,-12642.795161238195,0.0016024412873982396,21.0,0.7070833333333333,4200.0,0.0014396984924623117,0.00020996669391153895
7865.848754594985,9.925992537885577,0.0943190219037311,-12928.515169412385,0.0015754363653285525,22.0,0.7070833333333333,4200.0,0.0015082555635319453,0.00021996510790732647
8096.903487261544,9.476686704084637,0.08882005974088199,-13198.93062710436,0.0015492378574672116,23.0,0.7070833333333333,4200.0,0.0015768126346015793,0.0002299635219031141
8317.178828746915,9.10477243036219,0.07746586836007936,-13447.722045624323,0.0015249605164756972,24.0,0.7070833333333333,4200.0,0.0016453697056712131,0.00023996193589890163
8536.009512609246,8.716787660950917,0.07755642012322271,-13695.895219111677,0.0015005780485699153,25.0,0.7070833333333333,4200.0,0.0017139267767408472,0.00024996034989468915
8745.950853275168,8.396602563819663,0.07839692864788475,-13924.229380085832,0.0014777584823786525,26.0,0.7070833333333333,4200.0,0.0017731514716439337,0.0002599587638904767
8949.86786241531,8.093810570431204,0.07177907375213631,-14141.22269550772,0.0014556174859862534,27.0,0.7070833333333333,4200.0,0.0018413496051687005,0.00026995717788626434
9150.853801252593,7.830617282429034,0.07124097484085531,-14356.593289535653,0.0014338262862627971,28.0,0.7070833333333333,4200.0,0.0019095477386934674,0.0002799555918820519
9348.604324022608,7.514499149904748,0.06883968112120231,-14561.093888215495,0.0014125509280095018,29.0,0.7070833333333333,4200.0,0.0019777458722182338,0.00028995400587783943
9537.740246735728,7.301227840556363,0.06088160939241282,-14748.237662303152,0.0013928237529364192,30.0,0.7070833333333333,4200.0,0.0020459440057430003,0.000299952419873627
0.0,0.0,0.0,-2.628212131370674,0.0022793853416703484,0.0,0.7474999999999999,4300.0,0.0,
538.3826009857098,85.3575080960253,1.655560295384603,-1403.1235768585611,0.0022114207545592527,1.0,0.7474999999999999,4300.0,7.071069633883703e-05,9.998413995787567e-06
999.8810496062551,81.91255735648069,1.8698856711464957,-2433.6805003842164,0.0021504233485747596,2.0,0.7474999999999999,4300.0,0.00014142139267767407,1.9996827991575134e-05
1427.1679419978543,59.98374534605125,2.042610199059322,-3287.2492905159743,0.00209440209136378,3.0,0.7474999999999999,4300.0,0.00021105527638190955,2.9995241987362704e-05
1831.3217985516612,45.45490742413366,1.937732026450857,-4036.73395453352,0.0020424103148531116,4.0,0.7474999999999999,4300.0,0.00028140703517587936,3.999365598315027e-05
2216.841855595338,36.53167309702884,2.25183918268875,-4715.532191018079,0.0019937916983703828,5.0,0.7474999999999999,4300.0,0.0003499641062455133,4.9992069978937845e-05
2585.159622237903,30.591015238814354,1.5496395290569749,-5340.820874949539,0.0019482284237015877,6.0,0.7474999999999999,4300.0,0.0004199569274946159,5.999048397472541e-05
2938.584134635161,26.3346089285501,0.5429758055445317,-5922.450494137345,0.0019053743959877066,7.0,0.7474999999999999,4300.0,0.0004899497487437187,6.998889797051298e-05
3278.3711699804994,23.083548237108097,3.4464676517319606,-6470.272872789363,0.0018647176489595479,8.0,0.7474999999999999,4300.0,0.0005570710696338836,7.998731196630054e-05
3604.564575913836,20.527934590293295,2.0364429100579273,-6985.305420519879,0.0018165222182054694,9.0,0.7474999999999999,4250.0,0.0006267049533381191,8.99857259620881e-05
3919.4563749517297,18.466897754719298,1.9888396075086257,-7473.239460169898,0.0017803690913898284,10.0,0.7474999999999999,4250.0,0.0006963388370423546,9.998413995787569e-05
4221.918981118184,16.902694328472794,1.8495507830288622,-7934.421309607569,0.0017461368729942783,11.0,0.7474999999999999,4250.0,0.00076597272074659,0.00010998255395366323
4514.716934484038,15.512565634288798,0.1438478349306816,-8373.724228808736,0.0017133377114969025,12.0,0.7474999999999999,4250.0,0.0008312993539124192,0.00011998096794945082
4797.343522295346,14.276522906214296,0.13206091792291375,-8791.608928777125,0.0016819335022567796,13.0,0.7474999999999999,4250.0,0.0009005743000717874,0.00012997938194523836
5069.645189951396,13.323494413307127,0.12351263844715046,-9186.572075123862,0.0016522246313946994,14.0,0.7474999999999999,4250.0,0.0009698492462311557,0.00013997779594102596
5334.685510771685,12.437966542357653,0.11654026570392628,-9568.361315333794,0.0016233459992850436,15.0,0.7474999999999999,4250.0,0.0010391241923905239,0.0001499762099368135
5591.244329909365,11.616781016692443,0.10576709190992617,-9930.74090784676,0.0015956931579488487,16.0,0.7474999999999999,4250.0,0.001102656137832017,0.00015997462393260107
5838.031208435922,11.026857100598516,0.10639233046671129,-10271.305961321734,0.0015696895130295721,17.0,0.7474999999999999,4250.0,0.0011715721464465182,0.00016997303792838864
6080.15188906476,10.324246349141607,0.09184220667041058,-10603.257491902048,0.0015440005049101623,18.0,0.7474999999999999,4250.0,0.0012404881550610192,0.0001799714519241762
6312.87728361529,9.858192127230788,0.08994831687961388,-10917.596035431678,0.001519823890646603,19.0,0.7474999999999999,4250.0,0.0013094041636755203,0.0001899698659199638
6540.800381678526,9.341955356178113,0.08517174575968517,-11219.1069035994,0.001496139169747327,20.0,0.7474999999999999,4250.0,0.0013783201722900214,0.00019996827991575138
6760.632239269473,8.913567960189374,0.08321453391928624,-11504.195817403663,0.001473711432458463,21.0,0.7474999999999999,4250.0,0.0014396984924623117,0.00020996669391153895
6976.345186561336,8.528144922024348,0.08143762677164151,-11783.78703750384,0.001445358068529727,22.0,0.7474999999999999,4200.0,0.0015082555635319453,0.00021996510790732647
7187.075045940961,8.142338690728229,0.07678375638912713,-12049.980953761362,0.0014241295655823974,23.0,0.7474999999999999,4200.0,0.0015768126346015793,0.0002299635219031141
7388.203429157855,7.822575175454653,0.06670888743081832,-12296.140078694414,0.0014043995404769561,24.0,0.7474999999999999,4200.0,0.0016453697056712131,0.00023996193589890163
7588.382882326047,7.4889343455195885,0.06681249550374953,-12542.73399117749,0.0013845314898125749,25.0,0.7474999999999999,4200.0,0.0017139267767408472,0.00024996034989468915
7780.579426123558,7.213223148502228,0.06756197315785145,-12770.613907787047,0.0013658850827535293,26.0,0.7474999999999999,4200.0,0.0017731514716439337,0.0002599587638904767
7967.519905004284,6.952434047763867,0.06193138124928496,-12988.31863302755,0.0013477485154194814,27.0,0.7474999999999999,4200.0,0.0018413496051687005,0.00026995717788626434
8152.067794061667,6.725391346978384,0.06149955750698213,-13205.168400526862,0.0013298523329252328,28.0,0.7474999999999999,4200.0,0.0019095477386934674,0.0002799555918820519
8333.901776303357,6.455551473999745,0.05947811166430689,-13411.888997133734,0.0013123346896197676,29.0,0.7474999999999999,4200.0,0.0019777458722182338,0.00028995400587783943
8507.843763739578,6.2713233303965525,0.05270502551558623,-13602.55472860777,0.0012960543598728976,30.0,0.7474999999999999,4200.0,0.0020459440057430003,0.000299952419873627
0.0,0.0,0.0,-2.628212131370674,0.0019060302455586183,0.0,0.7879166666666666,4300.0,0.0,
451.58253713620655,71.4551694719733,1.3910875336414588,-1179.6221226062917,0.0018585060393813179,1.0,0.7879166666666666,4300.0,7.071069633883703e-05,9.998413995787567e-06
840.9217479591018,68.66929023302947,1.5784236251385897,-2054.8064176908374,0.0018155645025069265,2.0,0.7879166666666666,4300.0,0.00014142139267767407,1.9996827991575134e-05
1203.1723418643573,50.33311954364203,1.732017967071307,-2786.7464940179707,0.0017758761235822133,3.0,0.7879166666666666,4300.0,0.00021105527638190955,2.9995241987362704e-05
1547.2668146223307,38.12291740645286,1.649555246943054,-3435.0667209261374,0.0017388214817906146,4.0,0.7879166666666666,4300.0,0.00028140703517587936,3.999365598315027e-05
1876.7480051293549,30.629589522579185,1.924165469782515,-4026.923042127084,0.0017039732417736936,5.0,0.7879166666666666,4300.0,0.0003499641062455133,4.9992069978937845e-05
2192.6152802970973,25.639547364583596,1.3273443606175426,-4576.03865025597,0.0016711370701210598,6.0,0.7879166666666666,4300.0,0.0004199569274946159,5.999048397472541e-05
2496.678674671957,22.06863305241803,0.4638185646001274,-5090.28443011373,0.0016400922904427349,7.0,0.7879166666666666,4300.0,0.0004899497487437187,6.998889797051298e-05
2789.8921664831582,19.340236002635013,2.9739756864035183,-5577.613088315484,0.001610492290762205,8.0,0.7879166666666666,4300.0,0.0005570710696338836,7.998731196630054e-05
3072.163173771056,17.196507273479064,1.7603707363542456,-6038.38859070879,0.0015823677601677552,9.0,0.7879166666666666,4300.0,0.0006267049533381191,8.99857259620881e-05
3345.379728596387,15.469028785283092,1.7232732272818252,-6477.3231747112295,0.0015555018500518728,10.0,0.7879166666666666,4300.0,0.0006963388370423546,9.998413995787569e-05
3608.4614028117862,14.157201568000508,1.6055595905333326,-6894.62135688166,0.0015217379367833963,11.0,0.7879166666666666,4250.0,0.00076597272074659,0.00010998255395366323
3863.760688188613,12.992612742823107,0.12084728744963885,-7294.160532156173,0.0014974346935534744,12.0,0.7879166666666666,4250.0,0.0008312993539124192,0.00011998096794945082
4110.746298234858,11.955842747811884,0.11113815576597162,-7676.249333996617,0.0014740700370296316,13.0,0.7879166666666666,4250.0,0.0009005743000717874,0.00012997938194523836
4349.212953665984,11.15731473534428,0.10377536403067433,-8039.1749898539565,0.0014518764429386271,14.0,0.7879166666666666,4250.0,0.0009698492462311557,0.00013997779594102596
4581.821256914862,10.414350099176398,0.09805077594245766,-8391.727209648488,0.0014302220147459626,15.0,0.7879166666666666,4250.0,0.0010391241923905239,0.0001499762099368135
4807.422055278548,9.726939320241549,0.08881719982619997,-8727.875126037317,0.0014094104052077949,16.0,0.7879166666666666,4250.0,0.001102656137832017,0.00015997462393260107
5024.8131625665865,9.232914548071559,0.0893977572284181,-9045.28862648148,0.001389765431034363,17.0,0.7879166666666666,4250.0,0.0011715721464465182,0.00016997303792838864
5238.518889989637,8.64402364775983,0.07733128434144568,-9356.205874327745,0.0013702932100947646,18.0,0.7879166666666666,4250.0,0.0012404881550610192,0.0001799714519241762
5444.276532245226,8.252641229846846,0.07581695817523806,-9651.865384275632,0.0013519013341785802,19.0,0.7879166666666666,4250.0,0.0013094041636755203,0.0001899698659199638
5646.136441551161,7.821378967321921,0.07153563864224619,-9936.90007599804,0.0013338278680522142,20.0,0.7879166666666666,4250.0,0.0013783201722900214,0.00019996827991575138
5841.136972250145,7.460899786766159,0.06994404354462312,-10207.606136511662,0.001316656070293703,21.0,0.7879166666666666,4250.0,0.0014396984924623117,0.00020996669391153895
6032.807684881789,7.138410716377285,0.06850658445727884,-10473.847923815512,0.001299755135996067,22.0,0.7879166666666666,4250.0,0.0015082555635319453,0.00021996510790732647
6220.345567720685,6.815656919022184,0.06466886141852873,-10728.645266532243,0.0012832656794047794,23.0,0.7879166666666666,4250.0,0.0015768126346015793,0.0002299635219031141
6399.554911981112,6.547812821228661,0.05597098637364345,-10965.425516059346,0.0012678946622777748,24.0,0.7879166666666666,4250.0,0.0016453697056712131,0.00023996193589890163
6578.248512588103,6.268298859305286,0.05607894296147309,-11203.515791952595,0.0012523702924370824,25.0,0.7879166666666666,4250.0,0.0017139267767408472,0.00024996034989468915
6750.005096777423,6.0370121099545955,0.05672891307724766,-11424.672392643086,0.0012377594925623771,26.0,0.7879166666666666,4250.0,0.0017731514716439337,0.0002599587638904767
6917.283412180193,5.818195024226461,0.052060788569097995,-11636.94771677562,0.0012180655538981964,27.0,0.7879166666666666,4200.0,0.0018413496051687005,0.00026995717788626434
7082.694964146118,5.627401346491153,0.05172437136780178,-11849.253448079071,0.001204093859362993,28.0,0.7879166666666666,4200.0,0.0019095477386934674,0.0002799555918820519
7245.907029704792,5.402975724816659,0.05006645882796963,-12052.447547919997,0.0011903805813793659,29.0,0.7879166666666666,4200.0,0.0019777458722182338,0.00028995400587783943
7402.130260304669,5.247953970451958,0.04444930909850431,-12241.18782353388,0.0011776047660527354,30.0,0.7879166666666666,4200.0,0.0020459440057430003,0.000299952419873627
0.0,0.0,0.0,-2.628212131370674,0.0015360064287911958,0.0,0.8283333333333333,4300.0,0.0,
365.00507680201554,57.640311851336186,1.1262724651540554,-955.7964120663237,0.0015051450461301052,1.0,0.8283333333333333,4300.0,7.071069633883703e-05,9.998413995787567e-06
681.5090165590657,55.471796931327994,1.2839340907014254,-1671.870515686649,0.0014770745407358757,2.0,0.8283333333333333,4300.0,0.00014142139267767407,1.9996827991575134e-05
977.4333982340029,40.69562808917325,1.4154209724924307,-2276.4759232805663,0.0014509691602784406,3.0,0.8283333333333333,4300.0,0.00021105527638190955,2.9995241987362704e-05
1259.7226309011025,30.809501043315695,1.353539144939909,-2816.6230942309994,0.0014264521651248013,4.0,0.8283333333333333,4300.0,0.00028140703517587936,3.999365598315027e-05
1531.0586702702506,24.744478938279496,1.5853568675605931,-3313.5961142621527,0.0014032651497376388,5.0,0.8283333333333333,4300.0,0.0003499641062455133,4.9992069978937845e-05
1792.0905065675288,20.707479470623568,1.0963095265236007,-3777.9459481970553,0.0013812990274075262,6.0,0.8283333333333333,4300.0,0.0004199569274946159,5.999048397472541e-05
2044.1832029567968,17.819005145956687,0.3823792153595118,-4215.727626377513,0.0013604236690935314,7.0,0.8283333333333333,4300.0,0.0004899497487437187,6.998889797051298e-05
2288.02769657339,15.612857574401549,2.475449131820174,-4633.119227836432,0.0013404208280558042,8.0,0.8283333333333333,4300.0,0.0005570710696338836,7.998731196630054e-05
2523.4439011168347,13.881900698941964,1.4682081968202798,-5030.137118054554,0.001321323851028803,9.0,0.8283333333333333,4300.0,0.0006267049533381191,8.99857259620881e-05
2751.93166833781,12.48514847232988,1.4409406910086178,-5410.495656143576,0.0013029970010071032,10.0,0.8283333333333333,4300.0,0.0006963388370423546,9.998413995787569e-05
2972.5013595111695,11.425118440152982,1.345284110486962,-5773.859919002498,0.001285495372667664,11.0,0.8283333333333333,4300.0,0.00076597272074659,0.00010998255395366323
3187.0850549052125,10.485057256592878,0.0978285064423954,-6123.561860851158,0.0012685879071100178,12.0,0.8283333333333333,4300.0,0.0008312993539124192,0.00011998096794945082
3395.168576126754,9.647177524924258,0.09012198178151783,-6459.7130135849075,0.0012522674445820236,13.0,0.8283333333333333,4300.0,0.0009005743000717874,0.00012997938194523836
3596.5253404540244,9.002503247475426,0.0840176632987027,-6780.694386169402,0.0012299948834100212,14.0,0.8283333333333333,4250.0,0.0009698492462311557,0.00013997779594102596
3793.374519877909,8.401909821592419,0.07948891079404859,-7094.083149517435,0.0012149202342760484,15.0,0.8283333333333333,4250.0,0.0010391241923905239,0.0001499762099368135
3984.678061372872,7.847464969202543,0.07186900228941537,-7394.247559538977,0.0012003779897744155,16.0,0.8283333333333333,4250.0,0.001102656137832017,0.00015997462393260107
4169.367460857554,7.44883254373458,0.07238276376553698,-7679.0260790074535,0.001186597677422241,17.0,0.8283333333333333,4250.0,0.0011715721464465182,0.00016997303792838864
4351.298713811715,6.973268366792104,0.06273927695043387,-7959.344385705583,0.001172891636933636,18.0,0.8283333333333333,4250.0,0.0012404881550610192,0.0001799714519241762
4526.777396710449,6.6566015118251105,0.06157423146801295,-8227.032078964417,0.0011598982351169818,19.0,0.8283333333333333,4250.0,0.0013094041636755203,0.0001899698659199638
4699.239438103336,6.309448602138149,0.05789550626504695,-8486.384241471824,0.0011470890286650313,20.0,0.8283333333333333,4250.0,0.0013783201722900214,0.00019996827991575138
4866.122465423058,6.017216068655408,0.056648781594038675,-8733.786153275927,0.001134876768900933,21.0,0.8283333333333333,4250.0,0.0014396984924623117,0.00020996669391153895
5030.445671937914,5.757220765337301,0.05552896945098468,-8977.931057148147,0.0011228189889510196,22.0,0.8283333333333333,4250.0,0.0015082555635319453,0.00021996510790732647
5191.486012722441,5.497057044532078,0.05247927921890604,-9212.820856032195,0.0011110177463100487,23.0,0.8283333333333333,4250.0,0.0015768126346015793,0.0002299635219031141
5345.583576790737,5.280884855805713,0.04525287837481745,-9432.15151606145,0.0010999817341035925,24.0,0.8283333333333333,4250.0,0.0016453697056712131,0.00023996193589890163
5499.513508743545,5.055260807459651,0.04535678644002569,-9653.319887028294,0.001088803205048557,25.0,0.8283333333333333,4250.0,0.0017139267767408472,0.00024996034989468915
5647.6568389600825,4.868326892617724,0.04589905163184356,-9860.193919255478,0.0010782504951529547,26.0,0.8283333333333333,4250.0,0.0017731514716439337,0.0002599587638904767
5792.139484975467,4.691431432386219,0.04216930469346535,-10059.396956735225,0.0010679396183795287,27.0,0.8283333333333333,4250.0,0.0018413496051687005,0.00026995717788626434
5935.245920264316,4.537517419526258,0.041917794388544455,-10258.91903437332,0.0010577049265664967,28.0,0.8283333333333333,4250.0,0.0019095477386934674,0.0002799555918820519
6076.656135337348,4.357096027330807,0.040607588823468786,-10451.210035879325,0.0010476332718579921,29.0,0.8283333333333333,4250.0,0.0019777458722182338,0.00028995400587783943
6212.128578201974,4.231423948978691,0.03611813870525666,-10630.700526428845,0.001038220494633172,30.0,0.8283333333333333,4250.0,0.0020459440057430003,0.000299952419873627
0.0,0.0,0.0,-2.628212131370674,0.0011692483837877866,0.0,0.8687499999999999,4300.0,0.0,
278.6514397826371,43.916807115754956,0.8611107183524249,-731.6658909712132,0.0011513685264354818,1.0,0.8687499999999999,4300.0,7.071069633883703e-05,9.998413995787567e-06
521.6487402793136,42.32012174201645,0.9863391267251939,-1284.9276702470816,0.0011349999954404805,2.0,0.8687499999999999,4300.0,0.00014142139267767407,1.9996827991575134e-05
749.9547558373979,31.07609570714776,1.0925604060355127,-1756.4604574190307,0.0011196844388302047,3.0,0.8687499999999999,4300.0,0.00021105527638190955,2.9995241987362704e-05
968.6653248392405,23.514145025441596,1.0492303674504808,-2181.288793770247,0.0011052171983361942,4.0,0.8687499999999999,4300.0,0.00028140703517587936,3.999365598315027e-05
1179.698136912706,18.87803334701189,1.234253122472008,-2575.1771783476142,0.0010914587577131876,5.0,0.8687499999999999,4300.0,0.0003499641062455133,4.9992069978937845e-05
1383.430669428011,15.793652729964252,0.8557774118321371,-2945.777818425304,0.0010783552278839992,6.0,0.8687499999999999,4300.0,0.0004199569274946159,5.999048397472541e-05
1580.8300800554161,13.587263630897201,0.2980128296216923,-3297.488897260373,0.0010658384361386217,7.0,0.8687499999999999,4300.0,0.0004899497487437187,6.998889797051298e-05
1772.3667942200855,11.90274071872976,1.9482077397068398,-3634.8391913437954,0.0010537855163903862,8.0,0.8687499999999999,4300.0,0.0005570710696338836,7.998731196630054e-05
1957.819584410126,10.58309557687525,1.158102593429272,-3957.630536959645,0.0010422234046161263,9.0,0.8687499999999999,4300.0,0.0006267049533381191,8.99857259620881e-05
2138.3180815000183,9.51671388431539,1.1397634498390847,-4268.629249171456,0.001031076228375571,10.0,0.8687499999999999,4300.0,0.0006963388370423546,9.998413995787569e-05
2313.015587582176,8.707352153294286,1.0665589990219315,-4567.268494658812,0.0010203834285586256,11.0,0.8687499999999999,4300.0,0.00076597272074659,0.00010998255395366323
2483.410030294926,7.990736943792044,0.07479440374198155,-4856.228997197977,0.0010100086979121779,12.0,0.8687499999999999,4300.0,0.0008312993539124192,0.00011998096794945082
2649.0391831420584,7.351279659512157,0.06901725630973649,-5135.405372751615,0.0009999522920234299,13.0,0.8687499999999999,4300.0,0.0009005743000717874,0.00012997938194523836
2809.684388359056,6.859764884970913,0.06424224926708977,-5403.206942737132,0.0009903225175008426,14.0,0.8687499999999999,4300.0,0.0009698492462311557,0.00013997779594102596
2967.0982223666697,6.402372094938817,0.060858786685343946,-5665.849841323696,0.0009808544342828542,15.0,0.8687499999999999,4300.0,0.0010391241923905239,0.0001499762099368135
3120.4028607989135,5.978959407534035,0.054964532155839366,-5918.6705408304115,0.0009716882240759818,16.0,0.8687499999999999,4300.0,0.001102656137832017,0.00015997462393260107
3268.7027921333433,5.675187257987856,0.055349844896149636,-6159.601533246663,0.0009629724016418423,17.0,0.8687499999999999,4300.0,0.0011715721464465182,0.00016997303792838864
3415.0953556804366,5.312512171049943,0.04807024973003416,-6397.910136307488,0.0009542700313189702,18.0,0.8687499999999999,4300.0,0.0012404881550610192,0.0001799714519241762
3556.5657720118415,5.070905646634496,0.04722507217419261,-6626.481807831071,0.0009407935652163864,19.0,0.8687499999999999,4250.0,0.0013094041636755203,0.0001899698659199638
3695.8611877622975,4.80664773374571,0.04425305427849676,-6849.09384335838,0.0009326954926102539,20.0,0.8687499999999999,4250.0,0.0013783201722900214,0.00019996827991575138
3830.8920730178047,4.583797780366163,0.04333107464777701,-7062.381605558985,0.0009249475236780662,21.0,0.8687499999999999,4250.0,0.0014396984924623117,0.00020996669391153895
3964.0976286966493,4.384993480935694,0.04250774278127203,-7273.590850079403,0.0009172726410092689,22.0,0.8687499999999999,4250.0,0.0015082555635319453,0.00021996510790732647
4094.862883727182,4.186942953088561,0.04021877485554849,-7477.842964332987,0.0009097366468707783,23.0,0.8687499999999999,4250.0,0.0015768126346015793,0.0002299635219031141
4220.171797571408,4.022179074570946,0.03455523751694572,-7669.459716192236,0.0009026661348082471,24.0,0.8687499999999999,4250.0,0.0016453697056712131,0.00023996193589890163
4345.582285252431,3.8501883645405406,0.03464699884189658,-7863.2599349421,0.0008954827410921146,25.0,0.8687499999999999,4250.0,0.0017139267767408472,0.00024996034989468915
4466.443256858401,3.7075137304014816,0.035073632509676086,-8045.723012296956,0.0008886802601302133,26.0,0.8687499999999999,4250.0,0.0017731514716439337,0.0002599587638904767
4584.489298758208,3.57246976195993,0.03225885509645658,-8222.020496782272,0.0008820147369361709,27.0,0.8687499999999999,4250.0,0.0018413496051687005,0.00026995717788626434
4701.611538217378,3.4561418668272808,0.032082107624700755,-8398.94245070502,0.0008753788022409021,28.0,0.8687499999999999,4250.0,0.0019095477386934674,0.0002799555918820519
4817.523968980323,3.3182264811394044,0.031104255399474263,-8570.677595790934,0.0008688293274088901,29.0,0.8687499999999999,4250.0,0.0019777458722182338,0.00028995400587783943
4928.681561483757,3.2220268652054234,0.027715054042278774,-8731.67870932477,0.0008626916729182943,30.0,0.8687499999999999,4250.0,0.0020459440057430003,0.000299952419873627
0.0,0.0,0.0,-2.628212131370674,0.0008056926310266542,0.0,0.9091666666666666,4300.0,0.0,
192.51841030507052,30.280237770195047,0.595638775652598,-507.2495205646119,0.0007972065948114737,1.0,0.9091666666666666,4300.0,7.071069633883703e-05,9.998413995787567e-06
361.34850307917316,29.217687520707575,0.6855555628646941,-894.0338873379806,0.0007893884993830592,2.0,0.9091666666666666,4300.0,0.00014142139267767407,1.9996827991575134e-05
520.7380860825881,21.473850411107886,0.7631570841867665,-1226.7292273162748,0.0007820295498165291,3.0,0.9091666666666666,4300.0,0.00021105527638190955,2.9995241987362704e-05
674.0773914967358,16.24051502628359,0.7361295940759675,-1528.9644225613883,0.0007750385307930084,4.0,0.9091666666666666,4300.0,0.00028140703517587936,3.999365598315027e-05
822.6012157957781,13.033391284044486,0.8699183185842081,-1811.3138319771679,0.000768353667554568,5.0,0.9091666666666666,4300.0,0.0003499641062455133,4.9992069978937845e-05
966.4931281442523,10.89988123065989,0.6048736063647508,-2078.795383562625,0.0007619534985468089,6.0,0.9091666666666666,4300.0,0.0004199569274946159,5.999048397472541e-05
1106.3719831355631,9.37542163178462,0.21031692726908202,-2334.3017305545945,0.0007558088629854215,7.0,0.9091666666666666,4300.0,0.0004899497487437187,6.998889797051298e-05
1242.5226626010228,8.212119993608766,1.389133369343853,-2580.8353386377566,0.0007498629642399053,8.0,0.9091666666666666,4300.0,0.0005570710696338836,7.998731196630054e-05
1374.7357089999039,7.300656544802385,0.8278469182312485,-2818.1158452690433,0.0007441321071323968,9.0,0.9091666666666666,4300.0,0.0006267049533381191,8.99857259620881e-05
1503.780795171091,6.564711502080275,0.8172363334084091,-3048.011499461172,0.0007385814658937025,10.0,0.9091666666666666,4300.0,0.0006963388370423546,9.998413995787569e-05
1629.0098873561094,6.005564157259715,0.7667389916399703,-3269.9051778191206,0.0007332333517186003,11.0,0.9091666666666666,4300.0,0.00076597272074659,0.00010998255395366323
1751.474984365217,5.510472670339292,0.051831463250179025,-3485.7562636334187,0.0007280217544545668,12.0,0.9091666666666666,4300.0,0.0008312993539124192,0.00011998096794945082
1870.805520957895,5.069287147249793,0.047828681323106505,-3695.3527604516275,0.0007229489122277308,13.0,0.9091666666666666,4300.0,0.0009005743000717874,0.00012997938194523836
1986.8198610158806,4.729787617362087,0.04445173337750907,-3897.3975518529332,0.000718070895691151,14.0,0.9091666666666666,4300.0,0.0009698492462311557,0.00013997779594102596
2100.7697851147313,4.41480776925161,0.04216437981623831,-4096.446491743147,0.0007132559310131485,15.0,0.9091666666666666,4300.0,0.0010391241923905239,0.0001499762099368135
2211.985858713168,4.122008232046391,0.03815397419176448,-4289.060371110798,0.0007085765159301122,16.0,0.9091666666666666,4300.0,0.001102656137832017,0.00015997462393260107
2319.7952167428616,3.912539390036461,0.038301400783627274,-4473.408783716426,0.0007041093562226982,17.0,0.9091666666666666,4300.0,0.0011715721464465182,0.00016997303792838864
2426.44857224642,3.66227155767583,0.033328127646056305,-4656.632546328015,0.0006996331229593877,18.0,0.9091666666666666,4300.0,0.0012404881550610192,0.0001799714519241762
2529.721029497783,3.4961910786277937,0.03277425169861662,-4832.975201856709,0.0006953594779885451,19.0,0.9091666666666666,4300.0,0.0013094041636755203,0.0001899698659199638
2631.60412892859,3.313445644403789,0.03060991688993705,-5005.5995525366525,0.0006911180597273995,20.0,0.9091666666666666,4300.0,0.0013783201722900214,0.00019996827991575138
2730.5538317913256,3.160032760670283,0.029993158151440633,-5171.714219319176,0.0006870458711403769,21.0,0.9091666666666666,4300.0,0.0014396984924623117,0.00020996669391153895
2828.3534186516936,3.022133100219143,0.029445755910872968,-5336.794470037326,0.0006829995760107366,22.0,0.9091666666666666,4300.0,0.0015082555635319453,0.00021996510790732647
2924.5278028110934,2.8857050582650188,0.027890978801920555,-5497.236523756088,0.0006790142755006176,23.0,0.9091666666666666,4300.0,0.0015768126346015793,0.0002299635219031141
3016.8379187402247,2.772069962545821,0.023981688571040393,-5648.518310205764,0.0006752608461452532,24.0,0.9091666666666666,4300.0,0.0016453697056712131,0.00023996193589890163
3109.3976294424037,2.6534367424909457,0.023950504243102803,-5801.916782692111,0.0006714387653574485,25.0,0.9091666666666666,4300.0,0.0017139267767408472,0.00024996034989468915
3198.7340112228317,2.554906200906294,0.02425384228607381,-5947.185036616378,0.0006678060517271648,26.0,0.9091666666666666,4300.0,0.0017731514716439337,0.0002599587638904767
3286.118903949676,2.461623730988405,0.022331285093922945,-6088.122861582793,0.0006642367664850839,27.0,0.9091666666666666,4300.0,0.0018413496051687005,0.00026995717788626434
3372.9764261311975,2.382054062952182,0.022219499105642408,-6229.820347729961,0.0006606751412275296,28.0,0.9091666666666666,4300.0,0.0019095477386934674,0.0002799555918820519
3459.075442819199,2.286669823973581,0.021559104221013946,-6368.281843496305,0.0006571456855343667,29.0,0.9091666666666666,4300.0,0.0019777458722182338,0.00028995400587783943
3541.7375079885496,2.2200445263611948,0.01924346127836647,-6498.6439115094545,0.0006501845366496668,30.0,0.9091666666666666,4250.0,0.0020459440057430003,0.000299952419873627
0.0,0.0,0.0,-2.628212131370674,0.00044527764420521353,0.0,0.9495833333333332,4300.0,0.0,
106.60523052661786,16.73356571725657,0.3299119498338331,-282.5660600289557,0.0004426887348756179,1.0,0.9495833333333332,4300.0,7.071069633883703e-05,9.998413995787567e-06
200.61472082710006,16.16628680892349,0.3814958207453498,-499.246368669832,0.0004402887826504502,2.0,0.9495833333333332,4300.0,0.00014142139267767407,1.9996827991575134e-05
289.79308897066016,11.892365705289784,0.4269090249058161,-687.3179477839876,0.00043801652936407135,3.0,0.9495833333333332,4300.0,0.00021105527638190955,2.9995241987362704e-05
375.94756995728414,8.988839612796708,0.4136813940523407,-859.5650088108669,0.0004358457964346888,4.0,0.9495833333333332,4300.0,0.00028140703517587936,3.999365598315027e-05
459.71669855520435,7.210799197696862,0.491312674963774,-1021.6780945153732,0.0004337589610740341,5.0,0.9495833333333332,4300.0,0.0003499641062455133,4.9992069978937845e-05
541.1576136534195,6.028319268397099,0.34257900867873553,-1176.292188735024,0.00043175064788977693,6.0,0.9495833333333332,4300.0,0.0004199569274946159,5.999048397472541e-05
620.5897189425863,5.184316358007966,0.11877133900391754,-1324.9340641619492,0.00042981286027293634,7.0,0.9495833333333332,4300.0,0.0004899497487437187,6.998889797051298e-05
698.1460401863079,4.540174174600865,0.7945690247148357,-1469.1991705052642,0.0004279286714306961,8.0,0.9495833333333332,4300.0,0.0005570710696338836,7.998731196630054e-05
773.6827258980941,4.035698068663011,0.4747671586897505,-1608.85532262185,0.0004261040876692485,9.0,0.9495833333333332,4300.0,0.0006267049533381191,8.99857259620881e-05
847.6180456527743,3.628693666743609,0.47027926891358895,-1744.9158708677423,0.00042432881397821547,10.0,0.9495833333333332,4300.0,0.0006963388370423546,9.998413995787569e-05
919.5586528186229,3.319290023705408,0.44251963583718684,-1876.909733794324,0.00042261074291847616,11.0,0.9495833333333332,4300.0,0.00076597272074659,0.00010998255395366323
990.0961324945431,3.0450648929622917,0.028814646454304954,-2005.9885546377773,0.0004209292878652397,12.0,0.9495833333333332,4300.0,0.0008312993539124192,0.00011998096794945082
1058.9977147896077,2.8014677546700195,0.02656080494232987,-2131.955840402501,0.00041928576568249444,13.0,0.9495833333333332,4300.0,0.0009005743000717874,0.00012997938194523836
1126.1459732864905,2.613761080871929,0.024648628808667767,-2253.976359764216,0.00041769875742783696,14.0,0.9495833333333332,4300.0,0.0009698492462311557,0.00013997779594102596
1192.2539436137574,2.4394176556885716,0.023409530453444485,-2374.729446382509,0.00041612609759044815,15.0,0.9495833333333332,4300.0,0.0010391241923905239,0.0001499762099368135
1256.9201624948037,2.2771787400517773,0.02122277570636954,-2492.184780696778,0.0004145918047699431,16.0,0.9495833333333332,4300.0,0.001102656137832017,0.00015997462393260107
1319.7379696759124,2.1614318073829213,0.02123974009437722,-2605.0847234975226,0.0004131212900756928,17.0,0.9495833333333332,4300.0,0.0011715721464465182,0.00016997303792838864
1382.0150130283298,2.0230457105747424,0.01851669993325219,-2717.831338813383,0.00041164248658307276,18.0,0.9495833333333332,4300.0,0.0012404881550610192,0.0001799714519241762
1442.4435620001582,1.9315558152567536,0.018226382483916972,-2826.7395219024474,0.00041022518743370794,19.0,0.9495833333333332,4300.0,0.0013094041636755203,0.0001899698659199638
1502.173609250325,1.830295467343469,0.016967659535281298,-2933.911505227312,0.00040881381543963336,20.0,0.9495833333333332,4300.0,0.0013783201722900214,0.00019996827991575138
1560.2975800651172,1.7456630462469207,0.016637179724817864,-3037.488789672854,0.00040745382735744926,21.0,0.9495833333333332,4300.0,0.0014396984924623117,0.00020996669391153895
1617.8563746926689,1.6690280538038207,0.01634575453252799,-3140.790288451499,0.0004060979221965942,22.0,0.9495833333333332,4300.0,0.0015082555635319453,0.00021996510790732647
1674.5595382428262,1.5937187062463647,0.015499391542998864,-3241.680377233628,0.00040475795186486574,23.0,0.9495833333333332,4300.0,0.0015768126346015793,0.0002299635219031141
1729.0751712475123,1.5309171827870738,0.013358385447923348,-3337.3390326307417,0.0004034916169179472,24.0,0.9495833333333332,4300.0,0.0016453697056712131,0.00023996193589890163
1783.8457321183773,1.4653467632314228,0.013268180014260821,-3434.552601315867,0.00040219808551639007,25.0,0.9495833333333332,4300.0,0.0017139267767408472,0.00024996034989468915
1836.7912559903864,1.4108238838446951,0.013440812758030643,-3527.040107208166,0.0004009646052293821,26.0,0.9495833333333332,4300.0,0.0017731514716439337,0.0002599587638904767
1888.6582231435586,1.3591930624642683,0.012388363071070801,-3617.3089137660354,0.0003997490090025092,27.0,0.9495833333333332,4300.0,0.0018413496051687005,0.00026995717788626434
1940.3068818239135,1.3155726372309664,0.012332067570872043,-3708.162726752358,0.0003985322309175332,28.0,0.9495833333333332,4300.0,0.0019095477386934674,0.0002799555918820519
1991.5904893935724,1.2627161908541804,0.011974677092216775,-3797.502886831724,0.00039732269052327384,29.0,0.9495833333333332,4300.0,0.0019777458722182338,0.00028995400587783943
2040.890036156245,1.2257458442472566,0.010706638170598725,-3881.7977505495655,0.0003961834667063399,30.0,0.9495833333333332,4300.0,0.0020459440057430003,0.000299952419873627
0.0,0.0,0.0,-2.628212131370674,8.794375979114002e-05,0.0,0.99,4300.0,0.0,
20.913066965856462,3.275774372246495,0.06481023120716034,-57.63362847494136,8.784385321716987e-05,1.0,0.99,4300.0,7.071069633883703e-05,9.998413995787567e-06
39.45563081686353,3.1684057724992063,0.0750570539320128,-100.62322463961027,8.775067635463872e-05,2.0,0.99,4300.0,0.00014142139267767407,1.9996827991575134e-05
57.12839338987229,2.3323950331472076,0.08418774350049948,-138.26908954035025,8.766195158947826e-05,3.0,0.99,4300.0,0.00021105527638190955,2.9995241987362704e-05
74.27286468742162,1.7613901466813908,0.0817217254600561,-173.02266809625144,8.757672598481263e-05,4.0,0.99,4300.0,0.00028140703517587936,3.999365598315027e-05
91.00530830660118,1.4120299924930906,0.09745522536291217,-205.96969276844175,8.749436268063373e-05,5.0,0.99,4300.0,0.0003499641062455133,4.9992069978937845e-05
107.32936221203238,1.179964964711382,0.06771815085198296,-237.6004228604288,8.741469499878342e-05,6.0,0.99,4300.0,0.0004199569274946159,5.999048397472541e-05
123.30298359471699,1.0144334795479124,0.02268855403707338,-268.2008502227982,8.733744676549768e-05,7.0,0.99,4300.0,0.0004899497487437187,6.998889797051298e-05
138.94788193741303,0.8881526658273737,0.16016429339165048,-298.07154233707115,8.726197721252482e-05,8.0,0.99,4300.0,0.0005570710696338836,7.998731196630054e-05
154.22915059625257,0.7893109566442731,0.09555817056044338,-327.1526435614214,8.718855671710517e-05,9.0,0.99,4300.0,0.0006267049533381191,8.99857259620881e-05
169.2285412102239,0.7096403659960774,0.09501364028113632,-355.6394920956227,8.711679882318457e-05,10.0,0.99,4300.0,0.0006963388370423546,9.998413995787569e-05
183.861324594148,0.6490439498765254,0.08965182192394189,-383.41378846927546,8.704704918044752e-05,11.0,0.99,4300.0,0.00076597272074659,0.00010998255395366323
198.24583302212872,0.5953334827339218,0.005666662251380492,-410.7160851124936,8.697849428292392e-05,12.0,0.99,4300.0,0.0008312993539124192,0.00011998096794945082
212.33055104354557,0.5476946653354018,0.005218025878269861,-437.4917286197888,8.691120936060835e-05,13.0,0.99,4300.0,0.0009005743000717874,0.00012997938194523836
226.08921534601467,0.510972843989296,0.0048353537077271014,-463.55335896482575,8.684596862571395e-05,14.0,0.99,4300.0,0.0009698492462311557,0.00013997779594102596
239.66616352602617,0.4768241224934476,0.00459794712488928,-489.4593121910584,8.678106520894536e-05,15.0,0.99,4300.0,0.0010391241923905239,0.0001499762099368135
252.97535162351278,0.4450176147073964,0.0041761895822321,-514.7856678693788,8.67175024715908e-05,16.0,0.99,4300.0,0.001102656137832017,0.00015997462393260107
265.93156866283255,0.42238732410196345,0.004167083067829624,-539.2339863047964,8.665634153902944e-05,17.0,0.99,4300.0,0.0011715721464465182,0.00016997303792838864
278.8033889034395,0.3953144918242384,0.003639624511446714,-563.7635835784313,8.659461549836051e-05,18.0,0.99,4300.0,0.0012404881550610192,0.0001799714519241762
291.318291981051,0.37748224140322173,0.003585922958571291,-587.5448941191135,8.653523027923325e-05,19.0,0.99,4300.0,0.0013094041636755203,0.0001899698659199638
303.7119348103075,0.35763235994090814,0.0033277814640715925,-611.0662795680837,8.647589421108661e-05,20.0,0.99,4300.0,0.0013783201722900214,0.00019996827991575138
315.7957150069838,0.34111451878650284,0.0032652023709357344,-633.8959698613471,8.641851073910124e-05,21.0,0.99,4300.0,0.0014396984924623117,0.00020996669391153895
327.7837017674078,0.32604946420682057,0.0032103822500883106,-656.7466782616975,8.636110564311684e-05,22.0,0.99,4300.0,0.0015082555635319453,0.00021996510790732647
339.613994147016,0.31134270646696127,0.003047388041554743,-679.1698649161408,8.63041845377357e-05,23.0,0.99,4300.0,0.0015768126346015793,0.0002299635219031141
351.0073607833653,0.2990641881707775,0.0026325492762586155,-700.5436839555477,8.625020739300508e-05,24.0,0.99,4300.0,0.0016453697056712131,0.00023996193589890163
362.4743880980752,0.28624355209091384,0.002600858864431119,-722.3167913057696,8.619489724275218e-05,25.0,0.99,4300.0,0.0017139267767408472,0.00024996034989468915
373.577006447091,0.27557113856966525,0.0026356231973032164,-743.1246478278917,8.614198182223347e-05,26.0,0.99,4300.0,0.0017731514716439337,0.0002599587638904767
384.46919142195384,0.26546237943875733,0.002431783585909677,-763.5478193336603,8.608967580012611e-05,27.0,0.99,4300.0,0.0018413496051687005,0.00026995717788626434
395.3343025226094,0.2570020957753845,0.002421826060213664,-784.1318757591362,8.603715410148657e-05,28.0,0.99,4300.0,0.0019095477386934674,0.0002799555918820519
406.1399812892655,0.2466419829332147,0.002353416017220198,-804.4931500619132,8.598478237707825e-05,29.0,0.99,4300.0,0.0019777458722182338,0.00028995400587783943
416.54226025065,0.23938584305975372,0.002107738993692222,-823.7497229844594,8.593531152251916e-05,30.0,0.99,4300.0,0.0020459440057430003,0.000299952419873627
