CAPE_u,CAPE_ext,CAPE_dist,dh,sat_def,P,RH,dz,ent_b,ent_std
0.0,0.0,0.0,-2.1237246499294997,0.006691839602623936,0.0,0.02,4250.0,0.0,
743.7098791863483,357.2227911997935,173.69997745343048,-2296.197388617853,0.006459251539539687,1.0,0.02,4200.0,2.907394113424264e-05,3.571405101798351e-06
1330.6526966967435,554.0556032891883,262.37440441870893,-4123.55662292699,0.006292086091963942,2.0,0.02,4200.0,5.635319454414931e-05,7.142810203596702e-06
1824.941267869434,662.3093444731818,301.2244321465061,-5633.115127091529,0.0061397172228359245,3.0,0.02,4200.0,8.34529791816224e-05,1.0714215305395053e-05
2259.1672824440743,718.0450477686552,312.78115005824486,-6916.103567432518,0.005998381953987668,4.0,0.02,4200.0,0.00010983488872936108,1.4285620407193404e-05
2651.541311175632,741.2456364810346,308.8125673864273,-8030.790066827656,0.005866327727217653,5.0,0.02,4200.0,0.00013639626704953337,1.7857025508991758e-05
3012.830643762013,743.8844901038552,296.4642906531273,-9016.048114925397,0.005742682696584143,6.0,0.02,4200.0,0.0001615218951902369,2.1428430610790107e-05
3350.47992580858,733.0799941644887,279.2275334947404,-9900.823388863275,0.005625407172157553,7.0,0.02,4200.0,0.0001871859296482412,2.4999835712588462e-05
3668.494270955635,713.8249963566204,260.26052106409696,-10704.139492112197,0.005490148630143887,8.0,0.02,4150.0,0.0002124910265613783,2.8571240814386808e-05
3970.61214224735,689.2536160767397,240.78951583534302,-11440.922736589891,0.0053861744356150185,9.0,0.02,4150.0,0.00023743718592964823,3.214264591618516e-05
4259.7465182308115,661.3982234546615,221.8533388266221,-12123.588203237989,0.005286815704575637,10.0,0.02,4150.0,0.00026381909547738695,3.5714051017983516e-05
4536.749962889664,632.0489742672701,205.4797701320708,-12758.732531521498,0.005192551188788739,11.0,0.02,4150.0,0.000288226848528356,3.9285456119781865e-05
4803.070653396498,602.0619347211571,191.70634896879082,-13353.438288309757,0.005102415966976881,12.0,0.02,4150.0,0.000312275664034458,4.2856861221580214e-05
5060.5564167543735,572.1917997499122,179.54520064774323,-13915.116980376733,0.005015901454662774,13.0,0.02,4150.0,0.00033829863603732947,4.642826632337856e-05
5310.046291097508,543.0292483760211,168.53720051040492,-14447.477102139492,0.004932503355742146,14.0,0.02,4150.0,0.00036180904522613067,4.9999671425176925e-05
5551.5085739798515,515.3585838157467,159.046595869421,-14953.4969187928,0.004852751244878659,15.0,0.02,4150.0,0.0003876525484565685,5.357107652697526e-05
5785.6570042816375,490.1055291509557,150.67570347507998,-15434.73698053418,0.004776689150063156,16.0,0.02,4150.0,0.00041062455132806887,5.7142481628773616e-05
6014.174139282443,466.9652661860517,142.79616662672157,-15896.931863109545,0.004702745143453948,17.0,0.02,4150.0,0.0004362885857860732,6.071388673057197e-05
6235.507579446987,446.15987587633117,136.15534133990434,-16337.463276923518,0.00463225468022503,18.0,0.02,4150.0,0.00045872218234027277,6.428529183237032e-05
6452.244521925426,426.8576408904237,129.52106728235015,-16765.12572980381,0.004563529135033508,19.0,0.02,4150.0,0.00048420674802584346,6.785669693416867e-05
6663.662239493663,409.1945612205456,123.90680489292265,-17175.22923417299,0.0044819933551570315,20.0,0.02,4100.0,0.0005061019382627423,7.142810203596703e-05
6869.258707545382,393.04861416503223,118.69563956818797,-17570.64369626646,0.004419044226084334,21.0,0.02,4100.0,0.0005314070351758794,7.499950713776538e-05
7070.156574660001,378.09479182371786,113.8307192562907,-17954.59521865021,0.004358041520009483,22.0,0.02,4100.0,0.0005567121320890164,7.857091223956373e-05
7267.09591691097,364.2428252582145,109.39634192824757,-18326.151312798225,0.004298912184112921,23.0,0.02,4100.0,0.0005778894472361809,8.214231734136206e-05
7459.317163543294,351.2637160274293,105.27381826686853,-18686.96219814042,0.004241404740445914,24.0,0.02,4100.0,0.0006030150753768845,8.571372244316043e-05
7647.6038589801,339.1565335663017,101.42479444449982,-19036.895673598003,0.004185682247031146,25.0,0.02,4100.0,0.000628140703517588,8.928512754495879e-05
7832.172595981662,328.1071893962966,97.92223409638848,-19376.377692624665,0.004132622059141005,26.0,0.02,4100.0,0.0006486001435750179,9.285653264675712e-05
8012.426539248133,317.67250132398493,94.76821275263578,-19706.058592510082,0.004080713313351173,27.0,0.02,4100.0,0.0006735463029432878,9.642793774855549e-05
8188.853343475804,307.74260888072996,91.57886372349613,-20027.45516043334,0.004029994433622344,28.0,0.02,4100.0,0.0006984924623115578,9.999934285035385e-05
8362.634948058852,298.5276161746762,88.79635279432911,-20342.195121652694,0.003981000785811153,29.0,0.02,4100.0,0.0007182340272792534,0.0001035707479521522
8534.30432538023,289.53843685304986,85.78372143603549,-20652.229398049945,0.0039321170345899764,30.0,0.02,4100.0,0.0007430007178750896,0.00010714215305395052
0.0,0.0,0.0,-2.1237246499294997,0.006390630270892692,0.0,0.06041666666666666,4250.0,0.0,
711.2053202184312,341.50465765465304,166.04002203815608,-2196.2409265991955,0.006176993689716831,1.0,0.06041666666666666,4200.0,2.907394113424264e-05,3.571405101798351e-06
1273.6228570665546,530.0245189088556,250.95157215422162,-3948.5731858150975,0.006024363042136703,2.0,0.06041666666666666,4200.0,5.635319454414931e-05,7.142810203596702e-06
1748.2059180055828,633.9956769241155,288.28107375336975,-5399.727200487105,0.005884933193055152,3.0,0.06041666666666666,4200.0,8.34529791816224e-05,1.0714215305395053e-05
2165.9056815181643,687.7839880178224,299.5104432379106,-6635.980015015462,0.005755332531615206,4.0,0.06041666666666666,4200.0,0.00010983488872936108,1.4285620407193404e-05
2543.989096807999,710.4337105421675,295.86396404578005,-7712.45610665506,0.005634007929153821,5.0,0.06041666666666666,4200.0,0.00013639626704953337,1.7857025508991758e-05
2892.6474714843635,713.3645340947688,284.1617851801372,-8665.925778537472,0.005520200711207925,6.0,0.06041666666666666,4200.0,0.0001615218951902369,2.1428430610790107e-05
3218.9500459168908,703.379346950808,267.7432660070756,-9523.862169390137,0.005412070502148101,7.0,0.06041666666666666,4200.0,0.0001871859296482412,2.4999835712588462e-05
3526.655824433931,685.244261720526,249.63521639565516,-10304.123728909508,0.005285839871112026,8.0,0.06041666666666666,4150.0,0.0002124910265613783,2.8571240814386808e-05
3819.311096328084,661.9581841801793,231.01440214813414,-11021.080641451568,0.0051896816772707775,9.0,0.06041666666666666,4150.0,0.00023743718592964823,3.214264591618516e-05
4099.683277952171,635.4699844211002,212.8602802289546,-11686.465819429039,0.005097654503687483,10.0,0.06041666666666666,4150.0,0.00026381909547738695,3.5714051017983516e-05
4368.537470757659,607.501613537685,197.1468317744566,-12306.386437468507,0.005010220380447101,11.0,0.06041666666666666,4150.0,0.000288226848528356,3.9285456119781865e-05
4627.254415658342,578.8833208916274,183.9257170502737,-12887.670299854457,0.004926504544979896,12.0,0.06041666666666666,4150.0,0.000312275664034458,4.2856861221580214e-05
4877.593742168338,550.322563611646,172.25859198673646,-13437.363228708746,0.004846045529820868,13.0,0.06041666666666666,4150.0,0.00033829863603732947,4.642826632337856e-05
5120.348117101093,522.404337543878,161.69184047506994,-13958.997392727179,0.004768389478090362,14.0,0.06041666666666666,4150.0,0.00036180904522613067,4.9999671425176925e-05
5355.4580445998645,495.86769642909866,152.58061350434656,-14455.280891481321,0.0046940354015828755,15.0,0.06041666666666666,4150.0,0.0003876525484565685,5.357107652697526e-05
5583.584379546896,471.5827749161055,144.54632685937196,-14927.759828065064,0.00462303847786391,16.0,0.06041666666666666,4150.0,0.00041062455132806887,5.7142481628773616e-05
5806.378081323352,449.3286382264456,136.98911992034974,-15381.989537959598,0.004553944462478925,17.0,0.06041666666666666,4150.0,0.0004362885857860732,6.071388673057197e-05
6022.284374339609,429.321798018022,130.6189981387146,-15815.287319294017,0.004488007659681909,18.0,0.06041666666666666,4150.0,0.00045872218234027277,6.428529183237032e-05
6233.842736879705,410.7549596034211,124.25119098783192,-16236.353665242452,0.00442364945956263,19.0,0.06041666666666666,4150.0,0.00048420674802584346,6.785669693416867e-05
6440.314304230985,393.76669151392883,118.8744977769718,-16640.27539782816,0.0043614409221559465,20.0,0.06041666666666666,4150.0,0.0005061019382627423,7.142810203596703e-05
6641.198577233609,378.22299804736076,113.86836136666305,-17030.016274502785,0.0042873098636077205,21.0,0.06041666666666666,4100.0,0.0005314070351758794,7.499950713776538e-05
6837.591840805343,363.83246340566484,109.20300493828083,-17408.741606657197,0.004230031421553353,22.0,0.06041666666666666,4100.0,0.0005567121320890164,7.857091223956373e-05
7030.198921125426,350.5080380645635,104.93558313618357,-17775.46759972241,0.004174465687630036,23.0,0.06041666666666666,4100.0,0.0005778894472361809,8.214231734136206e-05
7218.291309362133,338.01057476919914,100.98834801940059,-18131.95029089995,0.004120375270131278,24.0,0.06041666666666666,4100.0,0.0006030150753768845,8.571372244316043e-05
7402.613833017428,326.3593433444518,97.29436235375758,-18477.75106669891,0.004067922117425885,25.0,0.06041666666666666,4100.0,0.000628140703517588,8.928512754495879e-05
7583.33653832222,315.72550363606996,93.92980025485252,-18813.3114639383,0.004017928023793276,26.0,0.06041666666666666,4100.0,0.0006486001435750179,9.285653264675712e-05
7759.918143844163,305.68556235788225,90.90716659972894,-19139.54126747827,0.003968986193624429,27.0,0.06041666666666666,4100.0,0.0006735463029432878,9.642793774855549e-05
7932.837856025384,296.1355438671272,87.84298276743634,-19457.603119052605,0.003921131519448607,28.0,0.06041666666666666,4100.0,0.0006984924623115578,9.999934285035385e-05
8103.207923791392,287.2590344949873,85.17248095552802,-19769.156351044563,0.003874863721440525,29.0,0.06041666666666666,4100.0,0.0007182340272792534,0.0001035707479521522
8271.602564075396,278.60894571420516,82.28326829998858,-20076.407870269657,0.0038286745088271213,30.0,0.06041666666666666,4100.0,0.0007430007178750896,0.00010714215305395052
0.0,0.0,0.0,-2.1237246499294997,0.006091887669657143,0.0,0.10083333333333333,4250.0,0.0,
678.8751628199875,325.88033140141965,158.42750527757832,-2096.7869934586342,0.005896237552661296,1.0,0.10083333333333333,4200.0,2.907394113424264e-05,3.571405101798351e-06
1216.792926348803,506.10151300928993,239.5837286116045,-3774.044069795411,0.005757388610888667,2.0,0.10083333333333333,4200.0,5.635319454414931e-05,7.142810203596702e-06
1671.608556841232,605.7719233416651,275.3837155317149,-5166.429044628152,0.00563027036492772,3.0,0.10083333333333333,4200.0,8.34529791816224e-05,1.0714215305395053e-05
2072.656797833449,657.5756622632179,286.271077542571,-6355.39145833315,0.005511871852491096,4.0,0.10083333333333333,4200.0,0.00010983488872936108,1.4285620407193404e-05
2436.288053951599,679.6372800301873,282.93180755072893,-7392.988109257349,0.005400821382546126,5.0,0.10083333333333333,4200.0,0.00013639626704953337,1.7857025508991758e-05
2772.1297526540056,682.8241841574885,271.8641858406894,-8313.935123748393,0.00529646181432237,6.0,0.10083333333333333,4200.0,0.0001615218951902369,2.1428430610790107e-05
3086.8786817989744,673.6251937557591,256.2519315697167,-9144.259290883754,0.005197138220138961,7.0,0.10083333333333333,4200.0,0.0001871859296482412,2.4999835712588462e-05
3384.059586415567,656.5851306014001,238.99638469312976,-9900.731538787812,0.005103072326044439,8.0,0.10083333333333333,4200.0,0.0002124910265613783,2.8571240814386808e-05
3667.0259056982795,634.5578297179543,221.22192835449005,-10597.013986034282,0.004991080348311919,9.0,0.10083333333333333,4150.0,0.00023743718592964823,3.214264591618516e-05
3938.4038416564313,609.4214624322516,203.85016981945785,-11244.330981145438,0.004906164503307164,10.0,0.10083333333333333,4150.0,0.00026381909547738695,3.5714051017983516e-05
4198.875533477607,582.8212757904224,188.79909739105028,-11848.257304972845,0.00482537080261628,11.0,0.10083333333333333,4150.0,0.000288226848528356,3.9285456119781865e-05
4449.753263249922,555.5621497195575,176.1342300495853,-12415.363383317825,0.004747909055335267,12.0,0.10083333333333333,4150.0,0.000312275664034458,4.2856861221580214e-05
4692.708979168318,528.3055460248374,164.95762236716453,-12952.333055630428,0.004673361856075542,13.0,0.10083333333333333,4150.0,0.00033829863603732947,4.642826632337856e-05
4928.491261866583,501.6359441327072,154.8331809653791,-13462.522180398526,0.004601322597567899,14.0,0.10083333333333333,4150.0,0.00036180904522613067,4.9999671425176925e-05
5157.013688042461,476.226865901495,146.10522699228645,-13948.376359856367,0.004532259707168832,15.0,0.10083333333333333,4150.0,0.0003876525484565685,5.357107652697526e-05
5378.886246965776,452.9324292480036,138.4099671377552,-14411.424217808337,0.00446623696046578,16.0,0.10083333333333333,4150.0,0.00041062455132806887,5.7142481628773616e-05
5595.725159215976,431.5706465658186,131.1755824312569,-14857.037306402788,0.004401913402696812,17.0,0.10083333333333333,4150.0,0.0004362885857860732,6.071388673057197e-05
5805.977243095649,412.3616111628557,125.07208437274649,-15282.475746275173,0.004340463650534695,18.0,0.10083333333333333,4150.0,0.00045872218234027277,6.428529183237032e-05
6012.13141040411,394.5273643507084,118.97150393944686,-15696.33317082045,0.004280416615148349,19.0,0.10083333333333333,4150.0,0.00048420674802584346,6.785669693416867e-05
6213.435467983276,378.21448354773435,113.83279596210654,-16093.600242510533,0.004222323474447799,20.0,0.10083333333333333,4150.0,0.0005061019382627423,7.142810203596703e-05
6409.388128791618,363.2925874346107,109.03770290171595,-16477.090133565624,0.004166652510977503,21.0,0.10083333333333333,4150.0,0.0005314070351758794,7.499950713776538e-05
6601.061414975884,349.4682680511204,104.56628790128629,-16849.935877119897,0.004098571386171398,22.0,0.10083333333333333,4100.0,0.0005567121320890164,7.857091223956373e-05
6789.12420074798,336.6651682543314,100.47291580726737,-17211.305656846038,0.004046543300214253,23.0,0.10083333333333333,4100.0,0.0005778894472361809,8.214231734136206e-05
6972.878459706859,324.6650011578021,96.69488672144277,-17562.94488000973,0.003995849310205122,24.0,0.10083333333333333,4100.0,0.0006030150753768845,8.571372244316043e-05
7153.030621173579,313.47123967051425,93.15639384323684,-17904.12105355409,0.003946650293326674,25.0,0.10083333333333333,4100.0,0.000628140703517588,8.928512754495879e-05
7329.708104271149,303.25107885654074,89.93252034143892,-18235.29182709058,0.0038997122669429257,26.0,0.10083333333333333,4100.0,0.0006486001435750179,9.285653264675712e-05
7502.419627194494,293.5992533541529,87.03915607899992,-18557.608154537644,0.0038537311374092107,27.0,0.10083333333333333,4100.0,0.0006735463029432878,9.642793774855549e-05
7671.637328000617,284.427555161184,84.10723614065579,-18871.894430054555,0.0038087373920871253,28.0,0.10083333333333333,4100.0,0.0006984924623115578,9.999934285035385e-05
7838.408231047809,275.89980211648697,81.54242660236416,-19179.836328793237,0.0037651967028246363,29.0,0.10083333333333333,4100.0,0.0007182340272792534,0.0001035707479521522
8003.335655776051,267.5893549426249,78.7768543022797,-19483.87927887478,0.0037217049718832407,30.0,0.10083333333333333,4100.0,0.0007430007178750896,0.00010714215305395052
0.0,0.0,0.0,-2.1237246499294997,0.005795565446830747,0.0,0.14125,4250.0,0.0,
646.7162151279813,310.34784717012786,150.86114340380996,-1997.8286795864187,0.005616962206829897,1.0,0.14125,4200.0,2.907394113424264e-05,3.571405101798351e-06
1160.1623330176242,482.28734435302067,228.27179788383523,-3599.9650843348863,0.005491156406466544,2.0,0.14125,4200.0,5.635319454414931e-05,7.142810203596702e-06
1595.1444512782643,577.6349014488844,262.5308548686497,-4933.220903361071,0.00537573019698166,3.0,0.14125,4200.0,8.34529791816224e-05,1.0714215305395053e-05
1979.4206691268862,627.424892948632,273.06091399386406,-6074.340889812549,0.0052680044353485165,4.0,0.14125,4200.0,0.00010983488872936108,1.4285620407193404e-05
2328.4374094002824,648.8607587970538,270.0132344097393,-7072.388320772363,0.00516677224746473,5.0,0.14125,4200.0,0.00013639626704953337,1.7857025508991758e-05
2651.274331611365,652.2623155842506,259.5677106220456,-7960.073672077546,0.005071467268524827,6.0,0.14125,4200.0,0.0001615218951902369,2.1428430610790107e-05
2954.262147501193,643.8168216648368,244.75558184632266,-8762.00354089724,0.0049806067996595645,7.0,0.14125,4200.0,0.0001871859296482412,2.4999835712588462e-05
3240.696259932556,627.8444221014807,228.34503002798203,-9493.940433434072,0.004894413864971281,8.0,0.14125,4200.0,0.0002124910265613783,2.8571240814386808e-05
3513.744767783988,607.0546681256916,211.41524270049055,-10168.682835131425,0.004790354789552875,9.0,0.14125,4150.0,0.00023743718592964823,3.214264591618516e-05
3775.892050285539,583.2514657378673,194.82419630552684,-10797.124225713771,0.004712322377086101,10.0,0.14125,4150.0,0.00026381909547738695,3.5714051017983516e-05
4027.741650811174,558.0073885467035,180.43493642122357,-11384.263668387786,0.004637970940751898,11.0,0.14125,4150.0,0.000288226848528356,3.9285456119781865e-05
4270.5374902039875,532.0965612381237,168.32885940446104,-11936.41149278872,0.004566589667815111,12.0,0.14125,4150.0,0.000312275664034458,4.2856861221580214e-05
4505.866236300265,506.1398191345029,157.64267538205738,-12459.89301787073,0.00449780258944137,13.0,0.14125,4150.0,0.00033829863603732947,4.642826632337856e-05
4734.432039507962,480.7157514173797,147.9625522296432,-12957.888520903085,0.004431246754370628,14.0,0.14125,4150.0,0.00036180904522613067,4.9999671425176925e-05
4956.12392272612,456.4501019107359,139.62430516935876,-13432.590536811833,0.004367359446627991,15.0,0.14125,4150.0,0.0003876525484565685,5.357107652697526e-05
5171.502371426282,434.1369239515994,132.2622927077175,-13885.505682303978,0.004306211598698818,16.0,0.14125,4150.0,0.00041062455132806887,5.7142481628773616e-05
5382.145924936711,413.67092650576586,125.35351724149868,-14321.816850641844,0.0042465717604144295,17.0,0.14125,4150.0,0.0004362885857860732,6.071388673057197e-05
5586.507419173527,395.2692458234241,119.51956165526013,-14738.737296703468,0.0041895343999380245,18.0,0.14125,4150.0,0.00045872218234027277,6.428529183237032e-05
5787.021792584817,378.1778338475611,113.68571171396951,-15144.737653456483,0.00413373487639445,19.0,0.14125,4150.0,0.00048420674802584346,6.785669693416867e-05
5982.925171596162,362.5469852413152,108.78132185162514,-15534.727362119163,0.00407970205114539,20.0,0.14125,4150.0,0.0005061019382627423,7.142810203596703e-05
6173.719748690324,348.23907267879247,104.19774453516864,-15911.437580477555,0.004027865615678399,21.0,0.14125,4150.0,0.0005314070351758794,7.499950713776538e-05
6360.445634241245,334.98612886774913,99.92097879942791,-16277.922672840243,0.003977496334308807,22.0,0.14125,4150.0,0.0005567121320890164,7.857091223956373e-05
6543.7413036050775,322.71236496203096,96.00616073030581,-16633.25918289877,0.003928562171064302,23.0,0.14125,4150.0,0.0005778894472361809,8.214231734136206e-05
6722.940237127489,311.2070781628808,92.3938298545595,-16979.439811743214,0.003867701352548219,24.0,0.14125,4100.0,0.0006030150753768845,8.571372244316043e-05
6898.704629044472,300.4762159722955,89.01119320350162,-17315.464211363724,0.0038217352398986063,25.0,0.14125,4100.0,0.000628140703517588,8.928512754495879e-05
7071.123537495339,290.6691790267088,85.93376207551584,-17641.74108054604,0.003777838506049121,26.0,0.14125,4100.0,0.0006486001435750179,9.285653264675712e-05
7239.758559222843,281.4272599842524,83.16449049708017,-17959.646014552098,0.0037348064765974458,27.0,0.14125,4100.0,0.0006735463029432878,9.642793774855549e-05
7405.066153017004,272.62848674879393,80.36486278073443,-18269.68044190445,0.0036926660338214316,28.0,0.14125,4100.0,0.0006984924623115578,9.999934285035385e-05
7568.0372976845465,264.44485748911177,77.90657564289808,-18573.55029067595,0.003651849038347465,29.0,0.14125,4100.0,0.0007182340272792534,0.0001035707479521522
7729.293724193216,256.477296295874,75.26474825967047,-18873.923830364038,0.00361105376918298,30.0,0.14125,4100.0,0.0007430007178750896,0.00010714215305395052
0.0,0.0,0.0,-2.1237246499294997,0.005501618660993763,0.0,0.18166666666666664,4250.0,0.0,
614.7259743325876,294.905579333443,143.34030567095184,-1899.3592573868227,0.005339147279004892,1.0,0.18166666666666664,4200.0,2.907394113424264e-05,3.571405101798351e-06
1103.7267663025423,458.5782985151745,217.01203954267984,-3426.3321927897778,0.005225660219425582,2.0,0.18166666666666664,4200.0,5.635319454414931e-05,7.142810203596702e-06
1518.8140321865203,549.585160211946,249.72489715709418,-4700.103145857705,0.005121314251603975,3.0,0.18166666666666664,4200.0,8.34529791816224e-05,1.0714215305395053e-05
1886.1953987153129,597.3268283106206,259.8833471197274,-5792.831424688993,0.005023734963622478,4.0,0.18166666666666664,4200.0,0.00010983488872936108,1.4285620407193404e-05
2220.4364443221734,618.099659856628,257.1133457902867,-6750.659422445897,0.00493186491088475,5.0,0.18166666666666664,4200.0,0.00013639626704953337,1.7857025508991758e-05
2530.0776218121837,621.6797870056957,247.27463965206704,-7604.339666019652,0.004845218550708137,6.0,0.18166666666666664,4200.0,0.0001615218951902369,2.1428430610790107e-05
2821.0955483236476,613.9569602854207,233.25225747971305,-8377.084625351396,0.004762472958446145,7.0,0.18166666666666664,4200.0,0.0001871859296482412,2.4999835712588462e-05
3096.5580862751967,599.0219673200864,217.68152819824874,-9083.67315310458,0.004683848834757991,8.0,0.18166666666666664,4200.0,0.0002124910265613783,2.8571240814386808e-05
3359.455751050124,579.4490715414131,201.59395747992087,-9736.13947314104,0.004608712970113013,9.0,0.18166666666666664,4200.0,0.00023743718592964823,3.214264591618516e-05
3612.1302436150186,556.9610045929926,185.7816790358044,-10344.78699569904,0.004516104977483197,10.0,0.18166666666666664,4150.0,0.00026381909547738695,3.5714051017983516e-05
3855.112337690553,533.0606152775516,172.05544408260437,-10914.324095664051,0.004447989747766779,11.0,0.18166666666666664,4150.0,0.000288226848528356,3.9285456119781865e-05
4089.5777730150667,508.4871031428993,160.50886641090304,-11450.70760436049,0.004382507054616573,12.0,0.18166666666666664,4150.0,0.000312275664034458,4.2856861221580214e-05
4317.02891776119,483.83786833690965,150.31777605290137,-11959.908517931319,0.004319319493522668,13.0,0.18166666666666664,4150.0,0.00033829863603732947,4.642826632337856e-05
4538.126263143474,459.6428094270956,141.08446091152538,-12444.932322967383,0.00425810468425816,14.0,0.18166666666666664,4150.0,0.00036180904522613067,4.9999671425176925e-05
4752.735598217675,436.52338621295735,133.13440811255953,-12907.727043746912,0.004199269284446935,15.0,0.18166666666666664,4150.0,0.0003876525484565685,5.357107652697526e-05
4961.37062523114,415.209957740639,126.10978638967131,-13349.774872571223,0.004142888668514124,16.0,0.18166666666666664,4150.0,0.00041062455132806887,5.7142481628773616e-05
5165.569021080621,395.6457274530814,119.52077908166608,-13776.065028761637,0.00408783682820931,17.0,0.18166666666666664,4150.0,0.0004362885857860732,6.071388673057197e-05
5363.79344722815,378.0508479935332,113.95898490068407,-14183.77291068423,0.0040351297276218275,18.0,0.18166666666666664,4150.0,0.00045872218234027277,6.428529183237032e-05
5558.422173563623,361.7024209736745,108.39394281170757,-14581.231745235666,0.003983505952873941,19.0,0.18166666666666664,4150.0,0.00048420674802584346,6.785669693416867e-05
5748.6813768068305,346.7556937899716,103.72045862940621,-14963.284155243105,0.003933470628713312,20.0,0.18166666666666664,4150.0,0.0005061019382627423,7.142810203596703e-05
5934.078306054736,333.07476706716136,99.34884491398644,-15332.578357051112,0.003885416127311711,21.0,0.18166666666666664,4150.0,0.0005314070351758794,7.499950713776538e-05
6115.620426472246,320.3956538915707,95.26743007062831,-15692.09539592974,0.0038386740036841626,22.0,0.18166666666666664,4150.0,0.0005567121320890164,7.857091223956373e-05
6293.915027301791,308.65473203964984,91.53680155025033,-16040.91648486942,0.0037932235440873365,23.0,0.18166666666666664,4150.0,0.0005778894472361809,8.214231734136206e-05
6468.326726306509,297.64820592286975,88.08552331536718,-16380.970810007413,0.003748825392098633,24.0,0.18166666666666664,4150.0,0.0006030150753768845,8.571372244316043e-05
6639.476419195136,287.38084544938704,84.85905431753766,-16711.258110589864,0.003705673451194876,25.0,0.18166666666666664,4150.0,0.000628140703517588,8.928512754495879e-05
6807.411764722317,278.00148422200846,81.92816128197353,-17032.055993759415,0.003652163873870242,26.0,0.18166666666666664,4100.0,0.0006486001435750179,9.285653264675712e-05
6971.7496461408045,269.1487560985695,79.2834629760171,-17345.013354540104,0.00361206415764601,27.0,0.18166666666666664,4100.0,0.0006735463029432878,9.642793774855549e-05
7132.929969530577,260.7395082117989,76.61623661734473,-17650.280417174836,0.0035727640089575447,28.0,0.18166666666666664,4100.0,0.0006984924623115578,9.999934285035385e-05
7291.886018371162,252.9106788446681,74.27069329820364,-17949.58018058647,0.0035346625406391034,29.0,0.18166666666666664,4100.0,0.0007182340272792534,0.0001035707479521522
7449.256196779441,245.28835383990392,71.74724864292202,-18245.784131497938,0.0034965578917256455,30.0,0.18166666666666664,4100.0,0.0007430007178750896,0.00010714215305395052
0.0,0.0,0.0,-2.1237246499294997,0.005210003719445046,0.0,0.2220833333333333,4250.0,0.0,
582.9020307872049,279.5522094407608,135.86397930873417,-1801.3721739492394,0.005062772922620546,1.0,0.2220833333333333,4200.0,2.907394113424264e-05,3.571405101798351e-06
1047.4843998137494,434.97395153313585,205.80629159979767,-3253.1414736969746,0.004960894055256106,2.0,0.2220833333333333,4200.0,5.635319454414931e-05,7.142810203596702e-06
1442.6144638288793,521.6211974321157,236.9619551707881,-4467.076276658023,0.004867024177494167,3.0,0.2220833333333333,4200.0,8.34529791816224e-05,1.0714215305395053e-05
1792.979877251466,567.2820541141346,246.73438572457403,-5510.866356862338,0.00477906826355772,4.0,0.2220833333333333,4200.0,0.00010983488872936108,1.4285620407193404e-05
2112.2828611478117,587.3551581791983,244.22752031351902,-6427.804282587509,0.004696104036393659,5.0,0.2220833333333333,4200.0,0.00013639626704953337,1.7857025508991758e-05
2408.5391755407,591.0807411937176,234.98731560622224,-7246.731643261373,0.004617717646026534,6.0,0.2220833333333333,4200.0,0.0001615218951902369,2.1428430610790107e-05
2687.3728231495475,584.0435759464557,221.74388235997398,-7989.492629259927,0.004542734055830625,7.0,0.2220833333333333,4200.0,0.0001871859296482412,2.4999835712588462e-05
2951.638524191838,570.1204351040541,207.00483152418417,-8669.90730502188,0.004471368521591873,8.0,0.2220833333333333,4200.0,0.0002124910265613783,2.8571240814386808e-05
3204.147045055342,551.7401260890324,191.7564002814515,-9299.290274113839,0.004403063578504268,9.0,0.2220833333333333,4200.0,0.00023743718592964823,3.214264591618516e-05
3447.1018710364647,530.5589439979443,176.7257344353359,-9887.298057870226,0.004337270244227612,10.0,0.2220833333333333,4200.0,0.00026381909547738695,3.5714051017983516e-05
3680.965135926302,507.99040650111584,163.6603453484226,-10438.357559750388,0.004255396166627423,11.0,0.2220833333333333,4150.0,0.000288226848528356,3.9285456119781865e-05
3906.844405111519,484.7334017676639,152.67979161889826,-10958.14507919526,0.004195621323282884,12.0,0.2220833333333333,4150.0,0.000312275664034458,4.2856861221580214e-05
4126.159675060063,461.3868452845203,142.98153850710568,-11452.244100758719,0.004137864034566558,13.0,0.2220833333333333,4150.0,0.00033829863603732947,4.642826632337856e-05
4339.527856801893,438.4313088328499,134.1940021556211,-11923.486825765372,0.004081839243447977,14.0,0.2220833333333333,4150.0,0.00036180904522613067,4.9999671425176925e-05
4546.7943541851155,416.4487663931357,126.63263655522972,-12373.58732724504,0.0040279225663009035,15.0,0.2220833333333333,4150.0,0.0003876525484565685,5.357107652697526e-05
4748.427257166446,396.1347191502756,119.94653013714789,-12803.998706437647,0.003976192745410097,16.0,0.2220833333333333,4150.0,0.00041062455132806887,5.7142481628773616e-05
4945.920572118383,377.4762493787748,113.67785363745794,-13219.512263740507,0.003925624854326255,17.0,0.2220833333333333,4150.0,0.0004362885857860732,6.071388673057197e-05
5137.751581040942,360.69789595050906,108.38855874566221,-13617.27692274224,0.003877156810663484,18.0,0.2220833333333333,4150.0,0.00045872218234027277,6.428529183237032e-05
5326.237468059439,345.10183299846517,103.09692180194638,-14005.470532039253,0.0038296289151286424,19.0,0.2220833333333333,4150.0,0.00048420674802584346,6.785669693416867e-05
5510.598042121088,330.84585178687576,98.65054524846344,-14378.887091311648,0.0037835201266686897,20.0,0.2220833333333333,4150.0,0.0005061019382627423,7.142810203596703e-05
5690.346419406413,317.78789288406296,94.49141636369272,-14740.08895040727,0.003739187021651973,21.0,0.2220833333333333,4150.0,0.0005314070351758794,7.499950713776538e-05
5866.458743333865,305.6887166772488,90.60597174948465,-15091.979237531516,0.0036960200379632076,22.0,0.2220833333333333,4150.0,0.0005567121320890164,7.857091223956373e-05
6039.504580344706,294.4817387897369,87.05969308093894,-15433.64412185279,0.003654007786139171,23.0,0.2220833333333333,4150.0,0.0005778894472361809,8.214231734136206e-05
6208.884663653507,283.98099589335914,83.77189854563949,-15766.965731409982,0.0036129278985728313,24.0,0.2220833333333333,4150.0,0.0006030150753768845,8.571372244316043e-05
6375.1772857192755,274.1836381924647,80.70393645760613,-16091.04467117654,0.003572966047597225,25.0,0.2220833333333333,4150.0,0.000628140703517588,8.928512754495879e-05
6538.393582488074,265.22355711606554,77.91602824272803,-16405.759327793225,0.003534766089658296,26.0,0.2220833333333333,4150.0,0.0006486001435750179,9.285653264675712e-05
6698.202873124532,256.7842502700116,75.3964504116432,-16713.05647196946,0.0034972364084118563,27.0,0.2220833333333333,4150.0,0.0006735463029432878,9.642793774855549e-05
6855.026590069637,248.74906912771448,72.86165795096986,-17012.981961554804,0.003448870540037713,28.0,0.2220833333333333,4100.0,0.0006984924623115578,9.999934285035385e-05
7009.735975238287,241.27538649257463,70.6310197643211,-17307.17209124905,0.0034134709317967526,29.0,0.2220833333333333,4100.0,0.0007182340272792534,0.0001035707479521522
7162.995101570669,234.00101614773158,68.23135023348631,-17598.66326551057,0.003378045639097497,30.0,0.2220833333333333,4100.0,0.0007430007178750896,0.00010714215305395052
0.0,0.0,0.0,-2.1237246499294997,0.0049206783217141305,0.0,0.2625,4250.0,0.0,
551.2434520317835,264.28826755755915,128.43256323190536,-1703.861044257268,0.004787819797102855,1.0,0.2625,4200.0,2.907394113424264e-05,3.571405101798351e-06
991.4337787139734,411.47478931956323,194.65484038794742,-3080.389129525982,0.004696852103379229,2.0,0.2625,4200.0,5.635319454414931e-05,7.142810203596702e-06
1366.5450417502423,493.74453163955803,224.24544347190385,-4234.1409580973195,0.004612861690199039,3.0,0.2625,4200.0,8.34529791816224e-05,1.0714215305395053e-05
1699.7739399234067,537.2923738397294,233.61877000826937,-5228.449226798846,0.004534009256364745,4.0,0.2625,4200.0,0.00010983488872936108,1.4285620407193404e-05
2003.9753429355517,556.6260659532122,231.3595271752184,-6103.826132491718,0.0044594944539238625,5.0,0.2625,4200.0,0.00013639626704953337,1.7857025508991758e-05
2286.6550689224387,560.4674322013176,222.70279172101223,-6887.248652178176,0.004388966748404284,6.0,0.2625,4200.0,0.0001615218951902369,2.1428430610790107e-05
2553.089664938314,554.0791792536816,210.23054830771508,-7599.2183634475,0.00432138768533529,7.0,0.2625,4200.0,0.0001871859296482412,2.4999835712588462e-05
2805.9295050226388,541.1394931401002,196.3177112687531,-8252.621437371177,0.004256964408226454,8.0,0.2625,4200.0,0.0002124910265613783,2.8571240814386808e-05
3047.805843002213,523.9294639609576,181.90304674865138,-8858.066030575268,0.004195208649427037,9.0,0.2625,4200.0,0.00023743718592964823,3.214264591618516e-05
3280.7893195426873,504.0388149340417,167.65710980008794,-9424.661785898294,0.0041356338959166825,10.0,0.2625,4200.0,0.00026381909547738695,3.5714051017983516e-05
3505.2761184712417,482.785080614941,155.25401314033275,-9956.290950538845,0.004078698548270747,11.0,0.2625,4200.0,0.000288226848528356,3.9285456119781865e-05
3722.307004464678,460.8457983770316,144.8366464109836,-10458.616421471459,0.004005893171460847,12.0,0.2625,4150.0,0.000312275664034458,4.2856861221580214e-05
3933.220465112915,438.78385232789645,135.6322489254207,-10936.763631869115,0.003953387587727427,13.0,0.2625,4150.0,0.00033829863603732947,4.642826632337856e-05
4138.590646887797,417.0644102839275,127.29162517415837,-11393.384394423185,0.0039023922155394454,14.0,0.2625,4150.0,0.00036180904522613067,4.9999671425176925e-05
4338.245087804399,396.2297774221566,120.11952829982187,-11829.969295356932,0.003853252208427888,15.0,0.2625,4150.0,0.0003876525484565685,5.357107652697526e-05
4532.607540364612,376.92545581717064,113.772833134163,-12247.94016279286,0.00380604734383779,16.0,0.2625,4150.0,0.00041062455132806887,5.7142481628773616e-05
4723.125548429739,359.17870050113856,107.83024822563438,-12651.884137618938,0.003759849882926653,17.0,0.2625,4150.0,0.0004362885857860732,6.071388673057197e-05
4908.294821036642,343.2165641830594,102.81413137399674,-13038.935791017298,0.003715521209613467,18.0,0.2625,4150.0,0.00045872218234027277,6.428529183237032e-05
5090.370264845077,328.3734855798089,97.79342317805846,-13417.100303821288,0.003672000157808414,19.0,0.2625,4150.0,0.00048420674802584346,6.785669693416867e-05
5268.565109296518,314.81017791511897,93.57204043981385,-13781.140679635471,0.003629738438954773,20.0,0.2625,4150.0,0.0005061019382627423,7.142810203596703e-05
5442.402847858293,302.38667920265834,89.62584245852224,-14133.532551289281,0.003589057813014176,21.0,0.2625,4150.0,0.0005314070351758794,7.499950713776538e-05
5612.822873748324,290.8693877221851,85.9370378650648,-14477.093972046263,0.0035494057720217276,22.0,0.2625,4150.0,0.0005567121320890164,7.857091223956373e-05
5780.3631526664485,280.20480254380334,82.5751983599028,-14810.919037901447,0.0035107784999485426,23.0,0.2625,4150.0,0.0005778894472361809,8.214231734136206e-05
5944.452359069475,270.20719394971957,79.4566442759849,-15136.837824025388,0.003472970843154779,24.0,0.2625,4150.0,0.0006030150753768845,8.571372244316043e-05
6105.632814705846,260.8797715197133,76.54555987325581,-15454.049398281917,0.0034361590528352456,25.0,0.2625,4150.0,0.000628140703517588,8.928512754495879e-05
6263.884002238441,252.35376952584645,73.89769928209026,-15762.117719444635,0.003400934060977321,26.0,0.2625,4150.0,0.0006486001435750179,9.285653264675712e-05
6418.916447975245,244.3154499845496,71.50378927005977,-16063.131811510939,0.0033663003099519357,27.0,0.2625,4150.0,0.0006735463029432878,9.642793774855549e-05
6571.136530575188,236.67563569419931,69.10425900163861,-16357.217247427565,0.0033323096007848783,28.0,0.2625,4150.0,0.0006984924623115578,9.999934285035385e-05
6721.357925280509,229.55711036909668,66.98593063376191,-16645.615050218876,0.0032993308526158877,29.0,0.2625,4150.0,0.0007182340272792534,0.0001035707479521522
6870.265948343796,222.632755430173,64.71066951424476,-16931.724072786645,0.0032553364223399405,30.0,0.2625,4100.0,0.0007430007178750896,0.00010714215305395052
0.0,0.0,0.0,-2.1237246499294997,0.004633601406116193,0.0,0.30291666666666667,4250.0,0.0,
519.7465468217987,249.11120478518123,121.0448764130351,-1606.8241439263438,0.004540200215000581,1.0,0.30291666666666667,4250.0,2.907394113424264e-05,3.571405101798351e-06
935.5712473560789,388.0783060020113,183.5544272737445,-2908.0714828073105,0.004433528726458951,2.0,0.30291666666666667,4200.0,5.635319454414931e-05,7.142810203596702e-06
1290.6035919328187,465.9538313443862,211.57293315479367,-4001.297912735972,0.004358828636314139,3.0,0.30291666666666667,4200.0,8.34529791816224e-05,1.0714215305395053e-05
1606.5749664790067,507.3540138945612,220.53197374967098,-4945.58379559571,0.004288562978881001,4.0,0.30291666666666667,4200.0,0.00010983488872936108,1.4285620407193404e-05
1895.5139278585564,525.9158966262074,218.50831931035646,-5778.728693793208,0.004222041143652597,5.0,0.30291666666666667,4200.0,0.00013639626704953337,1.7857025508991758e-05
2164.4223040056086,529.8350311599547,210.42351644689487,-6525.890495841173,0.004158968266601175,6.0,0.30291666666666667,4200.0,0.0001615218951902369,2.1428430610790107e-05
2418.243753663564,524.0656974263436,198.71253200434788,-7206.253557876655,0.004098431740363082,7.0,0.30291666666666667,4200.0,0.0001871859296482412,2.4999835712588462e-05
2659.4223368902067,512.0798585675656,185.61979265348415,-7831.794987204463,0.0040406283877839795,8.0,0.30291666666666667,4200.0,0.0002124910265613783,2.8571240814386808e-05
2890.420454852746,496.0190280537181,172.03397178534235,-8412.429676661348,0.003985133052184993,9.0,0.30291666666666667,4200.0,0.00023743718592964823,3.214264591618516e-05
3113.1749244861257,477.3968583909809,158.57419819638085,-8956.726653005637,0.003931516982588002,10.0,0.30291666666666667,4200.0,0.00026381909547738695,3.5714051017983516e-05
3328.021675244881,457.4446250714009,146.83640737915405,-9468.173776513067,0.0038802020309870694,11.0,0.30291666666666667,4200.0,0.000288226848528356,3.9285456119781865e-05
3535.9348635936894,436.81522382741696,136.97989037079972,-9952.015926585627,0.0038306338696679817,12.0,0.30291666666666667,4200.0,0.000312275664034458,4.2856861221580214e-05
3738.172361957685,416.0280168789591,128.27047123869514,-10413.329900783341,0.003765841411798915,13.0,0.30291666666666667,4150.0,0.00033829863603732947,4.642826632337856e-05
3935.2670180602386,395.5412252059515,120.37781828549446,-10854.455488064712,0.0037197054013968856,14.0,0.30291666666666667,4150.0,0.00036180904522613067,4.9999671425176925e-05
4127.03010275472,375.8541472440461,113.59555478669088,-11276.669081645647,0.0036751900249380716,15.0,0.30291666666666667,4150.0,0.0003876525484565685,5.357107652697526e-05
4313.843195421843,357.5655772598794,107.58924394437065,-11681.357845391962,0.003632374838995408,16.0,0.30291666666666667,4150.0,0.00041062455132806887,5.7142481628773616e-05
4497.105086340626,340.73519250530757,101.97361871167587,-12072.900740077828,0.0035904247399291458,17.0,0.30291666666666667,4150.0,0.0004362885857860732,6.071388673057197e-05
4675.3358721973045,325.5974326379078,97.23104253500726,-12448.429402443035,0.003550126000678006,18.0,0.30291666666666667,4150.0,0.00045872218234027277,6.428529183237032e-05
4850.720207437206,311.51890581499515,92.48106915782233,-12815.758047394964,0.0035105136636899557,19.0,0.30291666666666667,4150.0,0.00048420674802584346,6.785669693416867e-05
5022.4690782531225,298.65373062200064,88.48536329843776,-13169.638988887935,0.0034720100602866244,20.0,0.30291666666666667,4150.0,0.0005061019382627423,7.142810203596703e-05
5190.119308260253,286.8616476036968,84.75253822048012,-13512.458486430318,0.0034349043345474023,21.0,0.30291666666666667,4150.0,0.0005314070351758794,7.499950713776538e-05
5354.572857563351,275.9330802224268,81.26102111251647,-13846.944001212076,0.003398698106765455,22.0,0.30291666666666667,4150.0,0.0005567121320890164,7.857091223956373e-05
5516.335333408132,265.80965642301766,78.08370937331239,-14172.199123085382,0.003363394322951841,23.0,0.30291666666666667,4150.0,0.0005778894472361809,8.214231734136206e-05
5674.86170230089,256.326627957419,75.13465488202945,-14489.998372491966,0.0033288043979712184,24.0,0.30291666666666667,4150.0,0.0006030150753768845,8.571372244316043e-05
5830.663568987716,247.47661465008787,72.38076382758742,-14799.63547173857,0.003295094840774348,25.0,0.30291666666666667,4150.0,0.000628140703517588,8.928512754495879e-05
5983.686054704965,239.37755816379195,69.87357458306333,-15100.381687485467,0.003262804334706036,26.0,0.30291666666666667,4150.0,0.0006486001435750179,9.285653264675712e-05
6133.677217789185,231.7532980007861,67.60584127923012,-15394.450398014793,0.0032310306075947247,27.0,0.30291666666666667,4150.0,0.0006735463029432878,9.642793774855549e-05
6281.034849073904,224.497233173383,65.34497508022201,-15682.090177399921,0.0031998202637913246,28.0,0.30291666666666667,4150.0,0.0006984924623115578,9.999934285035385e-05
6426.516207834624,217.7426636137693,63.33572732812174,-15964.162721835331,0.0031695094400940025,29.0,0.30291666666666667,4150.0,0.0007182340272792534,0.0001035707479521522
6570.808241843112,211.17205594892508,61.18495517207927,-16244.173035646796,0.0031391127192486835,30.0,0.30291666666666667,4150.0,0.0007430007178750896,0.00010714215305395052
0.0,0.0,0.0,-2.1237246499294997,0.004348733086841965,0.0,0.3433333333333333,4250.0,0.0,
488.4090060716383,234.01977908059138,113.70026778718811,-1510.2727226494972,0.004266563882125401,1.0,0.3433333333333333,4250.0,2.907394113424264e-05,3.571405101798351e-06
879.8959451954507,364.7848494243459,172.5063710954242,-2736.1849704847555,0.004170918452700788,2.0,0.3433333333333333,4200.0,5.635319454414931e-05,7.142810203596702e-06
1214.7893254355947,438.24770938069474,198.9450565623954,-3768.547954921065,0.0041049269579561155,3.0,0.3433333333333333,4200.0,8.34529791816224e-05,1.0714215305395053e-05
1513.384294478506,477.4720026234199,207.47885788738046,-4662.27391359958,0.004042734646965274,4.0,0.3433333333333333,4200.0,0.00010983488872936108,1.4285620407193404e-05
1786.8956420406791,495.2224899217725,205.67391591966478,-5452.515855658421,0.00398374939507926,5.0,0.3433333333333333,4200.0,0.00013639626704953337,1.7857025508991758e-05
2041.84071380658,499.1866467607866,198.14991492795923,-6162.657237430976,0.003927725075247024,6.0,0.3433333333333333,4200.0,0.0001615218951902369,2.1428430610790107e-05
2282.8283942756902,494.0022742248323,187.19093464921497,-6810.590241212958,0.0038738647630210217,7.0,0.3433333333333333,4200.0,0.0001871859296482412,2.4999835712588462e-05
2512.1093441157955,482.9431218058783,174.914556635594,-7407.407933612551,0.0038223530509385144,8.0,0.3433333333333333,4200.0,0.0002124910265613783,2.8571240814386808e-05
2731.9787763484014,468.0146676681937,162.149255490049,-7962.345312910271,0.0037728221064209323,9.0,0.3433333333333333,4200.0,0.00023743718592964823,3.214264591618516e-05
2944.2413939138187,450.63461532793394,149.47574043414585,-8483.436702534862,0.003724896461914901,10.0,0.3433333333333333,4200.0,0.00026381909547738695,3.5714051017983516e-05
3149.1779080434408,431.9691551188639,138.4074361906848,-8973.793605658087,0.0036789612753548766,11.0,0.3433333333333333,4200.0,0.000288226848528356,3.9285456119781865e-05
3347.6966062828837,412.6384616265151,129.1122105997392,-9438.38980903948,0.0036345284276553284,12.0,0.3433333333333333,4200.0,0.000312275664034458,4.2856861221580214e-05
3540.9763437364036,393.12282429751593,120.8967009743791,-9881.821943372823,0.0035914343182961972,13.0,0.3433333333333333,4200.0,0.00033829863603732947,4.642826632337856e-05
3729.5078402167132,373.8671821642358,113.45316206066914,-10306.529152416937,0.003533720063438733,14.0,0.3433333333333333,4150.0,0.00036180904522613067,4.9999671425176925e-05
3913.090537470168,355.33334998030153,107.06120672616245,-10713.48012982453,0.003493667379183563,15.0,0.3433333333333333,4150.0,0.0003876525484565685,5.357107652697526e-05
4092.0652100425064,338.0665130036487,101.3967648467562,-11104.007258515958,0.0034550964830526187,16.0,0.3433333333333333,4150.0,0.00041062455132806887,5.7142481628773616e-05
4267.778323073494,322.15822652304115,96.10767494643093,-11482.276561103688,0.0034172606466347315,17.0,0.3433333333333333,4150.0,0.0004362885857860732,6.071388673057197e-05
4438.780444453828,307.8496276272468,91.63891066720014,-11845.430589731768,0.003380872577731625,18.0,0.3433333333333333,4150.0,0.00045872218234027277,6.428529183237032e-05
4607.18046197965,294.5320283765995,87.160341829587,-12201.071697996806,0.0033450606506589507,19.0,0.3433333333333333,4150.0,0.00048420674802584346,6.785669693416867e-05
4772.191771924773,282.368547033138,83.39370523868877,-12543.964681154626,0.00331021662742508,20.0,0.3433333333333333,4150.0,0.0005061019382627423,7.142810203596703e-05
4933.363664643379,271.22063423470405,79.8719651093224,-12876.402444546962,0.003276598520096225,21.0,0.3433333333333333,4150.0,0.0005314070351758794,7.499950713776538e-05
5091.563450115361,260.88255182964593,76.58247920759187,-13201.017252908052,0.0032437597682492027,22.0,0.3433333333333333,4150.0,0.0005567121320890164,7.857091223956373e-05
5247.260841460611,251.3094353891779,73.58566857128122,-13516.92302541904,0.0032117087205147175,23.0,0.3433333333333333,4150.0,0.0005778894472361809,8.214231734136206e-05
5399.940723892514,242.33647108245816,70.8063178168048,-13825.836221241494,0.0031802732408819224,24.0,0.3433333333333333,4150.0,0.0006030150753768845,8.571372244316043e-05
5550.077913150194,233.96371141569233,68.2099699998561,-14127.140328211564,0.003149609232380576,25.0,0.3433333333333333,4150.0,0.000628140703517588,8.928512754495879e-05
5697.590753092611,226.3044665624895,65.84400022557756,-14419.83813405005,0.0031202046125629163,26.0,0.3433333333333333,4150.0,0.0006486001435750179,9.285653264675712e-05
5842.265691177765,219.09127129047093,63.70683763569405,-14706.247368248522,0.003091246933823017,27.0,0.3433333333333333,4150.0,0.0006735463029432878,9.642793774855549e-05
5984.485692113173,212.23298405571367,61.58016854576196,-14986.730647549244,0.0030627778552456057,28.0,0.3433333333333333,4150.0,0.0006984924623115578,9.999934285035385e-05
6124.949583015373,205.83705870715175,59.68076260181555,-15261.792400210441,0.003035101903226714,29.0,0.3433333333333333,4150.0,0.0007182340272792534,0.0001035707479521522
6264.353501979794,199.6211739791346,57.65459542208323,-15535.027480668556,0.0030073271345760553,30.0,0.3433333333333333,4150.0,0.0007430007178750896,0.00010714215305395052
0.0,0.0,0.0,-2.1237246499294997,0.00406603461378394,0.0,0.38375,4250.0,0.0,
457.22864130489995,219.01284141036714,106.39816658901145,-1414.1788973057337,0.0039942888907071135,1.0,0.38375,4250.0,2.907394113424264e-05,3.571405101798351e-06
824.4054127840268,341.59282212282136,161.5107542401642,-2564.7261423384844,0.0039090159659230786,2.0,0.38375,4200.0,5.635319454414931e-05,7.142810203596702e-06
1139.100433857115,410.62738483292117,186.36271597599813,-3535.8919976153193,0.0038511586712686474,3.0,0.38375,4200.0,8.34529791816224e-05,1.0714215305395053e-05
1420.1989544242133,447.6434348942661,194.45536135388588,-4378.523587271091,0.0037965296167243607,4.0,0.38375,4200.0,0.00010983488872936108,1.4285620407193404e-05
1678.1212930925126,464.5489476867031,192.85813174651838,-5125.19181496957,0.0037446247517725416,5.0,0.38375,4200.0,0.00013639626704953337,1.7857025508991758e-05
1918.9069204305836,468.5215192992668,185.88187526320317,-5797.549542922468,0.0036952403845186776,6.0,0.38375,4200.0,0.0001615218951902369,2.1428430610790107e-05
2146.839357929144,463.89267527687434,175.66842290815575,-6412.221505279507,0.003647685575027291,7.0,0.38375,4200.0,0.0001871859296482412,2.4999835712588462e-05
2363.9836611415335,453.7285264360016,164.19767271185395,-6979.441479325826,0.003602131251512777,8.0,0.38375,4200.0,0.0002124910265613783,2.8571240814386808e-05
2572.4684477757514,439.90969028701113,152.2501812925041,-7507.777788279949,0.0035582615458270577,9.0,0.38375,4200.0,0.00023743718592964823,3.214264591618516e-05
2773.971379162842,423.7526103228469,140.36160477555006,-8004.736308871565,0.0035157499792798606,10.0,0.38375,4200.0,0.00026381909547738695,3.5714051017983516e-05
2968.7206742482713,406.3589332234375,129.96464004362448,-8473.071251414804,0.003474945000401754,11.0,0.38375,4200.0,0.000288226848528356,3.9285456119781865e-05
3157.560498768105,388.3148469179906,121.23401663297146,-8917.482338083777,0.0034354198925186825,12.0,0.38375,4200.0,0.000312275664034458,4.2856861221580214e-05
3341.591442253975,370.07363519514115,113.51151694929514,-9342.236019916098,0.003397033127082125,13.0,0.38375,4200.0,0.00033829863603732947,4.642826632337856e-05
3521.2633229904636,352.0431920847439,106.51819512789666,-9749.473204184986,0.0033596425055544606,14.0,0.38375,4200.0,0.00036180904522613067,4.9999671425176925e-05
3696.3661150769753,334.65635517998373,100.51931353814891,-10140.19352415306,0.003308614987487572,15.0,0.38375,4150.0,0.0003876525484565685,5.357107652697526e-05
3867.202000204026,318.41678198824786,95.20000239052632,-10515.640439544048,0.0032741325671832595,16.0,0.38375,4150.0,0.00041062455132806887,5.7142481628773616e-05
4035.062719750658,303.43673559376595,90.23417394540515,-10879.721420626884,0.0032402673962886193,17.0,0.38375,4150.0,0.0004362885857860732,6.071388673057197e-05
4198.532360393401,289.95946726687805,86.03822688525521,-11229.605350474114,0.0032076602982532842,18.0,0.38375,4150.0,0.00045872218234027277,6.428529183237032e-05
4359.641622526089,277.41871999941657,81.83168652103079,-11572.660711285302,0.0031755300171370294,19.0,0.38375,4150.0,0.00048420674802584346,6.785669693416867e-05
4517.609268664055,265.96222497774835,78.29730737516824,-11903.689192370795,0.0031442366254975773,20.0,0.38375,4150.0,0.0005061019382627423,7.142810203596703e-05
4672.001030846777,255.45323269362862,74.98507711969935,-12224.886864513952,0.003114008774479076,21.0,0.38375,4150.0,0.0005314070351758794,7.499950713776538e-05
4823.6427133408015,245.71301104808677,71.89892457636641,-12538.785222353552,0.003084449073590553,22.0,0.38375,4150.0,0.0005567121320890164,7.857091223956373e-05
4972.9718823986,236.69038258401645,69.08146587608404,-12844.510499482582,0.003055570260674361,23.0,0.38375,4150.0,0.0005778894472361809,8.214231734136206e-05
5119.503763851217,228.23923471027848,66.472046087558,-13143.71764971812,0.003027216241200364,24.0,0.38375,4150.0,0.0006030150753768845,8.571372244316043e-05
5263.675441349351,220.35149410178536,64.03355742973109,-13435.875799698319,0.002999531654493356,25.0,0.38375,4150.0,0.000628140703517588,8.928512754495879e-05
5405.384460215485,213.1272241597446,61.80936233796468,-13719.74410852277,0.002972955349638912,26.0,0.38375,4150.0,0.0006486001435750179,9.285653264675712e-05
5544.449748130599,206.33131353126973,59.80523780295926,-13997.724216649272,0.002946760865737549,27.0,0.38375,4150.0,0.0006735463029432878,9.642793774855549e-05
5681.23445985941,199.86684713849394,57.810203485039764,-14270.28359942737,0.002920985379968389,28.0,0.38375,4150.0,0.0006984924623115578,9.999934285035385e-05
5816.394584850344,193.8412758688927,56.0241833554225,-14537.592619979252,0.00289590270508351,29.0,0.38375,4150.0,0.0007182340272792534,0.0001035707479521522
5950.617723089322,187.98510299523687,54.11992540656235,-14803.312651819731,0.0028707113590265444,30.0,0.38375,4150.0,0.0007430007178750896,0.00010714215305395052
0.0,0.0,0.0,-2.1237246499294997,0.003785468355187927,0.0,0.42416666666666664,4250.0,0.0,
426.2036978141969,204.089649700782,99.1383944057614,-1318.5368923067435,0.003723357851963045,1.0,0.42416666666666664,4250.0,2.907394113424264e-05,3.571405101798351e-06
769.0965408121319,318.499715398618,150.56603394297193,-2393.6916726809723,0.0036478160892358864,2.0,0.42416666666666664,4200.0,5.635319454414931e-05,7.142810203596702e-06
1063.5358920230403,383.0925496218924,173.82311412698755,-3303.3311072456563,0.003597525829978673,3.0,0.42416666666666664,4200.0,8.34529791816224e-05,1.0714215305395053e-05
1327.019614015833,417.86961685088767,181.46493296138271,-4094.3371176200817,0.003549953283853969,4.0,0.42416666666666664,4200.0,0.00010983488872936108,1.4285620407193404e-05
1569.1892040961868,433.895351453843,180.05980218449764,-4796.761266011061,0.0035046728699614804,5.0,0.42416666666666664,4200.0,0.00013639626704953337,1.7857025508991758e-05
1795.618196801802,437.8413357943815,173.62042911512967,-5430.568687779771,0.003461517642105294,6.0,0.42416666666666664,4200.0,0.0001615218951902369,2.1428430610790107e-05
2010.2729515291917,433.73955452926043,164.14196520544306,-6011.140994688307,0.0034198934357861505,7.0,0.42416666666666664,4200.0,0.0001871859296482412,2.4999835712588462e-05
2215.036902773102,424.4386672047671,153.4709084545766,-6547.877366927387,0.0033799564589910907,8.0,0.42416666666666664,4200.0,0.0002124910265613783,2.8571240814386808e-05
2411.8774865310725,411.705088047856,142.33722938921812,-7048.693039804602,0.0033414377368820524,9.0,0.42416666666666664,4200.0,0.00023743718592964823,3.214264591618516e-05
2602.3469148411814,396.7515086215975,131.23293801649695,-7520.571201577659,0.0033040556145882707,10.0,0.42416666666666664,4200.0,0.00026381909547738695,3.5714051017983516e-05
2786.625475267448,380.61364792210264,121.5086032327462,-7965.928133843903,0.003268122200520619,11.0,0.42416666666666664,4200.0,0.000288226848528356,3.9285456119781865e-05
2965.494693977514,363.8451107997644,113.34339272196166,-8389.187082153869,0.003233267679807327,12.0,0.42416666666666664,4200.0,0.000312275664034458,4.2856861221580214e-05
3139.9766045063916,346.86987937015937,106.11613186778699,-8794.28970512934,0.003199370515833052,13.0,0.42416666666666664,4200.0,0.00033829863603732947,4.642826632337856e-05
3310.4824949199224,330.0600758042913,99.57943815766117,-9183.17356309737,0.0031663100494797023,14.0,0.42416666666666664,4200.0,0.00036180904522613067,4.9999671425176925e-05
3476.795195461913,313.82248089154245,93.97224730580723,-9556.708748969584,0.0031342944912296613,15.0,0.42416666666666664,4200.0,0.0003876525484565685,5.357107652697526e-05
3639.1808383317725,298.6217821317633,88.99435698613269,-9916.005768435076,0.0030894025696216643,16.0,0.42416666666666664,4150.0,0.00041062455132806887,5.7142481628773616e-05
3798.8717661438545,284.57553930033254,84.35603854882501,-10264.94053056898,0.0030593534346927092,17.0,0.42416666666666664,4150.0,0.0004362885857860732,6.071388673057197e-05
3954.492685613154,271.93998941039484,80.42950822665347,-10600.613029917367,0.003030386730862888,18.0,0.42416666666666664,4150.0,0.00045872218234027277,6.428529183237032e-05
4107.990830998693,260.1682722764526,76.49557002622328,-10930.136145369986,0.0030018081545509236,19.0,0.42416666666666664,4150.0,0.00048420674802584346,6.785669693416867e-05
4258.596200103046,249.423275820481,73.19352601623976,-11248.37288913114,0.0029739456303179675,20.0,0.42416666666666664,4150.0,0.0005061019382627423,7.142810203596703e-05
4405.888873102195,239.5698736896079,70.09649667127199,-11557.420661774406,0.0029469998349165773,21.0,0.42416666666666664,4150.0,0.0005314070351758794,7.499950713776538e-05
4550.651560025569,230.42923065211255,67.20898983621514,-11859.702833272473,0.0029206200950522565,22.0,0.42416666666666664,4150.0,0.0005567121320890164,7.857091223956373e-05
4693.294059377657,221.96369456646363,64.57153332668905,-12154.361675277753,0.0028948224847223825,23.0,0.42416666666666664,4150.0,0.0005778894472361809,8.214231734136206e-05
4833.359184685053,214.03199342594684,62.13229110820983,-12442.986060540868,0.0028694664430146677,24.0,0.42416666666666664,4150.0,0.0006030150753768845,8.571372244316043e-05
4971.248699514064,206.62869444815217,59.85194171978475,-12725.127003992951,0.0028446850144686255,25.0,0.42416666666666664,4150.0,0.000628140703517588,8.928512754495879e-05
5106.839811413249,199.85048785648934,57.77007978179393,-12999.326649928676,0.0028208694485403352,26.0,0.42416666666666664,4150.0,0.0006486001435750179,9.285653264675712e-05
5239.98160871531,193.4739642117159,55.8988749970987,-13268.048706510162,0.0027973757856784966,27.0,0.42416666666666664,4150.0,0.0006735463029432878,9.642793774855549e-05
5371.024009320743,187.41008632848022,54.0354632659738,-13531.855170335162,0.0027742368144916167,28.0,0.42416666666666664,4150.0,0.0006984924623115578,9.999934285035385e-05
5500.565917677162,181.74961558786308,52.36619184149523,-13790.60916044101,0.002751696456092222,29.0,0.42416666666666664,4150.0,0.0007182340272792534,0.0001035707479521522
5629.296539155557,176.25334208155306,50.581597163963835,-14048.011022133382,0.0027290409525692057,30.0,0.42416666666666664,4150.0,0.0007430007178750896,0.00010714215305395052
0.0,0.0,0.0,-2.1237246499294997,0.003506997731021188,0.0,0.4645833333333333,4250.0,0.0,
395.33276579990206,189.2497883534587,91.92108787102917,-1223.341070346447,0.003453753792923683,1.0,0.4645833333333333,4250.0,2.907394113424264e-05,3.571405101798351e-06
713.9694655773395,295.50751203900097,139.67177730922938,-2223.0783181045044,0.003387313805945103,2.0,0.4645833333333333,4200.0,5.635319454414931e-05,7.142810203596702e-06
988.0946862057252,355.6424131085773,161.3290807551215,-3070.866413800606,0.0033440305777468547,3.0,0.4645833333333333,4200.0,8.34529791816224e-05,1.0714215305395053e-05
1233.844921746735,388.15173910055734,168.50550518779974,-3809.718899652842,0.003303011186377239,4.0,0.4645833333333333,4200.0,0.00010983488872936108,1.4285620407193404e-05
1460.097437589974,403.261040369427,167.28032496147102,-4467.229046977773,0.0032638996751791134,5.0,0.4645833333333333,4200.0,0.00013639626704953337,1.7857025508991758e-05
1671.9737456179068,407.1465020967228,161.36489021369556,-5061.716291762699,0.003226560685791029,6.0,0.4645833333333333,4200.0,0.0001615218951902369,2.1428430610790107e-05
1873.1254587922033,403.54159924277775,152.61337040424314,-5607.343210768362,0.0031904880524034366,7.0,0.4645833333333333,4200.0,0.0001871859296482412,2.4999835712588462e-05
2065.2625064665663,395.07583135305987,142.73565451339203,-6112.6985599034015,0.0031558226700818194,8.0,0.4645833333333333,4200.0,0.0002124910265613783,2.8571240814386808e-05
2250.194197292921,383.4017733467433,132.41130613252656,-6585.057938115133,0.0031223375539701937,9.0,0.4645833333333333,4200.0,0.00023743718592964823,3.214264591618516e-05
2429.3501836146065,369.63097753473653,122.09282932948143,-7030.888002006512,0.0030897919328862307,10.0,0.4645833333333333,4200.0,0.00026381909547738695,3.5714051017983516e-05
2602.8677213502533,354.7369937706639,113.03984498492301,-7452.286800061156,0.0030584624475000185,11.0,0.4645833333333333,4200.0,0.000288226848528356,3.9285456119781865e-05
2771.466034200835,339.2321063223658,105.44092873225473,-7853.398028437914,0.003028031532498327,12.0,0.4645833333333333,4200.0,0.000312275664034458,4.2856861221580214e-05
2936.090111420059,323.51155521060605,98.71391790647576,-8237.845314856226,0.0029983956824276513,13.0,0.4645833333333333,4200.0,0.00033829863603732947,4.642826632337856e-05
3097.113338715915,307.9175742577863,92.63363923329153,-8607.36842983785,0.002969453836124566,14.0,0.4645833333333333,4200.0,0.00036180904522613067,4.9999671425176925e-05
3254.3147027750883,292.83878648655036,87.41838907373214,-8962.783492942785,0.0029413892550604493,15.0,0.4645833333333333,4200.0,0.0003876525484565685,5.357107652697526e-05
3407.926354092739,278.67773600729294,82.78366030900041,-9305.038364470653,0.002914247509745741,16.0,0.4645833333333333,4200.0,0.00041062455132806887,5.7142481628773616e-05
3559.1172281458944,265.5705879047212,78.46953082834409,-9637.715948003679,0.002887536558505417,17.0,0.4645833333333333,4200.0,0.0004362885857860732,6.071388673057197e-05
3706.559308285584,253.77657662425355,74.8178780653569,-9958.107089396857,0.0028489477297121003,18.0,0.4645833333333333,4150.0,0.00045872218234027277,6.428529183237032e-05
3852.1136420181992,242.7923959861087,71.15517461713257,-10273.100287661866,0.0028237792880656597,19.0,0.4645833333333333,4150.0,0.00048420674802584346,6.785669693416867e-05
3995.019423055283,232.76403963106569,68.08281986019024,-10577.565844984638,0.002799216277296249,20.0,0.4645833333333333,4150.0,0.0005061019382627423,7.142810203596703e-05
4134.876727488004,223.5573552457341,65.20136997270622,-10873.49956929707,0.0027754327713945997,21.0,0.4645833333333333,4150.0,0.0005314070351758794,7.499950713776538e-05
4272.42703840286,215.0234670006114,62.51310290595849,-11163.209274704474,0.0027521225960837016,22.0,0.4645833333333333,4150.0,0.0005567121320890164,7.857091223956373e-05
4408.046031786565,207.1197338552856,60.056326301637476,-11445.857628082747,0.0027293037490193437,23.0,0.4645833333333333,4150.0,0.0005778894472361809,8.214231734136206e-05
4541.3060733747925,199.71570292256192,57.787468123465345,-11722.96228382791,0.002706851133800239,24.0,0.4645833333333333,4150.0,0.0006030150753768845,8.571372244316043e-05
4672.577671300343,192.80523236469753,55.66555731181993,-11994.152226587226,0.002684885600896561,25.0,0.4645833333333333,4150.0,0.000628140703517588,8.928512754495879e-05
4801.718893273906,186.47044556013114,53.7265524205386,-12257.78228489199,0.0026637524285262324,26.0,0.4645833333333333,4150.0,0.0006486001435750179,9.285653264675712e-05
4928.60588708705,180.51686663937988,51.988158978644336,-12516.353175696611,0.0026428867663679766,27.0,0.4645833333333333,4150.0,0.0006735463029432878,9.642793774855549e-05
5053.572158193823,174.85480607821054,50.25634404297344,-12770.51237793453,0.0026223166913246256,28.0,0.4645833333333333,4150.0,0.0006984924623115578,9.999934285035385e-05
5177.16793928721,169.57133843471956,48.70392388993361,-13019.842449099437,0.002602257774674393,29.0,0.4645833333333333,4150.0,0.0007182340272792534,0.0001035707479521522
5300.0714368337385,164.4408299756025,47.04473340241505,-13268.055322884495,0.0025820803772624384,30.0,0.4645833333333333,4150.0,0.0007430007178750896,0.00010714215305395052
0.0,0.0,0.0,-2.1237246499294997,0.0032305871716596084,0.0,0.505,4250.0,0.0,
364.61284673985364,174.49117747945553,84.74363553561952,-1128.585927338674,0.0031854601413633553,1.0,0.505,4250.0,2.907394113424264e-05,3.571405101798351e-06
659.020745110938,272.6140134325153,128.82818618032246,-2052.8829265157838,0.0031275042403104787,2.0,0.505,4200.0,5.635319454414931e-05,7.142810203596702e-06
912.7747427329994,328.2759680984505,148.87887105219065,-2838.4991028880395,0.0030906751385795577,3.0,0.505,4200.0,8.34529791816224e-05,1.0714215305395053e-05
1140.6741115825384,358.4885136735695,155.57853054509084,-3524.6734381745046,0.0030557089878272305,4.0,0.505,4200.0,0.00010983488872936108,1.4285620407193404e-05
1350.8478785679558,372.6504259020905,154.51941175980215,-4136.600353345704,0.0030223112886561977,5.0,0.505,4200.0,0.00013639626704953337,1.7857025508991758e-05
1547.9720333679006,376.4408226971766,149.1177291927596,-4690.994777067535,0.0029903736348036664,6.0,0.505,4200.0,0.0001615218951902369,2.1428430610790107e-05
1735.3924220705592,373.29865079337117,141.0834138136806,-5200.823303978999,0.002959469655152549,7.0,0.505,4200.0,0.0001871859296482412,2.4999835712588462e-05
1914.6524287807822,365.63909209545983,131.9920733895676,-5673.888695322508,0.002929724401290078,8.0,0.505,4200.0,0.0002124910265613783,2.8571240814386808e-05
2087.4065183651305,355.0001110591357,122.47289754293513,-6116.840725130416,0.0029009484003381164,9.0,0.505,4200.0,0.00023743718592964823,3.214264591618516e-05
2254.9633575997113,342.3929936537013,112.94211429772757,-6535.634378853392,0.0028729382372774596,10.0,0.505,4200.0,0.00026381909547738695,3.5714051017983516e-05
2417.422464740646,328.7339857168871,104.56129250824902,-6932.070494950931,0.002845935797749164,11.0,0.505,4200.0,0.000288226848528356,3.9285456119781865e-05
2575.4414835508155,314.4814144891768,97.52722952561881,-7310.0103468229645,0.002819671525377655,12.0,0.505,4200.0,0.000312275664034458,4.2856861221580214e-05
2729.889249210098,299.9987487982802,91.30159998189345,-7672.764634545703,0.0027940582822532085,13.0,0.505,4200.0,0.00033829863603732947,4.642826632337856e-05
2881.1029066162846,285.62641240967116,85.67823324162191,-8021.884300415899,0.0027690121055683153,14.0,0.505,4200.0,0.00036180904522613067,4.9999671425176925e-05
3028.860787636734,271.69416951949654,80.85532899442696,-8358.130360763986,0.0027446927797036315,15.0,0.505,4200.0,0.0003876525484565685,5.357107652697526e-05
3173.360915348879,258.58094253269564,76.56586263450859,-8682.30573889296,0.0027211427379342655,16.0,0.505,4200.0,0.00041062455132806887,5.7142481628773616e-05
3315.7085955317916,246.41818566482527,72.5752006695707,-8997.790468356725,0.0026979383941889545,17.0,0.505,4200.0,0.0004362885857860732,6.071388673057197e-05
3454.6293943532596,235.47719379273587,69.19869054731515,-9301.925995488666,0.0026755207866615434,18.0,0.505,4200.0,0.00045872218234027277,6.428529183237032e-05
3591.88771153307,225.27878562043466,65.80999274170286,-9601.214039866005,0.00265333599784961,19.0,0.505,4200.0,0.00048420674802584346,6.785669693416867e-05
3726.740772545528,215.97121195085995,62.96567387604239,-9890.807914268764,0.002619918356700912,20.0,0.505,4150.0,0.0005061019382627423,7.142810203596703e-05
3858.812859205097,207.4290627609522,60.30016826534802,-10172.606155184592,0.0025991653344813914,21.0,0.505,4150.0,0.0005314070351758794,7.499950713776538e-05
3988.7967393890244,199.50488237227506,57.811721994182875,-10448.72754065023,0.002578802167891636,22.0,0.505,4150.0,0.0005567121320890164,7.857091223956373e-05
4117.036730134344,192.164475480752,55.53863665820214,-10718.360174351503,0.0025588475533456813,23.0,0.505,4150.0,0.0005778894472361809,8.214231734136206e-05
4243.13673968503,185.29059765183035,53.43803259469112,-10982.943880224972,0.0025391918453763897,24.0,0.505,4150.0,0.0006030150753768845,8.571372244316043e-05
4367.433514260094,178.87246916595785,51.474851757839396,-11242.183240830127,0.0025199429275902024,25.0,0.505,4150.0,0.000628140703517588,8.928512754495879e-05
4489.771640570557,172.9906466356135,49.682513606286825,-11494.275689423943,0.0025014023985024626,26.0,0.505,4150.0,0.0006486001435750179,9.285653264675712e-05
4610.050440495579,167.4631480644873,48.07785804958373,-11741.734970008853,0.0024830802624484388,27.0,0.505,4150.0,0.0006735463029432878,9.642793774855549e-05
4728.589002269769,162.2069795213476,46.47800508810648,-11985.281748206733,0.0024650002445179946,28.0,0.505,4150.0,0.0006984924623115578,9.999934285035385e-05
4845.886060533189,157.29545953616625,45.03778420792236,-12224.247614775217,0.002447350782285202,29.0,0.505,4150.0,0.0007182340272792534,0.0001035707479521522
4962.606322379431,152.530776412828,43.50402845801608,-12462.328158544864,0.0024295824153113973,30.0,0.505,4150.0,0.0007430007178750896,0.00010714215305395052
0.0,0.0,0.0,-2.1237246499294997,0.00295620207900642,0.0,0.5454166666666667,4250.0,0.0,
334.04190318753604,159.81275613854504,77.60649370377482,-1034.2660875812435,0.0029184607114632367,1.0,0.5454166666666667,4250.0,2.907394113424264e-05,3.571405101798351e-06
604.24793932393,249.8178268126373,118.03430501749945,-1883.102436862624,0.002868382648491628,2.0,0.5454166666666667,4200.0,5.635319454414931e-05,7.142810203596702e-06
837.5764581656756,300.9952914462324,136.47282099003246,-2606.230438895589,0.002837461797296401,3.0,0.5454166666666667,4200.0,8.34529791816224e-05,1.0714215305395053e-05
1047.5075671955146,328.8821666681741,142.68412945955768,-3239.2054594934743,0.0028080524335557023,4.0,0.5454166666666667,4200.0,0.00010983488872936108,1.4285620407193404e-05
1241.4374833484528,342.0607644073816,141.7787166552789,-3804.880858346274,0.002779914007015892,5.0,0.5454166666666667,4200.0,0.00013639626704953337,1.7857025508991758e-05
1423.6098988320502,345.72193096580713,136.88053126046654,-4318.406790301196,0.0027529610460583424,6.0,0.5454166666666667,4200.0,0.0001615218951902369,2.1428430610790107e-05
1597.0694553656963,343.0114102046862,129.55216273984453,-4791.577157892934,0.002726838872019821,7.0,0.5454166666666667,4200.0,0.0001871859296482412,2.4999835712588462e-05
1763.1993194211834,336.131880720152,121.24084962192099,-5231.432869821088,0.002701656658850948,8.0,0.5454166666666667,4200.0,0.0002124910265613783,2.8571240814386808e-05
1923.502164572428,326.50230640356045,112.52221499541606,-5644.010377031947,0.0026772584682184714,9.0,0.5454166666666667,4200.0,0.00023743718592964823,3.214264591618516e-05
2079.16876487413,315.0431995651948,103.77856303139157,-6034.759442810704,0.002653474308500402,10.0,0.5454166666666667,4200.0,0.00026381909547738695,3.5714051017983516e-05
2230.264573642229,302.5974627488889,96.0728706631355,-6405.203870517289,0.0026305129249650184,11.0,0.5454166666666667,4200.0,0.000288226848528356,3.9285456119781865e-05
2377.387376063812,289.5845331443765,89.60298504561773,-6758.919494751186,0.0026081483378941873,12.0,0.5454166666666667,4200.0,0.000312275664034458,4.2856861221580214e-05
2521.3308099112664,276.3405826321854,83.87980582926565,-7098.91062180711,0.0025863080934025572,13.0,0.5454166666666667,4200.0,0.00033829863603732947,4.642826632337856e-05
2662.39726854144,263.1761326736295,78.71388047609045,-7426.546545821038,0.002564923418421298,14.0,0.5454166666666667,4200.0,0.00036180904522613067,4.9999671425176925e-05
2800.3666648871003,250.39475481392952,74.28365216000346,-7742.534710733453,0.0025441315379663835,15.0,0.5454166666666667,4200.0,0.0003876525484565685,5.357107652697526e-05
2935.4063549619113,238.3355385086019,70.34031392003706,-8047.541967197387,0.002523971345121667,16.0,0.5454166666666667,4200.0,0.00041062455132806887,5.7142481628773616e-05
3068.5531493091735,227.1245009540861,66.67606426244978,-8344.736687350021,0.0025040828219892886,17.0,0.5454166666666667,4200.0,0.0004362885857860732,6.071388673057197e-05
3198.593132238883,217.03858717581105,63.57242249470957,-8631.5529587766,0.002484845433894001,18.0,0.5454166666666667,4200.0,0.00045872218234027277,6.428529183237032e-05
3327.1877519673412,207.63468112139438,60.45824913126429,-8914.102676972077,0.002465783523047104,19.0,0.5454166666666667,4200.0,0.00048420674802584346,6.785669693416867e-05
3453.620703402957,199.05353021628045,57.84260981359274,-9187.796811851105,0.0024471606613204132,20.0,0.5454166666666667,4200.0,0.0005061019382627423,7.142810203596703e-05
3577.5363912059165,191.17256061984838,55.393391653135026,-9454.353246405284,0.0024290711259323653,21.0,0.5454166666666667,4200.0,0.0005314070351758794,7.499950713776538e-05
3699.5796777328965,183.86254246954448,53.10532783073528,-9715.72151239898,0.002411320692462377,22.0,0.5454166666666667,4200.0,0.0005567121320890164,7.857091223956373e-05
3820.0696845526054,177.09475683978835,51.02111493096105,-9971.211339732756,0.0023832826329748887,23.0,0.5454166666666667,4150.0,0.0005778894472361809,8.214231734136206e-05
3938.631200307329,170.7540406671208,49.08443816700476,-10222.206201149194,0.002366304238796609,24.0,0.5454166666666667,4150.0,0.0006030150753768845,8.571372244316043e-05
4055.575864611191,164.83686474728958,47.280262947476324,-10468.424783500202,0.0023496599869047537,25.0,0.5454166666666667,4150.0,0.000628140703517588,8.928512754495879e-05
4170.736699764476,159.4072171808599,45.636228837227655,-10707.940373053469,0.0023336098632038655,26.0,0.5454166666666667,4150.0,0.0006486001435750179,9.285653264675712e-05
4284.032426544988,154.31026490424895,44.16384681355258,-10943.255532932919,0.002317734207376733,27.0,0.5454166666666667,4150.0,0.0006735463029432878,9.642793774855549e-05
4395.7650380219,149.4624616563594,42.69564108635842,-11175.148324824368,0.002302053137518428,28.0,0.5454166666666667,4150.0,0.0006984924623115578,9.999934285035385e-05
4506.388595006858,144.9346776888324,41.36815336572347,-11402.734186310481,0.0022867288350261108,29.0,0.5454166666666667,4150.0,0.0007182340272792534,0.0001035707479521522
4616.5439406359565,140.5416770632129,39.95986313496051,-11629.659518450171,0.0022712882848880804,30.0,0.5454166666666667,4150.0,0.0007430007178750896,0.00010714215305395052
0.0,0.0,0.0,-2.1237246499294997,0.002683808789534078,0.0,0.5858333333333333,4250.0,0.0,
303.6179979058963,145.2133217297339,70.50923597317798,-940.3762992397242,0.002652739690123751,1.0,0.5858333333333333,4250.0,2.907394113424264e-05,3.571405101798351e-06
549.6516458640892,227.12037512531273,107.29118038628725,-1713.733875047299,0.0026099444128622044,2.0,0.5858333333333333,4200.0,5.635319454414931e-05,7.142810203596702e-06
762.4968229545726,273.7989766662321,124.11102858552924,-2374.061796002483,0.0025843928853350774,3.0,0.5858333333333333,4200.0,8.34529791816224e-05,1.0714215305395053e-05
954.342996809732,299.3322062135103,129.82146454234908,-2953.3198953261744,0.00256004736069443,4.0,0.5858333333333333,4200.0,0.00010983488872936108,1.4285620407193404e-05
1131.8659689253184,311.495414051142,129.05634780656072,-3472.076276787462,0.0025367144204155633,5.0,0.5858333333333333,4200.0,0.00013639626704953337,1.7857025508991758e-05
1298.8863515990163,314.99404965209027,124.65020392458284,-3943.955628026546,0.002514327734725493,6.0,0.5858333333333333,4200.0,0.0001615218951902369,2.1428430610790107e-05
1458.1533280080225,312.6829262846876,118.01853618495467,-4379.601801200253,0.0024925967435248594,7.0,0.5858333333333333,4200.0,0.0001871859296482412,2.4999835712588462e-05
1610.8962221951317,306.56026656254903,110.4827600171574,-4785.316577748519,0.0024716151990890555,8.0,0.5858333333333333,4200.0,0.0002124910265613783,2.8571240814386808e-05
1758.4695898910009,297.90986899865356,102.56131211293862,-5166.537711236888,0.0024512563979399203,9.0,0.5858333333333333,4200.0,0.00023743718592964823,3.214264591618516e-05
1901.948133545107,287.5814748258932,94.60182715263767,-5528.213273947855,0.0024313807543584792,10.0,0.5858333333333333,4200.0,0.00026381909547738695,3.5714051017983516e-05
2041.368894193074,276.3284653086615,87.57442370571842,-5871.612830099926,0.0024121651222937077,11.0,0.5858333333333333,4200.0,0.000288226848528356,3.9285456119781865e-05
2177.2697104149074,264.542201243246,81.67015169245529,-6200.022349918392,0.002393423151000821,12.0,0.5858333333333333,4200.0,0.000312275664034458,4.2856861221580214e-05
2310.3707952572177,252.5292267598886,76.44923375508743,-6516.146627140843,0.0023750953456128775,13.0,0.5858333333333333,4200.0,0.00033829863603732947,4.642826632337856e-05
2440.9417528623067,240.56610056817863,71.7412204569884,-6821.181143555106,0.0023571263754194587,14.0,0.5858333333333333,4200.0,0.00036180904522613067,4.9999671425176925e-05
2568.7651364781086,228.93665774596602,67.70398813124794,-7115.780663237376,0.002339632009773077,15.0,0.5858333333333333,4200.0,0.0003876525484565685,5.357107652697526e-05
2693.9801793496376,217.9333506202902,64.10761950792025,-7400.485757858813,0.0023226472409157446,16.0,0.5858333333333333,4200.0,0.00041062455132806887,5.7142481628773616e-05
2817.5544989339337,207.68248520533797,60.771250308109416,-7678.244018182704,0.002305870698974698,17.0,0.5858333333333333,4200.0,0.0004362885857860732,6.071388673057197e-05
2938.337340559754,198.45723104842648,57.939636644116064,-7946.600192775884,0.0022896238257177712,18.0,0.5858333333333333,4200.0,0.00045872218234027277,6.428529183237032e-05
3057.886616189851,189.85540058180493,55.10046455718783,-8211.257283270963,0.0022735042885157638,19.0,0.5858333333333333,4200.0,0.00048420674802584346,6.785669693416867e-05
3175.5109374797958,182.00562133943788,52.714146853689414,-8467.903982762895,0.002257739242166767,20.0,0.5858333333333333,4200.0,0.0005061019382627423,7.142810203596703e-05
3290.8805358528657,174.7946438261763,50.48154998057498,-8718.161491953273,0.002242406514458031,21.0,0.5858333333333333,4200.0,0.0005314070351758794,7.499950713776538e-05
3404.593522894171,168.10717315010075,48.39440462959167,-8963.726054993982,0.0022273436329202493,22.0,0.5858333333333333,4200.0,0.0005567121320890164,7.857091223956373e-05
3516.9334155086117,161.91009831214998,46.5002758260598,-9203.966609751486,0.002212555121740731,23.0,0.5858333333333333,4200.0,0.0005778894472361809,8.214231734136206e-05
3627.5624244285873,156.1113911684547,44.729312971844166,-9440.155335146388,0.002197959068835179,24.0,0.5858333333333333,4200.0,0.0006030150753768845,8.571372244316043e-05
3736.7529684046303,150.6948780504952,43.084562069614904,-9672.1303407694,0.0021836084539257707,25.0,0.5858333333333333,4200.0,0.000628140703517588,8.928512754495879e-05
3844.338337828707,145.72567028202786,41.5863012610465,-9897.8793392886,0.002169783332060537,26.0,0.5858333333333333,4200.0,0.0006486001435750179,9.285653264675712e-05
3950.2519629140916,141.0606097093892,40.2460414065963,-10119.939303104096,0.0021466181375152157,27.0,0.5858333333333333,4150.0,0.0006735463029432878,9.642793774855549e-05
4054.777955124069,136.6258025642993,38.90934613423023,-10339.056457771563,0.00213323128141044,28.0,0.5858333333333333,4150.0,0.0006984924623115578,9.999934285035385e-05
4158.3247000653555,132.47772481540085,37.69846418705753,-10554.163751204622,0.002120134673862457,29.0,0.5858333333333333,4150.0,0.0007182340272792534,0.0001035707479521522
4261.509047900763,128.45711066902118,36.41264022693972,-10768.826424707731,0.0021069271718326893,30.0,0.5858333333333333,4150.0,0.0007430007178750896,0.00010714215305395052
0.0,0.0,0.0,-2.1237246499294997,0.0024133745312897945,0.0,0.62625,4250.0,0.0,
273.33995956314703,130.6923022654845,63.45210067958972,-846.9114299509165,0.002388281623932445,1.0,0.62625,4250.0,2.907394113424264e-05,3.571405101798351e-06
495.22787117619583,204.5176209097259,96.59612191060769,-1544.7864018418331,0.002365896589541481,2.0,0.62625,4250.0,5.635319454414931e-05,7.142810203596702e-06
687.5370353764623,246.6870232431316,111.79335127906191,-2141.9946464814057,0.00233147078513901,3.0,0.62625,4200.0,8.34529791816224e-05,1.0714215305395053e-05
861.182677224316,269.83945423601097,116.99306827019565,-2667.0216888946743,0.0023116997464525894,4.0,0.62625,4200.0,0.00010983488872936108,1.4285620407193404e-05
1022.1345449033154,280.9545074480208,116.35579074923118,-3138.1927222546583,0.0022927192657595267,5.0,0.62625,4200.0,0.00013639626704953337,1.7857025508991758e-05
1173.800280300851,284.25674419932,112.42973485424693,-3567.645363566444,0.0022744788160123353,6.0,0.62625,4200.0,0.0001615218951902369,2.1428430610790107e-05
1318.639702212591,282.31283047962677,106.48645526054607,-3964.894442701676,0.002256744943457757,7.0,0.62625,4200.0,0.0001871859296482412,2.4999835712588462e-05
1457.735690046814,276.91904986780713,99.71725850774432,-4335.527105265486,0.002239596177457504,8.0,0.62625,4200.0,0.0002124910265613783,2.8571240814386808e-05
1592.2965219107473,269.2243376339717,92.58943002047924,-4684.394121842284,0.0022229317007680526,9.0,0.62625,4200.0,0.00023743718592964823,3.214264591618516e-05
1723.2835223805637,260.0049458342751,85.41249910843963,-5015.947841971843,0.0022066387851142825,10.0,0.62625,4200.0,0.00026381909547738695,3.5714051017983516e-05
1850.709639066428,249.92816790057563,79.06484372181154,-5331.224426862624,0.002190864461409984,11.0,0.62625,4200.0,0.000288226848528356,3.9285456119781865e-05
1975.054161122305,239.35538526962657,73.72955733146074,-5633.217308034546,0.0021754577283643346,12.0,0.62625,4200.0,0.000312275664034458,4.2856861221580214e-05
2096.964847989167,228.5638151049873,69.01327204412907,-5924.336834396694,0.0021603708038327282,13.0,0.62625,4200.0,0.00033829863603732947,4.642826632337856e-05
2216.6796628119487,217.7997908962699,64.76091138783086,-6205.614749649743,0.0021455598018459317,14.0,0.62625,4200.0,0.00036180904522613067,4.9999671425176925e-05
2333.985997919617,207.3155749532921,61.11714938445906,-6477.651564511136,0.0021311207168173084,15.0,0.62625,4200.0,0.0003876525484565685,5.357107652697526e-05
2449.0006949560484,197.3816351990923,57.87004945940149,-6740.874566276441,0.0021170839292861177,16.0,0.62625,4200.0,0.00041062455132806887,5.7142481628773616e-05
2562.6128064530258,188.09550912286699,54.859665894189725,-6997.998779101188,0.0021032021633254822,17.0,0.62625,4200.0,0.0004362885857860732,6.071388673057197e-05
2673.748126693977,179.73842285099718,52.30089004817855,-7246.700306472412,0.002089742309465874,18.0,0.62625,4200.0,0.00045872218234027277,6.428529183237032e-05
2783.848717391785,171.93971565985606,49.73718704908738,-7492.2509823062865,0.0020763705972223255,19.0,0.62625,4200.0,0.00048420674802584346,6.785669693416867e-05
2892.2586869626975,164.82714579478142,47.58083851990541,-7730.638315883851,0.002063278859988927,20.0,0.62625,4200.0,0.0005061019382627423,7.142810203596703e-05
2998.6743996610317,158.29320526590752,45.56516195906531,-7963.3792802481985,0.0020505300604701402,21.0,0.62625,4200.0,0.0005314070351758794,7.499950713776538e-05
3103.6405187323176,152.23041751884048,43.679474171971556,-8191.927996444756,0.0020379908908090207,22.0,0.62625,4200.0,0.0005567121320890164,7.857091223956373e-05
3207.4166398957655,146.61489498262662,41.974634656683264,-8415.738261913626,0.002025666904069237,23.0,0.62625,4200.0,0.0005778894472361809,8.214231734136206e-05
3309.687121771433,141.35496078289046,40.37250801634952,-8635.99123471976,0.0020134893910999526,24.0,0.62625,4200.0,0.0006030150753768845,8.571372244316043e-05
3410.702935410319,136.44773548172373,38.887320038374384,-8852.583024289801,0.002001503582041783,25.0,0.62625,4200.0,0.000628140703517588,8.928512754495879e-05
3510.286841305401,131.93989912714997,37.535992215041574,-9063.452684164979,0.0019899432512844217,26.0,0.62625,4200.0,0.0006486001435750179,9.285653264675712e-05
3608.394644170882,127.7142353700212,36.324877193466094,-9270.994755847314,0.0019784897968069047,27.0,0.62625,4200.0,0.0006735463029432878,9.642793774855549e-05
3705.285128130046,123.69351911426648,35.1195613335492,-9476.010495857001,0.0019671435439381738,28.0,0.62625,4200.0,0.0006984924623115578,9.999934285035385e-05
3801.326145149502,119.93603165896856,34.02685274309959,-9677.434168090578,0.00195603206046434,29.0,0.62625,4200.0,0.0007182340272792534,0.0001035707479521522
3897.1018038484776,116.2930033338891,32.865797831785095,-9878.566682830962,0.0019448330257763847,30.0,0.62625,4200.0,0.0007430007178750896,0.00010714215305395052
0.0,0.0,0.0,-2.1237246499294997,0.0021448674001800726,0.0,0.6666666666666666,4250.0,0.0,
243.2059527751518,116.2492099987646,56.434580185633,-753.8664627651888,0.002125071406672497,1.0,0.6666666666666666,4250.0,2.907394113424264e-05,3.571405101798351e-06
440.9751411367513,182.0102829302524,85.95009040161302,-1376.2795976269408,0.002107376908176395,2.0,0.6666666666666666,4250.0,5.635319454414931e-05,7.142810203596702e-06
612.6936940341091,219.65815682348952,99.51893521577107,-1910.0304735223544,0.002078697949084307,3.0,0.6666666666666666,4200.0,8.34529791816224e-05,1.0714215305395053e-05
768.0234754905293,240.4042142130835,104.1968525596152,-2380.315915000152,0.00206301565745036,4.0,0.6666666666666666,4200.0,0.00010983488872936108,1.4285620407193404e-05
912.2409376529658,250.44032692858605,103.6761908554795,-2803.2368020789145,0.00204793544651183,5.0,0.6666666666666666,4200.0,0.00013639626704953337,1.7857025508991758e-05
1048.3500911370006,253.5137862472211,100.21975501292869,-3189.4801726600635,0.0020334198462613803,6.0,0.6666666666666666,4200.0,0.0001615218951902369,2.1428430610790107e-05
1178.5258123300744,251.90491824789967,94.95561904172598,-3547.4537297302013,0.0020192854729665587,7.0,0.6666666666666666,4200.0,0.0001871859296482412,2.4999835712588462e-05
1303.7106721320395,247.21000683239393,88.94551493498508,-3882.0521894271733,0.0020055965021159913,8.0,0.6666666666666666,4200.0,0.0002124910265613783,2.8571240814386808e-05
1424.9713357608032,240.44641542707467,82.6066014388376,-4197.552972332822,0.0019922744752070183,9.0,0.6666666666666666,4200.0,0.00023743718592964823,3.214264591618516e-05
1543.1568555353856,232.3151912720029,76.21128561276676,-4497.916058220006,0.0019792304795629035,10.0,0.6666666666666666,4200.0,0.00026381909547738695,3.5714051017983516e-05
1658.2612376846484,223.3980252186217,70.54478286779393,-4783.967912843131,0.0019665836782861686,11.0,0.6666666666666666,4200.0,0.000288226848528356,3.9285456119781865e-05
1770.7058865207537,214.0252825398387,65.78011845253268,-5058.403689361658,0.001954214662816778,12.0,0.6666666666666666,4200.0,0.000312275664034458,4.2856861221580214e-05
1881.0684430928209,204.44579392251023,61.569965813552365,-5323.3471790147305,0.0019420857259786605,13.0,0.6666666666666666,4200.0,0.00033829863603732947,4.642826632337856e-05
1989.5533422066399,194.87847863961042,57.775753377351045,-5579.674205396819,0.0019301630609852491,14.0,0.6666666666666666,4200.0,0.00036180904522613067,4.9999671425176925e-05
2095.9595420822106,185.5424885422142,54.52647290196012,-5827.931651096864,0.0019185241524740857,15.0,0.6666666666666666,4200.0,0.0003876525484565685,5.357107652697526e-05
2200.3809725220835,176.67308259282913,51.62786524549699,-6068.444503678256,0.0019071947967325806,16.0,0.6666666666666666,4200.0,0.00041062455132806887,5.7142481628773616e-05
2303.627060962635,168.35945732350038,48.94191666076882,-6303.6849888705765,0.0018959766866503086,17.0,0.6666666666666666,4200.0,0.0004362885857860732,6.071388673057197e-05
2404.7054643968777,160.87655207777613,46.65676641734811,-6531.481564933594,0.0018850862201793054,18.0,0.6666666666666666,4200.0,0.00045872218234027277,6.428529183237032e-05
2504.9368198623406,153.89330100133353,44.368982274101505,-6756.650913546553,0.001874253031792267,19.0,0.6666666666666666,4200.0,0.00048420674802584346,6.785669693416867e-05
2603.706345236726,147.52304902308373,42.44634962805796,-6975.502802748611,0.0018636350715166097,20.0,0.6666666666666666,4200.0,0.0005061019382627423,7.142810203596703e-05
2700.736661529695,141.6656095017161,40.64475886090463,-7189.441085943152,0.0018532821087020174,21.0,0.6666666666666666,4200.0,0.0005314070351758794,7.499950713776538e-05
2796.521587966232,136.23581061119373,38.9652037124164,-7399.6895406569965,0.001843087371430025,22.0,0.6666666666666666,4200.0,0.0005567121320890164,7.857091223956373e-05
2891.290014182832,131.2028971436996,37.444675114148296,-7605.784484378884,0.001833056595445472,23.0,0.6666666666666666,4200.0,0.0005778894472361809,8.214231734136206e-05
2984.7582968585716,126.49610356521501,36.015411538128745,-7808.808503690947,0.0018231336876989553,24.0,0.6666666666666666,4200.0,0.0006030150753768845,8.571372244316043e-05
3077.146310763003,122.09837121179825,34.687954198593104,-8008.710517837229,0.0018133561366817932,25.0,0.6666666666666666,4200.0,0.000628140703517588,8.928512754495879e-05
3168.2809005209137,118.05908140025801,33.483284102495624,-8203.422683850877,0.001803914604576948,26.0,0.6666666666666666,4200.0,0.0006486001435750179,9.285653264675712e-05
3258.127831267869,114.2707916368739,32.40079004737984,-8395.241053527847,0.0017945512351314294,27.0,0.6666666666666666,4200.0,0.0006735463029432878,9.642793774855549e-05
3346.9268688837683,110.67178892864348,31.329211944252116,-8584.89215216013,0.0017852657914024291,28.0,0.6666666666666666,4200.0,0.0006984924623115578,9.999934285035385e-05
3435.0032541860664,107.30154336009615,30.3522243664225,-8771.464244296316,0.0017761621178627165,29.0,0.6666666666666666,4200.0,0.0007182340272792534,0.0001035707479521522
3522.902013119993,104.03673135593115,29.317044678481608,-8957.843425253275,0.0017669785477135295,30.0,0.6666666666666666,4200.0,0.0007430007178750896,0.00010714215305395052
0.0,0.0,0.0,-2.1237246499294997,0.0018782563382416211,0.0,0.7070833333333333,4250.0,0.0,
213.2134786039425,101.88239861149276,49.45550437009968,-661.2364924916837,0.0018630942671130418,1.0,0.7070833333333333,4250.0,2.907394113424264e-05,3.571405101798351e-06
386.8933472780077,159.5991939844581,75.35430455189139,-1208.1762277132802,0.0018495154829541065,2.0,0.7070833333333333,4250.0,5.635319454414931e-05,7.142810203596702e-06
537.9684764028628,192.7149187947952,87.29012658340967,-1678.1708223158275,0.0018260768755758074,3.0,0.7070833333333333,4200.0,8.34529791816224e-05,1.0714215305395053e-05
674.8668871808762,211.0278870664618,91.43444693222581,-2093.207946494629,0.0018140012090965558,4.0,0.7070833333333333,4200.0,0.00010983488872936108,1.4285620407193404e-05
802.184793402974,219.95108277631869,91.01611673315686,-2467.215193653712,0.0018023701107447057,5.0,0.7070833333333333,4200.0,0.00013639626704953337,1.7857025508991758e-05
922.534108740925,222.76449262326133,88.0187263492787,-2809.46509586757,0.0017911566524277556,6.0,0.7070833333333333,4200.0,0.0001615218951902369,2.1428430610790107e-05
1037.8080924292158,221.46143127456426,83.42641163134431,-3127.2787671097612,0.0017802208831005906,7.0,0.7070833333333333,4200.0,0.0001871859296482412,2.4999835712588462e-05
1148.8144277581557,217.43610102116335,78.16818985443433,-3424.8811092351534,0.0017696136555592557,8.0,0.7070833333333333,4200.0,0.0002124910265613783,2.8571240814386808e-05
1256.482247235773,211.58088007422435,72.61392571341078,-3705.988553168325,0.0017592756150939803,9.0,0.7070833333333333,4200.0,0.00023743718592964823,3.214264591618516e-05
1361.550311214337,204.51405478421543,67.00089736525508,-3974.073061984047,0.0017491386492503856,10.0,0.7070833333333333,4200.0,0.00026381909547738695,3.5714051017983516e-05
1463.9978177143264,196.7396636432032,62.01483478236805,-4229.7736304807695,0.0017392964471337055,11.0,0.7070833333333333,4200.0,0.000288226848528356,3.9285456119781865e-05
1564.1899033279526,188.55997655698675,57.82449422784977,-4475.483158904077,0.001729657236546022,12.0,0.7070833333333333,4200.0,0.000312275664034458,4.2856861221580214e-05
1662.6349816669967,180.17939553067927,54.12156908529391,-4713.044474843278,0.0017201922068776263,13.0,0.7070833333333333,4200.0,0.00033829863603732947,4.642826632337856e-05
1759.5042913270393,171.79718383503504,50.78707051992875,-4943.187786554379,0.001710875947443144,14.0,0.7070833333333333,4200.0,0.00036180904522613067,4.9999671425176925e-05
1854.613790293249,163.60743407474436,47.931415873954435,-5166.4051021894265,0.0017017692250628463,15.0,0.7070833333333333,4200.0,0.0003876525484565685,5.357107652697526e-05
1948.0334535181821,155.80717492782722,45.380159707331565,-5382.931285296436,0.0016928931703970417,16.0,0.7070833333333333,4200.0,0.00041062455132806887,5.7142481628773616e-05
2040.493243894059,148.4749878593552,43.018613286329085,-5594.984932589483,0.0016840933313406997,17.0,0.7070833333333333,4200.0,0.0004362885857860732,6.071388673057197e-05
2131.0871534185494,141.8726968401704,41.008101646109985,-5800.568635585631,0.0016755400314793017,18.0,0.7070833333333333,4200.0,0.00045872218234027277,6.428529183237032e-05
2221.008691437487,135.70961404469955,38.99641150241944,-6004.019438192823,0.001667020645774869,19.0,0.7070833333333333,4200.0,0.00048420674802584346,6.785669693416867e-05
2309.6898260252183,130.0874384710042,37.30761852163235,-6201.993145682965,0.0016586613052693223,20.0,0.7070833333333333,4200.0,0.0005061019382627423,7.142810203596703e-05
2396.8818987303766,124.91956719310822,35.72535471167136,-6395.770795514247,0.0016505002033350988,21.0,0.7070833333333333,4200.0,0.0005314070351758794,7.499950713776538e-05
2483.025331664666,120.12543741542801,34.24933747299681,-6586.360195757217,0.0016424542693534465,22.0,0.7070833333333333,4200.0,0.0005567121320890164,7.857091223956373e-05
2568.3193588574354,115.68264623390273,32.910897682555564,-6773.375195210989,0.0016345289865441002,23.0,0.7070833333333333,4200.0,0.0005778894472361809,8.214231734136206e-05
2652.512937633661,111.52577734928295,31.6548349094318,-6957.794669787276,0.0016266798344127802,24.0,0.7070833333333333,4200.0,0.0006030150753768845,8.571372244316043e-05
2735.794255604309,107.64231870733207,30.487720082440404,-7139.611795393721,0.0016189370257172935,25.0,0.7070833333333333,4200.0,0.000628140703517588,8.928512754495879e-05
2818.0011199968667,104.07528368356779,29.42754458609091,-7316.799090714798,0.001611451369432605,26.0,0.7070833333333333,4200.0,0.0006486001435750179,9.285653264675712e-05
2899.1041278759367,100.73483817259977,28.476268022440156,-7491.519760731891,0.0016040203904961617,27.0,0.7070833333333333,4200.0,0.0006735463029432878,9.642793774855549e-05
2979.323673571645,97.55516249303864,27.536599639709394,-7664.42454497375,0.0015966433873411375,28.0,0.7070833333333333,4200.0,0.0006984924623115578,9.999934285035385e-05
3058.9426679551693,94.5825049599025,26.675027520340798,-7834.748231370169,0.0015894025059544408,29.0,0.7070833333333333,4200.0,0.0007182340272792534,0.0001035707479521522
3138.463617376364,91.70239282386208,25.765670320533175,-8004.973368659346,0.0015820913452546956,30.0,0.7070833333333333,4200.0,0.0007430007178750896,0.00010714215305395052
0.0,0.0,0.0,-2.1237246499294997,0.0016135110910450523,0.0,0.7474999999999999,4250.0,0.0,
183.3607838289512,87.59094558599598,42.513953053324975,-569.016722750006,0.0016023357573395846,1.0,0.7474999999999999,4250.0,2.907394113424264e-05,3.571405101798351e-06
332.97895455464356,137.28169321122084,64.80463942360373,-1040.4736221340718,0.0015923082813568414,2.0,0.7474999999999999,4250.0,5.635319454414931e-05,7.142810203596702e-06
463.35771820939755,165.85321104596846,75.10299299609768,-1446.449005459348,0.001582835931057573,3.0,0.7474999999999999,4250.0,8.34529791816224e-05,1.0714215305395053e-05
581.7118584376625,181.70975188891123,78.7059052500077,-1805.7031785813379,0.0015646626283132023,4.0,0.7474999999999999,4200.0,0.00010983488872936108,1.4285620407193404e-05
691.9677366429572,189.49270789285077,78.38046246985863,-2130.1349124504995,0.0015560305979081012,5.0,0.7474999999999999,4200.0,0.00013639626704953337,1.7857025508991758e-05
796.3508506083796,192.011347132303,75.82827166418917,-2427.605620446775,0.0015476954003492802,6.0,0.7474999999999999,4200.0,0.0001615218951902369,2.1428430610790107e-05
896.4829297967921,190.981704517879,71.89832915303921,-2704.369599770056,0.0015395542314313487,7.0,0.7474999999999999,4200.0,0.0001871859296482412,2.4999835712588462e-05
993.0402441638956,187.59943625626423,67.38607823651017,-2964.0040948047754,0.0015316457510987055,8.0,0.7474999999999999,4200.0,0.0002124910265613783,2.8571240814386808e-05
1086.817776601153,182.630592866551,62.61213962226765,-3209.676951956615,0.0015239267726496278,9.0,0.7474999999999999,4200.0,0.00023743718592964823,3.214264591618516e-05
1178.4461116611014,176.60332536603482,57.78123686082846,-3444.3753159240296,0.0015163469965785359,10.0,0.7474999999999999,4200.0,0.00026381909547738695,3.5714051017983516e-05
1267.8935630470219,169.9598609018984,53.47567415571458,-3668.574267766584,0.0015089772751886352,11.0,0.7474999999999999,4200.0,0.000288226848528356,3.9285456119781865e-05
1355.4716608143658,162.95415687814244,49.860835825784925,-3884.358831194222,0.001501749718961536,12.0,0.7474999999999999,4200.0,0.000312275664034458,4.2856861221580214e-05
1441.617555069704,155.7640878452788,46.666147057752006,-4093.2975343341022,0.0014946430689366749,13.0,0.7474999999999999,4200.0,0.00033829863603732947,4.642826632337856e-05
1526.4746982148083,148.55916249089933,43.791596955003925,-4295.985051984368,0.0014876389945084323,14.0,0.7474999999999999,4200.0,0.00036180904522613067,4.9999671425176925e-05
1609.8744989690094,141.5124206674489,41.33003199424549,-4492.856850936456,0.0014807832909676107,15.0,0.7474999999999999,4200.0,0.0003876525484565685,5.357107652697526e-05
1691.8705145438387,134.7873900652695,39.129061932573585,-4684.070703345875,0.0014740925166896008,16.0,0.7474999999999999,4200.0,0.00041062455132806887,5.7142481628773616e-05
1773.1035489939766,128.44357352630263,37.090373938396205,-4871.579730867059,0.0014674509577368015,17.0,0.7474999999999999,4200.0,0.0004362885857860732,6.071388673057197e-05
1852.7676081915033,122.72950403726458,35.35751122819755,-5053.583554872486,0.00146098753640827,18.0,0.7474999999999999,4200.0,0.00045872218234027277,6.428529183237032e-05
1931.9174874535518,117.3910530977439,33.62134455133705,-5233.914269215151,0.0014545413058941231,19.0,0.7474999999999999,4200.0,0.00048420674802584346,6.785669693416867e-05
2010.0400227608288,112.5239641670088,32.16497757732914,-5409.598165230447,0.0014482091822117604,20.0,0.7474999999999999,4200.0,0.0005061019382627423,7.142810203596703e-05
2086.917674104522,108.04858013798659,30.80317145331291,-5581.7830210573375,0.0014420193283547602,21.0,0.7474999999999999,4200.0,0.0005314070351758794,7.499950713776538e-05
2162.932483799457,103.89590923440184,29.529512034107448,-5751.276635506336,0.0014359094823496545,22.0,0.7474999999999999,4200.0,0.0005567121320890164,7.857091223956373e-05
2238.260667149761,100.04898217968339,28.373800059201916,-5917.765005982634,0.0014298845737187346,23.0,0.7474999999999999,4200.0,0.0005778894472361809,8.214231734136206e-05
2312.6769302486437,96.44988223233199,27.29102141767668,-6082.116953840334,0.0014239105598430803,24.0,0.7474999999999999,4200.0,0.0006030150753768845,8.571372244316043e-05
2386.345237054215,93.08888598639179,26.284448845436625,-6244.362256683031,0.0014180108230265553,25.0,0.7474999999999999,4200.0,0.000628140703517588,8.928512754495879e-05
2459.11234221062,89.99786630505687,25.369262559750023,-6402.5618782903475,0.0014123001913964334,26.0,0.7474999999999999,4200.0,0.0006486001435750179,9.285653264675712e-05
2530.9567378835636,87.1019727298765,24.550271295093662,-6558.713074607658,0.001406625557925543,27.0,0.7474999999999999,4200.0,0.0006735463029432878,9.642793774855549e-05
2602.075251804992,84.3529697364965,23.740974373374303,-6713.386661454941,0.0014009861017501221,28.0,0.7474999999999999,4200.0,0.0006984924623115578,9.999934285035385e-05
2672.7098658670957,81.77564114370992,22.995723378982795,-6865.957935712497,0.0013954442448902524,29.0,0.7474999999999999,4200.0,0.0007182340272792534,0.0001035707479521522
2743.3150821445415,79.28038944578418,22.212126697493748,-7018.514933859726,0.0013898434092980514,30.0,0.7474999999999999,4200.0,0.0007430007178750896,0.00010714215305395052
0.0,0.0,0.0,-2.1237246499294997,0.0013506021787399447,0.0,0.7879166666666666,4250.0,0.0,
153.64618067373337,73.3739597377824,35.60929702962032,-477.2024635170237,0.001342781743478739,1.0,0.7879166666666666,4250.0,2.907394113424264e-05,3.571405101798351e-06
279.23123012151746,115.05798112713697,54.303273839713626,-873.1691808869582,0.0013357513720457384,2.0,0.7879166666666666,4250.0,5.635319454414931e-05,7.142810203596702e-06
388.86358993449375,139.07641740385571,62.96261402745694,-1214.8682026484312,0.0013290985921443831,3.0,0.7879166666666666,4250.0,8.34529791816224e-05,1.0714215305395053e-05
488.55790090472055,152.45177079515906,66.01047253955163,-1517.8125614569217,0.0013227093846910525,4.0,0.7879166666666666,4250.0,0.00010983488872936108,1.4285620407193404e-05
581.5879036633331,159.0622317266519,65.76613216633672,-1792.003373064661,0.0013089244236358616,5.0,0.7879166666666666,4200.0,0.00013639626704953337,1.7857025508991758e-05
669.8001037106764,161.25711307878427,63.65052250403075,-2043.9077631436812,0.0013030425998003781,6.0,0.7879166666666666,4200.0,0.0001615218951902369,2.1428430610790107e-05
754.5470188574351,160.46986282939656,60.3723405653719,-2278.727089806067,0.0012972890465848524,7.0,0.7879166666666666,4200.0,0.0001871859296482412,2.4999835712588462e-05
836.3817984076333,157.70136317890027,56.600251835278094,-2499.4127311074044,0.0012916915801068668,8.0,0.7879166666666666,4200.0,0.0002124910265613783,2.8571240814386808e-05
915.9665102444247,153.5942539172976,52.60205732510061,-2708.5956631967274,0.0012862203660766952,9.0,0.7879166666666666,4200.0,0.00023743718592964823,3.214264591618516e-05
993.826192908676,148.58576635452857,48.55101082420964,-2908.781156175959,0.0012808401398852628,10.0,0.7879166666666666,4200.0,0.00026381909547738695,3.5714051017983516e-05
1069.9225571836334,143.05525284578567,44.92957282681014,-3100.3043831803734,0.0012756016717171705,11.0,0.7879166666666666,4200.0,0.000288226848528356,3.9285456119781865e-05
1144.515461727726,137.20903460293104,41.88995608047055,-3284.93604595981,0.0012704572972366737,12.0,0.7879166666666666,4200.0,0.000312275664034458,4.2856861221580214e-05
1217.9691159687927,131.19808961950483,39.204463374914084,-3463.977128493738,0.001265392114268123,13.0,0.7879166666666666,4200.0,0.00033829863603732947,4.642826632337856e-05
1290.404085524219,125.17063779926184,36.79005319299119,-3637.8973432969797,0.0012603935338375094,14.0,0.7879166666666666,4200.0,0.00036180904522613067,4.9999671425176925e-05
1361.6671722758556,119.26071669227969,34.7226872008292,-3807.073311719694,0.0012554942942077424,15.0,0.7879166666666666,4200.0,0.0003876525484565685,5.357107652697526e-05
1431.7992234572716,113.60994413463665,32.872652072069464,-3971.5989487901825,0.001250706706759975,16.0,0.7879166666666666,4200.0,0.00041062455132806887,5.7142481628773616e-05
1501.3495410354044,108.26367388787085,31.15802573385583,-4133.150023488299,0.001245948431876146,17.0,0.7879166666666666,4200.0,0.0004362885857860732,6.071388673057197e-05
1569.6161209656586,103.44306788247704,29.702629474479203,-4290.146993936425,0.0012413120657251587,18.0,0.7879166666666666,4200.0,0.00045872218234027277,6.428529183237032e-05
1637.5114460154202,98.94009572627866,28.243799857192844,-4445.889252001711,0.0012366819865437507,19.0,0.7879166666666666,4200.0,0.00048420674802584346,6.785669693416867e-05
1704.5824804670765,94.83378104652998,27.01900911209433,-4597.800837494826,0.0012321287974548034,20.0,0.7879166666666666,4200.0,0.0005061019382627423,7.142810203596703e-05
1770.6423799472623,91.05530995563971,25.877073579248556,-4746.884437520661,0.0012276722104347364,21.0,0.7879166666666666,4200.0,0.0005314070351758794,7.499950713776538e-05
1836.018504419801,87.55249533603761,24.806252001772467,-4893.764055460466,0.0012232679290171983,22.0,0.7879166666666666,4200.0,0.0005567121320890164,7.857091223956373e-05
1900.8570461409531,84.3042809494442,23.83391388097587,-5038.193725753314,0.00121891998719565,23.0,0.7879166666666666,4200.0,0.0005778894472361809,8.214231734136206e-05
1964.9651220822368,81.26922532417599,22.92446802312775,-5180.924278694401,0.0012146037257041347,24.0,0.7879166666666666,4200.0,0.0006030150753768845,8.571372244316043e-05
2028.4815768285298,78.43195569644978,22.078636472269203,-5322.013624361622,0.0012103362491645306,25.0,0.7879166666666666,4200.0,0.000628140703517588,8.928512754495879e-05
2091.264665361324,75.82281473944873,21.30888845443504,-5459.664216654601,0.0012062005811376438,26.0,0.7879166666666666,4200.0,0.0006486001435750179,9.285653264675712e-05
2153.3006271523955,73.38154251388292,20.621930225455976,-5595.669186226027,0.001202086814196721,27.0,0.7879166666666666,4200.0,0.0006735463029432878,9.642793774855549e-05
2214.76022130884,71.05925269787106,19.94280523928971,-5730.518585940721,0.0011979940685254366,28.0,0.7879166666666666,4200.0,0.0006984924623115578,9.999934285035385e-05
2275.845871860887,68.88519991697851,19.317043807776955,-5863.718061974192,0.0011939674403989202,29.0,0.7879166666666666,4200.0,0.0007182340272792534,0.0001035707479521522
2336.9574293792152,66.7815114713847,18.656796068111817,-5996.974891024765,0.0011898941000481366,30.0,0.7879166666666666,4200.0,0.0007430007178750896,0.00010714215305395052
0.0,0.0,0.0,-2.1237246499294997,0.0010895008684735736,0.0,0.8283333333333333,4250.0,0.0,
124.06890912677049,59.23149342048723,28.742676917057047,-385.78912424256123,0.0010844183959592582,1.0,0.8283333333333333,4250.0,2.907394113424264e-05,3.571405101798351e-06
225.6491829294817,92.926717719608,43.85077661092182,-706.2603706636655,0.0010798409205433793,2.0,0.8283333333333333,4250.0,5.635319454414931e-05,7.142810203596702e-06
314.482233990609,112.38218322640681,50.86356291076332,-983.3970676037789,0.0010755018248579933,3.0,0.8283333333333333,4250.0,8.34529791816224e-05,1.0714215305395053e-05
395.4062595146071,123.25387533804715,53.35094054511054,-1229.6125766302284,0.001071327758878234,4.0,0.8283333333333333,4250.0,0.00010983488872936108,1.4285620407193404e-05
471.04495789977176,128.66300686947395,53.174353884887246,-1452.8470845849079,0.0010672881601628231,5.0,0.8283333333333333,4250.0,0.00013639626704953337,1.7857025508991758e-05
542.8810127928807,130.5025059954008,51.48543597735198,-1658.3781354462262,0.0010572051057853439,6.0,0.8283333333333333,4200.0,0.0001615218951902369,2.1428430610790107e-05
611.9974666917525,129.92830204097973,48.84993297372955,-1850.353160196326,0.0010534293455916268,7.0,0.8283333333333333,4200.0,0.0001871859296482412,2.4999835712588462e-05
678.8327590798102,127.74504424195658,45.81160721927548,-2031.0995047200704,0.0010497506026952543,8.0,0.8283333333333333,4200.0,0.0002124910265613783,2.8571240814386808e-05
743.9171920814023,124.4743532736246,42.58449654740386,-2202.723716756831,0.0010461496764536283,9.0,0.8283333333333333,4200.0,0.00023743718592964823,3.214264591618516e-05
807.6728941284514,120.46393649745464,39.31100763816456,-2367.251190588111,0.001042603593903669,10.0,0.8283333333333333,4200.0,0.00026381909547738695,3.5714051017983516e-05
870.0588320886452,116.02737935626473,36.375949149331234,-2524.900588922377,0.0010391461623031866,11.0,0.8283333333333333,4200.0,0.000288226848528356,3.9285456119781865e-05
931.2847586131596,111.32660724660242,33.91371412350078,-2677.1223776684783,0.0010357462625095923,12.0,0.8283333333333333,4200.0,0.000312275664034458,4.2856861221580214e-05
991.6437166208858,106.48501461750057,31.73733888234542,-2824.956486560768,0.0010323941582868505,13.0,0.8283333333333333,4200.0,0.00033829863603732947,4.642826632337856e-05
1051.2302966049488,101.62408163966039,29.78319055659446,-2968.7583606739063,0.001029081827493302,14.0,0.8283333333333333,4200.0,0.00036180904522613067,4.9999671425176925e-05
1109.9163366337996,96.84990850041449,28.11007917153706,-3108.8425063428876,0.001025831016756609,15.0,0.8283333333333333,4200.0,0.0003876525484565685,5.357107652697526e-05
1167.726580104053,92.27666879420312,26.611598341827783,-3245.2533613843625,0.001022650169285066,16.0,0.8283333333333333,4200.0,0.00041062455132806887,5.7142481628773616e-05
1225.1168264626087,87.93398523915234,25.2235153670333,-3379.376708914926,0.0010194848648052792,17.0,0.8283333333333333,4200.0,0.0004362885857860732,6.071388673057197e-05
1281.5007064831802,84.01555821840033,24.044088202338035,-3509.8782979871976,0.0010163968466527142,18.0,0.8283333333333333,4200.0,0.00045872218234027277,6.428529183237032e-05
1337.6344170781563,80.3542746361147,22.862896055188624,-3639.4960126224614,0.0010133089979126356,19.0,0.8283333333333333,4200.0,0.00048420674802584346,6.785669693416867e-05
1393.1354814056872,77.01526217250397,21.870301340787954,-3766.079743125272,0.00101026902760879,20.0,0.8283333333333333,4200.0,0.0005061019382627423,7.142810203596703e-05
1447.8504119897596,73.94359327343881,20.94761298648558,-3890.4744145424775,0.001007289732044296,21.0,0.8283333333333333,4200.0,0.0005314070351758794,7.499950713776538e-05
1502.0465335557599,71.09434227374841,20.08007294606201,-4013.138421357602,0.0010043418509247883,22.0,0.8283333333333333,4200.0,0.0005567121320890164,7.857091223956373e-05
1555.842871929462,68.45295437648194,19.293432892649907,-4133.887701813452,0.0010014283961817317,23.0,0.8283333333333333,4200.0,0.0005778894472361809,8.214231734136206e-05
1609.080179186198,65.98310924524891,18.555705214240774,-4253.348741827263,0.0009985327452469834,24.0,0.8283333333333333,4200.0,0.0006030150753768845,8.571372244316043e-05
1661.8711548497165,63.676710161713764,17.870792736010873,-4371.596228530972,0.0009956665393981352,25.0,0.8283333333333333,4200.0,0.000628140703517588,8.928512754495879e-05
1714.0912629654993,61.553597040760856,17.24777352922142,-4487.032473376268,0.0009928854731741067,26.0,0.8283333333333333,4200.0,0.0006486001435750179,9.285653264675712e-05
1765.7316447789474,59.5685632317083,16.69218173062716,-4601.205871058555,0.0009901163161899656,27.0,0.8283333333333333,4200.0,0.0006735463029432878,9.642793774855549e-05
1816.9352718293892,57.681950532076726,16.142564929092895,-4714.522159950175,0.0009873582759439862,28.0,0.8283333333333333,4200.0,0.0006984924623115578,9.999934285035385e-05
1867.866016878837,55.913027555152276,15.636270829151378,-4826.609063027361,0.0009846415691270513,29.0,0.8283333333333333,4200.0,0.0007182340272792534,0.0001035707479521522
1918.8631194325933,54.2014686894445,15.101377661794286,-4938.806992647238,0.0009818906899452299,30.0,0.8283333333333333,4200.0,0.0007430007178750896,0.00010714215305395052
0.0,0.0,0.0,-2.1237246499294997,0.0008301791480712209,0.0,0.8687499999999999,4250.0,0.0,
94.62685766292641,45.162211371327594,21.91319166132303,-294.7722093435368,0.0008272321793009925,1.0,0.8687499999999999,4250.0,2.907394113424264e-05,3.571405101798351e-06
172.229808131448,70.88690709911532,33.44458369132884,-539.7447233851854,0.0008245731849001448,2.0,0.8687499999999999,4250.0,5.635319454414931e-05,7.142810203596702e-06
240.2157884103023,85.77310292416261,38.81036270044311,-752.0373370515226,0.0008220483744671242,3.0,0.8687499999999999,4250.0,8.34529791816224e-05,1.0714215305395053e-05
302.2548015986532,94.11639550014965,40.724438979378235,-941.0331361551143,0.0008196156311500702,4.0,0.8687499999999999,4250.0,0.00010983488872936108,1.4285620407193404e-05
360.34068131040493,98.29624391248532,40.608329301767526,-1112.7337181151233,0.0008172575517842378,5.0,0.8687499999999999,4250.0,0.00013639626704953337,1.7857025508991758e-05
415.59197955636546,99.75069134584412,39.332342030458335,-1271.0913440849981,0.0008149693218351068,6.0,0.8687499999999999,4250.0,0.0001615218951902369,2.1428430610790107e-05
468.8313802596268,99.35738957862995,37.33206915998691,-1419.271899588828,0.0008127250320890902,7.0,0.8687499999999999,4250.0,0.0001871859296482412,2.4999835712588462e-05
520.3868379585072,97.73333115704209,35.02037573161595,-1559.0587724293946,0.0008058229208833132,8.0,0.8687499999999999,4200.0,0.0002124910265613783,2.8571240814386808e-05
570.6588141474629,95.2736815084856,32.56036089675982,-1692.0419596227075,0.0008037087893358349,9.0,0.8687499999999999,4200.0,0.00023743718592964823,3.214264591618516e-05
619.9684768269522,92.24313473682928,30.06206956862017,-1819.74726903571,0.0008016239281677561,10.0,0.8687499999999999,4200.0,0.00026381909547738695,3.5714051017983516e-05
668.2767198824857,88.87923629669415,27.81525040490583,-1942.3018569951091,0.0007995883760717977,11.0,0.8687499999999999,4200.0,0.000288226848528356,3.9285456119781865e-05
715.7436728576781,85.30878692714977,25.93170384340674,-2060.8284559514286,0.0007975840047518973,12.0,0.8687499999999999,4200.0,0.000312275664034458,4.2856861221580214e-05
762.5929502513886,81.62822585891115,24.266655483875844,-2176.111766905051,0.0007956051569399389,13.0,0.8687499999999999,4200.0,0.00033829863603732947,4.642826632337856e-05
808.8936392720178,77.92435461040971,22.771768763131373,-2288.4041870560177,0.0007936472691325451,14.0,0.8687499999999999,4200.0,0.00036180904522613067,4.9999671425176925e-05
854.5427710584315,74.28332087622057,21.492917089256196,-2397.9549024027583,0.0007917232010914997,15.0,0.8687499999999999,4200.0,0.0003876525484565685,5.357107652697526e-05
899.5577497878147,70.78717776551994,20.34658143316607,-2504.7732265730447,0.0007898381012038582,16.0,0.8687499999999999,4200.0,0.00041062455132806887,5.7142481628773616e-05
944.2929577663032,67.45719212366559,19.2852560487948,-2609.9417171122695,0.0007879598798007786,17.0,0.8687499999999999,4200.0,0.0004362885857860732,6.071388673057197e-05
988.2836806292709,64.44879106102987,18.382994131533707,-2712.396649258517,0.0007861252632100183,18.0,0.8687499999999999,4200.0,0.00045872218234027277,6.428529183237032e-05
1032.125803196418,61.63514436424538,17.479241915270947,-2814.2845178689677,0.0007842883570811429,19.0,0.8687499999999999,4200.0,0.00048420674802584346,6.785669693416867e-05
1075.5135336746723,59.07088204163122,16.719857634977537,-2913.9102057371783,0.0007824779042569574,20.0,0.8687499999999999,4200.0,0.0005061019382627423,7.142810203596703e-05
1118.3268599677801,56.7114950947333,16.01535057166079,-3011.946692481688,0.0007807013110207512,21.0,0.8687499999999999,4200.0,0.0005314070351758794,7.499950713776538e-05
1160.7724555378786,54.52223531962954,15.351521572145744,-3108.7070328592017,0.0007789413177586503,22.0,0.8687499999999999,4200.0,0.0005567121320890164,7.857091223956373e-05
1202.9424852825186,52.493177514654285,14.751925738521779,-3204.062543383232,0.0007771999142724412,23.0,0.8687499999999999,4200.0,0.0005778894472361809,8.214231734136206e-05
1244.712199534718,50.59703011672394,14.18526268392785,-3298.506992647148,0.0007754671021019903,24.0,0.8687499999999999,4200.0,0.0006030150753768845,8.571372244316043e-05
1286.1678589696608,48.825451105548815,13.661447229363379,-3392.121234380691,0.000773749920749888,25.0,0.8687499999999999,4200.0,0.000628140703517588,8.928512754495879e-05
1327.2073884532035,47.19394623503941,13.186058761370914,-3483.568639449528,0.000772081715146147,26.0,0.8687499999999999,4200.0,0.0006486001435750179,9.285653264675712e-05
1367.8256717919603,45.66882192966627,12.761908505197274,-3574.1110067080517,0.0007704189281576207,27.0,0.8687499999999999,4200.0,0.0006735463029432878,9.642793774855549e-05
1408.1349322612077,44.2198302396172,12.340671950091401,-3664.0654550297913,0.0007687609909304451,28.0,0.8687499999999999,4200.0,0.0006984924623115578,9.999934285035385e-05
1448.2607441093007,42.86006888946083,11.95381032089998,-3753.1701669635877,0.0007671259662292207,29.0,0.8687499999999999,4200.0,0.0007182340272792534,0.0001035707479521522
1488.4753414174443,41.54679132585031,11.545159259607344,-3842.416152536396,0.0007654687473215924,30.0,0.8687499999999999,4200.0,0.0007430007178750896,0.00010714215305395052
0.0,0.0,0.0,-2.1237246499294997,0.0005726096990153039,0.0,0.9091666666666666,4250.0,0.0,
65.31796914144107,31.164814942737458,15.11996701732093,-204.14731735338864,0.0005712098415858932,1.0,0.9091666666666666,4250.0,2.907394113424264e-05,3.571405101798351e-06
118.97306561141218,48.939387152299744,23.08507485442002,-373.61985715849005,0.0005699445102471944,2.0,0.9091666666666666,4250.0,5.635319454414931e-05,7.142810203596702e-06
166.06079960682365,59.24509743539207,26.800357985967512,-520.7907930259535,0.0005687410191667604,3.0,0.9091666666666666,4250.0,8.34529791816224e-05,1.0714215305395053e-05
209.10577396611959,65.04213812778373,28.134752397555605,-652.0799700728894,0.0005675795457877852,4.0,0.9091666666666666,4250.0,0.00010983488872936108,1.4285620407193404e-05
249.47398169102203,67.9639034506661,28.06486657857079,-771.5934542300674,0.0005664519663758502,5.0,0.9091666666666666,4250.0,0.00013639626704953337,1.7857025508991758e-05
287.9322448446088,69.00124220471733,27.19360717071974,-882.0329031606379,0.0005653561237571985,6.0,0.9091666666666666,4250.0,0.0001615218951902369,2.1428430610790107e-05
325.0462165178159,68.7614449599042,25.819558176730194,-985.5704977332498,0.000564279739369808,7.0,0.9091666666666666,4250.0,0.0001871859296482412,2.4999835712588462e-05
361.0378340341907,67.6689766207339,24.22758312032593,-1083.4033307741556,0.0005632281863222909,8.0,0.9091666666666666,4250.0,0.0002124910265613783,2.8571240814386808e-05
396.18046825555274,65.99486425533117,22.530598377096467,-1176.6215219228616,0.0005621962438796382,9.0,0.9091666666666666,4250.0,0.00023743718592964823,3.214264591618516e-05
430.695624176808,63.922745387567986,20.80502647401469,-1266.2936491532018,0.0005611769401100455,10.0,0.9091666666666666,4250.0,0.00026381909547738695,3.5714051017983516e-05
464.55151584111405,61.61470865751202,19.248358069325455,-1352.4841609255964,0.0005601805114082179,11.0,0.9091666666666666,4250.0,0.000288226848528356,3.9285456119781865e-05
497.85654352608145,59.16170869709421,17.9446347745653,-1435.9750200476046,0.0005591976401139319,12.0,0.9091666666666666,4250.0,0.000312275664034458,4.2856861221580214e-05
530.76766627251,56.62890731557276,16.791936591473387,-1517.3213937618784,0.0005549823866008129,13.0,0.9091666666666666,4200.0,0.00033829863603732947,4.642826632337856e-05
563.3307663441329,54.076047516652295,15.757579203676157,-1596.6739633948891,0.0005540344924880342,14.0,0.9091666666666666,4200.0,0.00036180904522613067,4.9999671425176925e-05
595.4707338697744,51.56197235273299,14.871934375639276,-1674.2040487425256,0.0005531017405734019,15.0,0.9091666666666666,4200.0,0.0003876525484565685,5.357107652697526e-05
627.1960509133453,49.14361694213988,14.078296168449368,-1749.9005696911045,0.0005521867005213866,16.0,0.9091666666666666,4200.0,0.00041062455132806887,5.7142481628773616e-05
658.7582584167227,46.832716573685936,13.344266111693221,-1824.5289467668772,0.0005512738726052253,17.0,0.9091666666666666,4200.0,0.0004362885857860732,6.071388673057197e-05
689.8253955607241,44.74165671493963,12.719836506896026,-1897.3224686577742,0.0005503811417353955,18.0,0.9091666666666666,4200.0,0.00045872218234027277,6.428529183237032e-05
720.821571602901,42.78577915616078,12.093457280230638,-1969.8043665167643,0.000549486135939217,19.0,0.9091666666666666,4200.0,0.00048420674802584346,6.785669693416867e-05
751.5247782770814,41.00312189816755,11.568660663972791,-2040.7654828513696,0.0005486030255238584,20.0,0.9091666666666666,4200.0,0.0005061019382627423,7.142810203596703e-05
781.8504140349164,39.3615515160775,11.0808700991102,-2110.6911841485417,0.0005477353227170288,21.0,0.9091666666666666,4200.0,0.0005314070351758794,7.499950713776538e-05
811.9438239748736,37.83996769484565,10.621171266377674,-2179.7706854936114,0.0005468746861358776,22.0,0.9091666666666666,4200.0,0.0005567121320890164,7.857091223956373e-05
841.8693451066563,36.42840070493666,10.20770021985403,-2247.9241133173273,0.0005460221723028965,23.0,0.9091666666666666,4200.0,0.0005778894472361809,8.214231734136206e-05
871.5384164472268,35.11088640600319,9.814679157337913,-2315.5036320448125,0.0005451728615004654,24.0,0.9091666666666666,4200.0,0.0006030150753768845,8.571372244316043e-05
901.0106787635318,33.87871866333205,9.451990247586497,-2382.582737289944,0.0005443302358841506,25.0,0.9091666666666666,4200.0,0.000628140703517588,8.928512754495879e-05
930.2116660624823,32.743865913027754,9.122851345158821,-2448.1535379241177,0.0005435106380684484,26.0,0.9091666666666666,4200.0,0.0006486001435750179,9.285653264675712e-05
959.1377393300249,31.68436560615206,8.82982634844394,-2513.145179393832,0.0005426928505314342,27.0,0.9091666666666666,4200.0,0.0006735463029432878,9.642793774855549e-05
987.8696522728205,30.676661342538452,8.53765597415464,-2577.7827176057326,0.0005418765339336042,28.0,0.9091666666666666,4200.0,0.0006984924623115578,9.999934285035385e-05
1016.4942463115265,29.732045837597585,8.270132771168603,-2641.902007736011,0.000541070540729375,29.0,0.9091666666666666,4200.0,0.0007182340272792534,0.0001035707479521522
1045.2080589532786,28.81857032792131,7.987604130924504,-2706.162750054471,0.000540252798582638,30.0,0.9091666666666666,4200.0,0.0007430007178750896,0.00010714215305395052
0.0,0.0,0.0,-2.1237246499294997,0.00031676587762465415,0.0,0.9495833333333332,4250.0,0.0,
36.14067740786742,17.238479192751424,8.36259290328143,-113.91013789486897,0.00031633840541936864,1.0,0.9495833333333332,4250.0,2.907394113424264e-05,3.571405101798351e-06
65.87712449180415,27.083185265072103,12.77296844502549,-207.88344067661092,0.000315951330335237,2.0,0.9495833333333332,4250.0,5.635319454414931e-05,7.142810203596702e-06
92.01913006366527,32.80231777601394,14.834485274474366,-289.65933194959507,0.0003155825649906283,3.0,0.9495833333333332,4250.0,8.34529791816224e-05,1.0714215305395053e-05
115.95740898343502,36.028862500545635,15.579313313135678,-362.75896952488984,0.00031522610966100683,4.0,0.9495833333333332,4250.0,0.00010983488872936108,1.4285620407193404e-05
138.44449476392344,37.66535489384932,15.546908081902638,-429.4344454353195,0.0003148795234063928,5.0,0.9495833333333332,4250.0,0.00013639626704953337,1.7857025508991758e-05
159.90139254209834,38.25849685251964,15.069973467747896,-491.1663003349677,0.0003145421844274016,6.0,0.9495833333333332,4250.0,0.0001615218951902369,2.1428430610790107e-05
180.64042090030392,38.144068619899606,14.313695132149965,-549.1492983322969,0.00031421035273603704,7.0,0.9495833333333332,4250.0,0.0001871859296482412,2.4999835712588462e-05
200.78016148866476,37.55491971818451,13.434770742192892,-604.0355668358534,0.0003138857077646313,8.0,0.9495833333333332,4250.0,0.0002124910265613783,2.8571240814386808e-05
220.47161457166496,36.64115947789583,12.496148527691322,-656.4233457910377,0.0003135666703801261,9.0,0.9495833333333332,4250.0,0.00023743718592964823,3.214264591618516e-05
239.83706183043478,35.50571952585019,11.540994732273752,-706.9030300313243,0.0003132510994836625,10.0,0.9495833333333332,4250.0,0.00026381909547738695,3.5714051017983516e-05
258.85628389706335,34.23634202346832,10.676210187240834,-755.5019324933819,0.0003129421871596977,11.0,0.9495833333333332,4250.0,0.000288226848528356,3.9285456119781865e-05
277.58880583803807,32.88617549252729,9.953124784588288,-802.6525422667837,0.00031263706970599347,12.0,0.9495833333333332,4250.0,0.000312275664034458,4.2856861221580214e-05
296.12127342905956,31.488175595599344,9.313417316866708,-848.6478836201713,0.00031233527378887776,13.0,0.9495833333333332,4250.0,0.00033829863603732947,4.642826632337856e-05
314.4787605414958,30.077864722090535,8.739908612710712,-893.5807782889678,0.0003120359752644738,14.0,0.9495833333333332,4250.0,0.00036180904522613067,4.9999671425176925e-05
332.61800763902437,28.6863791975091,8.248364665378862,-937.5435666975172,0.0003117408977494626,15.0,0.9495833333333332,4250.0,0.0003876525484565685,5.357107652697526e-05
350.54253989324553,27.34604110947695,7.807571879135417,-980.5239009797078,0.00031145106839259044,16.0,0.9495833333333332,4250.0,0.00041062455132806887,5.7142481628773616e-05
368.3949307143249,26.061174633004647,7.400841092967972,-1022.9555508642152,0.0003111616410359776,17.0,0.9495833333333332,4250.0,0.0004362885857860732,6.071388673057197e-05
385.9845456175264,24.895795144998086,7.0541459377773466,-1064.3960521846893,0.0003108782508499263,18.0,0.9495833333333332,4250.0,0.00045872218234027277,6.428529183237032e-05
403.55274017629273,23.80577218864887,6.7066322859834555,-1105.7118058597553,0.00031059382647973915,19.0,0.9495833333333332,4250.0,0.00048420674802584346,6.785669693416867e-05
420.9715944182663,22.812141718020637,6.415872814111731,-1146.2116005652279,0.00031031290314901394,20.0,0.9495833333333332,4250.0,0.0005061019382627423,7.142810203596703e-05
438.19338708735154,21.89719973567546,6.144821256428379,-1186.173488140208,0.0003100362705758067,21.0,0.9495833333333332,4250.0,0.0005314070351758794,7.499950713776538e-05
455.2997906447955,21.049005467447984,5.890268773788263,-1225.6950027628263,0.00030976157703828286,22.0,0.9495833333333332,4250.0,0.0005567121320890164,7.857091223956373e-05
472.3268666637549,20.26219727911278,5.661078275212359,-1264.7284331922274,0.0003094894715347401,23.0,0.9495833333333332,4250.0,0.0005778894472361809,8.214231734136206e-05
489.2242119840398,19.527437273952028,5.442850098331596,-1303.47817808931,0.00030921811152329813,24.0,0.9495833333333332,4250.0,0.0006030150753768845,8.571372244316043e-05
506.02475311334206,18.84096838450475,5.241398983966615,-1341.9940212461297,0.00030894830628793823,25.0,0.9495833333333332,4250.0,0.000628140703517588,8.928512754495879e-05
522.6848674344978,18.208164888517512,5.059084142023447,-1379.6731817787659,0.000308685531372368,26.0,0.9495833333333332,4250.0,0.0006486001435750179,9.285653264675712e-05
539.2033635638618,17.617382058677258,4.89638709666867,-1417.0588672512677,0.00030842341113722685,27.0,0.9495833333333332,4250.0,0.0006735463029432878,9.642793774855549e-05
555.6262556088792,17.056497377746243,4.733957588588877,-1454.280666698396,0.0003081615141148108,28.0,0.9495833333333332,4250.0,0.0006984924623115578,9.999934285035385e-05
572.0018492379287,16.529391506139316,4.585692840075652,-1491.2687906795327,0.00030611663439031274,29.0,0.9495833333333332,4200.0,0.0007182340272792534,0.0001035707479521522
588.4441201315697,16.02047334066455,4.42914465789978,-1528.3630027275722,0.0003058572943453466,30.0,0.9495833333333332,4200.0,0.0007430007178750896,0.00010714215305395052
0.0,0.0,0.0,-2.1237246499294997,6.262169267871004e-05,0.0,0.99,4250.0,0.0,
7.093450385496025,3.382396955925692,1.6406680255193433,-24.056448783936503,6.260515927228944e-05,1.0,0.99,4250.0,2.907394113424264e-05,3.571405101798351e-06
12.939544307932925,5.316656255186239,2.5069438183434145,-42.533185161679285,6.25901623032817e-05,2.0,0.99,4250.0,5.635319454414931e-05,7.142810203596702e-06
18.087898003908172,6.442624014065585,2.9127519748968527,-58.64487553553772,6.257585152002364e-05,3.0,0.99,4250.0,8.34529791816224e-05,1.0714215305395053e-05
22.81034827443737,7.079878047600146,3.0602656595208297,-73.07629821430601,6.256199684419676e-05,4.0,0.99,4250.0,0.00010983488872936108,1.4285620407193404e-05
27.25383137382922,7.405083783337556,3.0550252785163656,-86.26544371539785,6.254850534377378e-05,5.0,0.99,4250.0,0.00013639626704953337,1.7857025508991758e-05
31.500369022257654,7.525261297758287,2.962332315419905,-98.50002534114901,6.253535429723608e-05,6.0,0.99,4250.0,0.0001615218951902369,2.1428430610790107e-05
35.61085522926523,7.5061235801873805,2.814422023520117,-110.0130822874853,6.252239933555109e-05,7.0,0.99,4250.0,0.0001871859296482412,2.4999835712588462e-05
39.6082004327798,7.393276805189098,2.6422879421667504,-120.93060861925187,6.250970679717449e-05,8.0,0.99,4250.0,0.0002124910265613783,2.8571240814386808e-05
43.52190068513066,7.216494514663249,2.458100246191037,-131.36903034090938,6.249721617397513e-05,9.0,0.99,4250.0,0.00023743718592964823,3.214264591618516e-05
47.37589460974739,6.995770347615322,2.270376558928366,-141.4440415129502,6.248484416452644e-05,10.0,0.99,4250.0,0.00026381909547738695,3.5714051017983516e-05
51.16572069700853,6.748296283382467,2.0998246488872394,-151.1594081996882,6.247271675778163e-05,11.0,0.99,4250.0,0.000288226848528356,3.9285456119781865e-05
54.90297099321117,6.484377844904484,1.9573981609410425,-160.59994245650887,6.246072248439688e-05,12.0,0.99,4250.0,0.000312275664034458,4.2856861221580214e-05
58.604743677539936,6.21064348848313,1.8313797470033615,-169.822202749594,6.244884307868856e-05,13.0,0.99,4250.0,0.00033829863603732947,4.642826632337856e-05
62.275827009833975,5.934176475886529,1.7185286089025211,-178.8454035723189,6.24370469134283e-05,14.0,0.99,4250.0,0.00036180904522613067,4.9999671425176925e-05
65.90735953951884,5.661119931531311,1.6217116858352942,-187.68614560778224,6.242540177133167e-05,15.0,0.99,4250.0,0.0003876525484565685,5.357107652697526e-05
69.4996930792005,5.397363191539727,1.5349143434292216,-196.34085902562947,6.241394901731803e-05,16.0,0.99,4250.0,0.00041062455132806887,5.7142481628773616e-05
73.08150977292219,5.1436899082641805,1.4548749443892373,-204.89671458287194,6.240249803098238e-05,17.0,0.99,4250.0,0.0004362885857860732,6.071388673057197e-05
76.61415883922271,4.913071566922378,1.3866871228198607,-213.26327659121307,6.239127210556792e-05,18.0,0.99,4250.0,0.00045872218234027277,6.428529183237032e-05
80.14643742573392,4.697332038082774,1.3182344027741246,-221.6153158623638,6.237999054691029e-05,19.0,0.99,4250.0,0.00048420674802584346,6.785669693416867e-05
83.65212950042819,4.500665791809488,1.2610479376244372,-229.81272601417004,6.236883530194293e-05,20.0,0.99,4250.0,0.0005061019382627423,7.142810203596703e-05
87.12169875921727,4.319592802960056,1.2078332561580292,-237.910611420637,6.235783622132031e-05,21.0,0.99,4250.0,0.0005314070351758794,7.499950713776538e-05
90.57142032765161,4.151698033151451,1.1577355105640816,-245.93106063373125,6.234690086005362e-05,22.0,0.99,4250.0,0.0005567121320890164,7.857091223956373e-05
94.00850367101108,3.995981323756928,1.1125839949924705,-253.85956035436539,6.233605622422933e-05,23.0,0.99,4250.0,0.0005778894472361809,8.214231734136206e-05
97.42272956130178,3.850615384943296,1.0696809631672208,-261.73966942843253,6.23252283948715e-05,24.0,0.99,4250.0,0.0006030150753768845,8.571372244316043e-05
100.82061614279033,3.714831927717136,1.0300253701572628,-269.5805466095335,6.231444989427251e-05,25.0,0.99,4250.0,0.000628140703517588,8.928512754495879e-05
104.19319822617649,3.589569854070732,0.9941596445058035,-277.2623620338418,6.230393921117144e-05,26.0,0.99,4250.0,0.0006486001435750179,9.285653264675712e-05
107.54004368650135,3.4727288693448113,0.962098524795221,-284.88988682592753,6.229344380677064e-05,27.0,0.99,4250.0,0.0006735463029432878,9.642793774855549e-05
110.87063489690081,3.3617309067498273,0.930148922382694,-292.4922244076806,6.228294548388073e-05,28.0,0.99,4250.0,0.0006984924623115578,9.999934285035385e-05
114.19462807796391,3.257508857318666,0.9009492009308778,-300.05582855764806,6.227252912282561e-05,29.0,0.99,4250.0,0.0007182340272792534,0.0001035707479521522
117.53538878516012,3.1569204315810584,0.8702015415601564,-307.64605059484165,6.226196895782484e-05,30.0,0.99,4250.0,0.0007430007178750896,0.00010714215305395052
