CAPE_u,CAPE_ext,CAPE_dist,dh,sat_def,P,RH,dz,ent_b
0.0,0.0,0.0,-2.628212131370674,0.009659155665531487,0.0,0.02,4300.0,0.0
2130.1301633817952,1613.313224175615,8.285312224714456,-5332.1927498188015,0.008472391289847052,1.0,0.02,4300.0,7.13013232899229e-05
3716.2648930074315,2601.3078692668623,11.018513531042354,-8408.241670161682,0.007573126425288535,2.0,0.02,4250.0,0.0001423493553772791
5033.615378349447,3268.7203058258165,10.725982362294621,-10417.317259821823,0.006892009035230994,3.0,0.02,4250.0,0.00021314588947975957
6180.3629545624135,3732.642909384535,9.96981671834912,-11833.69549806411,0.006301183088792628,4.0,0.02,4200.0,0.00028369269983912767
7204.2713340395985,4063.88624645852,9.131234146648977,-12886.11428277845,0.005827437062265631,5.0,0.02,4200.0,0.0003539915419880172
8132.644482983154,4281.372687728099,8.405790781614277,-13693.758792388777,0.005421243117522215,6.0,0.02,4200.0,0.0004240441530120581
8984.020122188791,4424.755062008177,7.628501786020165,-14335.398477645278,0.005048640749995916,7.0,0.02,4150.0,0.0004938522518074282
9770.32206887129,4537.2517948870345,7.011998252536612,-14852.665609180702,0.004738984298918975,8.0,0.02,4150.0,0.0005634175393339245
10500.927469950944,4584.652195867422,6.590654323857849,-15277.930524654315,0.004464355183890642,9.0,0.02,4150.0,0.000632741698863649
11185.402274107382,4570.887329411813,5.996044671673625,-15630.878699768422,0.004217906922438658,10.0,0.02,4150.0,0.0007018263962254038
11827.273850454616,4560.0028746646485,5.432207947632952,-15925.229763896787,0.003996755778034139,11.0,0.02,4150.0,0.0007706732800448598
12428.64009120278,4529.754963522412,5.371465933695709,-16170.58651625977,0.0037884967858861844,12.0,0.02,4100.0,0.0008392839819806442
12999.688279118387,4487.025472709088,5.036669944796247,-16381.467443554095,0.0036073537638240203,13.0,0.02,4100.0,0.0009076601169563551
13543.336223217977,4399.47007925159,4.841385578262516,-16567.541763234767,0.0034426942791742745,14.0,0.02,4100.0,0.000975803283388641
14055.873667539003,4337.863709866451,4.515125792130018,-16717.36961258651,0.0032918623238544346,15.0,0.02,4100.0,0.001043715063411405
14547.247032606243,4235.177745058981,4.283764701881615,-16851.979267107847,0.0031517203417724456,16.0,0.02,4100.0,0.0011113970230962158
15015.329928862775,4166.096150827164,4.0373341075335665,-16962.76625762946,0.0030158920894821934,17.0,0.02,4050.0,0.0011788507126690004
15461.796976398364,4095.2476012184766,3.9038532015771565,-17064.045897758704,0.002897646856974021,18.0,0.02,4050.0,0.0012460776667230968
15893.609343150812,3985.5184556747754,3.655056181322505,-17144.179572717414,0.0027871191350013007,19.0,0.02,4050.0,0.0013130794044287361
16301.85000072784,3913.6039832147703,3.4495404324684382,-17209.381179883843,0.0026858290577607257,20.0,0.02,4050.0,0.0013798574297390284
16696.741013124374,3803.133971872352,3.3744289458338526,-17269.01735685466,0.0025914522073834986,21.0,0.02,4050.0,0.0014464132315925215
17083.28646620269,3695.660925479471,3.04725259540566,-17321.014861164687,0.0025002662802142356,22.0,0.02,4050.0,0.0015127482841123996
17449.27583194739,3628.313148171352,3.1462277825451306,-17365.406361919282,0.0024163358560480475,23.0,0.02,4050.0,0.0015788640468023894
17801.05016362645,3522.5560981889394,2.9947803520685348,-17394.358448930256,0.002339111647215467,24.0,0.02,4050.0,0.0016447619647394403
18142.000007616647,3459.7259145835583,2.8069065980521093,-17415.83804558854,0.0022615184136760918,25.0,0.02,4000.0,0.0017104434687632388
18478.530673872672,3360.711295920874,2.7307920532747763,-17449.138629688336,0.002189418692251831,26.0,0.02,4000.0,0.0017759099756626212
18797.55527271934,3262.892809913273,2.61298279632576,-17453.880302690985,0.0021247846902291184,27.0,0.02,4000.0,0.001841162888358953
19103.74870631564,3207.055145725194,2.6469672494928527,-17459.932621978158,0.002064659497691292,28.0,0.02,4000.0,0.001906203596086499
19409.863695609052,3116.1791517627703,2.4019413069163598,-17468.736454637317,0.002003700288900426,29.0,0.02,4000.0,0.0019710334745699186
19702.917187966523,3027.5141384358567,2.4594698503439303,-17477.316346454056,0.002031481880805376,30.0,0.02,4050.0,0.002035653886198848
0.0,0.0,0.0,-2.628212131370674,0.009216223756612723,0.0,0.06,4300.0,0.0
2040.060299832084,1544.514482268622,8.023916819531125,-5120.44646966907,0.008135349774557647,1.0,0.06,4300.0,7.13013232899229e-05
3568.216733265536,2496.2690836259435,10.701878188402958,-8112.689972646775,0.007306853185146828,2.0,0.06,4250.0,0.0001423493553772791
4842.890910073268,3142.722187390786,10.446650597519858,-10091.796264895398,0.00667679580509832,3.0,0.06,4250.0,0.00021314588947975957
5956.0936749201155,3594.454525673614,9.727786031051586,-11503.964970717607,0.0061252706763278994,4.0,0.06,4200.0,0.00028369269983912767
6952.626996349374,3918.733965921319,8.91056469918759,-12565.968728175169,0.005682205095832757,5.0,0.06,4200.0,0.0003539915419880172
7858.067934575664,4133.278224944863,8.215538419542357,-13390.393408108874,0.005300549588304579,6.0,0.06,4200.0,0.0004240441530120581
8689.923617949911,4276.114598119152,7.460968482126718,-14052.562719963396,0.004965564563783544,7.0,0.06,4200.0,0.0004938522518074282
9459.383320930443,4388.874894453804,6.852704705853118,-14592.159845332237,0.004654694177790366,8.0,0.06,4150.0,0.0005634175393339245
10175.299086143292,4438.371387220392,6.43573903270696,-15040.576442582453,0.004393833182788259,9.0,0.06,4150.0,0.000632741698863649
10846.871173591599,4428.342405885637,5.878121487711294,-15416.982941124894,0.004159003693467591,10.0,0.06,4150.0,0.0007018263962254038
11477.307457719791,4420.77569183395,5.337362383339979,-15734.619197181251,0.003947682628836994,11.0,0.06,4150.0,0.0007706732800448598
12068.480990027294,4394.090787344487,5.274865678406501,-16002.0792875384,0.003747493670761231,12.0,0.06,4100.0,0.0008392839819806442
12630.409006418253,4355.114072574543,4.932377587417146,-16234.695044740634,0.003573593655185852,13.0,0.06,4100.0,0.0009076601169563551
13165.766696890385,4272.2676058471125,4.74968024278663,-16441.799742110423,0.0034151289411679824,14.0,0.06,4100.0,0.000975803283388641
13670.90647778521,4214.463316781521,4.434522150301092,-16611.987647764545,0.0032696970936943125,15.0,0.06,4100.0,0.001043715063411405
14155.565953333526,4116.454773932501,4.207833788629984,-16765.717739259264,0.0031343017050113726,16.0,0.06,4100.0,0.0011113970230962158
14617.514461933188,4050.9145995292815,3.965630041570505,-16895.058570865833,0.0030097044007857494,17.0,0.06,4100.0,0.0011788507126690004
15058.350325312464,3983.540893899553,3.8296449071257115,-17013.67248344644,0.002887757821343876,18.0,0.06,4050.0,0.0012460776667230968
15485.014956935647,3878.078444203109,3.5829305660572492,-17110.866137910893,0.0027804246789733494,19.0,0.06,4050.0,0.0013130794044287361
15888.554787800798,3809.314618700902,3.393125809725948,-17192.09492303067,0.0026819099265025714,20.0,0.06,4050.0,0.0013798574297390284
16279.066879276275,3702.825856178675,3.3114993543241784,-17267.040722595102,0.0025899783866436166,21.0,0.06,4050.0,0.0014464132315925215
16661.627681193415,3599.1020613735905,2.9882155897125644,-17333.577861308004,0.0025010115304813308,22.0,0.06,4050.0,0.0015127482841123996
17023.86617450706,3534.462312632868,3.0875855610128533,-17392.086516241325,0.002419081059556285,23.0,0.06,4050.0,0.0015788640468023894
17372.217991056637,3432.1331774897326,2.9302056422239793,-17434.289758177947,0.002343542835267453,24.0,0.06,4050.0,0.0016447619647394403
17709.950882572717,3371.6897289780673,2.756232737349395,-17468.335797841493,0.002271926608076241,25.0,0.06,4050.0,0.0017104434687632388
18043.561076953414,3275.821689627832,2.6882880756471708,-17513.934564790237,0.0021966296792003044,26.0,0.06,4000.0,0.0017759099756626212
18359.85263068189,3181.0296055914714,2.580641516665293,-17530.392113170426,0.0021332010096063105,27.0,0.06,4000.0,0.001841162888358953
18663.41448877141,3127.1450945394135,2.5974010787971626,-17547.24786603128,0.002074127639108281,28.0,0.06,4000.0,0.001906203596086499
18967.211699308355,3038.967379882542,2.3682870971883907,-17566.53691433106,0.0020141899119342226,29.0,0.06,4000.0,0.0019710334745699186
19257.918173794395,2952.861061572862,2.4264598933579107,-17585.702374076645,0.001960458425697229,30.0,0.06,4000.0,0.002035653886198848
0.0,0.0,0.0,-2.628212131370674,0.008778186795266898,0.0,0.1,4300.0,0.0
1950.2769736546577,1475.9809024730855,7.754894920174506,-4908.005422871938,0.0077972457253584196,1.0,0.1,4300.0,7.13013232899229e-05
3419.8337678793037,2391.089481459469,10.376292146664877,-7812.6651415034285,0.007036594401291132,2.0,0.1,4250.0,0.0001423493553772791
4650.917361690579,3016.0332300065647,10.154262673337332,-9757.683749879376,0.006455992897617823,3.0,0.1,4250.0,0.00021314588947975957
5729.56879857724,3455.0342220805246,9.470046523358567,-11162.04674279024,0.005969486060164031,4.0,0.1,4250.0,0.00028369269983912767
6697.7120022008585,3771.86207425889,8.678085620979918,-12230.232075815264,0.00553021384105482,5.0,0.1,4200.0,0.0003539915419880172
7579.229985543207,3983.0587499719895,8.019302670900206,-13068.735474803369,0.005172993975068608,6.0,0.1,4200.0,0.0004240441530120581
8390.610260044052,4125.0071151338325,7.279807799302061,-13749.273209267725,0.0048581617989915706,7.0,0.1,4200.0,0.0004938522518074282
9142.328449872739,4237.748139708353,6.688972452195181,-14309.307983109451,0.004563808353990812,8.0,0.1,4150.0,0.0005634175393339245
9842.7002723033,4289.12519434775,6.279990787541149,-14779.416162687376,0.004316947290955654,9.0,0.1,4150.0,0.000632741698863649
10500.562169965146,4282.684083799288,5.748227999391081,-15178.122855089518,0.00409400965975662,10.0,0.1,4150.0,0.0007018263962254038
11118.807138436468,4278.331693709357,5.240043382478831,-15518.142563306734,0.003892810961204491,11.0,0.1,4150.0,0.0007706732800448598
11699.078077590237,4255.103285910258,5.1667487351035195,-15807.303048136026,0.003711834471045277,12.0,0.1,4150.0,0.0008392839819806442
12251.209048307872,4219.814751324435,4.824704648812044,-16060.86861209118,0.003534626486027106,13.0,0.1,4100.0,0.0009076601169563551
12777.650276680099,4141.668825269274,4.647973371857459,-16288.663482867072,0.0033826474962391547,14.0,0.1,4100.0,0.000975803283388641
13274.803242247926,4087.650227567155,4.344136992231632,-16479.010288382677,0.0032428970238191795,15.0,0.1,4100.0,0.001043715063411405
13752.18039641994,3994.342427892998,4.122559492256469,-16651.78680661761,0.003112521494177646,16.0,0.1,4100.0,0.0011113970230962158
14207.45857835052,3932.349923393906,3.8851092326471184,-16799.764061309485,0.0029923197542089724,17.0,0.1,4100.0,0.0011788507126690004
14642.177067483835,3868.473368042266,3.763309719728193,-16936.05606392894,0.0028810433181253453,18.0,0.1,4100.0,0.0012460776667230968
15063.204633813042,3767.360235441555,3.503420153521619,-17050.169281803304,0.0027766769693928677,19.0,0.1,4100.0,0.0013130794044287361
15461.598937148578,3701.748640120169,3.330376218971931,-17147.666707758613,0.002674590611729174,20.0,0.1,4050.0,0.0013798574297390284
15847.307138188611,3599.310548370522,3.2417126869059887,-17238.216817117453,0.0025853142527058775,21.0,0.1,4050.0,0.0014464132315925215
16225.471613305557,3499.4720733131917,2.922858245754434,-17319.676986566807,0.0024987747194853195,22.0,0.1,4050.0,0.0015127482841123996
16583.594622087658,3437.515722105921,3.02224783626557,-17392.646179743788,0.002419031956714482,23.0,0.1,4050.0,0.0015788640468023894
16928.15643053335,3338.729696852581,2.8661140272756276,-17448.52823539969,0.00234535739567553,24.0,0.1,4050.0,0.0016447619647394403
17262.32906916,3280.7047726711376,2.6993994120977534,-17495.429482693013,0.002275417438488054,25.0,0.1,4050.0,0.0017104434687632388
17592.697145991333,3188.0305085389277,2.6391928138548204,-17553.68255878065,0.002206147744507536,26.0,0.1,4050.0,0.0017759099756626212
17905.926667788346,3096.349657388138,2.5412619548185145,-17582.694033052092,0.0021438312183241727,27.0,0.1,4050.0,0.001841162888358953
18206.571605612517,3044.4484616164627,2.542174084771132,-17610.78454708346,0.0020815965632707337,28.0,0.1,4000.0,0.001906203596086499
18507.751900235024,2959.0390710228044,2.3284644309998206,-17641.112112631567,0.0020228218769797065,29.0,0.1,4000.0,0.0019710334745699186
18795.854917535908,2875.611475248179,2.387034864781089,-17671.39311016383,0.00197006168068105,30.0,0.1,4000.0,0.002035653886198848
0.0,0.0,0.0,-2.628212131370674,0.008344923517191882,0.0,0.13999999999999999,4300.0,0.0
1860.7735428142214,1407.7070467028057,7.478385038848159,-4694.900205765698,0.007458127100106008,1.0,0.13999999999999999,4300.0,7.13013232899229e-05
3271.1160769627368,2285.773158485778,10.037819998800694,-7508.219928789782,0.006762391265092791,2.0,0.13999999999999999,4250.0,0.0001423493553772791
4457.687949642721,2888.656094529016,9.846684330730525,-9414.975099702118,0.006229581669785821,3.0,0.13999999999999999,4250.0,0.00021314588947975957
5500.764339133115,3314.373282424706,9.196798191413661,-10807.697846458366,0.0057804751374111694,4.0,0.13999999999999999,4250.0,0.00028369269983912767
6439.467549289382,3623.251814006874,8.439160587758904,-11878.618022143019,0.005371305439605702,5.0,0.13999999999999999,4200.0,0.0003539915419880172
7296.03993694006,3830.6766391143674,7.807974521149709,-12728.315524273057,0.005038357428158714,6.0,0.13999999999999999,4200.0,0.0004240441530120581
8085.953641033139,3971.3876290341886,7.08907038525135,-13424.795267375193,0.004743695820655125,7.0,0.13999999999999999,4200.0,0.0004938522518074282
8818.980276537952,4083.8084088782375,6.532155418775385,-14003.333260052328,0.004482010110340797,8.0,0.13999999999999999,4200.0,0.0005634175393339245
9502.911290244878,4136.832952807224,6.1398816041139055,-14493.400620350432,0.004233357789791153,9.0,0.13999999999999999,4150.0,0.000632741698863649
10146.202363010381,4133.816821549561,5.606487103194825,-14913.064523486959,0.00402256030436787,10.0,0.13999999999999999,4150.0,0.0007018263962254038
10751.44798848671,4132.540841878189,5.130064932902563,-15274.38936833571,0.003831758008363897,11.0,0.13999999999999999,4150.0,0.0007706732800448598
11320.058175354992,4112.669971846095,5.047221783769941,-15584.463579158779,0.00365967876742795,12.0,0.13999999999999999,4150.0,0.0008392839819806442
11861.678961881014,4081.0003070023913,4.706932297152736,-15858.477540797256,0.0035002756709489376,13.0,0.13999999999999999,4150.0,0.0009076601169563551
12378.521924922863,4007.5362874261705,4.536365053695616,-16106.255354527173,0.0033448440518615897,14.0,0.13999999999999999,4100.0,0.000975803283388641
12867.040163166146,3957.275000031906,4.253960706993333,-16316.426450853498,0.0032110528009853413,15.0,0.13999999999999999,4100.0,0.001043715063411405
13336.529915573292,3868.6915582153524,4.028034589492094,-16508.049786358177,0.0030859712751139887,16.0,0.13999999999999999,4100.0,0.0011113970230962158
13784.559611359831,3810.249440254658,3.802224762879217,-16674.56825277699,0.0029704283002991412,17.0,0.13999999999999999,4100.0,0.0011788507126690004
14212.614862915518,3749.8818331167563,3.6892686262360668,-16828.565301241426,0.0028632651816756266,18.0,0.13999999999999999,4100.0,0.0012460776667230968
14627.495978673187,3653.176770881626,3.4166141894839135,-16960.00035586601,0.0027625685620200407,19.0,0.13999999999999999,4100.0,0.0013130794044287361
15020.2624548868,3590.7470799881958,3.2595541359723867,-17073.649727839358,0.002669861987920271,20.0,0.13999999999999999,4100.0,0.0013798574297390284
15400.699742557386,3492.4270175676147,3.1821508820586915,-17179.91719463199,0.002577076358328005,21.0,0.13999999999999999,4050.0,0.0014464132315925215
15774.018698333935,3396.5442796902735,2.867891585072862,-17276.608472985583,0.0024931798165745474,22.0,0.13999999999999999,4050.0,0.0015127482841123996
16127.60836525235,3337.311477990402,2.95029583952844,-17364.316885091,0.0024158195386396017,23.0,0.13999999999999999,4050.0,0.0015788640468023894
16467.993195711664,3242.180347199002,2.807397230713723,-17434.245023010913,0.0023441956475165923,24.0,0.13999999999999999,4050.0,0.0016447619647394403
16798.20677626469,3186.577815116039,2.64787172477448,-17494.424254443464,0.0022761105420652525,25.0,0.13999999999999999,4050.0,0.0017104434687632388
17124.96071712522,3097.2094812431,2.5835815448639,-17565.67645808503,0.00220862360970727,26.0,0.13999999999999999,4050.0,0.0017759099756626212
17434.794080027434,3008.6833932475115,2.494913836083036,-17608.054684653544,0.0021478154836125692,27.0,0.13999999999999999,4050.0,0.001841162888358953
17732.18593466567,2958.8046208939727,2.481362027689597,-17647.778837547205,0.0020910882070100025,28.0,0.13999999999999999,4050.0,0.001906203596086499
18030.44564829534,2876.306737560898,2.2825455813664437,-17689.450037194572,0.002033447125445762,29.0,0.13999999999999999,4050.0,0.0019710334745699186
18315.62740967511,2795.564256334474,2.3412629453596314,-17731.295276698536,0.0019776257254585663,30.0,0.13999999999999999,4000.0,0.002035653886198848
0.0,0.0,0.0,-2.628212131370674,0.007916317396456991,0.0,0.18,4300.0,0.0
1771.547814033522,1339.691720877979,7.19459259453515,-4481.160502686878,0.0071180406719581315,1.0,0.18,4300.0,7.13013232899229e-05
3122.0645973426904,2180.324037410706,9.68666503094573,-7199.407207170807,0.006484285822184064,2.0,0.18,4250.0,0.0001423493553772791
4263.196739214935,2760.5904970369616,9.525066323303353,-9063.668172011174,0.005997545550119757,3.0,0.18,4250.0,0.00021314588947975957
5269.654826469112,3172.470008631673,8.910088512461439,-10440.754551708196,0.005584858731531028,4.0,0.18,4250.0,0.00028369269983912767
6177.839962304854,3472.8827859487546,8.185085230734632,-11510.84018390435,0.00520532128851578,5.0,0.18,4200.0,0.0003539915419880172
7008.402937619195,3676.1095926671746,7.581725134842654,-12368.657635204785,0.004896416866900929,6.0,0.18,4200.0,0.0004240441530120581
7775.819719049827,3815.2060582330823,6.901215755133787,-13078.450816811492,0.004621888670914817,7.0,0.18,4200.0,0.0004938522518074282
8489.157195774593,3927.0325357611696,6.360981382138956,-13673.337147170561,0.0043771359512275905,8.0,0.18,4200.0,0.0005634175393339245
9155.698584852362,3981.4099448842935,5.9907267360924354,-14181.440775400653,0.004142709291026897,9.0,0.18,4150.0,0.000632741698863649
9783.51301785176,3981.64272671402,5.453029411454387,-14620.51909518517,0.003944271403158613,10.0,0.18,4150.0,0.0007018263962254038
10374.899442058782,3983.2929742787765,5.007544532186181,-15001.87854649032,0.0037641175716117575,11.0,0.18,4150.0,0.0007706732800448598
10931.044001118398,3966.6717488281984,4.916399797625824,-15331.841728410312,0.003601201532708086,12.0,0.18,4150.0,0.0008392839819806442
11461.37690872678,3938.5355741656795,4.594437798263354,-15625.631532676249,0.003449901465367777,13.0,0.18,4150.0,0.0009076601169563551
11967.893628482305,3869.7291335721106,4.414962572642373,-15892.773056945596,0.003310888636832221,14.0,0.18,4150.0,0.000975803283388641
12447.082745230335,3823.189769263178,4.159864830967419,-16122.086143656772,0.0031737211221275975,15.0,0.18,4100.0,0.001043715063411405
12908.022140088256,3739.345242080948,3.939243286597508,-16332.21411973414,0.003054206004206678,16.0,0.18,4100.0,0.0011113970230962158
13348.182074568187,3684.509845821873,3.7204658382646776,-16517.045364640057,0.002943585295687019,17.0,0.18,4100.0,0.0011788507126690004
13768.980625809652,3627.6015747986844,3.605699288871231,-16688.6113215112,0.0028407894139888066,18.0,0.18,4100.0,0.0012460776667230968
14177.150039867329,3535.3586076917336,3.328286596481664,-16837.338744551096,0.002744010452276348,19.0,0.18,4100.0,0.0013130794044287361
14563.751956853943,3476.1346693291175,3.1807484827355466,-16967.487959876125,0.0026547582595841768,20.0,0.18,4100.0,0.0013798574297390284
14938.423800360482,3382.004448917306,3.113932292498641,-17089.501258602002,0.0025710667800715524,21.0,0.18,4100.0,0.0014464132315925215
15306.399926255777,3290.1476979256895,2.805693309332487,-17201.416963738156,0.002483807649619858,22.0,0.18,4050.0,0.0015127482841123996
15654.985938388745,3233.6731666896353,2.886411072801016,-17304.059973941687,0.002409032594802795,23.0,0.18,4050.0,0.0015788640468023894
15990.757498918594,3142.275750170313,2.741559949745126,-17388.32867662855,0.002339653474191179,24.0,0.18,4050.0,0.0016447619647394403
16316.610966651057,3089.1399559296588,2.595679404451051,-17462.143237654425,0.002273610197992974,25.0,0.18,4050.0,0.0017104434687632388
16639.32133020383,3003.187661832031,2.521534537117165,-17546.747593055963,0.002208090471646957,26.0,0.18,4050.0,0.0017759099756626212
16945.38543815507,2917.862755373093,2.441672761038094,-17602.885054646646,0.002148958530676323,27.0,0.18,4050.0,0.001841162888358953
17239.162806636938,2870.0666275315443,2.4150445023507947,-17654.801260407927,0.002093725718518728,28.0,0.18,4050.0,0.001906203596086499
17534.129592288038,2790.5404772978904,2.2306075048696137,-17708.5043765677,0.0020375525559859723,29.0,0.18,4050.0,0.0019710334745699186
17816.08214551441,2712.560462129457,2.2892176092472107,-17761.740672352353,0.0019869436202616135,30.0,0.18,4050.0,0.002035653886198848
0.0,0.0,0.0,-2.628212131370674,0.007492256451488824,0.0,0.22,4300.0,0.0
1682.597182683918,1271.9328804212153,6.908020658704669,-4266.815175453827,0.006777031874203481,1.0,0.22,4300.0,7.13013232899229e-05
2972.6808096103787,2074.7461932025635,9.324984016422736,-6886.280339347366,0.006202320715162821,2.0,0.22,4250.0,0.0001423493553772791
4067.438069790366,2631.842582362579,9.201194006670534,-8703.763675840302,0.005759869965962985,3.0,0.22,4250.0,0.00021314588947975957
5036.213672033713,3029.3149890266623,8.616398821704502,-10061.097663378947,0.005382548524554247,4.0,0.22,4250.0,0.00028369269983912767
5912.77502131456,3320.7558370351726,7.923681028774711,-11126.704858655823,0.0050543733224123755,5.0,0.22,4250.0,0.0003539915419880172
6716.230949806994,3519.3439924160625,7.3490624383758565,-11989.280935216302,0.004746945683692573,6.0,0.22,4200.0,0.0004240441530120581
7460.068226166053,3656.4307148528255,6.702643199823445,-12709.547489381475,0.0044924543630381845,7.0,0.22,4200.0,0.0004938522518074282
8152.675708441973,3767.3038717292206,6.175603247163051,-13318.360559808083,0.00426467651560075,8.0,0.22,4200.0,0.0005634175393339245
8800.829526672384,3822.7737162909452,5.827057930797853,-13842.707011396655,0.004059344384629467,9.0,0.22,4200.0,0.000632741698863649
9412.206539266532,3826.064398444453,5.287992934848149,-14299.142707112202,0.0038587371583869794,10.0,0.22,4150.0,0.0007018263962254038
9988.815135761368,3830.4741654596933,4.872608689309579,-14699.056118669752,0.0036894576182446375,11.0,0.22,4150.0,0.0007706732800448598
10531.634518099507,3817.012550711612,4.774405736344007,-15047.685925640573,0.0035359504257766318,12.0,0.22,4150.0,0.0008392839819806442
11049.84692392199,3792.281754017578,4.470574088480905,-15360.239909532713,0.0033930161984952046,13.0,0.22,4150.0,0.0009076601169563551
11545.254307738069,3728.114569564294,4.283880113813352,-15646.107153979843,0.0032613297651437,14.0,0.22,4150.0,0.000975803283388641
12014.36852553844,3685.2396738579587,4.0547097597856805,-15893.70304993799,0.0031395846349776195,15.0,0.22,4150.0,0.001043715063411405
12466.04703421248,3606.146218387075,3.841328320856419,-16121.82089780186,0.003016739615575752,16.0,0.22,4100.0,0.0011113970230962158
12897.649690427117,3554.9245237974824,3.6285528255977706,-16324.583273019976,0.002911303814915504,17.0,0.22,4100.0,0.0011788507126690004
13310.558283032567,3501.463108472748,3.512696161547785,-16513.440712771822,0.0028131293079208352,18.0,0.22,4100.0,0.0012460776667230968
13711.380738810085,3413.727391207554,3.242501488605496,-16679.297849875198,0.0027205185973166383,19.0,0.22,4100.0,0.0013130794044287361
14091.237974608403,3357.7485629931325,3.094054195984935,-16825.885027708704,0.002634958658116471,20.0,0.22,4100.0,0.0013798574297390284
14459.591906819787,3267.8606385728376,3.0371448909088485,-16963.83392967259,0.002554584830063324,21.0,0.22,4100.0,0.0014464132315925215
14821.687041090609,3180.101067965668,2.735793377122961,-17091.25025318876,0.002476294605728411,22.0,0.22,4100.0,0.0015127482841123996
15164.766079638708,3126.425686347285,2.8172024653205847,-17208.656025808632,0.00240400232901073,23.0,0.22,4100.0,0.0015788640468023894
15495.428524803927,3038.8341456241374,2.682769277466684,-17307.361607766463,0.0023312758210343783,24.0,0.22,4050.0,0.0016447619647394403
15816.456439207604,2988.205093012358,2.5358435464780804,-17395.083491019308,0.002267470509651899,25.0,0.22,4050.0,0.0017104434687632388
16134.684302317646,2905.750891752279,2.453136801302141,-17493.31788211092,0.0022041100842186074,26.0,0.22,4050.0,0.0017759099756626212
16436.537803916435,2823.752068577322,2.3816199524759574,-17563.535086730495,0.002146830524392516,27.0,0.22,4050.0,0.001841162888358953
16726.306655166787,2778.0903913510665,2.3511654257307972,-17628.000841292454,0.0020932597164182226,28.0,0.22,4050.0,0.001906203596086499
17017.574620371917,2701.55928738294,2.1795193523766145,-17694.15288569164,0.00203872393899758,29.0,0.22,4050.0,0.0019710334745699186
17295.918592725702,2626.4777569921675,2.230977377820914,-17759.01461312865,0.001989511103240712,30.0,0.22,4050.0,0.002035653886198848
0.0,0.0,0.0,-2.628212131370674,0.007072633000324725,0.0,0.26,4300.0,0.0
1593.916818234716,1204.4265383102713,6.614014003467382,-4051.8923616560205,0.006435144949190465,1.0,0.26,4300.0,7.13013232899229e-05
2822.9666301453553,1969.0420285619637,8.956008306646186,-6569.01252581639,0.005949202804722287,2.0,0.26,4300.0,0.0001423493553772791
3870.4075410162427,2502.415639672107,8.86252621032488,-8335.265429437553,0.005516542615478264,3.0,0.26,4250.0,0.00021314588947975957
4800.418409897203,2884.909449530615,8.314506634831433,-9668.61211537289,0.0051734579601960436,4.0,0.26,4250.0,0.00028369269983912767
5644.219780239846,3166.854385173728,7.649166197339699,-10725.994437313253,0.004873522900304952,5.0,0.26,4250.0,0.0003539915419880172
6419.427841185543,3360.315643688528,7.103765176324446,-11589.701497396418,0.004589714064486501,6.0,0.26,4200.0,0.0004240441530120581
7138.565629692547,3495.016500016196,6.488606177447681,-12317.380292824557,0.00435509967856687,7.0,0.26,4200.0,0.0004938522518074282
7809.346417309721,3604.554735072501,5.976182629329615,-12937.468435026145,0.004144283351353791,8.0,0.26,4200.0,0.0005634175393339245
8438.057969334732,3660.874737360823,5.649021819019988,-13475.782595405835,0.003953567073746704,9.0,0.26,4200.0,0.000632741698863649
9031.983400496329,3666.981678160604,5.123421337876368,-13947.696753704957,0.003779066877157667,10.0,0.26,4200.0,0.0007018263962254038
9592.842888341953,3673.9705347501076,4.725392586469482,-14364.292261098839,0.003607320522942487,11.0,0.26,4150.0,0.0007706732800448598
10121.410927948944,3663.566853708714,4.621370216376382,-14730.14878714906,0.0034634436312263477,12.0,0.26,4150.0,0.0008392839819806442
10626.615671133744,3642.098467066013,4.346735424232374,-15060.244327133652,0.0033291186367106784,13.0,0.26,4150.0,0.0009076601169563551
11110.070105995896,3582.5862098483262,4.1474150773129335,-15363.8045258114,0.0032050158226278377,14.0,0.26,4150.0,0.000975803283388641
11568.299486876087,3543.2628753796093,3.938605785923198,-15628.85093537395,0.0030900339015459233,15.0,0.26,4150.0,0.001043715063411405
12009.937817666318,3468.921898374352,3.732855396874407,-15874.515795410458,0.0029818393052189985,16.0,0.26,4150.0,0.0011113970230962158
12432.248371525686,3421.297163410234,3.526589524592041,-16094.371030239985,0.0028730498361167287,17.0,0.26,4100.0,0.0011788507126690004
12836.560519310642,3371.278192353894,3.4183316687258345,-16300.077364092765,0.002779749981824028,18.0,0.26,4100.0,0.0012460776667230968
13229.368929701652,3288.0993736120768,3.1480641135897334,-16482.749399827633,0.0026915576119561856,19.0,0.26,4100.0,0.0013130794044287361
13601.843632960563,3235.4473735280358,3.0041296416401404,-16645.5673343198,0.002609930725267777,20.0,0.26,4100.0,0.0013798574297390284
13963.264917770086,3149.850882617961,2.9518836671391693,-16799.32415083977,0.002533106326701512,21.0,0.26,4100.0,0.0014464132315925215
14318.873379945731,3066.2106420455234,2.6582874965971532,-16942.282748824095,0.0024581392771148634,22.0,0.26,4100.0,0.0015127482841123996
14655.882603208027,3015.439359024925,2.7399135397533314,-17074.69434153327,0.00238885195089724,23.0,0.26,4100.0,0.0015788640468023894
14980.917747395999,2931.6657787942117,2.6186187754644608,-17187.89510104982,0.002324282960804745,24.0,0.26,4100.0,0.0016447619647394403
15296.589699821216,2883.6446611510287,2.4684519984169286,-17289.447644276122,0.002262655951634796,25.0,0.26,4100.0,0.0017104434687632388
15609.828880493185,2804.702532958414,2.378477828135223,-17401.42825521376,0.00219618552544635,26.0,0.26,4050.0,0.0017759099756626212
15907.012108780662,2726.145863748989,2.3148419847966393,-17485.953249156144,0.002140943325638276,27.0,0.26,4050.0,0.001841162888358953
16192.308070389165,2682.626897284414,2.2899707695595004,-17563.24696679937,0.0020892103892220897,28.0,0.26,4050.0,0.001906203596086499
16479.433039472056,2609.20307700324,2.13231172259404,-17642.189574022374,0.0020364905516211795,29.0,0.26,4050.0,0.0019710334745699186
16753.746742121217,2537.090602148506,2.16662555812856,-17719.01750515285,0.0019888354536947623,30.0,0.26,4050.0,0.002035653886198848
0.0,0.0,0.0,-2.628212131370674,0.006657343411008849,0.0,0.30000000000000004,4300.0,0.0
1505.50605837056,1137.1735075442814,6.312682543257565,-3836.4193250555254,0.006092423247434681,1.0,0.30000000000000004,4300.0,7.13013232899229e-05
2672.9244830875678,1863.2184389084643,8.576243775808125,-6247.552318848,0.005658487651365733,2.0,0.30000000000000004,4300.0,0.0001423493553772791
3672.1026236548682,2372.3147664760504,8.508003747456117,-7958.180211797473,0.005267553954793678,3.0,0.30000000000000004,4250.0,0.00021314588947975957
4562.248196602943,2739.249920255325,7.996035929948167,-9263.187521713582,0.004957502893775958,4.0,0.30000000000000004,4250.0,0.00028369269983912767
5372.11941128361,3011.147322705705,7.364502817158177,-10308.276474470716,0.004685058019332116,5.0,0.30000000000000004,4250.0,0.0003539915419880172
6117.9051328124215,3199.000720124134,6.842918573412965,-11169.433107087629,0.004424489360452578,6.0,0.30000000000000004,4200.0,0.0004240441530120581
6811.1708430553,3330.8923793455924,6.26240904430226,-11901.234044695644,0.00420952403397779,7.0,0.30000000000000004,4200.0,0.0004938522518074282
7458.9806770036275,3438.7216253968013,5.765713673241782,-12529.702082293137,0.004015596186272385,8.0,0.30000000000000004,4200.0,0.0005634175393339245
8067.140886962196,3495.6130095318968,5.456774755493288,-13079.42182744565,0.0038395283240707247,9.0,0.30000000000000004,4200.0,0.000632741698863649
8642.53349277955,3504.292605198964,4.96479099345229,-13564.77502255021,0.0036778731565476975,10.0,0.30000000000000004,4200.0,0.0007018263962254038
9186.607963200491,3513.663637602028,4.566039716590017,-13995.916267600136,0.0035297613291269568,11.0,0.30000000000000004,4200.0,0.0007706732800448598
9699.94075440447,3506.165814509003,4.470364152669804,-14377.286147905346,0.0033831671253358752,12.0,0.30000000000000004,4150.0,0.0008392839819806442
10191.18674911668,3487.8410033618384,4.21371170499732,-14723.468473723544,0.0032576709600442406,13.0,0.30000000000000004,4150.0,0.0009076601169563551
10661.773712719962,3432.9258311442345,4.01082604567857,-15043.458225680588,0.003141391745910026,14.0,0.30000000000000004,4150.0,0.000975803283388641
11108.24330919053,3397.090967624498,3.8116717748653226,-15324.90839293447,0.003033418099857521,15.0,0.30000000000000004,4150.0,0.001043715063411405
11539.000496837223,3327.508535717484,3.6224485644435864,-15587.36204533351,0.002931571958295037,16.0,0.30000000000000004,4150.0,0.0011113970230962158
11951.213426142624,3283.4427263611283,3.423312044678239,-15823.779056906053,0.0028366958121826494,17.0,0.30000000000000004,4150.0,0.0011788507126690004
12346.16573664603,3236.8578573322507,3.321560998856699,-16045.379402576662,0.002748001514386923,18.0,0.30000000000000004,4150.0,0.0012460776667230968
12730.216189055214,3158.2783015052923,3.045081636220079,-16244.301135437221,0.00265653636903565,19.0,0.30000000000000004,4100.0,0.0013130794044287361
13094.60899001895,3108.9649573226047,2.916735375858298,-16422.977278987142,0.0025790824191563224,20.0,0.30000000000000004,4100.0,0.0013798574297390284
13448.43448320311,3027.760934832646,2.8582503160075685,-16592.254172747023,0.002506041720391731,21.0,0.30000000000000004,4100.0,0.0014464132315925215
13796.893210246692,2948.3271796967956,2.5732768846946974,-16750.58689367868,0.002434635363271764,22.0,0.30000000000000004,4100.0,0.0015127482841123996
14127.205424036621,2900.4350609248477,2.654641351955222,-16897.84385927255,0.002368572932670598,23.0,0.30000000000000004,4100.0,0.0015788640468023894
14446.022698948242,2820.6260824417045,2.54580749345842,-17025.654492758244,0.002306866830911318,24.0,0.30000000000000004,4100.0,0.0016447619647394403
14755.78020434662,2775.195684000294,2.393598665752424,-17141.331504823458,0.002247885782921887,25.0,0.30000000000000004,4100.0,0.0017104434687632388
15063.451746829141,2699.8669300775864,2.297651315277427,-17267.00970693827,0.0021891977665810815,26.0,0.30000000000000004,4100.0,0.0017759099756626212
15355.436869920835,2624.807338783784,2.2414304982542506,-17365.60589766618,0.00213592180471847,27.0,0.30000000000000004,4100.0,0.001841162888358953
15635.765926969698,2583.4704433155457,2.2216996515653418,-17455.949731032662,0.002081029802229628,28.0,0.30000000000000004,4050.0,0.001906203596086499
15918.233786805698,2513.283802224976,2.077462101775482,-17547.92902070683,0.0020303127389695685,29.0,0.30000000000000004,4050.0,0.0019710334745699186
16188.07052414843,2444.1839721130186,2.096249968270397,-17636.978830735265,0.001984385605254324,30.0,0.30000000000000004,4050.0,0.002035653886198848
0.0,0.0,0.0,-2.628212131370674,0.006246287891549985,0.0,0.34,4300.0,0.0
1417.3610385671616,1070.1708358929354,6.004123425539971,-3620.4227622646285,0.005748908814378848,1.0,0.34,4300.0,7.13013232899229e-05
2522.557541803563,1757.2810536367472,8.183314068090235,-5921.940663659516,0.00536398075053355,2.0,0.34,4300.0,0.0001423493553772791
3472.521008141328,2241.548576085487,8.146644581035334,-7572.518240276193,0.005012897006782381,3.0,0.34,4250.0,0.00021314588947975957
4321.681614237639,2592.3397217680335,7.663413630009282,-8844.718937519436,0.004734601900018205,4.0,0.34,4250.0,0.00028369269983912767
5096.428886199732,2853.627012797171,7.067713451832651,-9873.27462177573,0.004488816698470731,5.0,0.34,4250.0,0.0003539915419880172
5811.56902025327,3035.3699811496776,6.573310136229845,-10728.170911655652,0.004270287809767785,6.0,0.34,4250.0,0.0004240441530120581
6477.744832288689,3164.0138063160384,6.03380716556875,-11460.383455031551,0.004055420616040188,7.0,0.34,4200.0,0.0004938522518074282
7101.384889635122,3269.740534263233,5.561145310138676,-12094.08245609318,0.0038782431944320932,8.0,0.34,4200.0,0.0005634175393339245
7687.824440144195,3326.8848790091424,5.2525547758917925,-12652.380826091714,0.0037167996134372734,9.0,0.34,4200.0,0.000632741698863649
8243.541227940037,3337.897512414831,4.7996033525414825,-13148.66470353779,0.0035680515134334785,10.0,0.34,4200.0,0.0007018263962254038
8769.728808339989,3349.43660876224,4.406275301684785,-13592.243051900245,0.003431327031469388,11.0,0.34,4200.0,0.0007706732800448598
9266.778114789497,3344.67684338887,4.312662022364351,-13987.136153731859,0.003306310467514968,12.0,0.34,4200.0,0.0008392839819806442
9743.036242800245,3329.3581227981354,4.068077384580694,-14347.610666097811,0.0031780968820066097,13.0,0.34,4150.0,0.0009076601169563551
10199.774060313126,3278.9725764847626,3.8633240683381747,-14682.517790965598,0.003069857136777323,14.0,0.34,4150.0,0.000975803283388641
10633.54231513958,3246.5527771887464,3.6740347973051373,-14979.083686941362,0.0029691184584688555,15.0,0.34,4150.0,0.001043715063411405
11052.5033146739,3181.7806051474354,3.5069628189737423,-15257.178452359789,0.0028738595732578803,16.0,0.34,4150.0,0.0011113970230962158
11453.749416122762,3141.1734053297687,3.315494424054234,-15509.246746912359,0.002784922825740104,17.0,0.34,4150.0,0.0011788507126690004
11838.503037574665,3098.0706415033906,3.213910930580519,-15746.225446048498,0.002701596390077887,18.0,0.34,4150.0,0.0012460776667230968
12212.984072896208,3024.1396270289915,2.933667400821918,-15960.52362118377,0.0026225139540265517,19.0,0.34,4150.0,0.0013130794044287361
12568.520261020962,2978.0877155036032,2.8200033736958705,-16154.244542921384,0.002541757029919529,20.0,0.34,4100.0,0.0013798574297390284
12914.012674790505,2901.340652587018,2.764287348197618,-16338.568673378912,0.0024727336007405905,21.0,0.34,4100.0,0.0014464132315925215
13254.599329394328,2826.2089141308265,2.4808679541999723,-16511.92974329475,0.0024051259579818633,22.0,0.34,4100.0,0.0015127482841123996
13577.526149922618,2781.193031496878,2.561489175476487,-16673.705778235955,0.0023425105620588664,23.0,0.34,4100.0,0.0015788640468023894
13889.46335095356,2705.445056882841,2.4644343404169815,-16815.936296147775,0.0022838854486482473,24.0,0.34,4100.0,0.0016447619647394403
14192.668698556547,2662.6217831882695,2.3113831948272034,-16945.640648372697,0.002227764411485056,25.0,0.34,4100.0,0.0017104434687632388
14494.15588992282,2591.0406982425593,2.21821434236493,-17085.110652204217,0.0021718514116534906,26.0,0.34,4100.0,0.0017759099756626212
14780.337846493323,2519.517427319931,2.163101925559472,-17197.378826748434,0.002121000499517055,27.0,0.34,4100.0,0.001841162888358953
15055.148796403815,2480.464862738215,2.1464467756593772,-17301.380251046547,0.002073259583527091,28.0,0.34,4100.0,0.001906203596086499
15332.39056545258,2413.5374126869415,2.0150622314396203,-17406.30328897891,0.002024540430185521,29.0,0.34,4100.0,0.0019710334745699186
15597.220181882754,2347.593287829011,2.0199426520285475,-17507.553545274008,0.0019755533944936328,30.0,0.34,4050.0,0.002035653886198848
0.0,0.0,0.0,-2.628212131370674,0.005839370292254779,0.0,0.38,4300.0,0.0
1329.478538035516,1003.4161786014922,5.689932334785948,-3403.928555185703,0.005404642787935019,1.0,0.38,4300.0,7.13013232899229e-05
2371.8690483380074,1651.2350258393637,7.780434280362786,-5592.232742826163,0.005065726817363746,2.0,0.38,4300.0,0.0001423493553772791
3271.661766193844,2110.1223004554913,7.772871442898136,-7178.293474288745,0.004752567452312696,3.0,0.38,4250.0,0.00021314588947975957
4078.699938369854,2444.1771539930046,7.322228966527652,-8413.107612099324,0.004504676677909152,4.0,0.38,4250.0,0.00028369269983912767
4817.09727812577,2694.2804211435287,6.759657354720758,-9420.718225976278,0.0042846384900934705,5.0,0.38,4250.0,0.0003539915419880172
5500.331027057202,2869.400462968705,6.2941517579846895,-10265.26955336576,0.004088086461312296,6.0,0.38,4250.0,0.0004240441530120581
6138.150923151911,2994.3413541509126,5.793720236953301,-10994.142137627663,0.003909719882256597,7.0,0.38,4250.0,0.0004938522518074282
6736.362917611422,3097.549976807668,5.340346611378197,-11629.609693799008,0.0037318419713998716,8.0,0.38,4200.0,0.0005634175393339245
7299.84990452594,3154.608863874218,5.05529012332116,-12193.38148711936,0.0035849355324808134,9.0,0.38,4200.0,0.000632741698863649
7834.68467383571,3167.6981956418363,4.618980549793169,-12697.799097811869,0.003449101813463519,10.0,0.38,4200.0,0.0007018263962254038
8341.810550377624,3181.170805038008,4.244491709040999,-13151.317997775637,0.0033238400671665113,11.0,0.38,4200.0,0.0007706732800448598
8821.450990511014,3178.9628258715397,4.150399814929707,-13557.828544242839,0.0032089583936951403,12.0,0.38,4200.0,0.0008392839819806442
9281.622861672162,3166.56944519523,3.9099758731455916,-13930.374750203984,0.003100898863642825,13.0,0.38,4200.0,0.0009076601169563551
9723.457794388209,3120.561566955126,3.7159025278626228,-14278.277090010037,0.002989766324840484,14.0,0.38,4150.0,0.000975803283388641
10143.50106557259,3091.5123235490096,3.525829738907061,-14588.402051810255,0.002896464915112607,15.0,0.38,4150.0,0.001043715063411405
10549.677359367917,3031.4817002957993,3.3795275459559986,-14880.726446851178,0.002808011986493188,16.0,0.38,4150.0,0.0011113970230962158
10939.001979422852,2994.287798763447,3.1962030618958868,-15147.216675495089,0.0027252409187037423,17.0,0.38,4150.0,0.0011788507126690004
11312.64494192995,2954.6525806051823,3.0955008721198265,-15398.486340870171,0.0026475131899352973,18.0,0.38,4150.0,0.0012460776667230968
11676.66897728486,2885.391954136214,2.82281067140806,-15627.46743879329,0.0025735794702613363,19.0,0.38,4150.0,0.0013130794044287361
12022.504995927626,2842.6007458824142,2.7140498696882145,-15835.636967966704,0.0025047626986180863,20.0,0.38,4150.0,0.0013798574297390284
12358.847424944393,2770.367641659789,2.6679394906227776,-16033.840457428203,0.002439644126962635,21.0,0.38,4150.0,0.0014464132315925215
12690.750176375112,2699.5981119074418,2.392674086938404,-16221.676049892943,0.0023688764114159324,22.0,0.38,4100.0,0.0015127482841123996
13005.537970343034,2657.4846651813773,2.460566159813427,-16397.44835135228,0.0023099295598431845,23.0,0.38,4100.0,0.0015788640468023894
13309.87327656371,2585.878162439534,2.3746053635915936,-16553.72306578103,0.0022546045861858975,24.0,0.38,4100.0,0.0016447619647394403
13605.813494103219,2545.6944324742217,2.221910641292152,-16697.180693119655,0.002201560179751424,25.0,0.38,4100.0,0.0017104434687632388
13900.406715247713,2477.938646722607,2.138962245650751,-16850.18447116747,0.0021486402917683485,26.0,0.38,4100.0,0.0017759099756626212
14180.140518451472,2410.1257027835686,2.091339156762107,-16975.97102813937,0.0021004196357426266,27.0,0.38,4100.0,0.001841162888358953
14448.791333224217,2373.3303332343694,2.0792349486516755,-17093.647700932233,0.002055081951307536,28.0,0.38,4100.0,0.001906203596086499
14720.18064010031,2309.760966121195,1.9452101693808503,-17211.706180378875,0.002008758442143448,29.0,0.38,4100.0,0.0019710334745699186
14979.409867838853,2247.0605831486414,1.9396715729664726,-17325.282348397144,0.0019666500271873903,30.0,0.38,4100.0,0.002035653886198848
0.0,0.0,0.0,-2.628212131370674,0.005436497897354289,0.0,0.42000000000000004,4300.0,0.0
1241.8591184671798,936.9108428418867,5.369029199614424,-3186.9620494417904,0.00505966528538818,1.0,0.42000000000000004,4300.0,7.13013232899229e-05
2220.8629445817946,1545.085581262744,7.368652850026755,-5258.484363357464,0.004763771311628795,2.0,0.42000000000000004,4300.0,0.0001423493553772791
3069.5241442286765,1978.046285833287,7.382332257343996,-6775.523871307407,0.004486563823557117,3.0,0.42000000000000004,4250.0,0.00021314588947975957
3833.2883005880844,2294.7724006434355,6.968623984047943,-7968.260974400684,0.00426765257503351,4.0,0.42000000000000004,4250.0,0.00028369269983912767
4534.080000741452,2533.1048220552125,6.438034782323513,-8950.343830171427,0.004072365131188127,5.0,0.42000000000000004,4250.0,0.0003539915419880172
5184.101270791977,2701.069846537113,6.0043799194023375,-9780.237971968061,0.0038971104388214827,6.0,0.42000000000000004,4250.0,0.0004240441530120581
5792.247580168281,2821.8341872156875,5.536242696184497,-10502.010080596592,0.0037373900844435764,7.0,0.42000000000000004,4250.0,0.0004938522518074282
6363.719075017991,2922.092418460817,5.103421937096417,-11135.268709382028,0.003575999682081899,8.0,0.42000000000000004,4200.0,0.0005634175393339245
6902.95659183616,2978.7067917330123,4.841308764764328,-11701.113142588001,0.0034434749593044932,9.0,0.42000000000000004,4200.0,0.000632741698863649
7415.631243985471,2993.596844396714,4.423094114524437,-12210.56054573442,0.0033205006675638984,10.0,0.42000000000000004,4200.0,0.0007018263962254038
7902.449463881159,3008.7490496253404,4.069971554160575,-12671.210336865624,0.00320672239115638,11.0,0.42000000000000004,4200.0,0.0007706732800448598
8363.476995178327,3008.888549964568,3.9861166373866466,-13086.784902047977,0.003102051548646822,12.0,0.42000000000000004,4200.0,0.0008392839819806442
8806.387336318781,2999.253802197512,3.7395597595685,-13469.415240759743,0.0030033118727053353,13.0,0.42000000000000004,4200.0,0.0009076601169563551
9232.173293000504,2957.525152176658,3.5584119829528467,-13828.108273953934,0.0029109439899695135,14.0,0.42000000000000004,4200.0,0.000975803283388641
9637.391228651613,2931.7781262552394,3.368609197769365,-14149.699962356302,0.0028147327533021545,15.0,0.42000000000000004,4150.0,0.001043715063411405
10029.706442244775,2876.4174699159225,3.2402782123223157,-14454.544631555342,0.002733278729259507,16.0,0.42000000000000004,4150.0,0.0011113970230962158
10406.06836827227,2842.5814580681904,3.0655695626018264,-14733.933647288119,0.00265687896771162,17.0,0.42000000000000004,4150.0,0.0011788507126690004
10767.609667808463,2806.3764973712905,2.966459081143962,-14998.128913839158,0.002584963306562584,18.0,0.42000000000000004,4150.0,0.0012460776667230968
11120.196947678236,2741.80948418425,2.7071020996190427,-15240.585937294047,0.0025164003637994713,19.0,0.42000000000000004,4150.0,0.0013130794044287361
11455.409326594321,2702.2708612952006,2.598998100939356,-15462.201175119095,0.0024524497618325578,20.0,0.42000000000000004,4150.0,0.0013798574297390284
11781.708173787718,2634.6095878199076,2.5616810735319477,-15673.295337671254,0.002391801894992294,21.0,0.42000000000000004,4150.0,0.0014464132315925215
12104.032373012606,2568.261015525547,2.3120697952074747,-15875.239536432804,0.0023321065012201704,22.0,0.42000000000000004,4150.0,0.0015127482841123996
12409.830843904645,2529.1248236468546,2.362904172880427,-16063.990412807041,0.0022767340496001836,23.0,0.42000000000000004,4150.0,0.0015788640468023894
12705.750270526207,2461.6792374916395,2.2764333723407355,-16233.4918519102,0.002218196028289123,24.0,0.42000000000000004,4100.0,0.0016447619647394403
12993.647042036111,2424.246947403024,2.134957564997462,-16390.215128443415,0.002168444406794906,25.0,0.42000000000000004,4100.0,0.0017104434687632388
13280.560504621348,2360.3159462037415,2.0538712773571275,-16556.285522971906,0.00211873678450551,26.0,0.42000000000000004,4100.0,0.0017759099756626212
13553.100777283305,2296.301552915443,2.0112822824069263,-16695.243450153423,0.002073354186931037,27.0,0.42000000000000004,4100.0,0.001841162888358953
13814.900069019779,2261.799683923234,2.003670121533825,-16826.283996922277,0.0020306196755983837,28.0,0.42000000000000004,4100.0,0.001906203596086499
14079.707596416707,2201.7311288863207,1.8680099323105674,-16957.27251384005,0.0019868985173550698,29.0,0.42000000000000004,4100.0,0.0019710334745699186
14332.67898945265,2142.319844256371,1.8658008197121745,-17083.055508857316,0.0019470747682081581,30.0,0.42000000000000004,4100.0,0.002035653886198848
0.0,0.0,0.0,-2.628212131370674,0.005037581304952693,0.0,0.46,4300.0,0.0
1154.4979288030893,870.6507973337075,5.041133903454979,-2969.547824030029,0.004714015562034024,1.0,0.46,4300.0,7.13013232899229e-05
2069.543766142925,1438.8411634554554,6.944283558126901,-4920.752004632988,0.004458160632292927,2.0,0.46,4300.0,0.0001423493553772791
2866.110312225405,1845.330184796298,6.97761176146966,-6364.358030154268,0.004238388396995792,3.0,0.46,4300.0,0.00021314588947975957
3585.4295738472742,2144.12733894057,6.59739376497722,-7510.093895298509,0.00402345867985823,4.0,0.46,4250.0,0.00028369269983912767
4247.332926285682,2370.097414202495,6.104469420950819,-8461.895274991788,0.0038518414761170698,5.0,0.46,4250.0,0.0003539915419880172
4862.79678152168,2530.3627943973415,5.70593011496642,-9272.599446405758,0.003697116822667225,6.0,0.46,4250.0,0.0004240441530120581
5439.897898623615,2646.458109760084,5.261587793004342,-9982.974569221216,0.0035555046646585696,7.0,0.46,4250.0,0.0004938522518074282
5983.256059637818,2743.3136655913117,4.850574599961849,-10610.291900520104,0.003425812590821204,8.0,0.46,4250.0,0.0005634175393339245
6496.881247229364,2799.1043998895843,4.610801444763507,-11174.236640257433,0.003291940932328347,9.0,0.46,4200.0,0.000632741698863649
6986.043904787622,2815.5306410407056,4.212126384635013,-11685.2836885449,0.003181702273429649,10.0,0.46,4200.0,0.0007018263962254038
7451.230792290208,2832.0583693392978,3.8807893598032996,-12149.919879825742,0.003079366334991282,11.0,0.46,4200.0,0.0007706732800448598
7892.362209297923,2834.3195736301955,3.806615098238478,-12571.665667642068,0.002984927688514528,12.0,0.46,4200.0,0.0008392839819806442
8316.747696889766,2827.255159674011,3.556990346138529,-12961.735228446028,0.002895578386506334,13.0,0.46,4200.0,0.0009076601169563551
8725.255051799486,2789.696927584466,3.397712824392957,-13329.017583941473,0.0028117312960702964,14.0,0.46,4200.0,0.000975803283388641
9114.453367102084,2767.130814293898,3.2113573144773055,-13660.023672934229,0.0027332354051401585,15.0,0.46,4200.0,0.001043715063411405
9491.740020631714,2716.3941112530606,3.0893597005467925,-13975.018295083282,0.0026583691259404905,16.0,0.46,4200.0,0.0011113970230962158
9854.015478238847,2685.9189292533933,2.923734618209246,-14265.381314825441,0.0025789934430346067,17.0,0.46,4150.0,0.0011788507126690004
10202.358712335299,2653.019736260572,2.8269222229786126,-14540.813403462365,0.002513080658394034,18.0,0.46,4150.0,0.0012460776667230968
10542.442430836873,2593.164854001846,2.5815150679138745,-14795.225669669147,0.002450090839324054,19.0,0.46,4150.0,0.0013130794044287361
10866.007644623756,2556.9398220360304,2.4843680687013783,-15028.936386298752,0.0023912121154122403,20.0,0.46,4150.0,0.0013798574297390284
11181.26794416959,2493.8855818702177,2.4456389381635026,-15251.727209769553,0.0023352456298963336,21.0,0.46,4150.0,0.0014464132315925215
11493.02920786092,2431.980477494505,2.220657178985109,-15466.728562529053,0.0022800414203535606,22.0,0.46,4150.0,0.0015127482841123996
11788.90856669165,2395.825325992236,2.25884275131982,-15667.690340771638,0.002228769390155962,23.0,0.46,4150.0,0.0015788640468023894
12075.510466641921,2332.676904151999,2.181293435505788,-15849.745900305992,0.0021804037857643603,24.0,0.46,4150.0,0.0016447619647394403
12354.48325504811,2297.933046186324,2.043596882865661,-16018.754425237268,0.002133892740925414,25.0,0.46,4150.0,0.0017104434687632388
12632.840905343506,2237.997430282891,1.972708464350388,-16196.929256473595,0.0020873624361632294,26.0,0.46,4150.0,0.0017759099756626212
12897.356700870694,2177.787220310104,1.9230442169489534,-16348.381606646486,0.0020388615620848673,27.0,0.46,4100.0,0.001841162888358953
13151.51230128107,2145.6795847099443,1.9194037397746133,-16492.23827967205,0.0019989323826942063,28.0,0.46,4100.0,0.001906203596086499
13408.939334173858,2089.133367848541,1.7835711242541126,-16635.724404022338,0.0019580226504399855,29.0,0.46,4100.0,0.0019710334745699186
13654.89365963416,2033.1885384855132,1.7842741297829845,-16773.345206227576,0.0019206801797314107,30.0,0.46,4100.0,0.002035653886198848
0.0,0.0,0.0,-2.628212131370674,0.004642534253806646,0.0,0.5,4300.0,0.0
1067.3938150138356,804.6356352786609,4.706373681090598,-2751.7100145307195,0.004367731813902272,1.0,0.5,4300.0,7.13013232899229e-05
1917.9164806664173,1332.5090322589947,6.507381841993085,-4579.092783283231,0.004148942101224005,2.0,0.5,4300.0,0.0001423493553772791
2661.4223416291406,1711.9847068775846,6.563983645454009,-5944.750090140253,0.003959893785688378,3.0,0.5,4300.0,0.00021314588947975957
3335.113045355874,1992.2563549501592,6.2087947049215,-7038.5295248982875,0.0037720282778198433,4.0,0.5,4250.0,0.00028369269983912767
3956.815359052661,2205.2575976908292,5.755909087340496,-7955.1262380350745,0.0036229157288223453,5.0,0.5,4250.0,0.0003539915419880172
4536.339180159481,2357.2673782405436,5.39413679583625,-8741.886401044532,0.00348786354579889,6.0,0.5,4250.0,0.0004240441530120581
5080.968555715748,2468.184994359125,4.9780296128212225,-9436.300791462338,0.0033637311400457888,7.0,0.5,4250.0,0.0004938522518074282
5594.778713123751,2561.1652679046697,4.596732935834152,-10053.492180970054,0.0032495906107367304,8.0,0.5,4250.0,0.0005634175393339245
6081.362544599106,2615.734006031566,4.363970269308513,-10611.619980253054,0.0031440282816191283,9.0,0.5,4250.0,0.000632741698863649
6545.582992950267,2633.4039058468697,3.987895070663333,-11120.260316070693,0.0030321391876461275,10.0,0.5,4200.0,0.0007018263962254038
6987.730405496678,2650.989170645461,3.6771300766906547,-11585.378879152464,0.002941134558494281,11.0,0.5,4200.0,0.0007706732800448598
7407.598174223439,2655.128537991803,3.6120713596019165,-12010.03785205487,0.0028568868882414334,12.0,0.5,4200.0,0.0008392839819806442
7812.10089889854,2650.4232005176245,3.3670867055083273,-12404.530123974626,0.002776941285568183,13.0,0.5,4200.0,0.0009076601169563551
8202.003916075488,2616.9074511207064,3.226465560925149,-12777.579920419812,0.0027016782035116293,14.0,0.5,4200.0,0.000975803283388641
8573.899127922004,2597.388349048907,3.0421942368910573,-13115.551481282862,0.0026310423766968665,15.0,0.5,4200.0,0.001043715063411405
8934.886482462374,2551.2128177321097,2.9269258220524046,-13438.613568067813,0.002563483941946139,16.0,0.5,4200.0,0.0011113970230962158
9281.843955058914,2524.023401458991,2.770847530011027,-13737.595839021167,0.002499828776727208,17.0,0.5,4200.0,0.0011788507126690004
9615.79769037188,2494.3564469387034,2.677034907725055,-14021.898003584574,0.0024396616138499198,18.0,0.5,4200.0,0.0012460776667230968
9942.209128088065,2439.223523779325,2.4461896718935807,-14286.374501237675,0.0023736733062254276,19.0,0.5,4150.0,0.0013130794044287361
10253.002072061916,2406.289662679237,2.3626464889606993,-14530.479845283822,0.0023200500471213165,20.0,0.5,4150.0,0.0013798574297390284
10556.132526595939,2347.9009077912265,2.321108243938161,-14763.438683880202,0.0022689565594793976,21.0,0.5,4150.0,0.0014464132315925215
10856.232657302999,2290.523905273913,2.1184823087294884,-14990.017763428754,0.0022184492406975187,22.0,0.5,4150.0,0.0015127482841123996
11141.152022727418,2257.295750264922,2.145411018797034,-15201.845205475278,0.0021714757389445635,23.0,0.5,4150.0,0.0015788640468023894
11417.436032443815,2198.525787394026,2.078472379929969,-15395.313328127944,0.002127045134673954,24.0,0.5,4150.0,0.0016447619647394403
11686.504226955176,2166.4826254518507,1.943339110541817,-15575.800510004912,0.002084245627816577,25.0,0.5,4150.0,0.0017104434687632388
11955.314048596114,2110.621109570506,1.881956840454646,-15765.294643556786,0.0020413580448085393,26.0,0.5,4150.0,0.0017759099756626212
12210.887147231491,2054.3945572174725,1.8267443188146948,-15928.354840870546,0.002002038311645771,27.0,0.5,4150.0,0.001841162888358953
12456.50636185545,2024.6403184671656,1.8265540673451566,-16083.636373988506,0.00196487597501344,28.0,0.5,4150.0,0.001906203596086499
12705.635927669906,1971.7533085243808,1.692008553672131,-16239.05065230107,0.0019267537409905675,29.0,0.5,4150.0,0.0019710334745699186
12943.738217338667,1919.3116334057247,1.6952054970768524,-16387.772825182787,0.0018863873468608944,30.0,0.5,4100.0,0.002035653886198848
0.0,0.0,0.0,-2.628212131370674,0.004251273459585516,0.0,0.54,4300.0,0.0
980.5461859058665,738.8643934996949,4.3668485144516165,-2533.4720416041964,0.004020851458844397,1.0,0.54,4300.0,7.13013232899229e-05
1765.9867522683226,1226.0954617857863,6.060463675413481,-4233.564624574632,0.0038361638528370354,2.0,0.54,4300.0,0.0001423493553772791
2455.4665596576965,1578.026245272864,6.133047171973613,-5516.676628403278,0.0036756542900824745,3.0,0.54,4300.0,0.00021314588947975957
3082.32825840339,1839.1828692638712,5.80821540601054,-6553.499649034384,0.0035132993165413484,4.0,0.54,4250.0,0.00028369269983912767
3662.490186718331,2038.5917228087378,5.396314454429762,-7429.802478137295,0.003385440199681482,5.0,0.54,4250.0,0.0003539915419880172
4204.651024415749,2181.77659450517,5.066708563613846,-8187.63969779254,0.0032691110979921638,6.0,0.54,4250.0,0.0004240441530120581
4715.328545880463,2286.992288272202,4.677119914795683,-8861.257438206012,0.0031617357590123605,7.0,0.54,4250.0,0.0004938522518074282
5198.092890180196,2375.6049313178473,4.328710121090953,-9463.730224377607,0.00306260787047013,8.0,0.54,4250.0,0.0005634175393339245
5656.1330572032675,2428.5321353432655,4.1073469054203615,-10011.829679106086,0.0029705855819258486,9.0,0.54,4250.0,0.000632741698863649
6093.907167989959,2447.1038785006813,3.764555154820173,-10514.020290390414,0.0028843054722910984,10.0,0.54,4250.0,0.0007018263962254038
6511.522316118988,2465.4652026130657,3.459188492047106,-10975.460915386277,0.0027913612179248093,11.0,0.54,4200.0,0.0007706732800448598
6908.6623047398625,2471.187187683558,3.40267302473901,-11399.38110888056,0.002717191993093485,12.0,0.54,4200.0,0.0008392839819806442
7291.834278057999,2468.6121087380425,3.170315785239303,-11794.876820504032,0.0026465974595903173,13.0,0.54,4200.0,0.0009076601169563551
7661.707228015549,2438.998077851947,3.0520557332331286,-12170.458959774514,0.0025799213148888383,14.0,0.54,4200.0,0.000975803283388641
8014.901924964685,2422.3653856530664,2.869899034364988,-12512.429130893506,0.002517185003274967,15.0,0.54,4200.0,0.001043715063411405
8358.217674217933,2380.676825293625,2.7531388095567033,-12840.726083964364,0.002457009957099918,16.0,0.54,4200.0,0.0011113970230962158
8688.516974678805,2356.670872500943,2.6070657101015366,-13145.933688209181,0.0024001686560344293,17.0,0.54,4200.0,0.0011788507126690004
9006.781197914663,2330.188590538799,2.516949209777587,-13436.571646819837,0.0023463042254496342,18.0,0.54,4200.0,0.0012460776667230968
9318.229007900063,2279.8178433700764,2.3100473709278475,-13708.751138349915,0.0022945547220047926,19.0,0.54,4200.0,0.0013130794044287361
9615.014421318712,2250.0622900360513,2.230286857950576,-13961.077399928741,0.0022459776006190702,20.0,0.54,4200.0,0.0013798574297390284
9904.80606160847,2196.376517982772,2.1974753358751946,-14202.258205058737,0.0021918012717929824,21.0,0.54,4150.0,0.0014464132315925215
10192.037068262505,2143.572152091769,2.0056854450736172,-14438.537135479979,0.0021461717358355866,22.0,0.54,4150.0,0.0015127482841123996
10464.843963923367,2113.2785861896064,2.022745211782869,-14659.509496753984,0.0021036742665968074,23.0,0.54,4150.0,0.0015788640468023894
10729.688354597729,2058.946498795918,1.9656257093082004,-14862.850466327902,0.0020633648038729737,24.0,0.54,4150.0,0.0016447619647394403
10987.756018739661,2029.683643000303,1.834315336258278,-15053.406210704641,0.002024468294078119,25.0,0.54,4150.0,0.0017104434687632388
11245.921835499024,1977.9157583648228,1.7817462542867726,-15252.836659235487,0.0019854226086567003,26.0,0.54,4150.0,0.0017759099756626212
11491.500842619727,1925.751142663621,1.7225079604454625,-15426.418770789474,0.001949544653706201,27.0,0.54,4150.0,0.001841162888358953
11727.583522675293,1898.3960066381803,1.725246416862399,-15591.843307594776,0.001915580315239829,28.0,0.54,4150.0,0.001906203596086499
11967.391210791744,1849.2653843456826,1.6032475684019813,-15758.699794605483,0.0018806812667191387,29.0,0.54,4150.0,0.0019710334745699186
12196.671210831508,1800.468103443426,1.609484105070836,-15917.60440181262,0.0018487049444600185,30.0,0.54,4150.0,0.002035653886198848
0.0,0.0,0.0,-2.628212131370674,0.0038637184734260917,0.0,0.5800000000000001,4300.0,0.0
893.9514941497655,673.3352870658532,4.021110242878491,-2314.856811286183,0.0036734110653023704,1.0,0.5800000000000001,4300.0,7.13013232899229e-05
1613.7607565298351,1119.6096167131961,5.604072573341555,-3884.2259294089818,0.00351987508941638,2.0,0.5800000000000001,4300.0,0.0001423493553772791
2248.247763775398,1443.4656511665048,5.685176106247249,-5080.1726356648505,0.0033856788641607595,3.0,0.5800000000000001,4300.0,0.00021314588947975957
2827.0687328982094,1684.9054189619997,5.396115180156173,-6055.1506945982255,0.0032655506077809513,4.0,0.5800000000000001,4300.0,0.00028369269983912767
3364.323413384414,1870.1089151020656,5.018448469685721,-6885.701855709347,0.0031392723532057886,5.0,0.5800000000000001,4250.0,0.0003539915419880172
3867.659374311493,2003.8889393056636,4.721471445894917,-7609.414880156946,0.0030406227038749785,6.0,0.5800000000000001,4250.0,0.0004240441530120581
4342.856847038406,2102.8643601271465,4.358296880556672,-8257.124051788349,0.0029491839116191506,7.0,0.5800000000000001,4250.0,0.0004938522518074282
4793.012823293311,2186.6005481937104,4.042373255095959,-8839.967560926285,0.0028644321523502987,8.0,0.5800000000000001,4250.0,0.0005634175393339245
5220.932999794935,2237.4459658505807,3.8451420396330818,-9373.310835362354,0.0027854599796138897,9.0,0.5800000000000001,4250.0,0.000632741698863649
5630.67114517915,2256.557312643206,3.52533297901681,-9864.684303120695,0.0027111448641388668,10.0,0.5800000000000001,4250.0,0.0007018263962254038
6022.172529955822,2275.3905972251346,3.2318923927844825,-10318.378819371988,0.002641485797542339,11.0,0.5800000000000001,4250.0,0.0007706732800448598
6395.033080082478,2282.382250430464,3.1786185339341357,-10737.141489126625,0.0025765788100800707,12.0,0.5800000000000001,4250.0,0.0008392839819806442
6755.322460698497,2281.6880629732464,2.9693307779136147,-11129.742753396938,0.0025036974459548807,13.0,0.5800000000000001,4200.0,0.0009076601169563551
7103.626009345484,2255.880084320204,2.862642603838201,-11504.17114777425,0.002445540858605212,14.0,0.5800000000000001,4200.0,0.000975803283388641
7436.622865797446,2241.890856545065,2.6864229081003623,-11846.723882423168,0.0023906790219963424,15.0,0.5800000000000001,4200.0,0.001043715063411405
7760.775213398735,2204.6518805386713,2.5745650580546795,-12176.960514876977,0.0023379031506376166,16.0,0.5800000000000001,4200.0,0.0011113970230962158
8072.9598333490485,2183.655196151244,2.436040707710777,-12485.307198126291,0.0022879231349686884,17.0,0.5800000000000001,4200.0,0.0011788507126690004
8374.11040832848,2160.322055562894,2.355042191711381,-12779.409201215516,0.0022404362469948397,18.0,0.5800000000000001,4200.0,0.0012460776667230968
8669.183954338656,2114.655078250841,2.165051989423794,-13056.60320502564,0.0021946952802736775,19.0,0.5800000000000001,4200.0,0.0013130794044287361
8950.603349993455,2088.0108836494273,2.0875263919884546,-13314.655121936936,0.0021516579721289953,20.0,0.5800000000000001,4200.0,0.0013798574297390284
9225.720185809452,2039.0572143092843,2.062405508070032,-13562.044590573285,0.0021104782111829126,21.0,0.5800000000000001,4200.0,0.0014464132315925215
9498.732033253178,1990.8583205412267,1.8900464106568216,-13805.220774472757,0.002069543006924161,22.0,0.5800000000000001,4200.0,0.0015127482841123996
9758.149172124911,1963.5631293600966,1.890988392952525,-14033.12463353946,0.00203139524827997,23.0,0.5800000000000001,4200.0,0.0015788640468023894
10010.306827992923,1913.7237205468296,1.8428963561764378,-14244.349637879815,0.0019880179252198854,24.0,0.5800000000000001,4150.0,0.0016447619647394403
10256.151501157621,1887.1955689946567,1.7166631338048912,-14443.149033304078,0.00195319170713551,25.0,0.5800000000000001,4150.0,0.0017104434687632388
10502.430211747835,1839.6585653625423,1.672214360689002,-14650.704862524071,0.0019181658157864916,26.0,0.5800000000000001,4150.0,0.0017759099756626212
10736.8480750461,1791.60679477299,1.6104660882898945,-14833.187458116663,0.0018859076377971485,27.0,0.5800000000000001,4150.0,0.001841162888358953
10962.267064952692,1766.6994308253272,1.6156126778981026,-15007.268865155114,0.0018553177502382133,28.0,0.5800000000000001,4150.0,0.001906203596086499
11191.59175150148,1721.384504721468,1.5080049773093158,-15184.052821096178,0.001823832358503993,29.0,0.5800000000000001,4150.0,0.0019710334745699186
11410.963465522907,1676.3182901736614,1.516246089926546,-15351.90642445688,0.0017949119796498237,30.0,0.5800000000000001,4150.0,0.002035653886198848
0.0,0.0,0.0,-2.628212131370674,0.0034797915478382607,0.0,0.62,4300.0,0.0
807.6097748771343,608.0490149477421,3.6684308174510547,-2095.8866820525145,0.003325446334436122,1.0,0.62,4300.0,7.13013232899229e-05
1461.2451228040002,1013.0609632778556,5.134320496157784,-3531.135929183758,0.0032001258062663252,2.0,0.62,4300.0,0.0001423493553772791
2039.7727894305356,1308.3216148310123,5.223697170662494,-4635.278081474666,0.0030899799091735018,3.0,0.62,4300.0,0.00021314588947975957
2569.3312108597643,1529.4442777635338,4.965326362903553,-5543.247430916519,0.0029908771187502244,4.0,0.62,4300.0,0.00028369269983912767
3062.2871727566835,1699.824181740701,4.627862661048771,-6322.6489401251965,0.002900336738324116,5.0,0.62,4300.0,0.0003539915419880172
3525.2988953865665,1823.6111431132072,4.3624342466687205,-7006.784287512601,0.0028021659339568694,6.0,0.62,4250.0,0.0004240441530120581
3963.439282521836,1915.795067695512,4.028039276792027,-7623.19570732319,0.002725742066347369,7.0,0.62,4250.0,0.0004938522518074282
4379.356953600071,1994.1285879376915,3.7411137047259237,-8181.175584538898,0.0026546272660101355,8.0,0.62,4250.0,0.0005634175393339245
4775.510295674577,2042.4343979942469,3.563948902645197,-8694.668712325205,0.0025881140921365843,9.0,0.62,4250.0,0.000632741698863649
5155.542072381197,2061.7049873646656,3.268466310603027,-9170.30164927362,0.002525294443077837,10.0,0.62,4250.0,0.0007018263962254038
5519.257934391877,2080.6516029540985,3.004095054064547,-9611.612392206574,0.0024662094774035794,11.0,0.62,4250.0,0.0007706732800448598
5866.182387886465,2088.645562204727,2.946112206829641,-10020.86463437455,0.002410975574255707,12.0,0.62,4250.0,0.0008392839819806442
6201.929928438597,2089.521318102603,2.7602446986278997,-10406.298175730772,0.0023581040707726987,13.0,0.62,4250.0,0.0009076601169563551
6527.018970210419,2067.334535450442,2.6580063153036115,-10775.111634914909,0.0023078494441644364,14.0,0.62,4250.0,0.000975803283388641
6838.195546795469,2055.7985739814353,2.4976312989529723,-11114.326819391237,0.002250473465566014,15.0,0.62,4200.0,0.001043715063411405
7141.566322730403,2022.918182715234,2.387056143106983,-11442.699428044041,0.0022050411361396317,16.0,0.62,4200.0,0.0011113970230962158
7434.053204394351,2004.774397339675,2.259874305556642,-11750.588656835971,0.0021619035284577677,17.0,0.62,4200.0,0.0011788507126690004
7716.535824939833,1984.4773474022768,2.183504041305247,-12044.770645200624,0.0021208084119967883,18.0,0.62,4200.0,0.0012460776667230968
7993.688866308469,1943.4882354648973,2.0087960638497484,-12323.722544268618,0.002081117963579044,19.0,0.62,4200.0,0.0013130794044287361
8258.247032822228,1919.9504821151675,1.944243291163156,-12584.44302315436,0.0020436851449654194,20.0,0.62,4200.0,0.0013798574297390284
8517.215772636257,1875.761735916857,1.916060972839499,-12835.267793556995,0.0020077727076996065,21.0,0.62,4200.0,0.0014464132315925215
8774.520410189205,1832.190876631482,1.7659564761173965,-13082.456842440988,0.001971988623879915,22.0,0.62,4200.0,0.0015127482841123996
9019.129438979207,1807.793830025691,1.7602331579608252,-13314.663377300436,0.0019385890194941707,23.0,0.62,4200.0,0.0015788640468023894
9257.207280801693,1762.536473422709,1.711555461392525,-13531.249917604524,0.001906725869163431,24.0,0.62,4200.0,0.0016447619647394403
9489.461492813862,1738.7140189012327,1.5936215682370893,-13736.186839272705,0.0018758545093729327,25.0,0.62,4200.0,0.0017104434687632388
9722.470542198049,1695.4751945556766,1.5535060974179207,-13949.336067228127,0.0018447761100034365,26.0,0.62,4200.0,0.0017759099756626212
9944.403079684562,1651.6738347569074,1.4993120663720874,-14138.456333206595,0.0018095254317420058,27.0,0.62,4150.0,0.001841162888358953
10157.886798164249,1629.176995559092,1.5054875726639543,-14319.228016271067,0.001782463832395486,28.0,0.62,4150.0,0.001906203596086499
10375.416808499087,1587.8213414636557,1.4038382601724446,-14503.938615966785,0.0017545588772399563,29.0,0.62,4150.0,0.0019710334745699186
10583.628636401785,1546.598212415171,1.4135906025647673,-14678.942586947254,0.0017288611487965568,30.0,0.62,4150.0,0.002035653886198848
0.0,0.0,0.0,-2.628212131370674,0.0030994174986891014,0.0,0.66,4300.0,0.0
721.5193634164013,543.0045116764173,3.3089820995307972,-1876.583504551818,0.0029769921602673098,1.0,0.66,4300.0,7.13013232899229e-05
1308.4470188846253,906.4581556089572,4.65036648389531,-3174.3545866401982,0.0028769669321033085,2.0,0.66,4300.0,0.0001423493553772791
1830.0532405340664,1172.6108709270927,4.744507437016643,-4182.0380114260115,0.002788573472075384,3.0,0.66,4300.0,0.00021314588947975957
2309.116279281843,1372.819125808636,4.518001049808173,-5017.731307584341,0.002708643864608862,4.0,0.66,4300.0,0.00028369269983912767
2756.3604425158096,1527.7583587540605,4.220631444974147,-5740.611004812352,0.0026352805655988267,5.0,0.66,4300.0,0.0003539915419880172
3177.510569369669,1640.9574367489377,3.9840886901117556,-6379.338281892924,0.002553514265771556,6.0,0.66,4250.0,0.0004240441530120581
3576.9684528131675,1725.7880509998881,3.685892915094292,-6958.7848801119835,0.002491079995365287,7.0,0.66,4250.0,0.0004938522518074282
3956.9625560608047,1798.1791988605505,3.431413219800916,-7486.3407536207815,0.0024327556213318067,8.0,0.66,4250.0,0.0005634175393339245
4319.61911958539,1843.469681877024,3.2640197307577203,-7974.518533525799,0.0023780024111527487,9.0,0.66,4250.0,0.000632741698863649
4668.188148541236,1862.498359882918,2.9941960006634005,-8429.072066379435,0.0023261016422951213,10.0,0.66,4250.0,0.0007018263962254038
5002.35387562052,1881.180859727746,2.764897416063023,-8852.836745292705,0.002277119965457367,11.0,0.66,4250.0,0.0007706732800448598
5321.589530215502,1889.8757332238442,2.707371409973797,-9247.618850707528,0.002231181164384384,12.0,0.66,4250.0,0.0008392839819806442
5631.028512627577,1892.0082663936726,2.537329212650505,-9621.269529196135,0.0021870714821334318,13.0,0.66,4250.0,0.0009076601169563551
5931.130297534182,1873.2308295813161,2.4383559605714624,-9979.84042006248,0.0021450038401917755,14.0,0.66,4250.0,0.000975803283388641
6218.745530974926,1864.00850029361,2.296993931709972,-10311.326449767766,0.002105124775932846,15.0,0.66,4250.0,0.001043715063411405
6499.591337612343,1835.2878451552015,2.1907903009209098,-10633.236597703326,0.002066522040389427,16.0,0.66,4250.0,0.0011113970230962158
6770.658207659853,1819.8950336482235,2.0713355076543967,-10936.393827021617,0.0020208295840039173,17.0,0.66,4200.0,0.0011788507126690004
7032.780903981567,1802.4540965925964,2.000480313710545,-11226.71207649255,0.001986065875321047,18.0,0.66,4200.0,0.0012460776667230968
7290.32350862048,1766.1023437207405,1.8468233769689826,-11503.578664392648,0.001952398410737363,19.0,0.66,4200.0,0.0013130794044287361
7536.377390430342,1745.6117710971191,1.7886778573507927,-11763.337011983007,0.0019205696465906122,20.0,0.66,4200.0,0.0013798574297390284
7777.567649072836,1706.1806168667847,1.7631569587389797,-12014.094100838178,0.0018899503045890981,21.0,0.66,4200.0,0.0014464132315925215
8017.514761297743,1667.2596891851165,1.6295160984488422,-12261.881794032844,0.0018593656500633263,22.0,0.66,4200.0,0.0015127482841123996
8245.742640076553,1645.719507871335,1.618665096952388,-12495.158952578073,0.001830773046581846,23.0,0.66,4200.0,0.0015788640468023894
8468.190609921443,1605.088350349908,1.578925596219482,-12714.08674273335,0.0018034123789019644,24.0,0.66,4200.0,0.0016447619647394403
8685.327766905255,1584.0403722726285,1.4727544551031768,-12922.54101377791,0.0017768545866657418,25.0,0.66,4200.0,0.0017104434687632388
8903.50713203283,1545.1351960785141,1.4333797102745998,-13138.590728890835,0.0017500621030766578,26.0,0.66,4200.0,0.0017759099756626212
9111.475636514917,1505.6287473563339,1.384234294842424,-13331.823922655676,0.0017252687878880017,27.0,0.66,4200.0,0.001841162888358953
9311.589164468081,1485.620063247562,1.388387804075358,-13516.588312943226,0.0017016805301532712,28.0,0.66,4200.0,0.001906203596086499
9515.840256347636,1448.2593490123634,1.2908936334398209,-13706.440194291798,0.0016772733793887578,29.0,0.66,4200.0,0.0019710334745699186
9711.486485651452,1410.9698077563012,1.3016643389571183,-13886.067789077351,0.0016547761487890988,30.0,0.66,4200.0,0.002035653886198848
0.0,0.0,0.0,-2.628212131370674,0.0027225236193639496,0.0,0.7000000000000001,4300.0,0.0
635.677830481175,478.19996588044603,2.9439854305919813,-1656.9686270663806,0.002628082682179947,1.0,0.7000000000000001,4300.0,7.13013232899229e-05
1155.3742588898385,799.8098725566912,4.154958614429661,-2813.942606033641,0.002550450276007409,2.0,0.7000000000000001,4300.0,0.0001423493553772791
1619.098956693328,1036.3549411886406,4.2498678263465335,-3720.50244128918,0.002481479350022548,3.0,0.7000000000000001,4300.0,0.00021314588947975957
2046.4266826540766,1215.0570376783087,4.059598407074103,-4478.574767553611,0.0024188065303310823,4.0,0.7000000000000001,4300.0,0.00028369269983912767
2446.526775674476,1353.9390742193264,3.797084221587953,-5139.229423506564,0.0023610198311104997,5.0,0.7000000000000001,4300.0,0.0003539915419880172
2824.2456726642267,1455.9523657066004,3.590738111824291,-5726.976019988957,0.0023075454841574796,6.0,0.7000000000000001,4300.0,0.0004240441530120581
3183.3472928992774,1532.8597911313425,3.3239257490289047,-6263.235123876191,0.002257370294537797,7.0,0.7000000000000001,4300.0,0.0004938522518074282
3525.672823872881,1598.7565920526945,3.1019747214324696,-6754.472895158549,0.002198380590081096,8.0,0.7000000000000001,4250.0,0.0005634175393339245
3853.034068243812,1640.543302428506,2.947301241335687,-7211.490771350254,0.0021545750967198046,9.0,0.7000000000000001,4250.0,0.000632741698863649
4168.297463245783,1658.9141347493628,2.7074008733843278,-7639.203786523678,0.002112901703905372,10.0,0.7000000000000001,4250.0,0.0007018263962254038
4471.051288328457,1676.9319383257737,2.506831787064505,-8039.796353389633,0.0020734392237375565,11.0,0.7000000000000001,4250.0,0.0007706732800448598
4760.743686023153,1685.9814950360487,2.4523038340347,-8414.656536971917,0.0020363074064625466,12.0,0.7000000000000001,4250.0,0.0008392839819806442
5041.995592569177,1689.1222552371482,2.297813786708205,-8771.155545969108,0.002000543996554064,13.0,0.7000000000000001,4250.0,0.0009076601169563551
5315.219076412474,1673.4680404097007,2.2039118959523756,-9114.2681585139,0.001966321447322915,14.0,0.7000000000000001,4250.0,0.000975803283388641
5577.403405116612,1666.328819813185,2.0875376873125244,-9433.222065479204,0.0019337928006543915,15.0,0.7000000000000001,4250.0,0.001043715063411405
5833.836761503117,1641.619116171924,1.9851314185996545,-9743.976093935249,0.0019022087221773896,16.0,0.7000000000000001,4250.0,0.0011113970230962158
6081.624590283054,1628.8328528302,1.877698071465465,-10037.40357509868,0.0018720880897669474,17.0,0.7000000000000001,4250.0,0.0011788507126690004
6321.543569766492,1614.0724448292765,1.8136347297154205,-10319.339357604724,0.0018432445930311933,18.0,0.7000000000000001,4250.0,0.0012460776667230968
6557.623149357244,1582.3628181986212,1.675826918526258,-10589.432556017717,0.0018152212360645686,19.0,0.7000000000000001,4250.0,0.0013130794044287361
6783.37634428653,1564.7565741541416,1.6210174669581638,-10843.819631392224,0.0017806867403645987,20.0,0.7000000000000001,4200.0,0.0013798574297390284
7004.995493506048,1530.078248487065,1.6025766898285447,-11090.35513926504,0.0017553106597832135,21.0,0.7000000000000001,4200.0,0.0014464132315925215
7225.764798333788,1495.8136434620064,1.482405662951263,-11334.639672360026,0.0017299002477521139,22.0,0.7000000000000001,4200.0,0.0015127482841123996
7435.866776521265,1477.1561975313964,1.4663083227138023,-11565.09916398544,0.0017061054110480366,23.0,0.7000000000000001,4200.0,0.0015788640468023894
7640.953710293717,1441.2069906976947,1.4345954027673364,-11782.647260624639,0.00168326476084973,24.0,0.7000000000000001,4200.0,0.0016447619647394403
7841.272432223124,1422.8160114706384,1.345029298985173,-11990.977777861131,0.0016610529153797645,25.0,0.7000000000000001,4200.0,0.0017104434687632388
8042.8837943235085,1388.3400000074685,1.3043771637373196,-12206.322852072408,0.0016385949668696479,26.0,0.7000000000000001,4200.0,0.0017759099756626212
8235.216268190848,1353.2486605639715,1.2641012060819539,-12400.362501451775,0.001617760509390344,27.0,0.7000000000000001,4200.0,0.001841162888358953
8420.347735738958,1335.654008414232,1.2610819704062892,-12586.137158729674,0.0015979035932984125,28.0,0.7000000000000001,4200.0,0.001906203596086499
8609.647104701904,1302.4250374286594,1.1693236439361412,-12778.030451427818,0.0015773132759284822,29.0,0.7000000000000001,4200.0,0.0019710334745699186
8791.116613878421,1269.194637114862,1.1806213680934843,-12959.445124944607,0.0015582826843281395,30.0,0.7000000000000001,4200.0,0.002035653886198848
0.0,0.0,0.0,-2.628212131370674,0.0023490395588871915,0.0,0.74,4300.0,0.0
550.086459007731,413.6372406135864,2.572758691459103,-1437.0628112644335,0.0022787513008487793,1.0,0.74,4300.0,7.13013232899229e-05
1002.0353497564718,693.1282745668018,3.6468314743459214,-2449.961567735576,0.002220628478207678,2.0,0.74,4300.0,0.0001423493553772791
1406.9232402104158,899.5728295056684,3.741416923611005,-3250.726537531147,0.0021687211430337764,3.0,0.74,4300.0,0.00021314588947975957
1781.272900732834,1056.1901070521703,3.5836622918053243,-3925.761747793331,0.002121327320874668,4.0,0.74,4300.0,0.00028369269983912767
2132.7771818662563,1178.40111604062,3.356725675631037,-4518.348180370944,0.002077433060714978,5.0,0.74,4300.0,0.0003539915419880172
2465.4649307483005,1268.630785456991,3.1797550063851685,-5049.073187943082,0.0020366418089301877,6.0,0.74,4300.0,0.0004240441530120581
2782.494187045753,1337.0417141894234,2.94340899455399,-5536.190655079699,0.0019982139365460096,7.0,0.74,4300.0,0.0004938522518074282
3085.353352968821,1395.887175390823,2.751984026853364,-5984.735844437295,0.0019620571966380844,8.0,0.74,4300.0,0.0005634175393339245
3375.5563044991795,1433.6671046741117,2.616209675219094,-6404.24764255857,0.0019172807795016767,9.0,0.74,4250.0,0.000632741698863649
3655.583197270213,1450.9519110192587,2.410441920173143,-6798.923938246393,0.0018850222656646549,10.0,0.74,4250.0,0.0007018263962254038
3924.969100687884,1467.8929685288394,2.2301624125333355,-7170.247134308389,0.0018543727857610476,11.0,0.74,4250.0,0.0007706732800448598
4183.157645541593,1476.9295474310707,2.1796628406865275,-7519.223796266786,0.0018254400921716937,12.0,0.74,4250.0,0.0008392839819806442
4434.232627137098,1480.7526504477935,2.0419426049582783,-7852.64831549408,0.0017974881937600226,13.0,0.74,4250.0,0.0009076601169563551
4678.559837465074,1467.9776078392604,1.959222409099038,-8174.504173244575,0.0017706507028097587,14.0,0.74,4250.0,0.000975803283388641
4913.31363745998,1462.6672764348023,1.8612626819681386,-8475.2741392807,0.0017450736454410608,15.0,0.74,4250.0,0.001043715063411405
5143.308726586744,1441.8080270839055,1.7694571284181992,-8769.266232840011,0.0017201629108841718,16.0,0.74,4250.0,0.0011113970230962158
5365.806083455919,1431.4325327360657,1.670844309902182,-9047.651413638174,0.0016963439467601506,17.0,0.74,4250.0,0.0011788507126690004
5581.527171344588,1419.267007902195,1.6133201755858408,-9316.201011800797,0.0016734717722994147,18.0,0.74,4250.0,0.0012460776667230968
5794.129015646699,1392.071659366946,1.4919751176346356,-9574.558527794485,0.0016511869964096965,19.0,0.74,4250.0,0.0013130794044287361
5997.617379237285,1377.2355091498582,1.4483969520922417,-9818.69204896532,0.0016300210398998934,20.0,0.74,4250.0,0.0013798574297390284
6197.694454364328,1347.3261069612897,1.4289943579114417,-10055.955318346125,0.0016095468517429668,21.0,0.74,4250.0,0.0014464132315925215
6397.274933477431,1317.7246531489002,1.329324897593733,-10291.702346807797,0.0015889998540851438,22.0,0.74,4250.0,0.0015127482841123996
6587.323221088402,1301.8114481026282,1.3043436895654077,-10514.549851722892,0.0015697309566071154,23.0,0.74,4250.0,0.0015788640468023894
6773.131970719695,1270.5856815629045,1.2787500004533014,-10726.081557039368,0.0015511767315597625,24.0,0.74,4250.0,0.0016447619647394403
6954.737813917747,1254.8687431565413,1.204677700413373,-10929.85039551949,0.001526260045569526,25.0,0.74,4200.0,0.0017104434687632388
7137.829932024863,1224.8565762158914,1.1643558503540077,-11140.09009368722,0.00150810792723678,26.0,0.74,4200.0,0.0017759099756626212
7312.658086856923,1194.2319819861307,1.1321149493500082,-11330.824468207116,0.0014912250360866466,27.0,0.74,4200.0,0.001841162888358953
7480.99799595633,1179.1093529850746,1.1237406015386937,-11513.68557866868,0.0014751053325554825,28.0,0.74,4200.0,0.001906203596086499
7653.446581556458,1150.0623434542545,1.0399837275819115,-11703.501127203337,0.0014583527728020493,29.0,0.74,4200.0,0.0019710334745699186
7818.921420423159,1120.9626993283825,1.0516703004880241,-11882.898416697048,0.0014428260239521507,30.0,0.74,4200.0,0.002035653886198848
0.0,0.0,0.0,-2.628212131370674,0.0019788972108314555,0.0,0.78,4300.0,0.0
464.74229248630894,349.3139155850944,2.194661225647479,-1216.8865214031393,0.0019290306167159491,1.0,0.78,4300.0,7.13013232899229e-05
848.4392777393524,586.4242748097006,3.1241210946511755,-2082.473432589235,0.0018875551317334162,2.0,0.78,4300.0,0.0001423493553772791
1193.5435461153422,762.2925189800807,3.2145273960107024,-2772.7707657863793,0.0018503263082715656,3.0,0.78,4300.0,0.00021314588947975957
1513.6671625284819,896.2499378986936,3.086910261790698,-3359.288808968682,0.0018161752334436617,4.0,0.78,4300.0,0.00028369269983912767
1815.111602845525,1001.1874936527165,2.8963345007819847,-3877.8329428568322,0.0017844075704753783,5.0,0.78,4300.0,0.0003539915419880172
2101.1422597096303,1079.0398092984071,2.7484034573616594,-4345.272793599841,0.0017547628060102774,6.0,0.78,4300.0,0.0004240441530120581
2374.3463823623674,1138.384572354594,2.5461727912602266,-4776.789757156825,0.001726725953496733,7.0,0.78,4300.0,0.0004938522518074282
2635.8868105572537,1189.6267686285898,2.3851091331237018,-5176.3565607554265,0.0017002471209099956,8.0,0.78,4300.0,0.0005634175393339245
2887.005280020503,1222.903797962291,2.265422160823019,-5551.810729710509,0.0016751185608622834,9.0,0.78,4300.0,0.000632741698863649
3129.7945422192665,1238.641325896335,2.0931325392606612,-5906.634572983065,0.0016510520406756131,10.0,0.78,4300.0,0.0007018263962254038
3363.7648939044934,1254.0834180658576,1.935584662541259,-6241.974198743257,0.0016191155568083346,11.0,0.78,4250.0,0.0007706732800448598
3588.382487329236,1262.7275278729494,1.8897156056063888,-6558.58515494036,0.0015976452106148229,12.0,0.78,4250.0,0.0008392839819806442
3807.1778651446148,1266.8870769348966,1.7699714886517217,-6862.444905720877,0.0015768397893874055,13.0,0.78,4250.0,0.0009076601169563551
4020.469354677731,1256.7410413763084,1.7037850586744812,-7156.635783598547,0.001556797169675854,14.0,0.78,4250.0,0.000975803283388641
4225.66605772502,1252.9875333735463,1.618417546530713,-7432.930825388692,0.0015376454237162748,15.0,0.78,4250.0,0.001043715063411405
4427.050461437739,1235.853506177748,1.54089597393599,-7703.872843375437,0.0015189353963146607,16.0,0.78,4250.0,0.0011113970230962158
4622.09945325887,1227.6280654436093,1.4553484974327693,-7961.147168531279,0.0015009986918335142,17.0,0.78,4250.0,0.0011788507126690004
4811.465757212135,1217.8728084767886,1.404155265033343,-8210.288597664054,0.0014837272969497168,18.0,0.78,4250.0,0.0012460776667230968
4998.401786955488,1195.1046553872657,1.3014511681847285,-8450.962600762869,0.0014668513682027937,19.0,0.78,4250.0,0.0013130794044287361
5177.489036421023,1182.9664761716194,1.2622778417533778,-8679.154523048528,0.0014507838081294832,20.0,0.78,4250.0,0.0013798574297390284
5353.870052249756,1157.763084255757,1.2460700095102755,-8901.660830563225,0.0014351963230068406,21.0,0.78,4250.0,0.0014464132315925215
5530.0564303383535,1132.791930333884,1.162058552117042,-9123.360909068891,0.0014195138121299974,22.0,0.78,4250.0,0.0015127482841123996
5697.929820620447,1119.5805331879794,1.1372443126899068,-9333.336923662406,0.001404781504833157,23.0,0.78,4250.0,0.0015788640468023894
5862.338095878081,1093.1110433590006,1.1138196614627984,-9533.717935938272,0.0013905498082015207,24.0,0.78,4250.0,0.0016447619647394403
6023.125802927633,1079.985582157879,1.051897988518532,-9727.182485298057,0.00137664976821344,25.0,0.78,4250.0,0.0017104434687632388
6185.528479449971,1054.5003136320724,1.0135030817611113,-9927.240754449711,0.0013625325113705592,26.0,0.78,4250.0,0.0017759099756626212
6340.76035171644,1028.434779611954,0.9884659420798815,-10109.545644009879,0.001349380176217324,27.0,0.78,4250.0,0.001841162888358953
6490.27563212455,1015.71552651044,0.9765417233037598,-10284.567923032562,0.0013368026383479873,28.0,0.78,4250.0,0.001906203596086499
6643.744324068843,990.9385834487747,0.9081432790451709,-10466.983067517169,0.0013236914933132927,29.0,0.78,4250.0,0.0019710334745699186
6791.1661617888485,966.095799761682,0.9196021389529794,-10639.634090340733,0.0013115037476584181,30.0,0.78,4250.0,0.002035653886198848
0.0,0.0,0.0,-2.628212131370674,0.0016120306148586358,0.0,0.8200000000000001,4300.0,0.0
379.64455031885103,285.2289015883338,1.809850746377365,-996.4595931077783,0.0015789525612027013,1.0,0.8200000000000001,4300.0,7.13013232899229e-05
694.5958132714939,479.7071053991068,2.5878674176473404,-1711.5411234202038,0.0015512845918296447,2.0,0.8200000000000001,4300.0,0.0001423493553772791
978.974937508275,624.5352656727853,2.670540134528026,-2286.700997227963,0.001526326204668711,3.0,0.8200000000000001,4300.0,0.00021314588947975957
1243.6278792435835,735.2785557439574,2.5727081595742627,-2779.1656985088193,0.0015033263635908063,4.0,0.8200000000000001,4300.0,0.00028369269983912767
1493.5400352805261,822.3505890647417,2.417437199162051,-3217.5717571410787,0.001481840368591933,5.0,0.8200000000000001,4300.0,0.0003539915419880172
1731.26887582154,887.243383081194,2.2982910333432383,-3615.27482551265,0.0014617086920084815,6.0,0.8200000000000001,4300.0,0.0004240441530120581
1958.8580497136938,936.9540502935661,2.12809729598398,-3984.479929589339,0.0014425957959140932,7.0,0.8200000000000001,4300.0,0.0004938522518074282
2177.188109969648,980.0479412860522,1.9982263562406877,-4328.198689290628,0.0014244788471981617,8.0,0.8200000000000001,4300.0,0.0005634175393339245
2387.2371563714373,1008.3108166536102,1.8952477080698276,-4652.7246331566785,0.001407224947063573,9.0,0.8200000000000001,4300.0,0.000632741698863649
2590.7198217215932,1022.0564684178105,1.7557788745593335,-4960.8583682568715,0.0013906428307094148,10.0,0.8200000000000001,4300.0,0.0007018263962254038
2787.1497156259006,1035.5706467391096,1.630869352302969,-5253.270110924961,0.0013747900394650992,11.0,0.8200000000000001,4300.0,0.0007706732800448598
2976.0406146518717,1043.437183443013,1.5846423667454497,-5530.363307499014,0.0013597341122425324,12.0,0.8200000000000001,4300.0,0.0008392839819806442
3160.340144938506,1047.5757372245912,1.4873788644203267,-5797.447755238667,0.0013450914313066725,13.0,0.8200000000000001,4300.0,0.0009076601169563551
3340.330333179329,1039.8488977040943,1.4362937293994853,-6056.798734929602,0.0013309562880903863,14.0,0.8200000000000001,4300.0,0.000975803283388641
3513.7138917084103,1037.3212140900114,1.3592636556499569,-6301.6457502921985,0.0013101393822902952,15.0,0.8200000000000001,4250.0,0.001043715063411405
3684.177743632293,1023.7294812315055,1.3008515433732726,-6542.538654937591,0.0012970155741652346,16.0,0.8200000000000001,4250.0,0.0011113970230962158
3849.4737046571445,1017.4551337569417,1.2256925250736312,-6771.905211965226,0.0012844017928201402,17.0,0.8200000000000001,4250.0,0.0011788507126690004
4010.175656324587,1009.8795055338693,1.1818722694412216,-6994.845545037773,0.0012722227573705813,18.0,0.8200000000000001,4250.0,0.0012460776667230968
4169.08841144649,991.4691238944375,1.0965542439095766,-7211.0720138061515,0.0012602884892798085,19.0,0.8200000000000001,4250.0,0.0013130794044287361
4321.464777259456,981.8531267574302,1.0646236521587313,-7416.748651583017,0.0012488986960169915,20.0,0.8200000000000001,4250.0,0.0013798574297390284
4471.803308225969,961.315691407561,1.0519367251391318,-7617.958251793112,0.0012378169964862192,21.0,0.8200000000000001,4250.0,0.0014464132315925215
4622.185505422137,940.9662162613494,0.9826047952493797,-7818.997172330688,0.001226639652306711,22.0,0.8200000000000001,4250.0,0.0015127482841123996
4765.561856346676,930.3724637072527,0.9575437479239168,-8009.758076504993,0.0012161215593332576,23.0,0.8200000000000001,4250.0,0.0015788640468023894
4906.233916020886,908.6775646181877,0.9406904524742319,-8192.741119433907,0.001205927700252691,24.0,0.8200000000000001,4250.0,0.0016447619647394403
5043.8909864364105,898.0996153485239,0.8914072284283381,-8369.839346485525,0.0011959531147384805,25.0,0.8200000000000001,4250.0,0.0017104434687632388
5183.195403755527,877.1734737519611,0.8553733786646193,-8553.535024339697,0.0011857972973707972,26.0,0.8200000000000001,4250.0,0.0017759099756626212
5316.4986516598665,855.7179992871513,0.834774403455695,-8721.59149020059,0.001176311123502956,27.0,0.8200000000000001,4250.0,0.001841162888358953
5444.929468128747,845.3923526644373,0.8248062470236898,-8883.155619685705,0.0011672236719833372,28.0,0.8200000000000001,4250.0,0.001906203596086499
5577.03158533089,824.9802044760695,0.7703072807963651,-9051.848243744564,0.0011577273640795236,29.0,0.8200000000000001,4250.0,0.0019710334745699186
5704.078025887276,804.464867097134,0.7763714002513298,-9212.474786185587,0.0011488741350520284,30.0,0.8200000000000001,4250.0,0.002035653886198848
0.0,0.0,0.0,-2.628212131370674,0.0012483758633420172,0.0,0.86,4300.0,0.0
294.79433166917454,221.38438433360417,1.4189418974750116,-775.8015236073261,0.0012285483528101534,1.0,0.86,4300.0,7.13013232899229e-05
540.5152372468992,372.9910337539845,2.038414701960615,-1337.228166911882,0.0012118720608940592,2.0,0.86,4300.0,0.0001423493553772791
763.2410477454746,486.3344375549189,2.110104734395387,-1792.5888132062828,0.001196756111037693,3.0,0.86,4300.0,0.00021314588947975957
971.1794522969975,573.3213187461075,2.038653420374826,-2185.4157131250395,0.0011827642219372995,4.0,0.86,4300.0,0.00028369269983912767
1168.082091432536,641.9522901493506,1.919189931275862,-2537.476903711431,0.001169638914732592,5.0,0.86,4300.0,0.0003539915419880172
1355.848455074915,693.3172477127928,1.826651217176207,-2858.8158550140433,0.0011572922172691492,6.0,0.86,4300.0,0.0004240441530120581
1536.0141191144135,732.8436932138392,1.692277425005396,-3158.7560376912734,0.001145526462801786,7.0,0.86,4300.0,0.0004938522518074282
1709.2033328458463,767.2317473496474,1.590060060697052,-3439.454341173201,0.0011343339748522564,8.0,0.86,4300.0,0.0005634175393339245
1876.1533410386685,789.9847754629085,1.5107015136792572,-3705.7106558527958,0.0011236378570637145,9.0,0.86,4300.0,0.000632741698863649
2038.1997638618463,801.3321849543377,1.4023307534130087,-3959.6683896703034,0.0011133232639888282,10.0,0.86,4300.0,0.0007018263962254038
2194.895688028204,812.4823636606619,1.3052369221166034,-4201.6632175208,0.0011034310282797145,11.0,0.86,4300.0,0.0007706732800448598
2345.825503546115,819.1840405279562,1.2675597096679225,-4431.8862634217585,0.0010940069413051875,12.0,0.86,4300.0,0.0008392839819806442
2493.328954550661,822.9478527027206,1.1923933315146968,-4654.723545726709,0.0010848144421994489,13.0,0.86,4300.0,0.0009076601169563551
2637.643305209882,817.3620767938464,1.1514630960005625,-4871.7444483983345,0.001075911810691434,14.0,0.86,4300.0,0.000975803283388641
2776.836354889386,815.8306313336914,1.0854195218664076,-5077.460147690617,0.0010673540690460661,15.0,0.86,4300.0,0.001043715063411405
2913.931528716889,805.5337436895446,1.0425256878680174,-5280.377369278467,0.0010589495629807844,16.0,0.86,4300.0,0.0011113970230962158
3047.029220583387,801.0135287948306,0.9837786302421743,-5474.282092688081,0.0010508534968072616,17.0,0.86,4300.0,0.0011788507126690004
3176.6096688811244,795.4176701884828,0.9477451817483608,-5663.33537864055,0.001043011663714302,18.0,0.86,4300.0,0.0012460776667230968
3304.9740195931745,781.2672405149966,0.8803810567586988,-5847.404804107493,0.0010353067076093237,19.0,0.86,4300.0,0.0013130794044287361
3428.165208217562,774.0066128683353,0.854989944963295,-6023.029709907525,0.001027937379882926,20.0,0.86,4300.0,0.0013798574297390284
3549.933648694242,758.1226322835848,0.8433411731813121,-6195.483038326231,0.0010150818981133753,21.0,0.86,4250.0,0.0014464132315925215
3671.9067208458473,742.3394186477035,0.7917822710113123,-6368.27330862276,0.001007894454268875,22.0,0.86,4250.0,0.0015127482841123996
3788.269921506737,734.2423990557182,0.7655120658011355,-6532.521683927247,0.0010011194676109053,23.0,0.86,4250.0,0.0015788640468023894
3902.656257020603,717.3479003416917,0.7541462398377184,-6690.85113673086,0.000994531976682589,24.0,0.86,4250.0,0.0016447619647394403
4014.648969259996,709.2257415594563,0.7179597576923921,-6844.446643849595,0.000988074765768382,25.0,0.86,4250.0,0.0017104434687632388
4128.210518555261,692.8924324471193,0.6871194400416231,-7004.247958279731,0.0009814834426722001,26.0,0.86,4250.0,0.0017759099756626212
4237.01427061115,676.1121568945583,0.6727398880994325,-7150.997081420654,0.0009753107806315844,27.0,0.86,4250.0,0.001841162888358953
4341.863004393996,668.1553168719668,0.6617322005394166,-7292.260299755886,0.0009693877625701269,28.0,0.86,4250.0,0.001906203596086499
4449.940959467964,652.1608477103103,0.6211031150236889,-7440.05594619293,0.0009631825707118253,29.0,0.86,4250.0,0.0019710334745699186
4554.024620643577,636.0643735816508,0.6221809143751198,-7581.5648273169645,0.0009573807354931697,30.0,0.86,4250.0,0.002035653886198848
0.0,0.0,0.0,-2.628212131370674,0.0008878710103887825,0.0,0.9,4300.0,0.0
210.1886202899335,157.77808037980466,1.0215371504341655,-554.931244057836,0.0008778485300998493,1.0,0.9,4300.0,7.13013232899229e-05
386.2084512771267,266.28879013670957,1.4738269673074316,-959.5987243739219,0.000869373526678456,2.0,0.9,4300.0,0.0001423493553772791
546.3614494132772,347.7156092988637,1.530326039482042,-1290.5111356939597,0.0008616552966981193,3.0,0.9,4300.0,0.00021314588947975957
696.3529569350019,410.42830252613993,1.4824956120352302,-1578.076380952596,0.0008544800139585193,4.0,0.9,4300.0,0.00028369269983912767
838.7701476221879,460.06623032940416,1.39962995047295,-1837.4863209573232,0.0008477219253757287,5.0,0.9,4300.0,0.0003539915419880172
974.9080102026419,497.35855372026276,1.3335886051851387,-2075.671355320752,0.0008413402516487217,6.0,0.9,4300.0,0.0004240441530120581
1105.8243222744304,526.1802842711609,1.2367994582529336,-2299.16978084165,0.0008352367305698255,7.0,0.9,4300.0,0.0004938522518074282
1231.9221396527782,551.3210052211169,1.1639149773082924,-2509.388765163145,0.0008294104763834089,8.0,0.9,4300.0,0.0005634175393339245
1353.7115157415797,568.0861627403419,1.1060837177323588,-2709.687808319737,0.0008238239232722695,9.0,0.9,4300.0,0.000632741698863649
1472.14976213544,576.6347719554594,1.029862446158836,-2901.5748218543085,0.0008184188476684352,10.0,0.9,4300.0,0.0007018263962254038
1586.86680795012,585.0319381972126,0.9581010286012174,-3085.15045380019,0.0008132191268640568,11.0,0.9,4300.0,0.0007706732800448598
1697.5402202676312,590.1956703044117,0.9301965781208644,-3260.4611987423996,0.0008082505672059968,12.0,0.9,4300.0,0.0008392839819806442
1805.8730062515012,593.224224304188,0.8780145405098458,-3430.8302212999406,0.000803390222580284,13.0,0.9,4300.0,0.0009076601169563551
1912.054001025773,589.5099910487659,0.8465605284476152,-3597.231528827215,0.0007986682582814159,14.0,0.9,4300.0,0.000975803283388641
2014.591465555254,588.7013463193805,0.7977482349105671,-3755.6445838642685,0.0007941179072223904,15.0,0.9,4300.0,0.001043715063411405
2115.765747768805,581.5151604885594,0.7662166527775106,-3912.271011917488,0.0007896358562952907,16.0,0.9,4300.0,0.0011113970230962158
2214.0987629220785,578.5187761055724,0.7261882242927277,-4062.54336710638,0.0007853077605985009,17.0,0.9,4300.0,0.0011788507126690004
2309.9653163603252,574.7312139264626,0.698092991056929,-4209.450880297372,0.0007811044971217762,18.0,0.9,4300.0,0.0012460776667230968
2405.105284372612,564.7048197442326,0.6489034188694998,-4353.0215045729055,0.0007769629751780827,19.0,0.9,4300.0,0.0013130794044287361
2496.4868665736494,559.6824032344109,0.6305848438114515,-4490.405722660216,0.0007729929097848382,20.0,0.9,4300.0,0.0013798574297390284
2586.9856722021186,548.3639377713378,0.623065465839303,-4625.669706559063,0.0007691079592864118,21.0,0.9,4300.0,0.0014464132315925215
2677.7650048649793,537.1145790533591,0.5848748236451397,-4761.555711154731,0.0007651713219882102,22.0,0.9,4300.0,0.0015127482841123996
2764.4165221042226,531.4385666240199,0.5644842648950564,-4890.936862643692,0.0007614552265998917,23.0,0.9,4300.0,0.0015788640468023894
2849.768977724963,519.3419473883285,0.5553809187356833,-5016.247125046211,0.0007578301149962979,24.0,0.9,4300.0,0.0016447619647394403
2933.3716838151086,513.6233133872222,0.5301071453310222,-5138.072890472082,0.0007542717510041506,25.0,0.9,4300.0,0.0017104434687632388
3018.322713853872,501.9154097082228,0.5060887664631691,-5265.101351061094,0.0007506274026909279,26.0,0.9,4300.0,0.0017759099756626212
3099.8223327534733,489.86142746303193,0.49698426019423847,-5382.3712925009895,0.0007472054618631776,27.0,0.9,4300.0,0.001841162888358953
3178.364112564429,484.2065161953103,0.48681692283926153,-5495.291402494964,0.0007439206985212073,28.0,0.9,4300.0,0.001906203596086499
3259.5129545739073,472.70244245957457,0.4590489452038749,-5613.695850081924,0.0007404712680707596,29.0,0.9,4300.0,0.0019710334745699186
3337.771035525051,461.1070574254637,0.4572415675618413,-5727.600561436593,0.0007372329629889089,30.0,0.9,4300.0,0.002035653886198848
0.0,0.0,0.0,-2.628212131370674,0.0005304560012058945,0.0,0.9400000000000001,4300.0,0.0
125.82840761186068,94.41141645264229,0.6173376907079998,-333.86747149976145,0.0005268829433492608,1.0,0.9400000000000001,4300.0,7.13013232899229e-05
231.68775617704662,159.61233120354092,0.8943751726008907,-578.7178125177452,0.00052384571289908,2.0,0.9400000000000001,4300.0,0.0001423493553772791
328.3646666631723,208.71702919031188,0.9318943687651211,-780.5504700592573,0.0005210670136769364,3.0,0.9400000000000001,4300.0,0.00021314588947975957
419.18615355681845,246.6583428212437,0.9055112767904688,-957.1993525351718,0.0005184728964461686,4.0,0.9400000000000001,4300.0,0.00028369269983912767
505.650928740727,276.77904856630806,0.8566240503129392,-1117.565650974706,0.0005160200244366269,5.0,0.9400000000000001,4300.0,0.0003539915419880172
588.4970422090672,299.48455746475526,0.8177834523054655,-1265.6611886868486,0.0005136951306620683,6.0,0.9400000000000001,4300.0,0.0004240441530120581
668.3365359580996,317.1013119305837,0.7596143164168558,-1405.3347388548136,0.0005114637371497272,7.0,0.9400000000000001,4300.0,0.0004938522518074282
745.384926992008,332.4973774919487,0.7155544900543043,-1537.3500980698154,0.0005093265837594838,8.0,0.9400000000000001,4300.0,0.0005634175393339245
819.940018401882,342.83303432395013,0.6793369109789463,-1663.6805272603815,0.0005072707054183885,9.0,0.9400000000000001,4300.0,0.000632741698863649
892.5757850484043,348.1980516202782,0.634285807857791,-1785.2180922130938,0.0005052752491886945,10.0,0.9400000000000001,4300.0,0.0007018263962254038
963.0407735682458,353.4644710829477,0.5904159263429687,-1901.9352513667982,0.0005033499148419342,11.0,0.9400000000000001,4300.0,0.0007706732800448598
1031.1263996687655,356.76661966686737,0.5724954850537133,-2013.8043937809416,0.0005015048274686233,12.0,0.9400000000000001,4300.0,0.0008392839819806442
1097.87464286616,358.77041884201265,0.5421027241334166,-2122.9392443524994,0.0004996949406013945,13.0,0.9400000000000001,4300.0,0.0009076601169563551
1163.409738501345,356.66233136209036,0.5219210558047858,-2229.8315605448297,0.0004979312049898165,14.0,0.9400000000000001,4300.0,0.000975803283388641
1226.768775029215,356.32393084770945,0.4937190941074979,-2332.0066064083076,0.0004962275126012609,15.0,0.9400000000000001,4300.0,0.001043715063411405
1289.3955025138507,352.10952193945224,0.4722363614372591,-2433.2644414411116,0.0004945445770835802,16.0,0.9400000000000001,4300.0,0.0011113970230962158
1350.3265576816896,350.41155163338465,0.45002192527561846,-2530.781700657637,0.0004929156708666911,17.0,0.9400000000000001,4300.0,0.0011788507126690004
1409.8070136701315,348.23957178958966,0.4328461347566086,-2626.3625068381807,0.0004913297245203931,18.0,0.9400000000000001,4300.0,0.0012460776667230968
1468.945005258044,342.2722615035197,0.40279185810163676,-2720.1093718192933,0.0004897627793152261,19.0,0.9400000000000001,4300.0,0.0013130794044287361
1525.7861783300111,339.3216663492884,0.39130027881520923,-2810.06161944654,0.00048825748794247817,20.0,0.9400000000000001,4300.0,0.0013798574297390284
1582.1896353078835,332.5540890012424,0.38598022005769167,-2898.9003356110916,0.0004867802616705173,21.0,0.9400000000000001,4300.0,0.0014464132315925215
1638.8419340877572,325.8147598823484,0.36416061125610183,-2988.3790046147406,0.00048527988915629663,22.0,0.9400000000000001,4300.0,0.0015127482841123996
1692.9454249384294,322.4481257468115,0.34896909700237466,-3073.7065996553138,0.0004838613823465533,23.0,0.9400000000000001,4300.0,0.0015788640468023894
1746.3484331203867,315.1743701076645,0.3443893839767305,-3156.72541878606,0.00048247316309094957,24.0,0.9400000000000001,4300.0,0.0016447619647394403
1798.6738369864745,311.7701979587343,0.3298016547775823,-3237.5959345043884,0.000481108419874366,25.0,0.9400000000000001,4300.0,0.0017104434687632388
1851.9570562448732,304.7175285887172,0.31305645970191404,-3322.018433339974,0.0004797070549275183,26.0,0.9400000000000001,4300.0,0.0017759099756626212
1903.1453595671828,297.4453570543411,0.3077595977572063,-3400.5166024701102,0.00047838789296158297,27.0,0.9400000000000001,4300.0,0.001841162888358953
1952.4746072668343,294.06457377152987,0.30056967560050596,-3476.0350322678423,0.00047711986605265843,28.0,0.9400000000000001,4300.0,0.001906203596086499
2003.5620246539017,287.1150497259748,0.2844596617921896,-3555.407237294872,0.00047578480490171037,29.0,0.9400000000000001,4300.0,0.0019710334745699186
2052.9040407717944,280.10460495167075,0.28344423241932504,-3631.929145272523,0.00047452786333379695,30.0,0.9400000000000001,4300.0,0.002035653886198848
0.0,0.0,0.0,-2.628212131370674,0.00017607258700838655,0.0,0.98,4300.0,0.0
41.713138432570865,31.284298459335048,0.20647914407128193,-112.62828352046199,0.00017568081460664125,1.0,0.98,4300.0,7.13013232899229e-05
76.96497916008846,52.97642313109206,0.30047486870904394,-194.65084649644268,0.00017534609213993077,2.0,0.98,4300.0,0.0001423493553772791
109.27626963235811,69.36905294530857,0.3140315960295057,-262.79489806755737,0.0001750384979364583,3.0,0.98,4300.0,0.00021314588947975957
139.72331065974896,82.07560218500701,0.3062648462315896,-322.8518593824556,0.00017475016258616623,4.0,0.98,4300.0,0.00028369269983912767
168.78379857668358,92.18878653431663,0.2903974190960741,-377.7091079256643,0.0001744764915835894,5.0,0.98,4300.0,0.0003539915419880172
196.69102178952514,99.83599915778282,0.27758653679830464,-428.65179268619977,0.0001742161633038994,6.0,0.98,4300.0,0.0004240441530120581
223.6400852121673,105.78630827175682,0.25841252367704115,-476.9336953996826,0.00017396545685256356,7.0,0.98,4300.0,0.0004938522518074282
249.69422109917767,110.99333295115306,0.24361966325398757,-522.7824255106971,0.0001737245646536911,8.0,0.98,4300.0,0.0005634175393339245
274.9499628496203,114.50790521164684,0.23151683402655393,-566.8390084024722,0.00017349211046304046,9.0,0.98,4300.0,0.000632741698863649
299.59864984498597,116.35722183944551,0.21637039511372722,-609.395904295845,0.00017326579562645727,10.0,0.98,4300.0,0.0007018263962254038
323.5449884292854,118.17078367495168,0.20207039111294892,-650.4140692587825,0.00017304681295677617,11.0,0.98,4300.0,0.0007706732800448598
346.716436360946,119.3235117473851,0.1949278316309597,-689.8651345080725,0.00017283637331741284,12.0,0.98,4300.0,0.0008392839819806442
369.46387876239345,120.0384427857104,0.18502631744384201,-728.4928341948689,0.0001726294048117926,13.0,0.98,4300.0,0.0009076601169563551
391.83487958092843,119.36775073203887,0.1781948365876868,-766.4292592835263,0.00017242712015370131,14.0,0.98,4300.0,0.000975803283388641
413.4852126712231,119.2877322990373,0.16928308721832577,-802.830296206419,0.00017223127943084366,15.0,0.98,4300.0,0.001043715063411405
434.92087628900435,117.91041739832029,0.16129493556828728,-838.9854764718766,0.00017203729233065019,16.0,0.98,4300.0,0.0011113970230962158
455.7957968803651,117.37394448671165,0.15412565364734107,-873.9282000730745,0.00017184912121404608,17.0,0.98,4300.0,0.0011788507126690004
476.197954629149,116.67177054356223,0.1488410185033314,-908.2615713128907,0.00017166546892312954,18.0,0.98,4300.0,0.0012460776667230968
496.51842005311215,114.69486911616713,0.13848047409771347,-942.0521069811366,0.0001714835365443695,19.0,0.98,4300.0,0.0013130794044287361
516.0608327587058,113.73095579172654,0.13456531434839228,-974.5561434900301,0.00017130841465500327,20.0,0.98,4300.0,0.0013798574297390284
535.4900930721724,111.47581660942092,0.13281735971963565,-1006.7539645781799,0.00017113608110568088,21.0,0.98,4300.0,0.0014464132315925215
555.0283193888345,109.22973577545936,0.12529730316137205,-1039.2639896948385,0.00017096065930265997,22.0,0.98,4300.0,0.0015127482841123996
573.6943058722183,108.11865794785767,0.11957089320800576,-1070.3088201735518,0.00017079457326032093,23.0,0.98,4300.0,0.0015788640468023894
592.1578942714341,105.6898785244481,0.11801439956456805,-1100.6446151763957,0.00017063152658006734,24.0,0.98,4300.0,0.0016447619647394403
610.2501980660219,104.5642678333956,0.11351325603627109,-1130.2474033364415,0.00017047101867153372,25.0,0.98,4300.0,0.0017104434687632388
628.7140933130598,102.20599877411584,0.10755154996449828,-1161.1907423745579,0.00017030577999816931,26.0,0.98,4300.0,0.0017759099756626212
646.4768541546256,99.77513474206465,0.10602168249614817,-1190.1521045794652,0.00017014985764373834,27.0,0.98,4300.0,0.001841162888358953
663.5884248678268,98.65227660219026,0.10385309694768598,-1217.9893899939489,0.00016999980068589164,28.0,0.98,4300.0,0.001906203596086499
681.3527843403692,96.32386559077838,0.0981257805113768,-1247.3179636381537,0.00016984140262037302,29.0,0.98,4300.0,0.0019710334745699186
698.5367978428268,93.97552483334157,0.09801089241071291,-1275.6532751813065,0.00016969186202062545,30.0,0.98,4300.0,0.002035653886198848
