CAPE_u,CAPE_ext,CAPE_dist,dh,sat_def,P,RH,dz,ent_b,ent_std
0.0,0.0,0.0,-2.1237246499294997,0.006691839602623936,0.0,0.02,4250.0,0.0,
737.9845812512285,300.93937275168577,210.65211236656802,-2288.401628610707,0.006481485898082454,1.0,0.02,4200.0,2.3510409188801146e-05,1.7857142857142855e-06
1316.338593555706,449.0974483650755,308.08026674944944,-4101.70042791115,0.006326390904041041,2.0,0.02,4200.0,4.594400574300071e-05,3.571428571428571e-06
1803.5364887171036,517.4831131350327,346.0290253295808,-5596.246882268279,0.006181769315080739,3.0,0.02,4200.0,6.837760229720029e-05,5.357142857142857e-06
2233.3704852208525,541.3543693563253,352.18704755431537,-6865.321489310874,0.006045453453134226,4.0,0.02,4200.0,9.045226130653265e-05,7.142857142857142e-06
2624.157996648995,539.5044509982324,341.32642911619644,-7968.203593119215,0.0059164993612637,5.0,0.02,4200.0,0.00011306532663316583,8.92857142857143e-06
2987.0111795477965,522.6441046065228,321.031473431523,-8944.990035824725,0.005793962005792779,6.0,0.02,4200.0,0.00013460157932519741,1.0714285714285714e-05
3328.40727494557,497.20589402191104,296.4695588924271,-9822.781953156322,0.005677369473984209,7.0,0.02,4200.0,0.00015577889447236182,1.25e-05
3652.9655861972096,467.20098061256937,270.4901417903783,-10622.63598296915,0.005541072527993437,8.0,0.02,4150.0,0.00017803302225412776,1.4285714285714284e-05
3963.535830511375,435.3942309999502,245.75935244150236,-11358.355628546422,0.005436132183137971,9.0,0.02,4150.0,0.00019867193108399138,1.6071428571428572e-05
4262.682140859494,403.4970233879599,224.84599780888274,-12042.384935023852,0.0053351245677018015,10.0,0.02,4150.0,0.00022074659009332378,1.785714285714286e-05
4551.797031741071,373.6369682797569,207.0728095137694,-12681.015951776222,0.005238558735464139,11.0,0.02,4150.0,0.00024282124910265612,1.964285714285714e-05
4831.672320631716,347.5904262297843,191.90772904849692,-13281.990534910903,0.005146058902419631,12.0,0.02,4150.0,0.0002627422828427853,2.1428571428571428e-05
5103.64465043152,324.7981494252432,178.79634165000718,-13852.021797638561,0.005056769292750787,13.0,0.02,4150.0,0.0002846374730796841,2.321428571428571e-05
5368.004710594859,304.83918970101917,167.4604669172309,-14392.249357627508,0.004971398483179389,14.0,0.02,4150.0,0.0003065326633165829,2.5e-05
5626.48070322875,286.96712296047457,157.1696372418934,-14909.331332127309,0.004888305313599508,15.0,0.02,4150.0,0.00032842785355348164,2.6785714285714284e-05
5878.096988259984,271.159980021333,148.31617504000906,-15404.44339027506,0.004808758198167946,16.0,0.02,4150.0,0.0003474515434314429,2.8571428571428567e-05
6123.740051284149,257.00518986440494,140.44520678330733,-15878.616920272616,0.00473232042280053,17.0,0.02,4150.0,0.00036916726489590805,3.0357142857142857e-05
6364.48121076411,244.19640548362256,133.211296806918,-16337.722793786335,0.004658104086716786,18.0,0.02,4150.0,0.00039088298636037326,3.2142857142857144e-05
6600.397167398648,232.4842777186177,126.46904775800107,-16781.410322873155,0.004585904276235969,19.0,0.02,4150.0,0.0004125987078248384,3.392857142857143e-05
6830.28950776812,222.04136979872146,120.86645875986821,-17207.765497734086,0.004502481423061408,20.0,0.02,4100.0,0.0004307250538406318,3.571428571428572e-05
7056.793842453482,212.30926230915148,115.37727420622515,-17622.813374206,0.0044356987630474855,21.0,0.02,4100.0,0.0004522613065326634,3.7500000000000003e-05
7277.777415899872,203.46652347923578,110.51452994893344,-18027.26491248481,0.004371385025744156,22.0,0.02,4100.0,0.0004737975592246949,3.928571428571428e-05
7495.471489266676,195.32759869216628,105.95499244971022,-18416.993389444564,0.00430928938637882,23.0,0.02,4100.0,0.0004953338119167265,4.1071428571428556e-05
7708.493254898651,187.8231376320608,101.85943951355634,-18798.85806532594,0.0042489696310508826,24.0,0.02,4100.0,0.0005168700646087581,4.2857142857142856e-05
7917.311458316144,180.88847026457097,98.10763311437705,-19169.369017379788,0.004190664019587182,25.0,0.02,4100.0,0.0005384063173007897,4.464285714285714e-05
8124.078608025921,174.29247943939876,94.23669784829445,-19533.812489115466,0.00413293477333098,26.0,0.02,4100.0,0.0005552763819095477,4.642857142857142e-05
8326.735873039497,168.23974664377496,90.92354351855367,-19888.25310878826,0.004077600510624791,27.0,0.02,4100.0,0.0005766331658291457,4.8214285714285716e-05
8524.84992322371,162.69168415035108,87.9844091206034,-20231.97388637485,0.0040245629296026455,28.0,0.02,4100.0,0.0005979899497487438,5e-05
8719.728527923182,157.43597633864235,85.07878082189299,-20570.15032415445,0.003972520712112249,29.0,0.02,4100.0,0.0006193467336683417,5.178571428571429e-05
8911.77320581195,152.4928143037916,82.47450033884114,-20901.246144151082,0.003921861783439705,30.0,0.02,4100.0,0.0006407035175879397,5.357142857142857e-05
0.0,0.0,0.0,-2.1237246499294997,0.006390630270892692,0.0,0.06041666666666666,4250.0,0.0,
705.6116969455802,287.6315245218217,201.32451554434064,-2188.472103807144,0.00619726259171074,1.0,0.06041666666666666,4200.0,2.3510409188801146e-05,1.7857142857142855e-06
1259.6220967392544,429.4630516034266,294.57964498967016,-3926.7921709224756,0.00605569672142662,2.0,0.06041666666666666,4200.0,4.594400574300071e-05,3.571428571428571e-06
1727.2354886331298,495.1333243188358,331.032658770342,-5362.984517494733,0.005923411601043542,3.0,0.06041666666666666,4200.0,6.837760229720029e-05,5.357142857142857e-06
2140.5698226947748,518.2552300594839,337.08780651036636,-6585.368229854917,0.005798474335478372,4.0,0.06041666666666666,4200.0,9.045226130653265e-05,7.142857142857142e-06
2517.005817481531,516.7451097645483,326.8338877434172,-7650.072534233637,0.005680059158665162,5.0,0.06041666666666666,4200.0,0.00011306532663316583,8.92857142857143e-06
2867.080160680783,500.8323837956884,307.51517804249903,-8595.067889074082,0.005567331757484247,6.0,0.06041666666666666,4200.0,0.00013460157932519741,1.0714285714285714e-05
3196.915127517636,476.65361469743254,284.0658378601921,-9446.018734036392,0.005459887741504324,7.0,0.06041666666666666,4200.0,0.00015577889447236182,1.25e-05
3510.8784657803894,448.0439293370637,259.2136010001923,-10222.79251510583,0.005332746024304737,8.0,0.06041666666666666,4150.0,0.00017803302225412776,1.4285714285714284e-05
3811.6513404872785,417.6587646623405,235.5078118307341,-10938.630217689053,0.005235740209513402,9.0,0.06041666666666666,4150.0,0.00019867193108399138,1.6071428571428572e-05
4101.671283037877,387.1400017734535,215.45386593012086,-11605.31564272294,0.005142228214623053,10.0,0.06041666666666666,4150.0,0.00022074659009332378,1.785714285714286e-05
4382.23077538809,358.49730878370895,198.40043243914099,-12228.669313064987,0.005052697568898666,11.0,0.06041666666666666,4150.0,0.00024282124910265612,1.964285714285714e-05
4654.060240703732,333.4861698188176,183.85074728467825,-12816.071257383752,0.004966814959382327,12.0,0.06041666666666666,4150.0,0.0002627422828427853,2.1428571428571428e-05
4918.436953982729,311.59714137224984,171.2763239109748,-13373.956165850403,0.0048837990724944534,13.0,0.06041666666666666,4150.0,0.0002846374730796841,2.321428571428571e-05
5175.601309170085,292.4308498793413,160.40451177932232,-13903.332381724089,0.004804323749355642,14.0,0.06041666666666666,4150.0,0.0003065326633165829,2.5e-05
5427.240743044693,275.2689183335783,150.53785190314812,-14410.579221783388,0.0047268744406442215,15.0,0.06041666666666666,4150.0,0.00032842785355348164,2.6785714285714284e-05
5672.3540731506755,260.0910753017888,142.0504568957819,-14896.721032410795,0.00465263631213628,16.0,0.06041666666666666,4150.0,0.0003474515434314429,2.8571428571428567e-05
5911.799636349535,246.50187271591463,134.50100682946803,-15362.808250271599,0.0045812159263829205,17.0,0.06041666666666666,4150.0,0.00036916726489590805,3.0357142857142857e-05
6146.610507092404,234.20128622798197,127.56605117445854,-15814.396709851251,0.004511792110499193,18.0,0.06041666666666666,4150.0,0.00039088298636037326,3.2142857142857144e-05
6376.8644306668075,222.95832415148197,121.10673867199525,-16251.286401120458,0.004444181911976345,19.0,0.06041666666666666,4150.0,0.0004125987078248384,3.392857142857143e-05
6601.330721828223,212.92952256657432,115.73634096753287,-16671.183699366928,0.004379887175662391,20.0,0.06041666666666666,4150.0,0.0004307250538406318,3.571428571428572e-05
6822.630414545083,203.58640194494623,110.4737730073808,-17080.409632822135,0.004302464698463421,21.0,0.06041666666666666,4100.0,0.0004522613065326634,3.7500000000000003e-05
7038.633086888444,195.09843839256743,105.81569301406634,-17479.451553573046,0.004242066399892686,22.0,0.06041666666666666,4100.0,0.0004737975592246949,3.928571428571428e-05
7251.513022974486,187.28571816673565,101.4463696376743,-17864.14800847532,0.004183697242203597,23.0,0.06041666666666666,4100.0,0.0004953338119167265,4.1071428571428556e-05
7459.927255395673,180.07947671875948,97.52042933976803,-18241.363450364646,0.004126943238808813,24.0,0.06041666666666666,4100.0,0.0005168700646087581,4.2857142857142856e-05
7664.31299294108,173.4198452872491,93.922222255088,-18607.45423778794,0.004072034531420531,25.0,0.06041666666666666,4100.0,0.0005384063173007897,4.464285714285714e-05
7866.804848837317,167.08894232040157,90.21665134077638,-18967.909329663154,0.004017626324571562,26.0,0.06041666666666666,4100.0,0.0005552763819095477,4.642857142857142e-05
8065.326245188436,161.2902612419475,87.04393384177166,-19318.45066549482,0.003965428754063511,27.0,0.06041666666666666,4100.0,0.0005766331658291457,4.8214285714285716e-05
8259.461562270695,155.9595977860322,84.22782141611498,-19658.669955571313,0.0039153538077199125,28.0,0.06041666666666666,4100.0,0.0005979899497487438,5e-05
8450.514949172815,150.9206016949301,81.44339890648473,-19993.55822461332,0.00386618002289291,29.0,0.06041666666666666,4100.0,0.0006193467336683417,5.178571428571429e-05
8638.853463120222,146.1769778516173,78.94708820933386,-20321.405320673883,0.003818278465900384,30.0,0.06041666666666666,4100.0,0.0006407035175879397,5.357142857142857e-05
0.0,0.0,0.0,-2.1237246499294997,0.006091887669657143,0.0,0.10083333333333333,4250.0,0.0,
673.4234146128182,274.40905700130145,192.05795031843348,-2089.075073741289,0.005914647457891949,1.0,0.10083333333333333,4200.0,2.3510409188801146e-05,1.7857142857142855e-06
1203.1332840010766,409.93114074572793,281.1515935069897,-3752.41888725687,0.005785903364985721,2.0,0.10083333333333333,4200.0,4.594400574300071e-05,3.571428571428571e-06
1651.1139048721673,472.8748899382332,316.1022925781347,-5129.942918697787,0.005665348650844429,3.0,0.10083333333333333,4200.0,6.837760229720029e-05,5.357142857142857e-06
2047.8395592410222,495.2225312145967,322.0371203093441,-6305.124460965104,0.005551265075807621,4.0,0.10083333333333333,4200.0,9.045226130653265e-05,7.142857142857142e-06
2409.7727921973747,494.0254295944172,312.37574047848636,-7331.016403014088,0.0054429329070226785,5.0,0.10083333333333333,4200.0,0.00011306532663316583,8.92857142857143e-06
2746.88721614133,479.03638383521445,294.02039637326203,-8243.509939324926,0.0053396180379240606,6.0,0.10083333333333333,4200.0,0.00013460157932519741,1.0714285714285714e-05
3064.9593269691286,456.09705145399454,271.67349493774265,-9066.864088421673,0.005240976032061561,7.0,0.10083333333333333,4200.0,0.00015577889447236182,1.25e-05
3368.1142359459054,428.8769794004155,247.94401769721492,-9819.847053050478,0.0051463960484166744,8.0,0.10083333333333333,4200.0,0.00017803302225412776,1.4285714285714284e-05
3658.863705222559,399.89963370720653,225.26001076963993,-10514.941514108235,0.005033384267659988,9.0,0.10083333333333333,4150.0,0.00019867193108399138,1.6071428571428572e-05
3939.5224644590016,370.7515282131962,206.0666632676808,-11163.492050925946,0.004947136950676456,10.0,0.10083333333333333,4150.0,0.00022074659009332378,1.785714285714286e-05
4211.2883196018975,343.33266199604446,189.7337024577661,-11770.788878261941,0.004864440489417751,11.0,0.10083333333333333,4150.0,0.00024282124910265612,1.964285714285714e-05
4474.83031116244,319.35926593484777,175.80022736660297,-12343.853191800205,0.004785000655316268,12.0,0.10083333333333333,4150.0,0.0002627422828427853,2.1428571428571428e-05
4731.3675750593475,298.3722267473532,163.7632109703603,-12888.840942697723,0.0047081065201737046,13.0,0.10083333333333333,4150.0,0.0002846374730796841,2.321428571428571e-05
4981.092569772484,279.9989058228764,153.35590489460714,-13406.63422541687,0.004634395864874145,14.0,0.10083333333333333,4150.0,0.0003065326633165829,2.5e-05
5225.6497771014465,263.54768720586804,143.91357236404087,-13903.332234731039,0.00456247549570535,15.0,0.10083333333333333,4150.0,0.00032842785355348164,2.6785714285714284e-05
5464.016800376634,249.00089719166488,135.79233338386487,-14379.814698674723,0.0044934485392140065,16.0,0.10083333333333333,4150.0,0.0003474515434314429,2.8571428571428567e-05
5697.023183650565,235.98044206525412,128.56484480952312,-14837.14519317793,0.004426962876261582,17.0,0.10083333333333333,4150.0,0.00036916726489590805,3.0357142857142857e-05
5925.663448314732,224.1881026036548,121.9289578207897,-15280.568584214983,0.0043622609690293765,18.0,0.10083333333333333,4150.0,0.00039088298636037326,3.2142857142857144e-05
6150.015889664678,213.41653147221533,115.75233414953802,-15710.027216816598,0.004299179965848131,19.0,0.10083333333333333,4150.0,0.0004125987078248384,3.392857142857143e-05
6368.822549102359,203.8023733419991,110.61419052151149,-16122.966452947156,0.004239126586961816,20.0,0.10083333333333333,4150.0,0.0004307250538406318,3.571428571428572e-05
6584.683564977837,194.8547382722397,105.57833123378808,-16525.79026773166,0.004179986285119381,21.0,0.10083333333333333,4150.0,0.0004522613065326634,3.7500000000000003e-05
6795.474950875378,186.72165787216,101.12470807750505,-16918.730811807894,0.004109366891107579,22.0,0.10083333333333333,4100.0,0.0004737975592246949,3.928571428571428e-05
7003.317133199964,179.23177587286182,96.94552499564286,-17297.851117011458,0.004054697705604442,23.0,0.10083333333333333,4100.0,0.0004953338119167265,4.1071428571428556e-05
7206.89766090485,172.3329923836028,93.18928399611563,-17669.884124541044,0.004001489189727987,24.0,0.10083333333333333,4100.0,0.0005168700646087581,4.2857142857142856e-05
7406.63194288396,165.94969983599742,89.74718655535061,-18031.04744106014,0.003949963314349401,25.0,0.10083333333333333,4100.0,0.0005384063173007897,4.464285714285714e-05
7604.628196015169,159.88766020438325,86.20432866394272,-18387.010158096542,0.00389886585286755,26.0,0.10083333333333333,4100.0,0.0005552763819095477,4.642857142857142e-05
7798.79913048135,154.33158755587309,83.17176162565374,-18733.176489369456,0.0038497999061880162,27.0,0.10083333333333333,4100.0,0.0005766331658291457,4.8214285714285716e-05
7988.745833754136,149.2194261671384,80.47864725751973,-19069.431534045194,0.0038026865862658497,28.0,0.10083333333333333,4100.0,0.0005979899497487438,5e-05
8175.767535051494,144.39736194798215,77.81533486077527,-19400.581404466888,0.0037563840709830655,29.0,0.10083333333333333,4100.0,0.0006193467336683417,5.178571428571429e-05
8360.195821915599,139.85739462460728,75.42706574702787,-19724.750248065233,0.003711245587152478,30.0,0.10083333333333333,4100.0,0.0006407035175879397,5.357142857142857e-05
0.0,0.0,0.0,-2.1237246499294997,0.005795565446830747,0.0,0.14125,4250.0,0.0,
641.4166128640425,261.27037716889805,182.85099175131896,-1990.2029091402073,0.005633617028963622,1.0,0.14125,4200.0,2.3510409188801146e-05,1.7857142857142855e-06
1146.8695821625424,390.5012136694238,267.79678722239095,-3578.574963428444,0.005517001701252506,2.0,0.14125,4200.0,4.594400574300071e-05,3.571428571428571e-06
1575.167478889889,450.70439014414933,301.23552859615535,-4897.120800863682,0.005407579729832173,3.0,0.14125,4200.0,6.837760229720029e-05,5.357142857142857e-06
1955.175207758891,472.2553229057455,307.0352089636726,-6024.59196301247,0.005303828907196485,4.0,0.14125,4200.0,9.045226130653265e-05,7.142857142857142e-06
2302.4550367794163,471.3467696584311,297.9503376076098,-7011.037061312243,0.005205124369041501,5.0,0.14125,4200.0,0.00011306532663316583,8.92857142857143e-06
2626.429661708405,457.25903996499693,280.54624220033355,-7890.314476829306,0.005110822554031612,6.0,0.14125,4200.0,0.00013460157932519741,1.0714285714285714e-05
2932.535314298385,435.53933080337373,259.2928679276604,-8685.30874823963,0.005020631885701088,7.0,0.14125,4200.0,0.00015577889447236182,1.25e-05
3224.66297518477,409.6935629249197,236.6808072066841,-9413.746695576927,0.004934011646664582,8.0,0.14125,4200.0,0.00017803302225412776,1.4285714285714284e-05
3505.159631827723,382.11996541835856,215.02268116257682,-10087.253313965986,0.004829050586235278,9.0,0.14125,4150.0,0.00019867193108399138,1.6071428571428572e-05
3776.2190191668387,354.3327114977515,196.68550865651736,-10716.858864981943,0.004749829771356236,10.0,0.14125,4150.0,0.00022074659009332378,1.785714285714286e-05
4038.945978509292,328.13692495362903,181.07329342704844,-11307.297026431137,0.004673758838517432,11.0,0.14125,4150.0,0.00024282124910265612,1.964285714285714e-05
4293.952467456217,305.20337421933755,167.7613546495926,-11865.2337624356,0.00460057925089681,12.0,0.14125,4150.0,0.0002627422828427853,2.1428571428571428e-05
4542.399897848964,285.12982827730093,156.25761043683897,-12396.546480371937,0.004529646265544169,13.0,0.14125,4150.0,0.0002846374730796841,2.321428571428571e-05
4784.433070170972,267.5535857799234,146.315244362582,-12901.996155916779,0.004461560580418991,14.0,0.14125,4150.0,0.0003065326633165829,2.5e-05
5021.65354959515,251.81660027074886,137.29743391595298,-13387.400075069934,0.004395045908466216,15.0,0.14125,4150.0,0.00032842785355348164,2.6785714285714284e-05
5253.0215642707035,237.89741437116314,129.5424288614063,-13853.500734634501,0.004331124553401791,16.0,0.14125,4150.0,0.0003474515434314429,2.8571428571428567e-05
5479.337340203687,225.44021747937933,122.63821341832464,-14301.370506690473,0.004269482461623278,17.0,0.14125,4150.0,0.00036916726489590805,3.0357142857142857e-05
5701.556373818376,214.1579016592184,116.30487314164063,-14735.945750805615,0.0042094237520454,18.0,0.14125,4150.0,0.00039088298636037326,3.2142857142857144e-05
5919.756967654598,203.85900289311382,110.40642256045707,-15157.303126805236,0.004150804443798785,19.0,0.14125,4150.0,0.0004125987078248384,3.392857142857143e-05
6132.659224517418,194.66101871220002,105.50052485261835,-15562.646602017834,0.004094936181517522,20.0,0.14125,4150.0,0.0004307250538406318,3.571428571428572e-05
6342.835572864115,186.10967486527045,100.6915342604036,-15958.49700827273,0.004039862058656765,21.0,0.14125,4150.0,0.0004522613065326634,3.7500000000000003e-05
6548.17597743404,178.3325475638887,96.44205483740929,-16344.746498945773,0.003986699633599298,22.0,0.14125,4150.0,0.0004737975592246949,3.928571428571428e-05
6750.7403971596,171.16683114175075,92.45302290916801,-16717.692457384313,0.003935237447089963,23.0,0.14125,4150.0,0.0004953338119167265,4.1071428571428556e-05
6949.25281398532,164.57596587929112,88.86644599600014,-17083.901723056035,0.003872482329800894,24.0,0.14125,4100.0,0.0005168700646087581,4.2857142857142856e-05
7144.105602044341,158.47452071737032,85.58439731602108,-17439.59128449062,0.003824319274574095,25.0,0.14125,4100.0,0.0005384063173007897,4.464285714285714e-05
7337.370548312294,152.67893792278124,82.20012476374417,-17790.519361662562,0.0037765171263286334,26.0,0.14125,4100.0,0.0005552763819095477,4.642857142857142e-05
7526.964002856233,147.36474490035516,79.30750750824663,-18131.796464067338,0.003730572297576429,27.0,0.14125,4100.0,0.0005766331658291457,4.8214285714285716e-05
7712.502716331295,142.47646306325368,76.73728088872937,-18463.58686449082,0.003686415322536012,28.0,0.14125,4100.0,0.0005979899497487438,5e-05
7895.271374859876,137.8672579247875,74.19506698033233,-18790.50909655227,0.003642982410909401,29.0,0.14125,4100.0,0.0006193467336683417,5.178571428571429e-05
8075.572740746049,133.53115378878212,71.91484535742104,-19110.533366846736,0.0036006086394730964,30.0,0.14125,4100.0,0.0006407035175879397,5.357142857142857e-05
0.0,0.0,0.0,-2.1237246499294997,0.005501618660993763,0.0,0.18166666666666664,4250.0,0.0,
609.5886321252732,248.21427278902402,173.70212923593434,-1891.8481838806765,0.005354148466679116,1.0,0.18166666666666664,4200.0,2.3510409188801146e-05,1.7857142857142855e-06
1090.8265965792318,371.1713780520563,254.5134130621437,-3405.254952808413,0.005248982855476984,2.0,0.18166666666666664,4200.0,4.594400574300071e-05,3.571428571428571e-06
1499.3969431408073,428.62344746640133,286.4326732355454,-4664.5170522527405,0.005150104211047035,3.0,0.18166666666666664,4200.0,6.837760229720029e-05,5.357142857142857e-06
1862.5780715053543,449.35368828112587,292.08310062018205,-5743.772717775595,0.005056169185391401,4.0,0.18166666666666664,4200.0,9.045226130653265e-05,7.142857142857142e-06
2195.052271648187,448.7105895539546,283.5589681337595,-6690.136654586786,0.004966637506090068,5.0,0.18166666666666664,4200.0,0.00011306532663316583,8.92857142857143e-06
2505.7035999613227,435.4973334724706,267.0918818350545,-7535.480101939262,0.0048809472793171806,6.0,0.18166666666666664,4200.0,0.00013460157932519741,1.0714285714285714e-05
2799.6401994987405,414.98105575769904,246.9237545600601,-8301.343740137636,0.00479885333247893,7.0,0.18166666666666664,4200.0,0.00015577889447236182,1.25e-05
3080.5168505687225,390.4946406053506,225.42376111579452,-9004.43335673881,0.004719878882737038,8.0,0.18166666666666664,4200.0,0.00017803302225412776,1.4285714285714284e-05
3350.526602878594,364.3149558785242,204.79586674395796,-9655.638552686345,0.004644135381064272,9.0,0.18166666666666664,4200.0,0.00019867193108399138,1.6071428571428572e-05
3611.743829382805,337.8834633787253,187.30969653410233,-10265.36088850761,0.004550286080215136,10.0,0.18166666666666664,4150.0,0.00022074659009332378,1.785714285714286e-05
3865.180156254631,312.91493485296206,172.4228274633689,-10838.116540078176,0.0044806238289874485,11.0,0.18166666666666664,4150.0,0.00024282124910265612,1.964285714285714e-05
4111.396249507078,291.02261017115404,159.73108621504593,-11380.11066992781,0.004413513340725717,12.0,0.18166666666666664,4150.0,0.0002627422828427853,2.1428571428571428e-05
4351.494708968087,271.8614732133633,148.76021174499613,-11896.942107484268,0.004348372371939339,13.0,0.18166666666666664,4150.0,0.0002846374730796841,2.321428571428571e-05
4585.575887419862,255.084349516055,139.28320633803986,-12389.256640280764,0.004285763685107638,14.0,0.18166666666666664,4150.0,0.0003065326633165829,2.5e-05
4815.196185785987,240.06378086880974,130.69006218489704,-12862.589276351908,0.004224522502289267,15.0,0.18166666666666664,4150.0,0.00032842785355348164,2.6785714285714284e-05
5039.302794856487,226.77961492012145,123.30136039018542,-13317.551659032979,0.004165592172708927,16.0,0.18166666666666664,4150.0,0.0003474515434314429,2.8571428571428567e-05
5258.666079348618,214.8837463597959,116.72568359112644,-13755.22026343306,0.004108694289194073,17.0,0.18166666666666664,4150.0,0.00036916726489590805,3.0357142857142857e-05
5474.2036889070905,204.1232300789663,110.69141619393702,-14180.227848557937,0.004053191758016648,18.0,0.18166666666666664,4150.0,0.00039088298636037326,3.2142857142857144e-05
5685.989494956339,194.28683746265577,105.0695605904083,-14592.77506563579,0.0039989581789635995,19.0,0.18166666666666664,4150.0,0.0004125987078248384,3.392857142857143e-05
5892.732073689391,185.51696815762432,100.39594848329948,-14989.845998280733,0.003947211447635928,20.0,0.18166666666666664,4150.0,0.0004307250538406318,3.571428571428572e-05
6096.964832454824,177.35233856225435,95.815704803152,-15378.053446458944,0.003896147653372097,21.0,0.18166666666666664,4150.0,0.0004522613065326634,3.7500000000000003e-05
6296.600607803741,169.93227338019432,91.76832102647097,-15756.969324193647,0.0038468009709056285,22.0,0.18166666666666664,4150.0,0.0004737975592246949,3.928571428571428e-05
6493.63596444736,163.0971587192252,87.96931226778489,-16123.233569990778,0.003798985735461308,23.0,0.18166666666666664,4150.0,0.0004953338119167265,4.1071428571428556e-05
6686.83228330298,156.80952378155396,84.55248302222277,-16483.03265970778,0.0037523272561694365,24.0,0.18166666666666664,4150.0,0.0005168700646087581,4.2857142857142856e-05
6876.557907459809,150.99059852174466,81.43006340098228,-16832.549789997684,0.00370713948664525,25.0,0.18166666666666664,4150.0,0.0005384063173007897,4.464285714285714e-05
7064.84575948348,145.46224303583472,78.20452849762512,-17177.813315077685,0.003650437100961963,26.0,0.18166666666666664,4100.0,0.0005552763819095477,4.642857142857142e-05
7249.621268019914,140.39081998561767,75.45161512482765,-17513.64574974976,0.0036075977082523076,27.0,0.18166666666666664,4100.0,0.0005766331658291457,4.8214285714285716e-05
7430.518057161392,135.73485455212258,73.00417425356913,-17840.429442118184,0.0035663864075736523,28.0,0.18166666666666664,4100.0,0.0005979899497487438,5e-05
7608.800901923383,131.33132013166426,70.58304335211996,-18162.593462369463,0.003525816537981212,29.0,0.18166666666666664,4100.0,0.0006193467336683417,5.178571428571429e-05
7784.746666389107,127.19934717258894,68.41084801335998,-18477.96627616648,0.0034862042214540787,30.0,0.18166666666666664,4100.0,0.0006407035175879397,5.357142857142857e-05
0.0,0.0,0.0,-2.1237246499294997,0.005210003719445046,0.0,0.2220833333333333,4250.0,0.0,
577.9369402255435,235.23971404043743,164.61153168382592,-1794.0036680946505,0.005076219530685319,1.0,0.2220833333333333,4200.0,2.3510409188801146e-05,1.7857142857142855e-06
1035.0029467102668,351.9419699683544,241.3021296669773,-3232.4535681899433,0.004981838200378593,2.0,0.2220833333333333,4200.0,4.594400574300071e-05,3.571428571428571e-06
1423.7969128514767,406.62993204990113,271.69270496768445,-4432.130655105757,0.004892921636648564,3.0,0.2220833333333333,4200.0,6.837760229720029e-05,5.357142857142857e-06
1770.0435729606436,426.5174353083855,277.1789153326913,-5462.668968980077,0.004808289346858113,4.0,0.2220833333333333,4200.0,9.045226130653265e-05,7.142857142857142e-06
2087.5618981547286,426.11844015175694,269.2021928358604,-6368.317755243283,0.004727476405691552,5.0,0.2220833333333333,4200.0,0.00011306532663316583,8.92857142857143e-06
2384.7065351658225,413.7550375432084,253.66000444847947,-7179.0060280093385,0.004649994362480359,6.0,0.2220833333333333,4200.0,0.00013460157932519741,1.0714285714285714e-05
2666.266341416672,394.4214519253986,234.56721731702402,-7914.96091561349,0.004575638538286075,7.0,0.2220833333333333,4200.0,0.00015577889447236182,1.25e-05
2935.668087999887,371.2795263263312,214.17280438345244,-8591.887423196662,0.004503990343314525,8.0,0.2220833333333333,4200.0,0.00017803302225412776,1.4285714285714284e-05
3194.9537392438224,346.4863266402332,194.57523025682568,-9219.971005541418,0.004435163714827221,9.0,0.2220833333333333,4200.0,0.00019867193108399138,1.6071428571428572e-05
3446.0779337171157,321.4124226885072,177.9419822494812,-9808.989146379878,0.004368409201125682,10.0,0.2220833333333333,4200.0,0.00022074659009332378,1.785714285714286e-05
3689.9668532643554,297.6684592087771,163.78192866454592,-10363.170242235203,0.004285006872115971,11.0,0.2220833333333333,4150.0,0.00024282124910265612,1.964285714285714e-05
3927.13076651013,276.82107927277195,151.70879738122832,-10888.380693116567,0.004223766033494254,12.0,0.2220833333333333,4150.0,0.0002627422828427853,2.1428571428571428e-05
4158.612792779035,258.5693871634531,141.27661068919537,-11389.8960515867,0.004164239001746138,13.0,0.2220833333333333,4150.0,0.0002846374730796841,2.321428571428571e-05
4384.4731710609185,242.5923322478358,132.26352514667175,-11868.253016608869,0.004106949909199984,14.0,0.2220833333333333,4150.0,0.0003065326633165829,2.5e-05
4606.220014346839,228.29018288444811,124.09318637534842,-12328.702986532524,0.004050841006485368,15.0,0.2220833333333333,4150.0,0.00032842785355348164,2.6785714285714284e-05
4822.793823565757,215.64292958226577,117.06980673160132,-12771.735022631066,0.003996778380012338,16.0,0.2220833333333333,4150.0,0.0003474515434314429,2.8571428571428567e-05
5034.931120709996,204.3209624117299,110.8224656136119,-13198.42529688216,0.00394451604967723,17.0,0.2220833333333333,4150.0,0.00036916726489590805,3.0357142857142857e-05
5243.514025269948,194.0738562942399,105.08737958191185,-13613.106221239657,0.003893473873260817,18.0,0.2220833333333333,4150.0,0.00039088298636037326,3.2142857142857144e-05
5448.611490542042,184.7109080830183,99.74232486479949,-14016.094293837945,0.0038435415879960765,19.0,0.2220833333333333,4150.0,0.0004125987078248384,3.392857142857143e-05
5648.925404922115,176.3620544476062,95.30103460651158,-14404.17494637573,0.00379584420515786,20.0,0.2220833333333333,4150.0,0.0004307250538406318,3.571428571428572e-05
5846.944308758021,168.58530816836821,90.95319757836565,-14784.027592711158,0.00374872690637842,21.0,0.2220833333333333,4150.0,0.0004522613065326634,3.7500000000000003e-05
6040.610135537463,161.5222072129976,87.10404266630317,-15154.923592640036,0.0037031419894674807,22.0,0.2220833333333333,4150.0,0.0004737975592246949,3.928571428571428e-05
6231.850802310161,155.02503498031464,83.49494364549216,-15513.833736520734,0.003658927724875643,23.0,0.2220833333333333,4150.0,0.0004953338119167265,4.1071428571428556e-05
6419.468107454083,149.03485010183766,80.24789302184635,-15866.611736120947,0.0036157376189095754,24.0,0.2220833333333333,4150.0,0.0005168700646087581,4.2857142857142856e-05
6603.807477128072,143.49912489779447,77.28464192586948,-16209.440164370666,0.0035738683921864045,25.0,0.2220833333333333,4150.0,0.0005384063173007897,4.464285714285714e-05
6786.857718117204,138.23871445705944,74.218036213529,-16548.390498498193,0.0035321856377172837,26.0,0.2220833333333333,4150.0,0.0005552763819095477,4.642857142857142e-05
6966.563930447252,133.41099489269607,71.60453869608818,-16878.07199963832,0.00349211646693233,27.0,0.2220833333333333,4150.0,0.0005766331658291457,4.8214285714285716e-05
7142.56829859782,128.9872807971495,69.27982208191105,-17199.216898887673,0.0034424384241801276,28.0,0.2220833333333333,4100.0,0.0005979899497487438,5e-05
7316.115882322748,124.79071964663635,66.979689693271,-17516.047590505026,0.0034047193137187663,29.0,0.2220833333333333,4100.0,0.0006193467336683417,5.178571428571429e-05
7487.461478521519,120.86301545891166,64.91550375931979,-17826.21743314628,0.0033678598554213878,30.0,0.2220833333333333,4100.0,0.0006407035175879397,5.357142857142857e-05
0.0,0.0,0.0,-2.1237246499294997,0.0049206783217141305,0.0,0.2625,4250.0,0.0,
546.4600169093533,222.3465864441084,155.57942012528264,-1696.6623205725919,0.0047998085559094504,1.0,0.2625,4200.0,2.3510409188801146e-05,1.7857142857142855e-06
979.395793939238,332.8116069101362,228.1600853372803,-3060.16567484766,0.004715559345718639,2.0,0.2625,4200.0,4.594400574300071e-05,3.571428571428571e-06
1348.3684059227267,384.7256662761461,257.01709121464654,-4199.960715955545,0.0046360316563838705,3.0,0.2625,4200.0,6.837760229720029e-05,5.357142857142857e-06
1677.5726560900011,403.74751464005783,262.3247486602356,-5181.283063270021,0.0045601930181613515,4.0,0.2625,4200.0,9.045226130653265e-05,7.142857142857142e-06
1979.9816682008677,403.56518544813923,254.87795773143066,-6045.583187018252,0.004487645390697727,5.0,0.2625,4200.0,0.00011306532663316583,8.92857142857143e-06
2263.436770652174,392.03147724356876,240.24903330297687,-6820.8919303345465,0.004417966251115385,6.0,0.2625,4200.0,0.00013460157932519741,1.0714285714285714e-05
2532.4091950724546,373.8624325046246,222.2230537729396,-7526.15268487727,0.004350986079118085,7.0,0.2625,4200.0,0.00015577889447236182,1.25e-05
2790.1084260165208,352.0504416334835,202.93002973802047,-8176.089847437965,0.0042863391336617224,8.0,0.2625,4200.0,0.00017803302225412776,1.4285714285714284e-05
3038.426931300074,328.6333785603345,184.36108234882352,-8780.202637372779,0.004224139219525168,9.0,0.2625,4200.0,0.00019867193108399138,1.6071428571428572e-05
3279.203362221306,304.91167473826295,168.5847991126707,-9347.709574388842,0.004163719846921053,10.0,0.2625,4200.0,0.00022074659009332378,1.785714285714286e-05
3513.281698414812,282.3923511595513,155.14886450649385,-9882.409001208624,0.004105461970357483,11.0,0.2625,4200.0,0.00024282124910265612,1.964285714285714e-05
3741.123878211592,262.5926132746861,143.69517359481662,-10389.9410145839,0.004031300136987291,12.0,0.2625,4150.0,0.0002627422828427853,2.1428571428571428e-05
3963.713994253536,245.26251333939436,133.80257800129485,-10875.275706890745,0.003977199813726225,13.0,0.2625,4150.0,0.0002846374730796841,2.321428571428571e-05
4181.075578446295,230.08791556077995,125.25581717440988,-11338.820249564771,0.0039250638626302315,14.0,0.2625,4150.0,0.0003065326633165829,2.5e-05
4394.665847484999,216.50380785567307,117.5105381101781,-11785.541850383597,0.0038739364967936953,15.0,0.2625,4150.0,0.00032842785355348164,2.6785714285714284e-05
4603.423877905434,204.48899782928117,110.84841426656591,-12215.814452116967,0.0038246084896257798,16.0,0.2625,4150.0,0.0003474515434314429,2.8571428571428567e-05
4808.051135043888,193.7419858634,104.92921651443852,-12630.710194223153,0.003776863861929586,17.0,0.2625,4150.0,0.00036916726489590805,3.0357142857142857e-05
5009.394306042332,184.01016543037233,99.49332943369288,-13034.265021631967,0.0037301769652695227,18.0,0.2625,4150.0,0.00039088298636037326,3.2142857142857144e-05
5207.516892209611,175.12410399541028,94.42537462485919,-13426.90176176787,0.003684452257188029,19.0,0.2625,4150.0,0.0004125987078248384,3.392857142857143e-05
5401.120141983352,167.19561939928371,90.21632593912061,-13805.231758413924,0.0036407232899525414,20.0,0.2625,4150.0,0.0004307250538406318,3.571428571428572e-05
5592.641067125427,159.81833020569258,86.10043252180937,-14175.97239369707,0.003597479806786664,21.0,0.2625,4150.0,0.0004522613065326634,3.7500000000000003e-05
5780.057413152351,153.1144059558004,82.44973272757828,-14538.117191694517,0.00355559423864747,22.0,0.2625,4150.0,0.0004737975592246949,3.928571428571428e-05
5965.222889762689,146.944436311512,79.03048114949067,-14888.953941877553,0.0035149268714542866,23.0,0.2625,4150.0,0.0004953338119167265,4.1071428571428556e-05
6146.98597726979,141.25678790969056,75.95317700259233,-15234.007146144395,0.0034751587108236615,24.0,0.2625,4150.0,0.0005168700646087581,4.2857142857142856e-05
6325.665722601308,136.0013099919983,73.1486889650886,-15569.468828290075,0.003436568527594405,25.0,0.2625,4150.0,0.0005384063173007897,4.464285714285714e-05
6503.204596439229,131.0096264629658,70.24111787077403,-15901.493525845828,0.00339811498653932,26.0,0.2625,4150.0,0.0005552763819095477,4.642857142857142e-05
6677.56960977325,126.43448001030477,67.76679596775786,-16224.483870733246,0.003361113667278387,27.0,0.2625,4150.0,0.0005766331658291457,4.8214285714285716e-05
6848.4128852611475,122.23496848967702,65.56466261761526,-16539.341744710364,0.0033253914362849275,28.0,0.2625,4150.0,0.0005979899497487438,5e-05
7016.961339529138,118.25680025440039,63.38545138753015,-16850.113905443286,0.0032901705318454464,29.0,0.2625,4150.0,0.0006193467336683417,5.178571428571429e-05
7183.44873176345,114.52330937751829,61.429261306054926,-17154.40982053023,0.003245393788107581,30.0,0.2625,4100.0,0.0006407035175879397,5.357142857142857e-05
0.0,0.0,0.0,-2.1237246499294997,0.004633601406116193,0.0,0.30291666666666667,4250.0,0.0,
515.1541058271413,209.5318626689215,146.60379004664387,-1599.8230023712385,0.0045509773197561195,1.0,0.30291666666666667,4250.0,2.3510409188801146e-05,1.7857142857142855e-06
924.0012523496571,313.77677136377986,215.08729586481786,-2888.386284931388,0.004450138127315741,2.0,0.30291666666666667,4200.0,4.594400574300071e-05,3.571428571428571e-06
1273.1068544690008,362.9064939310236,242.40248303561924,-3968.006461343037,0.0043794340295322184,3.0,0.30291666666666667,4200.0,6.837760229720029e-05,5.357142857142857e-06
1585.1619748459677,381.0423800677298,247.51853858411985,-4899.617490547309,0.004311883966050576,4.0,0.30291666666666667,4200.0,9.045226130653265e-05,7.142857142857142e-06
1872.311667729882,381.056109657274,240.5908043702706,-5721.935965585413,0.004247149061342917,5.0,0.30291666666666667,4200.0,0.00011306532663316583,8.92857142857143e-06
2141.8896215707887,370.32694800863607,226.8601268799395,-6461.1377463600365,0.004184865822087134,6.0,0.30291666666666667,4200.0,0.00013460157932519741,1.0714285714285714e-05
2398.0646586513362,353.30337610448936,209.89158888032023,-7134.911849736789,0.0041248950741485085,7.0,0.30291666666666667,4200.0,0.00015577889447236182,1.25e-05
2643.829519302364,332.8086488902257,191.69633730675122,-7757.0221278948375,0.004066918926934586,8.0,0.30291666666666667,4200.0,0.00017803302225412776,1.4285714285714284e-05
2880.934141687672,310.75611621587024,174.1531660996227,-8336.299770714533,0.004011048721917499,9.0,0.30291666666666667,4200.0,0.00019867193108399138,1.6071428571428572e-05
3111.102462675169,288.38204146554773,159.2344744280642,-8881.410459612147,0.003956695113305973,10.0,0.30291666666666667,4200.0,0.00022074659009332378,1.785714285714286e-05
3335.0998747898493,267.0915033115581,146.52432519075168,-9395.845964678098,0.0039042079778390856,11.0,0.30291666666666667,4200.0,0.00024282124910265612,1.964285714285714e-05
3553.343042448561,248.34169772682688,135.69099080782757,-9884.709577774542,0.0038534660438482365,12.0,0.30291666666666667,4200.0,0.0002627422828427853,2.1428571428571428e-05
3766.7572804156985,231.931972333204,126.33834250369222,-10352.947781405099,0.003787208604113474,13.0,0.30291666666666667,4150.0,0.0002846374730796841,2.321428571428571e-05
3975.332534625965,217.5636833089346,118.2582666504207,-10800.79200757305,0.0037400495524663154,14.0,0.30291666666666667,4150.0,0.0003065326633165829,2.5e-05
4180.472578423042,204.70266543021333,110.93821502221347,-11232.903272185307,0.003693743142124416,15.0,0.30291666666666667,4150.0,0.00032842785355348164,2.6785714285714284e-05
4381.120437654043,193.32896119078012,104.63944261475557,-11649.549416966824,0.0036490069473097803,16.0,0.30291666666666667,4150.0,0.0003474515434314429,2.8571428571428567e-05
4577.9426543574655,183.14817039756514,99.04660820129253,-12051.793713186285,0.0036056521993698865,17.0,0.30291666666666667,4150.0,0.00036916726489590805,3.0357142857142857e-05
4771.748556859935,173.93452803570997,93.9099306637767,-12443.380502976113,0.0035632056081989815,18.0,0.30291666666666667,4150.0,0.00039088298636037326,3.2142857142857144e-05
4962.595897425456,165.52558114099494,89.12199870546489,-12824.829113283704,0.0035215851388443074,19.0,0.30291666666666667,4150.0,0.0004125987078248384,3.392857142857143e-05
5149.193493593453,158.019024725004,85.14250882064256,-13192.602616666452,0.0034817339851862467,20.0,0.30291666666666667,4150.0,0.0004307250538406318,3.571428571428572e-05
5333.9188907624475,151.0419415130042,81.25795920825837,-13553.426463677439,0.003442282549125992,21.0,0.30291666666666667,4150.0,0.0004522613065326634,3.7500000000000003e-05
5514.790476906873,144.69817924661677,77.80600442329673,-13906.0397617985,0.0034040248388461374,22.0,0.30291666666666667,4150.0,0.0004737975592246949,3.928571428571428e-05
5693.586648044013,138.8567465357449,74.57644132407079,-14248.034855975064,0.003366841488995905,23.0,0.30291666666666667,4150.0,0.0004953338119167265,4.1071428571428556e-05
5869.202519869547,133.47976907852353,71.67198053985123,-14584.608939729376,0.0033304401326785566,24.0,0.30291666666666667,4150.0,0.0005168700646087581,4.2857142857142856e-05
6041.931453028545,128.5026175891482,69.02270175284039,-14911.975025256063,0.003295081497993997,25.0,0.30291666666666667,4150.0,0.0005384063173007897,4.464285714285714e-05
6213.6658334827425,123.78052071503521,66.27550200468228,-15236.343033843623,0.00325981482254231,26.0,0.30291666666666667,4150.0,0.0005552763819095477,4.642857142857142e-05
6382.400807382024,119.456256318829,63.938866341181146,-15551.941923780396,0.003225845987129998,27.0,0.30291666666666667,4150.0,0.0005766331658291457,4.8214285714285716e-05
6547.802388667484,115.47916235086255,61.859146548947,-15859.885679969317,0.0031930171405029685,28.0,0.30291666666666667,4150.0,0.0005979899497487438,5e-05
6711.073429014435,111.71994188340406,59.80081527590217,-16164.024045046812,0.003160619173861426,29.0,0.30291666666666667,4150.0,0.0006193467336683417,5.178571428571429e-05
6872.420891142769,108.18515304591277,57.952572382293695,-16461.83701853853,0.0031289683763430524,30.0,0.30291666666666667,4150.0,0.0006407035175879397,5.357142857142857e-05
0.0,0.0,0.0,-2.1237246499294997,0.004348733086841965,0.0,0.3433333333333333,4250.0,0.0,
484.016764535399,196.79495610846791,137.6838216323746,-1503.493819015348,0.00427605236756274,1.0,0.3433333333333333,4250.0,2.3510409188801146e-05,1.7857142857142855e-06
868.8186369775071,294.8398104343487,202.08494396872632,-2717.1105666063304,0.00418556658592386,2.0,0.3433333333333333,4200.0,4.594400574300071e-05,3.571428571428571e-06
1198.0123174446287,341.175713873875,227.85218752882088,-3736.2672508112446,0.004123128609485487,3.0,0.3433333333333333,4200.0,6.837760229720029e-05,5.357142857142857e-06
1492.8111480282423,358.4041821119581,232.7621716998342,-4617.674950700573,0.00406336602272596,4.0,0.3433333333333333,4200.0,9.045226130653265e-05,7.142857142857142e-06
1764.5489030247127,358.58705867020643,226.33627491952353,-5397.379482508324,0.004005992133129713,5.0,0.3433333333333333,4200.0,0.00011306532663316583,8.92857142857143e-06
2020.0630742052917,348.64270701069233,213.49397690643178,-6099.74407026414,0.00395069611369876,6.0,0.3433333333333333,4200.0,0.00013460157932519741,1.0714285714285714e-05
2263.2281588612486,332.7471177049412,197.57456935490853,-6741.232179603794,0.0038973648046658487,7.0,0.3433333333333333,4200.0,0.00015577889447236182,1.25e-05
2496.822627415969,313.5537489195901,180.47165748009704,-7334.666907214087,0.003845723560773437,8.0,0.3433333333333333,4200.0,0.00017803302225412776,1.4285714285714284e-05
2722.462210148549,292.8565494374115,163.9535151928456,-7888.229425420999,0.0037958793834149606,9.0,0.3433333333333333,4200.0,0.00019867193108399138,1.6071428571428572e-05
2941.756401063997,271.8243402317178,149.8924443925399,-8410.039022678415,0.003747314432513124,10.0,0.3433333333333333,4200.0,0.00022074659009332378,1.785714285714286e-05
3155.3962285670464,251.76628476433496,137.90906332643294,-8903.292711662958,0.003700347410150277,11.0,0.3433333333333333,4200.0,0.00024282124910265612,1.964285714285714e-05
3363.7552398855773,234.07130185032497,127.69694406923618,-9372.695763381751,0.0036548760917007516,12.0,0.3433333333333333,4200.0,0.0002627422828427853,2.1428571428571428e-05
3567.700574025541,218.5796651420375,118.88469170961443,-9822.814555471938,0.003610505320913331,13.0,0.3433333333333333,4200.0,0.0002846374730796841,2.321428571428571e-05
3767.1926529804678,205.01939364930539,111.27161834331534,-10254.000328318616,0.003551850732495199,14.0,0.3433333333333333,4150.0,0.0003065326633165829,2.5e-05
3963.577386232175,192.8836976008652,104.37687944685864,-10670.582423758562,0.003510194563343331,15.0,0.3433333333333333,4150.0,0.00032842785355348164,2.6785714285714284e-05
4155.808934963195,182.1529844736304,98.44506165757817,-11072.695350904978,0.003469896858705955,16.0,0.3433333333333333,4150.0,0.0003474515434314429,2.8571428571428567e-05
4344.518398120177,172.54591025633536,93.17526611376691,-11461.389246171799,0.003430794003934427,17.0,0.3433333333333333,4150.0,0.00036916726489590805,3.0357142857142857e-05
4530.476078345247,163.85656062654533,88.33785347677104,-11840.121190713617,0.0033924624933263014,18.0,0.3433333333333333,4150.0,0.00039088298636037326,3.2142857142857144e-05
4713.735530626104,155.91678794875472,83.8319957430721,-12209.498179723865,0.003354832385105472,19.0,0.3433333333333333,4150.0,0.0004125987078248384,3.392857142857143e-05
4893.017236291084,148.84053652061976,80.08482077097469,-12565.861274671115,0.003318758635371494,20.0,0.3433333333333333,4150.0,0.0004307250538406318,3.571428571428572e-05
5070.63260357191,142.2575586444265,76.42636247413473,-12915.913536596592,0.0032830071948851845,21.0,0.3433333333333333,4150.0,0.0004522613065326634,3.7500000000000003e-05
5244.646588086895,136.27496734444665,73.1761634271586,-13258.163444832782,0.003248296336439291,22.0,0.3433333333333333,4150.0,0.0004737975592246949,3.928571428571428e-05
5416.762478440355,130.76337197764974,70.13335768144375,-13590.496419431234,0.0032145243188583476,23.0,0.3433333333333333,4150.0,0.0004953338119167265,4.1071428571428556e-05
5585.922495076593,125.69737549940896,67.403198555091,-13917.782233998842,0.0031814257360440784,24.0,0.3433333333333333,4150.0,0.0005168700646087581,4.2857142857142856e-05
5752.392665670718,121.00575885863742,64.90720288383541,-14236.269970896064,0.003149241896118183,25.0,0.3433333333333333,4150.0,0.0005384063173007897,4.464285714285714e-05
5918.013369084013,116.55364911927644,62.32401288780424,-14552.193099301963,0.0031171111940293903,26.0,0.3433333333333333,4150.0,0.0005552763819095477,4.642857142857142e-05
6080.815240336492,112.47479585405613,60.12123949965031,-14859.64468056224,0.003086130794192443,27.0,0.3433333333333333,4150.0,0.0005766331658291457,4.8214285714285716e-05
6240.47425512931,108.72114254402676,58.16775887662949,-15159.929956001142,0.0030561581883763976,28.0,0.3433333333333333,4150.0,0.0005979899497487438,5e-05
6398.165642622246,105.18096483336264,56.230417413962286,-15456.699403818762,0.0030265510116290173,29.0,0.3433333333333333,4150.0,0.0006193467336683417,5.178571428571429e-05
6554.07413767215,101.85172453395788,54.48592288835248,-15747.348302656384,0.0029976012945052482,30.0,0.3433333333333333,4150.0,0.0006407035175879397,5.357142857142857e-05
0.0,0.0,0.0,-2.1237246499294997,0.00406603461378394,0.0,0.38375,4250.0,0.0,
453.0456115678448,184.13491334241408,128.81873898910877,-1407.6475741528266,0.004002580059731454,1.0,0.38375,4250.0,2.3510409188801146e-05,1.7857142857142855e-06
813.8441104613902,275.9984353430248,189.1508075193049,-2546.333811721859,0.003921836982419907,2.0,0.38375,4200.0,4.594400574300071e-05,3.571428571428571e-06
1123.081454027096,319.53091865341133,213.3623228717365,-3504.7425852507076,0.0038671153359092153,3.0,0.38375,4200.0,6.837760229720029e-05,5.357142857142857e-06
1400.518651113964,335.8304501009537,218.0541152404339,-4335.4583605307635,0.003814643110059497,4.0,0.38375,4200.0,9.045226130653265e-05,7.142857142857142e-06
1656.6915827975645,336.1613773921962,212.1179201902084,-5071.917481073251,0.0037641794691834025,5.0,0.38375,4200.0,0.00011306532663316583,8.92857142857143e-06
1897.956073198666,326.97959115298266,200.15069525003358,-5736.711917279325,0.0037154604419167687,6.0,0.38375,4200.0,0.00013460157932519741,1.0714285714285714e-05
2127.8936352293563,312.1938820827576,185.27215637737362,-6345.10783693433,0.0036683950028354537,7.0,0.38375,4200.0,0.00015577889447236182,1.25e-05
2349.080204560606,294.28617864719376,169.25557264187512,-6909.007261263556,0.0036227474584256667,8.0,0.38375,4200.0,0.00017803302225412776,1.4285714285714284e-05
2562.998296296524,274.9355515569891,153.76879159876094,-7435.959435837991,0.0035786189483672354,9.0,0.38375,4200.0,0.00019867193108399138,1.6071428571428572e-05
2771.1466627933405,255.23944198964833,140.5593644594668,-7933.543643773199,0.003535557666788409,10.0,0.38375,4200.0,0.00022074659009332378,1.785714285714286e-05
2974.1452327924267,236.41352667473348,129.3038676111486,-8404.673651275196,0.003493851274509893,11.0,0.38375,4200.0,0.00024282124910265612,1.964285714285714e-05
3172.32673180894,219.7763233900722,119.71544055012255,-8853.668050348868,0.003453414302546588,12.0,0.38375,4200.0,0.0002627422828427853,2.1428571428571428e-05
3366.500887508564,205.21454224212232,111.44233555429831,-9284.835048055065,0.003413899832248658,13.0,0.38375,4200.0,0.0002846374730796841,2.321428571428571e-05
3556.6019255323745,192.46314645778847,104.29665805462115,-9698.34848321251,0.0033756277124614934,14.0,0.38375,4200.0,0.0003065326633165829,2.5e-05
3743.9154900553453,181.05153731407708,97.82727583055924,-10098.37187069212,0.003323223645099111,15.0,0.38375,4150.0,0.00032842785355348164,2.6785714285714284e-05
3927.4123537089367,170.96262212033915,92.26236926835213,-10485.003896182461,0.003287200544773221,16.0,0.38375,4150.0,0.0003474515434314429,2.8571428571428567e-05
4107.687719697494,161.93622717039779,87.31592137630336,-10859.204315952527,0.0032522006844857678,17.0,0.38375,4150.0,0.00036916726489590805,3.0357142857142857e-05
4285.472532668741,153.76757850395998,82.77773545095636,-11224.148566241958,0.003217848210845154,18.0,0.38375,4150.0,0.00039088298636037326,3.2142857142857144e-05
4460.816864400699,146.30719289406935,78.55356525816543,-11580.521061136875,0.0031840836352585522,19.0,0.38375,4150.0,0.0004125987078248384,3.392857142857143e-05
4632.455095497683,139.65729941522204,75.03860753396275,-11924.569779242462,0.003151676143039913,20.0,0.38375,4150.0,0.0004307250538406318,3.571428571428572e-05
4802.629515251878,133.46667916035716,71.60626832776865,-12262.94172113476,0.003119522250086891,21.0,0.38375,4150.0,0.0004522613065326634,3.7500000000000003e-05
4969.45736618407,127.84629505701675,68.55962721968336,-12593.942613352054,0.003088266481486873,22.0,0.38375,4150.0,0.0004737975592246949,3.928571428571428e-05
5134.566236320646,122.67197071306806,65.70514980530056,-12915.736137465923,0.0030578231357393996,23.0,0.38375,4150.0,0.0004953338119167265,4.1071428571428556e-05
5296.943745379376,117.9110935508014,63.14533008132554,-13232.86747120112,0.0030279530051120964,24.0,0.38375,4150.0,0.0005168700646087581,4.2857142857142856e-05
5456.829885809868,113.50554957648265,60.802759084766,-13541.634984080047,0.002998877758477361,25.0,0.38375,4150.0,0.0005384063173007897,4.464285714285714e-05
5616.007304592562,109.32410530218058,58.38306651528377,-13848.265163051503,0.002969822184109504,26.0,0.38375,4150.0,0.0005552763819095477,4.642857142857142e-05
5772.54901103366,105.49146945607241,56.31439758308879,-14146.753248868576,0.002941776862003592,27.0,0.38375,4150.0,0.0005766331658291457,4.8214285714285716e-05
5926.143358192237,101.96665957781622,54.48715980452442,-14438.573547622073,0.0029146146122240734,28.0,0.38375,4150.0,0.0005979899497487438,5e-05
6077.938607885302,98.64120114001699,52.67046299870714,-14727.176265575275,0.002887757366984416,29.0,0.38375,4150.0,0.0006193467336683417,5.178571428571429e-05
6228.089720944457,95.51757713605865,51.032112071372005,-15009.887951962002,0.0028614729434993597,30.0,0.38375,4150.0,0.0006407035175879397,5.357142857142857e-05
0.0,0.0,0.0,-2.1237246499294997,0.003785468355187927,0.0,0.42416666666666664,4250.0,0.0,
422.23891099646744,171.55126711399197,120.00816012109111,-1312.2779046458745,0.0037305409315028615,1.0,0.42416666666666664,4250.0,2.3510409188801146e-05,1.7857142857142855e-06
759.0749687049308,257.25128835015613,176.2823449884398,-2376.0514338931243,0.0036589417827924612,2.0,0.42416666666666664,4200.0,4.594400574300071e-05,3.571428571428571e-06
1048.3136763535194,297.97136403374844,198.93508664624656,-3273.4320234777333,0.0036113942727788485,3.0,0.42416666666666664,4200.0,6.837760229720029e-05,5.357142857142857e-06
1308.282584753564,313.32345010285076,203.39575347501454,-4052.9707014589585,0.0035657193022996677,4.0,0.42416666666666664,4200.0,9.045226130653265e-05,7.142857142857142e-06
1548.7402510653376,313.77843101466266,197.93484662053535,-4745.553852413919,0.003521716174088636,5.0,0.42416666666666664,4200.0,0.00011306532663316583,8.92857142857143e-06
1775.5639917116093,305.33871572981,186.831170892705,-5372.0426459089285,0.003479162453928219,6.0,0.42416666666666664,4200.0,0.00013460157932519741,1.0714285714285714e-05
1992.0566629822122,291.64711106894003,172.9844207507416,-5946.533723529545,0.0034379857902154458,7.0,0.42416666666666664,4200.0,0.00015577889447236182,1.25e-05
2200.5936604761196,275.0080476156753,158.05170801112516,-6480.027321309011,0.0033979855138791294,8.0,0.42416666666666664,4200.0,0.00017803302225412776,1.4285714285714284e-05
2402.529666979832,256.9975122168233,143.59232973288616,-6979.458570903749,0.003359255620679914,9.0,0.42416666666666664,4200.0,0.00019867193108399138,1.6071428571428572e-05
2599.2544545796945,238.6331418966029,131.23608601591488,-7451.8732454908895,0.0033214050780972075,10.0,0.42416666666666664,4200.0,0.00022074659009332378,1.785714285714286e-05
2791.321226007964,221.0394770916874,120.71169180848825,-7899.913942852385,0.003284691025372665,11.0,0.42416666666666664,4200.0,0.00024282124910265612,1.964285714285714e-05
2979.0231507388744,205.46197311858748,111.7480630183697,-8327.52354935652,0.003249042641707486,12.0,0.42416666666666664,4200.0,0.0002627422828427853,2.1428571428571428e-05
3163.1141672886647,191.82859268627692,104.01211392434615,-8738.750528407421,0.003214157716658263,13.0,0.42416666666666664,4200.0,0.0002846374730796841,2.321428571428571e-05
3343.505689175528,179.89153368646245,97.33411937580291,-9133.69864838873,0.003180322748823382,14.0,0.42416666666666664,4200.0,0.0003065326633165829,2.5e-05
3521.4202285751558,169.2101929315908,91.29017037401144,-9516.191274109566,0.003147022048227391,15.0,0.42416666666666664,4200.0,0.00032842785355348164,2.6785714285714284e-05
3695.8511918507384,159.76513550305725,86.09207135637661,-9886.23544538363,0.003114726807867328,16.0,0.42416666666666664,4200.0,0.0003474515434314429,2.8571428571428567e-05
3867.358121394243,151.31522207237867,81.46926552983395,-10244.941317997014,0.0030697823833644505,17.0,0.42416666666666664,4150.0,0.00036916726489590805,3.0357142857142857e-05
4036.6301612882044,143.66916704051152,77.23026606884618,-10595.116756665586,0.003039261295728306,18.0,0.42416666666666664,4150.0,0.00039088298636037326,3.2142857142857144e-05
4203.713849027085,136.69114041503357,73.28734245417631,-10937.50035810718,0.003009226056380317,19.0,0.42416666666666664,4150.0,0.0004125987078248384,3.392857142857143e-05
4367.366732060703,130.46736670172584,70.0045163145915,-11268.277722401966,0.0029803623333255324,20.0,0.42416666666666664,4150.0,0.0004307250538406318,3.571428571428572e-05
4529.754379603354,124.67798916687761,66.79827242326199,-11594.004575372433,0.0029516922130538425,21.0,0.42416666666666664,4150.0,0.0004522613065326634,3.7500000000000003e-05
4689.051587326913,119.41806065329799,63.95480937484783,-11912.813613703831,0.002923788402600471,22.0,0.42416666666666664,4150.0,0.0004737975592246949,3.928571428571428e-05
4846.805345014616,114.58012967496616,61.28972337650719,-12223.130247899404,0.0028965801982369214,23.0,0.42416666666666664,4150.0,0.0004953338119167265,4.1071428571428556e-05
5002.050311540291,110.12243387942657,58.898933646760234,-12529.179182557134,0.002869853340704522,24.0,0.42416666666666664,4150.0,0.0005168700646087581,4.2857142857142856e-05
5155.00654781053,106.00349795291409,56.70991072555468,-12827.322076633325,0.0028438099083294,25.0,0.42416666666666664,4150.0,0.0005384063173007897,4.464285714285714e-05
5307.392183931508,102.09335844407038,54.45317175310267,-13123.746748853984,0.002817757796433586,26.0,0.42416666666666664,4150.0,0.0005552763819095477,4.642857142857142e-05
5457.327184216259,98.50771742511422,52.51888482405054,-13412.388974343536,0.0027925843048076725,27.0,0.42416666666666664,4150.0,0.0005766331658291457,4.8214285714285716e-05
5604.517491912221,95.21659655733966,50.817172125754226,-13694.87194092614,0.00276817647593142,28.0,0.42416666666666664,4150.0,0.0005979899497487438,5e-05
5750.069877849296,92.10204203259978,49.12101176846547,-13974.44160680112,0.0027440187851103604,29.0,0.42416666666666664,4150.0,0.0006193467336683417,5.178571428571429e-05
5894.122453297663,89.18410480796302,47.59109082214463,-14248.375674725998,0.0027203543826099506,30.0,0.42416666666666664,4150.0,0.0006407035175879397,5.357142857142857e-05
0.0,0.0,0.0,-2.1237246499294997,0.003506997731021188,0.0,0.4645833333333333,4250.0,0.0,
391.5947142435863,159.04326413863006,111.2510342264804,-1217.3786017707607,0.00345991599188638,1.0,0.4645833333333333,4250.0,2.3510409188801146e-05,1.7857142857142855e-06
704.5109315038737,238.59901837794717,163.4828729179475,-2206.258969300383,0.003396873644320848,2.0,0.4645833333333333,4200.0,4.594400574300071e-05,3.571428571428571e-06
973.706211897105,276.4976209390282,184.56996588063197,-3042.335219406683,0.003355965574012093,3.0,0.4645833333333333,4200.0,6.837760229720029e-05,5.357142857142857e-06
1216.1032016427694,290.88240344740393,188.7861286156331,-3770.2150989112997,0.003316598774891219,4.0,0.4645833333333333,4200.0,9.045226130653265e-05,7.142857142857142e-06
1440.6911879771772,291.4394163532578,183.78754050563313,-4418.292811961212,0.0032786075148785727,5.0,0.4645833333333333,4200.0,0.00011306532663316583,8.92857142857143e-06
1652.884867286068,283.7185124664062,173.53503704536502,-5005.738277372548,0.0032418060517854174,6.0,0.4645833333333333,4200.0,0.00013460157932519741,1.0714285714285714e-05
1855.7128143148727,271.1050023114708,160.71117203832011,-5545.505416809843,0.0032061377092162213,7.0,0.4645833333333333,4200.0,0.00015577889447236182,1.25e-05
2051.3548785341054,255.7204632094713,146.8594785516883,-6047.711768337176,0.00317143307974732,8.0,0.4645833333333333,4200.0,0.00017803302225412776,1.4285714285714284e-05
2241.043451988564,239.04200250855556,133.42479990912767,-6518.696515738222,0.003137778060442212,9.0,0.4645833333333333,4200.0,0.00019867193108399138,1.6071428571428572e-05
2426.0609650950114,222.00255478218733,121.92554544992323,-6964.978010682651,0.0031048374807322227,10.0,0.4645833333333333,4200.0,0.00022074659009332378,1.785714285714286e-05
2606.8974902154196,205.64179483474948,112.13254838377802,-7388.939242025466,0.003072838615591335,11.0,0.4645833333333333,4200.0,0.00024282124910265612,1.964285714285714e-05
2783.809489165278,191.12921230383196,103.79272461770705,-7794.159968425331,0.00304172317644926,12.0,0.4645833333333333,4200.0,0.0002627422828427853,2.1428571428571428e-05
2957.4954366319407,178.4243647757426,96.595435730119,-8184.426105907667,0.003011230733967471,13.0,0.4645833333333333,4200.0,0.0002846374730796841,2.321428571428571e-05
3127.847657502992,167.3033056657094,90.38481861178285,-8559.780243423324,0.002981614756133879,14.0,0.4645833333333333,4200.0,0.0003065326633165829,2.5e-05
3296.023104599719,157.3546209898942,84.76630728178162,-8923.760243799428,0.0029524281823793247,15.0,0.4645833333333333,4200.0,0.00032842785355348164,2.6785714285714284e-05
3461.0435534354015,148.5589991861284,79.93493021322536,-9276.305644197673,0.002924083822058197,16.0,0.4645833333333333,4200.0,0.0003474515434314429,2.8571428571428567e-05
3623.4334278338465,140.68459706314465,75.63600050826923,-9618.396831428821,0.002896440505286347,17.0,0.4645833333333333,4200.0,0.00036916726489590805,3.0357142857142857e-05
3783.836672269388,133.56617006007698,71.6961154266836,-9952.672860383725,0.0028565986097346834,18.0,0.4645833333333333,4150.0,0.00039088298636037326,3.2142857142857144e-05
3942.2997631749868,127.0685474253149,68.03397909294644,-10280.029723799576,0.0028301441834674467,19.0,0.4645833333333333,4150.0,0.0004125987078248384,3.392857142857143e-05
4097.607772301094,121.27243701199156,64.98318884997406,-10596.522537784025,0.00280469004972389,20.0,0.4645833333333333,4150.0,0.0004307250538406318,3.571428571428572e-05
4251.842553429184,115.88693428023808,62.00298845064021,-10908.581078122312,0.0027793775735295723,21.0,0.4645833333333333,4150.0,0.0004522613065326634,3.7500000000000003e-05
4403.240996135007,110.9912354781944,59.362331095424814,-11214.193709851774,0.002754710869781833,22.0,0.4645833333333333,4150.0,0.0004737975592246949,3.928571428571428e-05
4553.271723705972,106.48608999420641,56.88641674754963,-11512.033382258887,0.002730632215172975,23.0,0.4645833333333333,4150.0,0.0004953338119167265,4.1071428571428556e-05
4701.01906151364,102.33618350639179,54.66459637568073,-11806.005554603282,0.0027069519148368425,24.0,0.4645833333333333,4150.0,0.0005168700646087581,4.2857142857142856e-05
4846.679154186817,98.50119325865262,52.62918425784906,-12092.553578963954,0.0026838518146884006,25.0,0.4645833333333333,4150.0,0.0005384063173007897,4.464285714285714e-05
4991.89802479254,94.86294068791938,50.53487023385857,-12377.789748598305,0.002660720122119732,26.0,0.4645833333333333,4150.0,0.0005552763819095477,4.642857142857142e-05
5134.857769501491,91.5263498830731,48.73914217117092,-12655.633669257913,0.0026383439999890794,27.0,0.4645833333333333,4150.0,0.0005766331658291457,4.8214285714285716e-05
5275.278239676037,88.46745079289087,47.15830911012459,-12927.834807897874,0.002616623923870155,28.0,0.4645833333333333,4150.0,0.0005979899497487438,5e-05
5414.223074314697,85.56495310914576,45.58337745447344,-13197.432079313592,0.002595104555082076,29.0,0.4645833333333333,4150.0,0.0006193467336683417,5.178571428571429e-05
5551.811082326099,82.85275012947378,44.16095961832979,-13461.674079880002,0.0025740044777126103,30.0,0.4645833333333333,4150.0,0.0006407035175879397,5.357142857142857e-05
0.0,0.0,0.0,-2.1237246499294997,0.0032305871716596084,0.0,0.505,4250.0,0.0,
361.1099216497164,146.6090534057958,102.5466104297813,-1122.9436055682017,0.003190686706444407,1.0,0.505,4250.0,2.3510409188801146e-05,1.7857142857142855e-06
650.1474588986939,220.03838949391644,150.74956455223483,-2036.952070766085,0.0031356254081838742,2.0,0.505,4200.0,4.594400574300071e-05,3.571428571428571e-06
899.2583474844182,255.10989040292685,170.2646328868482,-2811.451921679385,0.0031008294762489104,3.0,0.505,4200.0,6.837760229720029e-05,5.357142857142857e-06
1123.9770640788902,268.50681303618205,174.22609580236872,-3487.194884744429,0.0030672857793442886,4.0,0.505,4200.0,9.045226130653265e-05,7.142857142857142e-06
1332.5446886499662,269.14356281273064,169.67641466708707,-4090.138957992167,0.0030348589220495796,5.0,0.505,4200.0,0.00011306532663316583,8.92857142857143e-06
1529.9178103346742,262.1235052915464,160.26378454053443,-4637.801092744965,0.0030033954843177485,6.0,0.505,4200.0,0.00013460157932519741,1.0714285714285714e-05
1718.8585233456342,250.5696009133706,148.455763353657,-5142.019008692798,0.0029728516724692082,7.0,0.505,4200.0,0.00015577889447236182,1.25e-05
1901.3568213106541,236.4284157891867,135.67950243557885,-5612.046547800004,0.0029430859061453153,8.0,0.505,4200.0,0.00017803302225412776,1.4285714285714284e-05
2078.527263547175,221.06736624211962,123.26738051363061,-6053.643956606422,0.002914175564852339,9.0,0.505,4200.0,0.00019867193108399138,1.6071428571428572e-05
2251.546995065923,205.34728770861878,112.62722906881707,-6472.808706042946,0.0028858362599960396,10.0,0.505,4200.0,0.00022074659009332378,1.785714285714286e-05
2420.8474313654633,190.21917928879262,103.56540021037358,-6871.676657687116,0.002858266314212547,11.0,0.505,4200.0,0.00024282124910265612,1.964285714285714e-05
2586.649897103998,176.77498055328925,95.85028467404109,-7253.475102036049,0.0028314185830278704,12.0,0.505,4200.0,0.0002627422828427853,2.1428571428571428e-05
2749.5986986853113,165.00887613465085,89.19542816870316,-7621.727131203057,0.002805070651805912,13.0,0.505,4200.0,0.0002846374730796841,2.321428571428571e-05
2909.570467010332,154.70533954147845,83.45107548617509,-7976.421072311612,0.0027794444131802585,14.0,0.505,4200.0,0.0003065326633165829,2.5e-05
3067.654404187416,145.48778898655038,78.25646718536748,-8320.811495429894,0.002754156334720178,15.0,0.505,4200.0,0.00032842785355348164,2.6785714285714284e-05
3222.9066489825127,137.34240910891697,73.79168277675038,-8654.779858690592,0.0027295639874448897,16.0,0.505,4200.0,0.0003474515434314429,2.8571428571428567e-05
3375.8130189050357,130.0537223091013,69.81937064146403,-8979.274278347737,0.002705548041239891,17.0,0.505,4200.0,0.00036916726489590805,3.0357142857142857e-05
3526.975540217179,123.46191393649514,66.1787838532123,-9296.664130067322,0.0026819254647474687,18.0,0.505,4200.0,0.00039088298636037326,3.2142857142857144e-05
3676.438954426245,117.4411944655412,62.79416250144885,-9607.800191281865,0.0026585924939246243,19.0,0.505,4200.0,0.0004125987078248384,3.392857142857143e-05
3823.0243206797827,112.07904894141947,59.9752613628881,-9908.840373045758,0.0026361497440267885,20.0,0.505,4200.0,0.0004307250538406318,3.571428571428572e-05
3968.7192587791137,107.09323652840393,57.22102480122215,-10206.13527891432,0.0026024352099372505,21.0,0.505,4150.0,0.0004522613065326634,3.7500000000000003e-05
4111.834269708059,102.5627139163874,54.78279287104381,-10497.48247761558,0.0025808779530575193,22.0,0.505,4150.0,0.0004737975592246949,3.928571428571428e-05
4253.755387369251,98.39153680058418,52.49582014067306,-10781.77763395507,0.0025598106965171803,23.0,0.505,4150.0,0.0004953338119167265,4.1071428571428556e-05
4393.611436429438,94.55495114793301,50.443472619403465,-11062.60932429834,0.002539067444426666,24.0,0.505,4150.0,0.0005168700646087581,4.2857142857142856e-05
4531.584957124771,91.00228377846553,48.561124425431736,-11336.52112236702,0.0025188097038159702,25.0,0.505,4150.0,0.0005384063173007897,4.464285714285714e-05
4669.242437347865,87.63497655527843,46.62872161630865,-11609.51013368457,0.002498502986891224,26.0,0.505,4150.0,0.0005552763819095477,4.642857142857142e-05
4804.831874876259,84.5536659836407,44.9712174983185,-11875.527923692382,0.002478837569862984,27.0,0.505,4150.0,0.0005766331658291457,4.8214285714285716e-05
4938.091008777861,81.72076673573153,43.513553090160386,-12136.425324211159,0.00245972662709917,28.0,0.505,4150.0,0.0005979899497487438,5e-05
5070.035865298801,79.03806056351222,42.0599696601472,-12395.031068805663,0.0024407725375531894,29.0,0.505,4150.0,0.0006193467336683417,5.178571428571429e-05
5200.769129356635,76.52500398246372,40.74222321214201,-12648.586527398526,0.00242216952389113,30.0,0.505,4150.0,0.0006407035175879397,5.357142857142857e-05
0.0,0.0,0.0,-2.1237246499294997,0.00295620207900642,0.0,0.5454166666666667,4250.0,0.0,
330.78238674393646,134.24766276434946,93.89419920786325,-1028.9669994555807,0.0029228349809102398,1.0,0.5454166666666667,4250.0,2.3510409188801146e-05,1.7857142857142855e-06
595.9826220542353,201.56963560791985,138.08152161803395,-1868.1265042832165,0.002875190091237753,2.0,0.5454166666666667,4200.0,4.594400574300071e-05,3.571428571428571e-06
824.9679702205636,233.80553174169023,156.021485242501,-2580.7819998757623,0.002845986284301242,3.0,0.5454166666666667,4200.0,6.837760229720029e-05,5.357142857142857e-06
1031.906297072353,246.1994534991352,159.7153360250957,-3203.9135575900946,0.0028177846600273356,4.0,0.5454166666666667,4200.0,9.045226130653265e-05,7.142857142857142e-06
1224.2995076276954,246.89422030779366,155.60219656113557,-3761.096962157957,0.002790476057879952,5.0,0.5454166666666667,4200.0,0.00011306532663316583,8.92857142857143e-06
1406.659266608795,240.55260318892988,147.0180284408618,-4268.233853900521,0.0027639352415929023,6.0,0.5454166666666667,4200.0,0.00013460157932519741,1.0714285714285714e-05
1581.4879789477516,230.03873100444403,136.2178774952111,-4736.071652888793,0.002738128920275237,7.0,0.5454166666666667,4200.0,0.00015577889447236182,1.25e-05
1750.5904391591673,217.1289935395829,124.51149352256887,-5173.018020033982,0.002712940416578185,8.0,0.5454166666666667,4200.0,0.00017803302225412776,1.4285714285714284e-05
1914.967871119022,203.07513340974265,113.12049595596606,-5584.272538040881,0.0026884379237964336,9.0,0.5454166666666667,4200.0,0.00019867193108399138,1.6071428571428572e-05
2075.693389176949,188.66857765085027,103.34026491333964,-5975.317793753529,0.002664383258273077,10.0,0.5454166666666667,4200.0,0.00022074659009332378,1.785714285714286e-05
2233.1437839586597,174.77887708008353,95.01112559300613,-6348.053418792755,0.0026409471864843087,11.0,0.5454166666666667,4200.0,0.00024282124910265612,1.964285714285714e-05
2387.508605926087,162.40533260189656,87.92160146885136,-6705.368214104623,0.002618091712808881,12.0,0.5454166666666667,4200.0,0.0002627422828427853,2.1428571428571428e-05
2539.3772680637658,151.57628799407956,81.80947426232181,-7050.518489961032,0.0025956297365036813,13.0,0.5454166666666667,4200.0,0.0002846374730796841,2.321428571428571e-05
2688.615137232203,142.09595705800774,76.53388136504846,-7383.448594576694,0.0025737523231872715,14.0,0.5454166666666667,4200.0,0.0003065326633165829,2.5e-05
2836.241983587579,133.61636989429073,71.76356796932858,-7707.129737044139,0.0025521351128322597,15.0,0.5454166666666667,4200.0,0.00032842785355348164,2.6785714285714284e-05
2981.3509509803994,126.1195427179492,67.66308951059338,-8021.396863296941,0.002531083259140543,16.0,0.5454166666666667,4200.0,0.0003474515434314429,2.8571428571428567e-05
3124.3923128235297,119.41617694320622,64.01825562231971,-8327.15926972522,0.0025104975458454405,17.0,0.5454166666666667,4200.0,0.00036916726489590805,3.0357142857142857e-05
3265.9257300660006,113.35245956133534,60.67648265494243,-8626.533948093063,0.0024902225660101644,18.0,0.5454166666666667,4200.0,0.00039088298636037326,3.2142857142857144e-05
3405.99252896129,107.81810890496136,57.56857268074609,-8920.401272118608,0.0024701706742169724,19.0,0.5454166666666667,4200.0,0.0004125987078248384,3.392857142857143e-05
3543.4570225806915,102.88642817634543,54.981384827476695,-9204.960478570873,0.0024508594146436286,20.0,0.5454166666666667,4200.0,0.0004307250538406318,3.571428571428572e-05
3680.2062804081097,98.29874061742635,52.4530350792472,-9486.270463642526,0.0024315853008915495,21.0,0.5454166666666667,4200.0,0.0004522613065326634,3.7500000000000003e-05
3814.6296096890514,94.13429048469212,50.21680975664117,-9762.127104787374,0.002412788391669662,22.0,0.5454166666666667,4200.0,0.0004737975592246949,3.928571428571428e-05
3948.026256797604,90.29826658120275,48.11945556169,-10031.672992232176,0.0023839417545859767,23.0,0.5454166666666667,4150.0,0.0004953338119167265,4.1071428571428556e-05
4079.580019377594,86.77516199170454,46.23808635486904,-10298.226653501406,0.0023660123484128067,24.0,0.5454166666666667,4150.0,0.0005168700646087581,4.2857142857142856e-05
4209.450963354838,83.51116902228479,44.50630388444088,-10558.384743037706,0.0023484826359948465,25.0,0.5454166666666667,4150.0,0.0005384063173007897,4.464285714285714e-05
4339.12181533161,80.41690100668364,42.735279088707955,-10817.987755186441,0.0023308918007526073,26.0,0.5454166666666667,4150.0,0.0005552763819095477,4.642857142857142e-05
4466.923792206886,77.58412074283399,41.215611063652375,-11071.071068964491,0.002313837025228901,27.0,0.5454166666666667,4150.0,0.0005766331658291457,4.8214285714285716e-05
4592.601037715142,74.97816334821837,39.88163599123547,-11319.559412006689,0.002297243558911505,28.0,0.5454166666666667,4150.0,0.0005979899497487438,5e-05
4717.1253245657335,72.51587765809788,38.5479697152891,-11566.067774786308,0.0022807687582475688,29.0,0.5454166666666667,4150.0,0.0006193467336683417,5.178571428571429e-05
4840.58236651675,70.20313946772725,37.33539289440425,-11807.854807712676,0.002264582902081,30.0,0.5454166666666667,4150.0,0.0006407035175879397,5.357142857142857e-05
0.0,0.0,0.0,-2.1237246499294997,0.002683808789534078,0.0,0.5858333333333333,4250.0,0.0,
300.61001100498305,121.95813913287768,85.29312323240354,-935.4430052213502,0.002656343145522921,1.0,0.5858333333333333,4250.0,2.3510409188801146e-05,1.7857142857142855e-06
542.0160536516441,183.19364748146774,125.479055429845,-1699.7781466046872,0.002615560878299934,2.0,0.5858333333333333,4200.0,4.594400574300071e-05,3.571428571428571e-06
750.8332880124611,212.58602259446604,141.83894623546857,-2350.325424751747,0.0025914363773567733,3.0,0.5858333333333333,4200.0,6.837760229720029e-05,5.357142857142857e-06
939.8865425686714,223.95668788487504,145.25453133135207,-2920.374631273742,0.0025680998952601996,4.0,0.5858333333333333,4200.0,9.045226130653265e-05,7.142857142857142e-06
1115.9533047470727,224.68805434338907,141.56486882095743,-3431.171810634587,0.002545464716448481,5.0,0.5858333333333333,4200.0,0.00011306532663316583,8.92857142857143e-06
1283.1069838849883,219.00880302966877,133.79743381239257,-3897.0400529556573,0.0025234300496906666,6.0,0.5858333333333333,4200.0,0.00013460157932519741,1.0714285714285714e-05
1443.5971892794134,209.51525936891062,123.99857743854449,-4327.66070125025,0.002501971251575568,7.0,0.5858333333333333,4200.0,0.00015577889447236182,1.25e-05
1599.0482773906103,197.82293943650944,113.35519363647892,-4730.613788693328,0.0024809934137369587,8.0,0.5858333333333333,4200.0,0.00017803302225412776,1.4285714285714284e-05
1750.3525082577528,185.0663954656384,102.98656343761044,-5110.555295947044,0.002460555487970525,9.0,0.5858333333333333,4200.0,0.00019867193108399138,1.6071428571428572e-05
1898.480680262291,171.96778990038788,94.06579874693034,-5472.458151603998,0.002440461133029366,10.0,0.5858333333333333,4200.0,0.00022074659009332378,1.785714285714286e-05
2043.759228237931,159.31586446616762,86.47060773922549,-5817.998838758227,0.0024208546228475414,11.0,0.5858333333333333,4200.0,0.00024282124910265612,1.964285714285714e-05
2186.3481455259252,148.01876591602905,80.00759080145909,-6149.73850728348,0.002401706173754855,12.0,0.5858333333333333,4200.0,0.0002627422828427853,2.1428571428571428e-05
2326.782706432368,138.13011742805676,74.4384263849602,-6470.66647000685,0.002382860334206065,13.0,0.5858333333333333,4200.0,0.0002846374730796841,2.321428571428571e-05
2464.921398491121,129.47424197593142,69.63183680565018,-6780.689273713564,0.0023644793698678734,14.0,0.5858333333333333,4200.0,0.0003065326633165829,2.5e-05
2601.709664551852,121.73509483584267,65.28702514138858,-7082.499135342696,0.0023462927343786033,15.0,0.5858333333333333,4200.0,0.00032842785355348164,2.6785714285714284e-05
2736.2858111057294,114.89440694545218,61.549944356712615,-7375.8923317392255,0.002328557108298,16.0,0.5858333333333333,4200.0,0.0003474515434314429,2.8571428571428567e-05
2869.0654880362467,108.77350966286095,58.232140833853265,-7661.736149993922,0.002311190888578046,17.0,0.5858333333333333,4200.0,0.00036916726489590805,3.0357142857142857e-05
3000.563230739764,103.23980414862332,55.189036068946045,-7941.9016413109275,0.00229406445490631,18.0,0.5858333333333333,4200.0,0.00039088298636037326,3.2142857142857144e-05
3130.81452208703,98.19309550955258,52.35788834917146,-8217.286470957159,0.002277104664614947,19.0,0.5858333333333333,4200.0,0.0004125987078248384,3.392857142857143e-05
3258.7403744844632,93.69316530400249,50.00220398352501,-8484.170306205619,0.002260750425847868,20.0,0.5858333333333333,4200.0,0.0004307250538406318,3.571428571428572e-05
3386.1137553667045,89.5090656563493,47.69999789559652,-8748.362337548693,0.002244407771857234,21.0,0.5858333333333333,4200.0,0.0004522613065326634,3.7500000000000003e-05
3511.4149051748495,85.70824518450101,45.66500511883373,-9007.615260278311,0.0022284492736685734,22.0,0.5858333333333333,4200.0,0.0004737975592246949,3.928571428571428e-05
3635.851261074137,82.21451273232184,43.75892865682982,-9261.247834802409,0.002212793251356344,23.0,0.5858333333333333,4200.0,0.0004953338119167265,4.1071428571428556e-05
3758.6602867426664,78.99862273502114,42.04589997979281,-9512.181029206207,0.0021973563014881523,24.0,0.5858333333333333,4200.0,0.0005168700646087581,4.2857142857142856e-05
3879.9871474705524,76.02370736201443,40.46617221266947,-9757.352416385416,0.002182248299166902,25.0,0.5858333333333333,4200.0,0.0005384063173007897,4.464285714285714e-05
4001.220951099617,73.20298251502473,38.8550979218645,-10002.265462653566,0.002157663603965335,26.0,0.5858333333333333,4150.0,0.0005552763819095477,4.642857142857142e-05
4120.782846175759,70.61942192503575,37.47284977706143,-10241.219770697433,0.0021431048484836686,27.0,0.5858333333333333,4150.0,0.0005766331658291457,4.8214285714285716e-05
4238.432130491615,68.24132311376331,36.26180202902556,-10476.10350438812,0.00212892297194168,28.0,0.5858333333333333,4150.0,0.0005979899497487438,5e-05
4355.083120581382,65.99934387115546,35.04789756954676,-10709.31568311029,0.0021148271743134973,29.0,0.5858333333333333,4150.0,0.0006193467336683417,5.178571428571429e-05
4470.810831165723,63.89327202463927,33.94096356477075,-10938.158397317326,0.0021009644661566006,30.0,0.5858333333333333,4150.0,0.0006407035175879397,5.357142857142857e-05
0.0,0.0,0.0,-2.1237246499294997,0.0024133745312897945,0.0,0.62625,4250.0,0.0,
270.5916084250451,109.74041233304429,76.74358110410489,-842.365978099333,0.0023911939401759373,1.0,0.62625,4250.0,2.3510409188801146e-05,1.7857142857142855e-06
488.2434635632126,164.9075717039451,112.94089787513059,-1531.917433298011,0.002370503129423844,2.0,0.62625,4250.0,4.594400574300071e-05,3.571428571428571e-06
676.8538282467464,191.4519388143324,127.71670738357197,-2120.082202334801,0.0023371802229823625,3.0,0.62625,4200.0,6.837760229720029e-05,5.357142857142857e-06
847.9196246016181,201.78301353572456,130.84273541249053,-2636.5817623473704,0.002318236029901046,4.0,0.62625,4200.0,9.045226130653265e-05,7.142857142857142e-06
1007.5067588247397,202.53021592420743,127.56453661112998,-3100.368940019871,0.0022998308239477547,5.0,0.62625,4200.0,0.00011306532663316583,8.92857142857143e-06
1159.2591722148015,197.49205729411136,120.6023287327741,-3524.2233082971943,0.0022818850096663194,6.0,0.62625,4200.0,0.00013460157932519741,1.0714285714285714e-05
1305.1816017607784,189.00060548398625,111.79676811592147,-3916.7845085784284,0.002264380776362722,7.0,0.62625,4200.0,0.00015577889447236182,1.25e-05
1446.721995828588,178.51149089343707,102.21222796828027,-4284.822416791678,0.002247242235903021,8.0,0.62625,4200.0,0.00017803302225412776,1.4285714285714284e-05
1584.6676994221239,167.0425586783734,92.86434873836465,-4632.465944979609,0.002230519338702553,9.0,0.62625,4200.0,0.00019867193108399138,1.6071428571428572e-05
1719.8892475399457,155.2488076910433,84.8047011749495,-4964.184715215888,0.0022140529900005947,10.0,0.62625,4200.0,0.00022074659009332378,1.785714285714286e-05
1852.6658087831627,143.83209417508132,77.94480046561127,-5281.442535053167,0.0021979629021554943,11.0,0.62625,4200.0,0.00024282124910265612,1.964285714285714e-05
1983.1308289526967,133.614585127349,72.10951761945911,-5586.487281278074,0.0021822258907539015,12.0,0.62625,4200.0,0.0002627422828427853,2.1428571428571428e-05
2111.765709028658,124.67462370952188,67.08318785082497,-5882.037070104976,0.002166715458449796,13.0,0.62625,4200.0,0.0002846374730796841,2.321428571428571e-05
2238.4265718415672,116.84643439342015,62.745766944070105,-6167.970635924539,0.0021515664030586678,14.0,0.62625,4200.0,0.0003065326633165829,2.5e-05
2363.9803105438523,109.84643491397976,58.82633335777627,-6446.702255407261,0.0021365575134271054,15.0,0.62625,4200.0,0.00032842785355348164,2.6785714285714284e-05
2487.6195682131583,103.66356076610516,55.45418711392967,-6718.000519882371,0.0021219003681049145,16.0,0.62625,4200.0,0.0003474515434314429,2.8571428571428567e-05
2609.722203561796,98.1311282092355,52.46177418764816,-6982.685071596745,0.002107529142944316,17.0,0.62625,4200.0,0.00036916726489590805,3.0357142857142857e-05
2730.7551391616516,93.13071818450422,49.717168574751206,-7242.389392525773,0.002093337739179553,18.0,0.62625,4200.0,0.00039088298636037326,3.2142857142857144e-05
2850.7544246559078,88.5680031455546,47.16279338533275,-7498.014566277627,0.0020792661954248757,19.0,0.62625,4200.0,0.0004125987078248384,3.392857142857143e-05
2968.7008573799253,84.50130565122132,45.038401587949,-7745.962054403986,0.0020656796000500487,20.0,0.62625,4200.0,0.0004307250538406318,3.571428571428572e-05
3086.244498708613,80.72439745841115,42.964644048763915,-7991.745437463243,0.002052085871243253,21.0,0.62625,4200.0,0.0004522613065326634,3.7500000000000003e-05
3201.967057446841,77.29156269562556,41.12800742685967,-8233.111823458254,0.002038794559473907,22.0,0.62625,4200.0,0.0004737975592246949,3.928571428571428e-05
3316.9784943804993,74.1345656830295,39.41233522900581,-8469.560776804938,0.0020257393744354613,23.0,0.62625,4200.0,0.0004953338119167265,4.1071428571428556e-05
3430.5772115222853,71.22721764906942,37.86750868600423,-8703.637916125226,0.0020128508874013877,24.0,0.62625,4200.0,0.0005168700646087581,4.2857142857142856e-05
3542.8859829612857,68.5417480604008,36.44227604703025,-8932.646648204507,0.0020002222517127664,25.0,0.62625,4200.0,0.0005384063173007897,4.464285714285714e-05
3655.202568535814,65.99502802059047,34.99080923869006,-9161.63971662162,0.0019875134799507057,26.0,0.62625,4200.0,0.0005552763819095477,4.642857142857142e-05
3766.041852675868,63.661343834579284,33.743489178476466,-9385.104670030545,0.0019751867630516595,27.0,0.62625,4200.0,0.0005766331658291457,4.8214285714285716e-05
3875.181502535385,61.515853564028184,32.65459337428058,-9605.02050260298,0.00196314216838061,28.0,0.62625,4200.0,0.0005979899497487438,5e-05
3983.474560983923,59.490164162153015,31.560280566180342,-9823.543017875541,0.0019511714026297826,29.0,0.62625,4200.0,0.0006193467336683417,5.178571428571429e-05
4090.983767224955,57.590672864983695,30.55942371675834,-10038.117526333212,0.0019393880424344462,30.0,0.62625,4200.0,0.0006407035175879397,5.357142857142857e-05
0.0,0.0,0.0,-2.1237246499294997,0.0021448674001800726,0.0,0.6666666666666666,4250.0,0.0,
240.72486678019763,97.59254990271675,68.24466286420896,-749.7304020197262,0.0021273705002814386,1.0,0.6666666666666666,4250.0,2.3510409188801146e-05,1.7857142857142855e-06
434.6635063328188,146.70999623690236,100.46731747293227,-1364.5577563078914,0.0021110191506265876,2.0,0.6666666666666666,4250.0,4.594400574300071e-05,3.571428571428571e-06
603.026615955128,170.39965699518163,113.65522596678191,-1890.052411800083,0.00208321835520765,3.0,0.6666666666666666,4200.0,6.837760229720029e-05,5.357142857142857e-06
756.002664826779,179.6743557542154,116.48179823677522,-2352.5388413910114,0.0020681976649100146,4.0,0.6666666666666666,4200.0,9.045226130653265e-05,7.142857142857142e-06
898.9579804541864,180.41763358985995,113.60355366990586,-2768.6938603534945,0.0020535805169083076,5.0,0.6666666666666666,4200.0,0.00011306532663316583,8.92857142857143e-06
1035.1147656036298,176.00187577531076,107.43610338471605,-3149.787754430974,0.0020393054947380716,6.0,0.6666666666666666,4200.0,0.00013460157932519741,1.0714285714285714e-05
1166.2370249018427,168.49488621056884,99.61400721271195,-3503.442201082529,0.002025360007375409,7.0,0.6666666666666666,4200.0,0.00015577889447236182,1.25e-05
1293.6037792053753,159.19603523219564,91.08365697193257,-3835.633074339501,0.002011684858608452,8.0,0.6666666666666666,4200.0,0.00017803302225412776,1.4285714285714284e-05
1417.9006500600067,149.00507951876378,82.75457224500283,-4149.9799159475515,0.001998321052062488,9.0,0.6666666666666666,4200.0,0.00019867193108399138,1.6071428571428572e-05
1539.8991946774886,138.51242098196175,75.55844382500862,-4450.453021514782,0.001985142810004175,10.0,0.6666666666666666,4200.0,0.00022074659009332378,1.785714285714286e-05
1659.8354342033485,128.33234973802493,69.43636926038107,-4738.316261462438,0.00197224680773649,11.0,0.6666666666666666,4200.0,0.00024282124910265612,1.964285714285714e-05
1777.8182857862332,119.19957695141795,64.22993834404203,-5015.5164218362115,0.0019596156193583862,12.0,0.6666666666666666,4200.0,0.0002627422828427853,2.1428571428571428e-05
1894.2773190494263,111.20660113216074,59.744668684060315,-5284.497900123097,0.0019471484584713823,13.0,0.6666666666666666,4200.0,0.0002846374730796841,2.321428571428571e-05
2009.066657342289,104.21123460463909,55.876515865511294,-5545.1200289791595,0.001934954747789793,14.0,0.6666666666666666,4200.0,0.0003065326633165829,2.5e-05
2122.9758879303827,97.95732039825116,52.3823356641342,-5799.521419289536,0.0019228576858340127,15.0,0.6666666666666666,4200.0,0.00032842785355348164,2.6785714285714284e-05
2235.2565723274556,92.42965082800792,49.376639084702816,-6047.45387780419,0.0019110275933165771,16.0,0.6666666666666666,4200.0,0.0003474515434314429,2.8571428571428567e-05
2346.24517371146,87.48982955159721,46.7079266337436,-6289.682828943514,0.0018994125791918382,17.0,0.6666666666666666,4200.0,0.00036916726489590805,3.0357142857142857e-05
2456.368842341987,83.02303854059556,44.26160284560664,-6527.614236140915,0.001887927729010447,18.0,0.6666666666666666,4200.0,0.00039088298636037326,3.2142857142857144e-05
2565.654253872274,78.94612651788006,41.98474317669519,-6762.136890372298,0.0018765250351743647,19.0,0.6666666666666666,4200.0,0.0004125987078248384,3.392857142857143e-05
2673.1560767343403,75.31637214944014,40.09065922639531,-6989.8180914280165,0.0018655010104966707,20.0,0.6666666666666666,4200.0,0.0004307250538406318,3.571428571428572e-05
2780.392212704692,71.94366227517457,38.244614380838506,-7215.826736178329,0.001854457490669836,21.0,0.6666666666666666,4200.0,0.0004522613065326634,3.7500000000000003e-05
2886.0518091079093,68.87960968990089,36.60643044152278,-7437.94563225616,0.0018436455705707173,22.0,0.6666666666666666,4200.0,0.0004737975592246949,3.928571428571428e-05
2991.1475261395435,66.06041726210982,35.080290329718366,-7655.834763239356,0.0018330127008725752,23.0,0.6666666666666666,4200.0,0.0004953338119167265,4.1071428571428556e-05
3095.0372516455805,63.46568814816597,33.70351129447366,-7871.679788096153,0.0018225024649249166,24.0,0.6666666666666666,4200.0,0.0005168700646087581,4.2857142857142856e-05
3197.826405204421,61.06721868967482,32.432737109714594,-8083.139780588506,0.0018121918357110664,25.0,0.6666666666666666,4200.0,0.0005384063173007897,4.464285714285714e-05
3300.709794098901,58.794912698093974,31.14092615841129,-8294.800745532513,0.0018018038421798303,26.0,0.6666666666666666,4200.0,0.0005552763819095477,4.642857142857142e-05
3402.311093620737,56.71172596368566,30.02808600379088,-8501.467995392079,0.0017917161211899635,27.0,0.6666666666666666,4200.0,0.0005766331658291457,4.8214285714285716e-05
3502.422994882185,54.80030698042342,29.060543871896833,-8705.097743058046,0.0017818468726533033,28.0,0.6666666666666666,4200.0,0.0005979899497487438,5e-05
3601.836763550232,52.99011988465163,28.085622646767018,-8907.538441878074,0.001772027014629968,29.0,0.6666666666666666,4200.0,0.0006193467336683417,5.178571428571429e-05
3700.5996243370378,51.29707614017349,27.191297379050216,-9106.597104324108,0.0017623504236821688,30.0,0.6666666666666666,4200.0,0.0006407035175879397,5.357142857142857e-05
0.0,0.0,0.0,-2.1237246499294997,0.0018782563382416211,0.0,0.7070833333333333,4250.0,0.0,
211.0072863065163,85.51378765918363,59.79501685185046,-657.5308853794049,0.0018648563430920348,1.0,0.7070833333333333,4250.0,2.3510409188801146e-05,1.7857142857142855e-06
381.2750925038737,128.60225344886476,88.05775233658885,-1197.6634539738152,0.0018523112569282243,2.0,0.7070833333333333,4250.0,4.594400574300071e-05,3.571428571428571e-06
529.3521011937449,149.43241326191162,99.65410861509949,-1660.23620208606,0.0018295513706042715,3.0,0.7070833333333333,4200.0,6.837760229720029e-05,5.357142857142857e-06
664.1358480088555,157.63431697633075,102.16957672868168,-2068.249843580168,0.0018179894936064887,4.0,0.7070833333333333,4200.0,9.045226130653265e-05,7.142857142857142e-06
790.3057660413825,158.35340507602257,99.67877663259469,-2436.1522867500025,0.001806720101449194,5.0,0.7070833333333333,4200.0,0.00011306532663316583,8.92857142857143e-06
910.6707862066287,154.5399082767117,94.29704032947664,-2773.7382288890367,0.0017956971025992314,6.0,0.7070833333333333,4200.0,0.00013460157932519741,1.0714285714285714e-05
1026.7604484551796,148.00100911242905,87.45212056781838,-3087.6333135138557,0.0017849119439253295,7.0,0.7070833333333333,4200.0,0.00015577889447236182,1.25e-05
1139.6859380271217,139.87688376887147,79.97040987716996,-3383.0364057002516,0.0017743196936965658,8.0,0.7070833333333333,4200.0,0.00017803302225412776,1.4285714285714284e-05
1250.038332419389,130.9555522776274,72.65812658127788,-3663.073372576786,0.0017639529885481364,9.0,0.7070833333333333,4200.0,0.00019867193108399138,1.6071428571428572e-05
1358.4907458679656,121.75758429538207,66.32896163671435,-3931.220657533333,0.0017537151570065092,10.0,0.7070833333333333,4200.0,0.00022074659009332378,1.785714285714286e-05
1465.2395398192339,112.81340523805581,60.94473470972892,-4188.552826607243,0.001743682011398354,11.0,0.7070833333333333,4200.0,0.00024282124910265612,1.964285714285714e-05
1570.3715694994225,104.76999656144983,56.367252776794956,-4436.729428465034,0.0017338407304272813,12.0,0.7070833333333333,4200.0,0.0002627422828427853,2.1428571428571428e-05
1674.2653303156853,97.73052881619311,52.42376436223936,-4677.917446375097,0.0017241134062972658,13.0,0.7070833333333333,4200.0,0.0002846374730796841,2.321428571428571e-05
1776.7769518801692,91.56884512784295,49.02498291750396,-4911.9653075776805,0.0017145861241905421,14.0,0.7070833333333333,4200.0,0.0003065326633165829,2.5e-05
1878.61581174212,86.06362190654461,45.955859007941896,-5140.7389157865255,0.0017051216834543447,15.0,0.7070833333333333,4200.0,0.00032842785355348164,2.6785714285714284e-05
1979.0957373523995,81.19896884444326,43.31628392863623,-5363.983554933242,0.0016958531789275078,16.0,0.7070833333333333,4200.0,0.0003474515434314429,2.8571428571428567e-05
2078.518992444645,76.84873322456747,40.97137057869566,-5582.40390885681,0.0016867407902962817,17.0,0.7070833333333333,4200.0,0.00036916726489590805,3.0357142857142857e-05
2177.261258745566,72.91741459215602,38.823063136427805,-5797.188648184405,0.001677718603897866,18.0,0.7070833333333333,4200.0,0.00039088298636037326,3.2142857142857144e-05
2275.3504198249393,69.33211306305544,36.826640548058435,-6009.197751120846,0.0016687491923923243,19.0,0.7070833333333333,4200.0,0.0004125987078248384,3.392857142857143e-05
2371.9176345648275,66.1380964488526,35.160555308402884,-6215.21117693335,0.0016600662882022197,20.0,0.7070833333333333,4200.0,0.0004307250538406318,3.571428571428572e-05
2468.340215674792,63.16902058275265,33.541813689462764,-6420.0006747914085,0.0016513571789520747,21.0,0.7070833333333333,4200.0,0.0004522613065326634,3.7500000000000003e-05
2563.4247113544006,60.47450525300561,32.10092181532257,-6621.4286885942565,0.0016428194618420583,22.0,0.7070833333333333,4200.0,0.0004737975592246949,3.928571428571428e-05
2658.081828306965,57.99413604584058,30.763412426562805,-6819.293954500194,0.00163441272430894,23.0,0.7070833333333333,4200.0,0.0004953338119167265,4.1071428571428556e-05
2751.7314772604764,55.71464602703804,29.55449559764939,-7015.438852222942,0.0016260924783681936,24.0,0.7070833333333333,4200.0,0.0005168700646087581,4.2857142857142856e-05
2844.4648326626607,53.60301249591027,28.43814889466487,-7207.866706296438,0.0016179203253158466,25.0,0.7070833333333333,4200.0,0.0005384063173007897,4.464285714285714e-05
2937.364070138385,51.604589832495115,27.305409846628947,-7400.679610873434,0.001609677260977394,26.0,0.7070833333333333,4200.0,0.0005552763819095477,4.642857142857142e-05
3029.173648549307,49.77520992384623,26.32719482154566,-7589.0567844645775,0.001601662797686588,27.0,0.7070833333333333,4200.0,0.0005766331658291457,4.8214285714285716e-05
3119.703331965739,48.09473521541901,25.48015827803786,-7774.895445565664,0.0015938118637777376,28.0,0.7070833333333333,4200.0,0.0005979899497487438,5e-05
3209.6741063338045,46.50104193725862,24.62445041052856,-7959.74862771864,0.0015859912404248247,29.0,0.7070833333333333,4200.0,0.0006193467336683417,5.178571428571429e-05
3299.122080302493,45.01429610328624,23.837129246840444,-8141.770344225311,0.0015782761900813458,30.0,0.7070833333333333,4200.0,0.0006407035175879397,5.357142857142857e-05
0.0,0.0,0.0,-2.1237246499294997,0.0016135110910450523,0.0,0.7474999999999999,4250.0,0.0,
181.43700689639115,73.50331884506794,51.393307190947205,-565.7621593173972,0.0016036353536538492,1.0,0.7474999999999999,4250.0,2.3510409188801146e-05,1.7857142857142855e-06
328.0746753887008,110.58212945744168,75.70985804026539,-1031.2307828385092,0.0015943733785574914,2.0,0.7474999999999999,4250.0,4.594400574300071e-05,3.571428571428571e-06
455.8268943607433,128.54811778242149,85.71197027817071,-1430.668572573355,0.0015854390070673989,3.0,0.7474999999999999,4250.0,6.837760229720029e-05,5.357142857142857e-06
572.3184377144948,135.6618091729972,87.90922195589287,-1783.7187877931574,0.001567616297265969,4.0,0.7474999999999999,4200.0,9.045226130653265e-05,7.142857142857142e-06
681.550442963992,136.33707633215408,85.79460756981312,-2102.750352571995,0.00155925602047859,5.0,0.7474999999999999,4200.0,0.00011306532663316583,8.92857142857143e-06
785.9253711461952,133.1070386318693,81.18641089669461,-2396.0797196069325,0.0015510657609171226,6.0,0.7474999999999999,4200.0,0.00013460157932519741,1.0714285714285714e-05
886.7469894322953,127.52002959943827,75.31008496425243,-2669.358436105147,0.0015430399662294259,7.0,0.7474999999999999,4200.0,0.00015577889447236182,1.25e-05
984.9608267023528,120.55689811176582,68.87330327160286,-2927.023712762166,0.0015351457717080713,8.0,0.7474999999999999,4200.0,0.00017803302225412776,1.4285714285714284e-05
1081.0678398211464,112.89868988515545,62.5759571069356,-3171.7240833107207,0.0015274081204334972,9.0,0.7474999999999999,4200.0,0.00019867193108399138,1.6071428571428572e-05
1175.6441215036848,104.98606481730147,57.115216594097134,-3406.4464626625922,0.001519755452512665,10.0,0.7474999999999999,4200.0,0.00022074659009332378,1.785714285714286e-05
1268.8492986012777,97.2778506412058,52.47017887637312,-3632.0867815047095,0.0015122449155783647,11.0,0.7474999999999999,4200.0,0.00024282124910265612,1.964285714285714e-05
1360.7517890481406,90.32861570412285,48.52240791169953,-3850.031356937012,0.0015048674581497425,12.0,0.7474999999999999,4200.0,0.0002627422828427853,2.1428571428571428e-05
1451.6778933900578,84.24787895740192,45.12258381173525,-4062.165670585484,0.0014975650285711445,13.0,0.7474999999999999,4200.0,0.0002846374730796841,2.321428571428571e-05
1541.4908976378974,78.9250835801808,42.192058388722515,-4268.335482927614,0.0014904027992186002,14.0,0.7474999999999999,4200.0,0.0003065326633165829,2.5e-05
1630.8147942080386,74.16798141611754,39.547738378817364,-4470.137075691171,0.0014832782862385862,15.0,0.7474999999999999,4200.0,0.00032842785355348164,2.6785714285714284e-05
1719.0368499259623,69.96820206801512,37.27394033633751,-4667.319986776674,0.0014762914787773817,16.0,0.7474999999999999,4200.0,0.0003474515434314429,2.8571428571428567e-05
1806.417816416509,66.21108730044588,35.25287409235048,-4860.520415498708,0.00146941301101197,17.0,0.7474999999999999,4200.0,0.00036916726489590805,3.0357142857142857e-05
1893.2892344571212,62.81722425382982,33.402279226237354,-5050.721270274567,0.001462593603820071,18.0,0.7474999999999999,4200.0,0.00039088298636037326,3.2142857142857144e-05
1979.6714765548847,59.7234606158537,31.68559213896125,-5238.73545309656,0.0014558051170947919,19.0,0.7474999999999999,4200.0,0.0004125987078248384,3.392857142857143e-05
2064.7886109195906,56.966536776322435,30.24875810056526,-5421.605099957946,0.0014492248519560188,20.0,0.7474999999999999,4200.0,0.0004307250538406318,3.571428571428572e-05
2149.861459768443,54.40438905515574,28.85602714560164,-5603.649925637968,0.001442616414748944,21.0,0.7474999999999999,4200.0,0.0004522613065326634,3.7500000000000003e-05
2233.8290162911135,52.07844383230835,27.612354882765523,-5782.857447838243,0.0014361294224270427,22.0,0.7474999999999999,4200.0,0.0004737975592246949,3.928571428571428e-05
2317.4908810666993,49.939496894823115,26.462329939683613,-5959.142417684081,0.0014297339813983273,23.0,0.7474999999999999,4200.0,0.0004953338119167265,4.1071428571428556e-05
2400.3365731908893,47.97357734592188,25.421470073603416,-6134.022859409684,0.0014233962571075132,24.0,0.7474999999999999,4200.0,0.0005168700646087581,4.2857142857142856e-05
2482.4400349505877,46.153059153229506,24.459102913581784,-6305.832166611712,0.0014171636939127618,25.0,0.7474999999999999,4200.0,0.0005384063173007897,4.464285714285714e-05
2564.7649441347153,44.42899782059454,23.48483835278065,-6478.171305289405,0.0014108696370018076,26.0,0.7474999999999999,4200.0,0.0005552763819095477,4.642857142857142e-05
2646.1880955694746,42.85163893503405,22.641368504388215,-6646.653975823836,0.0014047426453073198,27.0,0.7474999999999999,4200.0,0.0005766331658291457,4.8214285714285716e-05
2726.537822680031,41.40106076971914,21.91398246710024,-6813.078134722222,0.0013987328539257571,28.0,0.7474999999999999,4200.0,0.0005979899497487438,5e-05
2806.4583705366645,40.02808167001689,21.17728081996467,-6978.715844665487,0.001392739282767516,29.0,0.7474999999999999,4200.0,0.0006193467336683417,5.178571428571429e-05
2885.9769806612244,38.744183260838035,20.49744178315502,-7142.050429608971,0.0013868200077574982,30.0,0.7474999999999999,4200.0,0.0006407035175879397,5.357142857142857e-05
0.0,0.0,0.0,-2.1237246499294997,0.0013506021787399447,0.0,0.7879166666666666,4250.0,0.0,
152.0121226055611,61.56028194354297,43.039778537575145,-474.419073183657,0.0013436917730789554,1.0,0.7879166666666666,4250.0,2.3510409188801146e-05,1.7857142857142855e-06
275.06137575316666,92.65000395948906,63.425272933688014,-865.2560878155418,0.0013371995836947413,2.0,0.7879166666666666,4250.0,4.594400574300071e-05,3.571428571428571e-06
382.45200962707014,107.74707404162119,71.83208939094973,-1201.3446884397708,0.0013309266062006204,3.0,0.7879166666666666,4250.0,6.837760229720029e-05,5.357142857142857e-06
480.5486433498847,113.756588301554,73.69714436359791,-1498.9591354209406,0.001324810484493095,4.0,0.7879166666666666,4250.0,9.045226130653265e-05,7.142857142857142e-06
572.6907205542243,114.37103536861352,71.94963287800661,-1768.4943219077832,0.0013111948770192397,5.0,0.7879166666666666,4200.0,0.00011306532663316583,8.92857142857143e-06
660.8771109630999,111.70346074998231,68.10528369200237,-2016.817946834104,0.0013054176539346438,6.0,0.7879166666666666,4200.0,0.00013460157932519741,1.0714285714285714e-05
746.1925879538442,107.05336441229103,63.188512858904176,-2248.6185820231476,0.001299747891039359,7.0,0.7879166666666666,4200.0,0.00015577889447236182,1.25e-05
829.4209317688244,101.23779472963011,57.79419337684712,-2467.5875177287817,0.0012941626992260832,8.0,0.7879166666666666,4200.0,0.00017803302225412776,1.4285714285714284e-05
910.9762721168786,94.83194733061607,52.5101823771441,-2675.9111902128716,0.0012886801256641817,9.0,0.7879166666666666,4200.0,0.00019867193108399138,1.6071428571428572e-05
991.3390881886281,88.1996941402125,47.91825612927044,-2876.0907137973845,0.0012832499009612195,10.0,0.7879166666666666,4200.0,0.00022074659009332378,1.785714285714286e-05
1070.635600497314,81.72933413719622,44.013697106322134,-3068.8544789215375,0.0012779128364129838,11.0,0.7879166666666666,4200.0,0.00024282124910265612,1.964285714285714e-05
1148.918787022359,75.87903707956312,40.6963957529282,-3255.329279212594,0.0012726628436311783,12.0,0.7879166666666666,4200.0,0.0002627422828427853,2.1428571428571428e-05
1226.4611032360156,70.7582333203268,37.84114813712557,-3437.114037849373,0.0012674588981852373,13.0,0.7879166666666666,4200.0,0.0002846374730796841,2.321428571428571e-05
1303.1400047786324,66.2785912692602,35.37945431671361,-3614.060688810103,0.0012623477530186924,14.0,0.7879166666666666,4200.0,0.0003065326633165829,2.5e-05
1379.487940763602,62.27609255707093,33.158826418302176,-3787.4991505187863,0.0012572566981929709,15.0,0.7879166666666666,4200.0,0.00032842785355348164,2.6785714285714284e-05
1454.9733825481756,58.73986678228405,31.250422670749614,-3957.193231598365,0.001252257059418783,16.0,0.7879166666666666,4200.0,0.0003474515434314429,2.8571428571428567e-05
1529.8166721144669,55.58116658865123,29.55321056455064,-4123.702887098814,0.0012473282571043797,17.0,0.7879166666666666,4200.0,0.00036916726489590805,3.0357142857142857e-05
1604.2992614512095,52.726358934501626,27.99999909956745,-4287.817522338446,0.001242435268642426,18.0,0.7879166666666666,4200.0,0.00039088298636037326,3.2142857142857144e-05
1678.441927509235,50.122589798848495,26.56177740478713,-4450.282842468136,0.001237558001120634,19.0,0.7879166666666666,4200.0,0.0004125987078248384,3.392857142857143e-05
1751.5616171503639,47.804067992227765,25.35575001190903,-4608.456079079311,0.0012328241186741942,20.0,0.7879166666666666,4200.0,0.0004307250538406318,3.571428571428572e-05
1824.7209207863086,45.65188000439633,24.186952784615876,-4766.145915552894,0.0012280639331617349,21.0,0.7879166666666666,4200.0,0.0004522613065326634,3.7500000000000003e-05
1896.9937116616522,43.696042859543184,23.142496622955182,-4921.513704099532,0.0012233849855370583,22.0,0.7879166666666666,4200.0,0.0004737975592246949,3.928571428571428e-05
1969.069499543236,41.89850764644713,22.17765437581048,-5074.565848463011,0.001218766283653819,23.0,0.7879166666666666,4200.0,0.0004953338119167265,4.1071428571428556e-05
2040.508364414905,40.24465779677914,21.30574416836408,-5226.515552110075,0.0012141833590507327,24.0,0.7879166666666666,4200.0,0.0005168700646087581,4.2857142857142856e-05
2111.36899084836,38.715453150772284,20.49618440855857,-5376.011695463603,0.0012096708910697416,25.0,0.7879166666666666,4200.0,0.0005384063173007897,4.464285714285714e-05
2182.4874498245968,37.26702819897936,19.67976813834051,-5526.135298896399,0.001205108485585023,26.0,0.7879166666666666,4200.0,0.0005552763819095477,4.642857142857142e-05
2252.8853308357952,35.94122892433441,18.972073080906128,-5673.000238173197,0.0012006616532250951,27.0,0.7879166666666666,4200.0,0.0005766331658291457,4.8214285714285716e-05
2322.410747320218,34.72129506274017,18.36259169936414,-5818.260329331344,0.001196294145706022,28.0,0.7879166666666666,4200.0,0.0005979899497487438,5e-05
2391.6251311276874,33.569171701746626,17.744640708005353,-5962.923874197855,0.0011919332745803082,29.0,0.7879166666666666,4200.0,0.0006193467336683417,5.178571428571429e-05
2460.5494546351506,32.4886406579939,17.172678868150555,-6105.784623366504,0.00118762155812276,30.0,0.7879166666666666,4200.0,0.0006407035175879397,5.357142857142857e-05
0.0,0.0,0.0,-2.1237246499294997,0.0010895008684735736,0.0,0.8283333333333333,4250.0,0.0,
122.73183498675726,49.68486966272176,34.734862613325056,-383.496585013585,0.0010850101907442615,1.0,0.8283333333333333,4250.0,2.3510409188801146e-05,1.7857142857142855e-06
222.2334535339144,74.80479258342481,51.20367519715464,-699.7357987911237,0.001080784073152664,2.0,0.8283333333333333,4250.0,4.594400574300071e-05,3.571428571428571e-06
309.2236317448121,87.02781101337537,58.0087613172049,-972.2354035571261,0.0010766939488768676,3.0,0.8283333333333333,4250.0,6.837760229720029e-05,5.357142857142857e-06
388.8279762228977,91.92151575544894,59.53829101380256,-1214.0375548344964,0.0010726997154013819,4.0,0.8283333333333333,4250.0,9.045226130653265e-05,7.142857142857142e-06
463.7251754495124,92.4535416613906,58.14414864268464,-1433.4137839420364,0.0010687870817248039,5.0,0.8283333333333333,4250.0,0.00011306532663316583,8.92857142857143e-06
535.5254642959942,90.33328011532163,55.054858469002326,-1635.9588489501984,0.0010587592722467666,6.0,0.8283333333333333,4200.0,0.00013460157932519741,1.0714285714285714e-05
605.0934664793016,86.60089707290925,51.0893229886774,-1825.4159349665133,0.0010550399380266317,7.0,0.8283333333333333,4200.0,0.00015577889447236182,1.25e-05
673.0591079955534,81.92164776006929,46.734520939922305,-2004.721232980657,0.001051370646366346,8.0,0.8283333333333333,4200.0,0.00017803302225412776,1.4285714285714284e-05
739.7506955437213,76.75766474296708,42.460400905224716,-2175.614826117562,0.001047763457451756,9.0,0.8283333333333333,4200.0,0.00019867193108399138,1.6071428571428572e-05
805.5555983884537,71.40109799846164,38.73911367395947,-2340.115817014106,0.0010441855340788302,10.0,0.8283333333333333,4200.0,0.00022074659009332378,1.785714285714286e-05
870.5690916557949,66.16646323033154,35.57635015305581,-2498.794264904376,0.0010406639638212082,11.0,0.8283333333333333,4200.0,0.00024282124910265612,1.964285714285714e-05
934.8314979318343,61.41999623570344,32.89022324759518,-2652.5317254573747,0.0010371949426163274,12.0,0.8283333333333333,4200.0,0.0002627422828427853,2.1428571428571428e-05
998.5619163528703,57.266438681838544,30.579562195414344,-2802.636098370349,0.0010337514903588929,13.0,0.8283333333333333,4200.0,0.0002846374730796841,2.321428571428571e-05
1061.6539265806055,53.631078595585684,28.587570617448407,-2948.97316558045,0.001030364721092914,14.0,0.8283333333333333,4200.0,0.0003065326633165829,2.5e-05
1124.5480605895084,50.38585743430619,26.790436127637392,-3092.609416833271,0.0010269867757245756,15.0,0.8283333333333333,4200.0,0.00032842785355348164,2.6785714285714284e-05
1186.7972459452985,47.519437768274905,25.246543536058695,-3233.33365926829,0.0010236648501269474,16.0,0.8283333333333333,4200.0,0.0003474515434314429,2.8571428571428567e-05
1248.582875092143,44.95762888124891,23.873874223808723,-3371.621089452652,0.0010203855385995046,17.0,0.8283333333333333,4200.0,0.00036916726489590805,3.0357142857142857e-05
1310.1371163457286,42.64363883211394,22.617975441797935,-3508.080453589697,0.0010171256964686853,18.0,0.8283333333333333,4200.0,0.00039088298636037326,3.2142857142857144e-05
1371.4748300124286,40.53348317788374,21.455909518081413,-3643.3683467644587,0.001013872024940179,19.0,0.8283333333333333,4200.0,0.0004125987078248384,3.392857142857143e-05
1432.0230839458602,38.65519343220708,20.480631103222354,-3775.2134488985175,0.001010709841135912,20.0,0.8283333333333333,4200.0,0.0004307250538406318,3.571428571428572e-05
1492.6693569147747,36.91113946874375,19.53525816293916,-3906.8502032178003,0.0010075260296414901,21.0,0.8283333333333333,4200.0,0.0004522613065326634,3.7500000000000003e-05
1552.635958997217,35.327201681253925,18.690033283053825,-4036.6657485782707,0.0010043923658643534,22.0,0.8283333333333333,4200.0,0.0004737975592246949,3.928571428571428e-05
1612.4969628638066,33.87078316855718,17.9111429955068,-4164.732120760651,0.0010012951295876736,23.0,0.8283333333333333,4200.0,0.0004953338119167265,4.1071428571428556e-05
1671.8852877126976,32.530137471486604,17.20622488158307,-4291.978311304294,0.0009982178977433031,24.0,0.8283333333333333,4200.0,0.0005168700646087581,4.2857142857142856e-05
1730.8470779672668,31.2923969263515,16.54998690752976,-4417.352927976695,0.0009951841948005447,25.0,0.8283333333333333,4200.0,0.0005384063173007897,4.464285714285714e-05
1790.080971903165,30.119841557990277,15.891963190802434,-4543.3976967960625,0.0009921132151504179,26.0,0.8283333333333333,4200.0,0.0005552763819095477,4.642857142857142e-05
1848.765728409709,29.046062363332425,15.319090068652171,-4666.795232932476,0.0009891162827284827,27.0,0.8283333333333333,4200.0,0.0005766331658291457,4.8214285714285716e-05
1906.7728314203623,28.057476327858613,14.826527121873616,-4789.007484578724,0.000986168919548518,28.0,0.8283333333333333,4200.0,0.0005979899497487438,5e-05
1964.5726129602922,27.125894118868114,14.327062773899419,-4910.799056713324,0.000983222491187203,29.0,0.8283333333333333,4200.0,0.0006193467336683417,5.178571428571429e-05
2022.1801775749964,26.251687969091936,13.86369088281656,-5031.252458876668,0.000980305881943151,30.0,0.8283333333333333,4200.0,0.0006407035175879397,5.357142857142857e-05
0.0,0.0,0.0,-2.1237246499294997,0.0008301791480712209,0.0,0.8687499999999999,4250.0,0.0,
93.59372844978184,37.87563701317522,26.47734855598955,-292.98976106072223,0.0008275755299483596,1.0,0.8687499999999999,4250.0,2.3510409188801146e-05,1.7857142857142855e-06
169.58783508537257,57.044056950050425,39.04219374020741,-534.6664309790285,0.0008251211749506225,2.0,0.8687499999999999,4250.0,4.594400574300071e-05,3.571428571428571e-06
236.14354989224594,66.39362476397754,44.24766997168719,-743.3410955529471,0.0008227419524052249,3.0,0.8687499999999999,4250.0,6.837760229720029e-05,5.357142857142857e-06
297.15335349075565,70.15325798896878,45.42809555089175,-928.8871251500896,0.0008204148365601868,4.0,0.8687499999999999,4250.0,9.045226130653265e-05,7.142857142857142e-06
354.65472222918334,70.58838533959896,44.380696684378705,-1097.5660103944974,0.0008181317243055429,5.0,0.8687499999999999,4250.0,0.00011306532663316583,8.92857142857143e-06
409.8677322906988,68.99553008624234,42.033182124787245,-1253.5804006436738,0.0008158866460253616,6.0,0.8687499999999999,4250.0,0.00013460157932519741,1.0714285714285714e-05
463.44597844601526,66.16603820695443,39.01332147380104,-1399.7790242564588,0.0008136757056306833,7.0,0.8687499999999999,4250.0,0.00015577889447236182,1.25e-05
515.8678968094654,62.61010735202555,35.69270307433248,-1538.4197353875206,0.0008067703676091859,8.0,0.8687499999999999,4200.0,0.00017803302225412776,1.4285714285714284e-05
567.378429858214,58.67786800405827,32.42732305324122,-1670.817242834557,0.000804653243122625,9.0,0.8687499999999999,4200.0,0.00019867193108399138,1.6071428571428572e-05
618.273386090694,54.59298396005964,29.578899901163382,-1798.4853390772623,0.0008025502948575468,10.0,0.8687499999999999,4200.0,0.00022074659009332378,1.785714285714286e-05
668.6203284079328,50.591241536111376,27.15924453255396,-1921.846066961647,0.0008004775174429539,11.0,0.8687499999999999,4200.0,0.00024282124910265612,1.964285714285714e-05
718.4484408121264,46.95562631811861,25.105000759067092,-2041.550072506674,0.0007984327786500792,12.0,0.8687499999999999,4200.0,0.0002627422828427853,2.1428571428571428e-05
767.9251639814167,43.7722964922012,23.338784126870095,-2158.608063697451,0.0007964002615064822,13.0,0.8687499999999999,4200.0,0.0002846374730796841,2.321428571428571e-05
816.9619674938943,40.98752445490183,21.81640088206275,-2272.906596361776,0.0007943984396861588,14.0,0.8687499999999999,4200.0,0.0003065326633165829,2.5e-05
865.9031754342932,38.50034923660125,20.443410286905692,-2385.2536178314767,0.0007923991799639541,15.0,0.8687499999999999,4200.0,0.00032842785355348164,2.6785714285714284e-05
914.3971826717184,36.305636549870755,19.263119225791463,-2495.4726839084105,0.0007904303289078965,16.0,0.8687499999999999,4200.0,0.0003474515434314429,2.8571428571428567e-05
962.5822213655916,34.34318835560339,18.21503149132597,-2603.9449526262106,0.0007884840894665467,17.0,0.8687499999999999,4200.0,0.00036916726489590805,3.0357142857142857e-05
1010.6387619422942,32.571723535832305,17.256677483184273,-2711.1114343124427,0.0007865468233614851,18.0,0.8687499999999999,4200.0,0.00039088298636037326,3.2142857142857144e-05
1058.5792122477953,30.957642195531346,16.368702468863393,-2817.516940844085,0.0007846106636399047,19.0,0.8687499999999999,4200.0,0.0004125987078248384,3.392857142857143e-05
1105.9495313713257,29.52004748001183,15.623814807078311,-2921.3207207579326,0.000782726452504641,20.0,0.8687499999999999,4200.0,0.0004307250538406318,3.571428571428572e-05
1153.4475984485664,28.18465416224669,14.901620792898425,-3025.1157545275782,0.0007808269275008176,21.0,0.8687499999999999,4200.0,0.0004522613065326634,3.7500000000000003e-05
1200.459316837238,26.973151588465434,14.255593814678281,-3127.5703173754882,0.0007789548149948935,22.0,0.8687499999999999,4200.0,0.0004737975592246949,3.928571428571428e-05
1247.4352114952933,25.858678726706394,13.66188062900209,-3228.7931337164046,0.0007771021066635506,23.0,0.8687499999999999,4200.0,0.0004953338119167265,4.1071428571428556e-05
1294.0859337480422,24.833757247798058,13.123516212638794,-3329.4517041310464,0.000775258973262758,24.0,0.8687499999999999,4200.0,0.0005168700646087581,4.2857142857142856e-05
1340.4464316478739,23.886146458516432,12.621909435993313,-3428.7775763067475,0.0007734396160053778,25.0,0.8687499999999999,4200.0,0.0005384063173007897,4.464285714285714e-05
1387.0684764091686,22.9896680627976,12.120267235961974,-3528.751328321756,0.0007715956608318682,26.0,0.8687499999999999,4200.0,0.0005552763819095477,4.642857142857142e-05
1433.2988802780415,22.168318602018175,11.68224150200187,-3626.6995799805736,0.0007697938897299195,27.0,0.8687499999999999,4200.0,0.0005766331658291457,4.8214285714285716e-05
1479.0376157933963,21.413420590293132,11.306539145041986,-3723.8394512946034,0.0007680195758079763,28.0,0.8687499999999999,4200.0,0.0005979899497487438,5e-05
1524.6567224639289,20.700293412330563,10.925021993051235,-3820.7128983850635,0.0007662436704875677,29.0,0.8687499999999999,4200.0,0.0006193467336683417,5.178571428571429e-05
1570.1648739082377,20.032622069740732,10.571222846326076,-3916.667620334789,0.0007644836606661634,30.0,0.8687499999999999,4200.0,0.0006407035175879397,5.357142857142857e-05
0.0,0.0,0.0,-2.1237246499294997,0.0005726096990153039,0.0,0.9091666666666666,4250.0,0.0,
64.59569611700886,26.131425199960777,18.26630632022226,-202.8937726815493,0.0005713730367011833,1.0,0.9091666666666666,4250.0,2.3510409188801146e-05,1.7857142857142855e-06
117.12423593534211,39.369591999476356,26.942184808110255,-370.0445990303342,0.0005702053388863498,2.0,0.9091666666666666,4250.0,4.594400574300071e-05,3.571428571428571e-06
163.2074738904082,45.83939346888555,30.544621374286024,-514.6621997455295,0.0005690715805796432,3.0,0.9091666666666666,4250.0,6.837760229720029e-05,5.357142857142857e-06
205.52630953488406,48.45634292938217,31.370968215815903,-643.5121945047795,0.000567960920596438,4.0,0.9091666666666666,4250.0,9.045226130653265e-05,7.142857142857142e-06
245.47837018522856,48.77498100084225,30.656466096363022,-760.8850582617815,0.0005668695881765224,5.0,0.9091666666666666,4250.0,0.00011306532663316583,8.92857142857143e-06
283.9024792940134,47.6912445786554,29.042901457948055,-869.6584582090436,0.0005657948216333538,6.0,0.9091666666666666,4250.0,0.00013460157932519741,1.0714285714285714e-05
321.2466858717729,45.75050355558906,26.9614555763647,-971.7845533056825,0.0005647348263618434,7.0,0.9091666666666666,4250.0,0.00015577889447236182,1.25e-05
357.8397113699835,43.30583261062387,24.66963955614404,-1068.7999210200505,0.0005636861777765932,8.0,0.9091666666666666,4250.0,0.00017803302225412776,1.4285714285714284e-05
393.84663664560213,40.594692837371284,22.412018282125885,-1161.5941525770031,0.0005626523891776561,9.0,0.9091666666666666,4250.0,0.00019867193108399138,1.6071428571428572e-05
429.4723148771117,37.77533109998065,20.4392958925416,-1251.230393879603,0.0005616242594137963,10.0,0.9091666666666666,4250.0,0.00022074659009332378,1.785714285714286e-05
464.7604228431952,35.0080922316177,18.764004854459767,-1337.9911783944772,0.0005606084228318695,11.0,0.9091666666666666,4250.0,0.00024282124910265612,1.964285714285714e-05
499.7282091506424,32.486409194832014,17.342208286824548,-1422.3102395242822,0.0005596060984977975,12.0,0.9091666666666666,4250.0,0.0002627422828427853,2.1428571428571428e-05
534.4937290904579,30.278069191574897,16.119798779275136,-1504.9077996633205,0.0005553638524768096,13.0,0.9091666666666666,4200.0,0.0002846374730796841,2.321428571428571e-05
568.9912349384375,28.34714314953694,15.066856585067425,-1585.6971894356102,0.0005543947100489198,14.0,0.9091666666666666,4200.0,0.0003065326633165829,2.5e-05
603.463372164733,26.623350995320227,14.11756211799062,-1665.2198597193565,0.0005534255205670126,15.0,0.9091666666666666,4200.0,0.00032842785355348164,2.6785714285714284e-05
637.6581369241766,25.101165497004253,13.300969503921515,-1743.3434605051661,0.0005524697421268654,16.0,0.9091666666666666,4200.0,0.0003474515434314429,2.8571428571428567e-05
671.6735644543254,23.742131222603412,12.576743673839259,-1820.3447124492086,0.0005515236629431409,17.0,0.9091666666666666,4200.0,0.00036916726489590805,3.0357142857142857e-05
705.6368315191368,22.514569448490747,11.914929917156131,-1896.5112960706247,0.0005505806907200717,18.0,0.9091666666666666,4200.0,0.00039088298636037326,3.2142857142857144e-05
739.5570766716457,21.396052377319133,11.300862428738231,-1972.2514729233444,0.0005496370095709073,19.0,0.9091666666666666,4200.0,0.0004125987078248384,3.392857142857143e-05
773.1069292429543,20.400308851746114,10.785997160048801,-2046.2169854736203,0.0005487174286486679,20.0,0.9091666666666666,4200.0,0.0004307250538406318,3.571428571428572e-05
806.7852446520828,19.475437327655275,10.286712100305849,-2120.288361166051,0.0005477891882754799,21.0,0.9091666666666666,4200.0,0.0004522613065326634,3.7500000000000003e-05
840.1526960864558,18.636404719476122,9.840217792358265,-2193.4734792397576,0.0005468731121379116,22.0,0.9091666666666666,4200.0,0.0004737975592246949,3.928571428571428e-05
873.5291074170692,17.864632208090157,9.43029206000702,-2265.886518977539,0.0005459653729926339,23.0,0.9091666666666666,4200.0,0.0004953338119167265,4.1071428571428556e-05
906.7087526722631,17.155910597828875,9.058185866430767,-2337.9583571455296,0.0005450611503396744,24.0,0.9091666666666666,4200.0,0.0005168700646087581,4.2857142857142856e-05
939.7148064379453,16.499183749047255,8.711325120107253,-2409.1832614734303,0.0005441674596701091,25.0,0.9091666666666666,4200.0,0.0005384063173007897,4.464285714285714e-05
972.9425532961366,15.878735380660574,8.365160418175332,-2480.9587266713206,0.0005432605761284641,26.0,0.9091666666666666,4200.0,0.0005552763819095477,4.642857142857142e-05
1005.9227140022125,15.31029720660478,8.062074610265455,-2551.336002637101,0.0005423733083603354,27.0,0.9091666666666666,4200.0,0.0005766331658291457,4.8214285714285716e-05
1038.5819657311101,14.788665653415308,7.80321648754716,-2621.2303010820688,0.0005414983877650196,28.0,0.9091666666666666,4200.0,0.0005979899497487438,5e-05
1071.1882979749578,14.294543363475551,7.539599346605194,-2690.9842451656805,0.0005406216135961495,29.0,0.9091666666666666,4200.0,0.0006193467336683417,5.178571428571429e-05
1103.7477113044436,13.833066632156427,7.2945723856135665,-2760.1830394244753,0.0005397516589320789,30.0,0.9091666666666666,4200.0,0.0006407035175879397,5.357142857142857e-05
0.0,0.0,0.0,-2.1237246499294997,0.00031676587762465415,0.0,0.9495833333333332,4250.0,0.0,
35.73603699371863,14.451459768020973,10.10118505677498,-113.2038929516566,0.00031638826940049445,1.0,0.9495833333333332,4250.0,2.3510409188801146e-05,1.7857142857142855e-06
64.84030130189716,21.78016180458057,14.90334550758466,-205.8669743100545,0.00031603113682994157,2.0,0.9495833333333332,4250.0,4.594400574300071e-05,3.571428571428571e-06
90.41715214133434,25.369038875982532,16.901502487703045,-286.19926842537825,0.00031568383917918765,3.0,0.9495833333333332,4250.0,6.837760229720029e-05,5.357142857142857e-06
113.94502048331088,26.826969296744387,17.363951727534875,-357.91727226012154,0.0003153430935956079,4.0,0.9495833333333332,4250.0,9.045226130653265e-05,7.142857142857142e-06
136.19476417572338,27.013784252266635,16.97388510797301,-423.37788552072743,0.00031500776925250026,5.0,0.9495833333333332,4250.0,0.00011306532663316583,8.92857142857143e-06
157.62854248450162,26.42326335850951,16.084801360863437,-484.1607912763793,0.0003146770421868471,6.0,0.9495833333333332,4250.0,0.00013460157932519741,1.0714285714285714e-05
178.49293925532817,25.357124565419888,14.9350504515518,-541.3385273877793,0.000314350381237477,7.0,0.9495833333333332,4250.0,0.00015577889447236182,1.25e-05
198.9675826860351,24.00866834783734,13.666776226292534,-595.7557723676146,0.0003140267453751379,8.0,0.9495833333333332,4250.0,0.00017803302225412776,1.4285714285714284e-05
219.14280509585825,22.510385776993317,12.415532678325098,-647.8977712047345,0.00031370723381475606,9.0,0.9495833333333332,4250.0,0.00019867193108399138,1.6071428571428572e-05
239.13217942582781,20.950497027874576,11.320351324671073,-698.3532238244588,0.000313389018673356,10.0,0.9495833333333332,4250.0,0.00022074659009332378,1.785714285714286e-05
258.95838561259774,19.416509843493877,10.39053559543882,-747.2739799487608,0.00031307416077649947,11.0,0.9495833333333332,4250.0,0.00024282124910265612,1.964285714285714e-05
278.6299623460014,18.014550410012358,9.60173992717717,-794.8915414362127,0.00031276305425515855,12.0,0.9495833333333332,4250.0,0.0002627422828427853,2.1428571428571428e-05
298.21215220413103,16.78698007388585,8.923585240706542,-841.6029276221525,0.0003124529979667697,13.0,0.9495833333333332,4250.0,0.0002846374730796841,2.321428571428571e-05
317.66670479178293,15.713208447085064,8.339850943807901,-887.3534623480809,0.0003121465996801803,14.0,0.9495833333333332,4250.0,0.0003065326633165829,2.5e-05
337.1313341603514,14.755270753891203,7.813758003004597,-932.4582489190288,0.0003118398276682092,15.0,0.9495833333333332,4250.0,0.00032842785355348164,2.6785714285714284e-05
356.46230156635914,13.909805010358744,7.361235855906764,-976.8271657268779,0.00031153710490806923,16.0,0.9495833333333332,4250.0,0.0003474515434314429,2.8571428571428567e-05
375.71422859580616,13.154661337208944,6.959794802230193,-1020.6251737581697,0.00031123661626845516,17.0,0.9495833333333332,4250.0,0.00036916726489590805,3.0357142857142857e-05
394.9586862413453,12.472951112934206,6.593474758360564,-1064.0015794049104,0.0003109372065217315,18.0,0.9495833333333332,4250.0,0.00039088298636037326,3.2142857142857144e-05
414.20077964968687,11.851485464519874,6.253106152912239,-1107.201156126379,0.00031063673539381365,19.0,0.9495833333333332,4250.0,0.0004125987078248384,3.392857142857143e-05
433.252799972818,11.298673792434858,5.967869489591689,-1149.4334367577976,0.000310344010865665,20.0,0.9495833333333332,4250.0,0.0004307250538406318,3.571428571428572e-05
452.40004130663493,10.785817920359863,5.69119962280537,-1191.7910964280964,0.00031004769975477825,21.0,0.9495833333333332,4250.0,0.0004522613065326634,3.7500000000000003e-05
471.39053727735967,10.319816400364427,5.44402977794997,-1233.6832983237618,0.00030975539208418954,22.0,0.9495833333333332,4250.0,0.0004737975592246949,3.928571428571428e-05
490.40677710370016,9.891810234096422,5.217019289749078,-1275.1961016818168,0.00030946486118561237,23.0,0.9495833333333332,4250.0,0.0004953338119167265,4.1071428571428556e-05
509.330437213078,9.49835392019839,5.010873805199172,-1316.55041206225,0.00030917564032175365,24.0,0.9495833333333332,4250.0,0.0005168700646087581,4.2857142857142856e-05
528.1748563819941,9.13420690845096,4.818632485233207,-1357.4811773248002,0.0003088888812765928,25.0,0.9495833333333332,4250.0,0.0005384063173007897,4.464285714285714e-05
547.1672314986042,8.789724368444407,4.627177049315207,-1398.7778340172663,0.0003085978720154461,26.0,0.9495833333333332,4250.0,0.0005552763819095477,4.642857142857142e-05
566.0370692354832,8.474737605463343,4.459275614004318,-1439.3054857305324,0.00030831278300628984,27.0,0.9495833333333332,4250.0,0.0005766331658291457,4.8214285714285716e-05
584.7418718474134,8.185164416750528,4.316159152306707,-1479.6123732247943,0.00030624815828130935,28.0,0.9495833333333332,4200.0,0.0005979899497487438,5e-05
603.4356297119843,7.910761027138872,4.170231294310689,-1519.8802529483,0.00030596993904942113,29.0,0.9495833333333332,4200.0,0.0006193467336683417,5.178571428571429e-05
622.1210884798529,7.655126041679706,4.034424386053387,-1559.890375321942,0.00030569355197516463,30.0,0.9495833333333332,4200.0,0.0006407035175879397,5.357142857142857e-05
0.0,0.0,0.0,-2.1237246499294997,6.262169267871004e-05,0.0,0.99,4250.0,0.0,
7.013087338330583,2.8349830598214014,1.981445831950458,-23.915493433152733,6.260708894303023e-05,1.0,0.99,4250.0,2.3510409188801146e-05,1.7857142857142855e-06
12.733425582221317,4.2742214361088555,2.924327272523319,-42.13029761384678,6.25932548894813e-05,2.0,0.99,4250.0,4.594400574300071e-05,3.571428571428571e-06
17.76906387635198,4.980480128352994,3.3174987258602786,-57.95286075554759,6.257978096457091e-05,3.0,0.99,4250.0,6.837760229720029e-05,5.357142857142857e-06
22.4093222462768,5.268758316989666,3.409323924043341,-72.10705590860016,6.256654118507588e-05,4.0,0.99,4250.0,9.045226130653265e-05,7.142857142857142e-06
26.804888885306323,5.3074320245623055,3.3336909241106625,-85.0519779341339,6.255349255280636e-05,5.0,0.99,4250.0,0.00011306532663316583,8.92857142857143e-06
31.046124285800115,5.193220183273245,3.159786134565449,-97.09512122448359,6.254060388143716e-05,6.0,0.99,4250.0,0.00013460157932519741,1.0714285714285714e-05
35.180943671100806,4.985139241358011,2.9342056868633817,-108.44547319695994,6.252785518543591e-05,7.0,0.99,4250.0,0.00015577889447236182,1.25e-05
39.24452231480861,4.7212190299230805,2.6851704213543037,-119.26772582990088,6.251520627052427e-05,8.0,0.99,4250.0,0.00017803302225412776,1.4285714285714284e-05
43.2543860308037,4.427357227085983,2.439065043215611,-129.65576702350518,6.250270060560514e-05,9.0,0.99,4250.0,0.00019867193108399138,1.6071428571428572e-05
47.232854583551855,4.12105347876076,2.223150121070898,-139.72521214107837,6.249022811175451e-05,10.0,0.99,4250.0,0.00022074659009332378,1.785714285714286e-05
51.184118286670675,3.8192199245880554,2.039958579013479,-149.50503854685667,6.247786980040524e-05,11.0,0.99,4250.0,0.00024282124910265612,1.964285714285714e-05
55.10968249560021,3.5426032039082243,1.8846385000563568,-159.03898904379457,6.246564173215958e-05,12.0,0.99,4250.0,0.0002627422828427853,2.1428571428571428e-05
59.02245095535575,3.30018588430334,1.7511557643215052,-168.40613898915035,6.245343801110843e-05,13.0,0.99,4250.0,0.0002846374730796841,2.321428571428571e-05
62.91449374035973,3.088338631823829,1.6362998571414435,-177.5941637356591,6.244136160821244e-05,14.0,0.99,4250.0,0.0003065326633165829,2.5e-05
66.81347497825483,2.899305491406069,1.5328636124403248,-186.66717672126833,6.242925444091733e-05,15.0,0.99,4250.0,0.00032842785355348164,2.6785714285714284e-05
70.69017374708852,2.73258815026313,1.443919369572319,-195.6036448667146,6.241729050257604e-05,16.0,0.99,4250.0,0.0003474515434314429,2.8571428571428567e-05
74.55556723875736,2.583658134208158,1.364973827635518,-204.43856436362694,6.240539857889441e-05,17.0,0.99,4250.0,0.00036916726489590805,3.0357142857142857e-05
78.4240579637461,2.449321109427126,1.2930622631426436,-213.19921408084338,6.23935336232274e-05,18.0,0.99,4250.0,0.00039088298636037326,3.2142857142857144e-05
82.2966856643753,2.326959082933574,1.2261523142655095,-221.93752915699588,6.238161059178445e-05,19.0,0.99,4250.0,0.0004125987078248384,3.392857142857143e-05
86.13525019740186,2.2180692382632192,1.1701133112283952,-230.4893970628982,6.236997956665933e-05,20.0,0.99,4250.0,0.0004307250538406318,3.571428571428572e-05
89.99760855408644,2.1170358973176637,1.115784449360091,-239.07986016476934,6.235819069799714e-05,21.0,0.99,4250.0,0.0004522613065326634,3.7500000000000003e-05
93.83252931857538,2.0253272118448393,1.0672350325903879,-247.5844667318088,6.234654541393834e-05,22.0,0.99,4250.0,0.0004737975592246949,3.928571428571428e-05
97.67697565672175,1.9410613431942867,1.0226847442615326,-256.02490233127173,6.23349557450726e-05,23.0,0.99,4250.0,0.0004953338119167265,4.1071428571428556e-05
101.5069217597653,1.8635632161492357,0.9822251509013993,-264.440835585272,6.232340330376107e-05,24.0,0.99,4250.0,0.0005168700646087581,4.2857142857142856e-05
105.32493966023519,1.7919569738759538,0.9444005328207592,-272.7834429209979,6.231193421668691e-05,25.0,0.99,4250.0,0.0005384063173007897,4.464285714285714e-05
109.17720147850325,1.7242102086813722,0.906864768404436,-281.2081436056178,6.230028086133782e-05,26.0,0.99,4250.0,0.0005552763819095477,4.642857142857142e-05
113.00868544197733,1.662237485017805,0.8739348631339855,-289.4887937088424,6.228884969484431e-05,27.0,0.99,4250.0,0.0005766331658291457,4.8214285714285716e-05
116.81061588366471,1.6052350285800805,0.8458495381485562,-297.7332520021155,6.22775347172477e-05,28.0,0.99,4250.0,0.0005979899497487438,5e-05
120.61441443939924,1.5513165709557004,0.817216486750244,-305.9741102216867,6.226619322513182e-05,29.0,0.99,4250.0,0.0006193467336683417,5.178571428571429e-05
124.4205900451038,1.500993640650562,0.79056655056313,-314.1752214623484,6.225488873320928e-05,30.0,0.99,4250.0,0.0006407035175879397,5.357142857142857e-05
