CAPE_u,CAPE_ext,CAPE_dist,dh,sat_def,P,RH,dz,ent_b,ent_spec,a,b
0.0,0.0,0.0,-2.628212131370674,0.009659155665531487,0.0,0.02,4300.0,0.0,"[0. 0. 0. 0. 0. 0. 0. 0. 0. 0. 0. 0. 0. 0. 0. 0. 0. 0. 0. 0. 0. 0. 0. 0.
 0. 0. 0. 0. 0. 0. 0. 0. 0. 0. 0. 0. 0. 0. 0. 0. 0. 0. 0. 0. 0. 0. 0. 0.
 0. 0. 0. 0. 0. 0. 0. 0. 0. 0. 0. 0. 0. 0. 0. 0. 0. 0. 0. 0. 0. 0. 0. 0.
 0. 0. 0. 0. 0. 0. 0. 0. 0. 0. 0. 0. 0. 0. 0. 0. 0. 0. 0. 0. 0. 0. 0. 0.
 0. 0. 0. 0. 0. 0. 0. 0. 0. 0. 0. 0. 0. 0. 0. 0. 0. 0. 0. 0. 0. 0. 0. 0.
 0. 0. 0. 0. 0. 0. 0. 0. 0. 0. 0. 0. 0. 0. 0. 0. 0. 0. 0. 0. 0. 0. 0. 0.
 0. 0. 0. 0. 0. 0. 0. 0. 0. 0. 0. 0. 0. 0. 0. 0. 0. 0. 0. 0. 0. 0. 0. 0.
 0. 0. 0. 0. 0. 0. 0. 0. 0. 0. 0. 0. 0. 0. 0. 0. 0. 0. 0. 0. 0. 0. 0. 0.
 0. 0. 0. 0. 0. 0. 0. 0.]",,10
2117.4458407839293,1695.4754122793377,20.079665680092283,-5315.237676838937,0.008513217078867444,1.0,0.02,4300.0,7.142857142857142e-05,"[0.00000000e+00 7.13013233e-06 1.42602647e-05 2.13903970e-05
 2.85205293e-05 3.56506616e-05 4.27807940e-05 4.99109263e-05
 5.70410586e-05 6.41711910e-05]",130386666.66666669,10
3667.192211967065,2730.5061692506947,20.861996825305294,-8372.000106773463,0.007619140181505017,2.0,0.02,4250.0,0.00014285714285714284,"[0.00000000e+00 1.42349355e-05 2.84698711e-05 4.27048066e-05
 5.69397422e-05 7.11746777e-05 8.54096132e-05 9.96445488e-05
 1.13879484e-04 1.28114420e-04]",65193333.33333334,10
4916.090077843076,3420.0127767043837,19.64281617828846,-10339.886339474811,0.0069544250005516015,3.0,0.02,4250.0,0.00021320890165111268,"[0.00000000e+00 2.13145889e-05 4.26291779e-05 6.39437668e-05
 8.52583558e-05 1.06572945e-04 1.27887534e-04 1.49202123e-04
 1.70516712e-04 1.91831301e-04]",43462222.22222223,10
5968.970266360329,3881.569232991645,18.180211154936618,-11686.24502796527,0.006385986621634858,4.0,0.02,4200.0,0.0002842785355348169,"[0.0000000e+00 2.8369270e-05 5.6738540e-05 8.5107810e-05 1.1347708e-04
 1.4184635e-04 1.7021562e-04 1.9858489e-04 2.2695416e-04 2.5532343e-04]",32596666.66666667,10
6882.448826458466,4189.996965797287,16.784548659008443,-12642.758050988894,0.005939160118347466,5.0,0.02,4200.0,0.00035534816941852116,"[0.00000000e+00 3.53991542e-05 7.07983084e-05 1.06197463e-04
 1.41596617e-04 1.76995771e-04 2.12394925e-04 2.47794079e-04
 2.83193234e-04 3.18592388e-04]",26077333.333333336,10
7688.915347644988,4387.754134432005,15.593948658535059,-13334.774498026782,0.005560265994776373,6.0,0.02,4200.0,0.00042641780330222536,"[0.00000000e+00 4.24044153e-05 8.48088306e-05 1.27213246e-04
 1.69617661e-04 2.12022077e-04 2.54426492e-04 2.96830907e-04
 3.39235322e-04 3.81639738e-04]",21731111.111111116,10
8412.563141182367,4519.22724309808,14.244498510150319,-13845.3799426201,0.005231849573940169,7.0,0.02,4200.0,0.0004949748743718593,"[0.00000000e+00 4.93852252e-05 9.87704504e-05 1.48155676e-04
 1.97540901e-04 2.46926126e-04 2.96311351e-04 3.45696576e-04
 3.95081801e-04 4.44467027e-04]",18626666.666666668,10
9068.474779848906,4577.650689340892,13.327799288602185,-14220.558062396223,0.0049279960612502996,8.0,0.02,4150.0,0.0005656855707106963,"[0.00000000e+00 5.63417539e-05 1.12683508e-04 1.69025262e-04
 2.25367016e-04 2.81708770e-04 3.38050524e-04 3.94392278e-04
 4.50734031e-04 5.07075785e-04]",16298333.333333336,10
9665.969199533118,4589.215314435522,12.50234089591241,-14493.833210459314,0.004678216469087348,9.0,0.02,4150.0,0.0006363962670495333,"[0.00000000e+00 6.32741699e-05 1.26548340e-04 1.89822510e-04
 2.53096680e-04 3.16370849e-04 3.79645019e-04 4.42919189e-04
 5.06193359e-04 5.69467529e-04]",14487407.407407409,10
10217.571212844963,4567.036997511253,11.829345870426254,-14691.579846653854,0.004455867216073788,10.0,0.02,4150.0,0.0007071069633883705,"[0.00000000e+00 7.01826396e-05 1.40365279e-04 2.10547919e-04
 2.80730558e-04 3.50913198e-04 4.21095838e-04 4.91278477e-04
 5.61461117e-04 6.31643757e-04]",13038666.666666668,10
10729.606215337855,4538.801088289603,11.130151656742848,-14832.958339732148,0.004254808974253247,11.0,0.02,4150.0,0.0007738693467336682,"[0.00000000e+00 7.70673280e-05 1.54134656e-04 2.31201984e-04
 3.08269312e-04 3.85336640e-04 4.62403968e-04 5.39471296e-04
 6.16538624e-04 6.93605952e-04]",11853333.333333334,10
11204.972799077072,4471.899302082127,10.479198102448143,-14928.14093768481,0.004061481826670219,12.0,0.02,4100.0,0.0008442211055276381,"[0.00000000e+00 8.39283982e-05 1.67856796e-04 2.51785195e-04
 3.35713593e-04 4.19641991e-04 5.03570389e-04 5.87498787e-04
 6.71427186e-04 7.55355584e-04]",10865555.555555558,10
11649.771144686727,4390.480615632907,9.889764159430882,-14981.72051854775,0.0038985083646282015,13.0,0.02,4100.0,0.000914572864321608,"[0.00000000e+00 9.07660117e-05 1.81532023e-04 2.72298035e-04
 3.63064047e-04 4.53830058e-04 5.44596070e-04 6.35362082e-04
 7.26128094e-04 8.16894105e-04]",10029743.589743592,10
12070.337825124916,4299.7174866312025,9.282691641717864,-15011.477320542384,0.0037492091583682685,14.0,0.02,4100.0,0.0009849246231155779,"[0.00000000e+00 9.75803283e-05 1.95160657e-04 2.92740985e-04
 3.90321313e-04 4.87901642e-04 5.85481970e-04 6.83062298e-04
 7.80642627e-04 8.78222955e-04]",9313333.333333334,10
12464.751214388007,4200.723042356998,8.772422850368937,-15013.658285508951,0.003612703266892491,15.0,0.02,4100.0,0.0010552763819095476,"[0.         0.00010437 0.00020874 0.00031311 0.00041749 0.00052186
 0.00062623 0.0007306  0.00083497 0.00093934]",8692444.444444446,10
12840.077450035553,4120.568989200515,8.484576151792783,-15004.573370360238,0.0034860442596214274,16.0,0.02,4100.0,0.0011198851399856424,"[0.         0.00011114 0.00022228 0.00033342 0.00044456 0.0005557
 0.00066684 0.00077798 0.00088912 0.00100026]",8149166.666666668,10
13193.184243849699,4013.855456887497,8.138150652215955,-14971.688512681183,0.0033707689260853253,17.0,0.02,4100.0,0.001189877961234745,"[0.         0.00011789 0.00023577 0.00035366 0.00047154 0.00058943
 0.00070731 0.0008252  0.00094308 0.00106097]",7669803.921568629,10
13529.882900123977,3905.9370164348934,7.828780980449319,-14925.286608573748,0.003263273059469373,18.0,0.02,4100.0,0.0012598707824838476,"[0.         0.00012461 0.00024922 0.00037382 0.00049843 0.00062304
 0.00074765 0.00087225 0.00099686 0.00112147]",7243703.703703704,10
13851.073742821958,3797.8876004819813,7.529845730155301,-14873.033085364958,0.0031536523284949446,19.0,0.02,4050.0,0.0013298636037329505,"[0.         0.00013131 0.00026262 0.00039392 0.00052523 0.00065654
 0.00078785 0.00091916 0.00105046 0.00118177]",6862456.140350877,10
14156.510951654707,3713.612273431562,7.16602227002415,-14802.67627993587,0.003062331681121492,20.0,0.02,4050.0,0.0013926776740847092,"[0.         0.00013799 0.00027597 0.00041396 0.00055194 0.00068993
 0.00082791 0.0009659  0.00110389 0.00124187]",6519333.333333334,10
14450.45104460327,3608.0181190873463,6.853670738315988,-14735.753014194495,0.0029749990935341625,21.0,0.02,4050.0,0.0014623115577889448,"[0.         0.00014464 0.00028928 0.00043392 0.00057857 0.00072321
 0.00086785 0.00101249 0.00115713 0.00130177]",6208888.888888889,10
14735.984478478227,3504.985249202456,6.564898678075912,-14667.454936277249,0.002892317430074387,22.0,0.02,4050.0,0.00153194544149318,"[0.         0.00015127 0.00030255 0.00045382 0.0006051  0.00075637
 0.00090765 0.00105892 0.0012102  0.00136147]",5926666.666666667,10
15005.516996074208,3402.84700253214,6.3508108084260275,-14582.011149679645,0.002816297002583249,23.0,0.02,4050.0,0.0016015793251974155,"[0.         0.00015789 0.00031577 0.00047366 0.00063155 0.00078943
 0.00094732 0.0011052  0.00126309 0.00142098]",5668985.507246378,10
15266.200750373822,3303.808415835786,6.009135238231909,-14504.638305415072,0.0027426004250715227,24.0,0.02,4050.0,0.001671213208901651,"[0.         0.00016448 0.00032895 0.00049343 0.0006579  0.00082238
 0.00098686 0.00115133 0.00131581 0.00148029]",5432777.777777779,10
15515.358498499407,3230.356538557375,5.891854410852584,-14417.626725430386,0.002675358755061496,25.0,0.02,4050.0,0.0017318736539842065,"[0.         0.00017104 0.00034209 0.00051313 0.00068418 0.00085522
 0.00102627 0.00119731 0.00136835 0.0015394 ]",5215466.666666668,10
15755.951065125257,3136.5729371732464,5.76006497028527,-14330.380976716366,0.0026125572747050644,26.0,0.02,4050.0,0.0018011486001435748,"[0.         0.00017759 0.00035518 0.00053277 0.00071036 0.00088795
 0.00106555 0.00124314 0.00142073 0.00159832]",5014871.794871796,10
15994.999454130353,3047.202308797745,5.524531123805068,-14243.882248432292,0.002549110809659781,27.0,0.02,4050.0,0.0018704235463029432,"[0.         0.00018412 0.00036823 0.00055235 0.00073647 0.00092058
 0.0011047  0.00128881 0.00147293 0.00165705]",4829135.802469136,10
16214.627153935282,2958.465461081957,5.25129699529342,-14144.219764806123,0.0024864350758327797,28.0,0.02,4000.0,0.0019396984924623117,"[0.         0.00019062 0.00038124 0.00057186 0.00076248 0.0009531
 0.00114372 0.00133434 0.00152496 0.00171558]",4656666.666666667,10
16434.74882533401,2896.964049011997,5.098834499149938,-14057.965060130962,0.002430018041187214,29.0,0.02,4000.0,0.001998564249820531,"[0.         0.0001971  0.00039421 0.00059131 0.00078841 0.00098552
 0.00118262 0.00137972 0.00157683 0.00177393]",4496091.954022989,10
16640.421192731483,2814.2553814015773,5.048875588996168,-13955.609224548698,0.002380963431771807,30.0,0.02,4000.0,0.002067480258435032,"[0.         0.00020357 0.00040713 0.0006107  0.00081426 0.00101783
 0.00122139 0.00142496 0.00162852 0.00183209]",4346222.222222223,10
0.0,0.0,0.0,-2.628212131370674,0.009216223756612723,0.0,0.06,4300.0,0.0,"[0. 0. 0. 0. 0. 0. 0. 0. 0. 0. 0. 0. 0. 0. 0. 0. 0. 0. 0. 0. 0. 0. 0. 0.
 0. 0. 0. 0. 0. 0. 0. 0. 0. 0. 0. 0. 0. 0. 0. 0. 0. 0. 0. 0. 0. 0. 0. 0.
 0. 0. 0. 0. 0. 0. 0. 0. 0. 0. 0. 0. 0. 0. 0. 0. 0. 0. 0. 0. 0. 0. 0. 0.
 0. 0. 0. 0. 0. 0. 0. 0. 0. 0. 0. 0. 0. 0. 0. 0. 0. 0. 0. 0. 0. 0. 0. 0.
 0. 0. 0. 0. 0. 0. 0. 0. 0. 0. 0. 0. 0. 0. 0. 0. 0. 0. 0. 0. 0. 0. 0. 0.
 0. 0. 0. 0. 0. 0. 0. 0. 0. 0. 0. 0. 0. 0. 0. 0. 0. 0. 0. 0. 0. 0. 0. 0.
 0. 0. 0. 0. 0. 0. 0. 0. 0. 0. 0. 0. 0. 0. 0. 0. 0. 0. 0. 0. 0. 0. 0. 0.
 0. 0. 0. 0. 0. 0. 0. 0. 0. 0. 0. 0. 0. 0. 0. 0. 0. 0. 0. 0. 0. 0. 0. 0.
 0. 0. 0. 0. 0. 0. 0. 0.]",,10
2027.581133114363,1623.0233892107572,19.31647953951562,-5103.260399904742,0.008172693039409576,1.0,0.06,4300.0,7.142857142857142e-05,"[0.00000000e+00 7.13013233e-06 1.42602647e-05 2.13903970e-05
 2.85205293e-05 3.56506616e-05 4.27807940e-05 4.99109263e-05
 5.70410586e-05 6.41711910e-05]",130386666.66666669,10
3520.3935350878196,2619.959959299956,20.177628002500793,-8076.169642704845,0.007349316425007059,2.0,0.06,4250.0,0.00014285714285714284,"[0.00000000e+00 1.42349355e-05 2.84698711e-05 4.27048066e-05
 5.69397422e-05 7.11746777e-05 8.54096132e-05 9.96445488e-05
 1.13879484e-04 1.28114420e-04]",65193333.33333334,10
4728.592287970429,3287.6398998416266,19.07038096650756,-10014.290649652881,0.006734834719037337,3.0,0.06,4250.0,0.00021320890165111268,"[0.00000000e+00 2.13145889e-05 4.26291779e-05 6.39437668e-05
 8.52583558e-05 1.06572945e-04 1.27887534e-04 1.49202123e-04
 1.70516712e-04 1.91831301e-04]",43462222.22222223,10
5750.497561473158,3736.9781071584275,17.702420421743042,-11356.976575577923,0.006204587279663827,4.0,0.06,4200.0,0.0002842785355348169,"[0.0000000e+00 2.8369270e-05 5.6738540e-05 8.5107810e-05 1.1347708e-04
 1.4184635e-04 1.7021562e-04 1.9858489e-04 2.2695416e-04 2.5532343e-04]",32596666.66666667,10
6639.433045448,4039.0527472168305,16.38373614121173,-12323.727421132193,0.005787203943149433,5.0,0.06,4200.0,0.00035534816941852116,"[0.00000000e+00 3.53991542e-05 7.07983084e-05 1.06197463e-04
 1.41596617e-04 1.76995771e-04 2.12394925e-04 2.47794079e-04
 2.83193234e-04 3.18592388e-04]",26077333.333333336,10
7425.923265001288,4234.301064965887,15.245957618189387,-13033.450841104699,0.005431753343247074,6.0,0.06,4200.0,0.00042641780330222536,"[0.00000000e+00 4.24044153e-05 8.48088306e-05 1.27213246e-04
 1.69617661e-04 2.12022077e-04 2.54426492e-04 2.96830907e-04
 3.39235322e-04 3.81639738e-04]",21731111.111111116,10
8132.956205213736,4365.354852264998,13.943584445952547,-13565.669661852466,0.00512250078055192,7.0,0.06,4200.0,0.0004949748743718593,"[0.00000000e+00 4.93852252e-05 9.87704504e-05 1.48155676e-04
 1.97540901e-04 2.46926126e-04 2.96311351e-04 3.45696576e-04
 3.95081801e-04 4.44467027e-04]",18626666.666666668,10
8774.808230416389,4425.511019920048,13.081834315876542,-13964.260543101656,0.004834261135160187,8.0,0.06,4150.0,0.0005656855707106963,"[0.00000000e+00 5.63417539e-05 1.12683508e-04 1.69025262e-04
 2.25367016e-04 2.81708770e-04 3.38050524e-04 3.94392278e-04
 4.50734031e-04 5.07075785e-04]",16298333.333333336,10
9360.318565841475,4440.012628997045,12.28044848410128,-14261.950722064445,0.004597563123632598,9.0,0.06,4150.0,0.0006363962670495333,"[0.00000000e+00 6.32741699e-05 1.26548340e-04 1.89822510e-04
 2.53096680e-04 3.16370849e-04 3.79645019e-04 4.42919189e-04
 5.06193359e-04 5.69467529e-04]",14487407.407407409,10
9901.496740826726,4421.524470118653,11.632538283758793,-14484.253265799038,0.004386272812400472,10.0,0.06,4150.0,0.0007071069633883705,"[0.00000000e+00 7.01826396e-05 1.40365279e-04 2.10547919e-04
 2.80730558e-04 3.50913198e-04 4.21095838e-04 4.91278477e-04
 5.61461117e-04 6.31643757e-04]",13038666.666666668,10
10404.453143593413,4396.839156308542,10.942259388026237,-14649.775118331956,0.00419472701785511,11.0,0.06,4150.0,0.0007738693467336682,"[0.00000000e+00 7.70673280e-05 1.54134656e-04 2.31201984e-04
 3.08269312e-04 3.85336640e-04 4.62403968e-04 5.39471296e-04
 6.16538624e-04 6.93605952e-04]",11853333.333333334,10
10871.825739701186,4334.41948532395,10.318091774371432,-14768.292024299517,0.0040228777340300635,12.0,0.06,4150.0,0.0008442211055276381,"[0.00000000e+00 8.39283982e-05 1.67856796e-04 2.51785195e-04
 3.35713593e-04 4.19641991e-04 5.03570389e-04 5.87498787e-04
 6.71427186e-04 7.55355584e-04]",10865555.555555558,10
11309.56936872501,4257.595313538642,9.73546812694833,-14844.479534908358,0.003853352711009492,13.0,0.06,4100.0,0.000914572864321608,"[0.00000000e+00 9.07660117e-05 1.81532023e-04 2.72298035e-04
 3.63064047e-04 4.53830058e-04 5.44596070e-04 6.35362082e-04
 7.26128094e-04 8.16894105e-04]",10029743.589743592,10
11723.792547930432,4171.519635232309,9.160663621922295,-14896.026774937578,0.0037101855828860462,14.0,0.06,4100.0,0.0009849246231155779,"[0.00000000e+00 9.75803283e-05 1.95160657e-04 2.92740985e-04
 3.90321313e-04 4.87901642e-04 5.85481970e-04 6.83062298e-04
 7.80642627e-04 8.78222955e-04]",9313333.333333334,10
12112.571051756699,4077.150687330243,8.675078010002924,-14919.189558574028,0.0035790534017660475,15.0,0.06,4100.0,0.0010552763819095476,"[0.         0.00010437 0.00020874 0.00031311 0.00041749 0.00052186
 0.00062623 0.0007306  0.00083497 0.00093934]",8692444.444444446,10
12482.764466745995,4000.8787462327086,8.398287092780071,-14930.325042907236,0.0034571668417956664,16.0,0.06,4100.0,0.0011198851399856424,"[0.         0.00011114 0.00022228 0.00033342 0.00044456 0.0005557
 0.00066684 0.00077798 0.00088912 0.00100026]",8149166.666666668,10
12831.275663680442,3898.599616269394,8.039467123097731,-14916.328699609337,0.0033460317217030204,17.0,0.06,4100.0,0.001189877961234745,"[0.         0.00011789 0.00023577 0.00035366 0.00047154 0.00058943
 0.00070731 0.0008252  0.00094308 0.00106097]",7669803.921568629,10
13163.816471409642,3795.0044500953213,7.721097948135511,-14888.394616556856,0.0032422378848149585,18.0,0.06,4100.0,0.0012598707824838476,"[0.         0.00012461 0.00024922 0.00037382 0.00049843 0.00062304
 0.00074765 0.00087225 0.00099686 0.00112147]",7243703.703703704,10
13481.234292840643,3691.091930998164,7.443888447754744,-14853.306426322677,0.0031451742410909876,19.0,0.06,4100.0,0.0013298636037329505,"[0.         0.00013131 0.00026262 0.00039392 0.00052523 0.00065654
 0.00078785 0.00091916 0.00105046 0.00118177]",6862456.140350877,10
13783.166956366946,3610.229397536889,7.112832950837591,-14799.341497783309,0.0030472734535356033,20.0,0.06,4050.0,0.0013926776740847092,"[0.         0.00013799 0.00027597 0.00041396 0.00055194 0.00068993
 0.00082791 0.0009659  0.00110389 0.00124187]",6519333.333333334,10
14073.945606523363,3508.386860170159,6.803353547881383,-14748.04870635656,0.0029625923708280506,21.0,0.06,4050.0,0.0014623115577889448,"[0.         0.00014464 0.00028928 0.00043392 0.00057857 0.00072321
 0.00086785 0.00101249 0.00115713 0.00130177]",6208888.888888889,10
14356.504070814544,3408.995070980511,6.4888656501319915,-14695.268068018951,0.002882344370320286,22.0,0.06,4050.0,0.00153194544149318,"[0.         0.00015127 0.00030255 0.00045382 0.0006051  0.00075637
 0.00090765 0.00105892 0.0012102  0.00136147]",5926666.666666667,10
14623.38007899305,3310.3568268038266,6.296422326909928,-14624.090192983254,0.0028084389698723616,23.0,0.06,4050.0,0.0016015793251974155,"[0.         0.00015789 0.00031577 0.00047366 0.00063155 0.00078943
 0.00094732 0.0011052  0.00126309 0.00142098]",5668985.507246378,10
14881.671477778204,3214.6105542080672,5.963611298727833,-14560.140314167704,0.0027367195747767603,24.0,0.06,4050.0,0.001671213208901651,"[0.         0.00016448 0.00032895 0.00049343 0.0006579  0.00082238
 0.00098686 0.00115133 0.00131581 0.00148029]",5432777.777777779,10
15128.505350937325,3143.7052900601852,5.8415262286172345,-14486.340860344404,0.0026712134794128228,25.0,0.06,4050.0,0.0017318736539842065,"[0.         0.00017104 0.00034209 0.00051313 0.00068418 0.00085522
 0.00102627 0.00119731 0.00136835 0.0015394 ]",5215466.666666668,10
15366.92601489709,3052.930444416105,5.709230839426292,-14411.001426191895,0.0026099531581578895,26.0,0.06,4050.0,0.0018011486001435748,"[0.         0.00017759 0.00035518 0.00053277 0.00071036 0.00088795
 0.00106555 0.00124314 0.00142073 0.00159832]",5014871.794871796,10
15604.031539243204,2966.369062344976,5.495568438316746,-14336.765453474822,0.0025480217617268215,27.0,0.06,4050.0,0.0018704235463029432,"[0.         0.00018412 0.00036823 0.00055235 0.00073647 0.00092058
 0.0011047  0.00128881 0.00147293 0.00165705]",4829135.802469136,10
15821.936233119683,2880.384997368653,5.2162702851623095,-14248.395139998494,0.0024932905275963525,28.0,0.06,4050.0,0.0019396984924623117,"[0.         0.00019062 0.00038124 0.00057186 0.00076248 0.0009531
 0.00114372 0.00133434 0.00152496 0.00171558]",4656666.666666667,10
16040.386707379514,2820.900561295876,5.0690454169014485,-14172.992637416122,0.0024378964664037613,29.0,0.06,4050.0,0.001998564249820531,"[0.         0.0001971  0.00039421 0.00059131 0.00078841 0.00098552
 0.00118262 0.00137972 0.00157683 0.00177393]",4496091.954022989,10
16244.474561940831,2740.6284724314555,5.010973763069656,-14080.878519324695,0.002383208524616766,30.0,0.06,4000.0,0.002067480258435032,"[0.         0.00020357 0.00040713 0.0006107  0.00081426 0.00101783
 0.00122139 0.00142496 0.00162852 0.00183209]",4346222.222222223,10
0.0,0.0,0.0,-2.628212131370674,0.008778186795266898,0.0,0.1,4300.0,0.0,"[0. 0. 0. 0. 0. 0. 0. 0. 0. 0. 0. 0. 0. 0. 0. 0. 0. 0. 0. 0. 0. 0. 0. 0.
 0. 0. 0. 0. 0. 0. 0. 0. 0. 0. 0. 0. 0. 0. 0. 0. 0. 0. 0. 0. 0. 0. 0. 0.
 0. 0. 0. 0. 0. 0. 0. 0. 0. 0. 0. 0. 0. 0. 0. 0. 0. 0. 0. 0. 0. 0. 0. 0.
 0. 0. 0. 0. 0. 0. 0. 0. 0. 0. 0. 0. 0. 0. 0. 0. 0. 0. 0. 0. 0. 0. 0. 0.
 0. 0. 0. 0. 0. 0. 0. 0. 0. 0. 0. 0. 0. 0. 0. 0. 0. 0. 0. 0. 0. 0. 0. 0.
 0. 0. 0. 0. 0. 0. 0. 0. 0. 0. 0. 0. 0. 0. 0. 0. 0. 0. 0. 0. 0. 0. 0. 0.
 0. 0. 0. 0. 0. 0. 0. 0. 0. 0. 0. 0. 0. 0. 0. 0. 0. 0. 0. 0. 0. 0. 0. 0.
 0. 0. 0. 0. 0. 0. 0. 0. 0. 0. 0. 0. 0. 0. 0. 0. 0. 0. 0. 0. 0. 0. 0. 0.
 0. 0. 0. 0. 0. 0. 0. 0.]",,10
1938.0337751651123,1550.866739437358,18.54845903983307,-4890.676039605758,0.007831278957193027,1.0,0.1,4300.0,7.142857142857142e-05,"[0.00000000e+00 7.13013233e-06 1.42602647e-05 2.13903970e-05
 2.85205293e-05 3.56506616e-05 4.27807940e-05 4.99109263e-05
 5.70410586e-05 6.41711910e-05]",130386666.66666669,10
3373.3213545113363,2509.2938835841464,19.477843165804547,-7775.9986702726455,0.0070756321271859355,2.0,0.1,4250.0,0.00014285714285714284,"[0.00000000e+00 1.42349355e-05 2.84698711e-05 4.27048066e-05
 5.69397422e-05 7.11746777e-05 8.54096132e-05 9.96445488e-05
 1.13879484e-04 1.28114420e-04]",65193333.33333334,10
4539.953388927852,3154.583893661528,18.485080776155613,-9680.29861237271,0.006509751887102614,3.0,0.1,4250.0,0.00021320890165111268,"[0.00000000e+00 2.13145889e-05 4.26291779e-05 6.39437668e-05
 8.52583558e-05 1.06572945e-04 1.27887534e-04 1.49202123e-04
 1.70516712e-04 1.91831301e-04]",43462222.22222223,10
5529.944121519438,3591.1582092163158,17.208417026150283,-11015.78724855298,0.006044582469445376,4.0,0.1,4250.0,0.0002842785355348169,"[0.0000000e+00 2.8369270e-05 5.6738540e-05 8.5107810e-05 1.1347708e-04
 1.4184635e-04 1.7021562e-04 1.9858489e-04 2.2695416e-04 2.5532343e-04]",32596666.66666667,10
6393.400441829806,3886.3987020704417,15.96243454764555,-11989.489852020306,0.0056285080568332846,5.0,0.1,4200.0,0.00035534816941852116,"[0.00000000e+00 3.53991542e-05 7.07983084e-05 1.06197463e-04
 1.41596617e-04 1.76995771e-04 2.12394925e-04 2.47794079e-04
 2.83193234e-04 3.18592388e-04]",26077333.333333336,10
7159.01877546268,4078.7367348175876,14.872483704365896,-12714.318628341862,0.005296339963720257,6.0,0.1,4200.0,0.00042641780330222536,"[0.00000000e+00 4.24044153e-05 8.48088306e-05 1.27213246e-04
 1.69617661e-04 2.12022077e-04 2.54426492e-04 2.96830907e-04
 3.39235322e-04 3.81639738e-04]",21731111.111111116,10
7848.583451242387,4209.0362772173385,13.651199690316947,-13266.014341346017,0.005006253709484639,7.0,0.1,4200.0,0.0004949748743718593,"[0.00000000e+00 4.93852252e-05 9.87704504e-05 1.48155676e-04
 1.97540901e-04 2.46926126e-04 2.96311351e-04 3.45696576e-04
 3.95081801e-04 4.44467027e-04]",18626666.666666668,10
8475.576489315054,4270.668161361004,12.809993389603124,-13686.283359131354,0.004733760795852404,8.0,0.1,4150.0,0.0005656855707106963,"[0.00000000e+00 5.63417539e-05 1.12683508e-04 1.69025262e-04
 2.25367016e-04 2.81708770e-04 3.38050524e-04 3.94392278e-04
 4.50734031e-04 5.07075785e-04]",16298333.333333336,10
9048.35229336939,4287.9076618531835,12.04836238629123,-14007.014851269647,0.004510310668715567,9.0,0.1,4150.0,0.0006363962670495333,"[0.00000000e+00 6.32741699e-05 1.26548340e-04 1.89822510e-04
 2.53096680e-04 3.16370849e-04 3.79645019e-04 4.42919189e-04
 5.06193359e-04 5.69467529e-04]",14487407.407407409,10
9578.410332160536,4272.964717371373,11.430994473354744,-14252.78806639093,0.004310283712968255,10.0,0.1,4150.0,0.0007071069633883705,"[0.00000000e+00 7.01826396e-05 1.40365279e-04 2.10547919e-04
 2.80730558e-04 3.50913198e-04 4.21095838e-04 4.91278477e-04
 5.61461117e-04 6.31643757e-04]",13038666.666666668,10
10071.63005377197,4251.712972989426,10.75195221341415,-14441.617339929398,0.004128479146107582,11.0,0.1,4150.0,0.0007738693467336682,"[0.00000000e+00 7.70673280e-05 1.54134656e-04 2.31201984e-04
 3.08269312e-04 3.85336640e-04 4.62403968e-04 5.39471296e-04
 6.16538624e-04 6.93605952e-04]",11853333.333333334,10
10530.396757419365,4193.7066960157945,10.149854423137791,-14582.877784325967,0.003964970097199704,12.0,0.1,4150.0,0.0008442211055276381,"[0.00000000e+00 8.39283982e-05 1.67856796e-04 2.51785195e-04
 3.35713593e-04 4.19641991e-04 5.03570389e-04 5.87498787e-04
 6.71427186e-04 7.55355584e-04]",10865555.555555558,10
10960.516198975687,4121.4423722937645,9.57722498119051,-14681.317432786855,0.0038154502802514594,13.0,0.1,4150.0,0.000914572864321608,"[0.00000000e+00 9.07660117e-05 1.81532023e-04 2.72298035e-04
 3.63064047e-04 4.53830058e-04 5.44596070e-04 6.35362082e-04
 7.26128094e-04 8.16894105e-04]",10029743.589743592,10
11367.858344302556,4040.0400119211895,9.032874178317371,-14754.2281536702,0.003665729208282069,14.0,0.1,4100.0,0.0009849246231155779,"[0.00000000e+00 9.75803283e-05 1.95160657e-04 2.92740985e-04
 3.90321313e-04 4.87901642e-04 5.85481970e-04 6.83062298e-04
 7.80642627e-04 8.78222955e-04]",9313333.333333334,10
11750.49402249239,3950.3014307568283,8.55568978717033,-14798.206727549128,0.003540207555571046,15.0,0.1,4100.0,0.0010552763819095476,"[0.         0.00010437 0.00020874 0.00031311 0.00041749 0.00052186
 0.00062623 0.0007306  0.00083497 0.00093934]",8692444.444444446,10
12115.08430727987,3877.916951814064,8.290646496100186,-14829.48639395235,0.003423325606232773,16.0,0.1,4100.0,0.0011198851399856424,"[0.         0.00011114 0.00022228 0.00033342 0.00044456 0.0005557
 0.00066684 0.00077798 0.00088912 0.00100026]",8149166.666666668,10
12458.555304710297,3780.1765515912425,7.920940546559939,-14834.427436671154,0.00331655454736759,17.0,0.1,4100.0,0.001189877961234745,"[0.         0.00011789 0.00023577 0.00035366 0.00047154 0.00058943
 0.00070731 0.0008252  0.00094308 0.00106097]",7669803.921568629,10
12786.508182756927,3680.928632971688,7.622670299921327,-14825.074296687417,0.0032166789395982128,18.0,0.1,4100.0,0.0012598707824838476,"[0.         0.00012461 0.00024922 0.00037382 0.00049843 0.00062304
 0.00074765 0.00087225 0.00099686 0.00112147]",7243703.703703704,10
13099.755457094372,3581.216665118216,7.339148872953695,-14807.56530648056,0.003123123023249293,19.0,0.1,4100.0,0.0013298636037329505,"[0.         0.00013131 0.00026262 0.00039392 0.00052523 0.00065654
 0.00078785 0.00091916 0.00105046 0.00118177]",6862456.140350877,10
13397.807568449904,3503.740549743445,7.039668206333139,-14770.28825587967,0.003037357810084534,20.0,0.1,4100.0,0.0013926776740847092,"[0.         0.00013799 0.00027597 0.00041396 0.00055194 0.00068993
 0.00082791 0.0009659  0.00110389 0.00124187]",6519333.333333334,10
13685.069675890836,3405.774581468355,6.7338498336701464,-14734.652431999355,0.0029551425537530608,21.0,0.1,4100.0,0.0014623115577889448,"[0.         0.00014464 0.00028928 0.00043392 0.00057857 0.00072321
 0.00086785 0.00101249 0.00115713 0.00130177]",6208888.888888889,10
13964.307817732879,3310.024488519876,6.404551566658011,-14697.685649856896,0.002868628137771424,22.0,0.1,4050.0,0.00153194544149318,"[0.         0.00015127 0.00030255 0.00045382 0.0006051  0.00075637
 0.00090765 0.00105892 0.0012102  0.00136147]",5926666.666666667,10
14228.209098032607,3214.9539460041474,6.224757445735894,-14641.156157660378,0.002797012778787459,23.0,0.1,4050.0,0.0016015793251974155,"[0.         0.00015789 0.00031577 0.00047366 0.00063155 0.00078943
 0.00094732 0.0011052  0.00126309 0.00142098]",5668985.507246378,10
14483.807970914688,3122.618639227544,5.919558544007879,-14591.038841163878,0.002727440742919818,24.0,0.1,4050.0,0.001671213208901651,"[0.         0.00016448 0.00032895 0.00049343 0.0006579  0.00082238
 0.00098686 0.00115133 0.00131581 0.00148029]",5432777.777777779,10
14728.030139447048,3054.3240022506257,5.787346620740536,-14530.866507472525,0.0026638269549040805,25.0,0.1,4050.0,0.0017318736539842065,"[0.         0.00017104 0.00034209 0.00051313 0.00068418 0.00085522
 0.00102627 0.00119731 0.00136835 0.0015394 ]",5215466.666666668,10
14964.010088997626,2966.563466603269,5.644369907313063,-14467.87935829446,0.002604256669520451,26.0,0.1,4050.0,0.0018011486001435748,"[0.         0.00017759 0.00035518 0.00053277 0.00071036 0.00088795
 0.00106555 0.00124314 0.00142073 0.00159832]",5014871.794871796,10
15198.902830444364,2882.9427451272727,5.450174635448408,-14406.37551294503,0.0025439900258825247,27.0,0.1,4050.0,0.0018704235463029432,"[0.         0.00018412 0.00036823 0.00055235 0.00073647 0.00092058
 0.0011047  0.00128881 0.00147293 0.00165705]",4829135.802469136,10
15414.832888480052,2799.7138148493973,5.166088555903516,-14329.872177720888,0.0024906315303725997,28.0,0.1,4050.0,0.0019396984924623117,"[0.         0.00019062 0.00038124 0.00057186 0.00076248 0.0009531
 0.00114372 0.00133434 0.00152496 0.00171558]",4656666.666666667,10
15631.371049456686,2742.311174881014,5.034253794948108,-14266.01842819533,0.002436637339791339,29.0,0.1,4050.0,0.001998564249820531,"[0.         0.0001971  0.00039421 0.00059131 0.00078841 0.00098552
 0.00118262 0.00137972 0.00157683 0.00177393]",4496091.954022989,10
15833.657200564778,2664.5226274164465,4.958806472255907,-14184.05730495413,0.002389552937043885,30.0,0.1,4050.0,0.002067480258435032,"[0.         0.00020357 0.00040713 0.0006107  0.00081426 0.00101783
 0.00122139 0.00142496 0.00162852 0.00183209]",4346222.222222223,10
0.0,0.0,0.0,-2.628212131370674,0.008344923517191882,0.0,0.13999999999999999,4300.0,0.0,"[0. 0. 0. 0. 0. 0. 0. 0. 0. 0. 0. 0. 0. 0. 0. 0. 0. 0. 0. 0. 0. 0. 0. 0.
 0. 0. 0. 0. 0. 0. 0. 0. 0. 0. 0. 0. 0. 0. 0. 0. 0. 0. 0. 0. 0. 0. 0. 0.
 0. 0. 0. 0. 0. 0. 0. 0. 0. 0. 0. 0. 0. 0. 0. 0. 0. 0. 0. 0. 0. 0. 0. 0.
 0. 0. 0. 0. 0. 0. 0. 0. 0. 0. 0. 0. 0. 0. 0. 0. 0. 0. 0. 0. 0. 0. 0. 0.
 0. 0. 0. 0. 0. 0. 0. 0. 0. 0. 0. 0. 0. 0. 0. 0. 0. 0. 0. 0. 0. 0. 0. 0.
 0. 0. 0. 0. 0. 0. 0. 0. 0. 0. 0. 0. 0. 0. 0. 0. 0. 0. 0. 0. 0. 0. 0. 0.
 0. 0. 0. 0. 0. 0. 0. 0. 0. 0. 0. 0. 0. 0. 0. 0. 0. 0. 0. 0. 0. 0. 0. 0.
 0. 0. 0. 0. 0. 0. 0. 0. 0. 0. 0. 0. 0. 0. 0. 0. 0. 0. 0. 0. 0. 0. 0. 0.
 0. 0. 0. 0. 0. 0. 0. 0.]",,10
1848.7976176174323,1479.0016552813538,17.777370739568635,-4677.5140384484985,0.007489020441805592,1.0,0.13999999999999999,4300.0,7.142857142857142e-05,"[0.00000000e+00 7.13013233e-06 1.42602647e-05 2.13903970e-05
 2.85205293e-05 3.56506616e-05 4.27807940e-05 4.99109263e-05
 5.70410586e-05 6.41711910e-05]",130386666.66666669,10
3225.9764456843254,2398.5122614935076,18.762765768002346,-7471.543151498488,0.006798131880502903,2.0,0.13999999999999999,4250.0,0.00014285714285714284,"[0.00000000e+00 1.42349355e-05 2.84698711e-05 4.27048066e-05
 5.69397422e-05 7.11746777e-05 8.54096132e-05 9.96445488e-05
 1.13879484e-04 1.28114420e-04]",65193333.33333334,10
4350.169406550791,3020.8471662896272,17.880633429284703,-9337.917699238285,0.006279166429377998,3.0,0.13999999999999999,4250.0,0.00021320890165111268,"[0.00000000e+00 2.13145889e-05 4.26291779e-05 6.39437668e-05
 8.52583558e-05 1.06572945e-04 1.27887534e-04 1.49202123e-04
 1.70516712e-04 1.91831301e-04]",43462222.22222223,10
5307.290958689317,3444.102926604005,16.69711049552324,-10662.445568461364,0.005850157781737764,4.0,0.13999999999999999,4250.0,0.0002842785355348169,"[0.0000000e+00 2.8369270e-05 5.6738540e-05 8.5107810e-05 1.1347708e-04
 1.4184635e-04 1.7021562e-04 1.9858489e-04 2.2695416e-04 2.5532343e-04]",32596666.66666667,10
6144.306695822247,3732.018186072961,15.537986192806068,-11639.802708703457,0.005462932620155999,5.0,0.13999999999999999,4200.0,0.00035534816941852116,"[0.00000000e+00 3.53991542e-05 7.07983084e-05 1.06197463e-04
 1.41596617e-04 1.76995771e-04 2.12394925e-04 2.47794079e-04
 2.83193234e-04 3.18592388e-04]",26077333.333333336,10
6888.126759143837,3921.031925065243,14.477253164994154,-12376.972030599216,0.005153827984051435,6.0,0.13999999999999999,4200.0,0.00042641780330222536,"[0.00000000e+00 4.24044153e-05 8.48088306e-05 1.27213246e-04
 1.69617661e-04 2.12022077e-04 2.54426492e-04 2.96830907e-04
 3.39235322e-04 3.81639738e-04]",21731111.111111116,10
7559.341075527864,4050.239998490402,13.35459326375395,-12945.836918689689,0.0048828604209408925,7.0,0.13999999999999999,4200.0,0.0004949748743718593,"[0.00000000e+00 4.93852252e-05 9.87704504e-05 1.48155676e-04
 1.97540901e-04 2.46926126e-04 2.96311351e-04 3.45696576e-04
 3.95081801e-04 4.44467027e-04]",18626666.666666668,10
8170.6386228247065,4113.063493004468,12.51225094281363,-13386.160235682226,0.00464456463250156,8.0,0.13999999999999999,4200.0,0.0005656855707106963,"[0.00000000e+00 5.63417539e-05 1.12683508e-04 1.69025262e-04
 2.25367016e-04 2.81708770e-04 3.38050524e-04 3.94392278e-04
 4.50734031e-04 5.07075785e-04]",16298333.333333336,10
8729.9029702864,4132.837321623753,11.80676837045968,-13728.105011900203,0.004416140365905009,9.0,0.13999999999999999,4150.0,0.0006363962670495333,"[0.00000000e+00 6.32741699e-05 1.26548340e-04 1.89822510e-04
 2.53096680e-04 3.16370849e-04 3.79645019e-04 4.42919189e-04
 5.06193359e-04 5.69467529e-04]",14487407.407407409,10
9248.104200680198,4121.282260729396,11.213750898799718,-13996.10018880709,0.004227554006230992,10.0,0.13999999999999999,4150.0,0.0007071069633883705,"[0.00000000e+00 7.01826396e-05 1.40365279e-04 2.10547919e-04
 2.80730558e-04 3.50913198e-04 4.21095838e-04 4.91278477e-04
 5.61461117e-04 6.31643757e-04]",13038666.666666668,10
9730.893038471571,4103.39322152249,10.540242384815542,-14207.243941191766,0.004055697505233143,11.0,0.13999999999999999,4150.0,0.0007738693467336682,"[0.00000000e+00 7.70673280e-05 1.54134656e-04 2.31201984e-04
 3.08269312e-04 3.85336640e-04 4.62403968e-04 5.39471296e-04
 6.16538624e-04 6.93605952e-04]",11853333.333333334,10
10180.406492070957,4049.668348660017,9.960025110260268,-14370.473934603891,0.0039007508014295496,12.0,0.13999999999999999,4150.0,0.0008442211055276381,"[0.00000000e+00 8.39283982e-05 1.67856796e-04 2.51785195e-04
 3.35713593e-04 4.19641991e-04 5.03570389e-04 5.87498787e-04
 6.71427186e-04 7.55355584e-04]",10865555.555555558,10
10602.284253284663,3981.949031411211,9.420994897433298,-14490.787299250507,0.003758740132264626,13.0,0.13999999999999999,4150.0,0.000914572864321608,"[0.00000000e+00 9.07660117e-05 1.81532023e-04 2.72298035e-04
 3.63064047e-04 4.53830058e-04 5.44596070e-04 6.35362082e-04
 7.26128094e-04 8.16894105e-04]",10029743.589743592,10
11002.172085786391,3905.1659461160934,8.888400410740546,-14584.556431894358,0.0036277873972008967,14.0,0.13999999999999999,4150.0,0.0009849246231155779,"[0.00000000e+00 9.75803283e-05 1.95160657e-04 2.92740985e-04
 3.90321313e-04 4.87901642e-04 5.85481970e-04 6.83062298e-04
 7.80642627e-04 8.78222955e-04]",9313333.333333334,10
11378.121888399946,3820.058847963175,8.432207492358817,-14648.928677590171,0.0034957535723880123,15.0,0.13999999999999999,4100.0,0.0010552763819095476,"[0.         0.00010437 0.00020874 0.00031311 0.00041749 0.00052186
 0.00062623 0.0007306  0.00083497 0.00093934]",8692444.444444446,10
11736.595075117893,3751.6271848627566,8.160905617803166,-14700.161950345384,0.003384103751164004,16.0,0.13999999999999999,4100.0,0.0011198851399856424,"[0.         0.00011114 0.00022228 0.00033342 0.00044456 0.0005557
 0.00066684 0.00077798 0.00088912 0.00100026]",8149166.666666668,10
12074.543345932596,3658.3873627980533,7.787556654334524,-14723.985668262263,0.003281917898108063,17.0,0.13999999999999999,4100.0,0.001189877961234745,"[0.         0.00011789 0.00023577 0.00035366 0.00047154 0.00058943
 0.00070731 0.0008252  0.00094308 0.00106097]",7669803.921568629,10
12397.457190865627,3563.530557760552,7.537775926951841,-14733.229429304083,0.0031861757028380693,18.0,0.13999999999999999,4100.0,0.0012598707824838476,"[0.         0.00012461 0.00024922 0.00037382 0.00049843 0.00062304
 0.00074765 0.00087225 0.00099686 0.00112147]",7243703.703703704,10
12706.098099423818,3468.074730227048,7.222943941636039,-14733.40082397336,0.0030963382263545047,19.0,0.13999999999999999,4100.0,0.0013298636037329505,"[0.         0.00013131 0.00026262 0.00039392 0.00052523 0.00065654
 0.00078785 0.00091916 0.00105046 0.00118177]",6862456.140350877,10
12999.866632136787,3394.0173254694123,6.94632322972769,-14713.103373795755,0.0030138582584082778,20.0,0.13999999999999999,4100.0,0.0013926776740847092,"[0.         0.00013799 0.00027597 0.00041396 0.00055194 0.00068993
 0.00082791 0.0009659  0.00110389 0.00124187]",6519333.333333334,10
13283.220402946383,3299.9942840485082,6.644967112828299,-14693.634292396833,0.002934679302686446,21.0,0.13999999999999999,4100.0,0.0014623115577889448,"[0.         0.00014464 0.00028928 0.00043392 0.00057857 0.00072321
 0.00086785 0.00101249 0.00115713 0.00130177]",6208888.888888889,10
13558.768275762102,3207.989265466078,6.320154899657247,-14672.256568176337,0.0028594544577154714,22.0,0.13999999999999999,4100.0,0.00153194544149318,"[0.         0.00015127 0.00030255 0.00045382 0.0006051  0.00075637
 0.00090765 0.00105892 0.0012102  0.00136147]",5926666.666666667,10
13819.344238409643,3116.5089872549947,6.154221883565004,-14630.734372738116,0.002781610111860071,23.0,0.13999999999999999,4050.0,0.0016015793251974155,"[0.         0.00015789 0.00031577 0.00047366 0.00063155 0.00078943
 0.00094732 0.0011052  0.00126309 0.00142098]",5668985.507246378,10
14071.905591245471,3027.6513668682574,5.8679499799101436,-14594.80013871607,0.0027143606963306393,24.0,0.13999999999999999,4050.0,0.001671213208901651,"[0.         0.00016448 0.00032895 0.00049343 0.0006579  0.00082238
 0.00098686 0.00115133 0.00131581 0.00148029]",5432777.777777779,10
14313.19727849117,2962.0143849827473,5.716002951149029,-14548.619226154457,0.0026528009650436135,25.0,0.13999999999999999,4050.0,0.0017318736539842065,"[0.         0.00017104 0.00034209 0.00051313 0.00068418 0.00085522
 0.00102627 0.00119731 0.00136835 0.0015394 ]",5215466.666666668,10
14546.43129096091,2877.343350845217,5.563639835148571,-14498.383953391778,0.0025950747676918595,26.0,0.13999999999999999,4050.0,0.0018011486001435748,"[0.         0.00017759 0.00035518 0.00053277 0.00071036 0.00088795
 0.00106555 0.00124314 0.00142073 0.00159832]",5014871.794871796,10
14778.813505017995,2796.7268472264045,5.388655865144578,-14450.039943511176,0.0025366280780391116,27.0,0.13999999999999999,4050.0,0.0018704235463029432,"[0.         0.00018412 0.00036823 0.00055235 0.00073647 0.00092058
 0.0011047  0.00128881 0.00147293 0.00165705]",4829135.802469136,10
14992.501571845552,2716.3228563962325,5.124099247697493,-14385.859916217501,0.002484785177628516,28.0,0.13999999999999999,4050.0,0.0019396984924623117,"[0.         0.00019062 0.00038124 0.00057186 0.00076248 0.0009531
 0.00114372 0.00133434 0.00152496 0.00171558]",4656666.666666667,10
15206.858605022318,2661.0485003667904,4.983528313407694,-14333.992620937413,0.0024323312522587376,29.0,0.13999999999999999,4050.0,0.001998564249820531,"[0.         0.0001971  0.00039421 0.00059131 0.00078841 0.00098552
 0.00118262 0.00137972 0.00157683 0.00177393]",4496091.954022989,10
15407.088072694865,2585.836569834503,4.906070617098585,-14262.62391216054,0.0023864992034942916,30.0,0.13999999999999999,4050.0,0.002067480258435032,"[0.         0.00020357 0.00040713 0.0006107  0.00081426 0.00101783
 0.00122139 0.00142496 0.00162852 0.00183209]",4346222.222222223,10
0.0,0.0,0.0,-2.628212131370674,0.007916317396456991,0.0,0.18,4300.0,0.0,"[0. 0. 0. 0. 0. 0. 0. 0. 0. 0. 0. 0. 0. 0. 0. 0. 0. 0. 0. 0. 0. 0. 0. 0.
 0. 0. 0. 0. 0. 0. 0. 0. 0. 0. 0. 0. 0. 0. 0. 0. 0. 0. 0. 0. 0. 0. 0. 0.
 0. 0. 0. 0. 0. 0. 0. 0. 0. 0. 0. 0. 0. 0. 0. 0. 0. 0. 0. 0. 0. 0. 0. 0.
 0. 0. 0. 0. 0. 0. 0. 0. 0. 0. 0. 0. 0. 0. 0. 0. 0. 0. 0. 0. 0. 0. 0. 0.
 0. 0. 0. 0. 0. 0. 0. 0. 0. 0. 0. 0. 0. 0. 0. 0. 0. 0. 0. 0. 0. 0. 0. 0.
 0. 0. 0. 0. 0. 0. 0. 0. 0. 0. 0. 0. 0. 0. 0. 0. 0. 0. 0. 0. 0. 0. 0. 0.
 0. 0. 0. 0. 0. 0. 0. 0. 0. 0. 0. 0. 0. 0. 0. 0. 0. 0. 0. 0. 0. 0. 0. 0.
 0. 0. 0. 0. 0. 0. 0. 0. 0. 0. 0. 0. 0. 0. 0. 0. 0. 0. 0. 0. 0. 0. 0. 0.
 0. 0. 0. 0. 0. 0. 0. 0.]",,10
1759.868358414856,1407.4236245527297,17.002724567972205,-4463.802846340914,0.007145961834763399,1.0,0.18,4300.0,7.142857142857142e-05,"[0.00000000e+00 7.13013233e-06 1.42602647e-05 2.13903970e-05
 2.85205293e-05 3.56506616e-05 4.27807940e-05 4.99109263e-05
 5.70410586e-05 6.41711910e-05]",130386666.66666669,10
3078.3605630201614,2287.6189879471394,18.04027477528533,-7162.859114770516,0.006516860484538625,2.0,0.18,4250.0,0.00014285714285714284,"[0.00000000e+00 1.42349355e-05 2.84698711e-05 4.27048066e-05
 5.69397422e-05 7.11746777e-05 8.54096132e-05 9.96445488e-05
 1.13879484e-04 1.28114420e-04]",65193333.33333334,10
4159.238430074078,2886.435628944242,17.263250792645238,-8987.157875218523,0.006043069903287206,3.0,0.18,4250.0,0.00021320890165111268,"[0.00000000e+00 2.13145889e-05 4.26291779e-05 6.39437668e-05
 8.52583558e-05 1.06572945e-04 1.27887534e-04 1.49202123e-04
 1.70516712e-04 1.91831301e-04]",43462222.22222223,10
5082.52117916214,3295.8128960310905,16.172603071446268,-10296.842250721551,0.005649218517316097,4.0,0.18,4250.0,0.0002842785355348169,"[0.0000000e+00 2.8369270e-05 5.6738540e-05 8.5107810e-05 1.1347708e-04
 1.4184635e-04 1.7021562e-04 1.9858489e-04 2.2695416e-04 2.5532343e-04]",32596666.66666667,10
5892.112048143811,3575.914123636081,15.08646450214119,-11274.42492603972,0.0052903380612248216,5.0,0.18,4200.0,0.00035534816941852116,"[0.00000000e+00 3.53991542e-05 7.07983084e-05 1.06197463e-04
 1.41596617e-04 1.76995771e-04 2.12394925e-04 2.47794079e-04
 2.83193234e-04 3.18592388e-04]",26077333.333333336,10
6613.179763043011,3761.184107404644,14.097687345238219,-12021.002974260839,0.005004016967127829,6.0,0.18,4200.0,0.00042641780330222536,"[0.00000000e+00 4.24044153e-05 8.48088306e-05 1.27213246e-04
 1.69617661e-04 2.12022077e-04 2.54426492e-04 2.96830907e-04
 3.39235322e-04 3.81639738e-04]",21731111.111111116,10
7265.126516233217,3888.946488111055,13.028556697318479,-12604.55045042152,0.00475206794656519,7.0,0.18,4200.0,0.0004949748743718593,"[0.00000000e+00 4.93852252e-05 9.87704504e-05 1.48155676e-04
 1.97540901e-04 2.46926126e-04 2.96311351e-04 3.45696576e-04
 3.95081801e-04 4.44467027e-04]",18626666.666666668,10
7859.859844992498,3952.6488671399275,12.209614049262944,-13062.853514326693,0.0045297136510551814,8.0,0.18,4200.0,0.0005656855707106963,"[0.00000000e+00 5.63417539e-05 1.12683508e-04 1.69025262e-04
 2.25367016e-04 2.81708770e-04 3.38050524e-04 3.94392278e-04
 4.50734031e-04 5.07075785e-04]",16298333.333333336,10
8404.786666479891,3974.7297314228736,11.55590338382768,-13424.373495186766,0.004331690019700186,9.0,0.18,4200.0,0.0006363962670495333,"[0.00000000e+00 6.32741699e-05 1.26548340e-04 1.89822510e-04
 2.53096680e-04 3.16370849e-04 3.79645019e-04 4.42919189e-04
 5.06193359e-04 5.69467529e-04]",14487407.407407409,10
8910.356409954837,3966.3951272771333,10.982192231632276,-13713.065481338264,0.004137722328471787,10.0,0.18,4150.0,0.0007071069633883705,"[0.00000000e+00 7.01826396e-05 1.40365279e-04 2.10547919e-04
 2.80730558e-04 3.50913198e-04 4.21095838e-04 4.91278477e-04
 5.61461117e-04 6.31643757e-04]",13038666.666666668,10
9381.976820992244,3951.7289727317734,10.320599653990428,-13945.361861225,0.003975995336850478,11.0,0.18,4150.0,0.0007738693467336682,"[0.00000000e+00 7.70673280e-05 1.54134656e-04 2.31201984e-04
 3.08269312e-04 3.85336640e-04 4.62403968e-04 5.39471296e-04
 6.16538624e-04 6.93605952e-04]",11853333.333333334,10
9821.55097502275,3902.200450663912,9.763858648633587,-14129.62778533966,0.003829812732342478,12.0,0.18,4150.0,0.0008442211055276381,"[0.00000000e+00 8.39283982e-05 1.67856796e-04 2.51785195e-04
 3.35713593e-04 4.19641991e-04 5.03570389e-04 5.87498787e-04
 6.71427186e-04 7.55355584e-04]",10865555.555555558,10
10234.541671162075,3839.006320541297,9.25142490253883,-14271.077855824631,0.003695525071413529,13.0,0.18,4150.0,0.000914572864321608,"[0.00000000e+00 9.07660117e-05 1.81532023e-04 2.72298035e-04
 3.63064047e-04 4.53830058e-04 5.44596070e-04 6.35362082e-04
 7.26128094e-04 8.16894105e-04]",10029743.589743592,10
10626.349797102797,3766.779971779439,8.740538363925964,-14385.375823116701,0.003571413195509142,14.0,0.18,4150.0,0.0009849246231155779,"[0.00000000e+00 9.75803283e-05 1.95160657e-04 2.92740985e-04
 3.90321313e-04 4.87901642e-04 5.85481970e-04 6.83062298e-04
 7.80642627e-04 8.78222955e-04]",9313333.333333334,10
10995.038694109944,3686.3027060829045,8.312477629054952,-14469.645969749443,0.0034571395867078326,15.0,0.18,4150.0,0.0010552763819095476,"[0.         0.00010437 0.00020874 0.00031311 0.00041749 0.00052186
 0.00062623 0.0007306  0.00083497 0.00093934]",8692444.444444446,10
11346.838226557402,3621.8137708402173,8.043893685797732,-14540.338681261659,0.0033390521951593105,16.0,0.18,4100.0,0.0011198851399856424,"[0.         0.00011114 0.00022228 0.00033342 0.00044456 0.0005557
 0.00066684 0.00077798 0.00088912 0.00100026]",8149166.666666668,10
11678.74768561485,3533.103369333518,7.672649499434359,-14582.873562013483,0.003241667925486096,17.0,0.18,4100.0,0.001189877961234745,"[0.         0.00011789 0.00023577 0.00035366 0.00047154 0.00058943
 0.00070731 0.0008252  0.00094308 0.00106097]",7669803.921568629,10
11996.12914399976,3442.6769860052045,7.433293452076735,-14610.61964171323,0.00315027148700312,18.0,0.18,4100.0,0.0012598707824838476,"[0.         0.00012461 0.00024922 0.00037382 0.00049843 0.00062304
 0.00074765 0.00087225 0.00099686 0.00112147]",7243703.703703704,10
12299.698129689976,3351.5260973005925,7.113994558081344,-14628.469074915782,0.0030643624179656883,19.0,0.18,4100.0,0.0013298636037329505,"[0.         0.00013131 0.00026262 0.00039392 0.00052523 0.00065654
 0.00078785 0.00091916 0.00105046 0.00118177]",6862456.140350877,10
12588.729454917328,3280.917839481561,6.832619955427056,-14625.226500576558,0.0029853675990706833,20.0,0.18,4100.0,0.0013926776740847092,"[0.         0.00013799 0.00027597 0.00041396 0.00055194 0.00068993
 0.00082791 0.0009659  0.00110389 0.00124187]",6519333.333333334,10
12867.758578441119,3190.900206488766,6.53653880597244,-14622.063676995953,0.0029094218167658938,21.0,0.18,4100.0,0.0014623115577889448,"[0.         0.00014464 0.00028928 0.00043392 0.00057857 0.00072321
 0.00086785 0.00101249 0.00115713 0.00130177]",6208888.888888889,10
13139.20302920087,3102.7280089598394,6.22780753633282,-14616.376638840666,0.002837186491419508,22.0,0.18,4100.0,0.00153194544149318,"[0.         0.00015127 0.00030255 0.00045382 0.0006051  0.00075637
 0.00090765 0.00105892 0.0012102  0.00136147]",5926666.666666667,10
13396.06631574531,3014.898649657046,6.071657662957798,-14590.522105437107,0.0027703346531659017,23.0,0.18,4100.0,0.0016015793251974155,"[0.         0.00015789 0.00031577 0.00047366 0.00063155 0.00078943
 0.00094732 0.0011052  0.00126309 0.00142098]",5668985.507246378,10
13645.224702937889,2929.5705328750487,5.812194810865604,-14568.805517982015,0.002705317686617866,24.0,0.18,4100.0,0.001671213208901651,"[0.         0.00016448 0.00032895 0.00049343 0.0006579  0.00082238
 0.00098686 0.00115133 0.00131581 0.00148029]",5432777.777777779,10
13883.239602949232,2866.6400226785827,5.6462274216876835,-14536.78091311983,0.0026376935530068256,25.0,0.18,4050.0,0.0017318736539842065,"[0.         0.00017104 0.00034209 0.00051313 0.00068418 0.00085522
 0.00102627 0.00119731 0.00136835 0.0015394 ]",5215466.666666668,10
14113.401751052876,2785.1952788336857,5.507419801056231,-14499.64575471956,0.0025819688480639676,26.0,0.18,4050.0,0.0018011486001435748,"[0.         0.00017759 0.00035518 0.00053277 0.00071036 0.00088795
 0.00106555 0.00124314 0.00142073 0.00159832]",5014871.794871796,10
14342.94191843727,2707.5883913703474,5.336270517930455,-14464.829682629832,0.0025255039542783826,27.0,0.18,4050.0,0.0018704235463029432,"[0.         0.00018412 0.00036823 0.00055235 0.00073647 0.00092058
 0.0011047  0.00128881 0.00147293 0.00165705]",4829135.802469136,10
14554.085824185737,2630.1367896081724,5.068069468232613,-14413.382629050837,0.0024753244531538292,28.0,0.18,4050.0,0.0019396984924623117,"[0.         0.00019062 0.00038124 0.00057186 0.00076248 0.0009531
 0.00114372 0.00133434 0.00152496 0.00171558]",4656666.666666667,10
14765.956531229365,2577.000731041651,4.91672431477565,-14373.896434472103,0.0024245565820061985,29.0,0.18,4050.0,0.001998564249820531,"[0.         0.0001971  0.00039421 0.00059131 0.00078841 0.00098552
 0.00118262 0.00137972 0.00157683 0.00177393]",4496091.954022989,10
14963.86434975299,2504.4559263637634,4.868851232044991,-14313.56964523761,0.0023801092000074898,30.0,0.18,4050.0,0.002067480258435032,"[0.         0.00020357 0.00040713 0.0006107  0.00081426 0.00101783
 0.00122139 0.00142496 0.00162852 0.00183209]",4346222.222222223,10
0.0,0.0,0.0,-2.628212131370674,0.007492256451488824,0.0,0.22,4300.0,0.0,"[0. 0. 0. 0. 0. 0. 0. 0. 0. 0. 0. 0. 0. 0. 0. 0. 0. 0. 0. 0. 0. 0. 0. 0.
 0. 0. 0. 0. 0. 0. 0. 0. 0. 0. 0. 0. 0. 0. 0. 0. 0. 0. 0. 0. 0. 0. 0. 0.
 0. 0. 0. 0. 0. 0. 0. 0. 0. 0. 0. 0. 0. 0. 0. 0. 0. 0. 0. 0. 0. 0. 0. 0.
 0. 0. 0. 0. 0. 0. 0. 0. 0. 0. 0. 0. 0. 0. 0. 0. 0. 0. 0. 0. 0. 0. 0. 0.
 0. 0. 0. 0. 0. 0. 0. 0. 0. 0. 0. 0. 0. 0. 0. 0. 0. 0. 0. 0. 0. 0. 0. 0.
 0. 0. 0. 0. 0. 0. 0. 0. 0. 0. 0. 0. 0. 0. 0. 0. 0. 0. 0. 0. 0. 0. 0. 0.
 0. 0. 0. 0. 0. 0. 0. 0. 0. 0. 0. 0. 0. 0. 0. 0. 0. 0. 0. 0. 0. 0. 0. 0.
 0. 0. 0. 0. 0. 0. 0. 0. 0. 0. 0. 0. 0. 0. 0. 0. 0. 0. 0. 0. 0. 0. 0. 0.
 0. 0. 0. 0. 0. 0. 0. 0.]",,10
1671.2439812581017,1336.131238231428,16.223154030785825,-4249.570205169723,0.00680214608923209,1.0,0.22,4300.0,7.142857142857142e-05,"[0.00000000e+00 7.13013233e-06 1.42602647e-05 2.13903970e-05
 2.85205293e-05 3.56506616e-05 4.27807940e-05 4.99109263e-05
 5.70410586e-05 6.41711910e-05]",130386666.66666669,10
2930.47515457773,2176.6175713590915,17.306139315688856,-6850.002674082585,0.006231863578833768,2.0,0.22,4250.0,0.00014285714285714284,"[0.00000000e+00 1.42349355e-05 2.84698711e-05 4.27048066e-05
 5.69397422e-05 7.11746777e-05 8.54096132e-05 9.96445488e-05
 1.13879484e-04 1.28114420e-04]",65193333.33333334,10
3967.1579128883845,2751.3526720478694,16.628902624120443,-8628.03146555306,0.005801456306218742,3.0,0.22,4250.0,0.00021320890165111268,"[0.00000000e+00 2.13145889e-05 4.26291779e-05 6.39437668e-05
 8.52583558e-05 1.06572945e-04 1.27887534e-04 1.49202123e-04
 1.70516712e-04 1.91831301e-04]",43462222.22222223,10
4855.618258044903,3146.2853365609153,15.627078812080816,-9918.884974914676,0.0054416905254133455,4.0,0.22,4250.0,0.0002842785355348169,"[0.0000000e+00 2.8369270e-05 5.6738540e-05 8.5107810e-05 1.1347708e-04
 1.4184635e-04 1.7021562e-04 1.9858489e-04 2.2695416e-04 2.5532343e-04]",32596666.66666667,10
5636.778430705665,3418.0722123026644,14.608296719837668,-10893.24650696032,0.005134271035333164,5.0,0.22,4250.0,0.00035534816941852116,"[0.00000000e+00 3.53991542e-05 7.07983084e-05 1.06197463e-04
 1.41596617e-04 1.76995771e-04 2.12394925e-04 2.47794079e-04
 2.83193234e-04 3.18592388e-04]",26077333.333333336,10
6334.109867292941,3599.157958121568,13.688606886208484,-11646.0013865308,0.00484670488969818,6.0,0.22,4200.0,0.00042641780330222536,"[0.00000000e+00 4.24044153e-05 8.48088306e-05 1.27213246e-04
 1.69617661e-04 2.12022077e-04 2.54426492e-04 2.96830907e-04
 3.39235322e-04 3.81639738e-04]",21731111.111111116,10
6965.836023108941,3725.0855294835374,12.673030925873254,-12241.560670976076,0.004613617838450867,7.0,0.22,4200.0,0.0004949748743718593,"[0.00000000e+00 4.93852252e-05 9.87704504e-05 1.48155676e-04
 1.97540901e-04 2.46926126e-04 2.96311351e-04 3.45696576e-04
 3.95081801e-04 4.44467027e-04]",18626666.666666668,10
7543.096105639238,3789.369067490642,11.901176459845557,-12715.573655420492,0.004407177928908885,8.0,0.22,4200.0,0.0005656855707106963,"[0.00000000e+00 5.63417539e-05 1.12683508e-04 1.69025262e-04
 2.25367016e-04 2.81708770e-04 3.38050524e-04 3.94392278e-04
 4.50734031e-04 5.07075785e-04]",16298333.333333336,10
8072.828490688455,3813.524109989818,11.295544204954348,-13094.968042459019,0.004222736150866593,9.0,0.22,4200.0,0.0006363962670495333,"[0.00000000e+00 6.32741699e-05 1.26548340e-04 1.89822510e-04
 2.53096680e-04 3.16370849e-04 3.79645019e-04 4.42919189e-04
 5.06193359e-04 5.69467529e-04]",14487407.407407409,10
8564.948929909926,3808.2271985711077,10.737958700891994,-13402.522513449963,0.004040410513888598,10.0,0.22,4150.0,0.0007071069633883705,"[0.00000000e+00 7.01826396e-05 1.40365279e-04 2.10547919e-04
 2.80730558e-04 3.50913198e-04 4.21095838e-04 4.91278477e-04
 5.61461117e-04 6.31643757e-04]",13038666.666666668,10
9024.624835881403,3796.632573475756,10.083890084663546,-13654.626248452201,0.0038889660677966483,11.0,0.22,4150.0,0.0007738693467336682,"[0.00000000e+00 7.70673280e-05 1.54134656e-04 2.31201984e-04
 3.08269312e-04 3.85336640e-04 4.62403968e-04 5.39471296e-04
 6.16538624e-04 6.93605952e-04]",11853333.333333334,10
9453.529033732968,3751.2055511252347,9.545552707543635,-13858.82242719629,0.0037517250512333388,12.0,0.22,4150.0,0.0008442211055276381,"[0.00000000e+00 8.39283982e-05 1.67856796e-04 2.51785195e-04
 3.35713593e-04 4.19641991e-04 5.03570389e-04 5.87498787e-04
 6.71427186e-04 7.55355584e-04]",10865555.555555558,10
9856.931936322922,3692.469414101386,9.066611238787216,-14020.503196274702,0.0036253560789331145,13.0,0.22,4150.0,0.000914572864321608,"[0.00000000e+00 9.07660117e-05 1.81532023e-04 2.72298035e-04
 3.63064047e-04 4.53830058e-04 5.44596070e-04 6.35362082e-04
 7.26128094e-04 8.16894105e-04]",10029743.589743592,10
10240.008278194111,3624.7688632924733,8.590174207580995,-14154.610270986595,0.0035082924132532785,14.0,0.22,4150.0,0.0009849246231155779,"[0.00000000e+00 9.75803283e-05 1.95160657e-04 2.92740985e-04
 3.90321313e-04 4.87901642e-04 5.85481970e-04 6.83062298e-04
 7.80642627e-04 8.78222955e-04]",9313333.333333334,10
10600.806807233641,3548.9077098255375,8.16638655561295,-14258.422846297624,0.0034002962698818752,15.0,0.22,4150.0,0.0010552763819095476,"[0.         0.00010437 0.00020874 0.00031311 0.00041749 0.00052186
 0.00062623 0.0007306  0.00083497 0.00093934]",8692444.444444446,10
10945.340266231804,3488.3476993559198,7.912702395406303,-14347.92791811638,0.003299153842716978,16.0,0.22,4150.0,0.0011198851399856424,"[0.         0.00011114 0.00022228 0.00033342 0.00044456 0.0005557
 0.00066684 0.00077798 0.00088912 0.00100026]",8149166.666666668,10
11270.653793153935,3404.191157175557,7.536280229642288,-14408.822820499088,0.003195314097174789,17.0,0.22,4100.0,0.001189877961234745,"[0.         0.00011789 0.00023577 0.00035366 0.00047154 0.00058943
 0.00070731 0.0008252  0.00094308 0.00106097]",7669803.921568629,10
11581.963493228117,3318.2291926969388,7.305009342031254,-14454.851304196825,0.003108470723817762,18.0,0.22,4100.0,0.0012598707824838476,"[0.         0.00012461 0.00024922 0.00037382 0.00049843 0.00062304
 0.00074765 0.00087225 0.00099686 0.00112147]",7243703.703703704,10
11879.945916695402,3231.4275923240507,7.016044288168271,-14490.25793542213,0.003026696840763793,19.0,0.22,4100.0,0.0013298636037329505,"[0.         0.00013131 0.00026262 0.00039392 0.00052523 0.00065654
 0.00078785 0.00091916 0.00105046 0.00118177]",6862456.140350877,10
12163.767052360787,3164.301356007038,6.717826902179157,-14504.039028439744,0.002951385089256637,20.0,0.22,4100.0,0.0013926776740847092,"[0.         0.00013799 0.00027597 0.00041396 0.00055194 0.00068993
 0.00082791 0.0009659  0.00110389 0.00124187]",6519333.333333334,10
12438.000105532614,3078.346865788774,6.427575921722065,-14517.220276180473,0.002878868825014687,21.0,0.22,4100.0,0.0014623115577889448,"[0.         0.00014464 0.00028928 0.00043392 0.00057857 0.00072321
 0.00086785 0.00101249 0.00115713 0.00130177]",6208888.888888889,10
12704.898810692906,2994.0709259783894,6.129702369210184,-14527.294232704968,0.0028098136713962728,22.0,0.22,4100.0,0.00153194544149318,"[0.         0.00015127 0.00030255 0.00045382 0.0006051  0.00075637
 0.00090765 0.00105892 0.0012102  0.00136147]",5926666.666666667,10
12957.63411865224,2910.0147966244467,5.989882642807568,-14517.33090316513,0.0027457920249339247,23.0,0.22,4100.0,0.0016015793251974155,"[0.         0.00015789 0.00031577 0.00047366 0.00063155 0.00078943
 0.00094732 0.0011052  0.00126309 0.00142098]",5668985.507246378,10
13202.97682014635,2828.231307946524,5.748141255663295,-14510.286970200446,0.002683454582848961,24.0,0.22,4100.0,0.001671213208901651,"[0.         0.00016448 0.00032895 0.00049343 0.0006579  0.00082238
 0.00098686 0.00115133 0.00131581 0.00148029]",5432777.777777779,10
13437.330756336678,2768.055408979505,5.56418131586245,-14492.179635711735,0.002626218665670979,25.0,0.22,4100.0,0.0017318736539842065,"[0.         0.00017104 0.00034209 0.00051313 0.00068418 0.00085522
 0.00102627 0.00119731 0.00136835 0.0015394 ]",5215466.666666668,10
13664.057925740233,2689.9098459083616,5.443117548045618,-14468.692510096393,0.002572395883045333,26.0,0.22,4100.0,0.0018011486001435748,"[0.         0.00017759 0.00035518 0.00053277 0.00071036 0.00088795
 0.00106555 0.00124314 0.00142073 0.00159832]",5014871.794871796,10
13890.386033005869,2615.404703372583,5.264773215350791,-14447.538732711466,0.0025101346973671374,27.0,0.22,4050.0,0.0018704235463029432,"[0.         0.00018412 0.00036823 0.00055235 0.00073647 0.00092058
 0.0011047  0.00128881 0.00147293 0.00165705]",4829135.802469136,10
14098.651374856961,2540.9700478092313,4.994321762988594,-14409.179352127117,0.0024617705803445357,28.0,0.22,4050.0,0.0019396984924623117,"[0.         0.00019062 0.00038124 0.00057186 0.00076248 0.0009531
 0.00114372 0.00133434 0.00152496 0.00171558]",4656666.666666667,10
14307.707514339383,2490.0525940375105,4.867153528277597,-14382.4066623752,0.0024128406834966103,29.0,0.22,4050.0,0.001998564249820531,"[0.         0.0001971  0.00039421 0.00059131 0.00078841 0.00098552
 0.00118262 0.00137972 0.00157683 0.00177393]",4496091.954022989,10
14502.988864334724,2420.2011180737695,4.822355409747049,-14333.527501388096,0.0023699147572309783,30.0,0.22,4050.0,0.002067480258435032,"[0.         0.00020357 0.00040713 0.0006107  0.00081426 0.00101783
 0.00122139 0.00142496 0.00162852 0.00183209]",4346222.222222223,10
0.0,0.0,0.0,-2.628212131370674,0.007072633000324725,0.0,0.26,4300.0,0.0,"[0. 0. 0. 0. 0. 0. 0. 0. 0. 0. 0. 0. 0. 0. 0. 0. 0. 0. 0. 0. 0. 0. 0. 0.
 0. 0. 0. 0. 0. 0. 0. 0. 0. 0. 0. 0. 0. 0. 0. 0. 0. 0. 0. 0. 0. 0. 0. 0.
 0. 0. 0. 0. 0. 0. 0. 0. 0. 0. 0. 0. 0. 0. 0. 0. 0. 0. 0. 0. 0. 0. 0. 0.
 0. 0. 0. 0. 0. 0. 0. 0. 0. 0. 0. 0. 0. 0. 0. 0. 0. 0. 0. 0. 0. 0. 0. 0.
 0. 0. 0. 0. 0. 0. 0. 0. 0. 0. 0. 0. 0. 0. 0. 0. 0. 0. 0. 0. 0. 0. 0. 0.
 0. 0. 0. 0. 0. 0. 0. 0. 0. 0. 0. 0. 0. 0. 0. 0. 0. 0. 0. 0. 0. 0. 0. 0.
 0. 0. 0. 0. 0. 0. 0. 0. 0. 0. 0. 0. 0. 0. 0. 0. 0. 0. 0. 0. 0. 0. 0. 0.
 0. 0. 0. 0. 0. 0. 0. 0. 0. 0. 0. 0. 0. 0. 0. 0. 0. 0. 0. 0. 0. 0. 0. 0.
 0. 0. 0. 0. 0. 0. 0. 0.]",,10
1582.9185085473555,1265.119424821651,15.437923382745876,-4034.8429357649584,0.006457615246748209,1.0,0.26,4300.0,7.142857142857142e-05,"[0.00000000e+00 7.13013233e-06 1.42602647e-05 2.13903970e-05
 2.85205293e-05 3.56506616e-05 4.27807940e-05 4.99109263e-05
 5.70410586e-05 6.41711910e-05]",130386666.66666669,10
2782.3221834436918,2065.5108949727082,16.555969867200766,-6533.157501325011,0.005976197699053574,2.0,0.26,4300.0,0.00014285714285714284,"[0.00000000e+00 1.42349355e-05 2.84698711e-05 4.27048066e-05
 5.69397422e-05 7.11746777e-05 8.54096132e-05 9.96445488e-05
 1.13879484e-04 1.28114420e-04]",65193333.33333334,10
3773.9264004542047,2615.602604633573,15.983600183334302,-8260.553598928775,0.005554321810001933,3.0,0.26,4250.0,0.00021320890165111268,"[0.00000000e+00 2.13145889e-05 4.26291779e-05 6.39437668e-05
 8.52583558e-05 1.06572945e-04 1.27887534e-04 1.49202123e-04
 1.70516712e-04 1.91831301e-04]",43462222.22222223,10
4626.56619183151,2995.519959538424,15.065993963834144,-9528.485481087802,0.005227502030685454,4.0,0.26,4250.0,0.0002842785355348169,"[0.0000000e+00 2.8369270e-05 5.6738540e-05 8.5107810e-05 1.1347708e-04
 1.4184635e-04 1.7021562e-04 1.9858489e-04 2.2695416e-04 2.5532343e-04]",32596666.66666667,10
5378.268727271529,3258.4698871246815,14.12255766697717,-10496.016592457534,0.004946890262329252,5.0,0.26,4250.0,0.00035534816941852116,"[0.00000000e+00 3.53991542e-05 7.07983084e-05 1.06197463e-04
 1.41596617e-04 1.76995771e-04 2.12394925e-04 2.47794079e-04
 2.83193234e-04 3.18592388e-04]",26077333.333333336,10
6050.848077933002,3434.9197217509345,13.250016533730527,-11251.557212110223,0.00468168804394448,6.0,0.26,4200.0,0.00042641780330222536,"[0.00000000e+00 4.24044153e-05 8.48088306e-05 1.27213246e-04
 1.69617661e-04 2.12022077e-04 2.54426492e-04 2.96830907e-04
 3.39235322e-04 3.81639738e-04]",21731111.111111116,10
6661.368347662354,3558.6212671295543,12.28962844729168,-11856.266670880883,0.0044672466790625694,7.0,0.26,4200.0,0.0004949748743718593,"[0.00000000e+00 4.93852252e-05 9.87704504e-05 1.48155676e-04
 1.97540901e-04 2.46926126e-04 2.96311351e-04 3.45696576e-04
 3.95081801e-04 4.44467027e-04]",18626666.666666668,10
7220.210755309819,3623.185448009465,11.59096871374905,-12343.520042986973,0.0042766422106987325,8.0,0.26,4200.0,0.0005656855707106963,"[0.00000000e+00 5.63417539e-05 1.12683508e-04 1.69025262e-04
 2.25367016e-04 2.81708770e-04 3.38050524e-04 3.94392278e-04
 4.50734031e-04 5.07075785e-04]",16298333.333333336,10
7733.84509372607,3649.154469581855,11.017347334884734,-12738.676115493668,0.004105796841557733,9.0,0.26,4200.0,0.0006363962670495333,"[0.00000000e+00 6.32741699e-05 1.26548340e-04 1.89822510e-04
 2.53096680e-04 3.16370849e-04 3.79645019e-04 4.42919189e-04
 5.06193359e-04 5.69467529e-04]",14487407.407407409,10
8211.658928152605,3646.700655494217,10.481657457624545,-13063.444483642808,0.003951127873691708,10.0,0.26,4200.0,0.0007071069633883705,"[0.00000000e+00 7.01826396e-05 1.40365279e-04 2.10547919e-04
 2.80730558e-04 3.50913198e-04 4.21095838e-04 4.91278477e-04
 5.61461117e-04 6.31643757e-04]",13038666.666666668,10
8658.566375402495,3638.0120166019765,9.829266377239732,-13333.642311961841,0.0037941826151861465,11.0,0.26,4150.0,0.0007738693467336682,"[0.00000000e+00 7.70673280e-05 1.54134656e-04 2.31201984e-04
 3.08269312e-04 3.85336640e-04 4.62403968e-04 5.39471296e-04
 6.16538624e-04 6.93605952e-04]",11853333.333333334,10
9076.02439157624,3596.5815705647233,9.33529705822419,-13556.474527106446,0.0036660337280046205,12.0,0.26,4150.0,0.0008442211055276381,"[0.00000000e+00 8.39283982e-05 1.67856796e-04 2.51785195e-04
 3.35713593e-04 4.19641991e-04 5.03570389e-04 5.87498787e-04
 6.71427186e-04 7.55355584e-04]",10865555.555555558,10
9469.101953106823,3542.2308013522834,8.86321060689639,-13737.29779595141,0.003547756206015878,13.0,0.26,4150.0,0.000914572864321608,"[0.00000000e+00 9.07660117e-05 1.81532023e-04 2.72298035e-04
 3.63064047e-04 4.53830058e-04 5.44596070e-04 6.35362082e-04
 7.26128094e-04 8.16894105e-04]",10029743.589743592,10
9842.738236864216,3479.0115442412257,8.424528326981578,-13890.31954054103,0.0034379292375043475,14.0,0.26,4150.0,0.0009849246231155779,"[0.00000000e+00 9.75803283e-05 1.95160657e-04 2.92740985e-04
 3.90321313e-04 4.87901642e-04 5.85481970e-04 6.83062298e-04
 7.80642627e-04 8.78222955e-04]",9313333.333333334,10
10194.977122320135,3407.7702793963913,8.015229221719162,-14012.937879888967,0.0033364055799580115,15.0,0.26,4150.0,0.0010552763819095476,"[0.         0.00010437 0.00020874 0.00031311 0.00041749 0.00052186
 0.00062623 0.0007306  0.00083497 0.00093934]",8692444.444444446,10
10531.604952780972,3351.095683770339,7.757153519937707,-14120.672857293583,0.003241137833042779,16.0,0.26,4150.0,0.0011198851399856424,"[0.         0.00011114 0.00022228 0.00033342 0.00044456 0.0005557
 0.00066684 0.00077798 0.00088912 0.00100026]",8149166.666666668,10
10849.715202164361,3271.5111376339305,7.375501243792921,-14199.809399225887,0.003153449115572046,17.0,0.26,4150.0,0.001189877961234745,"[0.         0.00011789 0.00023577 0.00035366 0.00047154 0.00058943
 0.00070731 0.0008252  0.00094308 0.00106097]",7669803.921568629,10
11154.376943744282,3190.0465147974455,7.171398471619337,-14263.464610385025,0.003070842900799738,18.0,0.26,4150.0,0.0012598707824838476,"[0.         0.00012461 0.00024922 0.00037382 0.00049843 0.00062304
 0.00074765 0.00087225 0.00099686 0.00112147]",7243703.703703704,10
11446.224161363933,3107.637946328722,6.897512664852035,-14316.080159826372,0.0029827973613494436,19.0,0.26,4100.0,0.0013298636037329505,"[0.         0.00013131 0.00026262 0.00039392 0.00052523 0.00065654
 0.00078785 0.00091916 0.00105046 0.00118177]",6862456.140350877,10
11724.303192415027,3044.0288379389967,6.614492133606284,-14346.728617188506,0.00291136346065189,20.0,0.26,4100.0,0.0013926776740847092,"[0.         0.00013799 0.00027597 0.00041396 0.00055194 0.00068993
 0.00082791 0.0009659  0.00110389 0.00124187]",6519333.333333334,10
11993.244246981085,2962.1891622511625,6.317017532632373,-14376.173352748556,0.0028424706597609275,21.0,0.26,4100.0,0.0014623115577889448,"[0.         0.00014464 0.00028928 0.00043392 0.00057857 0.00072321
 0.00086785 0.00101249 0.00115713 0.00130177]",6208888.888888889,10
12255.104011057183,2881.8683112492486,6.032896664993582,-14401.967154999584,0.002776785209994212,22.0,0.26,4100.0,0.00153194544149318,"[0.         0.00015127 0.00030255 0.00045382 0.0006051  0.00075637
 0.00090765 0.00105892 0.0012102  0.00136147]",5926666.666666667,10
12503.2435602631,2801.6528214350496,5.898583465674677,-14407.930084328713,0.0027157782165381393,23.0,0.26,4100.0,0.0016015793251974155,"[0.         0.00015789 0.00031577 0.00047366 0.00063155 0.00078943
 0.00094732 0.0011052  0.00126309 0.00142098]",5668985.507246378,10
12744.327561778504,2723.5436689866838,5.674787255563886,-14415.66341528808,0.0026563019648301244,24.0,0.26,4100.0,0.001671213208901651,"[0.         0.00016448 0.00032895 0.00049343 0.0006579  0.00082238
 0.00098686 0.00115133 0.00131581 0.00148029]",5432777.777777779,10
12974.599529923848,2666.1727158865997,5.474707674886884,-14411.594131703423,0.002601627257576263,25.0,0.26,4100.0,0.0017318736539842065,"[0.         0.00017104 0.00034209 0.00051313 0.00068418 0.00085522
 0.00102627 0.00119731 0.00136835 0.0015394 ]",5215466.666666668,10
13197.487633079478,2591.3384072704835,5.373778995572881,-14402.294902499772,0.002550132686425519,26.0,0.26,4100.0,0.0018011486001435748,"[0.         0.00017759 0.00035518 0.00053277 0.00071036 0.00088795
 0.00106555 0.00124314 0.00142073 0.00159832]",5014871.794871796,10
13420.203446833948,2520.0542637098615,5.1827085902203995,-14395.125667825,0.0024978330733409874,27.0,0.26,4100.0,0.0018704235463029432,"[0.         0.00018412 0.00036823 0.00055235 0.00073647 0.00092058
 0.0011047  0.00128881 0.00147293 0.00165705]",4829135.802469136,10
13625.225070936789,2448.6641025899635,4.942789652676834,-14369.580667319955,0.0024512249830215584,28.0,0.26,4100.0,0.0019396984924623117,"[0.         0.00019062 0.00038124 0.00057186 0.00076248 0.0009531
 0.00114372 0.00133434 0.00152496 0.00171558]",4656666.666666667,10
13831.089436421229,2400.0102174555586,4.81731026913874,-14355.855424973139,0.0024040385387578034,29.0,0.26,4100.0,0.001998564249820531,"[0.         0.0001971  0.00039421 0.00059131 0.00078841 0.00098552
 0.00118262 0.00137972 0.00157683 0.00177393]",4496091.954022989,10
14023.403082141464,2332.9617373165083,4.756525333081843,-14318.791137205764,0.0023553880871701395,30.0,0.26,4050.0,0.002067480258435032,"[0.         0.00020357 0.00040713 0.0006107  0.00081426 0.00101783
 0.00122139 0.00142496 0.00162852 0.00183209]",4346222.222222223,10
0.0,0.0,0.0,-2.628212131370674,0.006657343411008849,0.0,0.30000000000000004,4300.0,0.0,"[0. 0. 0. 0. 0. 0. 0. 0. 0. 0. 0. 0. 0. 0. 0. 0. 0. 0. 0. 0. 0. 0. 0. 0.
 0. 0. 0. 0. 0. 0. 0. 0. 0. 0. 0. 0. 0. 0. 0. 0. 0. 0. 0. 0. 0. 0. 0. 0.
 0. 0. 0. 0. 0. 0. 0. 0. 0. 0. 0. 0. 0. 0. 0. 0. 0. 0. 0. 0. 0. 0. 0. 0.
 0. 0. 0. 0. 0. 0. 0. 0. 0. 0. 0. 0. 0. 0. 0. 0. 0. 0. 0. 0. 0. 0. 0. 0.
 0. 0. 0. 0. 0. 0. 0. 0. 0. 0. 0. 0. 0. 0. 0. 0. 0. 0. 0. 0. 0. 0. 0. 0.
 0. 0. 0. 0. 0. 0. 0. 0. 0. 0. 0. 0. 0. 0. 0. 0. 0. 0. 0. 0. 0. 0. 0. 0.
 0. 0. 0. 0. 0. 0. 0. 0. 0. 0. 0. 0. 0. 0. 0. 0. 0. 0. 0. 0. 0. 0. 0. 0.
 0. 0. 0. 0. 0. 0. 0. 0. 0. 0. 0. 0. 0. 0. 0. 0. 0. 0. 0. 0. 0. 0. 0. 0.
 0. 0. 0. 0. 0. 0. 0. 0.]",,10
1494.8898037983408,1194.3869161542796,14.649462537963984,-3819.6471828119247,0.006112410083027885,1.0,0.30000000000000004,4300.0,7.142857142857142e-05,"[0.00000000e+00 7.13013233e-06 1.42602647e-05 2.13903970e-05
 2.85205293e-05 3.56506616e-05 4.27807940e-05 4.99109263e-05
 5.70410586e-05 6.41711910e-05]",130386666.66666669,10
2633.904439312133,1954.3042425302954,15.791352017402179,-6212.258649801217,0.005682694975080997,2.0,0.30000000000000004,4300.0,0.00014285714285714284,"[0.00000000e+00 1.42349355e-05 2.84698711e-05 4.27048066e-05
 5.69397422e-05 7.11746777e-05 8.54096132e-05 9.96445488e-05
 1.13879484e-04 1.28114420e-04]",65193333.33333334,10
3579.544005705073,2479.193852430257,15.318877909514404,-7884.742554896802,0.005301664774601121,3.0,0.30000000000000004,4250.0,0.00021320890165111268,"[0.00000000e+00 2.13145889e-05 4.26291779e-05 6.39437668e-05
 8.52583558e-05 1.06572945e-04 1.27887534e-04 1.49202123e-04
 1.70516712e-04 1.91831301e-04]",43462222.22222223,10
4395.353722072669,2843.5218299073817,14.48797134385737,-9125.560561924904,0.005006583796940543,4.0,0.30000000000000004,4250.0,0.0002842785355348169,"[0.0000000e+00 2.8369270e-05 5.6738540e-05 8.5107810e-05 1.1347708e-04
 1.4184635e-04 1.7021562e-04 1.9858489e-04 2.2695416e-04 2.5532343e-04]",32596666.66666667,10
5116.5505948091595,3097.1008061133034,13.611431022797657,-10082.396870243203,0.004752012118645856,5.0,0.30000000000000004,4250.0,0.00035534816941852116,"[0.00000000e+00 3.53991542e-05 7.07983084e-05 1.06197463e-04
 1.41596617e-04 1.76995771e-04 2.12394925e-04 2.47794079e-04
 2.83193234e-04 3.18592388e-04]",26077333.333333336,10
5763.329445075149,3268.4491369399843,12.797228570744995,-10837.294875636835,0.00452970932578536,6.0,0.30000000000000004,4250.0,0.00042641780330222536,"[0.00000000e+00 4.24044153e-05 8.48088306e-05 1.27213246e-04
 1.69617661e-04 2.12022077e-04 2.54426492e-04 2.96830907e-04
 3.39235322e-04 3.81639738e-04]",21731111.111111116,10
6351.622301126523,3389.521872369559,11.916063259245282,-11448.062330653192,0.004312687212723467,7.0,0.30000000000000004,4200.0,0.0004949748743718593,"[0.00000000e+00 4.93852252e-05 9.87704504e-05 1.48155676e-04
 1.97540901e-04 2.46926126e-04 2.96311351e-04 3.45696576e-04
 3.95081801e-04 4.44467027e-04]",18626666.666666668,10
6891.061902322369,3454.073438080948,11.261218371613765,-11945.879257949877,0.004137783070335921,8.0,0.30000000000000004,4200.0,0.0005656855707106963,"[0.00000000e+00 5.63417539e-05 1.12683508e-04 1.69025262e-04
 2.25367016e-04 2.81708770e-04 3.38050524e-04 3.94392278e-04
 4.50734031e-04 5.07075785e-04]",16298333.333333336,10
7387.653067975336,3481.5585235836006,10.70629528759992,-12354.472875215564,0.003980499525514016,9.0,0.30000000000000004,4200.0,0.0006363962670495333,"[0.00000000e+00 6.32741699e-05 1.26548340e-04 1.89822510e-04
 2.53096680e-04 3.16370849e-04 3.79645019e-04 4.42919189e-04
 5.06193359e-04 5.69467529e-04]",14487407.407407409,10
7850.2554793428,3481.738495034428,10.21000482179589,-12694.45495406192,0.0038376832665480204,10.0,0.30000000000000004,4200.0,0.0007071069633883705,"[0.00000000e+00 7.01826396e-05 1.40365279e-04 2.10547919e-04
 2.80730558e-04 3.50913198e-04 4.21095838e-04 4.91278477e-04
 5.61461117e-04 6.31643757e-04]",13038666.666666668,10
8283.526554273156,3475.778057808364,9.564360650917415,-12981.110486527206,0.0037061578616482244,11.0,0.30000000000000004,4200.0,0.0007738693467336682,"[0.00000000e+00 7.70673280e-05 1.54134656e-04 2.31201984e-04
 3.08269312e-04 3.85336640e-04 4.62403968e-04 5.39471296e-04
 6.16538624e-04 6.93605952e-04]",11853333.333333334,10
8688.717082263367,3438.2287676648893,9.113749811170294,-13220.934676689947,0.0035722605186785782,12.0,0.30000000000000004,4150.0,0.0008442211055276381,"[0.00000000e+00 8.39283982e-05 1.67856796e-04 2.51785195e-04
 3.35713593e-04 4.19641991e-04 5.03570389e-04 5.87498787e-04
 6.71427186e-04 7.55355584e-04]",10865555.555555558,10
9070.67888867601,3388.1787423197893,8.642866619455312,-13419.614073569908,0.003462220106859702,13.0,0.30000000000000004,4150.0,0.000914572864321608,"[0.00000000e+00 9.07660117e-05 1.81532023e-04 2.72298035e-04
 3.63064047e-04 4.53830058e-04 5.44596070e-04 6.35362082e-04
 7.26128094e-04 8.16894105e-04]",10029743.589743592,10
9434.12113148678,3329.3885554471085,8.237663801074886,-13590.462940150333,0.0033597958112573227,14.0,0.30000000000000004,4150.0,0.0009849246231155779,"[0.00000000e+00 9.75803283e-05 1.95160657e-04 2.92740985e-04
 3.90321313e-04 4.87901642e-04 5.85481970e-04 6.83062298e-04
 7.80642627e-04 8.78222955e-04]",9313333.333333334,10
9777.084139608614,3262.7900331209726,7.835681879079284,-13730.967534490977,0.0032649206215745828,15.0,0.30000000000000004,4150.0,0.0010552763819095476,"[0.         0.00010437 0.00020874 0.00031311 0.00041749 0.00052186
 0.00062623 0.0007306  0.00083497 0.00093934]",8692444.444444446,10
10105.118639927194,3209.923434152143,7.594255706959006,-13856.153067353516,0.003175712908526757,16.0,0.30000000000000004,4150.0,0.0011198851399856424,"[0.         0.00011114 0.00022228 0.00033342 0.00044456 0.0005557
 0.00066684 0.00077798 0.00088912 0.00100026]",8149166.666666668,10
10415.376543795614,3134.92600811543,7.2280074668681165,-13952.949753996902,0.0030934306869347095,17.0,0.30000000000000004,4150.0,0.001189877961234745,"[0.         0.00011789 0.00023577 0.00035366 0.00047154 0.00058943
 0.00070731 0.0008252  0.00094308 0.00106097]",7669803.921568629,10
10712.759915563234,3057.9847946762443,7.039072726037801,-14034.011076506707,0.003015776413961937,18.0,0.30000000000000004,4150.0,0.0012598707824838476,"[0.         0.00012461 0.00024922 0.00037382 0.00049843 0.00062304
 0.00074765 0.00087225 0.00099686 0.00112147]",7243703.703703704,10
10997.869785806814,2980.0070020591365,6.753089838695418,-14103.093160879711,0.002942457882913422,19.0,0.30000000000000004,4150.0,0.0013298636037329505,"[0.         0.00013131 0.00026262 0.00039392 0.00052523 0.00065654
 0.00078785 0.00091916 0.00105046 0.00118177]",6862456.140350877,10
11269.642502325065,2920.0073472209597,6.503702295462205,-14150.276688444297,0.002874689896418564,20.0,0.30000000000000004,4150.0,0.0013926776740847092,"[0.         0.00013799 0.00027597 0.00041396 0.00055194 0.00068993
 0.00082791 0.0009659  0.00110389 0.00124187]",6519333.333333334,10
11532.732562090647,2842.3098620908863,6.211862809172043,-14195.765294151352,0.0027996256224867883,21.0,0.30000000000000004,4100.0,0.0014623115577889448,"[0.         0.00014464 0.00028928 0.00043392 0.00057857 0.00072321
 0.00086785 0.00101249 0.00115713 0.00130177]",6208888.888888889,10
11789.023769329762,2765.966753086379,5.9326633324275875,-14237.110680174286,0.002737495757698161,22.0,0.30000000000000004,4100.0,0.00153194544149318,"[0.         0.00015127 0.00030255 0.00045382 0.0006051  0.00075637
 0.00090765 0.00105892 0.0012102  0.00136147]",5926666.666666667,10
12032.064602529885,2689.657767058317,5.804222722400747,-14258.910673780767,0.0026796860047221096,23.0,0.30000000000000004,4100.0,0.0016015793251974155,"[0.         0.00015789 0.00031577 0.00047366 0.00063155 0.00078943
 0.00094732 0.0011052  0.00126309 0.00142098]",5668985.507246378,10
12268.393799444559,2615.305234399736,5.601902095728563,-14281.409967622494,0.0026232519527790788,24.0,0.30000000000000004,4100.0,0.001671213208901651,"[0.         0.00016448 0.00032895 0.00049343 0.0006579  0.00082238
 0.00098686 0.00115133 0.00131581 0.00148029]",5432777.777777779,10
12494.119795584787,2560.780929699628,5.376456366195989,-14291.425527832544,0.0025713105502259597,25.0,0.30000000000000004,4100.0,0.0017318736539842065,"[0.         0.00017104 0.00034209 0.00051313 0.00068418 0.00085522
 0.00102627 0.00119731 0.00136835 0.0015394 ]",5215466.666666668,10
12712.724516141314,2489.3559565299274,5.291870037165919,-14296.385154813768,0.002522311896036084,26.0,0.30000000000000004,4100.0,0.0018011486001435748,"[0.         0.00017759 0.00035518 0.00053277 0.00071036 0.00088795
 0.00106555 0.00124314 0.00142073 0.00159832]",5014871.794871796,10
12931.379278268714,2421.333785978616,5.096860450848581,-14303.38499084075,0.0024724979144768837,27.0,0.30000000000000004,4100.0,0.0018704235463029432,"[0.         0.00018412 0.00036823 0.00055235 0.00073647 0.00092058
 0.0011047  0.00128881 0.00147293 0.00165705]",4829135.802469136,10
13132.744138573773,2353.1115961411597,4.880931442543095,-14290.687858673591,0.0024280216085884147,28.0,0.30000000000000004,4100.0,0.0019396984924623117,"[0.         0.00019062 0.00038124 0.00057186 0.00076248 0.0009531
 0.00114372 0.00133434 0.00152496 0.00171558]",4656666.666666667,10
13335.013644246965,2306.746725798272,4.746177004165194,-14290.078718094977,0.002382985962054307,29.0,0.30000000000000004,4100.0,0.001998564249820531,"[0.         0.0001971  0.00039421 0.00059131 0.00078841 0.00098552
 0.00118262 0.00137972 0.00157683 0.00177393]",4496091.954022989,10
13523.99089837442,2242.5895919538752,4.684866136509684,-14265.683034586931,0.0023433539196262027,30.0,0.30000000000000004,4100.0,0.002067480258435032,"[0.         0.00020357 0.00040713 0.0006107  0.00081426 0.00101783
 0.00122139 0.00142496 0.00162852 0.00183209]",4346222.222222223,10
0.0,0.0,0.0,-2.628212131370674,0.006246287891549985,0.0,0.34,4300.0,0.0,"[0. 0. 0. 0. 0. 0. 0. 0. 0. 0. 0. 0. 0. 0. 0. 0. 0. 0. 0. 0. 0. 0. 0. 0.
 0. 0. 0. 0. 0. 0. 0. 0. 0. 0. 0. 0. 0. 0. 0. 0. 0. 0. 0. 0. 0. 0. 0. 0.
 0. 0. 0. 0. 0. 0. 0. 0. 0. 0. 0. 0. 0. 0. 0. 0. 0. 0. 0. 0. 0. 0. 0. 0.
 0. 0. 0. 0. 0. 0. 0. 0. 0. 0. 0. 0. 0. 0. 0. 0. 0. 0. 0. 0. 0. 0. 0. 0.
 0. 0. 0. 0. 0. 0. 0. 0. 0. 0. 0. 0. 0. 0. 0. 0. 0. 0. 0. 0. 0. 0. 0. 0.
 0. 0. 0. 0. 0. 0. 0. 0. 0. 0. 0. 0. 0. 0. 0. 0. 0. 0. 0. 0. 0. 0. 0. 0.
 0. 0. 0. 0. 0. 0. 0. 0. 0. 0. 0. 0. 0. 0. 0. 0. 0. 0. 0. 0. 0. 0. 0. 0.
 0. 0. 0. 0. 0. 0. 0. 0. 0. 0. 0. 0. 0. 0. 0. 0. 0. 0. 0. 0. 0. 0. 0. 0.
 0. 0. 0. 0. 0. 0. 0. 0.]",,10
1407.1547598016357,1123.931359341733,13.856361308790223,-3604.0083549743867,0.0057665702926602514,1.0,0.34,4300.0,7.142857142857142e-05,"[0.00000000e+00 7.13013233e-06 1.42602647e-05 2.13903970e-05
 2.85205293e-05 3.56506616e-05 4.27807940e-05 4.99109263e-05
 5.70410586e-05 6.41711910e-05]",130386666.66666669,10
2485.2252253973093,1843.0034905700309,15.02227403900655,-5887.357687568365,0.005385543118842869,2.0,0.34,4300.0,0.00014285714285714284,"[0.00000000e+00 1.42349355e-05 2.84698711e-05 4.27048066e-05
 5.69397422e-05 7.11746777e-05 8.54096132e-05 9.96445488e-05
 1.13879484e-04 1.28114420e-04]",65193333.33333334,10
3384.0123909456847,2342.1334347297166,14.634075415675829,-7500.619818080057,0.005043486113063977,3.0,0.34,4250.0,0.00021320890165111268,"[0.00000000e+00 2.13145889e-05 4.26291779e-05 6.39437668e-05
 8.52583558e-05 1.06572945e-04 1.27887534e-04 1.49202123e-04
 1.70516712e-04 1.91831301e-04]",43462222.22222223,10
4161.9693495257,2690.309900907501,13.888172920731229,-8710.032149656487,0.004778869700839957,4.0,0.34,4250.0,0.0002842785355348169,"[0.0000000e+00 2.8369270e-05 5.6738540e-05 8.5107810e-05 1.1347708e-04
 1.4184635e-04 1.7021562e-04 1.9858489e-04 2.2695416e-04 2.5532343e-04]",32596666.66666667,10
4851.586898338899,2933.9594176464116,13.07951727889676,-9652.161426703344,0.004549497635599791,5.0,0.34,4250.0,0.00035534816941852116,"[0.00000000e+00 3.53991542e-05 7.07983084e-05 1.06197463e-04
 1.41596617e-04 1.76995771e-04 2.12394925e-04 2.47794079e-04
 2.83193234e-04 3.18592388e-04]",26077333.333333336,10
5471.48956687578,3099.729728661016,12.338459023344495,-10402.952393857879,0.0043483448001770605,6.0,0.34,4250.0,0.00042641780330222536,"[0.00000000e+00 4.24044153e-05 8.48088306e-05 1.27213246e-04
 1.69617661e-04 2.12022077e-04 2.54426492e-04 2.96830907e-04
 3.39235322e-04 3.81639738e-04]",21731111.111111116,10
6036.498706665761,3217.7556916464846,11.527497760173624,-11016.339316115758,0.004149668276192425,7.0,0.34,4200.0,0.0004949748743718593,"[0.00000000e+00 4.93852252e-05 9.87704504e-05 1.48155676e-04
 1.97540901e-04 2.46926126e-04 2.96311351e-04 3.45696576e-04
 3.95081801e-04 4.44467027e-04]",18626666.666666668,10
6555.510033606393,3281.9527696009086,10.897067085192017,-11521.826033743047,0.003990269521402703,8.0,0.34,4200.0,0.0005656855707106963,"[0.00000000e+00 5.63417539e-05 1.12683508e-04 1.69025262e-04
 2.25367016e-04 2.81708770e-04 3.38050524e-04 3.94392278e-04
 4.50734031e-04 5.07075785e-04]",16298333.333333336,10
7034.071930674244,3310.678584033236,10.362277486000503,-11941.311720141355,0.0038464596587746286,9.0,0.34,4200.0,0.0006363962670495333,"[0.00000000e+00 6.32741699e-05 1.26548340e-04 1.89822510e-04
 2.53096680e-04 3.16370849e-04 3.79645019e-04 4.42919189e-04
 5.06193359e-04 5.69467529e-04]",14487407.407407409,10
7480.513711469447,3313.270232709477,9.922561187142737,-12294.272787199574,0.0037154847894149893,10.0,0.34,4200.0,0.0007071069633883705,"[0.00000000e+00 7.01826396e-05 1.40365279e-04 2.10547919e-04
 2.80730558e-04 3.50913198e-04 4.21095838e-04 4.91278477e-04
 5.61461117e-04 6.31643757e-04]",13038666.666666668,10
7899.229310817416,3309.845012918921,9.280536947317696,-12595.4534814195,0.003594528365491031,11.0,0.34,4200.0,0.0007738693467336682,"[0.00000000e+00 7.70673280e-05 1.54134656e-04 2.31201984e-04
 3.08269312e-04 3.85336640e-04 4.62403968e-04 5.39471296e-04
 6.16538624e-04 6.93605952e-04]",11853333.333333334,10
8291.279525609258,3276.0635365053263,8.881790907939433,-12850.80231936778,0.0034840530925460854,12.0,0.34,4200.0,0.0008442211055276381,"[0.00000000e+00 8.39283982e-05 1.67856796e-04 2.51785195e-04
 3.35713593e-04 4.19641991e-04 5.03570389e-04 5.87498787e-04
 6.71427186e-04 7.55355584e-04]",10865555.555555558,10
8661.288990773399,3230.204639154374,8.40945594818612,-13065.52338829638,0.003368212649167889,13.0,0.34,4150.0,0.000914572864321608,"[0.00000000e+00 9.07660117e-05 1.81532023e-04 2.72298035e-04
 3.63064047e-04 4.53830058e-04 5.44596070e-04 6.35362082e-04
 7.26128094e-04 8.16894105e-04]",10029743.589743592,10
9013.728489081841,3175.781143431004,8.03272286522368,-13252.900174099486,0.003273330507879291,14.0,0.34,4150.0,0.0009849246231155779,"[0.00000000e+00 9.75803283e-05 1.95160657e-04 2.92740985e-04
 3.90321313e-04 4.87901642e-04 5.85481970e-04 6.83062298e-04
 7.80642627e-04 8.78222955e-04]",9313333.333333334,10
9346.64567486593,3113.7890912540524,7.641777701521447,-13410.169724803956,0.003185256697374082,15.0,0.34,4150.0,0.0010552763819095476,"[0.         0.00010437 0.00020874 0.00031311 0.00041749 0.00052186
 0.00062623 0.0007306  0.00083497 0.00093934]",8692444.444444446,10
9665.346344289701,3064.694749460865,7.408599168324301,-13551.832223369202,0.003102274241320716,16.0,0.34,4150.0,0.0011198851399856424,"[0.         0.00011114 0.00022228 0.00033342 0.00044456 0.0005557
 0.00066684 0.00077798 0.00088912 0.00100026]",8149166.666666668,10
9967.046868457182,2994.291490935377,7.058182816589161,-13665.470222930919,0.003025570245092985,17.0,0.34,4150.0,0.001189877961234745,"[0.         0.00011789 0.00023577 0.00035366 0.00047154 0.00058943
 0.00070731 0.0008252  0.00094308 0.00106097]",7669803.921568629,10
10256.476432499836,2921.933220040692,6.877834573034197,-13763.235030803575,0.0029530467268729086,18.0,0.34,4150.0,0.0012598707824838476,"[0.         0.00012461 0.00024922 0.00037382 0.00049843 0.00062304
 0.00074765 0.00087225 0.00099686 0.00112147]",7243703.703703704,10
10534.200477196699,2848.442287396509,6.605476662637227,-13848.242292984825,0.0028844411711742516,19.0,0.34,4150.0,0.0013298636037329505,"[0.         0.00013131 0.00026262 0.00039392 0.00052523 0.00065654
 0.00078785 0.00091916 0.00105046 0.00118177]",6862456.140350877,10
10799.040315175793,2792.011353445114,6.365041480462588,-13911.500864734808,0.0028209253664645824,20.0,0.34,4150.0,0.0013926776740847092,"[0.         0.00013799 0.00027597 0.00041396 0.00055194 0.00068993
 0.00082791 0.0009659  0.00110389 0.00124187]",6519333.333333334,10
11055.685321174164,2718.5467648276854,6.107250736983964,-13972.877465606369,0.002759433484522349,21.0,0.34,4150.0,0.0014623115577889448,"[0.         0.00014464 0.00028928 0.00043392 0.00057857 0.00072321
 0.00086785 0.00101249 0.00115713 0.00130177]",6208888.888888889,10
11305.820931916662,2646.268503479011,5.833231455133215,-14029.209008776685,0.0027007144424224345,22.0,0.34,4150.0,0.00153194544149318,"[0.         0.00015127 0.00030255 0.00045382 0.0006051  0.00075637
 0.00090765 0.00105892 0.0012102  0.00136147]",5926666.666666667,10
11543.204121001958,2573.86940950432,5.7114147698231355,-14066.587114418042,0.002636845340317902,23.0,0.34,4100.0,0.0016015793251974155,"[0.         0.00015789 0.00031577 0.00047366 0.00063155 0.00078943
 0.00094732 0.0011052  0.00126309 0.00142098]",5668985.507246378,10
11774.236088949108,2503.33924288604,5.5036412506061625,-14103.701734815957,0.0025836323513682897,24.0,0.34,4100.0,0.001671213208901651,"[0.         0.00016448 0.00032895 0.00049343 0.0006579  0.00082238
 0.00098686 0.00115133 0.00131581 0.00148029]",5432777.777777779,10
11994.909657984597,2451.709094285038,5.2727459758134,-14127.725300999446,0.0025345942686830825,25.0,0.34,4100.0,0.0017318736539842065,"[0.         0.00017104 0.00034209 0.00051313 0.00068418 0.00085522
 0.00102627 0.00119731 0.00136835 0.0015394 ]",5215466.666666668,10
12208.743517796469,2383.8122251091436,5.206056017703795,-14146.89642166021,0.002488257704916037,26.0,0.34,4100.0,0.0018011486001435748,"[0.         0.00017759 0.00035518 0.00053277 0.00071036 0.00088795
 0.00106555 0.00124314 0.00142073 0.00159832]",5014871.794871796,10
12422.845050223761,2319.090307294987,4.9939640444016735,-14168.060712040453,0.0024411009731694373,27.0,0.34,4100.0,0.0018704235463029432,"[0.         0.00018412 0.00036823 0.00055235 0.00073647 0.00092058
 0.0011047  0.00128881 0.00147293 0.00165705]",4829135.802469136,10
12620.096470197448,2254.1312242948297,4.812638903705472,-14168.324908430739,0.0023989173665059983,28.0,0.34,4100.0,0.0019396984924623117,"[0.         0.00019062 0.00038124 0.00057186 0.00076248 0.0009531
 0.00114372 0.00133434 0.00152496 0.00171558]",4656666.666666667,10
12818.314663362944,2210.123338175759,4.675460954892539,-14180.899119272843,0.0023561933346363693,29.0,0.34,4100.0,0.001998564249820531,"[0.         0.0001971  0.00039421 0.00059131 0.00078841 0.00098552
 0.00118262 0.00137972 0.00157683 0.00177393]",4496091.954022989,10
13003.53537921239,2148.889976864452,4.604049052388948,-14169.482956922227,0.002318516765905695,30.0,0.34,4100.0,0.002067480258435032,"[0.         0.00020357 0.00040713 0.0006107  0.00081426 0.00101783
 0.00122139 0.00142496 0.00162852 0.00183209]",4346222.222222223,10
0.0,0.0,0.0,-2.628212131370674,0.005839370292254779,0.0,0.38,4300.0,0.0,"[0. 0. 0. 0. 0. 0. 0. 0. 0. 0. 0. 0. 0. 0. 0. 0. 0. 0. 0. 0. 0. 0. 0. 0.
 0. 0. 0. 0. 0. 0. 0. 0. 0. 0. 0. 0. 0. 0. 0. 0. 0. 0. 0. 0. 0. 0. 0. 0.
 0. 0. 0. 0. 0. 0. 0. 0. 0. 0. 0. 0. 0. 0. 0. 0. 0. 0. 0. 0. 0. 0. 0. 0.
 0. 0. 0. 0. 0. 0. 0. 0. 0. 0. 0. 0. 0. 0. 0. 0. 0. 0. 0. 0. 0. 0. 0. 0.
 0. 0. 0. 0. 0. 0. 0. 0. 0. 0. 0. 0. 0. 0. 0. 0. 0. 0. 0. 0. 0. 0. 0. 0.
 0. 0. 0. 0. 0. 0. 0. 0. 0. 0. 0. 0. 0. 0. 0. 0. 0. 0. 0. 0. 0. 0. 0. 0.
 0. 0. 0. 0. 0. 0. 0. 0. 0. 0. 0. 0. 0. 0. 0. 0. 0. 0. 0. 0. 0. 0. 0. 0.
 0. 0. 0. 0. 0. 0. 0. 0. 0. 0. 0. 0. 0. 0. 0. 0. 0. 0. 0. 0. 0. 0. 0. 0.
 0. 0. 0. 0. 0. 0. 0. 0.]",,10
1319.7089064255667,1053.7490928177085,13.058460247772928,-3387.9511413321306,0.0054201346048885265,1.0,0.38,4300.0,7.142857142857142e-05,"[0.00000000e+00 7.13013233e-06 1.42602647e-05 2.13903970e-05
 2.85205293e-05 3.56506616e-05 4.27807940e-05 4.99109263e-05
 5.70410586e-05 6.41711910e-05]",130386666.66666669,10
2336.2883915087923,1731.614377328628,14.238145094099517,-5558.512038525303,0.005084788982737046,2.0,0.38,4300.0,0.00014285714285714284,"[0.00000000e+00 1.42349355e-05 2.84698711e-05 4.27048066e-05
 5.69397422e-05 7.11746777e-05 8.54096132e-05 9.96445488e-05
 1.13879484e-04 1.28114420e-04]",65193333.33333334,10
3187.3340749928707,2204.4296222808175,13.932027759614895,-7108.210170182909,0.004779789503508401,3.0,0.38,4250.0,0.00021320890165111268,"[0.00000000e+00 2.13145889e-05 4.26291779e-05 6.39437668e-05
 8.52583558e-05 1.06572945e-04 1.27887534e-04 1.49202123e-04
 1.70516712e-04 1.91831301e-04]",43462222.22222223,10
3926.402619467745,2535.873023323727,13.269395195648686,-8281.82843965901,0.004544296731104551,4.0,0.38,4250.0,0.0002842785355348169,"[0.0000000e+00 2.8369270e-05 5.6738540e-05 8.5107810e-05 1.1347708e-04
 1.4184635e-04 1.7021562e-04 1.9858489e-04 2.2695416e-04 2.5532343e-04]",32596666.66666667,10
4583.351612439981,2769.044760344659,12.53811512317524,-9205.091186556849,0.004339210016005684,5.0,0.38,4250.0,0.00035534816941852116,"[0.00000000e+00 3.53991542e-05 7.07983084e-05 1.06197463e-04
 1.41596617e-04 1.76995771e-04 2.12394925e-04 2.47794079e-04
 2.83193234e-04 3.18592388e-04]",26077333.333333336,10
5175.2717529131205,2928.7510112589885,11.845778817656754,-9947.961304740013,0.004158590875160263,6.0,0.38,4250.0,0.00042641780330222536,"[0.00000000e+00 4.24044153e-05 8.48088306e-05 1.27213246e-04
 1.69617661e-04 2.12022077e-04 2.54426492e-04 2.96830907e-04
 3.39235322e-04 3.81639738e-04]",21731111.111111116,10
5715.901679478709,3043.295265331159,11.102866839840813,-10560.607057682442,0.0039966842453294845,7.0,0.38,4250.0,0.0004949748743718593,"[0.00000000e+00 4.93852252e-05 9.87704504e-05 1.48155676e-04
 1.97540901e-04 2.46926126e-04 2.96311351e-04 3.45696576e-04
 3.95081801e-04 4.44467027e-04]",18626666.666666668,10
6213.418358987818,3106.782363171693,10.498447987347177,-11070.526881763268,0.003833763904893735,8.0,0.38,4200.0,0.0005656855707106963,"[0.00000000e+00 5.63417539e-05 1.12683508e-04 1.69025262e-04
 2.25367016e-04 2.81708770e-04 3.38050524e-04 3.94392278e-04
 4.50734031e-04 5.07075785e-04]",16298333.333333336,10
6672.9183825236605,3136.457616827002,9.98982773396929,-11498.126115229927,0.003703281549571766,9.0,0.38,4200.0,0.0006363962670495333,"[0.00000000e+00 6.32741699e-05 1.26548340e-04 1.89822510e-04
 2.53096680e-04 3.16370849e-04 3.79645019e-04 4.42919189e-04
 5.06193359e-04 5.69467529e-04]",14487407.407407409,10
7102.200217736582,3141.223805295578,9.618332997795457,-11861.595291594807,0.003584084811463852,10.0,0.38,4200.0,0.0007071069633883705,"[0.00000000e+00 7.01826396e-05 1.40365279e-04 2.10547919e-04
 2.80730558e-04 3.50913198e-04 4.21095838e-04 4.91278477e-04
 5.61461117e-04 6.31643757e-04]",13038666.666666668,10
7505.394298451479,3140.1283262647207,8.978217157392654,-12175.090845381215,0.0034736960161470603,11.0,0.38,4200.0,0.0007738693467336682,"[0.00000000e+00 7.70673280e-05 1.54134656e-04 2.31201984e-04
 3.08269312e-04 3.85336640e-04 4.62403968e-04 5.39471296e-04
 6.16538624e-04 6.93605952e-04]",11853333.333333334,10
7883.378521644216,3110.0186860006324,8.63297632768628,-12444.086257192102,0.0033725979752910434,12.0,0.38,4200.0,0.0008442211055276381,"[0.00000000e+00 8.39283982e-05 1.67856796e-04 2.51785195e-04
 3.35713593e-04 4.19641991e-04 5.03570389e-04 5.87498787e-04
 6.71427186e-04 7.55355584e-04]",10865555.555555558,10
8240.543105683495,3068.199376405707,8.166610917267462,-12673.1981777888,0.0032786478121782014,13.0,0.38,4200.0,0.000914572864321608,"[0.00000000e+00 9.07660117e-05 1.81532023e-04 2.72298035e-04
 3.63064047e-04 4.53830058e-04 5.44596070e-04 6.35362082e-04
 7.26128094e-04 8.16894105e-04]",10029743.589743592,10
8581.120259333567,3018.105137934143,7.803109083220908,-12875.422960237964,0.0031907722613364257,14.0,0.38,4200.0,0.0009849246231155779,"[0.00000000e+00 9.75803283e-05 1.95160657e-04 2.92740985e-04
 3.90321313e-04 4.87901642e-04 5.85481970e-04 6.83062298e-04
 7.80642627e-04 8.78222955e-04]",9313333.333333334,10
8903.16696377839,2960.6404849781065,7.434137297246632,-13048.083506721217,0.0030967893264899253,15.0,0.38,4150.0,0.0010552763819095476,"[0.         0.00010437 0.00020874 0.00031311 0.00041749 0.00052186
 0.00062623 0.0007306  0.00083497 0.00093934]",8692444.444444446,10
9211.739697856667,2915.2731272136753,7.2227439230079264,-13205.034159692092,0.00302017280831692,16.0,0.38,4150.0,0.0011198851399856424,"[0.         0.00011114 0.00022228 0.00033342 0.00044456 0.0005557
 0.00066684 0.00077798 0.00088912 0.00100026]",8149166.666666668,10
9504.126201315637,2849.519817946007,6.882922857327494,-13334.48420730557,0.002949199000219189,17.0,0.38,4150.0,0.001189877961234745,"[0.         0.00011789 0.00023577 0.00035366 0.00047154 0.00058943
 0.00070731 0.0008252  0.00094308 0.00106097]",7669803.921568629,10
9784.865133000285,2781.7427346769255,6.71828302020142,-13448.048754970681,0.0028819668774235246,18.0,0.38,4150.0,0.0012598707824838476,"[0.         0.00012461 0.00024922 0.00037382 0.00049843 0.00062304
 0.00074765 0.00087225 0.00099686 0.00112147]",7243703.703703704,10
10054.492934720794,2712.7486712901527,6.450830597211971,-13548.232504501699,0.0028182415059661925,19.0,0.38,4150.0,0.0013298636037329505,"[0.         0.00013131 0.00026262 0.00039392 0.00052523 0.00065654
 0.00078785 0.00091916 0.00105046 0.00118177]",6862456.140350877,10
10311.733333681279,2659.8861777138895,6.203347246108727,-13626.928196575449,0.002759144473931942,20.0,0.38,4150.0,0.0013926776740847092,"[0.         0.00013799 0.00027597 0.00041396 0.00055194 0.00068993
 0.00082791 0.0009659  0.00110389 0.00124187]",6519333.333333334,10
10561.270233154872,2590.7022962662118,5.9727408790662215,-13703.851350995035,0.002701828940729902,21.0,0.38,4150.0,0.0014623115577889448,"[0.         0.00014464 0.00028928 0.00043392 0.00057857 0.00072321
 0.00086785 0.00101249 0.00115713 0.00130177]",6208888.888888889,10
10804.615598509423,2522.5585872927522,5.708251202193917,-13774.936469487555,0.0026470213000382437,22.0,0.38,4150.0,0.00153194544149318,"[0.         0.00015127 0.00030255 0.00045382 0.0006051  0.00075637
 0.00090765 0.00105892 0.0012102  0.00136147]",5926666.666666667,10
11035.737084292281,2454.199082007905,5.607847363466661,-13826.987601278437,0.002595801202168743,23.0,0.38,4150.0,0.0016015793251974155,"[0.         0.00015789 0.00031577 0.00047366 0.00063155 0.00078943
 0.00094732 0.0011052  0.00126309 0.00142098]",5668985.507246378,10
11260.874999145091,2387.489116957731,5.378766911393132,-13878.510094735706,0.00254567643293706,24.0,0.38,4150.0,0.001671213208901651,"[0.         0.00016448 0.00032895 0.00049343 0.0006579  0.00082238
 0.00098686 0.00115133 0.00131581 0.00148029]",5432777.777777779,10
11475.932207757058,2338.813003194757,5.158346529139541,-13916.201986857275,0.002490730598888684,25.0,0.38,4100.0,0.0017318736539842065,"[0.         0.00017104 0.00034209 0.00051313 0.00068418 0.00085522
 0.00102627 0.00119731 0.00136835 0.0015394 ]",5215466.666666668,10
11684.454217899847,2274.4960150516745,5.108219258116572,-13949.395073671163,0.0024472192750424225,26.0,0.38,4100.0,0.0018011486001435748,"[0.         0.00017759 0.00035518 0.00053277 0.00071036 0.00088795
 0.00106555 0.00124314 0.00142073 0.00159832]",5014871.794871796,10
11893.449833663663,2213.2142679480235,4.887286455387634,-13984.57485732047,0.002402889124680129,27.0,0.38,4100.0,0.0018704235463029432,"[0.         0.00018412 0.00036823 0.00055235 0.00073647 0.00092058
 0.0011047  0.00128881 0.00147293 0.00165705]",4829135.802469136,10
12086.091632520613,2151.5340552142115,4.727611142290117,-13997.789904429083,0.002363158042317977,28.0,0.38,4100.0,0.0019396984924623117,"[0.         0.00019062 0.00038124 0.00057186 0.00076248 0.0009531
 0.00114372 0.00133434 0.00152496 0.00171558]",4656666.666666667,10
12279.751578604059,2109.9276381808245,4.58401461716854,-14023.485755559632,0.00232290613966012,29.0,0.38,4100.0,0.001998564249820531,"[0.         0.0001971  0.00039421 0.00059131 0.00078841 0.00098552
 0.00118262 0.00137972 0.00157683 0.00177393]",4496091.954022989,10
12460.756055070959,2051.7653720808,4.515617701192003,-14025.08950669923,0.002287334012819023,30.0,0.38,4100.0,0.002067480258435032,"[0.         0.00020357 0.00040713 0.0006107  0.00081426 0.00101783
 0.00122139 0.00142496 0.00162852 0.00183209]",4346222.222222223,10
0.0,0.0,0.0,-2.628212131370674,0.005436497897354289,0.0,0.42000000000000004,4300.0,0.0,"[0. 0. 0. 0. 0. 0. 0. 0. 0. 0. 0. 0. 0. 0. 0. 0. 0. 0. 0. 0. 0. 0. 0. 0.
 0. 0. 0. 0. 0. 0. 0. 0. 0. 0. 0. 0. 0. 0. 0. 0. 0. 0. 0. 0. 0. 0. 0. 0.
 0. 0. 0. 0. 0. 0. 0. 0. 0. 0. 0. 0. 0. 0. 0. 0. 0. 0. 0. 0. 0. 0. 0. 0.
 0. 0. 0. 0. 0. 0. 0. 0. 0. 0. 0. 0. 0. 0. 0. 0. 0. 0. 0. 0. 0. 0. 0. 0.
 0. 0. 0. 0. 0. 0. 0. 0. 0. 0. 0. 0. 0. 0. 0. 0. 0. 0. 0. 0. 0. 0. 0. 0.
 0. 0. 0. 0. 0. 0. 0. 0. 0. 0. 0. 0. 0. 0. 0. 0. 0. 0. 0. 0. 0. 0. 0. 0.
 0. 0. 0. 0. 0. 0. 0. 0. 0. 0. 0. 0. 0. 0. 0. 0. 0. 0. 0. 0. 0. 0. 0. 0.
 0. 0. 0. 0. 0. 0. 0. 0. 0. 0. 0. 0. 0. 0. 0. 0. 0. 0. 0. 0. 0. 0. 0. 0.
 0. 0. 0. 0. 0. 0. 0. 0.]",,10
1232.5515731048154,983.8393422207055,12.254652380245782,-3171.4996165890625,0.005073140779424193,1.0,0.42000000000000004,4300.0,7.142857142857142e-05,"[0.00000000e+00 7.13013233e-06 1.42602647e-05 2.13903970e-05
 2.85205293e-05 3.56506616e-05 4.27807940e-05 4.99109263e-05
 5.70410586e-05 6.41711910e-05]",130386666.66666669,10
2187.0983402161487,1620.1426076820012,13.436767191051638,-5225.779465217172,0.004780480306349274,2.0,0.42000000000000004,4300.0,0.00014285714285714284,"[0.00000000e+00 1.42349355e-05 2.84698711e-05 4.27048066e-05
 5.69397422e-05 7.11746777e-05 8.54096132e-05 9.96445488e-05
 1.13879484e-04 1.28114420e-04]",65193333.33333334,10
2989.512438277933,2066.0940556320525,13.209157577781141,-6707.542048368356,0.00451058133402421,3.0,0.42000000000000004,4250.0,0.00021320890165111268,"[0.00000000e+00 2.13145889e-05 4.26291779e-05 6.39437668e-05
 8.52583558e-05 1.06572945e-04 1.27887534e-04 1.49202123e-04
 1.70516712e-04 1.91831301e-04]",43462222.22222223,10
3688.648106771912,2380.2175410379837,12.628044611378824,-7840.883820087009,0.004302805681565717,4.0,0.42000000000000004,4250.0,0.0002842785355348169,"[0.0000000e+00 2.8369270e-05 5.6738540e-05 8.5107810e-05 1.1347708e-04
 1.4184635e-04 1.7021562e-04 1.9858489e-04 2.2695416e-04 2.5532343e-04]",32596666.66666667,10
4311.812645279412,2602.3573874356885,11.966826369935406,-8740.974333283004,0.004121015588884725,5.0,0.42000000000000004,4250.0,0.00035534816941852116,"[0.00000000e+00 3.53991542e-05 7.07983084e-05 1.06197463e-04
 1.41596617e-04 1.76995771e-04 2.12394925e-04 2.47794079e-04
 2.83193234e-04 3.18592388e-04]",26077333.333333336,10
4874.6190915435445,2755.499469554965,11.32910772006144,-9471.92541659774,0.003960238254481167,6.0,0.42000000000000004,4250.0,0.00042641780330222536,"[0.00000000e+00 4.24044153e-05 8.48088306e-05 1.27213246e-04
 1.69617661e-04 2.12022077e-04 2.54426492e-04 2.96830907e-04
 3.39235322e-04 3.81639738e-04]",21731111.111111116,10
5389.738213756681,2866.1203838576243,10.642147203494087,-10080.331145856791,0.0038155693919894127,7.0,0.42000000000000004,4250.0,0.0004949748743718593,"[0.00000000e+00 4.93852252e-05 9.87704504e-05 1.48155676e-04
 1.97540901e-04 2.46926126e-04 2.96311351e-04 3.45696576e-04
 3.95081801e-04 4.44467027e-04]",18626666.666666668,10
5864.6513313166315,2928.5246730050435,10.077590368985824,-10591.143936530025,0.0036851596157597526,8.0,0.42000000000000004,4250.0,0.0005656855707106963,"[0.00000000e+00 5.63417539e-05 1.12683508e-04 1.69025262e-04
 2.25367016e-04 2.81708770e-04 3.38050524e-04 3.94392278e-04
 4.50734031e-04 5.07075785e-04]",16298333.333333336,10
6304.011973011895,2958.881309015983,9.60397639989042,-11023.833379908428,0.0035505592939103475,9.0,0.42000000000000004,4200.0,0.0006363962670495333,"[0.00000000e+00 6.32741699e-05 1.26548340e-04 1.89822510e-04
 2.53096680e-04 3.16370849e-04 3.79645019e-04 4.42919189e-04
 5.06193359e-04 5.69467529e-04]",14487407.407407409,10
6715.088582770011,2965.535083551512,9.275764224809308,-11395.09116804129,0.00344302041782143,10.0,0.42000000000000004,4200.0,0.0007071069633883705,"[0.00000000e+00 7.01826396e-05 1.40365279e-04 2.10547919e-04
 2.80730558e-04 3.50913198e-04 4.21095838e-04 4.91278477e-04
 5.61461117e-04 6.31643757e-04]",13038666.666666668,10
7101.739774898128,2966.5479005790285,8.657206009371771,-11718.436880058689,0.0033431460809901265,11.0,0.42000000000000004,4200.0,0.0007738693467336682,"[0.00000000e+00 7.70673280e-05 1.54134656e-04 2.31201984e-04
 3.08269312e-04 3.85336640e-04 4.62403968e-04 5.39471296e-04
 6.16538624e-04 6.93605952e-04]",11853333.333333334,10
7464.6794706462615,2939.953963980904,8.361651847247167,-11998.861783474778,0.0032514255844020056,12.0,0.42000000000000004,4200.0,0.0008442211055276381,"[0.00000000e+00 8.39283982e-05 1.67856796e-04 2.51785195e-04
 3.35713593e-04 4.19641991e-04 5.03570389e-04 5.87498787e-04
 6.71427186e-04 7.55355584e-04]",10865555.555555558,10
7808.052166399911,2902.0593119949635,7.92206197756738,-12240.410996655337,0.0031659761522413897,13.0,0.42000000000000004,4200.0,0.000914572864321608,"[0.00000000e+00 9.07660117e-05 1.81532023e-04 2.72298035e-04
 3.63064047e-04 4.53830058e-04 5.44596070e-04 6.35362082e-04
 7.26128094e-04 8.16894105e-04]",10029743.589743592,10
8135.847298903274,2856.2421827059065,7.556435076468428,-12455.840434604077,0.0030858509503409676,14.0,0.42000000000000004,4200.0,0.0009849246231155779,"[0.00000000e+00 9.75803283e-05 1.95160657e-04 2.92740985e-04
 3.90321313e-04 4.87901642e-04 5.85481970e-04 6.83062298e-04
 7.80642627e-04 8.78222955e-04]",9313333.333333334,10
8446.138938518017,2803.2163197984855,7.216176242153927,-12642.222948331357,0.003011185849123436,15.0,0.42000000000000004,4200.0,0.0010552763819095476,"[0.         0.00010437 0.00020874 0.00031311 0.00041749 0.00052186
 0.00062623 0.0007306  0.00083497 0.00093934]",8692444.444444446,10
8743.731097907275,2761.548203944374,7.014381301411185,-12812.937517564693,0.0029287146679196404,16.0,0.42000000000000004,4150.0,0.0011198851399856424,"[0.         0.00011114 0.00022228 0.00033342 0.00044456 0.0005557
 0.00066684 0.00077798 0.00088912 0.00100026]",8149166.666666668,10
9025.985765740745,2700.4319186576913,6.693217874954392,-12956.935767816612,0.0028635980151451067,17.0,0.42000000000000004,4150.0,0.001189877961234745,"[0.         0.00011789 0.00023577 0.00035366 0.00047154 0.00058943
 0.00070731 0.0008252  0.00094308 0.00106097]",7669803.921568629,10
9297.241580583073,2637.226067170436,6.538302728218206,-13085.175321263909,0.00280179421146758,18.0,0.42000000000000004,4150.0,0.0012598707824838476,"[0.         0.00012461 0.00024922 0.00037382 0.00049843 0.00062304
 0.00074765 0.00087225 0.00099686 0.00112147]",7243703.703703704,10
9558.008302283595,2572.7553361813148,6.264687688766821,-13199.56817359908,0.0027430972917296815,19.0,0.42000000000000004,4150.0,0.0013298636037329505,"[0.         0.00013131 0.00026262 0.00039392 0.00052523 0.00065654
 0.00078785 0.00091916 0.00105046 0.00118177]",6862456.140350877,10
9806.912070559563,2523.470634371553,6.051521199116456,-13292.855030967097,0.002688568879453236,20.0,0.42000000000000004,4150.0,0.0013926776740847092,"[0.         0.00013799 0.00027597 0.00041396 0.00055194 0.00068993
 0.00082791 0.0009659  0.00110389 0.00124187]",6519333.333333334,10
10048.629532841931,2458.615901810156,5.810369065241475,-13384.539235182849,0.0026355877165538583,21.0,0.42000000000000004,4150.0,0.0014623115577889448,"[0.         0.00014464 0.00028928 0.00043392 0.00057857 0.00072321
 0.00086785 0.00101249 0.00115713 0.00130177]",6208888.888888889,10
10284.486772195922,2394.65926282539,5.553996282462358,-13469.69224233515,0.0025848510441466256,22.0,0.42000000000000004,4150.0,0.00153194544149318,"[0.         0.00015127 0.00030255 0.00045382 0.0006051  0.00075637
 0.00090765 0.00105892 0.0012102  0.00136147]",5926666.666666667,10
10508.677208414192,2330.4022720061157,5.47345944970868,-13535.858127680258,0.0025373438731615353,23.0,0.42000000000000004,4150.0,0.0016015793251974155,"[0.         0.00015789 0.00031577 0.00047366 0.00063155 0.00078943
 0.00094732 0.0011052  0.00126309 0.00142098]",5668985.507246378,10
10727.26878966611,2267.6496456986206,5.232454269843881,-13601.712760014037,0.0024907850586912456,24.0,0.42000000000000004,4150.0,0.001671213208901651,"[0.         0.00016448 0.00032895 0.00049343 0.0006579  0.00082238
 0.00098686 0.00115133 0.00131581 0.00148029]",5432777.777777779,10
10936.090760046987,2221.9503537262385,5.038373083228407,-13652.69800368524,0.00244781790921734,25.0,0.42000000000000004,4150.0,0.0017318736539842065,"[0.         0.00017104 0.00034209 0.00051313 0.00068418 0.00085522
 0.00102627 0.00119731 0.00136835 0.0015394 ]",5215466.666666668,10
11138.704812916849,2161.2593064995804,5.003794396975387,-13699.347349849377,0.002406998755459624,26.0,0.42000000000000004,4150.0,0.0018011486001435748,"[0.         0.00017759 0.00035518 0.00053277 0.00071036 0.00088795
 0.00106555 0.00124314 0.00142073 0.00159832]",5014871.794871796,10
11341.987755734583,2103.469034760892,4.767432913104465,-13747.927240317913,0.002365424700157286,27.0,0.42000000000000004,4150.0,0.0018704235463029432,"[0.         0.00018412 0.00036823 0.00055235 0.00073647 0.00092058
 0.0011047  0.00128881 0.00147293 0.00165705]",4829135.802469136,10
11529.467250623014,2045.2122553412707,4.638408075394167,-13773.938896408865,0.0023199001738402098,28.0,0.42000000000000004,4100.0,0.0019396984924623117,"[0.         0.00019062 0.00038124 0.00057186 0.00076248 0.0009531
 0.00114372 0.00133434 0.00152496 0.00171558]",4656666.666666667,10
11718.005309481156,2006.0419298716556,4.48713185579693,-13812.54182949043,0.002282277733794201,29.0,0.42000000000000004,4100.0,0.001998564249820531,"[0.         0.0001971  0.00039421 0.00059131 0.00078841 0.00098552
 0.00118262 0.00137972 0.00157683 0.00177393]",4496091.954022989,10
11894.27295094474,1950.9875310326668,4.437225699521485,-13827.067975470229,0.0022489572497542357,30.0,0.42000000000000004,4100.0,0.002067480258435032,"[0.         0.00020357 0.00040713 0.0006107  0.00081426 0.00101783
 0.00122139 0.00142496 0.00162852 0.00183209]",4346222.222222223,10
0.0,0.0,0.0,-2.628212131370674,0.005037581304952693,0.0,0.46,4300.0,0.0,"[0. 0. 0. 0. 0. 0. 0. 0. 0. 0. 0. 0. 0. 0. 0. 0. 0. 0. 0. 0. 0. 0. 0. 0.
 0. 0. 0. 0. 0. 0. 0. 0. 0. 0. 0. 0. 0. 0. 0. 0. 0. 0. 0. 0. 0. 0. 0. 0.
 0. 0. 0. 0. 0. 0. 0. 0. 0. 0. 0. 0. 0. 0. 0. 0. 0. 0. 0. 0. 0. 0. 0. 0.
 0. 0. 0. 0. 0. 0. 0. 0. 0. 0. 0. 0. 0. 0. 0. 0. 0. 0. 0. 0. 0. 0. 0. 0.
 0. 0. 0. 0. 0. 0. 0. 0. 0. 0. 0. 0. 0. 0. 0. 0. 0. 0. 0. 0. 0. 0. 0. 0.
 0. 0. 0. 0. 0. 0. 0. 0. 0. 0. 0. 0. 0. 0. 0. 0. 0. 0. 0. 0. 0. 0. 0. 0.
 0. 0. 0. 0. 0. 0. 0. 0. 0. 0. 0. 0. 0. 0. 0. 0. 0. 0. 0. 0. 0. 0. 0. 0.
 0. 0. 0. 0. 0. 0. 0. 0. 0. 0. 0. 0. 0. 0. 0. 0. 0. 0. 0. 0. 0. 0. 0. 0.
 0. 0. 0. 0. 0. 0. 0. 0.]",,10
1145.6785321742714,914.1994069392849,11.445065847877391,-2954.6771392563314,0.004725625624392611,1.0,0.46,4300.0,7.142857142857142e-05,"[0.00000000e+00 7.13013233e-06 1.42602647e-05 2.13903970e-05
 2.85205293e-05 3.56506616e-05 4.27807940e-05 4.99109263e-05
 5.70410586e-05 6.41711910e-05]",130386666.66666669,10
2037.6598568343434,1508.593942526911,12.621613890425945,-4889.2182853005215,0.004472665399773698,2.0,0.46,4300.0,0.00014285714285714284,"[0.00000000e+00 1.42349355e-05 2.84698711e-05 4.27048066e-05
 5.69397422e-05 7.11746777e-05 8.54096132e-05 9.96445488e-05
 1.13879484e-04 1.28114420e-04]",65193333.33333334,10
2790.5538369357196,1927.1379073527264,12.464107257221974,-6298.7746997874565,0.004259755389092297,3.0,0.46,4300.0,0.00021320890165111268,"[0.00000000e+00 2.13145889e-05 4.26291779e-05 6.39437668e-05
 8.52583558e-05 1.06572945e-04 1.27887534e-04 1.49202123e-04
 1.70516712e-04 1.91831301e-04]",43462222.22222223,10
3448.7002125973063,2223.3570854184627,11.964735295646964,-7387.140202962357,0.004054341096523738,4.0,0.46,4250.0,0.0002842785355348169,"[0.0000000e+00 2.8369270e-05 5.6738540e-05 8.5107810e-05 1.1347708e-04
 1.4184635e-04 1.7021562e-04 1.9858489e-04 2.2695416e-04 2.5532343e-04]",32596666.66666667,10
4036.949193251601,2433.9029635769616,11.37680625112589,-8259.608207504309,0.003894784040064338,5.0,0.46,4250.0,0.00035534816941852116,"[0.00000000e+00 3.53991542e-05 7.07983084e-05 1.06197463e-04
 1.41596617e-04 1.76995771e-04 2.12394925e-04 2.47794079e-04
 2.83193234e-04 3.18592388e-04]",26077333.333333336,10
4569.479826244934,2579.9725417850614,10.80314177113724,-8974.456303280363,0.0037530794030776905,6.0,0.46,4250.0,0.00042641780330222536,"[0.00000000e+00 4.24044153e-05 8.48088306e-05 1.27213246e-04
 1.69617661e-04 2.12022077e-04 2.54426492e-04 2.96830907e-04
 3.39235322e-04 3.81639738e-04]",21731111.111111116,10
5057.917478338494,2686.2120975903536,10.178326325914286,-9574.721138183195,0.003625089446393825,7.0,0.46,4250.0,0.0004949748743718593,"[0.00000000e+00 4.93852252e-05 9.87704504e-05 1.48155676e-04
 1.97540901e-04 2.46926126e-04 2.96311351e-04 3.45696576e-04
 3.95081801e-04 4.44467027e-04]",18626666.666666668,10
5509.078230123509,2747.1485130265874,9.657384770574009,-10083.078683246538,0.0035092996566840366,8.0,0.46,4250.0,0.0005656855707106963,"[0.00000000e+00 5.63417539e-05 1.12683508e-04 1.69025262e-04
 2.25367016e-04 2.81708770e-04 3.38050524e-04 3.94392278e-04
 4.50734031e-04 5.07075785e-04]",16298333.333333336,10
5927.175360141874,2777.8755219885206,9.20888041082151,-10517.338485954395,0.0033878774895210444,9.0,0.46,4200.0,0.0006363962670495333,"[0.00000000e+00 6.32741699e-05 1.26548340e-04 1.89822510e-04
 2.53096680e-04 3.16370849e-04 3.79645019e-04 4.42919189e-04
 5.06193359e-04 5.69467529e-04]",14487407.407407409,10
6318.949315630813,2786.1431932349415,8.89452980409176,-10893.403217235369,0.003291814260002676,10.0,0.46,4200.0,0.0007071069633883705,"[0.00000000e+00 7.01826396e-05 1.40365279e-04 2.10547919e-04
 2.80730558e-04 3.50913198e-04 4.21095838e-04 4.91278477e-04
 5.61461117e-04 6.31643757e-04]",13038666.666666668,10
6687.984146069652,2789.0287935114334,8.316675641009777,-11223.864994240561,0.0032023441302910273,11.0,0.46,4200.0,0.0007738693467336682,"[0.00000000e+00 7.70673280e-05 1.54134656e-04 2.31201984e-04
 3.08269312e-04 3.85336640e-04 4.62403968e-04 5.39471296e-04
 6.16538624e-04 6.93605952e-04]",11853333.333333334,10
7034.845270064486,2765.7805616916917,8.06665145097271,-11513.231426333696,0.0031199494427643316,12.0,0.46,4200.0,0.0008442211055276381,"[0.00000000e+00 8.39283982e-05 1.67856796e-04 2.51785195e-04
 3.35713593e-04 4.19641991e-04 5.03570389e-04 5.87498787e-04
 6.71427186e-04 7.55355584e-04]",10865555.555555558,10
7363.417456894206,2731.6813103700633,7.652449292797134,-11764.981695363924,0.0030429939524144627,13.0,0.46,4200.0,0.000914572864321608,"[0.00000000e+00 9.07660117e-05 1.81532023e-04 2.72298035e-04
 3.63064047e-04 4.53830058e-04 5.44596070e-04 6.35362082e-04
 7.26128094e-04 8.16894105e-04]",10029743.589743592,10
7677.454137050942,2690.044671445481,7.283798443193502,-11991.569874519024,0.0029706506671003945,14.0,0.46,4200.0,0.0009849246231155779,"[0.00000000e+00 9.75803283e-05 1.95160657e-04 2.92740985e-04
 3.90321313e-04 4.87901642e-04 5.85481970e-04 6.83062298e-04
 7.80642627e-04 8.78222955e-04]",9313333.333333334,10
7975.045862711286,2641.3969275877066,6.983456257109495,-12189.918243352578,0.0029030871139699627,15.0,0.46,4200.0,0.0010552763819095476,"[0.         0.00010437 0.00020874 0.00031311 0.00041749 0.00052186
 0.00062623 0.0007306  0.00083497 0.00093934]",8692444.444444446,10
8260.737943679103,2603.408221733829,6.784519559337774,-12373.027931445184,0.002839015563477984,16.0,0.46,4200.0,0.0011198851399856424,"[0.         0.00011114 0.00022228 0.00033342 0.00044456 0.0005557
 0.00066684 0.00077798 0.00088912 0.00100026]",8149166.666666668,10
8531.981059561776,2546.8652479746893,6.481530184644839,-12529.674011371615,0.0027794151145751583,17.0,0.46,4200.0,0.001189877961234745,"[0.         0.00011789 0.00023577 0.00035366 0.00047154 0.00058943
 0.00070731 0.0008252  0.00094308 0.00106097]",7669803.921568629,10
8792.901644290918,2488.2380380373397,6.335049884551844,-12671.142932129194,0.0027117289761481385,18.0,0.46,4150.0,0.0012598707824838476,"[0.         0.00012461 0.00024922 0.00037382 0.00049843 0.00062304
 0.00074765 0.00087225 0.00099686 0.00112147]",7243703.703703704,10
9043.97091081574,2428.3076687330527,6.08503085033249,-12798.534387195738,0.002658183777277893,19.0,0.46,4150.0,0.0013298636037329505,"[0.         0.00013131 0.00026262 0.00039392 0.00052523 0.00065654
 0.00078785 0.00091916 0.00105046 0.00118177]",6862456.140350877,10
9283.746914572812,2382.624420478513,5.865745790335334,-12905.327710273457,0.0026083527434680753,20.0,0.46,4150.0,0.0013926776740847092,"[0.         0.00013799 0.00027597 0.00041396 0.00055194 0.00068993
 0.00082791 0.0009659  0.00110389 0.00124187]",6519333.333333334,10
9516.864652793332,2322.1301043451986,5.656372808402905,-13010.754448682455,0.0025598439424634064,21.0,0.46,4150.0,0.0014623115577889448,"[0.         0.00014464 0.00028928 0.00043392 0.00057857 0.00072321
 0.00086785 0.00101249 0.00115713 0.00130177]",6208888.888888889,10
9744.471504175946,2262.4047546366883,5.394444906726387,-13109.063094676574,0.0025133206740329843,22.0,0.46,4150.0,0.00153194544149318,"[0.         0.00015127 0.00030255 0.00045382 0.0006051  0.00075637
 0.00090765 0.00105892 0.0012102  0.00136147]",5926666.666666667,10
9961.00262809691,2202.309552576911,5.3108386421785205,-13188.570789115322,0.0024696731419957467,23.0,0.46,4150.0,0.0016015793251974155,"[0.         0.00015789 0.00031577 0.00047366 0.00063155 0.00078943
 0.00094732 0.0011052  0.00126309 0.00142098]",5668985.507246378,10
10172.324448809059,2143.577523997339,5.08439673121989,-13268.016260751363,0.002426832839848584,24.0,0.46,4150.0,0.001671213208901651,"[0.         0.00016448 0.00032895 0.00049343 0.0006579  0.00082238
 0.00098686 0.00115133 0.00131581 0.00148029]",5432777.777777779,10
10374.230569361309,2100.8948670196023,4.915846906974965,-13331.805437342242,0.0023872433537809054,25.0,0.46,4150.0,0.0017318736539842065,"[0.         0.00017104 0.00034209 0.00051313 0.00068418 0.00085522
 0.00102627 0.00119731 0.00136835 0.0015394 ]",5215466.666666668,10
10570.282594630897,2043.963728981726,4.886238030393627,-13391.571503769941,0.0023495623899098196,26.0,0.46,4150.0,0.0018011486001435748,"[0.         0.00017759 0.00035518 0.00053277 0.00071036 0.00088795
 0.00106555 0.00124314 0.00142073 0.00159832]",5014871.794871796,10
10767.182656048626,1989.704811185619,4.635691671496328,-13452.68609793151,0.002311139683612466,27.0,0.46,4150.0,0.0018704235463029432,"[0.         0.00018412 0.00036823 0.00055235 0.00073647 0.00092058
 0.0011047  0.00128881 0.00147293 0.00165705]",4829135.802469136,10
10948.878950721357,1934.9405865924336,4.534979379986923,-13491.696765788707,0.0022765718486978505,28.0,0.46,4150.0,0.0019396984924623117,"[0.         0.00019062 0.00038124 0.00057186 0.00076248 0.0009531
 0.00114372 0.00133434 0.00152496 0.00171558]",4656666.666666667,10
11131.671835354071,1898.2589876400077,4.371464505311241,-13542.616721083323,0.002241498338447195,29.0,0.46,4150.0,0.001998564249820531,"[0.         0.0001971  0.00039421 0.00059131 0.00078841 0.00098552
 0.00118262 0.00137972 0.00157683 0.00177393]",4496091.954022989,10
11302.640707473325,1846.4211978690626,4.350238887244382,-13569.62220535311,0.0022103618914405755,30.0,0.46,4150.0,0.002067480258435032,"[0.         0.00020357 0.00040713 0.0006107  0.00081426 0.00101783
 0.00122139 0.00142496 0.00162852 0.00183209]",4346222.222222223,10
0.0,0.0,0.0,-2.628212131370674,0.004642534253806646,0.0,0.5,4300.0,0.0,"[0. 0. 0. 0. 0. 0. 0. 0. 0. 0. 0. 0. 0. 0. 0. 0. 0. 0. 0. 0. 0. 0. 0. 0.
 0. 0. 0. 0. 0. 0. 0. 0. 0. 0. 0. 0. 0. 0. 0. 0. 0. 0. 0. 0. 0. 0. 0. 0.
 0. 0. 0. 0. 0. 0. 0. 0. 0. 0. 0. 0. 0. 0. 0. 0. 0. 0. 0. 0. 0. 0. 0. 0.
 0. 0. 0. 0. 0. 0. 0. 0. 0. 0. 0. 0. 0. 0. 0. 0. 0. 0. 0. 0. 0. 0. 0. 0.
 0. 0. 0. 0. 0. 0. 0. 0. 0. 0. 0. 0. 0. 0. 0. 0. 0. 0. 0. 0. 0. 0. 0. 0.
 0. 0. 0. 0. 0. 0. 0. 0. 0. 0. 0. 0. 0. 0. 0. 0. 0. 0. 0. 0. 0. 0. 0. 0.
 0. 0. 0. 0. 0. 0. 0. 0. 0. 0. 0. 0. 0. 0. 0. 0. 0. 0. 0. 0. 0. 0. 0. 0.
 0. 0. 0. 0. 0. 0. 0. 0. 0. 0. 0. 0. 0. 0. 0. 0. 0. 0. 0. 0. 0. 0. 0. 0.
 0. 0. 0. 0. 0. 0. 0. 0.]",,10
1059.087074278818,844.8272971077296,10.630506394689789,-2737.5066142776486,0.004377624944884977,1.0,0.5,4300.0,7.142857142857142e-05,"[0.00000000e+00 7.13013233e-06 1.42602647e-05 2.13903970e-05
 2.85205293e-05 3.56506616e-05 4.27807940e-05 4.99109263e-05
 5.70410586e-05 6.41711910e-05]",130386666.66666669,10
1887.9783373863881,1396.976861207834,11.793866774145878,-4548.88709008279,0.004161393501631048,2.0,0.5,4300.0,0.00014285714285714284,"[0.00000000e+00 1.42349355e-05 2.84698711e-05 4.27048066e-05
 5.69397422e-05 7.11746777e-05 8.54096132e-05 9.96445488e-05
 1.13879484e-04 1.28114420e-04]",65193333.33333334,10
2590.4644954870378,1787.5737613709457,11.697821033800151,-5881.8555005327435,0.003978355849483109,3.0,0.5,4300.0,0.00021320890165111268,"[0.00000000e+00 2.13145889e-05 4.26291779e-05 6.39437668e-05
 8.52583558e-05 1.06572945e-04 1.27887534e-04 1.49202123e-04
 1.70516712e-04 1.91831301e-04]",43462222.22222223,10
3206.556631776052,2065.300454050208,11.277690874972597,-6920.5469570789355,0.003798851877312038,4.0,0.5,4250.0,0.0002842785355348169,"[0.0000000e+00 2.8369270e-05 5.6738540e-05 8.5107810e-05 1.1347708e-04
 1.4184635e-04 1.7021562e-04 1.9858489e-04 2.2695416e-04 2.5532343e-04]",32596666.66666667,10
3758.737321592404,2263.6880051315693,10.756197014898657,-7760.799853278375,0.003660389296713354,5.0,0.5,4250.0,0.00035534816941852116,"[0.00000000e+00 3.53991542e-05 7.07983084e-05 1.06197463e-04
 1.41596617e-04 1.76995771e-04 2.12394925e-04 2.47794079e-04
 2.83193234e-04 3.18592388e-04]",26077333.333333336,10
4259.806855962162,2402.1709989317137,10.238504958371308,-8455.175894157997,0.0035369092735888976,6.0,0.5,4250.0,0.00042641780330222536,"[0.00000000e+00 4.24044153e-05 8.48088306e-05 1.27213246e-04
 1.69617661e-04 2.12022077e-04 2.54426492e-04 2.96830907e-04
 3.39235322e-04 3.81639738e-04]",21731111.111111116,10
4720.359752638074,2503.5590382517553,9.679672419564776,-9043.180302008397,0.0034249602179764827,7.0,0.5,4250.0,0.0004949748743718593,"[0.00000000e+00 4.93852252e-05 9.87704504e-05 1.48155676e-04
 1.97540901e-04 2.46926126e-04 2.96311351e-04 3.45696576e-04
 3.95081801e-04 4.44467027e-04]",18626666.666666668,10
5146.573436280979,2562.6292694883036,9.20333722909819,-9545.261556676589,0.003323319511403901,8.0,0.5,4250.0,0.0005656855707106963,"[0.00000000e+00 5.63417539e-05 1.12683508e-04 1.69025262e-04
 2.25367016e-04 2.81708770e-04 3.38050524e-04 3.94392278e-04
 4.50734031e-04 5.07075785e-04]",16298333.333333336,10
5542.235999922032,2593.390195602117,8.803511483130606,-9977.775410171853,0.003230440282091342,9.0,0.5,4250.0,0.0006363962670495333,"[0.00000000e+00 6.32741699e-05 1.26548340e-04 1.89822510e-04
 2.53096680e-04 3.16370849e-04 3.79645019e-04 4.42919189e-04
 5.06193359e-04 5.69467529e-04]",14487407.407407409,10
5913.5595352173195,2602.995489806795,8.480049887984961,-10355.15515863322,0.003129975840197641,10.0,0.5,4200.0,0.0007071069633883705,"[0.00000000e+00 7.01826396e-05 1.40365279e-04 2.10547919e-04
 2.80730558e-04 3.50913198e-04 4.21095838e-04 4.91278477e-04
 5.61461117e-04 6.31643757e-04]",13038666.666666668,10
6263.8484353673875,2607.502579945095,7.955151626404119,-10689.715959797519,0.0030507363059499317,11.0,0.5,4200.0,0.0007738693467336682,"[0.00000000e+00 7.70673280e-05 1.54134656e-04 2.31201984e-04
 3.08269312e-04 3.85336640e-04 4.62403968e-04 5.39471296e-04
 6.16538624e-04 6.93605952e-04]",11853333.333333334,10
6593.5377751493,2587.4163862810083,7.746844748834445,-10985.246378585682,0.00297755845564781,12.0,0.5,4200.0,0.0008442211055276381,"[0.00000000e+00 8.39283982e-05 1.67856796e-04 2.51785195e-04
 3.35713593e-04 4.19641991e-04 5.03570389e-04 5.87498787e-04
 6.71427186e-04 7.55355584e-04]",10865555.555555558,10
6906.242767451551,2556.9735414517218,7.356559377159777,-11244.671830868123,0.0029090370957674445,13.0,0.5,4200.0,0.000914572864321608,"[0.00000000e+00 9.07660117e-05 1.81532023e-04 2.72298035e-04
 3.63064047e-04 4.53830058e-04 5.44596070e-04 6.35362082e-04
 7.26128094e-04 8.16894105e-04]",10029743.589743592,10
7205.477484868271,2519.407825157684,7.003489582514678,-11480.083372616064,0.0028444574297389015,14.0,0.5,4200.0,0.0009849246231155779,"[0.00000000e+00 9.75803283e-05 1.95160657e-04 2.92740985e-04
 3.90321313e-04 4.87901642e-04 5.85481970e-04 6.83062298e-04
 7.80642627e-04 8.78222955e-04]",9313333.333333334,10
7489.364068941156,2475.0666063975445,6.7200779221755145,-11688.26169464716,0.002784008320323605,15.0,0.5,4200.0,0.0010552763819095476,"[0.         0.00010437 0.00020874 0.00031311 0.00041749 0.00052186
 0.00062623 0.0007306  0.00083497 0.00093934]",8692444.444444446,10
7762.1710101449335,2440.6766648897815,6.526851045640214,-11881.822537111337,0.002726557875693338,16.0,0.5,4200.0,0.0011198851399856424,"[0.         0.00011114 0.00022228 0.00033342 0.00044456 0.0005557
 0.00066684 0.00077798 0.00088912 0.00100026]",8149166.666666668,10
8021.4532985068445,2388.6863741647876,6.249866389127187,-12049.4016144841,0.002672993787855704,17.0,0.5,4200.0,0.001189877961234745,"[0.         0.00011789 0.00023577 0.00035366 0.00047154 0.00058943
 0.00070731 0.0008252  0.00094308 0.00106097]",7669803.921568629,10
8271.11111238391,2334.6307715891876,6.107282352378448,-12202.460717649017,0.0026219368867639835,18.0,0.5,4200.0,0.0012598707824838476,"[0.         0.00012461 0.00024922 0.00037382 0.00049843 0.00062304
 0.00074765 0.00087225 0.00099686 0.00112147]",7243703.703703704,10
8511.588267710622,2279.2569843382025,5.87821849668938,-12341.441544967238,0.002573299670432365,19.0,0.5,4200.0,0.0013298636037329505,"[0.         0.00013131 0.00026262 0.00039392 0.00052523 0.00065654
 0.00078785 0.00091916 0.00105046 0.00118177]",6862456.140350877,10
8741.370206686792,2237.2277479685094,5.671268176150686,-12460.160374088387,0.002527936461529462,20.0,0.5,4200.0,0.0013926776740847092,"[0.         0.00013799 0.00027597 0.00041396 0.00055194 0.00068993
 0.00082791 0.0009659  0.00110389 0.00124187]",6519333.333333334,10
8965.042045810604,2181.1453021509046,5.468031127764841,-12578.02360166535,0.0024736551073828534,21.0,0.5,4150.0,0.0014623115577889448,"[0.         0.00014464 0.00028928 0.00043392 0.00057857 0.00072321
 0.00086785 0.00101249 0.00115713 0.00130177]",6208888.888888889,10
9183.564669990763,2125.6914070333446,5.2418994653130495,-12688.320232895094,0.0024314647589456016,22.0,0.5,4150.0,0.00153194544149318,"[0.         0.00015127 0.00030255 0.00045382 0.0006051  0.00075637
 0.00090765 0.00105892 0.0012102  0.00136147]",5926666.666666667,10
9391.636103555225,2069.7825695221622,5.151117875850875,-12780.150687615562,0.002391803276374488,23.0,0.5,4150.0,0.0016015793251974155,"[0.         0.00015789 0.00031577 0.00047366 0.00063155 0.00078943
 0.00094732 0.0011052  0.00126309 0.00142098]",5668985.507246378,10
9594.903678761018,2015.1049444118082,4.944974047786914,-12872.198037788934,0.0023528151626810725,24.0,0.5,4150.0,0.001671213208901651,"[0.         0.00016448 0.00032895 0.00049343 0.0006579  0.00082238
 0.00098686 0.00115133 0.00131581 0.00148029]",5432777.777777779,10
9789.150835837978,1975.4907872983079,4.791649400808579,-12947.967954961896,0.0023167347527560016,25.0,0.5,4150.0,0.0017318736539842065,"[0.         0.00017104 0.00034209 0.00051313 0.00068418 0.00085522
 0.00102627 0.00119731 0.00136835 0.0015394 ]",5215466.666666668,10
9977.913129279947,1922.3767761932108,4.735409220034776,-13020.072042271546,0.0022823266344781175,26.0,0.5,4150.0,0.0018011486001435748,"[0.         0.00017759 0.00035518 0.00053277 0.00071036 0.00088795
 0.00106555 0.00124314 0.00142073 0.00159832]",5014871.794871796,10
10167.683591369145,1871.7740719942715,4.496126345403739,-13093.012631389764,0.002247200261981154,27.0,0.5,4150.0,0.0018704235463029432,"[0.         0.00018412 0.00036823 0.00055235 0.00073647 0.00092058
 0.0011047  0.00128881 0.00147293 0.00165705]",4829135.802469136,10
10342.919454669052,1820.55913198719,4.421606307125794,-13144.549597588419,0.0022155337308273526,28.0,0.5,4150.0,0.0019396984924623117,"[0.         0.00019062 0.00038124 0.00057186 0.00076248 0.0009531
 0.00114372 0.00133434 0.00152496 0.00171558]",4656666.666666667,10
10519.27287019272,1786.4092014818245,4.246358164066728,-13207.371382458681,0.0021833891570261256,29.0,0.5,4150.0,0.001998564249820531,"[0.         0.0001971  0.00039421 0.00059131 0.00078841 0.00098552
 0.00118262 0.00137972 0.00157683 0.00177393]",4496091.954022989,10
10684.300833695897,1737.8802609834627,4.247414379881336,-13246.583303341424,0.002154787375419916,30.0,0.5,4150.0,0.002067480258435032,"[0.         0.00020357 0.00040713 0.0006107  0.00081426 0.00101783
 0.00122139 0.00142496 0.00162852 0.00183209]",4346222.222222223,10
0.0,0.0,0.0,-2.628212131370674,0.004251273459585516,0.0,0.54,4300.0,0.0,"[0. 0. 0. 0. 0. 0. 0. 0. 0. 0. 0. 0. 0. 0. 0. 0. 0. 0. 0. 0. 0. 0. 0. 0.
 0. 0. 0. 0. 0. 0. 0. 0. 0. 0. 0. 0. 0. 0. 0. 0. 0. 0. 0. 0. 0. 0. 0. 0.
 0. 0. 0. 0. 0. 0. 0. 0. 0. 0. 0. 0. 0. 0. 0. 0. 0. 0. 0. 0. 0. 0. 0. 0.
 0. 0. 0. 0. 0. 0. 0. 0. 0. 0. 0. 0. 0. 0. 0. 0. 0. 0. 0. 0. 0. 0. 0. 0.
 0. 0. 0. 0. 0. 0. 0. 0. 0. 0. 0. 0. 0. 0. 0. 0. 0. 0. 0. 0. 0. 0. 0. 0.
 0. 0. 0. 0. 0. 0. 0. 0. 0. 0. 0. 0. 0. 0. 0. 0. 0. 0. 0. 0. 0. 0. 0. 0.
 0. 0. 0. 0. 0. 0. 0. 0. 0. 0. 0. 0. 0. 0. 0. 0. 0. 0. 0. 0. 0. 0. 0. 0.
 0. 0. 0. 0. 0. 0. 0. 0. 0. 0. 0. 0. 0. 0. 0. 0. 0. 0. 0. 0. 0. 0. 0. 0.
 0. 0. 0. 0. 0. 0. 0. 0.]",,10
972.7768187627235,775.7232895028966,9.811239021599397,-2520.0101778190874,0.004029173820199176,1.0,0.54,4300.0,7.142857142857142e-05,"[0.00000000e+00 7.13013233e-06 1.42602647e-05 2.13903970e-05
 2.85205293e-05 3.56506616e-05 4.27807940e-05 4.99109263e-05
 5.70410586e-05 6.41711910e-05]",130386666.66666669,10
1738.05979224557,1285.2990472346899,10.948154419143945,-4204.845241695002,0.0038467144009425775,2.0,0.54,4300.0,0.00014285714285714284,"[0.00000000e+00 1.42349355e-05 2.84698711e-05 4.27048066e-05
 5.69397422e-05 7.11746777e-05 8.54096132e-05 9.96445488e-05
 1.13879484e-04 1.28114420e-04]",65193333.33333334,10
2389.251945151552,1647.4167917006482,10.909287638926918,-5456.7882271833805,0.003691398207074196,3.0,0.54,4300.0,0.00021320890165111268,"[0.00000000e+00 2.13145889e-05 4.26291779e-05 6.39437668e-05
 8.52583558e-05 1.06572945e-04 1.27887534e-04 1.49202123e-04
 1.70516712e-04 1.91831301e-04]",43462222.22222223,10
2962.2196302019656,1906.0692046571392,10.565373845558753,-6441.06250321932,0.0035561557919068405,4.0,0.54,4300.0,0.0002842785355348169,"[0.0000000e+00 2.8369270e-05 5.6738540e-05 8.5107810e-05 1.1347708e-04
 1.4184635e-04 1.7021562e-04 1.9858489e-04 2.2695416e-04 2.5532343e-04]",32596666.66666667,10
3477.16281084057,2091.728173523466,10.104974627493156,-7244.3676494445535,0.003417709957347909,5.0,0.54,4250.0,0.00035534816941852116,"[0.00000000e+00 3.53991542e-05 7.07983084e-05 1.06197463e-04
 1.41596617e-04 1.76995771e-04 2.12394925e-04 2.47794079e-04
 2.83193234e-04 3.18592388e-04]",26077333.333333336,10
3945.555258943697,2222.098357442586,9.646368070905526,-7913.717993744969,0.003311526216378192,6.0,0.54,4250.0,0.00042641780330222536,"[0.00000000e+00 4.24044153e-05 8.48088306e-05 1.27213246e-04
 1.69617661e-04 2.12022077e-04 2.54426492e-04 2.96830907e-04
 3.39235322e-04 3.81639738e-04]",21731111.111111116,10
4376.989364651189,2318.1562796002327,9.139457160913363,-8485.120794724127,0.00321489867094108,7.0,0.54,4250.0,0.0004949748743718593,"[0.00000000e+00 4.93852252e-05 9.87704504e-05 1.48155676e-04
 1.97540901e-04 2.46926126e-04 2.96311351e-04 3.45696576e-04
 3.95081801e-04 4.44467027e-04]",18626666.666666668,10
4777.017429838755,2374.9496847899013,8.706892791672727,-8976.855741779997,0.0031268562174811333,8.0,0.54,4250.0,0.0005656855707106963,"[0.00000000e+00 5.63417539e-05 1.12683508e-04 1.69025262e-04
 2.25367016e-04 2.81708770e-04 3.38050524e-04 3.94392278e-04
 4.50734031e-04 5.07075785e-04]",16298333.333333336,10
5149.027031914224,2405.394480866861,8.361005474962125,-9403.846910144537,0.003046138131886994,9.0,0.54,4250.0,0.0006363962670495333,"[0.00000000e+00 6.32741699e-05 1.26548340e-04 1.89822510e-04
 2.53096680e-04 3.16370849e-04 3.79645019e-04 4.42919189e-04
 5.06193359e-04 5.69467529e-04]",14487407.407407409,10
5498.699496374769,2416.0692563327193,8.046272749755795,-9779.360814441825,0.002971517739280457,10.0,0.54,4250.0,0.0007071069633883705,"[0.00000000e+00 7.01826396e-05 1.40365279e-04 2.10547919e-04
 2.80730558e-04 3.50913198e-04 4.21095838e-04 4.91278477e-04
 5.61461117e-04 6.31643757e-04]",13038666.666666668,10
5829.060951136699,2421.91319705936,7.570500526174956,-10114.397907860606,0.002901639857418056,11.0,0.54,4250.0,0.0007738693467336682,"[0.00000000e+00 7.70673280e-05 1.54134656e-04 2.31201984e-04
 3.08269312e-04 3.85336640e-04 4.62403968e-04 5.39471296e-04
 6.16538624e-04 6.93605952e-04]",11853333.333333334,10
6140.423221663584,2404.790099331616,7.400362729840047,-10412.91151121875,0.002823618014848016,12.0,0.54,4200.0,0.0008442211055276381,"[0.00000000e+00 8.39283982e-05 1.67856796e-04 2.51785195e-04
 3.35713593e-04 4.19641991e-04 5.03570389e-04 5.87498787e-04
 6.71427186e-04 7.55355584e-04]",10865555.555555558,10
6436.13434874005,2377.8942493947684,7.03329036018007,-10677.179770274844,0.0027634109199619074,13.0,0.54,4200.0,0.000914572864321608,"[0.00000000e+00 9.07660117e-05 1.81532023e-04 2.72298035e-04
 3.63064047e-04 4.53830058e-04 5.44596070e-04 6.35362082e-04
 7.26128094e-04 8.16894105e-04]",10029743.589743592,10
6719.457288684326,2344.2324086747467,6.711073044410501,-10918.765554367368,0.0027065209253817387,14.0,0.54,4200.0,0.0009849246231155779,"[0.00000000e+00 9.75803283e-05 1.95160657e-04 2.92740985e-04
 3.90321313e-04 4.87901642e-04 5.85481970e-04 6.83062298e-04
 7.80642627e-04 8.78222955e-04]",9313333.333333334,10
6988.5607849044645,2304.114395964374,6.428886731495372,-11134.325446585513,0.002653147950886975,15.0,0.54,4200.0,0.0010552763819095476,"[0.         0.00010437 0.00020874 0.00031311 0.00041749 0.00052186
 0.00062623 0.0007306  0.00083497 0.00093934]",8692444.444444446,10
7247.431454998518,2273.2350693619705,6.25486811717255,-11336.0234683378,0.0026023102169090966,16.0,0.54,4200.0,0.0011198851399856424,"[0.         0.00011114 0.00022228 0.00033342 0.00044456 0.0005557
 0.00066684 0.00077798 0.00088912 0.00100026]",8149166.666666668,10
7493.737894651102,2225.7664646390276,6.00222674199041,-11512.4562505067,0.0025548011971754897,17.0,0.54,4200.0,0.001189877961234745,"[0.         0.00011789 0.00023577 0.00035366 0.00047154 0.00058943
 0.00070731 0.0008252  0.00094308 0.00106097]",7669803.921568629,10
7731.139325364731,2176.2819028807708,5.868201732633283,-11675.168561373692,0.0025094223133679417,18.0,0.54,4200.0,0.0012598707824838476,"[0.         0.00012461 0.00024922 0.00037382 0.00049843 0.00062304
 0.00074765 0.00087225 0.00099686 0.00112147]",7243703.703703704,10
7960.048153487718,2125.5149321715658,5.662920262907867,-11824.226739588368,0.00246610389763586,19.0,0.54,4200.0,0.0013298636037329505,"[0.         0.00013131 0.00026262 0.00039392 0.00052523 0.00065654
 0.00078785 0.00091916 0.00105046 0.00118177]",6862456.140350877,10
8178.903988036147,2087.0738559425695,5.45485580467849,-11953.477680506541,0.0024256276293294922,20.0,0.54,4200.0,0.0013926776740847092,"[0.         0.00013799 0.00027597 0.00041396 0.00055194 0.00068993
 0.00082791 0.0009659  0.00110389 0.00124187]",6519333.333333334,10
8392.200392389557,2035.4338268054335,5.266587759141282,-12081.72150757305,0.002386049891244846,21.0,0.54,4200.0,0.0014623115577889448,"[0.         0.00014464 0.00028928 0.00043392 0.00057857 0.00072321
 0.00086785 0.00101249 0.00115713 0.00130177]",6208888.888888889,10
8600.731908313152,1984.3070491245498,5.050276009213603,-12202.47443212304,0.002348017213977604,22.0,0.54,4200.0,0.00153194544149318,"[0.         0.00015127 0.00030255 0.00045382 0.0006051  0.00075637
 0.00090765 0.00105892 0.0012102  0.00136147]",5926666.666666667,10
8799.471676256218,1932.673853108231,4.959598421680667,-12305.272397481487,0.0023026542369127814,23.0,0.54,4150.0,0.0016015793251974155,"[0.         0.00015789 0.00031577 0.00047366 0.00063155 0.00078943
 0.00094732 0.0011052  0.00126309 0.00142098]",5668985.507246378,10
8993.818350106312,1882.1244630959256,4.783976604275425,-12408.647455166523,0.0022676272500724566,24.0,0.54,4150.0,0.001671213208901651,"[0.         0.00016448 0.00032895 0.00049343 0.0006579  0.00082238
 0.00098686 0.00115133 0.00131581 0.00148029]",5432777.777777779,10
9179.583263281575,1845.61071871862,4.634653988028076,-12495.31072142435,0.0022351654236840946,25.0,0.54,4150.0,0.0017318736539842065,"[0.         0.00017104 0.00034209 0.00051313 0.00068418 0.00085522
 0.00102627 0.00119731 0.00136835 0.0015394 ]",5215466.666666668,10
9360.257385163985,1796.3670945405997,4.553784327005288,-12578.70054950432,0.002204146827802102,26.0,0.54,4150.0,0.0018011486001435748,"[0.         0.00017759 0.00035518 0.00053277 0.00071036 0.00088795
 0.00106555 0.00124314 0.00142073 0.00159832]",5014871.794871796,10
9542.07764624868,1749.4493719732848,4.350469184261372,-12662.50011843026,0.002172442129853855,27.0,0.54,4150.0,0.0018704235463029432,"[0.         0.00018412 0.00036823 0.00055235 0.00073647 0.00092058
 0.0011047  0.00128881 0.00147293 0.00165705]",4829135.802469136,10
9710.097536381605,1701.919442566171,4.300128849433397,-12725.724306649332,0.0021438000146666793,28.0,0.54,4150.0,0.0019396984924623117,"[0.         0.00019062 0.00038124 0.00057186 0.00076248 0.0009531
 0.00114372 0.00133434 0.00152496 0.00171558]",4656666.666666667,10
9879.246118523117,1670.3389960299805,4.108752936337109,-12799.577511464377,0.002114712710177653,29.0,0.54,4150.0,0.001998564249820531,"[0.         0.0001971  0.00039421 0.00059131 0.00078841 0.00098552
 0.00118262 0.00137972 0.00157683 0.00177393]",4496091.954022989,10
10037.62789684046,1625.1909241733513,4.13249436720053,-12850.307428282315,0.00208876814382579,30.0,0.54,4150.0,0.002067480258435032,"[0.         0.00020357 0.00040713 0.0006107  0.00081426 0.00101783
 0.00122139 0.00142496 0.00162852 0.00183209]",4346222.222222223,10
0.0,0.0,0.0,-2.628212131370674,0.0038637184734260917,0.0,0.5800000000000001,4300.0,0.0,"[0. 0. 0. 0. 0. 0. 0. 0. 0. 0. 0. 0. 0. 0. 0. 0. 0. 0. 0. 0. 0. 0. 0. 0.
 0. 0. 0. 0. 0. 0. 0. 0. 0. 0. 0. 0. 0. 0. 0. 0. 0. 0. 0. 0. 0. 0. 0. 0.
 0. 0. 0. 0. 0. 0. 0. 0. 0. 0. 0. 0. 0. 0. 0. 0. 0. 0. 0. 0. 0. 0. 0. 0.
 0. 0. 0. 0. 0. 0. 0. 0. 0. 0. 0. 0. 0. 0. 0. 0. 0. 0. 0. 0. 0. 0. 0. 0.
 0. 0. 0. 0. 0. 0. 0. 0. 0. 0. 0. 0. 0. 0. 0. 0. 0. 0. 0. 0. 0. 0. 0. 0.
 0. 0. 0. 0. 0. 0. 0. 0. 0. 0. 0. 0. 0. 0. 0. 0. 0. 0. 0. 0. 0. 0. 0. 0.
 0. 0. 0. 0. 0. 0. 0. 0. 0. 0. 0. 0. 0. 0. 0. 0. 0. 0. 0. 0. 0. 0. 0. 0.
 0. 0. 0. 0. 0. 0. 0. 0. 0. 0. 0. 0. 0. 0. 0. 0. 0. 0. 0. 0. 0. 0. 0. 0.
 0. 0. 0. 0. 0. 0. 0. 0.]",,10
886.7434724690324,706.8836771304982,8.9876105453178,-2302.209552712302,0.003680306389013843,1.0,0.5800000000000001,4300.0,7.142857142857142e-05,"[0.00000000e+00 7.13013233e-06 1.42602647e-05 2.13903970e-05
 2.85205293e-05 3.56506616e-05 4.27807940e-05 4.99109263e-05
 5.70410586e-05 6.41711910e-05]",130386666.66666669,10
1587.9106406777842,1173.5683975050028,10.08466874471056,-3857.1525177795265,0.003528678741601554,2.0,0.5800000000000001,4300.0,0.00014285714285714284,"[0.00000000e+00 1.42349355e-05 2.84698711e-05 4.27048066e-05
 5.69397422e-05 7.11746777e-05 8.54096132e-05 9.96445488e-05
 1.13879484e-04 1.28114420e-04]",65193333.33333334,10
2186.9254595749803,1506.6799704209814,10.098357575648663,-5023.617052748945,0.0033988985976698455,3.0,0.5800000000000001,4300.0,0.00021320890165111268,"[0.00000000e+00 2.13145889e-05 4.26291779e-05 6.39437668e-05
 8.52583558e-05 1.06572945e-04 1.27887534e-04 1.49202123e-04
 1.70516712e-04 1.91831301e-04]",43462222.22222223,10
2715.690856757685,1745.6758922678662,9.822578454858288,-5948.872843273341,0.0032853383459908454,4.0,0.5800000000000001,4300.0,0.0002842785355348169,"[0.0000000e+00 2.8369270e-05 5.6738540e-05 8.5107810e-05 1.1347708e-04
 1.4184635e-04 1.7021562e-04 1.9858489e-04 2.2695416e-04 2.5532343e-04]",32596666.66666667,10
3192.2124950297907,1918.036611089242,9.428024302600491,-6710.142864036628,0.003166629936785088,5.0,0.5800000000000001,4250.0,0.00035534816941852116,"[0.00000000e+00 3.53991542e-05 7.07983084e-05 1.06197463e-04
 1.41596617e-04 1.76995771e-04 2.12394925e-04 2.47794079e-04
 2.83193234e-04 3.18592388e-04]",26077333.333333336,10
3626.688954173113,2039.7650635743623,9.023208794702187,-7349.731608735172,0.0030767329140805435,6.0,0.5800000000000001,4250.0,0.00042641780330222536,"[0.00000000e+00 4.24044153e-05 8.48088306e-05 1.27213246e-04
 1.69617661e-04 2.12022077e-04 2.54426492e-04 2.96830907e-04
 3.39235322e-04 3.81639738e-04]",21731111.111111116,10
4027.7370505069675,2130.006234342559,8.583137486322284,-7899.9694571903165,0.002994623728798847,7.0,0.5800000000000001,4250.0,0.0004949748743718593,"[0.00000000e+00 4.93852252e-05 9.87704504e-05 1.48155676e-04
 1.97540901e-04 2.46926126e-04 2.96311351e-04 3.45696576e-04
 3.95081801e-04 4.44467027e-04]",18626666.666666668,10
4400.303954620119,2184.1016197021127,8.178625217206454,-8377.034831564073,0.002919545436808222,8.0,0.5800000000000001,4250.0,0.0005656855707106963,"[0.00000000e+00 5.63417539e-05 1.12683508e-04 1.69025262e-04
 2.25367016e-04 2.81708770e-04 3.38050524e-04 3.94392278e-04
 4.50734031e-04 5.07075785e-04]",16298333.333333336,10
4747.392042263167,2213.868549080566,7.872537492049999,-8794.425517118718,0.0028504872189196616,9.0,0.5800000000000001,4250.0,0.0006363962670495333,"[0.00000000e+00 6.32741699e-05 1.26548340e-04 1.89822510e-04
 2.53096680e-04 3.16370849e-04 3.79645019e-04 4.42919189e-04
 5.06193359e-04 5.69467529e-04]",14487407.407407409,10
5074.16060210313,2225.333122378327,7.59485356503939,-9164.230459400322,0.0027864504208166747,10.0,0.5800000000000001,4250.0,0.0007071069633883705,"[0.00000000e+00 7.01826396e-05 1.40365279e-04 2.10547919e-04
 2.80730558e-04 3.50913198e-04 4.21095838e-04 4.91278477e-04
 5.61461117e-04 6.31643757e-04]",13038666.666666668,10
5383.3543871534575,2232.213844081459,7.162810805487939,-9496.451330954093,0.0027263118444951925,11.0,0.5800000000000001,4250.0,0.0007738693467336682,"[0.00000000e+00 7.70673280e-05 1.54134656e-04 2.31201984e-04
 3.08269312e-04 3.85336640e-04 4.62403968e-04 5.39471296e-04
 6.16538624e-04 6.93605952e-04]",11853333.333333334,10
5675.176274290675,2217.840329107408,7.0286835419514055,-9794.370349992969,0.002670462425107924,12.0,0.5800000000000001,4250.0,0.0008442211055276381,"[0.00000000e+00 8.39283982e-05 1.67856796e-04 2.51785195e-04
 3.35713593e-04 4.19641991e-04 5.03570389e-04 5.87498787e-04
 6.71427186e-04 7.55355584e-04]",10865555.555555558,10
5952.699708321591,2194.3403257300274,6.6807123262039285,-10060.152340524037,0.0026179232899365573,13.0,0.5800000000000001,4250.0,0.000914572864321608,"[0.00000000e+00 9.07660117e-05 1.81532023e-04 2.72298035e-04
 3.63064047e-04 4.53830058e-04 5.44596070e-04 6.35362082e-04
 7.26128094e-04 8.16894105e-04]",10029743.589743592,10
6218.937834120621,2164.437044731463,6.389119855155438,-10304.923033577557,0.002556055328468205,14.0,0.5800000000000001,4200.0,0.0009849246231155779,"[0.00000000e+00 9.75803283e-05 1.95160657e-04 2.92740985e-04
 3.90321313e-04 4.87901642e-04 5.85481970e-04 6.83062298e-04
 7.80642627e-04 8.78222955e-04]",9313333.333333334,10
6472.11257999998,2128.503568928495,6.109636994083885,-10525.079326586223,0.0025096617817480242,15.0,0.5800000000000001,4200.0,0.0010552763819095476,"[0.         0.00010437 0.00020874 0.00031311 0.00041749 0.00052186
 0.00062623 0.0007306  0.00083497 0.00093934]",8692444.444444446,10
6715.919102270399,2100.974687923015,5.966667335013443,-10732.2591103913,0.0024653730785508866,16.0,0.5800000000000001,4200.0,0.0011198851399856424,"[0.         0.00011114 0.00022228 0.00033342 0.00044456 0.0005557
 0.00066684 0.00077798 0.00088912 0.00100026]",8149166.666666668,10
6948.158011404594,2057.988630893416,5.731054646685544,-10915.13421409676,0.002423886522089208,17.0,0.5800000000000001,4200.0,0.001189877961234745,"[0.         0.00011789 0.00023577 0.00035366 0.00047154 0.00058943
 0.00070731 0.0008252  0.00094308 0.00106097]",7669803.921568629,10
7172.2289620528845,2013.1147835974302,5.602435073315069,-11085.197905801819,0.002384177391217476,18.0,0.5800000000000001,4200.0,0.0012598707824838476,"[0.         0.00012461 0.00024922 0.00037382 0.00049843 0.00062304
 0.00074765 0.00087225 0.00099686 0.00112147]",7243703.703703704,10
7388.521920663481,1966.905935685017,5.416019806724909,-11242.185191055716,0.0023461907524880677,19.0,0.5800000000000001,4200.0,0.0013298636037329505,"[0.         0.00013131 0.00026262 0.00039392 0.00052523 0.00065654
 0.00078785 0.00091916 0.00105046 0.00118177]",6862456.140350877,10
7595.437743733274,1932.0176657319632,5.227789126008492,-11380.00047331366,0.0023106312873934997,20.0,0.5800000000000001,4200.0,0.0013926776740847092,"[0.         0.00013799 0.00027597 0.00041396 0.00055194 0.00068993
 0.00082791 0.0009659  0.00110389 0.00124187]",6519333.333333334,10
7797.360567164363,1884.8484761907735,5.0417110187819905,-11516.80236972987,0.0022757890149679503,21.0,0.5800000000000001,4200.0,0.0014623115577889448,"[0.         0.00014464 0.00028928 0.00043392 0.00057857 0.00072321
 0.00086785 0.00101249 0.00115713 0.00130177]",6208888.888888889,10
7994.912062240723,1838.085693184699,4.8520428439824945,-11646.276124968426,0.002242252429818336,22.0,0.5800000000000001,4200.0,0.00153194544149318,"[0.         0.00015127 0.00030255 0.00045382 0.0006051  0.00075637
 0.00090765 0.00105892 0.0012102  0.00136147]",5926666.666666667,10
8183.365587982714,1790.7791996355968,4.748872599306144,-11758.922728572703,0.0022105750060485247,23.0,0.5800000000000001,4200.0,0.0016015793251974155,"[0.         0.00015789 0.00031577 0.00047366 0.00063155 0.00078943
 0.00094732 0.0011052  0.00126309 0.00142098]",5668985.507246378,10
8367.842980327741,1744.427846508868,4.582594970582684,-11871.481873046716,0.002179345364011152,24.0,0.5800000000000001,4200.0,0.001671213208901651,"[0.         0.00016448 0.00032895 0.00049343 0.0006579  0.00082238
 0.00098686 0.00115133 0.00131581 0.00148029]",5432777.777777779,10
8544.223474270957,1711.0271192715843,4.44173156775878,-11967.813787917628,0.002150366815931034,25.0,0.5800000000000001,4200.0,0.0017318736539842065,"[0.         0.00017104 0.00034209 0.00051313 0.00068418 0.00085522
 0.00102627 0.00119731 0.00136835 0.0015394 ]",5215466.666666668,10
8715.929107575343,1665.765333902505,4.372203842011121,-12060.858685196981,0.0021226240960735424,26.0,0.5800000000000001,4200.0,0.0018011486001435748,"[0.         0.00017759 0.00035518 0.00053277 0.00071036 0.00088795
 0.00106555 0.00124314 0.00142073 0.00159832]",5014871.794871796,10
8888.899625903003,1622.6281965155333,4.207270874819425,-12154.226708104565,0.002085575011401075,27.0,0.5800000000000001,4150.0,0.0018704235463029432,"[0.         0.00018412 0.00036823 0.00055235 0.00073647 0.00092058
 0.0011047  0.00128881 0.00147293 0.00165705]",4829135.802469136,10
9048.862495685506,1578.8063789402527,4.14532613857654,-12227.99239878857,0.0020600603630485815,28.0,0.5800000000000001,4150.0,0.0019396984924623117,"[0.         0.00019062 0.00038124 0.00057186 0.00076248 0.0009531
 0.00114372 0.00133434 0.00152496 0.00171558]",4656666.666666667,10
9209.956782851692,1549.8450564309953,3.96023742173612,-12311.725500755769,0.0020341351595301394,29.0,0.5800000000000001,4150.0,0.001998564249820531,"[0.         0.0001971  0.00039421 0.00059131 0.00078841 0.00098552
 0.00118262 0.00137972 0.00157683 0.00177393]",4496091.954022989,10
9360.903480412335,1508.1917032336075,3.990315703883293,-12372.994215437466,0.0020109543860974527,30.0,0.5800000000000001,4150.0,0.002067480258435032,"[0.         0.00020357 0.00040713 0.0006107  0.00081426 0.00101783
 0.00122139 0.00142496 0.00162852 0.00183209]",4346222.222222223,10
0.0,0.0,0.0,-2.628212131370674,0.0034797915478382607,0.0,0.62,4300.0,0.0,"[0. 0. 0. 0. 0. 0. 0. 0. 0. 0. 0. 0. 0. 0. 0. 0. 0. 0. 0. 0. 0. 0. 0. 0.
 0. 0. 0. 0. 0. 0. 0. 0. 0. 0. 0. 0. 0. 0. 0. 0. 0. 0. 0. 0. 0. 0. 0. 0.
 0. 0. 0. 0. 0. 0. 0. 0. 0. 0. 0. 0. 0. 0. 0. 0. 0. 0. 0. 0. 0. 0. 0. 0.
 0. 0. 0. 0. 0. 0. 0. 0. 0. 0. 0. 0. 0. 0. 0. 0. 0. 0. 0. 0. 0. 0. 0. 0.
 0. 0. 0. 0. 0. 0. 0. 0. 0. 0. 0. 0. 0. 0. 0. 0. 0. 0. 0. 0. 0. 0. 0. 0.
 0. 0. 0. 0. 0. 0. 0. 0. 0. 0. 0. 0. 0. 0. 0. 0. 0. 0. 0. 0. 0. 0. 0. 0.
 0. 0. 0. 0. 0. 0. 0. 0. 0. 0. 0. 0. 0. 0. 0. 0. 0. 0. 0. 0. 0. 0. 0. 0.
 0. 0. 0. 0. 0. 0. 0. 0. 0. 0. 0. 0. 0. 0. 0. 0. 0. 0. 0. 0. 0. 0. 0. 0.
 0. 0. 0. 0. 0. 0. 0. 0.]",,10
800.9860659386056,638.3081309452162,8.157994866577509,-2084.125812499813,0.0033310559992573235,1.0,0.62,4300.0,7.142857142857142e-05,"[0.00000000e+00 7.13013233e-06 1.42602647e-05 2.13903970e-05
 2.85205293e-05 3.56506616e-05 4.27807940e-05 4.99109263e-05
 5.70410586e-05 6.41711910e-05]",130386666.66666669,10
1437.5379070199492,1061.7919525430634,9.209218569950597,-3505.869214102655,0.003207337899215362,2.0,0.62,4300.0,0.00014285714285714284,"[0.00000000e+00 1.42349355e-05 2.84698711e-05 4.27048066e-05
 5.69397422e-05 7.11746777e-05 8.54096132e-05 9.96445488e-05
 1.13879484e-04 1.28114420e-04]",65193333.33333334,10
1983.4993963050138,1365.3854830598884,9.264635692473625,-4582.39067714136,0.0031008764123182674,3.0,0.62,4300.0,0.00021320890165111268,"[0.00000000e+00 2.13145889e-05 4.26291779e-05 6.39437668e-05
 8.52583558e-05 1.06572945e-04 1.27887534e-04 1.49202123e-04
 1.70516712e-04 1.91831301e-04]",43462222.22222223,10
2466.9800112624616,1584.1490401510018,9.049495322382432,-5443.733649928676,0.0030072727250525237,4.0,0.62,4300.0,0.0002842785355348169,"[0.0000000e+00 2.8369270e-05 5.6738540e-05 8.5107810e-05 1.1347708e-04
 1.4184635e-04 1.7021562e-04 1.9858489e-04 2.2695416e-04 2.5532343e-04]",32596666.66666667,10
2903.8801828466326,1742.6384106035441,8.715158779204625,-6158.029878368907,0.0029235649329052184,5.0,0.62,4300.0,0.00035534816941852116,"[0.00000000e+00 3.53991542e-05 7.07983084e-05 1.06197463e-04
 1.41596617e-04 1.76995771e-04 2.12394925e-04 2.47794079e-04
 2.83193234e-04 3.18592388e-04]",26077333.333333336,10
3303.1793229066216,1855.1920913220251,8.363951770122322,-6762.88211227725,0.0028323375683049277,6.0,0.62,4250.0,0.00042641780330222536,"[0.00000000e+00 4.24044153e-05 8.48088306e-05 1.27213246e-04
 1.69617661e-04 2.12022077e-04 2.54426492e-04 2.96830907e-04
 3.39235322e-04 3.81639738e-04]",21731111.111111116,10
3672.542150058596,1939.121004974165,7.987914376799522,-7287.169230326188,0.0027638581421585463,7.0,0.62,4250.0,0.0004949748743718593,"[0.00000000e+00 4.93852252e-05 9.87704504e-05 1.48155676e-04
 1.97540901e-04 2.46926126e-04 2.96311351e-04 3.45696576e-04
 3.95081801e-04 4.44467027e-04]",18626666.666666668,10
4016.335362628554,1990.0875832912905,7.6410847078046595,-7744.988495935388,0.002701023166590948,8.0,0.62,4250.0,0.0005656855707106963,"[0.00000000e+00 5.63417539e-05 1.12683508e-04 1.69025262e-04
 2.25367016e-04 2.81708770e-04 3.38050524e-04 3.94392278e-04
 4.50734031e-04 5.07075785e-04]",16298333.333333336,10
4337.18552124492,2018.803274391852,7.345132865433246,-8148.4168959401795,0.0026430385974799127,9.0,0.62,4250.0,0.0006363962670495333,"[0.00000000e+00 6.32741699e-05 1.26548340e-04 1.89822510e-04
 2.53096680e-04 3.16370849e-04 3.79645019e-04 4.42919189e-04
 5.06193359e-04 5.69467529e-04]",14487407.407407409,10
4639.746869349584,2030.7398932553458,7.122042063626564,-8508.36279174,0.0025891061900670076,10.0,0.62,4250.0,0.0007071069633883705,"[0.00000000e+00 7.01826396e-05 1.40365279e-04 2.10547919e-04
 2.80730558e-04 3.50913198e-04 4.21095838e-04 4.91278477e-04
 5.61461117e-04 6.31643757e-04]",13038666.666666668,10
4926.474034097342,2038.407622689247,6.729542406591937,-8833.819667248965,0.0025383126835045768,11.0,0.62,4250.0,0.0007738693467336682,"[0.00000000e+00 7.70673280e-05 1.54134656e-04 2.31201984e-04
 3.08269312e-04 3.85336640e-04 4.62403968e-04 5.39471296e-04
 6.16538624e-04 6.93605952e-04]",11853333.333333334,10
5197.483920849476,2026.5236387636767,6.616127603071974,-9127.548296198933,0.0024910078881448137,12.0,0.62,4250.0,0.0008442211055276381,"[0.00000000e+00 8.39283982e-05 1.67856796e-04 2.51785195e-04
 3.35713593e-04 4.19641991e-04 5.03570389e-04 5.87498787e-04
 6.71427186e-04 7.55355584e-04]",10865555.555555558,10
5455.563031733155,2006.2371382043198,6.296052795223528,-9391.681969415971,0.002446391677033887,13.0,0.62,4250.0,0.000914572864321608,"[0.00000000e+00 9.07660117e-05 1.81532023e-04 2.72298035e-04
 3.63064047e-04 4.53830058e-04 5.44596070e-04 6.35362082e-04
 7.26128094e-04 8.16894105e-04]",10029743.589743592,10
5703.468768184649,1979.9463719614248,6.033020680859381,-9636.066946996718,0.002404013113024062,14.0,0.62,4250.0,0.0009849246231155779,"[0.00000000e+00 9.75803283e-05 1.95160657e-04 2.92740985e-04
 3.90321313e-04 4.87901642e-04 5.85481970e-04 6.83062298e-04
 7.80642627e-04 8.78222955e-04]",9313333.333333334,10
5939.496072663066,1948.0948450916255,5.7698398926841845,-9857.450143526425,0.0023640869835062288,15.0,0.62,4250.0,0.0010552763819095476,"[0.         0.00010437 0.00020874 0.00031311 0.00041749 0.00052186
 0.00062623 0.0007306  0.00083497 0.00093934]",8692444.444444446,10
6167.039026733199,1923.8009346172507,5.6438523464085915,-10067.045616145064,0.002314797602067982,16.0,0.62,4200.0,0.0011198851399856424,"[0.         0.00011114 0.00022228 0.00033342 0.00044456 0.0005557
 0.00066684 0.00077798 0.00088912 0.00100026]",8149166.666666668,10
6384.041589796776,1885.3142275425303,5.422402330244688,-10253.584274563917,0.0022792425968173064,17.0,0.62,4200.0,0.001189877961234745,"[0.         0.00011789 0.00023577 0.00035366 0.00047154 0.00058943
 0.00070731 0.0008252  0.00094308 0.00106097]",7669803.921568629,10
6593.634441292685,1844.9516276296629,5.299219112965833,-10428.331056025803,0.002245138668767063,18.0,0.62,4200.0,0.0012598707824838476,"[0.         0.00012461 0.00024922 0.00037382 0.00049843 0.00062304
 0.00074765 0.00087225 0.00099686 0.00112147]",7243703.703703704,10
6796.177717248289,1803.2915571148264,5.130799049056406,-10590.725832760436,0.0022124443804344106,19.0,0.62,4200.0,0.0013298636037329505,"[0.         0.00013131 0.00026262 0.00039392 0.00052523 0.00065654
 0.00078785 0.00091916 0.00105046 0.00118177]",6862456.140350877,10
6990.06193207603,1771.9429092150172,4.966750915618781,-10734.780798127067,0.002181782007458819,20.0,0.62,4200.0,0.0013926776740847092,"[0.         0.00013799 0.00027597 0.00041396 0.00055194 0.00068993
 0.00082791 0.0009659  0.00110389 0.00124187]",6519333.333333334,10
7179.5194203669125,1729.2798094347256,4.80243013927726,-10877.890891411866,0.002151674738083477,21.0,0.62,4200.0,0.0014623115577889448,"[0.         0.00014464 0.00028928 0.00043392 0.00057857 0.00072321
 0.00086785 0.00101249 0.00115713 0.00130177]",6208888.888888889,10
7365.016403034142,1686.9154470621609,4.621584901617064,-11013.93961342187,0.0021226474374902698,22.0,0.62,4200.0,0.00153194544149318,"[0.         0.00015127 0.00030255 0.00045382 0.0006051  0.00075637
 0.00090765 0.00105892 0.0012102  0.00136147]",5926666.666666667,10
7542.144203706794,1643.9704414248536,4.5349740530952465,-11134.411408560969,0.0020951713860234127,23.0,0.62,4200.0,0.0016015793251974155,"[0.         0.00015789 0.00031577 0.00047366 0.00063155 0.00078943
 0.00094732 0.0011052  0.00126309 0.00142098]",5668985.507246378,10
7715.7177719915535,1601.850757459036,4.378065325312865,-11254.286248715725,0.0020680384657291175,24.0,0.62,4200.0,0.001671213208901651,"[0.         0.00016448 0.00032895 0.00049343 0.0006579  0.00082238
 0.00098686 0.00115133 0.00131581 0.00148029]",5432777.777777779,10
7881.722839000943,1571.6240761953632,4.262712813573906,-11358.849586197633,0.0020428237739976186,25.0,0.62,4200.0,0.0017318736539842065,"[0.         0.00017104 0.00034209 0.00051313 0.00068418 0.00085522
 0.00102627 0.00119731 0.00136835 0.0015394 ]",5215466.666666668,10
8043.490878926685,1530.378736628915,4.193579957532559,-11459.600163415373,0.0020186333756955378,26.0,0.62,4200.0,0.0018011486001435748,"[0.         0.00017759 0.00035518 0.00053277 0.00071036 0.00088795
 0.00106555 0.00124314 0.00142073 0.00159832]",5014871.794871796,10
8206.616201940884,1491.1002022465693,4.035924620312792,-11561.434108199239,0.0019938549649950333,27.0,0.62,4200.0,0.0018704235463029432,"[0.         0.00018412 0.00036823 0.00055235 0.00073647 0.00092058
 0.0011047  0.00128881 0.00147293 0.00165705]",4829135.802469136,10
8357.597272686216,1451.1266227949393,3.9496843358355878,-11644.112082500607,0.0019713485625762646,28.0,0.62,4200.0,0.0019396984924623117,"[0.         0.00019062 0.00038124 0.00057186 0.00076248 0.0009531
 0.00114372 0.00133434 0.00152496 0.00171558]",4656666.666666667,10
8509.698771403453,1424.80585388176,3.805150216470489,-11735.744079407013,0.0019485069600380755,29.0,0.62,4200.0,0.001998564249820531,"[0.         0.0001971  0.00039421 0.00059131 0.00078841 0.00098552
 0.00118262 0.00137972 0.00157683 0.00177393]",4496091.954022989,10
8652.337105522513,1386.7165649986061,3.8072677110198634,-11806.225480283058,0.0019280029258856774,30.0,0.62,4200.0,0.002067480258435032,"[0.         0.00020357 0.00040713 0.0006107  0.00081426 0.00101783
 0.00122139 0.00142496 0.00162852 0.00183209]",4346222.222222223,10
0.0,0.0,0.0,-2.628212131370674,0.0030994174986891014,0.0,0.66,4300.0,0.0,"[0. 0. 0. 0. 0. 0. 0. 0. 0. 0. 0. 0. 0. 0. 0. 0. 0. 0. 0. 0. 0. 0. 0. 0.
 0. 0. 0. 0. 0. 0. 0. 0. 0. 0. 0. 0. 0. 0. 0. 0. 0. 0. 0. 0. 0. 0. 0. 0.
 0. 0. 0. 0. 0. 0. 0. 0. 0. 0. 0. 0. 0. 0. 0. 0. 0. 0. 0. 0. 0. 0. 0. 0.
 0. 0. 0. 0. 0. 0. 0. 0. 0. 0. 0. 0. 0. 0. 0. 0. 0. 0. 0. 0. 0. 0. 0. 0.
 0. 0. 0. 0. 0. 0. 0. 0. 0. 0. 0. 0. 0. 0. 0. 0. 0. 0. 0. 0. 0. 0. 0. 0.
 0. 0. 0. 0. 0. 0. 0. 0. 0. 0. 0. 0. 0. 0. 0. 0. 0. 0. 0. 0. 0. 0. 0. 0.
 0. 0. 0. 0. 0. 0. 0. 0. 0. 0. 0. 0. 0. 0. 0. 0. 0. 0. 0. 0. 0. 0. 0. 0.
 0. 0. 0. 0. 0. 0. 0. 0. 0. 0. 0. 0. 0. 0. 0. 0. 0. 0. 0. 0. 0. 0. 0. 0.
 0. 0. 0. 0. 0. 0. 0. 0.]",,10
715.5031005617251,569.9957223175027,7.322893694076534,-1865.7796207208012,0.0029814551685420536,1.0,0.66,4300.0,7.142857142857142e-05,"[0.00000000e+00 7.13013233e-06 1.42602647e-05 2.13903970e-05
 2.85205293e-05 3.56506616e-05 4.27807940e-05 4.99109263e-05
 5.70410586e-05 6.41711910e-05]",130386666.66666669,10
1286.9491798129827,949.9805739802845,8.315698230258032,-3151.056217033576,0.0028827439530111467,2.0,0.66,4300.0,0.00014285714285714284,"[0.00000000e+00 1.42349355e-05 2.84698711e-05 4.27048066e-05
 5.69397422e-05 7.11746777e-05 8.54096132e-05 9.96445488e-05
 1.13879484e-04 1.28114420e-04]",65193333.33333334,10
1778.9843091209646,1223.5496906614037,8.408949713599513,-4133.162106095238,0.002797354446175993,3.0,0.66,4300.0,0.00021320890165111268,"[0.00000000e+00 2.13145889e-05 4.26291779e-05 6.39437668e-05
 8.52583558e-05 1.06572945e-04 1.27887534e-04 1.49202123e-04
 1.70516712e-04 1.91831301e-04]",43462222.22222223,10
2216.0949022704435,1421.5077196616587,8.243398549887788,-4925.629983570325,0.0027219240345923473,4.0,0.66,4300.0,0.0002842785355348169,"[0.0000000e+00 2.8369270e-05 5.6738540e-05 8.5107810e-05 1.1347708e-04
 1.4184635e-04 1.7021562e-04 1.9858489e-04 2.2695416e-04 2.5532343e-04]",32596666.66666667,10
2612.1655636767628,1565.562107324017,7.9725391171267805,-5588.003722986941,0.0026541789249432818,5.0,0.66,4300.0,0.00035534816941852116,"[0.00000000e+00 3.53991542e-05 7.07983084e-05 1.06197463e-04
 1.41596617e-04 1.76995771e-04 2.12394925e-04 2.47794079e-04
 2.83193234e-04 3.18592388e-04]",26077333.333333336,10
2975.004874422809,1668.4056197889645,7.680252616242287,-6152.868980956104,0.0025928177548584295,6.0,0.66,4300.0,0.00042641780330222536,"[0.00000000e+00 4.24044153e-05 8.48088306e-05 1.27213246e-04
 1.69617661e-04 2.12022077e-04 2.54426492e-04 2.96830907e-04
 3.39235322e-04 3.81639738e-04]",21731111.111111116,10
3311.3547836350867,1745.5227851538014,7.351316255379461,-6646.18616707249,0.0025223293722763107,7.0,0.66,4250.0,0.0004949748743718593,"[0.00000000e+00 4.93852252e-05 9.87704504e-05 1.48155676e-04
 1.97540901e-04 2.46926126e-04 2.96311351e-04 3.45696576e-04
 3.95081801e-04 4.44467027e-04]",18626666.666666668,10
3625.0246748893474,1792.922182063977,7.052207112675437,-7079.925480756952,0.002470928019345833,8.0,0.66,4250.0,0.0005656855707106963,"[0.00000000e+00 5.63417539e-05 1.12683508e-04 1.69025262e-04
 2.25367016e-04 2.81708770e-04 3.38050524e-04 3.94392278e-04
 4.50734031e-04 5.07075785e-04]",16298333.333333336,10
3918.283047512347,1820.2051414272266,6.803954998535908,-7464.745140226223,0.002423341642341533,9.0,0.66,4250.0,0.0006363962670495333,"[0.00000000e+00 6.32741699e-05 1.26548340e-04 1.89822510e-04
 2.53096680e-04 3.16370849e-04 3.79645019e-04 4.42919189e-04
 5.06193359e-04 5.69467529e-04]",14487407.407407409,10
4195.2770380159245,1832.283898281565,6.600124217688625,-7810.369852239841,0.002378946694480936,10.0,0.66,4250.0,0.0007071069633883705,"[0.00000000e+00 7.01826396e-05 1.40365279e-04 2.10547919e-04
 2.80730558e-04 3.50913198e-04 4.21095838e-04 4.91278477e-04
 5.61461117e-04 6.31643757e-04]",13038666.666666668,10
4458.184813643559,1840.447480591091,6.268322587523948,-8124.7831083826895,0.002337017332529912,11.0,0.66,4250.0,0.0007738693467336682,"[0.00000000e+00 7.70673280e-05 1.54134656e-04 2.31201984e-04
 3.08269312e-04 3.85336640e-04 4.62403968e-04 5.39471296e-04
 6.16538624e-04 6.93605952e-04]",11853333.333333334,10
4707.046384324837,1830.8109400878225,6.149396227899216,-8410.25514608161,0.0022978572466061174,12.0,0.66,4250.0,0.0008442211055276381,"[0.00000000e+00 8.39283982e-05 1.67856796e-04 2.51785195e-04
 3.35713593e-04 4.19641991e-04 5.03570389e-04 5.87498787e-04
 6.71427186e-04 7.55355584e-04]",10865555.555555558,10
4944.358649032,1813.5428942965393,5.877000564347713,-8668.850770575838,0.0022608274739777264,13.0,0.66,4250.0,0.000914572864321608,"[0.00000000e+00 9.07660117e-05 1.81532023e-04 2.72298035e-04
 3.63064047e-04 4.53830058e-04 5.44596070e-04 6.35362082e-04
 7.26128094e-04 8.16894105e-04]",10029743.589743592,10
5172.620571595435,1790.7173070585834,5.6406560027917365,-8909.386066342318,0.0022255630546973836,14.0,0.66,4250.0,0.0009849246231155779,"[0.00000000e+00 9.75803283e-05 1.95160657e-04 2.92740985e-04
 3.90321313e-04 4.87901642e-04 5.85481970e-04 6.83062298e-04
 7.80642627e-04 8.78222955e-04]",9313333.333333334,10
5390.212552400446,1762.8223505078663,5.407857383794611,-9128.721688473132,0.0021922617694276315,15.0,0.66,4250.0,0.0010552763819095476,"[0.         0.00010437 0.00020874 0.00031311 0.00041749 0.00052186
 0.00062623 0.0007306  0.00083497 0.00093934]",8692444.444444446,10
5600.2148225446235,1741.6689350725524,5.2834792251404075,-9337.037305386628,0.002160323673078382,16.0,0.66,4250.0,0.0011198851399856424,"[0.         0.00011114 0.00022228 0.00033342 0.00044456 0.0005557
 0.00066684 0.00077798 0.00088912 0.00100026]",8149166.666666668,10
5800.73362018235,1707.590841647778,5.07928732887526,-9524.04271782106,0.0021302718538696386,17.0,0.66,4250.0,0.001189877961234745,"[0.         0.00011789 0.00023577 0.00035366 0.00047154 0.00058943
 0.00070731 0.0008252  0.00094308 0.00106097]",7669803.921568629,10
5994.614610955678,1671.7016173317677,4.973559186885366,-9700.211364225877,0.002101375479018566,18.0,0.66,4250.0,0.0012598707824838476,"[0.         0.00012461 0.00024922 0.00037382 0.00049843 0.00062304
 0.00074765 0.00087225 0.00099686 0.00112147]",7243703.703703704,10
6182.190624547653,1634.5724981708624,4.819274969795965,-9865.072607480528,0.002063675479712074,19.0,0.66,4200.0,0.0013298636037329505,"[0.         0.00013131 0.00026262 0.00039392 0.00052523 0.00065654
 0.00078785 0.00091916 0.00105046 0.00118177]",6862456.140350877,10
6361.8665954534,1606.791334669774,4.676790532831212,-10012.643924177086,0.0020378330687786145,20.0,0.66,4200.0,0.0013926776740847092,"[0.         0.00013799 0.00027597 0.00041396 0.00055194 0.00068993
 0.00082791 0.0009659  0.00110389 0.00124187]",6519333.333333334,10
6537.679830581478,1568.6320622084518,4.525846204602906,-10159.40631384858,0.002012404233091774,21.0,0.66,4200.0,0.0014623115577889448,"[0.         0.00014464 0.00028928 0.00043392 0.00057857 0.00072321
 0.00086785 0.00101249 0.00115713 0.00130177]",6208888.888888889,10
6709.958272511329,1530.6892942881664,4.371058765259906,-10299.48278800497,0.0019878456938326066,22.0,0.66,4200.0,0.00153194544149318,"[0.         0.00015127 0.00030255 0.00045382 0.0006051  0.00075637
 0.00090765 0.00105892 0.0012102  0.00136147]",5926666.666666667,10
6874.627077392064,1492.15737914675,4.280654860943309,-10425.343534168409,0.0019645501831962913,23.0,0.66,4200.0,0.0016015793251974155,"[0.         0.00015789 0.00031577 0.00047366 0.00063155 0.00078943
 0.00094732 0.0011052  0.00126309 0.00142098]",5668985.507246378,10
7036.16797967228,1454.3336538336823,4.13082193103132,-10550.216656285367,0.0019415064534086452,24.0,0.66,4200.0,0.001671213208901651,"[0.         0.00016448 0.00032895 0.00049343 0.0006579  0.00082238
 0.00098686 0.00115133 0.00131581 0.00148029]",5432777.777777779,10
7190.716219494686,1427.2635616945481,4.034978243740476,-10660.821778339261,0.0019200593073532258,25.0,0.66,4200.0,0.0017318736539842065,"[0.         0.00017104 0.00034209 0.00051313 0.00068418 0.00085522
 0.00102627 0.00119731 0.00136835 0.0015394 ]",5215466.666666668,10
7341.484395714461,1390.1376882639163,3.966665989367743,-10767.255602991587,0.0018994385182310191,26.0,0.66,4200.0,0.0018011486001435748,"[0.         0.00017759 0.00035518 0.00053277 0.00071036 0.00088795
 0.00106555 0.00124314 0.00142073 0.00159832]",5014871.794871796,10
7493.670021912181,1354.7531640764764,3.823205325177937,-10875.517607398659,0.0018782888700631304,27.0,0.66,4200.0,0.0018704235463029432,"[0.         0.00018412 0.00036823 0.00055235 0.00073647 0.00092058
 0.0011047  0.00128881 0.00147293 0.00165705]",4829135.802469136,10
7634.649404628836,1318.6661761127302,3.7541020169756583,-10965.414552142,0.0018590358934081497,28.0,0.66,4200.0,0.0019396984924623117,"[0.         0.00019062 0.00038124 0.00057186 0.00076248 0.0009531
 0.00114372 0.00133434 0.00152496 0.00171558]",4656666.666666667,10
7776.723744581877,1295.0372529461156,3.6117054663349486,-11062.95428130663,0.0018394854946234352,29.0,0.66,4200.0,0.001998564249820531,"[0.         0.0001971  0.00039421 0.00059131 0.00078841 0.00098552
 0.00118262 0.00137972 0.00157683 0.00177393]",4496091.954022989,10
7910.078884012185,1260.613290695951,3.599295344770341,-11140.985972916693,0.0018218901072042041,30.0,0.66,4200.0,0.002067480258435032,"[0.         0.00020357 0.00040713 0.0006107  0.00081426 0.00101783
 0.00122139 0.00142496 0.00162852 0.00183209]",4346222.222222223,10
0.0,0.0,0.0,-2.628212131370674,0.0027225236193639496,0.0,0.7000000000000001,4300.0,0.0,"[0. 0. 0. 0. 0. 0. 0. 0. 0. 0. 0. 0. 0. 0. 0. 0. 0. 0. 0. 0. 0. 0. 0. 0.
 0. 0. 0. 0. 0. 0. 0. 0. 0. 0. 0. 0. 0. 0. 0. 0. 0. 0. 0. 0. 0. 0. 0. 0.
 0. 0. 0. 0. 0. 0. 0. 0. 0. 0. 0. 0. 0. 0. 0. 0. 0. 0. 0. 0. 0. 0. 0. 0.
 0. 0. 0. 0. 0. 0. 0. 0. 0. 0. 0. 0. 0. 0. 0. 0. 0. 0. 0. 0. 0. 0. 0. 0.
 0. 0. 0. 0. 0. 0. 0. 0. 0. 0. 0. 0. 0. 0. 0. 0. 0. 0. 0. 0. 0. 0. 0. 0.
 0. 0. 0. 0. 0. 0. 0. 0. 0. 0. 0. 0. 0. 0. 0. 0. 0. 0. 0. 0. 0. 0. 0. 0.
 0. 0. 0. 0. 0. 0. 0. 0. 0. 0. 0. 0. 0. 0. 0. 0. 0. 0. 0. 0. 0. 0. 0. 0.
 0. 0. 0. 0. 0. 0. 0. 0. 0. 0. 0. 0. 0. 0. 0. 0. 0. 0. 0. 0. 0. 0. 0. 0.
 0. 0. 0. 0. 0. 0. 0. 0.]",,10
630.2914371606713,501.9438340568659,6.482584592206775,-1647.1910105290299,0.0026315357169849505,1.0,0.7000000000000001,4300.0,7.142857142857142e-05,"[0.00000000e+00 7.13013233e-06 1.42602647e-05 2.13903970e-05
 2.85205293e-05 3.56506616e-05 4.27807940e-05 4.99109263e-05
 5.70410586e-05 6.41711910e-05]",130386666.66666669,10
1136.152816373587,838.1440471995472,7.403692618422687,-2792.7748647347908,0.0025549497748255812,2.0,0.7000000000000001,4300.0,0.00014285714285714284,"[0.00000000e+00 1.42349355e-05 2.84698711e-05 4.27048066e-05
 5.69397422e-05 7.11746777e-05 8.54096132e-05 9.96445488e-05
 1.13879484e-04 1.28114420e-04]",65193333.33333334,10
1573.3950707611082,1081.195346324304,7.527712733050507,-3675.989054329795,0.0024883588830615752,3.0,0.7000000000000001,4300.0,0.00021320890165111268,"[0.00000000e+00 2.13145889e-05 4.26291779e-05 6.39437668e-05
 8.52583558e-05 1.06572945e-04 1.27887534e-04 1.49202123e-04
 1.70516712e-04 1.91831301e-04]",43462222.22222223,10
1963.0536521459378,1257.7872655581466,7.40696895908203,-4394.557294496677,0.002429263210815956,4.0,0.7000000000000001,4300.0,0.0002842785355348169,"[0.0000000e+00 2.8369270e-05 5.6738540e-05 8.5107810e-05 1.1347708e-04
 1.4184635e-04 1.7021562e-04 1.9858489e-04 2.2695416e-04 2.5532343e-04]",32596666.66666667,10
2317.074164048804,1386.8389486924723,7.191999593553299,-4999.772154580147,0.0023759652757981316,5.0,0.7000000000000001,4300.0,0.00035534816941852116,"[0.00000000e+00 3.53991542e-05 7.07983084e-05 1.06197463e-04
 1.41596617e-04 1.76995771e-04 2.12394925e-04 2.47794079e-04
 2.83193234e-04 3.18592388e-04]",26077333.333333336,10
2642.153763972037,1479.4407310809743,6.952729192277767,-5519.668933352645,0.0023275024693881403,6.0,0.7000000000000001,4300.0,0.00042641780330222536,"[0.00000000e+00 4.24044153e-05 8.48088306e-05 1.27213246e-04
 1.69617661e-04 2.12022077e-04 2.54426492e-04 2.96830907e-04
 3.39235322e-04 3.81639738e-04]",21731111.111111116,10
2944.137563492516,1549.24524796603,6.6863369691003385,-5976.5643366267905,0.0022827639238120327,7.0,0.7000000000000001,4300.0,0.0004949748743718593,"[0.00000000e+00 4.93852252e-05 9.87704504e-05 1.48155676e-04
 1.97540901e-04 2.46926126e-04 2.96311351e-04 3.45696576e-04
 3.95081801e-04 4.44467027e-04]",18626666.666666668,10
3226.3013226913467,1592.6348709600593,6.420984447456294,-6381.082324584881,0.0022289028601029178,8.0,0.7000000000000001,4250.0,0.0005656855707106963,"[0.00000000e+00 5.63417539e-05 1.12683508e-04 1.69025262e-04
 2.25367016e-04 2.81708770e-04 3.38050524e-04 3.94392278e-04
 4.50734031e-04 5.07075785e-04]",16298333.333333336,10
3490.5737885711196,1618.0985170982494,6.211928207443796,-6742.359824686733,0.0021909468593991634,9.0,0.7000000000000001,4250.0,0.0006363962670495333,"[0.00000000e+00 6.32741699e-05 1.26548340e-04 1.89822510e-04
 2.53096680e-04 3.16370849e-04 3.79645019e-04 4.42919189e-04
 5.06193359e-04 5.69467529e-04]",14487407.407407409,10
3740.5961763671003,1629.9784194481463,6.024192522637103,-7068.883838261041,0.0021554303554151416,10.0,0.7000000000000001,4250.0,0.0007071069633883705,"[0.00000000e+00 7.01826396e-05 1.40365279e-04 2.10547919e-04
 2.80730558e-04 3.50913198e-04 4.21095838e-04 4.91278477e-04
 5.61461117e-04 6.31643757e-04]",13038666.666666668,10
3978.273562121838,1638.327454246753,5.7531220650769095,-7367.633349034753,0.0021217923239707833,11.0,0.7000000000000001,4250.0,0.0007738693467336682,"[0.00000000e+00 7.70673280e-05 1.54134656e-04 2.31201984e-04
 3.08269312e-04 3.85336640e-04 4.62403968e-04 5.39471296e-04
 6.16538624e-04 6.93605952e-04]",11853333.333333334,10
4203.592332922758,1630.7008599572937,5.6318988278659186,-7640.423290013758,0.002090287495290855,12.0,0.7000000000000001,4250.0,0.0008442211055276381,"[0.00000000e+00 8.39283982e-05 1.67856796e-04 2.51785195e-04
 3.35713593e-04 4.19641991e-04 5.03570389e-04 5.87498787e-04
 6.71427186e-04 7.55355584e-04]",10865555.555555558,10
4418.752360170441,1616.2453874575294,5.421508827704844,-7889.215906473146,0.002060419904152405,13.0,0.7000000000000001,4250.0,0.000914572864321608,"[0.00000000e+00 9.07660117e-05 1.81532023e-04 2.72298035e-04
 3.63064047e-04 4.53830058e-04 5.44596070e-04 6.35362082e-04
 7.26128094e-04 8.16894105e-04]",10029743.589743592,10
4625.986026632999,1596.7735552789054,5.210268617552664,-8121.78803020202,0.0020319024439025045,14.0,0.7000000000000001,4250.0,0.0009849246231155779,"[0.00000000e+00 9.75803283e-05 1.95160657e-04 2.92740985e-04
 3.90321313e-04 4.87901642e-04 5.85481970e-04 6.83062298e-04
 7.80642627e-04 8.78222955e-04]",9313333.333333334,10
4823.7794881773225,1572.6489633938188,5.012790962267071,-8335.149205000074,0.0020049095175285626,15.0,0.7000000000000001,4250.0,0.0010552763819095476,"[0.         0.00010437 0.00020874 0.00031311 0.00041749 0.00052186
 0.00062623 0.0007306  0.00083497 0.00093934]",8692444.444444446,10
5014.88948535633,1554.5418833721308,4.882677551000369,-8538.49096294734,0.00197896318844647,16.0,0.7000000000000001,4250.0,0.0011198851399856424,"[0.         0.00011114 0.00022228 0.00033342 0.00044456 0.0005557
 0.00066684 0.00077798 0.00088912 0.00100026]",8149166.666666668,10
5197.59696186509,1524.7621930880352,4.710721949560749,-8722.634175410545,0.0019544903399587757,17.0,0.7000000000000001,4250.0,0.001189877961234745,"[0.         0.00011789 0.00023577 0.00035366 0.00047154 0.00058943
 0.00070731 0.0008252  0.00094308 0.00106097]",7669803.921568629,10
5374.451384279329,1493.3018667977437,4.617346105825821,-8896.936589179459,0.0019309075964239106,18.0,0.7000000000000001,4250.0,0.0012598707824838476,"[0.         0.00012461 0.00024922 0.00037382 0.00049843 0.00062304
 0.00074765 0.00087225 0.00099686 0.00112147]",7243703.703703704,10
5545.756913118223,1460.7172201577669,4.476077483160221,-9060.774482623172,0.0019082088435028307,19.0,0.7000000000000001,4250.0,0.0013298636037329505,"[0.         0.00013131 0.00026262 0.00039392 0.00052523 0.00065654
 0.00078785 0.00091916 0.00105046 0.00118177]",6862456.140350877,10
5709.9588589278455,1436.4142806466862,4.3574841408490625,-9208.548119384985,0.0018868469268597014,20.0,0.7000000000000001,4250.0,0.0013926776740847092,"[0.         0.00013799 0.00027597 0.00041396 0.00055194 0.00068993
 0.00082791 0.0009659  0.00110389 0.00124187]",6519333.333333334,10
5870.85956514527,1402.766526329609,4.215832846627195,-9355.705719614598,0.0018657881726233602,21.0,0.7000000000000001,4250.0,0.0014623115577889448,"[0.         0.00014464 0.00028928 0.00043392 0.00057857 0.00072321
 0.00086785 0.00101249 0.00115713 0.00130177]",6208888.888888889,10
6028.6566266668015,1369.2647567826218,4.079325351721113,-9496.660952376915,0.0018454220036766547,22.0,0.7000000000000001,4250.0,0.00153194544149318,"[0.         0.00015127 0.00030255 0.00045382 0.0006051  0.00075637
 0.00090765 0.00105892 0.0012102  0.00136147]",5926666.666666667,10
6179.63868555838,1335.1823822928293,3.98806973968486,-9625.007315167342,0.0018171952251815606,23.0,0.7000000000000001,4200.0,0.0016015793251974155,"[0.         0.00015789 0.00031577 0.00047366 0.00063155 0.00078943
 0.00094732 0.0011052  0.00126309 0.00142098]",5668985.507246378,10
6327.91743687838,1301.6984475632833,3.864527965439869,-9752.113378844057,0.0017981738741844305,24.0,0.7000000000000001,4200.0,0.001671213208901651,"[0.         0.00016448 0.00032895 0.00049343 0.0006579  0.00082238
 0.00098686 0.00115133 0.00131581 0.00148029]",5432777.777777779,10
6469.831713193311,1277.8024752678105,3.772537775521062,-9866.126623986405,0.0017804433074625349,25.0,0.7000000000000001,4200.0,0.0017318736539842065,"[0.         0.00017104 0.00034209 0.00051313 0.00068418 0.00085522
 0.00102627 0.00119731 0.00136835 0.0015394 ]",5215466.666666668,10
6608.434319502652,1244.8532883663283,3.7226672923595157,-9975.779808166575,0.0017633581480917724,26.0,0.7000000000000001,4200.0,0.0018011486001435748,"[0.         0.00017759 0.00035518 0.00053277 0.00071036 0.00088795
 0.00106555 0.00124314 0.00142073 0.00159832]",5014871.794871796,10
6748.479397948769,1213.4536556834307,3.5904125700948413,-10087.918084306737,0.0017458109666525815,27.0,0.7000000000000001,4200.0,0.0018704235463029432,"[0.         0.00018412 0.00036823 0.00055235 0.00073647 0.00092058
 0.0011047  0.00128881 0.00147293 0.00165705]",4829135.802469136,10
6878.335887003131,1181.3719940418437,3.521306076709489,-10182.726863500255,0.0017298018961977553,28.0,0.7000000000000001,4200.0,0.0019396984924623117,"[0.         0.00019062 0.00038124 0.00057186 0.00076248 0.0009531
 0.00114372 0.00133434 0.00152496 0.00171558]",4656666.666666667,10
7009.241158094381,1160.4439061869512,3.3799652263890922,-10283.926974534937,0.001713536354540323,29.0,0.7000000000000001,4200.0,0.001998564249820531,"[0.         0.0001971  0.00039421 0.00059131 0.00078841 0.00098552
 0.00118262 0.00137972 0.00157683 0.00177393]",4496091.954022989,10
7132.2409805199395,1129.7767760113134,3.3958716109896607,-10367.422268627066,0.0016988579281527532,30.0,0.7000000000000001,4200.0,0.002067480258435032,"[0.         0.00020357 0.00040713 0.0006107  0.00081426 0.00101783
 0.00122139 0.00142496 0.00162852 0.00183209]",4346222.222222223,10
0.0,0.0,0.0,-2.628212131370674,0.0023490395588871915,0.0,0.74,4300.0,0.0,"[0. 0. 0. 0. 0. 0. 0. 0. 0. 0. 0. 0. 0. 0. 0. 0. 0. 0. 0. 0. 0. 0. 0. 0.
 0. 0. 0. 0. 0. 0. 0. 0. 0. 0. 0. 0. 0. 0. 0. 0. 0. 0. 0. 0. 0. 0. 0. 0.
 0. 0. 0. 0. 0. 0. 0. 0. 0. 0. 0. 0. 0. 0. 0. 0. 0. 0. 0. 0. 0. 0. 0. 0.
 0. 0. 0. 0. 0. 0. 0. 0. 0. 0. 0. 0. 0. 0. 0. 0. 0. 0. 0. 0. 0. 0. 0. 0.
 0. 0. 0. 0. 0. 0. 0. 0. 0. 0. 0. 0. 0. 0. 0. 0. 0. 0. 0. 0. 0. 0. 0. 0.
 0. 0. 0. 0. 0. 0. 0. 0. 0. 0. 0. 0. 0. 0. 0. 0. 0. 0. 0. 0. 0. 0. 0. 0.
 0. 0. 0. 0. 0. 0. 0. 0. 0. 0. 0. 0. 0. 0. 0. 0. 0. 0. 0. 0. 0. 0. 0. 0.
 0. 0. 0. 0. 0. 0. 0. 0. 0. 0. 0. 0. 0. 0. 0. 0. 0. 0. 0. 0. 0. 0. 0. 0.
 0. 0. 0. 0. 0. 0. 0. 0.]",,10
545.3515134642159,434.1534394455802,5.63716579317853,-1428.3795791118173,0.002281328671302753,1.0,0.74,4300.0,7.142857142857142e-05,"[0.00000000e+00 7.13013233e-06 1.42602647e-05 2.13903970e-05
 2.85205293e-05 3.56506616e-05 4.27807940e-05 4.99109263e-05
 5.70410586e-05 6.41711910e-05]",130386666.66666669,10
985.1574352572467,726.292281230443,6.478089381495334,-2431.0872482513078,0.002224008863391869,2.0,0.74,4300.0,0.00014285714285714284,"[0.00000000e+00 1.42349355e-05 2.84698711e-05 4.27048066e-05
 5.69397422e-05 7.11746777e-05 8.54096132e-05 9.96445488e-05
 1.13879484e-04 1.28114420e-04]",65193333.33333334,10
1366.7516141362628,938.3479714626352,6.620238091111224,-3210.9339799768495,0.0021739194001996363,3.0,0.74,4300.0,0.00021320890165111268,"[0.00000000e+00 2.13145889e-05 4.26291779e-05 6.39437668e-05
 8.52583558e-05 1.06572945e-04 1.27887534e-04 1.49202123e-04
 1.70516712e-04 1.91831301e-04]",43462222.22222223,10
1707.8727058186153,1093.0164071623558,6.540656253187675,-3850.522020514123,0.0021292672658430743,4.0,0.74,4300.0,0.0002842785355348169,"[0.0000000e+00 2.8369270e-05 5.6738540e-05 8.5107810e-05 1.1347708e-04
 1.4184635e-04 1.7021562e-04 1.9858489e-04 2.2695416e-04 2.5532343e-04]",32596666.66666667,10
2018.6187342391422,1206.5117247226897,6.3766166631718715,-4393.229009424213,0.00208882993852144,5.0,0.74,4300.0,0.00035534816941852116,"[0.00000000e+00 3.53991542e-05 7.07983084e-05 1.06197463e-04
 1.41596617e-04 1.76995771e-04 2.12394925e-04 2.47794079e-04
 2.83193234e-04 3.18592388e-04]",26077333.333333336,10
2304.624566996589,1288.3424649125554,6.188493759058782,-4862.726985558824,0.0020519210355277413,6.0,0.74,4300.0,0.00042641780330222536,"[0.00000000e+00 4.24044153e-05 8.48088306e-05 1.27213246e-04
 1.69617661e-04 2.12022077e-04 2.54426492e-04 2.96830907e-04
 3.39235322e-04 3.81639738e-04]",21731111.111111116,10
2570.8680350052505,1350.335568598257,5.968006392675862,-5278.053991218039,0.0020177290771753735,7.0,0.74,4300.0,0.0004949748743718593,"[0.00000000e+00 4.93852252e-05 9.87704504e-05 1.48155676e-04
 1.97540901e-04 2.46926126e-04 2.96311351e-04 3.45696576e-04
 3.95081801e-04 4.44467027e-04]",18626666.666666668,10
2820.1116212544566,1389.2712922338346,5.753675538472824,-5647.9044783438,0.0019860531897033084,8.0,0.74,4300.0,0.0005656855707106963,"[0.00000000e+00 5.63417539e-05 1.12683508e-04 1.69025262e-04
 2.25367016e-04 2.81708770e-04 3.38050524e-04 3.94392278e-04
 4.50734031e-04 5.07075785e-04]",16298333.333333336,10
3053.967109597884,1412.522444622457,5.564459042582628,-5980.243827962302,0.0019454086968479062,9.0,0.74,4250.0,0.0006363962670495333,"[0.00000000e+00 6.32741699e-05 1.26548340e-04 1.89822510e-04
 2.53096680e-04 3.16370849e-04 3.79645019e-04 4.42919189e-04
 5.06193359e-04 5.69467529e-04]",14487407.407407409,10
3275.57436777006,1423.8652281525913,5.413550003614674,-6282.571212863826,0.0019180153850933193,10.0,0.74,4250.0,0.0007071069633883705,"[0.00000000e+00 7.01826396e-05 1.40365279e-04 2.10547919e-04
 2.80730558e-04 3.50913198e-04 4.21095838e-04 4.91278477e-04
 5.61461117e-04 6.31643757e-04]",13038666.666666668,10
3486.5632059967515,1432.0791995623606,5.178334751467078,-6560.691171531282,0.001891999207048199,11.0,0.74,4250.0,0.0007738693467336682,"[0.00000000e+00 7.70673280e-05 1.54134656e-04 2.31201984e-04
 3.08269312e-04 3.85336640e-04 4.62403968e-04 5.39471296e-04
 6.16538624e-04 6.93605952e-04]",11853333.333333334,10
3686.8822474845915,1426.253727140852,5.077945777884588,-6816.006518630325,0.0018675648676323056,12.0,0.74,4250.0,0.0008442211055276381,"[0.00000000e+00 8.39283982e-05 1.67856796e-04 2.51785195e-04
 3.35713593e-04 4.19641991e-04 5.03570389e-04 5.87498787e-04
 6.71427186e-04 7.55355584e-04]",10865555.555555558,10
3878.439706904998,1414.3602107270654,4.92013192033433,-7050.340453122088,0.0018443412778503014,13.0,0.74,4250.0,0.000914572864321608,"[0.00000000e+00 9.07660117e-05 1.81532023e-04 2.72298035e-04
 3.63064047e-04 4.53830058e-04 5.44596070e-04 6.35362082e-04
 7.26128094e-04 8.16894105e-04]",10029743.589743592,10
4063.195959556976,1398.0624184162502,4.735671957819321,-7270.427795448777,0.0018221104332975546,14.0,0.74,4250.0,0.0009849246231155779,"[0.00000000e+00 9.75803283e-05 1.95160657e-04 2.92740985e-04
 3.90321313e-04 4.87901642e-04 5.85481970e-04 6.83062298e-04
 7.80642627e-04 8.78222955e-04]",9313333.333333334,10
4239.7573157418765,1377.5742823845421,4.570542728064147,-7473.467079547256,0.0018010189608558616,15.0,0.74,4250.0,0.0010552763819095476,"[0.         0.00010437 0.00020874 0.00031311 0.00041749 0.00052186
 0.00062623 0.0007306  0.00083497 0.00093934]",8692444.444444446,10
4410.546400646259,1362.3670812759194,4.437445022872022,-7667.607766466477,0.0017806999020865744,16.0,0.74,4250.0,0.0011198851399856424,"[0.         0.00011114 0.00022228 0.00033342 0.00044456 0.0005557
 0.00066684 0.00077798 0.00088912 0.00100026]",8149166.666666668,10
4574.037385097829,1336.811312065038,4.3075473528370765,-7844.81696491492,0.0017614884819942573,17.0,0.74,4250.0,0.001189877961234745,"[0.         0.00011789 0.00023577 0.00035366 0.00047154 0.00058943
 0.00070731 0.0008252  0.00094308 0.00106097]",7669803.921568629,10
4732.468081906734,1309.7691964557068,4.21765081074606,-8013.295513960562,0.0017429357765822997,18.0,0.74,4250.0,0.0012598707824838476,"[0.         0.00012461 0.00024922 0.00037382 0.00049843 0.00062304
 0.00074765 0.00087225 0.00099686 0.00112147]",7243703.703703704,10
4886.111651896879,1281.6716720808345,4.092339476250999,-8172.4504095246375,0.0017250397431264864,19.0,0.74,4250.0,0.0013298636037329505,"[0.         0.00013131 0.00026262 0.00039392 0.00052523 0.00065654
 0.00078785 0.00091916 0.00105046 0.00118177]",6862456.140350877,10
5033.486350026657,1260.7721676867347,3.9912981867259387,-8316.990662655975,0.0017081661015566076,20.0,0.74,4250.0,0.0013926776740847092,"[0.         0.00013799 0.00027597 0.00041396 0.00055194 0.00068993
 0.00082791 0.0009659  0.00110389 0.00124187]",6519333.333333334,10
5178.108423687002,1231.6463118893982,3.8727895580799325,-8461.142580641128,0.001691495416732825,21.0,0.74,4250.0,0.0014623115577889448,"[0.         0.00014464 0.00028928 0.00043392 0.00057857 0.00072321
 0.00086785 0.00101249 0.00115713 0.00130177]",6208888.888888889,10
5320.067643979026,1202.6168206888171,3.75231606052497,-8599.676285260415,0.0016753447082935042,22.0,0.74,4250.0,0.00153194544149318,"[0.         0.00015127 0.00030255 0.00045382 0.0006051  0.00075637
 0.00090765 0.00105892 0.0012102  0.00136147]",5926666.666666667,10
5456.036253236615,1173.018386803088,3.6625913436802624,-8726.733538348693,0.0016599475924967996,23.0,0.74,4250.0,0.0016015793251974155,"[0.         0.00015789 0.00031577 0.00047366 0.00063155 0.00078943
 0.00094732 0.0011052  0.00126309 0.00142098]",5668985.507246378,10
5589.720120243228,1143.9082186331657,3.564220627571273,-8852.979664536113,0.0016446688798419555,24.0,0.74,4250.0,0.001671213208901651,"[0.         0.00016448 0.00032895 0.00049343 0.0006579  0.00082238
 0.00098686 0.00115133 0.00131581 0.00148029]",5432777.777777779,10
5717.720119173545,1123.2252050353704,3.4693271372067707,-8966.958689335755,0.0016304079635413118,25.0,0.74,4250.0,0.0017318736539842065,"[0.         0.00017104 0.00034209 0.00051313 0.00068418 0.00085522
 0.00102627 0.00119731 0.00136835 0.0015394 ]",5215466.666666668,10
5842.88619644322,1094.506516198242,3.4389202192410115,-9076.956360779404,0.0016166372342118352,26.0,0.74,4250.0,0.0018011486001435748,"[0.         0.00017759 0.00035518 0.00053277 0.00071036 0.00088795
 0.00106555 0.00124314 0.00142073 0.00159832]",5014871.794871796,10
5969.481025048615,1067.1302015779763,3.316060064132638,-9189.770409027697,0.0016024641766047816,27.0,0.74,4250.0,0.0018704235463029432,"[0.         0.00018412 0.00036823 0.00055235 0.00073647 0.00092058
 0.0011047  0.00128881 0.00147293 0.00165705]",4829135.802469136,10
6086.983058496862,1039.1017918741923,3.2544316978957673,-9286.573937946989,0.0015817000907770095,28.0,0.74,4200.0,0.0019396984924623117,"[0.         0.00019062 0.00038124 0.00057186 0.00076248 0.0009531
 0.00114372 0.00133434 0.00152496 0.00171558]",4656666.666666667,10
6205.469090416978,1020.9213951427515,3.1373941186209002,-9388.698503289823,0.0015686535002353683,29.0,0.74,4200.0,0.001998564249820531,"[0.         0.0001971  0.00039421 0.00059131 0.00078841 0.00098552
 0.00118262 0.00137972 0.00157683 0.00177393]",4496091.954022989,10
6316.9314962267235,994.0860734523723,3.1419624928634806,-9475.080437097662,0.0015568474838023338,30.0,0.74,4200.0,0.002067480258435032,"[0.         0.00020357 0.00040713 0.0006107  0.00081426 0.00101783
 0.00122139 0.00142496 0.00162852 0.00183209]",4346222.222222223,10
0.0,0.0,0.0,-2.628212131370674,0.0019788972108314555,0.0,0.78,4300.0,0.0,"[0. 0. 0. 0. 0. 0. 0. 0. 0. 0. 0. 0. 0. 0. 0. 0. 0. 0. 0. 0. 0. 0. 0. 0.
 0. 0. 0. 0. 0. 0. 0. 0. 0. 0. 0. 0. 0. 0. 0. 0. 0. 0. 0. 0. 0. 0. 0. 0.
 0. 0. 0. 0. 0. 0. 0. 0. 0. 0. 0. 0. 0. 0. 0. 0. 0. 0. 0. 0. 0. 0. 0. 0.
 0. 0. 0. 0. 0. 0. 0. 0. 0. 0. 0. 0. 0. 0. 0. 0. 0. 0. 0. 0. 0. 0. 0. 0.
 0. 0. 0. 0. 0. 0. 0. 0. 0. 0. 0. 0. 0. 0. 0. 0. 0. 0. 0. 0. 0. 0. 0. 0.
 0. 0. 0. 0. 0. 0. 0. 0. 0. 0. 0. 0. 0. 0. 0. 0. 0. 0. 0. 0. 0. 0. 0. 0.
 0. 0. 0. 0. 0. 0. 0. 0. 0. 0. 0. 0. 0. 0. 0. 0. 0. 0. 0. 0. 0. 0. 0. 0.
 0. 0. 0. 0. 0. 0. 0. 0. 0. 0. 0. 0. 0. 0. 0. 0. 0. 0. 0. 0. 0. 0. 0. 0.
 0. 0. 0. 0. 0. 0. 0. 0.]",,10
460.68042965635925,366.6213024051242,4.785652161508497,-1209.3645214865974,0.0019308643152474289,1.0,0.78,4300.0,7.142857142857142e-05,"[0.00000000e+00 7.13013233e-06 1.42602647e-05 2.13903970e-05
 2.85205293e-05 3.56506616e-05 4.27807940e-05 4.99109263e-05
 5.70410586e-05 6.41711910e-05]",130386666.66666669,10
833.972349895583,614.4343059405468,5.534526534062672,-2066.0557802373514,0.0018899754903083646,2.0,0.78,4300.0,0.00014285714285714284,"[0.00000000e+00 1.42349355e-05 2.84698711e-05 4.27048066e-05
 5.69397422e-05 7.11746777e-05 8.54096132e-05 9.96445488e-05
 1.13879484e-04 1.28114420e-04]",65193333.33333334,10
1159.0700031619965,795.023973813196,5.685644350558563,-2738.0639334295265,0.0018540692228681194,3.0,0.78,4300.0,0.00021320890165111268,"[0.00000000e+00 2.13145889e-05 4.26291779e-05 6.39437668e-05
 8.52583558e-05 1.06572945e-04 1.27887534e-04 1.49202123e-04
 1.70516712e-04 1.91831301e-04]",43462222.22222223,10
1450.5756814477497,927.2338517555393,5.640543498096144,-3293.541759358588,0.0018219196099485632,4.0,0.78,4300.0,0.0002842785355348169,"[0.0000000e+00 2.8369270e-05 5.6738540e-05 8.5107810e-05 1.1347708e-04
 1.4184635e-04 1.7021562e-04 1.9858489e-04 2.2695416e-04 2.5532343e-04]",32596666.66666667,10
1716.8204552571526,1024.6286582263967,5.520389989604397,-3768.2872765907814,0.0017926873990978343,5.0,0.78,4300.0,0.00035534816941852116,"[0.00000000e+00 3.53991542e-05 7.07983084e-05 1.06197463e-04
 1.41596617e-04 1.76995771e-04 2.12394925e-04 2.47794079e-04
 2.83193234e-04 3.18592388e-04]",26077333.333333336,10
1962.4288308882694,1095.1673941457932,5.37561979846784,-4181.799219787557,0.001765906463755437,6.0,0.78,4300.0,0.00042641780330222536,"[0.00000000e+00 4.24044153e-05 8.48088306e-05 1.27213246e-04
 1.69617661e-04 2.12022077e-04 2.54426492e-04 2.96830907e-04
 3.39235322e-04 3.81639738e-04]",21731111.111111116,10
2191.5390502222563,1148.8552515367662,5.207703319349751,-4549.924202004622,0.0017410117114549284,7.0,0.78,4300.0,0.0004949748743718593,"[0.00000000e+00 4.93852252e-05 9.87704504e-05 1.48155676e-04
 1.97540901e-04 2.46926126e-04 2.96311351e-04 3.45696576e-04
 3.95081801e-04 4.44467027e-04]",18626666.666666668,10
2406.427735968515,1182.8992385870233,5.028323588925482,-4879.721299351542,0.0017178726097691046,8.0,0.78,4300.0,0.0005656855707106963,"[0.00000000e+00 5.63417539e-05 1.12683508e-04 1.69025262e-04
 2.25367016e-04 2.81708770e-04 3.38050524e-04 3.94392278e-04
 4.50734031e-04 5.07075785e-04]",16298333.333333336,10
2608.401608013971,1203.546741814531,4.890136886033169,-5177.799510383666,0.00169624901734338,9.0,0.78,4300.0,0.0006363962670495333,"[0.00000000e+00 6.32741699e-05 1.26548340e-04 1.89822510e-04
 2.53096680e-04 3.16370849e-04 3.79645019e-04 4.42919189e-04
 5.06193359e-04 5.69467529e-04]",14487407.407407409,10
2800.1087901972783,1214.0049272884291,4.769385994075658,-5450.31509841761,0.001675900395857679,10.0,0.78,4300.0,0.0007071069633883705,"[0.00000000e+00 7.01826396e-05 1.40365279e-04 2.10547919e-04
 2.80730558e-04 3.50913198e-04 4.21095838e-04 4.91278477e-04
 5.61461117e-04 6.31643757e-04]",13038666.666666668,10
2982.9088316469088,1221.763510083257,4.561832756195954,-5702.35978483512,0.001656525748280693,11.0,0.78,4300.0,0.0007738693467336682,"[0.00000000e+00 7.70673280e-05 1.54134656e-04 2.31201984e-04
 3.08269312e-04 3.85336640e-04 4.62403968e-04 5.39471296e-04
 6.16538624e-04 6.93605952e-04]",11853333.333333334,10
3156.7263664742945,1217.4880869594572,4.486858639837187,-5934.998327106194,0.0016289498762656562,12.0,0.78,4250.0,0.0008442211055276381,"[0.00000000e+00 8.39283982e-05 1.67856796e-04 2.51785195e-04
 3.35713593e-04 4.19641991e-04 5.03570389e-04 5.87498787e-04
 6.71427186e-04 7.55355584e-04]",10865555.555555558,10
3323.1734152515614,1207.9415447460535,4.35106936616055,-6149.822082550076,0.0016117519227313295,13.0,0.78,4250.0,0.000914572864321608,"[0.00000000e+00 9.07660117e-05 1.81532023e-04 2.72298035e-04
 3.63064047e-04 4.53830058e-04 5.44596070e-04 6.35362082e-04
 7.26128094e-04 8.16894105e-04]",10029743.589743592,10
3483.9325287889073,1194.6310850024383,4.2145251841268925,-6352.48427869811,0.0015952472359684014,14.0,0.78,4250.0,0.0009849246231155779,"[0.00000000e+00 9.75803283e-05 1.95160657e-04 2.92740985e-04
 3.90321313e-04 4.87901642e-04 5.85481970e-04 6.83062298e-04
 7.80642627e-04 8.78222955e-04]",9313333.333333334,10
3637.7591687098493,1177.6466204131927,4.078269910372134,-6540.42031359292,0.0015795522625923484,15.0,0.78,4250.0,0.0010552763819095476,"[0.         0.00010437 0.00020874 0.00031311 0.00041749 0.00052186
 0.00062623 0.0007306  0.00083497 0.00093934]",8692444.444444446,10
3786.7292741487518,1165.1803245328354,3.9426370106096247,-6720.681432026329,0.0015643986704989815,16.0,0.78,4250.0,0.0011198851399856424,"[0.         0.00011114 0.00022228 0.00033342 0.00044456 0.0005557
 0.00066684 0.00077798 0.00088912 0.00100026]",8149166.666666668,10
3929.520635855674,1143.7855623136052,3.850047103101719,-6886.417309007527,0.0015500366101573477,17.0,0.78,4250.0,0.001189877961234745,"[0.         0.00011789 0.00023577 0.00035366 0.00047154 0.00058943
 0.00070731 0.0008252  0.00094308 0.00106097]",7669803.921568629,10
4068.0460718708023,1121.087477252201,3.7650779705086057,-7044.631212022112,0.0015361372706006312,18.0,0.78,4250.0,0.0012598707824838476,"[0.         0.00012461 0.00024922 0.00037382 0.00049843 0.00062304
 0.00074765 0.00087225 0.00099686 0.00112147]",7243703.703703704,10
4202.552360836528,1097.4190640553713,3.6563840082888714,-7194.779506983803,0.0015227007812813685,19.0,0.78,4250.0,0.0013298636037329505,"[0.         0.00013131 0.00026262 0.00039392 0.00052523 0.00065654
 0.00078785 0.00091916 0.00105046 0.00118177]",6862456.140350877,10
4331.662584352513,1079.9126879944647,3.572004221343441,-7331.976329821395,0.0015100085024944343,20.0,0.78,4250.0,0.0013926776740847092,"[0.         0.00013799 0.00027597 0.00041396 0.00055194 0.00068993
 0.00082791 0.0009659  0.00110389 0.00124187]",6519333.333333334,10
4458.547213946003,1055.3090063559023,3.474749891579448,-7469.026529179544,0.0014974411889102286,21.0,0.78,4250.0,0.0014623115577889448,"[0.         0.00014464 0.00028928 0.00043392 0.00057857 0.00072321
 0.00086785 0.00101249 0.00115713 0.00130177]",6208888.888888889,10
4583.210535013944,1030.739675283041,3.3786454887242403,-7601.141426257673,0.001485244287479091,22.0,0.78,4250.0,0.00153194544149318,"[0.         0.00015127 0.00030255 0.00045382 0.0006051  0.00075637
 0.00090765 0.00105892 0.0012102  0.00136147]",5926666.666666667,10
4702.740962238662,1005.6444446100821,3.2957731286086402,-7723.143415022445,0.0014735914867720582,23.0,0.78,4250.0,0.0016015793251974155,"[0.         0.00015789 0.00031577 0.00047366 0.00063155 0.00078943
 0.00094732 0.0011052  0.00126309 0.00142098]",5668985.507246378,10
4820.3952600167195,980.9435640601569,3.213684605394807,-7844.869058638011,0.0014620080068971403,24.0,0.78,4250.0,0.001671213208901651,"[0.         0.00016448 0.00032895 0.00049343 0.0006579  0.00082238
 0.00098686 0.00115133 0.00131581 0.00148029]",5432777.777777779,10
4933.097593586765,963.4390152386806,3.134518461877336,-7955.141972332916,0.0014511794800545514,25.0,0.78,4250.0,0.0017318736539842065,"[0.         0.00017104 0.00034209 0.00051313 0.00068418 0.00085522
 0.00102627 0.00119731 0.00136835 0.0015394 ]",5215466.666666668,10
5043.448721858734,939.0168138050403,3.1078418968277335,-8062.311365841422,0.001440699172181118,26.0,0.78,4250.0,0.0018011486001435748,"[0.         0.00017759 0.00035518 0.00053277 0.00071036 0.00088795
 0.00106555 0.00124314 0.00142073 0.00159832]",5014871.794871796,10
5155.1668811917025,915.7337695484584,3.0047399349678394,-8172.301915977543,0.0014298976400996292,27.0,0.78,4250.0,0.0018704235463029432,"[0.         0.00018412 0.00036823 0.00055235 0.00073647 0.00092058
 0.0011047  0.00128881 0.00147293 0.00165705]",4829135.802469136,10
5258.97320691894,891.855479570985,2.945157260860559,-8267.426262442088,0.0014200105600193733,28.0,0.78,4250.0,0.0019396984924623117,"[0.         0.00019062 0.00038124 0.00057186 0.00076248 0.0009531
 0.00114372 0.00133434 0.00152496 0.00171558]",4656666.666666667,10
5363.674110062768,876.4213546932676,2.8479621676642934,-8367.5442835602,0.0014099590534057392,29.0,0.78,4250.0,0.001998564249820531,"[0.         0.0001971  0.00039421 0.00059131 0.00078841 0.00098552
 0.00118262 0.00137972 0.00157683 0.00177393]",4496091.954022989,10
5462.298591912842,853.526599806334,2.8549785054972894,-8453.594648951694,0.0014008236384393314,30.0,0.78,4250.0,0.002067480258435032,"[0.         0.00020357 0.00040713 0.0006107  0.00081426 0.00101783
 0.00122139 0.00142496 0.00162852 0.00183209]",4346222.222222223,10
0.0,0.0,0.0,-2.628212131370674,0.0016120306148586358,0.0,0.8200000000000001,4300.0,0.0,"[0. 0. 0. 0. 0. 0. 0. 0. 0. 0. 0. 0. 0. 0. 0. 0. 0. 0. 0. 0. 0. 0. 0. 0.
 0. 0. 0. 0. 0. 0. 0. 0. 0. 0. 0. 0. 0. 0. 0. 0. 0. 0. 0. 0. 0. 0. 0. 0.
 0. 0. 0. 0. 0. 0. 0. 0. 0. 0. 0. 0. 0. 0. 0. 0. 0. 0. 0. 0. 0. 0. 0. 0.
 0. 0. 0. 0. 0. 0. 0. 0. 0. 0. 0. 0. 0. 0. 0. 0. 0. 0. 0. 0. 0. 0. 0. 0.
 0. 0. 0. 0. 0. 0. 0. 0. 0. 0. 0. 0. 0. 0. 0. 0. 0. 0. 0. 0. 0. 0. 0. 0.
 0. 0. 0. 0. 0. 0. 0. 0. 0. 0. 0. 0. 0. 0. 0. 0. 0. 0. 0. 0. 0. 0. 0. 0.
 0. 0. 0. 0. 0. 0. 0. 0. 0. 0. 0. 0. 0. 0. 0. 0. 0. 0. 0. 0. 0. 0. 0. 0.
 0. 0. 0. 0. 0. 0. 0. 0. 0. 0. 0. 0. 0. 0. 0. 0. 0. 0. 0. 0. 0. 0. 0. 0.
 0. 0. 0. 0. 0. 0. 0. 0.]",,10
376.27656392398535,299.34711794934856,3.9283164510514488,-990.1644525802985,0.0015801722639488685,1.0,0.8200000000000001,4300.0,7.142857142857142e-05,"[0.00000000e+00 7.13013233e-06 1.42602647e-05 2.13903970e-05
 2.85205293e-05 3.56506616e-05 4.27807940e-05 4.99109263e-05
 5.70410586e-05 6.41711910e-05]",130386666.66666669,10
682.6075060685325,502.5831829746593,4.571124784551257,-1697.7434972134652,0.001552904564703282,2.0,0.8200000000000001,4300.0,0.00014285714285714284,"[0.00000000e+00 1.42349355e-05 2.84698711e-05 4.27048066e-05
 5.69397422e-05 7.11746777e-05 8.54096132e-05 9.96445488e-05
 1.13879484e-04 1.28114420e-04]",65193333.33333334,10
950.3729385759858,651.2530386520251,4.7218513946581275,-2257.4508438080084,0.0015288451185277328,3.0,0.8200000000000001,4300.0,0.00021320890165111268,"[0.00000000e+00 2.13145889e-05 4.26291779e-05 6.39437668e-05
 8.52583558e-05 1.06572945e-04 1.27887534e-04 1.49202123e-04
 1.70516712e-04 1.91831301e-04]",43462222.22222223,10
1191.1932537103132,760.4837271215034,4.706330408708689,-2723.645873681715,0.0015072102548822782,4.0,0.8200000000000001,4300.0,0.0002842785355348169,"[0.0000000e+00 2.8369270e-05 5.6738540e-05 8.5107810e-05 1.1347708e-04
 1.4184635e-04 1.7021562e-04 1.9858489e-04 2.2695416e-04 2.5532343e-04]",32596666.66666667,10
1411.7091919420443,841.2456361239177,4.623688019075445,-3124.8806445685987,0.0014874612968058284,5.0,0.8200000000000001,4300.0,0.00035534816941852116,"[0.00000000e+00 3.53991542e-05 7.07983084e-05 1.06197463e-04
 1.41596617e-04 1.76995771e-04 2.12394925e-04 2.47794079e-04
 2.83193234e-04 3.18592388e-04]",26077333.333333336,10
1615.5923607863888,899.9852267205912,4.519258457042754,-3476.6722525253062,0.0014693025491839982,6.0,0.8200000000000001,4300.0,0.00042641780330222536,"[0.00000000e+00 4.24044153e-05 8.48088306e-05 1.27213246e-04
 1.69617661e-04 2.12022077e-04 2.54426492e-04 2.96830907e-04
 3.39235322e-04 3.81639738e-04]",21731111.111111116,10
1806.163955930466,944.8828928993815,4.392125519276976,-3791.766478864636,0.0014523660787808823,7.0,0.8200000000000001,4300.0,0.0004949748743718593,"[0.00000000e+00 4.93852252e-05 9.87704504e-05 1.48155676e-04
 1.97540901e-04 2.46926126e-04 2.96311351e-04 3.45696576e-04
 3.95081801e-04 4.44467027e-04]",18626666.666666668,10
1985.2408364822832,973.602311345426,4.261633862560331,-4075.6900222134573,0.0014365730889992789,8.0,0.8200000000000001,4300.0,0.0005656855707106963,"[0.00000000e+00 5.63417539e-05 1.12683508e-04 1.69025262e-04
 2.25367016e-04 2.81708770e-04 3.38050524e-04 3.94392278e-04
 4.50734031e-04 5.07075785e-04]",16298333.333333336,10
2153.846133085216,991.2629272663672,4.151259496636968,-4333.760323754686,0.0014217697007689895,9.0,0.8200000000000001,4300.0,0.0006363962670495333,"[0.00000000e+00 6.32741699e-05 1.26548340e-04 1.89822510e-04
 2.53096680e-04 3.16370849e-04 3.79645019e-04 4.42919189e-04
 5.06193359e-04 5.69467529e-04]",14487407.407407409,10
2314.138216851376,1000.4975750906636,4.056306624487585,-4570.916026657513,0.0014077991668760192,10.0,0.8200000000000001,4300.0,0.0007071069633883705,"[0.00000000e+00 7.01826396e-05 1.40365279e-04 2.10547919e-04
 2.80730558e-04 3.50913198e-04 4.21095838e-04 4.91278477e-04
 5.61461117e-04 6.31643757e-04]",13038666.666666668,10
2467.212055939457,1007.4816057746702,3.902618315369791,-4791.380789451454,0.001394461712846832,11.0,0.8200000000000001,4300.0,0.0007738693467336682,"[0.00000000e+00 7.70673280e-05 1.54134656e-04 2.31201984e-04
 3.08269312e-04 3.85336640e-04 4.62403968e-04 5.39471296e-04
 6.16538624e-04 6.93605952e-04]",11853333.333333334,10
2612.9823670095266,1004.4975436867527,3.846513311381064,-4995.845028074,0.0013818661099807333,12.0,0.8200000000000001,4300.0,0.0008442211055276381,"[0.00000000e+00 8.39283982e-05 1.67856796e-04 2.51785195e-04
 3.35713593e-04 4.19641991e-04 5.03570389e-04 5.87498787e-04
 6.71427186e-04 7.55355584e-04]",10865555.555555558,10
2752.7640531581346,997.102793031425,3.7170131722860273,-5185.534511079437,0.0013698399372478749,13.0,0.8200000000000001,4300.0,0.000914572864321608,"[0.00000000e+00 9.07660117e-05 1.81532023e-04 2.72298035e-04
 3.63064047e-04 4.53830058e-04 5.44596070e-04 6.35362082e-04
 7.26128094e-04 8.16894105e-04]",10029743.589743592,10
2887.9561709386244,986.5779900214699,3.6293024475804887,-5365.306470998665,0.0013582685698478732,14.0,0.8200000000000001,4300.0,0.0009849246231155779,"[0.00000000e+00 9.75803283e-05 1.95160657e-04 2.92740985e-04
 3.90321313e-04 4.87901642e-04 5.85481970e-04 6.83062298e-04
 7.80642627e-04 8.78222955e-04]",9313333.333333334,10
3017.4832723896207,972.99345980941,3.5251080869783085,-5532.8321399813285,0.0013472372324396398,15.0,0.8200000000000001,4300.0,0.0010552763819095476,"[0.         0.00010437 0.00020874 0.00031311 0.00041749 0.00052186
 0.00062623 0.0007306  0.00083497 0.00093934]",8692444.444444446,10
3143.060478971661,963.0727542933403,3.3946721397462367,-5694.039804109045,0.0013288978013144689,16.0,0.8200000000000001,4250.0,0.0011198851399856424,"[0.         0.00011114 0.00022228 0.00033342 0.00044456 0.0005557
 0.00066684 0.00077798 0.00088912 0.00100026]",8149166.666666668,10
3263.594105146165,945.7761481096636,3.334712825009971,-5843.278777862608,0.0013188701304006987,17.0,0.8200000000000001,4250.0,0.001189877961234745,"[0.         0.00011789 0.00023577 0.00035366 0.00047154 0.00058943
 0.00070731 0.0008252  0.00094308 0.00106097]",7669803.921568629,10
3380.6619739396465,927.3240416672511,3.254508044835053,-5986.288334962257,0.001309144891076399,18.0,0.8200000000000001,4250.0,0.0012598707824838476,"[0.         0.00012461 0.00024922 0.00037382 0.00049843 0.00062304
 0.00074765 0.00087225 0.00099686 0.00112147]",7243703.703703704,10
3494.4719171213546,908.0446913909841,3.16335887258403,-6122.586829135151,0.0012997233656573525,19.0,0.8200000000000001,4250.0,0.0013298636037329505,"[0.         0.00013131 0.00026262 0.00039392 0.00052523 0.00065654
 0.00078785 0.00091916 0.00105046 0.00118177]",6862456.140350877,10
3603.7962603638935,893.8741330189265,3.100293726610706,-6247.816131332715,0.001290807400299684,20.0,0.8200000000000001,4250.0,0.0013926776740847092,"[0.         0.00013799 0.00027597 0.00041396 0.00055194 0.00068993
 0.00082791 0.0009659  0.00110389 0.00124187]",6519333.333333334,10
3711.3957720037447,873.7621633816726,3.023209641140071,-6373.124509268251,0.0012819598055669578,21.0,0.8200000000000001,4250.0,0.0014623115577889448,"[0.         0.00014464 0.00028928 0.00043392 0.00057857 0.00072321
 0.00086785 0.00101249 0.00115713 0.00130177]",6208888.888888889,10
3817.212892461395,853.65438252059,2.9423224045263145,-6494.268196258876,0.0012733577459508691,22.0,0.8200000000000001,4250.0,0.00153194544149318,"[0.         0.00015127 0.00030255 0.00045382 0.0006051  0.00075637
 0.00090765 0.00105892 0.0012102  0.00136147]",5926666.666666667,10
3918.7813251603066,833.0888024468294,2.8788703292262814,-6606.827266696731,0.0012651218984513774,23.0,0.8200000000000001,4250.0,0.0016015793251974155,"[0.         0.00015789 0.00031577 0.00047366 0.00063155 0.00078943
 0.00094732 0.0011052  0.00126309 0.00142098]",5668985.507246378,10
4018.870437564155,812.8329924251619,2.805275861598733,-6719.557063148757,0.0012569207185330544,24.0,0.8200000000000001,4250.0,0.001671213208901651,"[0.         0.00016448 0.00032895 0.00049343 0.0006579  0.00082238
 0.00098686 0.00115133 0.00131581 0.00148029]",5432777.777777779,10
4114.788534667584,798.5447097657604,2.746983854716565,-6821.99398695922,0.0012492423984381649,25.0,0.8200000000000001,4250.0,0.0017318736539842065,"[0.         0.00017104 0.00034209 0.00051313 0.00068418 0.00085522
 0.00102627 0.00119731 0.00136835 0.0015394 ]",5215466.666666668,10
4208.838469436046,778.4649879192041,2.724396678727931,-6922.174033955598,0.001241793735516381,26.0,0.8200000000000001,4250.0,0.0018011486001435748,"[0.         0.00017759 0.00035518 0.00053277 0.00071036 0.00088795
 0.00106555 0.00124314 0.00142073 0.00159832]",5014871.794871796,10
4304.140406216933,759.3176924022443,2.6425608968262297,-7025.077195292295,0.0012341060535654986,27.0,0.8200000000000001,4250.0,0.0018704235463029432,"[0.         0.00018412 0.00036823 0.00055235 0.00073647 0.00092058
 0.0011047  0.00128881 0.00147293 0.00165705]",4829135.802469136,10
4392.79496483762,739.6431800223374,2.5868156777111984,-7114.690108155941,0.0012270533284723028,28.0,0.8200000000000001,4250.0,0.0019396984924623117,"[0.         0.00019062 0.00038124 0.00057186 0.00076248 0.0009531
 0.00114372 0.00133434 0.00152496 0.00171558]",4656666.666666667,10
4482.230822194306,726.9956503641115,2.5137431179456797,-7208.923408919436,0.0012198794684633945,29.0,0.8200000000000001,4250.0,0.001998564249820531,"[0.         0.0001971  0.00039421 0.00059131 0.00078841 0.00098552
 0.00118262 0.00137972 0.00157683 0.00177393]",4496091.954022989,10
4566.599293052535,708.1033195717287,2.5169994479742126,-7291.029301235285,0.001213340657021636,30.0,0.8200000000000001,4250.0,0.002067480258435032,"[0.         0.00020357 0.00040713 0.0006107  0.00081426 0.00101783
 0.00122139 0.00142496 0.00162852 0.00183209]",4346222.222222223,10
0.0,0.0,0.0,-2.628212131370674,0.0012483758633420172,0.0,0.86,4300.0,0.0,"[0. 0. 0. 0. 0. 0. 0. 0. 0. 0. 0. 0. 0. 0. 0. 0. 0. 0. 0. 0. 0. 0. 0. 0.
 0. 0. 0. 0. 0. 0. 0. 0. 0. 0. 0. 0. 0. 0. 0. 0. 0. 0. 0. 0. 0. 0. 0. 0.
 0. 0. 0. 0. 0. 0. 0. 0. 0. 0. 0. 0. 0. 0. 0. 0. 0. 0. 0. 0. 0. 0. 0. 0.
 0. 0. 0. 0. 0. 0. 0. 0. 0. 0. 0. 0. 0. 0. 0. 0. 0. 0. 0. 0. 0. 0. 0. 0.
 0. 0. 0. 0. 0. 0. 0. 0. 0. 0. 0. 0. 0. 0. 0. 0. 0. 0. 0. 0. 0. 0. 0. 0.
 0. 0. 0. 0. 0. 0. 0. 0. 0. 0. 0. 0. 0. 0. 0. 0. 0. 0. 0. 0. 0. 0. 0. 0.
 0. 0. 0. 0. 0. 0. 0. 0. 0. 0. 0. 0. 0. 0. 0. 0. 0. 0. 0. 0. 0. 0. 0. 0.
 0. 0. 0. 0. 0. 0. 0. 0. 0. 0. 0. 0. 0. 0. 0. 0. 0. 0. 0. 0. 0. 0. 0. 0.
 0. 0. 0. 0. 0. 0. 0. 0.]",,10
292.14091566103417,232.33236790632432,3.0652492465748065,-770.7976383569039,0.0012292814311396034,1.0,0.86,4300.0,7.142857142857142e-05,"[0.00000000e+00 7.13013233e-06 1.42602647e-05 2.13903970e-05
 2.85205293e-05 3.56506616e-05 4.27807940e-05 4.99109263e-05
 5.70410586e-05 6.41711910e-05]",130386666.66666669,10
531.0734609444124,390.75071133476183,3.589640907182991,-1326.2140240266017,0.0012128516462906775,2.0,0.86,4300.0,0.00014285714285714284,"[0.00000000e+00 1.42349355e-05 2.84698711e-05 4.27048066e-05
 5.69397422e-05 7.11746777e-05 8.54096132e-05 9.96445488e-05
 1.13879484e-04 1.28114420e-04]",65193333.33333334,10
740.6840523391867,507.06338556827654,3.727174400999147,-1769.1715829396853,0.0011982874240485315,3.0,0.86,4300.0,0.00021320890165111268,"[0.00000000e+00 2.13145889e-05 4.26291779e-05 6.39437668e-05
 8.52583558e-05 1.06572945e-04 1.27887534e-04 1.49202123e-04
 1.70516712e-04 1.91831301e-04]",43462222.22222223,10
929.7571302610436,592.8094811457897,3.734986442326806,-2140.8760528167622,0.0011851360472859187,4.0,0.86,4300.0,0.0002842785355348169,"[0.0000000e+00 2.8369270e-05 5.6738540e-05 8.5107810e-05 1.1347708e-04
 1.4184635e-04 1.7021562e-04 1.9858489e-04 2.2695416e-04 2.5532343e-04]",32596666.66666667,10
1103.3243455128877,656.4264099594378,3.6829596700749567,-2462.963964283059,0.0011730850985880946,5.0,0.86,4300.0,0.00035534816941852116,"[0.00000000e+00 3.53991542e-05 7.07983084e-05 1.06197463e-04
 1.41596617e-04 1.76995771e-04 2.12394925e-04 2.47794079e-04
 2.83193234e-04 3.18592388e-04]",26077333.333333336,10
1264.1537556985706,702.8769040462545,3.6143611825954918,-2747.163999945522,0.0011619652139185988,6.0,0.86,4300.0,0.00042641780330222536,"[0.00000000e+00 4.24044153e-05 8.48088306e-05 1.27213246e-04
 1.69617661e-04 2.12022077e-04 2.54426492e-04 2.96830907e-04
 3.39235322e-04 3.81639738e-04]",21731111.111111116,10
1414.779760946567,738.5187849350833,3.528547545540528,-3003.2154221060773,0.0011515598908594994,7.0,0.86,4300.0,0.0004949748743718593,"[0.00000000e+00 4.93852252e-05 9.87704504e-05 1.48155676e-04
 1.97540901e-04 2.46926126e-04 2.96311351e-04 3.45696576e-04
 3.95081801e-04 4.44467027e-04]",18626666.666666668,10
1556.5784054111057,761.4955822211646,3.4309374134282864,-3235.2191719125767,0.0011418264760111028,8.0,0.86,4300.0,0.0005656855707106963,"[0.00000000e+00 5.63417539e-05 1.12683508e-04 1.69025262e-04
 2.25367016e-04 2.81708770e-04 3.38050524e-04 3.94392278e-04
 4.50734031e-04 5.07075785e-04]",16298333.333333336,10
1690.3100891986865,775.7964781404862,3.355191265285958,-3447.238140296904,0.0011326759686047698,9.0,0.86,4300.0,0.0006363962670495333,"[0.00000000e+00 6.32741699e-05 1.26548340e-04 1.89822510e-04
 2.53096680e-04 3.16370849e-04 3.79645019e-04 4.42919189e-04
 5.06193359e-04 5.69467529e-04]",14487407.407407409,10
1817.649297247668,783.4782437511959,3.288253258727749,-3643.0319215582567,0.0011240160822376978,10.0,0.86,4300.0,0.0007071069633883705,"[0.00000000e+00 7.01826396e-05 1.40365279e-04 2.10547919e-04
 2.80730558e-04 3.50913198e-04 4.21095838e-04 4.91278477e-04
 5.61461117e-04 6.31643757e-04]",13038666.666666668,10
1939.4315370740692,789.3768727970961,3.16804312034106,-3825.9305970259447,0.001115727031105746,11.0,0.86,4300.0,0.0007738693467336682,"[0.00000000e+00 7.70673280e-05 1.54134656e-04 2.31201984e-04
 3.08269312e-04 3.85336640e-04 4.62403968e-04 5.39471296e-04
 6.16538624e-04 6.93605952e-04]",11853333.333333334,10
2055.5746143693377,787.431476700386,3.128680625638714,-3996.399945217403,0.0011078781135335563,12.0,0.86,4300.0,0.0008442211055276381,"[0.00000000e+00 8.39283982e-05 1.67856796e-04 2.51785195e-04
 3.35713593e-04 4.19641991e-04 5.03570389e-04 5.87498787e-04
 6.71427186e-04 7.55355584e-04]",10865555.555555558,10
2167.099841104803,782.0024634273283,3.0320861262413112,-4155.240747836222,0.0011003657977808525,13.0,0.86,4300.0,0.000914572864321608,"[0.00000000e+00 9.07660117e-05 1.81532023e-04 2.72298035e-04
 3.63064047e-04 4.53830058e-04 5.44596070e-04 6.35362082e-04
 7.26128094e-04 8.16894105e-04]",10029743.589743592,10
2275.108011748991,774.062239870816,2.963358319970186,-4306.444663219627,0.0010931197583283498,14.0,0.86,4300.0,0.0009849246231155779,"[0.00000000e+00 9.75803283e-05 1.95160657e-04 2.92740985e-04
 3.90321313e-04 4.87901642e-04 5.85481970e-04 6.83062298e-04
 7.80642627e-04 8.78222955e-04]",9313333.333333334,10
2378.7202975278224,763.7223038421239,2.889257976900922,-4448.093279984394,0.0010861962749924394,15.0,0.86,4300.0,0.0010552763819095476,"[0.         0.00010437 0.00020874 0.00031311 0.00041749 0.00052186
 0.00062623 0.0007306  0.00083497 0.00093934]",8692444.444444446,10
2479.285541982803,756.2282530564383,2.7855703244716015,-4584.628267672939,0.0010794897702180474,16.0,0.86,4300.0,0.0011198851399856424,"[0.         0.00011114 0.00022228 0.00033342 0.00044456 0.0005557
 0.00066684 0.00077798 0.00088912 0.00100026]",8149166.666666668,10
2575.9409785018456,742.9064086400133,2.752579040627874,-4711.774433786937,0.0010730963484575117,17.0,0.86,4300.0,0.001189877961234745,"[0.         0.00011789 0.00023577 0.00035366 0.00047154 0.00058943
 0.00070731 0.0008252  0.00094308 0.00106097]",7669803.921568629,10
2669.9249143495813,728.637149086366,2.6799376409097695,-4833.96195490985,0.0010668892088396996,18.0,0.86,4300.0,0.0012598707824838476,"[0.         0.00012461 0.00024922 0.00037382 0.00049843 0.00062304
 0.00074765 0.00087225 0.00099686 0.00112147]",7243703.703703704,10
2761.4052992187935,713.7385643025119,2.6179947461325264,-4950.971478605628,0.0010608604479463962,19.0,0.86,4300.0,0.0013298636037329505,"[0.         0.00013131 0.00026262 0.00039392 0.00052523 0.00065654
 0.00078785 0.00091916 0.00105046 0.00118177]",6862456.140350877,10
2849.3440695966087,702.79217386213,2.5749744271393586,-5059.011790108831,0.0010551465162728232,20.0,0.86,4300.0,0.0013926776740847092,"[0.         0.00013799 0.00027597 0.00041396 0.00055194 0.00068993
 0.00082791 0.0009659  0.00110389 0.00124187]",6519333.333333334,10
2936.0286541517416,687.1765174360193,2.5159396122160698,-5167.314512517565,0.0010494656381186617,21.0,0.86,4300.0,0.0014623115577889448,"[0.         0.00014464 0.00028928 0.00043392 0.00057857 0.00072321
 0.00086785 0.00101249 0.00115713 0.00130177]",6208888.888888889,10
3021.358665586386,671.5512051397923,2.441240797898256,-5272.317437454956,0.0010439291663763067,22.0,0.86,4300.0,0.00153194544149318,"[0.         0.00015127 0.00030255 0.00045382 0.0006051  0.00075637
 0.00090765 0.00105892 0.0012102  0.00136147]",5926666.666666667,10
3103.3548669027878,655.5323520545115,2.3937751315537104,-5370.404389633899,0.0010325957797715233,23.0,0.86,4250.0,0.0016015793251974155,"[0.         0.00015789 0.00031577 0.00047366 0.00063155 0.00078943
 0.00094732 0.0011052  0.00126309 0.00142098]",5668985.507246378,10
3184.244071910857,639.7340018946494,2.3395808667645777,-5469.040387002322,0.0010273561315586558,24.0,0.86,4250.0,0.001671213208901651,"[0.         0.00016448 0.00032895 0.00049343 0.0006579  0.00082238
 0.00098686 0.00115133 0.00131581 0.00148029]",5432777.777777779,10
3261.80213366613,628.6192712586321,2.293768101662391,-5558.919637836239,0.0010224432104264962,25.0,0.86,4250.0,0.0017318736539842065,"[0.         0.00017104 0.00034209 0.00051313 0.00068418 0.00085522
 0.00102627 0.00119731 0.00136835 0.0015394 ]",5215466.666666668,10
3337.957683552483,612.9335058930649,2.2796479243677523,-5647.317621222428,0.0010176661691169548,26.0,0.86,4250.0,0.0018011486001435748,"[0.         0.00017759 0.00035518 0.00053277 0.00071036 0.00088795
 0.00106555 0.00124314 0.00142073 0.00159832]",5014871.794871796,10
3415.198438811058,597.9731282394679,2.209248993562728,-5738.201980029538,0.0010127290524723244,27.0,0.86,4250.0,0.0018704235463029432,"[0.         0.00018412 0.00036823 0.00055235 0.00073647 0.00092058
 0.0011047  0.00128881 0.00147293 0.00165705]",4829135.802469136,10
3487.1358714624052,582.5737747769285,2.1662017589408453,-5817.837914154246,0.0010081895136702607,28.0,0.86,4250.0,0.0019396984924623117,"[0.         0.00019062 0.00038124 0.00057186 0.00076248 0.0009531
 0.00114372 0.00133434 0.00152496 0.00171558]",4656666.666666667,10
3559.7165467122686,572.7267104942982,2.1154383089010893,-5901.519974026167,0.0010035696699085257,29.0,0.86,4250.0,0.001998564249820531,"[0.         0.0001971  0.00039421 0.00059131 0.00078841 0.00098552
 0.00118262 0.00137972 0.00157683 0.00177393]",4496091.954022989,10
3628.297421663403,557.918367806777,2.1141512982478603,-5975.302290630425,0.0009993464700928508,30.0,0.86,4250.0,0.002067480258435032,"[0.         0.00020357 0.00040713 0.0006107  0.00081426 0.00101783
 0.00122139 0.00142496 0.00162852 0.00183209]",4346222.222222223,10
0.0,0.0,0.0,-2.628212131370674,0.0008878710103887825,0.0,0.9,4300.0,0.0,"[0. 0. 0. 0. 0. 0. 0. 0. 0. 0. 0. 0. 0. 0. 0. 0. 0. 0. 0. 0. 0. 0. 0. 0.
 0. 0. 0. 0. 0. 0. 0. 0. 0. 0. 0. 0. 0. 0. 0. 0. 0. 0. 0. 0. 0. 0. 0. 0.
 0. 0. 0. 0. 0. 0. 0. 0. 0. 0. 0. 0. 0. 0. 0. 0. 0. 0. 0. 0. 0. 0. 0. 0.
 0. 0. 0. 0. 0. 0. 0. 0. 0. 0. 0. 0. 0. 0. 0. 0. 0. 0. 0. 0. 0. 0. 0. 0.
 0. 0. 0. 0. 0. 0. 0. 0. 0. 0. 0. 0. 0. 0. 0. 0. 0. 0. 0. 0. 0. 0. 0. 0.
 0. 0. 0. 0. 0. 0. 0. 0. 0. 0. 0. 0. 0. 0. 0. 0. 0. 0. 0. 0. 0. 0. 0. 0.
 0. 0. 0. 0. 0. 0. 0. 0. 0. 0. 0. 0. 0. 0. 0. 0. 0. 0. 0. 0. 0. 0. 0. 0.
 0. 0. 0. 0. 0. 0. 0. 0. 0. 0. 0. 0. 0. 0. 0. 0. 0. 0. 0. 0. 0. 0. 0. 0.
 0. 0. 0. 0. 0. 0. 0. 0.]",,10
208.26980608724438,165.5738148511615,2.19639657198885,-551.2818014926015,0.0008782200628577468,1.0,0.9,4300.0,7.142857142857142e-05,"[0.00000000e+00 7.13013233e-06 1.42602647e-05 2.13903970e-05
 2.85205293e-05 3.56506616e-05 4.27807940e-05 4.99109263e-05
 5.70410586e-05 6.41711910e-05]",130386666.66666669,10
379.3816401267181,278.9489873288385,2.588495909306986,-951.5313335496903,0.0008698729480290414,2.0,0.9,4300.0,0.00014285714285714284,"[0.00000000e+00 1.42349355e-05 2.84698711e-05 4.27048066e-05
 5.69397422e-05 7.11746777e-05 8.54096132e-05 9.96445488e-05
 1.13879484e-04 1.28114420e-04]",65193333.33333334,10
530.0279059862581,362.48378760067743,2.702113852410527,-1273.3078552915977,0.0008624400692370318,3.0,0.9,4300.0,0.00021320890165111268,"[0.00000000e+00 2.13145889e-05 4.26291779e-05 6.39437668e-05
 8.52583558e-05 1.06572945e-04 1.27887534e-04 1.49202123e-04
 1.70516712e-04 1.91831301e-04]",43462222.22222223,10
666.3066671523175,424.2651690614599,2.7224078684548476,-1545.2863943940902,0.0008557008893539414,4.0,0.9,4300.0,0.0002842785355348169,"[0.0000000e+00 2.8369270e-05 5.6738540e-05 8.5107810e-05 1.1347708e-04
 1.4184635e-04 1.7021562e-04 1.9858489e-04 2.2695416e-04 2.5532343e-04]",32596666.66666667,10
791.7158843253113,470.2467355830827,2.6947657147172692,-1782.5150583759387,0.0008495026128633857,5.0,0.9,4300.0,0.00035534816941852116,"[0.00000000e+00 3.53991542e-05 7.07983084e-05 1.06197463e-04
 1.41596617e-04 1.76995771e-04 2.12394925e-04 2.47794079e-04
 2.83193234e-04 3.18592388e-04]",26077333.333333336,10
908.1699084760512,503.9393466069055,2.6574510417523216,-1993.1280316308257,0.0008437634913202991,6.0,0.9,4300.0,0.00042641780330222536,"[0.00000000e+00 4.24044153e-05 8.48088306e-05 1.27213246e-04
 1.69617661e-04 2.12022077e-04 2.54426492e-04 2.96830907e-04
 3.39235322e-04 3.81639738e-04]",21731111.111111116,10
1017.44430255864,529.8829400788263,2.603031350309387,-2183.954232985241,0.0008383761074013898,7.0,0.9,4300.0,0.0004949748743718593,"[0.00000000e+00 4.93852252e-05 9.87704504e-05 1.48155676e-04
 1.97540901e-04 2.46926126e-04 2.96311351e-04 3.45696576e-04
 3.95081801e-04 4.44467027e-04]",18626666.666666668,10
1120.4982296213814,546.7280738904332,2.5427927093987415,-2357.7795076299662,0.0008333211445586652,8.0,0.9,4300.0,0.0005656855707106963,"[0.00000000e+00 5.63417539e-05 1.12683508e-04 1.69025262e-04
 2.25367016e-04 2.81708770e-04 3.38050524e-04 3.94392278e-04
 4.50734031e-04 5.07075785e-04]",16298333.333333336,10
1217.8471628534671,557.3109453255432,2.4910056204975093,-2517.4515847035946,0.0008285552448824296,9.0,0.9,4300.0,0.0006363962670495333,"[0.00000000e+00 6.32741699e-05 1.26548340e-04 1.89822510e-04
 2.53096680e-04 3.16370849e-04 3.79645019e-04 4.42919189e-04
 5.06193359e-04 5.69467529e-04]",14487407.407407409,10
1310.6847197176867,563.1244363087211,2.450807863740656,-2665.5947695383,0.0008240325789803551,10.0,0.9,4300.0,0.0007071069633883705,"[0.00000000e+00 7.01826396e-05 1.40365279e-04 2.10547919e-04
 2.80730558e-04 3.50913198e-04 4.21095838e-04 4.91278477e-04
 5.61461117e-04 6.31643757e-04]",13038666.666666668,10
1399.5951609537728,567.6443906391039,2.3675277538816055,-2804.6184259768997,0.0008196926171599607,11.0,0.9,4300.0,0.0007738693467336682,"[0.00000000e+00 7.70673280e-05 1.54134656e-04 2.31201984e-04
 3.08269312e-04 3.85336640e-04 4.62403968e-04 5.39471296e-04
 6.16538624e-04 6.93605952e-04]",11853333.333333334,10
1484.5130039393928,566.5014219585103,2.3413768661154784,-2934.805836755033,0.000815572390652604,12.0,0.9,4300.0,0.0008442211055276381,"[0.00000000e+00 8.39283982e-05 1.67856796e-04 2.51785195e-04
 3.35713593e-04 4.19641991e-04 5.03570389e-04 5.87498787e-04
 6.71427186e-04 7.55355584e-04]",10865555.555555558,10
1566.1604806386972,562.8315447567055,2.2848101451785445,-3056.611017959156,0.0008116195110845656,13.0,0.9,4300.0,0.000914572864321608,"[0.00000000e+00 9.07660117e-05 1.81532023e-04 2.72298035e-04
 3.63064047e-04 4.53830058e-04 5.44596070e-04 6.35362082e-04
 7.26128094e-04 8.16894105e-04]",10029743.589743592,10
1645.3397692527872,557.3212204501818,2.2259105585486245,-3173.04536749643,0.0008077975996233934,14.0,0.9,4300.0,0.0009849246231155779,"[0.00000000e+00 9.75803283e-05 1.95160657e-04 2.92740985e-04
 3.90321313e-04 4.87901642e-04 5.85481970e-04 6.83062298e-04
 7.80642627e-04 8.78222955e-04]",9313333.333333334,10
1721.3884577999925,550.0761030908493,2.173358405463774,-3282.65950425544,0.0008041377463372941,15.0,0.9,4300.0,0.0010552763819095476,"[0.         0.00010437 0.00020874 0.00031311 0.00041749 0.00052186
 0.00062623 0.0007306  0.00083497 0.00093934]",8692444.444444446,10
1795.2803874895035,544.8759480751435,2.107001794158197,-3388.5358674363233,0.0008005853183247365,16.0,0.9,4300.0,0.0011198851399856424,"[0.         0.00011114 0.00022228 0.00033342 0.00044456 0.0005557
 0.00066684 0.00077798 0.00088912 0.00100026]",8149166.666666668,10
1866.39495217512,535.429966906029,2.0950184299172494,-3487.695251413679,0.000797190805530984,17.0,0.9,4300.0,0.001189877961234745,"[0.         0.00011789 0.00023577 0.00035366 0.00047154 0.00058943
 0.00070731 0.0008252  0.00094308 0.00106097]",7669803.921568629,10
1935.620688362596,525.3153076148315,2.0317994550168113,-3583.1978068255485,0.0007938884675332357,18.0,0.9,4300.0,0.0012598707824838476,"[0.         0.00012461 0.00024922 0.00037382 0.00049843 0.00062304
 0.00074765 0.00087225 0.00099686 0.00112147]",7243703.703703704,10
2003.0847231555972,514.7062825324684,2.001372471114101,-3675.084912907747,0.0007906743288822223,19.0,0.9,4300.0,0.0013298636037329505,"[0.         0.00013131 0.00026262 0.00039392 0.00052523 0.00065654
 0.00078785 0.00091916 0.00105046 0.00118177]",6862456.140350877,10
2067.9820611422274,506.95405480063175,1.972511936592951,-3760.310534578035,0.0007876227731732597,20.0,0.9,4300.0,0.0013926776740847092,"[0.         0.00013799 0.00027597 0.00041396 0.00055194 0.00068993
 0.00082791 0.0009659  0.00110389 0.00124187]",6519333.333333334,10
2132.0503608629683,495.8119597136652,1.9297057052323328,-3845.896630715659,0.0007845822650026801,21.0,0.9,4300.0,0.0014623115577889448,"[0.         0.00014464 0.00028928 0.00043392 0.00057857 0.00072321
 0.00086785 0.00101249 0.00115713 0.00130177]",6208888.888888889,10
2195.1807054153937,484.64208395038526,1.874009624505165,-3929.2470987464694,0.0007816138439438392,22.0,0.9,4300.0,0.00153194544149318,"[0.         0.00015127 0.00030255 0.00045382 0.0006051  0.00075637
 0.00090765 0.00105892 0.0012102  0.00136147]",5926666.666666667,10
2255.9089620496097,473.1751687699224,1.8330319891661637,-4007.3458628829467,0.0007787633428742745,23.0,0.9,4300.0,0.0016015793251974155,"[0.         0.00015789 0.00031577 0.00047366 0.00063155 0.00078943
 0.00094732 0.0011052  0.00126309 0.00142098]",5668985.507246378,10
2315.884632363173,461.8698386713463,1.7962120784445963,-4085.928380625497,0.0007759129884243409,24.0,0.9,4300.0,0.001671213208901651,"[0.         0.00016448 0.00032895 0.00049343 0.0006579  0.00082238
 0.00098686 0.00115133 0.00131581 0.00148029]",5432777.777777779,10
2373.4163748884366,453.9504986111827,1.7689957411811081,-4158.029932416168,0.0007732369885878127,25.0,0.9,4300.0,0.0017318736539842065,"[0.         0.00017104 0.00034209 0.00051313 0.00068418 0.00085522
 0.00102627 0.00119731 0.00136835 0.0015394 ]",5215466.666666668,10
2429.9952822582677,442.699060598029,1.7533618505276274,-4229.1493719279315,0.0007706259569165663,26.0,0.9,4300.0,0.0018011486001435748,"[0.         0.00017759 0.00035518 0.00053277 0.00071036 0.00088795
 0.00106555 0.00124314 0.00142073 0.00159832]",5014871.794871796,10
2487.429707478989,431.96423046443715,1.7063456144727496,-4302.189819802341,0.0007679282778813275,27.0,0.9,4300.0,0.0018704235463029432,"[0.         0.00018412 0.00036823 0.00055235 0.00073647 0.00092058
 0.0011047  0.00128881 0.00147293 0.00165705]",4829135.802469136,10
2540.986616567455,420.9035509240224,1.6737567409785061,-4366.82343352319,0.0007654423801281785,28.0,0.9,4300.0,0.0019396984924623117,"[0.         0.00019062 0.00038124 0.00057186 0.00076248 0.0009531
 0.00114372 0.00133434 0.00152496 0.00171558]",4656666.666666667,10
2595.0264367698833,413.84957234798304,1.6371692293981221,-4434.545845266621,0.000762909166040646,29.0,0.9,4300.0,0.001998564249820531,"[0.         0.0001971  0.00039421 0.00059131 0.00078841 0.00098552
 0.00118262 0.00137972 0.00157683 0.00177393]",4496091.954022989,10
2646.178176691347,403.19875022562235,1.6392517492005496,-4494.879874828788,0.0007605859176269447,30.0,0.9,4300.0,0.002067480258435032,"[0.         0.00020357 0.00040713 0.0006107  0.00081426 0.00101783
 0.00122139 0.00142496 0.00162852 0.00183209]",4346222.222222223,10
0.0,0.0,0.0,-2.628212131370674,0.0005304560012058945,0.0,0.9400000000000001,4300.0,0.0,"[0. 0. 0. 0. 0. 0. 0. 0. 0. 0. 0. 0. 0. 0. 0. 0. 0. 0. 0. 0. 0. 0. 0. 0.
 0. 0. 0. 0. 0. 0. 0. 0. 0. 0. 0. 0. 0. 0. 0. 0. 0. 0. 0. 0. 0. 0. 0. 0.
 0. 0. 0. 0. 0. 0. 0. 0. 0. 0. 0. 0. 0. 0. 0. 0. 0. 0. 0. 0. 0. 0. 0. 0.
 0. 0. 0. 0. 0. 0. 0. 0. 0. 0. 0. 0. 0. 0. 0. 0. 0. 0. 0. 0. 0. 0. 0. 0.
 0. 0. 0. 0. 0. 0. 0. 0. 0. 0. 0. 0. 0. 0. 0. 0. 0. 0. 0. 0. 0. 0. 0. 0.
 0. 0. 0. 0. 0. 0. 0. 0. 0. 0. 0. 0. 0. 0. 0. 0. 0. 0. 0. 0. 0. 0. 0. 0.
 0. 0. 0. 0. 0. 0. 0. 0. 0. 0. 0. 0. 0. 0. 0. 0. 0. 0. 0. 0. 0. 0. 0. 0.
 0. 0. 0. 0. 0. 0. 0. 0. 0. 0. 0. 0. 0. 0. 0. 0. 0. 0. 0. 0. 0. 0. 0. 0.
 0. 0. 0. 0. 0. 0. 0. 0.]",,10
124.66372418488625,99.07235139937747,1.32127709094196,-331.6344424414274,0.0005270157351810298,1.0,0.9400000000000001,4300.0,7.142857142857142e-05,"[0.00000000e+00 7.13013233e-06 1.42602647e-05 2.13903970e-05
 2.85205293e-05 3.56506616e-05 4.27807940e-05 4.99109263e-05
 5.70410586e-05 6.41711910e-05]",130386666.66666669,10
227.5438848631165,167.18989250094745,1.5668280187629624,-573.760131871677,0.0005240252527973005,2.0,0.9400000000000001,4300.0,0.00014285714285714284,"[0.00000000e+00 1.42349355e-05 2.84698711e-05 4.27048066e-05
 5.69397422e-05 7.11746777e-05 8.54096132e-05 9.96445488e-05
 1.13879484e-04 1.28114420e-04]",65193333.33333334,10
318.43521455309804,217.55123779146555,1.645169867695442,-769.9463239472825,0.0005213505650201616,3.0,0.9400000000000001,4300.0,0.00021320890165111268,"[0.00000000e+00 2.13145889e-05 4.26291779e-05 6.39437668e-05
 8.52583558e-05 1.06572945e-04 1.27887534e-04 1.49202123e-04
 1.70516712e-04 1.91831301e-04]",43462222.22222223,10
400.88742195414477,254.90626157895545,1.6659611348413919,-936.9437912014982,0.0005189159027701725,4.0,0.9400000000000001,4300.0,0.0002842785355348169,"[0.0000000e+00 2.8369270e-05 5.6738540e-05 8.5107810e-05 1.1347708e-04
 1.4184635e-04 1.7021562e-04 1.9858489e-04 2.2695416e-04 2.5532343e-04]",32596666.66666667,10
476.94566650506636,282.79127949788557,1.6561998191904796,-1083.5361065756151,0.0005166685533257493,5.0,0.9400000000000001,4300.0,0.00035534816941852116,"[0.00000000e+00 3.53991542e-05 7.07983084e-05 1.06197463e-04
 1.41596617e-04 1.76995771e-04 2.12394925e-04 2.47794079e-04
 2.83193234e-04 3.18592388e-04]",26077333.333333336,10
547.7171783784295,303.28635160345533,1.641611502851743,-1214.454825649751,0.0005145807382572846,6.0,0.9400000000000001,4300.0,0.00042641780330222536,"[0.00000000e+00 4.24044153e-05 8.48088306e-05 1.27213246e-04
 1.69617661e-04 2.12022077e-04 2.54426492e-04 2.96830907e-04
 3.39235322e-04 3.81639738e-04]",21731111.111111116,10
614.2491109422539,319.12287134057624,1.6130528443921555,-1333.7189932399197,0.0005126148397867336,7.0,0.9400000000000001,4300.0,0.0004949748743718593,"[0.00000000e+00 4.93852252e-05 9.87704504e-05 1.48155676e-04
 1.97540901e-04 2.46926126e-04 2.96311351e-04 3.45696576e-04
 3.95081801e-04 4.44467027e-04]",18626666.666666668,10
677.0991757540392,329.46094444767414,1.5817539912217906,-1442.911677904718,0.0005107647660667409,8.0,0.9400000000000001,4300.0,0.0005656855707106963,"[0.00000000e+00 5.63417539e-05 1.12683508e-04 1.69025262e-04
 2.25367016e-04 2.81708770e-04 3.38050524e-04 3.94392278e-04
 4.50734031e-04 5.07075785e-04]",16298333.333333336,10
736.5628190149,336.0140411144303,1.5558285211399925,-1543.7075414510764,0.0005090156304538338,9.0,0.9400000000000001,4300.0,0.0006363962670495333,"[0.00000000e+00 6.32741699e-05 1.26548340e-04 1.89822510e-04
 2.53096680e-04 3.16370849e-04 3.79645019e-04 4.42919189e-04
 5.06193359e-04 5.69467529e-04]",14487407.407407409,10
793.3543293693357,339.66988672646727,1.535448765562919,-1637.641559750482,0.000507351388306561,10.0,0.9400000000000001,4300.0,0.0007071069633883705,"[0.00000000e+00 7.01826396e-05 1.40365279e-04 2.10547919e-04
 2.80730558e-04 3.50913198e-04 4.21095838e-04 4.91278477e-04
 5.61461117e-04 6.31643757e-04]",13038666.666666668,10
847.8159345855576,342.5435313748498,1.4877732027333903,-1726.1782836899947,0.0005057504596623413,11.0,0.9400000000000001,4300.0,0.0007738693467336682,"[0.00000000e+00 7.70673280e-05 1.54134656e-04 2.31201984e-04
 3.08269312e-04 3.85336640e-04 4.62403968e-04 5.39471296e-04
 6.16538624e-04 6.93605952e-04]",11853333.333333334,10
899.9035047452795,341.98496308588324,1.4780277199133396,-1809.457355738341,0.0005042267520787844,12.0,0.9400000000000001,4300.0,0.0008442211055276381,"[0.00000000e+00 8.39283982e-05 1.67856796e-04 2.51785195e-04
 3.35713593e-04 4.19641991e-04 5.03570389e-04 5.87498787e-04
 6.71427186e-04 7.55355584e-04]",10865555.555555558,10
950.0505100220792,339.8919464869933,1.442729540784153,-1887.6757589713816,0.000502761578270326,13.0,0.9400000000000001,4300.0,0.000914572864321608,"[0.00000000e+00 9.07660117e-05 1.81532023e-04 2.72298035e-04
 3.63064047e-04 4.53830058e-04 5.44596070e-04 6.35362082e-04
 7.26128094e-04 8.16894105e-04]",10029743.589743592,10
998.7420909350582,336.6793978342644,1.4138544943341331,-1962.7407195581036,0.0005013416556532458,14.0,0.9400000000000001,4300.0,0.0009849246231155779,"[0.00000000e+00 9.75803283e-05 1.95160657e-04 2.92740985e-04
 3.90321313e-04 4.87901642e-04 5.85481970e-04 6.83062298e-04
 7.80642627e-04 8.78222955e-04]",9313333.333333334,10
1045.564140366664,332.3915813667096,1.3821962481452008,-2033.7335485418153,0.0004999790283648893,15.0,0.9400000000000001,4300.0,0.0010552763819095476,"[0.         0.00010437 0.00020874 0.00031311 0.00041749 0.00052186
 0.00062623 0.0007306  0.00083497 0.00093934]",8692444.444444446,10
1091.1033884130939,329.3496272517425,1.3469776933931337,-2102.441312505587,0.0004986537825665565,16.0,0.9400000000000001,4300.0,0.0011198851399856424,"[0.         0.00011114 0.00022228 0.00033342 0.00044456 0.0005557
 0.00066684 0.00077798 0.00088912 0.00100026]",8149166.666666668,10
1134.9900352171603,323.7244478917576,1.3399760305914175,-2167.132003149127,0.0004973845540465811,17.0,0.9400000000000001,4300.0,0.001189877961234745,"[0.         0.00011789 0.00023577 0.00035366 0.00047154 0.00058943
 0.00070731 0.0008252  0.00094308 0.00106097]",7669803.921568629,10
1177.757182630434,317.68668281126685,1.2988419758980168,-2229.567188527086,0.0004961473563402256,18.0,0.9400000000000001,4300.0,0.0012598707824838476,"[0.         0.00012461 0.00024922 0.00037382 0.00049843 0.00062304
 0.00074765 0.00087225 0.00099686 0.00112147]",7243703.703703704,10
1219.483627828643,311.33353665096774,1.279359456991191,-2289.901717066714,0.0004949407577977637,19.0,0.9400000000000001,4300.0,0.0013298636037329505,"[0.         0.00013131 0.00026262 0.00039392 0.00052523 0.00065654
 0.00078785 0.00091916 0.00105046 0.00118177]",6862456.140350877,10
1259.6499311304208,306.720007950361,1.2739069555443394,-2346.0915012764453,0.0004937932815691894,20.0,0.9400000000000001,4300.0,0.0013926776740847092,"[0.         0.00013799 0.00027597 0.00041396 0.00055194 0.00068993
 0.00082791 0.0009659  0.00110389 0.00124187]",6519333.333333334,10
1299.3627184256536,300.03253227138265,1.2470513750616203,-2402.6204793052384,0.0004926475233833073,21.0,0.9400000000000001,4300.0,0.0014623115577889448,"[0.         0.00014464 0.00028928 0.00043392 0.00057857 0.00072321
 0.00086785 0.00101249 0.00115713 0.00130177]",6208888.888888889,10
1338.5316844877532,293.3357743902508,1.2147094183807285,-2457.8986886802595,0.0004915270082692529,22.0,0.9400000000000001,4300.0,0.00153194544149318,"[0.         0.00015127 0.00030255 0.00045382 0.0006051  0.00075637
 0.00090765 0.00105892 0.0012102  0.00136147]",5926666.666666667,10
1376.2506620010272,286.4496661372948,1.190067364129718,-2509.8511571534327,0.0004904488709801713,23.0,0.9400000000000001,4300.0,0.0016015793251974155,"[0.         0.00015789 0.00031577 0.00047366 0.00063155 0.00078943
 0.00094732 0.0011052  0.00126309 0.00142098]",5668985.507246378,10
1413.5407974481604,279.64777079868213,1.1601994016811474,-2562.172804685055,0.0004893689697621099,24.0,0.9400000000000001,4300.0,0.001671213208901651,"[0.         0.00016448 0.00032895 0.00049343 0.0006579  0.00082238
 0.00098686 0.00115133 0.00131581 0.00148029]",5432777.777777779,10
1449.326837983447,274.8966146809931,1.1492696368779036,-2610.500579756357,0.0004883537167309997,25.0,0.9400000000000001,4300.0,0.0017318736539842065,"[0.         0.00017104 0.00034209 0.00051313 0.00068418 0.00085522
 0.00102627 0.00119731 0.00136835 0.0015394 ]",5215466.666666668,10
1484.5765268940036,268.1230296230217,1.1417355304085823,-2658.2910861995842,0.0004873608011445215,26.0,0.9400000000000001,4300.0,0.0018011486001435748,"[0.         0.00017759 0.00035518 0.00053277 0.00071036 0.00088795
 0.00106555 0.00124314 0.00142073 0.00159832]",5014871.794871796,10
1520.3883676342502,261.65955688465266,1.1104726393464146,-2707.2825810275826,0.00048633361953602,27.0,0.9400000000000001,4300.0,0.0018704235463029432,"[0.         0.00018412 0.00036823 0.00055235 0.00073647 0.00092058
 0.0011047  0.00128881 0.00147293 0.00165705]",4829135.802469136,10
1553.8234380389654,254.99041731359446,1.0930476707475925,-2751.113553946074,0.0004853849816755384,28.0,0.9400000000000001,4300.0,0.0019396984924623117,"[0.         0.00019062 0.00038124 0.00057186 0.00076248 0.0009531
 0.00114372 0.00133434 0.00152496 0.00171558]",4656666.666666667,10
1587.5579422811718,250.75201685245995,1.070343274564565,-2796.872604552198,0.0004844179002163285,29.0,0.9400000000000001,4300.0,0.001998564249820531,"[0.         0.0001971  0.00039421 0.00059131 0.00078841 0.00098552
 0.00118262 0.00137972 0.00157683 0.00177393]",4496091.954022989,10
1619.5509184742375,244.3240647591409,1.0699227520734755,-2838.0175707725575,0.00048352832713487436,30.0,0.9400000000000001,4300.0,0.002067480258435032,"[0.         0.00020357 0.00040713 0.0006107  0.00081426 0.00101783
 0.00122139 0.00142496 0.00162852 0.00183209]",4346222.222222223,10
0.0,0.0,0.0,-2.628212131370674,0.00017607258700838655,0.0,0.98,4300.0,0.0,"[0. 0. 0. 0. 0. 0. 0. 0. 0. 0. 0. 0. 0. 0. 0. 0. 0. 0. 0. 0. 0. 0. 0. 0.
 0. 0. 0. 0. 0. 0. 0. 0. 0. 0. 0. 0. 0. 0. 0. 0. 0. 0. 0. 0. 0. 0. 0. 0.
 0. 0. 0. 0. 0. 0. 0. 0. 0. 0. 0. 0. 0. 0. 0. 0. 0. 0. 0. 0. 0. 0. 0. 0.
 0. 0. 0. 0. 0. 0. 0. 0. 0. 0. 0. 0. 0. 0. 0. 0. 0. 0. 0. 0. 0. 0. 0. 0.
 0. 0. 0. 0. 0. 0. 0. 0. 0. 0. 0. 0. 0. 0. 0. 0. 0. 0. 0. 0. 0. 0. 0. 0.
 0. 0. 0. 0. 0. 0. 0. 0. 0. 0. 0. 0. 0. 0. 0. 0. 0. 0. 0. 0. 0. 0. 0. 0.
 0. 0. 0. 0. 0. 0. 0. 0. 0. 0. 0. 0. 0. 0. 0. 0. 0. 0. 0. 0. 0. 0. 0. 0.
 0. 0. 0. 0. 0. 0. 0. 0. 0. 0. 0. 0. 0. 0. 0. 0. 0. 0. 0. 0. 0. 0. 0. 0.
 0. 0. 0. 0. 0. 0. 0. 0.]",,10
41.32187755471774,32.82760541739503,0.43997347268227616,-111.87242143177718,0.00017569541050777726,1.0,0.98,4300.0,7.142857142857142e-05,"[0.00000000e+00 7.13013233e-06 1.42602647e-05 2.13903970e-05
 2.85205293e-05 3.56506616e-05 4.27807940e-05 4.99109263e-05
 5.70410586e-05 6.41711910e-05]",130386666.66666669,10
75.57235002241396,55.48816144934839,0.5251300034235507,-192.96537902885757,0.00017536593858964868,2.0,0.98,4300.0,0.00014285714285714284,"[0.00000000e+00 1.42349355e-05 2.84698711e-05 4.27048066e-05
 5.69397422e-05 7.11746777e-05 8.54096132e-05 9.96445488e-05
 1.13879484e-04 1.28114420e-04]",65193333.33333334,10
105.93377526216946,72.29538422064554,0.5543245228713936,-259.1785319551418,0.00017506999725059528,3.0,0.98,4300.0,0.00021320890165111268,"[0.00000000e+00 2.13145889e-05 4.26291779e-05 6.39437668e-05
 8.52583558e-05 1.06572945e-04 1.27887534e-04 1.49202123e-04
 1.70516712e-04 1.91831301e-04]",43462222.22222223,10
133.55276002104668,84.79839372277206,0.5643157646991251,-315.92878657282563,0.00017479957962612805,4.0,0.98,4300.0,0.0002842785355348169,"[0.0000000e+00 2.8369270e-05 5.6738540e-05 8.5107810e-05 1.1347708e-04
 1.4184635e-04 1.7021562e-04 1.9858489e-04 2.2695416e-04 2.5532343e-04]",32596666.66666667,10
159.08736701319486,94.15526864129026,0.5637955078487877,-366.0533481605671,0.00017454909410508223,5.0,0.98,4300.0,0.00035534816941852116,"[0.00000000e+00 3.53991542e-05 7.07983084e-05 1.06197463e-04
 1.41596617e-04 1.76995771e-04 2.12394925e-04 2.47794079e-04
 2.83193234e-04 3.18592388e-04]",26077333.333333336,10
182.89424617736847,101.05103125860106,0.5614973175874822,-411.0753865426377,0.00017431563769148596,6.0,0.98,4300.0,0.00042641780330222536,"[0.00000000e+00 4.24044153e-05 8.48088306e-05 1.27213246e-04
 1.69617661e-04 2.12022077e-04 2.54426492e-04 2.96830907e-04
 3.39235322e-04 3.81639738e-04]",21731111.111111116,10
205.31343174479153,106.39484927554194,0.553574155506764,-452.30340780934785,0.00017409516137157532,7.0,0.98,4300.0,0.0004949748743718593,"[0.00000000e+00 4.93852252e-05 9.87704504e-05 1.48155676e-04
 1.97540901e-04 2.46926126e-04 2.96311351e-04 3.45696576e-04
 3.95081801e-04 4.44467027e-04]",18626666.666666668,10
226.52604226755312,109.89851902085654,0.5449858977406773,-490.23388413018256,0.00017388708054033762,8.0,0.98,4300.0,0.0005656855707106963,"[0.00000000e+00 5.63417539e-05 1.12683508e-04 1.69025262e-04
 2.25367016e-04 2.81708770e-04 3.38050524e-04 3.94392278e-04
 4.50734031e-04 5.07075785e-04]",16298333.333333336,10
246.6251494393768,112.13398947731133,0.5381222604948692,-525.411927248846,0.0001736898239528013,9.0,0.98,4300.0,0.0006363962670495333,"[0.00000000e+00 6.32741699e-05 1.26548340e-04 1.89822510e-04
 2.53096680e-04 3.16370849e-04 3.79645019e-04 4.42919189e-04
 5.06193359e-04 5.69467529e-04]",14487407.407407409,10
265.84707550540963,113.39833167560333,0.5327228621821066,-558.3336851351487,0.00017350166451601183,10.0,0.98,4300.0,0.0007071069633883705,"[0.00000000e+00 7.01826396e-05 1.40365279e-04 2.10547919e-04
 2.80730558e-04 3.50913198e-04 4.21095838e-04 4.91278477e-04
 5.61461117e-04 6.31643757e-04]",13038666.666666668,10
284.3041161764668,114.39935875164011,0.5187614327559645,-589.4916445705021,0.00017332023851388573,11.0,0.98,4300.0,0.0007738693467336682,"[0.00000000e+00 7.70673280e-05 1.54134656e-04 2.31201984e-04
 3.08269312e-04 3.85336640e-04 4.62403968e-04 5.39471296e-04
 6.16538624e-04 6.93605952e-04]",11853333.333333334,10
301.97991132183466,114.24434518470008,0.5159990883090103,-618.9228879475122,0.00017314714321543765,12.0,0.98,4300.0,0.0008442211055276381,"[0.00000000e+00 8.39283982e-05 1.67856796e-04 2.51785195e-04
 3.35713593e-04 4.19641991e-04 5.03570389e-04 5.87498787e-04
 6.71427186e-04 7.55355584e-04]",10865555.555555558,10
319.0168879142769,113.57793897758162,0.5060685890954907,-646.6662091889593,0.0001729803295215907,13.0,0.98,4300.0,0.000914572864321608,"[0.00000000e+00 9.07660117e-05 1.81532023e-04 2.72298035e-04
 3.63064047e-04 4.53830058e-04 5.44596070e-04 6.35362082e-04
 7.26128094e-04 8.16894105e-04]",10029743.589743592,10
335.5792182993506,112.53480379560261,0.496097429779029,-673.3899951296044,0.00017281830681451939,14.0,0.98,4300.0,0.0009849246231155779,"[0.00000000e+00 9.75803283e-05 1.95160657e-04 2.92740985e-04
 3.90321313e-04 4.87901642e-04 5.85481970e-04 6.83062298e-04
 7.80642627e-04 8.78222955e-04]",9313333.333333334,10
351.52332367180895,111.12608951247718,0.4883881263262931,-698.7723294465686,0.00017266250157979603,15.0,0.98,4300.0,0.0010552763819095476,"[0.         0.00010437 0.00020874 0.00031311 0.00041749 0.00052186
 0.00062623 0.0007306  0.00083497 0.00093934]",8692444.444444446,10
367.04458220471935,110.13240609615998,0.47670345990802476,-723.3832765698462,0.0001725106850367033,16.0,0.98,4300.0,0.0011198851399856424,"[0.         0.00011114 0.00022228 0.00033342 0.00044456 0.0005557
 0.00066684 0.00077798 0.00088912 0.00100026]",8149166.666666668,10
382.02143802957494,108.274501227196,0.4728474732055604,-746.6700010500208,0.0001723649636194867,17.0,0.98,4300.0,0.001189877961234745,"[0.         0.00011789 0.00023577 0.00035366 0.00047154 0.00058943
 0.00070731 0.0008252  0.00094308 0.00106097]",7669803.921568629,10
396.6313466709148,106.2692385981715,0.4629943793026112,-769.1894271699712,0.00017222264939486504,18.0,0.98,4300.0,0.0012598707824838476,"[0.         0.00012461 0.00024922 0.00037382 0.00049843 0.00062304
 0.00074765 0.00087225 0.00099686 0.00112147]",7243703.703703704,10
410.90132675704655,104.16541992692541,0.4534971047800518,-791.0393436306913,0.0001720835836909782,19.0,0.98,4300.0,0.0013298636037329505,"[0.         0.00013131 0.00026262 0.00039392 0.00052523 0.00065654
 0.00078785 0.00091916 0.00105046 0.00118177]",6862456.140350877,10
424.6461692227045,102.6350285847707,0.455762977841016,-811.4637964465219,0.0001719511239279239,20.0,0.98,4300.0,0.0013926776740847092,"[0.         0.00013799 0.00027597 0.00041396 0.00055194 0.00068993
 0.00082791 0.0009659  0.00110389 0.00124187]",6519333.333333334,10
438.25483082291464,100.41444599963918,0.4485975316809883,-832.0479586794681,0.0001718185876971466,21.0,0.98,4300.0,0.0014623115577889448,"[0.         0.00014464 0.00028928 0.00043392 0.00057857 0.00072321
 0.00086785 0.00101249 0.00115713 0.00130177]",6208888.888888889,10
451.6904988161137,98.18449318435086,0.4379878118841085,-852.2524551562528,0.00017168875648823086,22.0,0.98,4300.0,0.00153194544149318,"[0.         0.00015127 0.00030255 0.00045382 0.0006051  0.00075637
 0.00090765 0.00105892 0.0012102  0.00136147]",5926666.666666667,10
464.6421140741794,95.89024602389865,0.43072572257461295,-871.2950055261899,0.00017156359570894605,23.0,0.98,4300.0,0.0016015793251974155,"[0.         0.00015789 0.00031577 0.00047366 0.00063155 0.00078943
 0.00094732 0.0011052  0.00126309 0.00142098]",5668985.507246378,10
477.45883526978116,93.62601751148199,0.4157690215273777,-890.490620490862,0.00017143802686327982,24.0,0.98,4300.0,0.001671213208901651,"[0.         0.00016448 0.00032895 0.00049343 0.0006579  0.00082238
 0.00098686 0.00115133 0.00131581 0.00148029]",5432777.777777779,10
489.76298668741373,92.04730219727789,0.41420179147364716,-908.3261169480247,0.00017131982048369107,25.0,0.98,4300.0,0.0017318736539842065,"[0.         0.00017104 0.00034209 0.00051313 0.00068418 0.00085522
 0.00102627 0.00119731 0.00136835 0.0015394 ]",5215466.666666668,10
501.90215003232817,89.7869187822666,0.4141446002334764,-926.0071255228686,0.00017120394943741203,26.0,0.98,4300.0,0.0018011486001435748,"[0.         0.00017759 0.00035518 0.00053277 0.00071036 0.00088795
 0.00106555 0.00124314 0.00142073 0.00159832]",5014871.794871796,10
514.2437605167792,87.63141955309366,0.40079039102015473,-944.1047511192592,0.00017108393411003565,27.0,0.98,4300.0,0.0018704235463029432,"[0.         0.00018412 0.00036823 0.00055235 0.00073647 0.00092058
 0.0011047  0.00128881 0.00147293 0.00165705]",4829135.802469136,10
525.7807212070419,85.40545674020674,0.3978538075263498,-960.4545615202805,0.00017097285501874732,28.0,0.98,4300.0,0.0019396984924623117,"[0.         0.00019062 0.00038124 0.00057186 0.00076248 0.0009531
 0.00114372 0.00133434 0.00152496 0.00171558]",4656666.666666667,10
537.4184851058353,83.99518229528276,0.3886190317116624,-977.4693800458772,0.00017085958148098,29.0,0.98,4300.0,0.001998564249820531,"[0.         0.0001971  0.00039421 0.00059131 0.00078841 0.00098552
 0.00118262 0.00137972 0.00157683 0.00177393]",4496091.954022989,10
548.4784332093536,81.84837430736933,0.3893253097285997,-992.8969790664996,0.0001707550747750446,30.0,0.98,4300.0,0.002067480258435032,"[0.         0.00020357 0.00040713 0.0006107  0.00081426 0.00101783
 0.00122139 0.00142496 0.00162852 0.00183209]",4346222.222222223,10
