CAPE_u,CAPE_ext,CAPE_dist,dh,sat_def,P,RH,dz,ent_b,ent_std
0.0,0.0,0.0,-2.1237246499294997,0.006691839602623936,0.0,0.02,4250.0,0.0,
730.6026835466683,667.8739603053707,341.6701618697502,-2286.4322892020136,0.006484387588782201,1.0,0.02,4200.0,3.356066044508255e-05,4.9992069978937835e-06
1274.6817508020963,1144.0945988586736,589.7530319964061,-4074.437626932973,0.006361972990673894,2.0,0.02,4200.0,6.460875807609475e-05,9.998413995787567e-06
1703.64964415716,1501.764513584075,760.3472210306957,-5518.024519869607,0.0062576886947176905,3.0,0.02,4200.0,9.36826992103374e-05,1.4997620993681352e-05
2056.7519362587195,1780.9801116963654,879.7999886593409,-6713.652676165686,0.006164691836062651,4.0,0.02,4200.0,0.00012132089016511126,1.9996827991575134e-05
2356.863199360029,2005.204151499753,965.2201291210881,-7724.405464927768,0.006080190668321672,5.0,0.02,4200.0,0.00014895908111988516,2.4996034989468922e-05
2618.443437284545,2189.2955477119535,1026.705098088082,-8592.756850724705,0.00600244197542561,6.0,0.02,4200.0,0.00017444364680545583,2.9995241987362704e-05
2850.939833079705,2343.026433477659,1071.2267340445349,-9350.528648252293,0.0059294772961399735,7.0,0.02,4200.0,0.00020100502512562814,3.4994448985256496e-05
3060.5717573073266,2472.944512766947,1103.8477882878824,-10017.540132659502,0.005832220919900412,8.0,0.02,4150.0,0.00022541277817659725,3.999365598315027e-05
3252.009527493734,2583.8348307743236,1126.2794250619274,-10613.133301320893,0.005768811499161319,9.0,0.02,4150.0,0.0002503589375448672,4.499286298104406e-05
3429.4345059422963,2679.802163102829,1142.4245205941124,-11149.649282197817,0.005708396933741241,10.0,0.02,4150.0,0.0002745872218234027,4.9992069978937845e-05
3594.001796173287,2762.695512961203,1155.4092186717469,-11633.5543596102,0.005651740481579791,11.0,0.02,4150.0,0.00029809763101220385,5.499127697683162e-05
3748.394082048361,2834.959749085556,1162.332397205402,-12077.767099208693,0.005597097562690962,12.0,0.02,4150.0,0.00032089016511127063,5.999048397472541e-05
3894.858448837083,2898.5699132393497,1163.792888854319,-12486.962537723906,0.0055439909045125165,13.0,0.02,4150.0,0.0003452979181622397,6.49896909726192e-05
4032.3317845835463,2953.6402020173973,1166.3459003149335,-12861.445308033675,0.0054944748685626125,14.0,0.02,4150.0,0.00036683417085427134,6.998889797051299e-05
4163.627373096723,3002.16982982274,1165.5791025172343,-13211.457599976027,0.0054462992235848355,15.0,0.02,4150.0,0.0003903445800430725,7.498810496840675e-05
4289.075615230344,3044.9203394485216,1163.7046293319884,-13536.595005130046,0.005400527871211075,16.0,0.02,4150.0,0.00041062455132806887,7.998731196630054e-05
4409.06014050095,3082.2699622501796,1160.2239981759337,-13843.124307972721,0.005355341218131424,17.0,0.02,4150.0,0.000433237616654702,8.498651896419433e-05
4524.763691824135,3115.255696426093,1154.7948926635604,-14130.197080595775,0.005312322418672878,18.0,0.02,4150.0,0.000455491744436468,8.998572596208812e-05
4636.329195328309,3144.1054459572792,1150.5025156433214,-14402.129725488165,0.005270114582025123,19.0,0.02,4150.0,0.00047738693467336686,9.49849329599819e-05
4744.2008410530725,3169.2847646489367,1144.2039038217604,-14660.657168072772,0.005229204107499248,20.0,0.02,4150.0,0.0004989231873653984,9.998413995787569e-05
4848.389756987736,3191.2474400451806,1139.3631422760027,-14903.502464889636,0.005190103345133115,21.0,0.02,4150.0,0.0005201005025125628,0.00010498334695576949
4949.186068376771,3210.2302536902753,1131.0672155082882,-15135.446125793009,0.005152726876564378,22.0,0.02,4150.0,0.0005409188801148599,0.00010998255395366325
5046.72821718712,3226.30434786267,1123.718725502936,-15358.773941931911,0.005115656441626915,23.0,0.02,4150.0,0.0005613783201722899,0.00011498176095155703
5141.672573266666,3239.9915372616806,1117.86049601388,-15569.369144889315,0.005057455132913073,24.0,0.02,4100.0,0.0005814788226848528,0.00011998096794945082
5233.542580318073,3251.2718853626343,1110.914266783975,-15770.991945495538,0.00502367449159998,25.0,0.02,4100.0,0.0006012203876525485,0.0001249801749473446
5324.166673235302,3260.9173188537857,1104.1096153463118,-15968.415561481917,0.004988835171248478,26.0,0.02,4100.0,0.0006206030150753768,0.0001299793819452384
5411.385213664893,3268.4631565021527,1097.5648332122444,-16153.708412332911,0.004956937927544718,27.0,0.02,4100.0,0.000639626704953338,0.00013497858894313217
5498.301031164774,3274.717811203701,1088.075357906559,-16337.396087014415,0.0049235707331755614,28.0,0.02,4100.0,0.0006633165829145729,0.00013997779594102598
5582.128307358834,3279.2827290795026,1079.048727286595,-16511.281626079734,0.004893684055735878,29.0,0.02,4100.0,0.0006818018664752333,0.00014497700293891974
5662.982961971966,3281.9074309908797,1072.9845312939956,-16678.405459432703,0.004863320258686606,30.0,0.02,4100.0,0.0006999282124910266,0.0001499762099368135
0.0,0.0,0.0,-2.1237246499294997,0.006390630270892692,0.0,0.06041666666666666,4250.0,0.0,
698.5021683708146,638.5027581473503,326.64410034232105,-2186.538881463377,0.006199935854103334,1.0,0.06041666666666666,4200.0,3.356066044508255e-05,4.9992069978937835e-06
1219.3092196340908,1094.3128378490294,564.0715474316789,-3899.746657518721,0.006088267402058428,2.0,0.06041666666666666,4200.0,6.460875807609475e-05,9.998413995787567e-06
1630.4409259317777,1437.0819056040687,727.5667380675918,-5285.310121085517,0.00599299590767195,3.0,0.06041666666666666,4200.0,9.36826992103374e-05,1.4997620993681352e-05
1969.2840894124035,1705.017584958918,842.2403844140209,-6434.721379436269,0.005907925355564562,4.0,0.06041666666666666,4200.0,0.00012132089016511126,1.9996827991575134e-05
2257.6248144086035,1920.475352415902,924.4086604688274,-7407.879819855945,0.005830533578832912,5.0,0.06041666666666666,4200.0,0.00014895908111988516,2.4996034989468922e-05
2509.232073351104,2097.6092542412734,983.6969979263667,-8245.15990557013,0.005759249126285667,6.0,0.06041666666666666,4200.0,0.00017444364680545583,2.9995241987362704e-05
2733.113704349316,2245.7442148504824,1026.7621350689599,-8976.862122405946,0.005692283169124351,7.0,0.06041666666666666,4200.0,0.00020100502512562814,3.4994448985256496e-05
2935.1744647302608,2371.1056114776643,1058.4281471244624,-9621.739384188542,0.0056301587220413014,8.0,0.06041666666666666,4200.0,0.00022541277817659725,3.999365598315027e-05
3119.8724223147588,2478.2616054051437,1080.3246627009485,-10198.367013473027,0.005543137212132101,9.0,0.06041666666666666,4150.0,0.0002503589375448672,4.499286298104406e-05
3291.2042741406794,2571.1365993047275,1096.1967307811376,-10718.514337415923,0.005487545127794858,10.0,0.06041666666666666,4150.0,0.0002745872218234027,4.9992069978937845e-05
3450.238239544925,2651.467255198214,1109.029220771905,-11188.19414015759,0.00543537119096969,11.0,0.06041666666666666,4150.0,0.00029809763101220385,5.499127697683162e-05
3599.557649019159,2721.616138711714,1116.0301164369662,-11619.87583901958,0.0053850100921107365,12.0,0.06041666666666666,4150.0,0.00032089016511127063,5.999048397472541e-05
3741.3225370314785,2783.4770689276593,1117.7805524128369,-12018.075099353387,0.005336030470362314,13.0,0.06041666666666666,4150.0,0.0003452979181622397,6.49896909726192e-05
3874.4528853880947,2837.1133390408295,1120.5639808554013,-12382.775715178068,0.005290330102124825,14.0,0.06041666666666666,4150.0,0.00036683417085427134,6.998889797051299e-05
4001.6830058852847,2884.469962346161,1120.14540875247,-12724.086165247085,0.005245834808040147,15.0,0.06041666666666666,4150.0,0.0003903445800430725,7.498810496840675e-05
4123.308414714283,2926.2519830728925,1118.6459372671611,-13041.437075672162,0.005203532323508574,16.0,0.06041666666666666,4150.0,0.00041062455132806887,7.998731196630054e-05
4239.7120442747655,2962.8544275485942,1115.5962025400459,-13340.964667991037,0.005161745225313199,17.0,0.06041666666666666,4150.0,0.000433237616654702,8.498651896419433e-05
4352.011608708634,2995.2516873375735,1110.6555081902,-13621.71409748814,0.0051219368406340325,18.0,0.06041666666666666,4150.0,0.000455491744436468,8.998572596208812e-05
4460.354948287075,3023.6667570324958,1106.806646535914,-13887.921601161768,0.005082856711399059,19.0,0.06041666666666666,4150.0,0.00047738693467336686,9.49849329599819e-05
4565.162808384101,3048.5457509313064,1101.0120371690002,-14141.20740040789,0.005044954817637558,20.0,0.06041666666666666,4150.0,0.0004989231873653984,9.998413995787569e-05
4666.42385340327,3070.294350092878,1096.6129329833545,-14379.309790811487,0.005008710539075434,21.0,0.06041666666666666,4150.0,0.0005201005025125628,0.00010498334695576949
4764.415264900832,3089.169639812705,1088.8636210700304,-14606.839167390637,0.004974042996913057,22.0,0.06041666666666666,4150.0,0.0005409188801148599,0.00010998255395366325
4859.290682152599,3105.2430165976043,1082.0204128422274,-14826.103878792732,0.0049396412452288345,23.0,0.06041666666666666,4150.0,0.0005613783201722899,0.00011498176095155703
4951.672364899865,3119.0054458395093,1076.6080933038006,-15033.154572837033,0.004906388749075458,24.0,0.06041666666666666,4150.0,0.0005814788226848528,0.00011998096794945082
5041.086283690114,3130.410721985866,1070.1331404731743,-15231.26794107486,0.004874769640315475,25.0,0.06041666666666666,4150.0,0.0006012203876525485,0.0001249801749473446
5129.344021762839,3140.2761080798564,1063.7967668115975,-15425.49012630526,0.004820685896522612,26.0,0.06041666666666666,4100.0,0.0006206030150753768,0.0001299793819452384
5214.280526983098,3148.0774432073426,1057.6866299455037,-15608.045502368783,0.004791033704675224,27.0,0.06041666666666666,4100.0,0.000639626704953338,0.00013497858894313217
5298.983499658658,3154.658496143057,1048.7432216417624,-15788.99516684634,0.004760000712561349,28.0,0.06041666666666666,4100.0,0.0006633165829145729,0.00013997779594102598
5380.65144768022,3159.559964701149,1040.219526280591,-15960.480643903407,0.004732186351943878,29.0,0.06041666666666666,4100.0,0.0006818018664752333,0.00014497700293891974
5459.479448483343,3162.572648946655,1034.5586434632712,-16125.226590591054,0.004703922087777022,30.0,0.06041666666666666,4100.0,0.0006999282124910266,0.0001499762099368135
0.0,0.0,0.0,-2.1237246499294997,0.006091887669657143,0.0,0.10083333333333333,4250.0,0.0,
666.5886798694669,609.3050315804603,311.70661787822377,-2087.181702815549,0.005917100660927996,1.0,0.10083333333333333,4200.0,3.356066044508255e-05,4.9992069978937835e-06
1164.199028040261,1044.7740792638976,538.5174565139347,-3725.675196432967,0.0058156070655439145,2.0,0.10083333333333333,4200.0,6.460875807609475e-05,9.998413995787567e-06
1557.5003035201319,1372.6486035948576,694.9137342103677,-5053.058706370823,0.0057288893676320585,3.0,0.10083333333333333,4200.0,9.36826992103374e-05,1.4997620993681352e-05
1882.051387823654,1629.277597228487,804.7930235937918,-6155.957165333748,0.005651357047550642,4.0,0.10083333333333333,4200.0,0.00012132089016511126,1.9996827991575134e-05
2158.5601320054307,1835.91878038797,883.6807437579239,-7091.143339269009,0.0055807394963625235,5.0,0.10083333333333333,4200.0,0.00014895908111988516,2.4996034989468922e-05
2400.118329927337,2006.034868815753,940.7411103471034,-7896.925798111639,0.005515625210597604,6.0,0.10083333333333333,4200.0,0.00017444364680545583,2.9995241987362704e-05
2615.2958327828196,2148.50423850251,982.314112006326,-8602.102109703148,0.005454394262247352,7.0,0.10083333333333333,4200.0,0.00020100502512562814,3.4994448985256496e-05
2809.6876944813584,2269.2337246653315,1012.9904645165078,-9224.43516248976,0.005397536703637557,8.0,0.10083333333333333,4200.0,0.00022541277817659725,3.999365598315027e-05
2987.542341744207,2372.5793656105902,1034.316776363237,-9781.558842593797,0.005316348956525679,9.0,0.10083333333333333,4150.0,0.0002503589375448672,4.499286298104406e-05
3152.6751298111653,2462.2856692895975,1049.8803542985129,-10284.859814779607,0.0052653866158610205,10.0,0.10083333333333333,4150.0,0.0002745872218234027,4.9992069978937845e-05
3306.0692634366915,2539.9796906055794,1062.5279909422857,-10739.846370841136,0.005217521373131539,11.0,0.10083333333333333,4150.0,0.00029809763101220385,5.499127697683162e-05
3450.2072605566045,2607.939694735396,1069.5784675092698,-11158.532381085279,0.005171281593457336,12.0,0.10083333333333333,4150.0,0.00032089016511127063,5.999048397472541e-05
3587.1594388179788,2667.974817903661,1071.5902888103112,-11545.272242884304,0.0051262786229922044,13.0,0.10083333333333333,4150.0,0.0003452979181622397,6.49896909726192e-05
3715.8394320154352,2720.109704016176,1074.5765449947196,-11899.749676539912,0.005084259263432929,14.0,0.10083333333333333,4150.0,0.00036683417085427134,6.998889797051299e-05
3838.895235173049,2766.2253506577126,1074.4817046844196,-12231.920234683836,0.005043318474564735,15.0,0.10083333333333333,4150.0,0.0003903445800430725,7.498810496840675e-05
3956.588931876875,2806.974045459507,1073.3355458803617,-12541.061527701124,0.005004369797421618,16.0,0.10083333333333333,4150.0,0.00041062455132806887,7.998731196630054e-05
4069.305545039721,2842.767465227721,1070.6938983143305,-12833.168565191423,0.004965872780086611,17.0,0.10083333333333333,4150.0,0.000433237616654702,8.498651896419433e-05
4178.092437215263,2874.512489955738,1066.223754810492,-13107.191298095087,0.004929174463389409,18.0,0.10083333333333333,4150.0,0.000455491744436468,8.998572596208812e-05
4283.108993230344,2902.4372448696063,1062.798063693611,-13367.276990145278,0.004893127392689345,19.0,0.10083333333333333,4150.0,0.00047738693467336686,9.49849329599819e-05
4384.745363323548,2926.957271999201,1057.4914893699038,-13614.935316339033,0.00485814557144182,20.0,0.10083333333333333,4150.0,0.0004989231873653984,9.998413995787569e-05
4482.975663325648,2948.4397719298754,1053.5171185128063,-13847.923837577997,0.0048246764360173056,21.0,0.10083333333333333,4150.0,0.0005201005025125628,0.00010498334695576949
4578.060686267736,2967.157437259677,1046.3012115993479,-14070.68153899609,0.00479264325462634,22.0,0.10083333333333333,4150.0,0.0005409188801148599,0.00010998255395366325
4670.17031587241,2983.180339325406,1039.9490869837014,-14285.530770334546,0.004760838662179297,23.0,0.10083333333333333,4150.0,0.0005613783201722899,0.00011498176095155703
4759.88828282232,2996.9722965678975,1034.970345790209,-14488.739417164426,0.0047300821256848315,24.0,0.10083333333333333,4150.0,0.0005814788226848528,0.00011998096794945082
4846.7504401653,3008.47003434049,1028.9544634474853,-14683.087352561299,0.004700821235032417,25.0,0.10083333333333333,4150.0,0.0006012203876525485,0.0001249801749473446
4932.541296801221,3018.499508333016,1023.0752790585605,-14873.779972484459,0.004670641676450444,26.0,0.10083333333333333,4150.0,0.0006206030150753768,0.0001299793819452384
5015.1018298155095,3026.518251197352,1017.3896970159251,-15053.216964032908,0.004642779440536864,27.0,0.10083333333333333,4150.0,0.000639626704953338,0.00013497858894313217
5097.494007540041,3033.3831154504574,1008.9833811846373,-15231.051494177358,0.0046138414452228755,28.0,0.10083333333333333,4150.0,0.0006633165829145729,0.00013997779594102598
5176.911839180098,3038.5864069395543,1000.9554398878729,-15399.83357455561,0.004567589666680002,29.0,0.10083333333333333,4100.0,0.0006818018664752333,0.00014497700293891974
5253.622055635866,3041.9542892299796,995.6887961971829,-15561.916494618337,0.0045413791005687685,30.0,0.10083333333333333,4100.0,0.0006999282124910266,0.0001499762099368135
0.0,0.0,0.0,-2.1237246499294997,0.005795565446830747,0.0,0.14125,4250.0,0.0,
634.8593673698688,580.2781353754403,296.85635602832144,-1988.3531652248712,0.005635858760247433,1.0,0.14125,4200.0,3.356066044508255e-05,4.9992069978937835e-06
1109.345820954095,995.4732373876583,513.087150705292,-3552.2167437149183,0.005543981250580303,2.0,0.14125,4200.0,6.460875807609475e-05,9.998413995787567e-06
1484.8268595282861,1308.4636481336931,662.3881987199983,-4821.267520786474,0.005465366337020462,3.0,0.14125,4200.0,9.36826992103374e-05,1.4997620993681352e-05
1795.051553405911,1553.7580514798267,767.4553363763043,-5877.361337386887,0.005394989347592932,4.0,0.14125,4200.0,0.00012132089016511126,1.9996827991575134e-05
2059.6705344900947,1751.5359916836348,843.0381575494051,-6774.200642538395,0.005330814039150947,5.0,0.14125,4200.0,0.00014895908111988516,2.4996034989468922e-05
2291.101716938471,1914.5720474469733,897.8365668677155,-7548.061351013559,0.0052715774680445705,6.0,0.14125,4200.0,0.00017444364680545583,2.9995241987362704e-05
2497.485728918217,2051.3061910574274,937.8816399153155,-8226.25630282476,0.005215818430775711,7.0,0.14125,4200.0,0.00020100502512562814,3.4994448985256496e-05
2684.1128090102106,2167.331115344746,967.5330721219254,-8825.576941176769,0.00516399372315686,8.0,0.14125,4200.0,0.00022541277817659725,3.999365598315027e-05
2855.023710134514,2266.7925251817483,988.2551974424332,-9362.774060183307,0.00511473047238565,9.0,0.14125,4200.0,0.0002503589375448672,4.499286298104406e-05
3013.849792775866,2353.252587608079,1003.4774843113804,-9848.687773936093,0.005041927000562068,10.0,0.14125,4150.0,0.0002745872218234027,4.9992069978937845e-05
3161.4953482812166,2428.2334398596863,1015.9081734018773,-10288.508963574306,0.004998194937666428,11.0,0.14125,4150.0,0.00029809763101220385,5.499127697683162e-05
3300.3436555318003,2493.9320849873684,1022.9766494957343,-10693.729454506742,0.004955913586377127,12.0,0.14125,4150.0,0.00032089016511127063,5.999048397472541e-05
3432.371651925573,2552.0677162403103,1025.2211640744808,-11068.540155213326,0.004914734608440241,13.0,0.14125,4150.0,0.0003452979181622397,6.49896909726192e-05
3556.4902604895196,2602.630136474533,1028.3848571727235,-11412.346574168718,0.004876258727917484,14.0,0.14125,4150.0,0.00036683417085427134,6.998889797051299e-05
3675.262697239665,2647.4372955091208,1028.588408326303,-11734.931183999033,0.004838743883977998,15.0,0.14125,4150.0,0.0003903445800430725,7.498810496840675e-05
3788.9156724699756,2687.0860813283375,1027.7722718998825,-12035.43111426747,0.004803030837960925,16.0,0.14125,4150.0,0.00041062455132806887,7.998731196630054e-05
3897.834915979506,2722.0073222925243,1025.5176687310636,-12319.68977744774,0.004767711204408426,17.0,0.14125,4150.0,0.000433237616654702,8.498651896419433e-05
4003.002048822506,2753.039317483128,1021.4973123040085,-12586.57224976943,0.004734019644251959,18.0,0.14125,4150.0,0.000455491744436468,8.998572596208812e-05
4104.582171111024,2780.412296017016,1018.4759940044464,-12840.129756411727,0.004700907325420514,19.0,0.14125,4150.0,0.00047738693467336686,9.49849329599819e-05
4202.940190410394,2804.517253052687,1013.6394405515231,-13081.763810272168,0.004668753989756924,20.0,0.14125,4150.0,0.0004989231873653984,9.998413995787569e-05
4298.033680755872,2825.6781790841965,1010.0730820044588,-13309.256638669205,0.004637974972276366,21.0,0.14125,4150.0,0.0005201005025125628,0.00010498334695576949
4390.11039227919,2844.188895799888,1003.3758716713082,-13526.874343469215,0.0046084982164399805,22.0,0.14125,4150.0,0.0005409188801148599,0.00010998255395366325
4479.350481457126,2860.1108698420567,997.5013543141386,-13736.94352173074,0.004579216251598806,23.0,0.14125,4150.0,0.0005613783201722899,0.00011498176095155703
4566.303680130508,2873.8828743975796,992.9424168419247,-13935.949391996444,0.004550885475535,24.0,0.14125,4150.0,0.0005814788226848528,0.00011998096794945082
4650.514707395982,2885.4399381952503,987.373349184213,-14126.194349675228,0.00452391872635363,25.0,0.14125,4150.0,0.0006012203876525485,0.0001249801749473446
4733.736488676694,2895.5783415172773,981.9395670894901,-14313.050664527262,0.004496093874330987,26.0,0.14125,4150.0,0.0006206030150753768,0.0001299793819452384
4813.826059731477,2903.773829720691,976.6672687007048,-14489.105470964627,0.004470391614235871,27.0,0.14125,4150.0,0.000639626704953338,0.00013497858894313217
4893.805705371465,2910.881202131956,968.7892125361914,-14663.56651331899,0.004443686001030211,28.0,0.14125,4150.0,0.0006633165829145729,0.00013997779594102598
4970.879823691273,2916.347765410657,961.2494342817758,-14829.117436639805,0.00441962113896199,29.0,0.14125,4150.0,0.0006818018664752333,0.00014497700293891974
5045.377887518228,2920.0359817501835,956.3678357533396,-14988.339299059546,0.004395171267879773,30.0,0.14125,4150.0,0.0006999282124910266,0.0001499762099368135
0.0,0.0,0.0,-2.1237246499294997,0.005501618660993763,0.0,0.18166666666666664,4250.0,0.0,
603.3115283766056,551.4195667974047,282.09206354533706,-1890.045879020974,0.005356187504773898,1.0,0.18166666666666664,4200.0,3.356066044508255e-05,4.9992069978937835e-06
1054.7469882000005,946.4079626102446,487.77970508167164,-3379.364967290261,0.005273379489531855,2.0,0.18166666666666664,4200.0,6.460875807609475e-05,9.998413995787567e-06
1412.415926307749,1244.5229076395099,629.9882456292914,-4589.933922442564,0.005202424179919653,3.0,0.18166666666666664,4200.0,9.36826992103374e-05,1.4997620993681352e-05
1708.284873979607,1478.459443482067,730.228663426789,-5598.9352931175745,0.005138824727071789,4.0,0.18166666666666664,4200.0,0.00012132089016511126,1.9996827991575134e-05
1960.954409911223,1667.325449801037,802.4774898524347,-6457.056536527321,0.005080762809218085,5.0,0.18166666666666664,4200.0,0.00014895908111988516,2.4996034989468922e-05
2182.183128811691,1823.2224033571742,854.9828179438133,-7198.573512875293,0.00502711324506255,6.0,0.18166666666666664,4200.0,0.00017444364680545583,2.9995241987362704e-05
2379.6848792430123,1954.1517175850452,893.4659168319106,-7849.332538595612,0.004976563718026819,7.0,0.18166666666666664,4200.0,0.00020100502512562814,3.4994448985256496e-05
2558.451120707915,2065.3994115823625,922.0580782808834,-8425.172167580517,0.00492953763546943,8.0,0.18166666666666664,4200.0,0.00022541277817659725,3.999365598315027e-05
2722.3159812185895,2160.90113225858,942.1426004425576,-8941.984333476474,0.00488479612760699,9.0,0.18166666666666664,4200.0,0.0002503589375448672,4.499286298104406e-05
2874.730908134609,2244.040446478854,956.9891567872374,-9410.033281405784,0.00484201234711486,10.0,0.18166666666666664,4200.0,0.0002745872218234027,4.9992069978937845e-05
3016.5204509462974,2316.233313589737,969.1688860121825,-9834.180693222268,0.0047773959541949065,11.0,0.18166666666666664,4150.0,0.00029809763101220385,5.499127697683162e-05
3149.9674095758664,2379.5950881711206,976.2268375057052,-10225.460469387304,0.0047389081323090596,12.0,0.18166666666666664,4150.0,0.00032089016511127063,5.999048397472541e-05
3276.9599210042343,2435.7582323794113,978.6756624517337,-10587.866104148357,0.004701397880322538,13.0,0.18166666666666664,4150.0,0.0003452979181622397,6.49896909726192e-05
3396.407207833352,2484.676417883927,981.9876435776607,-10920.546607960408,0.004666325558271358,14.0,0.18166666666666664,4150.0,0.00036683417085427134,6.998889797051299e-05
3510.7836919423753,2528.1065042945716,982.4661568248802,-11233.091554626946,0.004632104946852119,15.0,0.18166666666666664,4150.0,0.0003903445800430725,7.498810496840675e-05
3620.286348337478,2566.590246014403,981.9553038050706,-11524.509686681871,0.004599506647722039,16.0,0.18166666666666664,4150.0,0.00041062455132806887,7.998731196630054e-05
3725.2968227646934,2600.5732279030744,980.0666576371945,-11800.482849440697,0.004567248331967151,17.0,0.18166666666666664,4150.0,0.000433237616654702,8.498651896419433e-05
3826.7346488029557,2630.8308488997095,976.474920865499,-12059.802060833194,0.004536456997561924,18.0,0.18166666666666664,4150.0,0.000455491744436468,8.998572596208812e-05
3924.767754389944,2657.5899346772485,973.838665152781,-12306.414144409653,0.004506177974864472,19.0,0.18166666666666664,4150.0,0.00047738693467336686,9.49849329599819e-05
4019.7391927626772,2681.2228777170412,969.4528244572614,-12541.616649298798,0.004476757888565719,20.0,0.18166666666666664,4150.0,0.0004989231873653984,9.998413995787569e-05
4111.587584721393,2702.0073437936367,966.2776703201118,-12763.221109947423,0.00444858072923188,21.0,0.18166666666666664,4150.0,0.0005201005025125628,0.00010498334695576949
4200.551103936929,2720.2567155189136,960.0841572890906,-12975.318863665321,0.004421578924896703,22.0,0.18166666666666664,4150.0,0.0005409188801148599,0.00010998255395366325
4286.816046577531,2736.028292562119,954.6734557607695,-13180.23191882584,0.004394741383004903,23.0,0.18166666666666664,4150.0,0.0005613783201722899,0.00011498176095155703
4370.901558180571,2749.731823416255,950.5194598767338,-13374.661721353565,0.004368763015614725,24.0,0.18166666666666664,4150.0,0.0005814788226848528,0.00011998096794945082
4452.358834416533,2761.299508820481,945.3852488541579,-13560.453917870022,0.00434402277285003,25.0,0.18166666666666664,4150.0,0.0006012203876525485,0.0001249801749473446
4532.9098664854555,2771.505405993008,940.38254552763,-13743.119885906912,0.004318484800392015,26.0,0.18166666666666664,4150.0,0.0006206030150753768,0.0001299793819452384
4610.427014352666,2779.8327774687573,935.5140572977792,-13915.44983884912,0.004294882133468305,27.0,0.18166666666666664,4150.0,0.000639626704953338,0.00013497858894313217
4687.891305432426,2787.138617244266,928.1542228991134,-14086.19851118522,0.004270348083885628,28.0,0.18166666666666664,4150.0,0.0006633165829145729,0.00013997779594102598
4762.527001099571,2792.833261663183,921.0938297140289,-14248.182564836134,0.0042482244389073255,29.0,0.18166666666666664,4150.0,0.0006818018664752333,0.00014497700293891974
4834.714663271134,2796.803014649494,916.5881613630938,-14404.362813764608,0.004225742341861569,30.0,0.18166666666666664,4150.0,0.0006999282124910266,0.0001499762099368135
0.0,0.0,0.0,-2.1237246499294997,0.005210003719445046,0.0,0.2220833333333333,4250.0,0.0,
571.9429505747746,522.7273076689963,267.41293806564096,-1792.252645119297,0.005078064833492042,1.0,0.2220833333333333,4200.0,3.356066044508255e-05,4.9992069978937835e-06
1000.4012312514822,897.5771839598447,462.5940564739799,-3207.1136957381896,0.005003791567237063,2.0,0.2220833333333333,4200.0,6.460875807609475e-05,9.998413995787567e-06
1340.2679097676944,1180.8270636561886,597.7156547108012,-4359.055380920181,0.0049400603535618886,3.0,0.2220833333333333,4200.0,9.36826992103374e-05,1.4997620993681352e-05
1621.7478549866664,1403.3785307337125,693.1116958532361,-5320.680570696073,0.004882865666204829,4.0,0.2220833333333333,4200.0,0.00012132089016511126,1.9996827991575134e-05
1862.4128279924184,1583.2884953224711,762.0028227433787,-6139.715917728005,0.004830591443852919,5.0,0.2220833333333333,4200.0,0.00014895908111988516,2.4996034989468922e-05
2073.3646221302347,1731.9883619542322,812.1842223908357,-6848.46934393829,0.004782239985292206,6.0,0.2220833333333333,4200.0,0.00017444364680545583,2.9995241987362704e-05
2261.896434974188,1857.0441820362225,849.0705940183028,-7471.339008609757,0.004736638243923679,7.0,0.2220833333333333,4200.0,0.00020100502512562814,3.4994448985256496e-05
2432.70593138282,1963.4420650248978,876.5669118722827,-8023.228681397253,0.004694176403034087,8.0,0.2220833333333333,4200.0,0.00022541277817659725,3.999365598315027e-05
2589.4233409120825,2054.9084767046807,895.977998482251,-8519.176684224352,0.004653741852494227,9.0,0.2220833333333333,4200.0,0.0002503589375448672,4.499286298104406e-05
2735.3198251893486,2134.6511051481248,910.4165825357079,-8968.921601328278,0.004615044173460748,10.0,0.2220833333333333,4200.0,0.0002745872218234027,4.9992069978937845e-05
2871.1460144682032,2203.98213980135,922.3145213016855,-9376.893855801543,0.0045785901432305485,11.0,0.2220833333333333,4200.0,0.00029809763101220385,5.499127697683162e-05
2999.082051019949,2264.9320844550316,929.3281494255801,-9753.719936466136,0.004520267634663668,12.0,0.2220833333333333,4150.0,0.00032089016511127063,5.999048397472541e-05
3120.9246508784,2319.0480660825083,931.9536227824892,-10103.238008224653,0.004486268454457613,13.0,0.2220833333333333,4150.0,0.0003452979181622397,6.49896909726192e-05
3235.5889018523108,2366.250647269255,935.3865980209607,-10424.331372220404,0.004454457073161622,14.0,0.2220833333333333,4150.0,0.00036683417085427134,6.998889797051299e-05
3345.458603039136,2408.234782970467,936.1132071298479,-10726.374890149003,0.004423396207233442,15.0,0.2220833333333333,4150.0,0.0003903445800430725,7.498810496840675e-05
3450.6980998998174,2445.4867192391125,935.8851023726916,-11008.26233461366,0.004393788713075399,16.0,0.2220833333333333,4150.0,0.00041062455132806887,7.998731196630054e-05
3551.6891503889565,2478.466046519177,934.3382450703721,-11275.503727706586,0.004364472635646732,17.0,0.2220833333333333,4150.0,0.000433237616654702,8.498651896419433e-05
3649.2846783923214,2507.885637251196,931.1558461161432,-11526.826590235207,0.0043364716331592895,18.0,0.2220833333333333,4150.0,0.000455491744436468,8.998572596208812e-05
3743.6608880027948,2533.970892056436,928.8832884680959,-11766.065970692325,0.004308921121978187,19.0,0.2220833333333333,4150.0,0.00047738693467336686,9.49849329599819e-05
3835.132430344936,2557.069001770987,924.9302497266852,-11994.418394725042,0.004282135751090257,20.0,0.2220833333333333,4150.0,0.0004989231873653984,9.998413995787569e-05
3923.6279217608712,2577.4243445114953,922.1269925162508,-12209.73052915871,0.004256468651685143,21.0,0.2220833333333333,4150.0,0.0005201005025125628,0.00010498334695576949
4009.369750991894,2595.3577622078265,916.4231304838477,-12415.917333466197,0.004231856959892836,22.0,0.2220833333333333,4150.0,0.0005409188801148599,0.00010998255395366325
4092.552288337178,2610.924405595688,911.4614964639172,-12615.286233000552,0.0042073819989406815,23.0,0.2220833333333333,4150.0,0.0005613783201722899,0.00011498176095155703
4173.663917733988,2624.5116458272305,907.6975857021899,-12804.753418568704,0.004183679185271703,24.0,0.2220833333333333,4150.0,0.0005814788226848528,0.00011998096794945082
4252.263666226671,2636.0423144303863,902.9850388426315,-12985.731245418647,0.004161094435355673,25.0,0.2220833333333333,4150.0,0.0006012203876525485,0.0001249801749473446
4330.037340136201,2646.26748255502,898.3999688628569,-13163.839795751803,0.004137771903728798,26.0,0.2220833333333333,4150.0,0.0006206030150753768,0.0001299793819452384
4404.880455049867,2654.685510358156,893.9239638387821,-13332.088530381421,0.004116204926225345,27.0,0.2220833333333333,4150.0,0.000639626704953338,0.00013497858894313217
4479.726095299654,2662.1460258972274,887.070205756998,-13498.773261819792,0.004093777806217778,28.0,0.2220833333333333,4150.0,0.0006633165829145729,0.00013997779594102598
4551.82208026273,2668.026289100517,880.4820608941149,-13656.863940911622,0.004073539770439115,29.0,0.2220833333333333,4150.0,0.0006818018664752333,0.00014497700293891974
4621.600144910886,2672.2522140458,876.342061871779,-13809.664534060925,0.00405296959231856,30.0,0.2220833333333333,4150.0,0.0006999282124910266,0.0001499762099368135
0.0,0.0,0.0,-2.1237246499294997,0.0049206783217141305,0.0,0.2625,4250.0,0.0,
540.7516860748185,494.1995989490847,252.8184016322429,-1694.9664495565958,0.0048014692413292145,1.0,0.2625,4200.0,3.356066044508255e-05,4.9992069978937835e-06
946.3036262619369,848.9762457381521,437.52809876227815,-3035.4569198530226,0.004735207503431633,2.0,0.2625,4200.0,6.460875807609475e-05,9.998413995787567e-06
1268.377968554879,1117.3714937185703,565.5657797867906,-4128.629501288444,0.00467827238425671,3.0,0.2625,4200.0,9.36826992103374e-05,1.4997620993681352e-05
1535.441747778744,1328.5167375352048,656.1056924348262,-5042.598756345382,0.004627114700807798,4.0,0.2625,4200.0,0.00012132089016511126,1.9996827991575134e-05
1764.044485151787,1499.4239539010377,721.6122095269715,-5822.183735112609,0.00458030564219515,5.0,0.2625,4200.0,0.00014895908111988516,2.4996034989468922e-05
1964.645621543341,1640.8684093856155,769.4375001991092,-6497.756101141073,0.004536965173756092,6.0,0.2625,4200.0,0.00017444364680545583,2.9995241987362704e-05
2144.1209542299484,1759.9841577858151,804.6935105364067,-7092.284198945497,0.004496050257512462,7.0,0.2625,4200.0,0.00020100502512562814,3.4994448985256496e-05
2306.879425063859,1861.4614623465598,831.0613495480437,-7619.7545427656005,0.00445791821173607,8.0,0.2625,4200.0,0.00022541277817659725,3.999365598315027e-05
2456.347475663124,1948.817753961499,849.7659815329099,-8094.357987109885,0.00442157502799093,9.0,0.2625,4200.0,0.0002503589375448672,4.499286298104406e-05
2595.6195488953913,2025.0879452261681,863.7602650439669,-8525.310093513908,0.004386764197405634,10.0,0.2625,4200.0,0.0002745872218234027,4.9992069978937845e-05
2725.37501430741,2091.4832645850515,875.3435750883102,-8916.707769870976,0.0043539470240944525,11.0,0.2625,4200.0,0.00029809763101220385,5.499127697683162e-05
2847.687673130377,2149.9447559824794,882.2836057869977,-9278.543454279003,0.004322206790317477,12.0,0.2625,4200.0,0.00032089016511127063,5.999048397472541e-05
2964.2677943786853,2201.9403636843454,885.0547411572057,-9614.64514230712,0.004269346786051767,13.0,0.2625,4150.0,0.0003452979181622397,6.49896909726192e-05
3074.03635849936,2247.355530665607,888.5820142631488,-9923.683247366367,0.00424065112791677,14.0,0.2625,4150.0,0.00036683417085427134,6.998889797051299e-05
3179.286497668695,2287.822870761585,889.5296243797852,-10214.755891243301,0.004212612813555573,15.0,0.2625,4150.0,0.0003903445800430725,7.498810496840675e-05
3280.1502947372746,2323.777449757844,889.5603005663713,-10486.655379736017,0.00418586908328193,16.0,0.2625,4150.0,0.00041062455132806887,7.998731196630054e-05
3377.0069314951365,2355.685659613691,888.3329681768297,-10744.70909263967,0.004159373146069427,17.0,0.2625,4150.0,0.000433237616654702,8.498651896419433e-05
3470.6481203199796,2384.202213201892,885.5384778747299,-10987.593204610952,0.004134049331867264,18.0,0.2625,4150.0,0.000455491744436468,8.998572596208812e-05
3561.2535379422216,2409.5524682592354,883.6084818999105,-11219.021976542565,0.004109119037009791,19.0,0.2625,4150.0,0.00047738693467336686,9.49849329599819e-05
3649.111954677597,2432.055148814053,880.0693323591416,-11440.094847506225,0.004084866462529671,20.0,0.2625,4150.0,0.0004989231873653984,9.998413995787569e-05
3734.1447737432445,2451.923812494162,877.618100103619,-11648.699611394703,0.004061614236681201,21.0,0.2625,4150.0,0.0005201005025125628,0.00010498334695576949
3816.5540663462116,2469.4876013225144,872.3893838198762,-11848.572451148924,0.0040393042785164986,22.0,0.2625,4150.0,0.0005409188801148599,0.00010998255395366325
3896.5459205954417,2484.796661116114,867.8608025401958,-12041.99696724039,0.00401710658965504,23.0,0.2625,4150.0,0.0005613783201722899,0.00011498176095155703
3974.5756753179953,2498.214377832301,864.470958379723,-12226.102472550447,0.003995598837343845,24.0,0.2625,4150.0,0.0005814788226848528,0.00011998096794945082
4050.2100638482366,2509.660666909162,860.1676373918028,-12401.891581397242,0.003975094981678008,25.0,0.2625,4150.0,0.0006012203876525485,0.0001249801749473446
4125.097929622909,2519.857808039356,855.9856812917269,-12575.06272736632,0.0039539126543726676,26.0,0.2625,4150.0,0.0006206030150753768,0.0001299793819452384
4197.16209546621,2528.3189419778723,851.8909013615043,-12738.860288119846,0.003934314089144208,27.0,0.2625,4150.0,0.000639626704953338,0.00013497858894313217
4269.280838168511,2535.890620243858,845.53193285195,-12901.116093037213,0.003913925351471871,28.0,0.2625,4150.0,0.0006633165829145729,0.00013997779594102598
4338.735605968702,2541.915928729084,839.4069919339412,-13054.973489934593,0.0038955138760105364,29.0,0.2625,4150.0,0.0006818018664752333,0.00014497700293891974
4406.003756643774,2546.369626987389,835.6203419273194,-13204.041449736578,0.0038767964506512677,30.0,0.2625,4150.0,0.0006999282124910266,0.0001499762099368135
0.0,0.0,0.0,-2.1237246499294997,0.004633601406116193,0.0,0.30291666666666667,4250.0,0.0,
509.7342145354401,465.83310590778103,238.30628117699527,-1598.1861144495342,0.0045525722936473065,1.0,0.30291666666666667,4250.0,3.356066044508255e-05,4.9992069978937835e-06
892.4521027287916,800.6033190648973,412.58147534746666,-2864.388783483737,0.004467617548873849,2.0,0.30291666666666667,4200.0,6.460875807609475e-05,9.998413995787567e-06
1196.7463301231069,1054.1566528569228,533.5404615999487,-3898.653961450749,0.004417057908271564,3.0,0.30291666666666667,4200.0,9.36826992103374e-05,1.4997620993681352e-05
1449.3630681277152,1253.870746228477,619.2073136927503,-4764.6914911269705,0.004371574404704171,4.0,0.30291666666666667,4200.0,0.00012132089016511126,1.9996827991575134e-05
1665.8499996307514,1415.7325535384152,681.3058241979767,-5504.465040730502,0.004329911125938792,5.0,0.30291666666666667,4200.0,0.00014895908111988516,2.4996034989468922e-05
1856.0273704992376,1549.8639822362902,726.745623450583,-6146.441321042177,0.004291296307588682,6.0,0.30291666666666667,4200.0,0.00017444364680545583,2.9995241987362704e-05
2026.3590465103798,1662.9722700937218,760.3376979478517,-6712.176711691609,0.0042548081343541135,7.0,0.30291666666666667,4200.0,0.00020100502512562814,3.4994448985256496e-05
2180.972860037425,1759.459072848166,785.5417310257425,-7214.758397687059,0.004220771337171068,8.0,0.30291666666666667,4200.0,0.00022541277817659725,3.999365598315027e-05
2323.0925333811815,1842.6331040712678,803.5055201268781,-7667.535356390574,0.0041883033564028985,9.0,0.30291666666666667,4200.0,0.0002503589375448672,4.499286298104406e-05
2455.6322188815793,1915.3528700055074,817.0230211015029,-8079.2035030835395,0.004157178731965606,10.0,0.30291666666666667,4200.0,0.0002745872218234027,4.9992069978937845e-05
2579.209226088672,1978.7392672852097,828.2576782153728,-8453.537114343773,0.004127814931093647,11.0,0.30291666666666667,4200.0,0.00029809763101220385,5.499127697683162e-05
2695.788599224469,2034.638605516921,835.0937207950898,-8799.979347754044,0.004099392405596136,12.0,0.30291666666666667,4200.0,0.00032089016511127063,5.999048397472541e-05
2806.9897420665948,2084.435919264836,837.981455899656,-9122.119956771603,0.004071616106972109,13.0,0.30291666666666667,4200.0,0.0003452979181622397,6.49896909726192e-05
2911.751640189441,2127.9947109822515,841.5738956571364,-9418.586064536124,0.004024906093673416,14.0,0.30291666666666667,4150.0,0.00036683417085427134,6.998889797051299e-05
3012.2658956387145,2166.872904732939,842.7169022057174,-9698.210306647175,0.0039997503496267085,15.0,0.30291666666666667,4150.0,0.0003903445800430725,7.498810496840675e-05
3108.6416533171523,2201.4640085314204,842.9816407695863,-9959.656159820457,0.003975740585120748,16.0,0.30291666666666667,4150.0,0.00041062455132806887,7.998731196630054e-05
3201.2485921710554,2232.2336576539847,842.0491130229367,-10208.057467783772,0.003951939296902555,17.0,0.30291666666666667,4150.0,0.000433237616654702,8.498651896419433e-05
3290.820935879058,2259.7823091607497,839.6208767507767,-10442.050015242115,0.003929176485430874,18.0,0.30291666666666667,4150.0,0.000455491744436468,8.998572596208812e-05
3377.5395189565556,2284.331637544543,838.012878509135,-10665.220170340603,0.003906754787256054,19.0,0.30291666666666667,4150.0,0.00047738693467336686,9.49849329599819e-05
3461.6709566256154,2306.1800856155837,834.867215537442,-10878.57330486575,0.0038849293541453377,20.0,0.30291666666666667,4150.0,0.0004989231873653984,9.998413995787569e-05
3543.126381950803,2325.5053617241,832.7492617841172,-11080.04392986199,0.003863993443343961,21.0,0.30291666666666667,4150.0,0.0005201005025125628,0.00010498334695576949
3622.0924305281883,2342.6401212366445,827.9793740289836,-11273.188228135958,0.003843893454340552,22.0,0.30291666666666667,4150.0,0.0005409188801148599,0.00010998255395366325
3698.7818621126876,2357.6391780090835,823.8677809226119,-11460.256194982801,0.0038238838467082037,23.0,0.30291666666666667,4150.0,0.0005613783201722899,0.00011498176095155703
3773.6186354575775,2370.834687203873,820.8364095808851,-11638.587418213086,0.0038044870804084785,24.0,0.30291666666666667,4150.0,0.0005814788226848528,0.00011998096794945082
3846.1800974479033,2382.1453523123446,816.9273799006461,-11808.800780698337,0.003785986131297858,25.0,0.30291666666666667,4150.0,0.0006012203876525485,0.0001249801749473446
3918.069107047397,2392.2666166425442,813.134655528225,-11976.641550500339,0.0037668648797915265,26.0,0.30291666666666667,4150.0,0.0006206030150753768,0.0001299793819452384
3987.248241050871,2400.7259046940326,809.4088729600388,-12135.604066877771,0.003749163684948122,27.0,0.30291666666666667,4150.0,0.000639626704953338,0.00013497858894313217
4056.529250535241,2408.3594789622966,803.5323991895065,-12293.051201087175,0.003730741365169878,28.0,0.30291666666666667,4150.0,0.0006633165829145729,0.00013997779594102598
4123.237917057326,2414.4887671712263,797.8613714538379,-12442.322119232565,0.0037140938441272255,29.0,0.30291666666666667,4150.0,0.0006818018664752333,0.00014497700293891974
4187.89098442837,2419.129968691484,794.4166127627723,-12587.290362063824,0.0036971659842395467,30.0,0.30291666666666667,4150.0,0.0006999282124910266,0.0001499762099368135
0.0,0.0,0.0,-2.1237246499294997,0.004348733086841965,0.0,0.3433333333333333,4250.0,0.0,
478.88815910563085,437.62562548737185,223.87479676387855,-1501.919783473364,0.004277468653488214,1.0,0.3433333333333333,4250.0,3.356066044508255e-05,4.9992069978937835e-06
838.8447043663012,752.4566803517572,387.7537441308123,-2693.9035614858294,0.004201012190230884,2.0,0.3433333333333333,4200.0,6.460875807609475e-05,9.998413995787567e-06
1125.368885504272,991.1786826515811,501.63776467608926,-3669.1265224273593,0.004156414650560164,3.0,0.3433333333333333,4200.0,9.36826992103374e-05,1.4997620993681352e-05
1363.5132257349157,1179.4422014479167,582.4204476703612,-4486.960486224503,0.004116247377561648,4.0,0.3433333333333333,4200.0,0.00012132089016511126,1.9996827991575134e-05
1567.829545320485,1332.2146879234679,641.0860469490236,-5186.565079373351,0.004079413599746738,5.0,0.3433333333333333,4200.0,0.00014895908111988516,2.4996034989468922e-05
1747.5116199846584,1458.976957953374,684.1098621570522,-5794.532548067393,0.00404524102564266,6.0,0.3433333333333333,4200.0,0.00017444364680545583,2.9995241987362704e-05
1908.6154299475802,1566.0129924998312,716.0036601711895,-6331.025451478621,0.004012920327280834,7.0,0.3433333333333333,4200.0,0.00020100502512562814,3.4994448985256496e-05
2054.9889506373756,1657.4377334461833,740.0093664565603,-6808.2491465068015,0.003982744295081109,8.0,0.3433333333333333,4200.0,0.00022541277817659725,3.999365598315027e-05
2189.658976973895,1736.3555464281603,757.1997513586117,-7238.716471039574,0.003953934702706214,9.0,0.3433333333333333,4200.0,0.0002503589375448672,4.499286298104406e-05
2315.3628130522893,1805.4515821074615,770.2057824189677,-7630.607088181336,0.003926294493414789,10.0,0.3433333333333333,4200.0,0.0002745872218234027,4.9992069978937845e-05
2432.6509100131166,1865.754651087831,781.0594469421222,-7987.383505541962,0.0039001988978121104,11.0,0.3433333333333333,4200.0,0.00029809763101220385,5.499127697683162e-05
2543.385985234999,1919.0158991079413,787.7598245086832,-8317.93830790573,0.0038749201334970294,12.0,0.3433333333333333,4200.0,0.00032089016511127063,5.999048397472541e-05
2649.0935687454094,1966.5396904388833,790.7334012044724,-8625.664343138225,0.0038501993513755466,13.0,0.3433333333333333,4200.0,0.0003452979181622397,6.49896909726192e-05
2748.7347634688595,2008.1695807457093,794.36296832148,-8909.135639633023,0.0038270290828294018,14.0,0.3433333333333333,4200.0,0.00036683417085427134,6.998889797051299e-05
2844.3976743763037,2045.387783305329,795.6747788829848,-9176.735394939416,0.003804330668303126,15.0,0.3433333333333333,4200.0,0.0003903445800430725,7.498810496840675e-05
2936.1701988104705,2078.554747908477,796.1499301093398,-9427.233453198824,0.0037633964460404763,16.0,0.3433333333333333,4150.0,0.00041062455132806887,7.998731196630054e-05
3024.4105658738413,2108.1090663967557,795.4870883926363,-9665.508169830166,0.0037421614396336376,17.0,0.3433333333333333,4150.0,0.000433237616654702,8.498651896419433e-05
3109.7982605235097,2134.6254665636293,793.4030242849291,-9890.14713968461,0.003721839988406022,18.0,0.3433333333333333,4150.0,0.000455491744436468,8.998572596208812e-05
3192.5133614282586,2158.309480652836,792.094702170254,-10104.599835261615,0.003701811934978787,19.0,0.3433333333333333,4150.0,0.00047738693467336686,9.49849329599819e-05
3272.8010225086805,2179.439694714108,789.3217834038702,-10309.781630389349,0.0036823047512193506,20.0,0.3433333333333333,4150.0,0.0004989231873653984,9.998413995787569e-05
3350.563578312208,2198.1760445862474,787.5177681806824,-10503.680724554019,0.0036635828132200628,21.0,0.3433333333333333,4150.0,0.0005201005025125628,0.00010498334695576949
3425.9735133976214,2214.813955689054,783.1891178049068,-10689.670166798569,0.003645597372914814,22.0,0.3433333333333333,4150.0,0.0005409188801148599,0.00010998255395366325
3499.2459686753496,2229.444585553172,779.4790115982424,-10869.956441493865,0.003627683349283201,23.0,0.3433333333333333,4150.0,0.0005613783201722899,0.00011498176095155703
3570.77667540079,2242.3662290750544,776.7894749447913,-11042.087649221598,0.0036103097075470235,24.0,0.3433333333333333,4150.0,0.0005814788226848528,0.00011998096794945082
3640.15405424892,2253.4907741073293,773.259646070522,-11206.325923748118,0.00359372978835327,25.0,0.3433333333333333,4150.0,0.0006012203876525485,0.0001249801749473446
3708.929681402382,2263.4874620018672,769.8413697590754,-11368.428962024896,0.003576586964116885,26.0,0.3433333333333333,4150.0,0.0006206030150753768,0.0001299793819452384
3775.115035204859,2271.895459731475,766.4739310876874,-11522.158100567474,0.0035607085744915495,27.0,0.3433333333333333,4150.0,0.000639626704953338,0.00013497858894313217
3841.4442611194845,2279.5436709463543,761.0648182168422,-11674.403459317822,0.0035441765552457318,28.0,0.3433333333333333,4150.0,0.0006633165829145729,0.00013997779594102598
3905.2997243304135,2285.7320607071483,755.8378848559066,-11818.721156813575,0.0035292265161145035,29.0,0.3433333333333333,4150.0,0.0006818018664752333,0.00014497700293891974
3967.2294567268236,2290.517384077862,752.7230384908405,-11959.207042479946,0.0035140215953177968,30.0,0.3433333333333333,4150.0,0.0006999282124910266,0.0001499762099368135
0.0,0.0,0.0,-2.1237246499294997,0.00406603461378394,0.0,0.38375,4250.0,0.0,
448.2111157021688,409.57493175323526,209.52331743786698,-1406.1403282330211,0.004003827992756719,1.0,0.38375,4250.0,3.356066044508255e-05,4.9992069978937835e-06
785.4771962998794,704.5323262936254,363.0421725247532,-2523.9956648464213,0.003935382129372781,2.0,0.38375,4200.0,6.460875807609475e-05,9.998413995787567e-06
1054.244690271051,928.4368608073497,469.85801978627103,-3440.045031810325,0.0038963404146294513,3.0,0.38375,4200.0,9.36826992103374e-05,1.4997620993681352e-05
1277.8882446305142,1105.2268932787335,545.7415037167315,-4209.407541859058,0.0038611362321542353,4.0,0.38375,4200.0,0.00012132089016511126,1.9996827991575134e-05
1469.9820635481296,1248.8693633094047,600.9496707824526,-4868.489119150348,0.0038288188276502156,5.0,0.38375,4200.0,0.00014895908111988516,2.4996034989468922e-05
1639.0983138833074,1368.2073315713008,641.5287204619049,-5442.037453563418,0.003798807012451825,6.0,0.38375,4200.0,0.00017444364680545583,2.9995241987362704e-05
1790.889533811493,1469.106503876921,671.6934782828123,-5948.8397317035415,0.0037703953464442983,7.0,0.38375,4200.0,0.00020100502512562814,3.4994448985256496e-05
1928.931387164642,1555.401377587053,694.4676677264387,-6400.235895973172,0.003743845824994093,8.0,0.38375,4200.0,0.00022541277817659725,3.999365598315027e-05
2056.0511174988183,1629.9893913772391,710.8480089452406,-6807.909755597517,0.0037184771032761693,9.0,0.38375,4200.0,0.0002503589375448672,4.499286298104406e-05
2174.811869318689,1695.3855727033533,723.3109863158419,-7179.526558575875,0.0036941185480041843,10.0,0.38375,4200.0,0.0002745872218234027,4.9992069978937845e-05
2285.7039306048086,1752.5345881332225,733.7484692779356,-7518.249408888623,0.0036711043405098075,11.0,0.38375,4200.0,0.00029809763101220385,5.499127697683162e-05
2390.4820957487236,1803.0798232288764,740.283465399826,-7832.418101709394,0.003648793481847082,12.0,0.38375,4200.0,0.00032089016511127063,5.999048397472541e-05
2490.5804519714848,1848.2545973959475,743.3121063292925,-8125.228286646721,0.0036269603135246414,13.0,0.38375,4200.0,0.0003452979181622397,6.49896909726192e-05
2584.9862267036474,1887.8818373115917,746.9507700374545,-8395.24694605828,0.0036064826915357044,14.0,0.38375,4200.0,0.00036683417085427134,6.998889797051299e-05
2675.6821137448833,1923.3699795078292,748.4028405356794,-8650.423962109708,0.003586408131211027,15.0,0.38375,4200.0,0.0003903445800430725,7.498810496840675e-05
2762.734717581067,1955.0430192167862,749.0639357689755,-8889.447905592191,0.0035672282512082525,16.0,0.38375,4200.0,0.00041062455132806887,7.998731196630054e-05
2846.492042709183,1983.314567201113,748.64495961797,-9117.028041254722,0.0035482447245272055,17.0,0.38375,4200.0,0.000433237616654702,8.498651896419433e-05
2927.5772464065476,2008.7318169182167,746.88277578043,-9331.835644621788,0.003512027558102833,18.0,0.38375,4150.0,0.000455491744436468,8.998572596208812e-05
3006.1708162654486,2031.4866484642992,745.8513491838924,-9537.101852913678,0.0034942747913761394,19.0,0.38375,4150.0,0.00047738693467336686,9.49849329599819e-05
3082.494883843016,2051.8340009342296,743.4315084339652,-9733.65002550558,0.0034769732789727207,20.0,0.38375,4150.0,0.0004989231873653984,9.998413995787569e-05
3156.447073091054,2069.9189712036928,741.9210043569458,-9919.528009562353,0.003460359756467326,21.0,0.38375,4150.0,0.0005201005025125628,0.00010498334695576949
3228.18676206896,2086.006384181159,738.0150612407955,-10097.92432497139,0.00344438993895193,22.0,0.38375,4150.0,0.0005409188801148599,0.00010998255395366325
3297.9250554844857,2100.2109929795815,734.690567539044,-10270.992073310947,0.0034284750108596095,23.0,0.38375,4150.0,0.0005613783201722899,0.00011498176095155703
3366.0339467064814,2112.8016970900617,732.3257887763257,-10436.483703447557,0.003413033001109279,24.0,0.38375,4150.0,0.0005814788226848528,0.00011998096794945082
3432.113598123984,2123.6890225995526,729.1596098587534,-10594.333969386542,0.0033982888195985663,25.0,0.38375,4150.0,0.0006012203876525485,0.0001249801749473446
3497.6590300634934,2133.523917622398,726.1001058394404,-10750.278905151674,0.003383037688939216,26.0,0.38375,4150.0,0.0006206030150753768,0.0001299793819452384
3560.7396688063427,2141.8185798008953,723.076660423988,-10898.36223189356,0.00336890357192022,27.0,0.38375,4150.0,0.000639626704953338,0.00013497858894313217
3623.99934650053,2149.4302836339534,718.1227452842902,-11044.99816196358,0.003354181849209535,28.0,0.38375,4150.0,0.0006633165829145729,0.00013997779594102598
3684.891775378687,2155.6353261094505,713.3290923165702,-11183.980867786187,0.0033408594599690024,29.0,0.38375,4150.0,0.0006818018664752333,0.00014497700293891974
3743.9871016998795,2160.5200236847472,710.5315886807263,-11319.586518374148,0.00332730691187002,30.0,0.38375,4150.0,0.0006999282124910266,0.0001499762099368135
0.0,0.0,0.0,-2.1237246499294997,0.003785468355187927,0.0,0.42416666666666664,4250.0,0.0,
417.70151590068303,381.6796293695923,195.25171450743295,-1310.8413975233852,0.003731630939072643,1.0,0.42416666666666664,4250.0,3.356066044508255e-05,4.9992069978937835e-06
732.3482109123572,656.8290899971097,338.4454310765474,-2354.659635422111,0.003670718275110931,2.0,0.42416666666666664,4200.0,6.460875807609475e-05,9.998413995787567e-06
983.3716821725912,865.9292924569751,438.19835635525374,-3211.407420189513,0.0036368330755611996,3.0,0.42416666666666664,4200.0,9.36826992103374e-05,1.4997620993681352e-05
1192.49041346625,1031.2276284013062,509.1719766884164,-3932.034572186698,0.003606243584804528,4.0,0.42416666666666664,4200.0,0.00012132089016511126,1.9996827991575134e-05
1372.3097491713525,1165.6989607872226,560.9011587678915,-4550.242476229585,0.0035781326069347346,5.0,0.42416666666666664,4200.0,0.00014895908111988516,2.4996034989468922e-05
1530.789149293454,1277.5570066299335,599.0059489333695,-5088.963989767064,0.0035520019421691716,6.0,0.42416666666666664,4200.0,0.00017444364680545583,2.9995241987362704e-05
1673.1835422280226,1372.2550199032833,627.4063128512897,-5565.628917074777,0.0035272418740649723,7.0,0.42416666666666664,4200.0,0.00020100502512562814,3.4994448985256496e-05
1802.8016447810642,1453.350763489224,648.9159985523734,-5990.728394001839,0.0035040847070586223,8.0,0.42416666666666664,4200.0,0.00022541277817659725,3.999365598315027e-05
1922.2713894498306,1523.5375606220218,664.454779614909,-6375.123812775782,0.003481938942769899,9.0,0.42416666666666664,4200.0,0.0002503589375448672,4.499286298104406e-05
2033.9840017326367,1585.1595811260247,676.3378052678623,-6725.968710316607,0.003460658104162282,10.0,0.42416666666666664,4200.0,0.0002745872218234027,4.9992069978937845e-05
2138.3710360993764,1639.079546787366,686.3292414890501,-7046.137686058486,0.003440537211842063,11.0,0.42416666666666664,4200.0,0.00029809763101220385,5.499127697683162e-05
2237.0804199756944,1686.8342575383062,692.6643783645168,-7343.417733642447,0.0034210163184163578,12.0,0.42416666666666664,4200.0,0.00032089016511127063,5.999048397472541e-05
2331.4531850110197,1729.5846404823997,695.7188971553711,-7620.805279973632,0.0034019006970005994,13.0,0.42416666666666664,4200.0,0.0003452979181622397,6.49896909726192e-05
2420.5088428920544,1767.1367793628147,699.3364362976911,-7876.8738058255185,0.0033839597832404796,14.0,0.42416666666666664,4200.0,0.00036683417085427134,6.998889797051299e-05
2506.119208215732,1800.8201627755514,700.9028518341923,-8119.128890505832,0.003366359804626487,15.0,0.42416666666666664,4200.0,0.0003903445800430725,7.498810496840675e-05
2588.3355144810453,1830.9316780208178,701.7226567833787,-8346.255128878234,0.00334953364071554,16.0,0.42416666666666664,4200.0,0.00041062455132806887,7.998731196630054e-05
2667.4896240995113,1857.8513299980434,701.5235983812219,-8562.664286681807,0.003332870176428461,17.0,0.42416666666666664,4200.0,0.000433237616654702,8.498651896419433e-05
2744.153787369511,1882.1016113886924,700.0602871251422,-8767.12460769443,0.003316874490970018,18.0,0.42416666666666664,4200.0,0.000455491744436468,8.998572596208812e-05
2818.505517619905,1903.8610234516316,699.2823843438745,-8962.685615598348,0.003301100202287152,19.0,0.42416666666666664,4200.0,0.00047738693467336686,9.49849329599819e-05
2890.745766939772,1923.3624891131758,697.1943784765092,-9150.109561223951,0.003268916587167424,20.0,0.42416666666666664,4150.0,0.0004989231873653984,9.998413995787569e-05
2960.7690914758496,1940.734590900199,695.9558631859865,-9327.506124298816,0.0032543021267630117,21.0,0.42416666666666664,4150.0,0.0005201005025125628,0.00010498334695576949
3028.7195228863543,1956.210784861147,692.4551948600697,-9497.85921286093,0.003240245433781742,22.0,0.42416666666666664,4150.0,0.0005409188801148599,0.00010998255395366325
3094.8059857433714,1969.9338191025824,689.4986918845381,-9663.258282174742,0.0032262296736635387,23.0,0.42416666666666664,4150.0,0.0005613783201722899,0.00011498176095155703
3159.3759459348003,1982.1387106325997,687.4403902121143,-9821.657210866651,0.003212624014649971,24.0,0.42416666666666664,4150.0,0.0005814788226848528,0.00011998096794945082
3222.0409766913467,1992.7333082401499,684.6222904936661,-9972.69419134417,0.0031996262896742773,25.0,0.42416666666666664,4150.0,0.0006012203876525485,0.0001249801749473446
3284.236711140213,2002.352158454375,681.9053051315119,-10122.046733850788,0.003186176228243076,26.0,0.42416666666666664,4150.0,0.0006206030150753768,0.0001299793819452384
3344.097872746891,2010.4871691796554,679.2108857884363,-10264.056506068737,0.0031737043394487086,27.0,0.42416666666666664,4150.0,0.000639626704953338,0.00013497858894313217
3404.169255720336,2018.0113993068446,674.6999960595867,-10404.660322849682,0.0031607088872292756,28.0,0.42416666666666664,4150.0,0.0006633165829145729,0.00013997779594102598
3461.985127600909,2024.1846424031178,670.3276477028087,-10537.912891212749,0.0031489402614599126,29.0,0.42416666666666664,4150.0,0.0006818018664752333,0.00014497700293891974
3518.1321895023325,2029.124466227513,667.8342746895685,-10668.224575562941,0.003136965587075509,30.0,0.42416666666666664,4150.0,0.0006999282124910266,0.0001499762099368135
0.0,0.0,0.0,-2.1237246499294997,0.003506997731021188,0.0,0.4645833333333333,4250.0,0.0,
387.357002582028,353.9375274088267,181.05884010462577,-1216.0167912954785,0.003460858581331869,1.0,0.4645833333333333,4250.0,3.356066044508255e-05,4.9992069978937835e-06
679.4552810870059,609.3447374071939,313.9637102694356,-2185.8901411639454,0.0034070117352450672,2.0,0.4645833333333333,4200.0,6.460875807609475e-05,9.998413995787567e-06
912.74735142459,803.6537172066954,406.65943852719107,-2983.211716833852,0.003377890568600761,3.0,0.4645833333333333,4200.0,9.36826992103374e-05,1.4997620993681352e-05
1107.315695319358,957.440615716096,472.71064437580384,-3654.8434863156726,0.0033515721015422574,4.0,0.4645833333333333,4200.0,0.00012132089016511126,1.9996827991575134e-05
1274.8102150698287,1082.7012495966167,520.9386122876555,-4231.830546203659,0.0033273607534831926,5.0,0.4645833333333333,4200.0,0.00014895908111988516,2.4996034989468922e-05
1422.5857052589945,1187.0275643897812,556.5399564932097,-4735.320233199076,0.0033048335523758582,6.0,0.4645833333333333,4200.0,0.00017444364680545583,2.9995241987362704e-05
1555.5007394254258,1275.4619612947088,583.1460974243087,-5181.402609015262,0.003283468701619611,7.0,0.4645833333333333,4200.0,0.00020100502512562814,3.4994448985256496e-05
1676.6017330137922,1351.2888384007729,603.3564850577649,-5579.736642830598,0.003263469924014154,8.0,0.4645833333333333,4200.0,0.00022541277817659725,3.999365598315027e-05
1788.324008463732,1417.0043158630228,618.0198354583578,-5940.367834732046,0.0032443288360082274,9.0,0.4645833333333333,4200.0,0.0002503589375448672,4.499286298104406e-05
1892.8810580299655,1474.7761234999093,629.2902715660585,-6269.940663764653,0.0032259207754142677,10.0,0.4645833333333333,4200.0,0.0002745872218234027,4.9992069978937845e-05
1990.656038015672,1525.3939122986658,638.8009530220227,-6571.052538591161,0.003208503654689766,11.0,0.4645833333333333,4200.0,0.00029809763101220385,5.499127697683162e-05
2083.1828897001405,1570.281642141305,644.9058972340137,-6850.936712535724,0.0031915931330667325,12.0,0.4645833333333333,4200.0,0.00032089016511127063,5.999048397472541e-05
2171.714862694903,1610.534104267715,647.9551672330269,-7112.389952493177,0.003175022684673739,13.0,0.4645833333333333,4200.0,0.0003452979181622397,6.49896909726192e-05
2255.303167485324,1645.9369129288693,651.5222290764182,-7354.004700426638,0.0031594601951792462,14.0,0.4645833333333333,4200.0,0.00036683417085427134,6.998889797051299e-05
2335.7103349997346,1677.7434242523225,653.174982272141,-7582.83078989097,0.003144182963420412,15.0,0.4645833333333333,4200.0,0.0003903445800430725,7.498810496840675e-05
2412.9716423988125,1706.2210777739342,654.1264434084983,-7797.561310599158,0.003129568176278563,16.0,0.4645833333333333,4200.0,0.00041062455132806887,7.998731196630054e-05
2487.4022183388697,1731.7216146925014,654.1227199541727,-8002.306436918116,0.0031150865475936184,17.0,0.4645833333333333,4200.0,0.000433237616654702,8.498651896419433e-05
2559.5258657193726,1754.7377730293463,652.9337369037335,-8195.962190584025,0.003101176470006069,18.0,0.4645833333333333,4200.0,0.000455491744436468,8.998572596208812e-05
2629.513812838378,1775.4337886582573,652.3854783482095,-8381.361038088544,0.003087451277728566,19.0,0.4645833333333333,4200.0,0.00047738693467336686,9.49849329599819e-05
2697.5474467174918,1794.0233083251783,650.6084469768045,-8559.244687454753,0.0030740290065800436,20.0,0.4645833333333333,4200.0,0.0004989231873653984,9.998413995787569e-05
2763.5206616379664,1810.6213032440726,649.6197509222084,-8727.624870053653,0.0030611640478112596,21.0,0.4645833333333333,4200.0,0.0005201005025125628,0.00010498334695576949
2827.561758300512,1825.4273971068776,646.5064882206735,-8889.412058010494,0.0030487865755645794,22.0,0.4645833333333333,4200.0,0.0005409188801148599,0.00010998255395366325
2889.8762236104963,1838.6081754197994,643.8997393934744,-9046.652422734893,0.003020918685866999,23.0,0.4645833333333333,4150.0,0.0005613783201722899,0.00011498176095155703
2950.7867477452296,1850.370579905463,642.1292782739035,-9197.492016946737,0.003009050296158501,24.0,0.4645833333333333,4150.0,0.0005814788226848528,0.00011998096794945082
3009.9198834001368,1860.6202393456624,639.6414557367995,-9341.276851600458,0.002997706236281988,25.0,0.4645833333333333,4150.0,0.0006012203876525485,0.0001249801749473446
3068.6426160558763,1869.9661414261022,637.251327405488,-9483.588127464252,0.0029859626857927078,26.0,0.4645833333333333,4150.0,0.0006206030150753768,0.0001299793819452384
3125.168375169771,1877.8913243318475,634.8699996826188,-9619.08192601813,0.002975067024717491,27.0,0.4645833333333333,4150.0,0.000639626704953338,0.00013497858894313217
3181.9279566950167,1885.276399607696,630.7892050100274,-9753.21686186402,0.0029637095819490655,28.0,0.4645833333333333,4150.0,0.0006633165829145729,0.00013997779594102598
3236.552606747227,1891.372822147401,626.8246251498492,-9880.329404110911,0.002953417092866144,29.0,0.4645833333333333,4150.0,0.0006818018664752333,0.00014497700293891974
3289.633048141038,1896.3183858573593,624.6229968265012,-10004.916387194215,0.002942941978677263,30.0,0.4645833333333333,4150.0,0.0006999282124910266,0.0001499762099368135
0.0,0.0,0.0,-2.1237246499294997,0.0032305871716596084,0.0,0.505,4250.0,0.0,
357.17472981885646,326.34594096786947,166.94302800361115,-1121.6604552248464,0.003191492453292466,1.0,0.505,4250.0,3.356066044508255e-05,4.9992069978937835e-06
626.79462982237,562.0757062013867,289.59475675263235,-2017.6819710907512,0.0031442538093029455,2.0,0.505,4200.0,6.460875807609475e-05,9.998413995787567e-06
842.370794332895,741.6094315018613,375.2415398831579,-2755.45604377344,0.003119510891020303,3.0,0.505,4200.0,9.36826992103374e-05,1.4997620993681352e-05
1022.3655544239177,883.8674841381036,436.35954106819156,-3377.83624202833,0.003097124465103076,4.0,0.505,4200.0,0.00012132089016511126,1.9996827991575134e-05
1177.4855179893902,999.8780974922477,481.0619465240432,-3913.2589022935863,0.0030765090698595134,5.0,0.505,4200.0,0.00014895908111988516,2.4996034989468922e-05
1314.487638678438,1096.6188351458534,514.1325858478564,-4381.114292087652,0.0030573096577466226,6.0,0.505,4200.0,0.00017444364680545583,2.9995241987362704e-05
1437.8422768924074,1178.7285869150226,538.9125871839043,-4796.170808607574,0.003039084675409381,7.0,0.505,4200.0,0.00020100502512562814,3.4994448985256496e-05
1550.335608446701,1249.2197000130934,557.7904784590381,-5167.270871341541,0.00302201065191272,8.0,0.505,4200.0,0.00022541277817659725,3.999365598315027e-05
1654.2104165525864,1310.3905203241711,571.5457258144065,-5503.651691521794,0.0030056555491744835,9.0,0.505,4200.0,0.0002503589375448672,4.499286298104406e-05
1751.5079817445546,1364.2403213480015,582.1688936293835,-5811.450340107236,0.002989914484508733,10.0,0.505,4200.0,0.0002745872218234027,4.9992069978937845e-05
1842.5611681954135,1411.4806970151803,591.1661677745465,-6092.998613217569,0.002975010271590316,11.0,0.505,4200.0,0.00029809763101220385,5.499127697683162e-05
1928.7936811756933,1453.427811561915,597.0083615063379,-6354.97600227056,0.0029605287323914093,12.0,0.505,4200.0,0.00032089016511127063,5.999048397472541e-05
2011.3671500263856,1491.1045566651865,600.0215970166619,-6599.978001637544,0.0029463290612296617,13.0,0.505,4200.0,0.0003452979181622397,6.49896909726192e-05
2089.3714391647154,1524.2861104014964,603.5094799050122,-6826.629035469283,0.002932984356977794,14.0,0.505,4200.0,0.00036683417085427134,6.998889797051299e-05
2164.457032463933,1554.143387612809,605.2187614591652,-7041.51235230724,0.0029198753485032863,15.0,0.505,4200.0,0.0003903445800430725,7.498810496840675e-05
2236.643181003171,1580.9154638983,606.2761768957467,-7243.340837940181,0.002907326904435102,16.0,0.505,4200.0,0.00041062455132806887,7.998731196630054e-05
2306.229204943351,1604.926326213971,606.4417690448606,-7435.920401096766,0.0028948857658826705,17.0,0.505,4200.0,0.000433237616654702,8.498651896419433e-05
2373.690066168351,1626.641159592572,605.5029468141885,-7618.272092592917,0.002882928171725643,18.0,0.505,4200.0,0.000455491744436468,8.998572596208812e-05
2439.190920268122,1646.206329238949,605.1603863512503,-7793.009748675409,0.0028711230161510407,19.0,0.505,4200.0,0.00047738693467336686,9.49849329599819e-05
2502.8948587477703,1663.817732195693,603.6709284728647,-7960.882741360394,0.0028595713470888216,20.0,0.505,4200.0,0.0004989231873653984,9.998413995787569e-05
2564.693729939423,1679.575905274782,602.9108570265099,-8119.829492181874,0.0028484937209815463,21.0,0.505,4200.0,0.0005201005025125628,0.00010498334695576949
2624.7036066794753,1693.6539385472015,600.1658555611743,-8272.640847896968,0.0028378294694342177,22.0,0.505,4200.0,0.0005409188801148599,0.00010998255395366325
2683.1243203207223,1706.233541806779,597.8894667283466,-8421.24677622474,0.0028271913206745227,23.0,0.505,4200.0,0.0005613783201722899,0.00011498176095155703
2740.251941358189,1717.4932870195255,596.3886015251558,-8563.923785279549,0.0028168242005902015,24.0,0.505,4200.0,0.0005814788226848528,0.00011998096794945082
2795.732488353004,1727.3416170924825,594.2141645632909,-8700.020507215857,0.002806909757353045,25.0,0.505,4200.0,0.0006012203876525485,0.0001249801749473446
2850.857330317053,1736.3595352592547,592.1326011414119,-8834.776102497184,0.0027966858549263924,26.0,0.505,4200.0,0.0006206030150753768,0.0001299793819452384
2903.9276722374,1744.0253388885044,590.0483170488898,-8963.281220495592,0.0027729484897706536,27.0,0.505,4150.0,0.000639626704953338,0.00013497858894313217
2957.2503380031244,1751.2159455561443,586.3835317100572,-9090.49557230949,0.0027631366752900103,28.0,0.505,4150.0,0.0006633165829145729,0.00013997779594102598
3008.565359979007,1757.1864744177904,582.8149624176043,-9211.043120964001,0.0027542387352840997,29.0,0.505,4150.0,0.0006818018664752333,0.00014497700293891974
3058.4588411649897,1762.090637873387,580.8895228347574,-9329.458855545141,0.0027451807184118325,30.0,0.505,4150.0,0.0006999282124910266,0.0001499762099368135
0.0,0.0,0.0,-2.1237246499294997,0.00295620207900642,0.0,0.5454166666666667,4250.0,0.0,
327.152556597236,298.9028869985654,152.90328719710126,-1027.7664755259684,0.0029235145179436887,1.0,0.5454166666666667,4250.0,3.356066044508255e-05,4.9992069978937835e-06
574.3651053881518,515.0210497100269,265.33875803744877,-1850.0300329402817,0.0028824359804971744,2.0,0.5454166666666667,4200.0,6.460875807609475e-05,9.998413995787567e-06
772.2384641999162,679.7930880140283,343.9419452816817,-2528.13856076495,0.0028616921188907695,3.0,0.5454166666666667,4200.0,9.36826992103374e-05,1.4997620993681352e-05
937.6374795424076,810.5058278558728,400.11473411703184,-3101.0148500379146,0.002842903369413123,4.0,0.5454166666666667,4200.0,0.00012132089016511126,1.9996827991575134e-05
1080.3351501556738,917.2291033480116,441.27349052585527,-3594.533119121188,0.0028255833878253088,5.0,0.5454166666666667,4200.0,0.00014895908111988516,2.4996034989468922e-05
1206.49812387905,1006.334071081848,471.7856630995913,-4026.3544628123855,0.0028094380998815328,6.0,0.5454166666666667,4200.0,0.00017444364680545583,2.9995241987362704e-05
1320.2099459742092,1082.0567505961767,494.7066031609158,-4409.943570194024,0.0027940987625168488,7.0,0.5454166666666667,4200.0,0.00020100502512562814,3.4994448985256496e-05
1424.006047824686,1147.1463601467785,512.2210147392577,-4753.341899053157,0.00277971618805958,8.0,0.5454166666666667,4200.0,0.00022541277817659725,3.999365598315027e-05
1519.9347533973423,1203.7013523426683,525.0329922206572,-5064.9854857601895,0.00276592813742931,9.0,0.5454166666666667,4200.0,0.0002503589375448672,4.499286298104406e-05
1609.8680452777144,1253.5554491564344,534.9768943062184,-5350.506281176502,0.0027526474635485815,10.0,0.5454166666666667,4200.0,0.0002745872218234027,4.9992069978937845e-05
1694.0905576206064,1297.3445167043249,543.4266817956685,-5611.981693959417,0.0027400640184605395,11.0,0.5454166666666667,4200.0,0.00029809763101220385,5.499127697683162e-05
1773.9159214463868,1336.2768815959785,548.9737595175785,-5855.537148591437,0.0027278284380585576,12.0,0.5454166666666667,4200.0,0.00032089016511127063,5.999048397472541e-05
1850.412895799708,1371.3014911254375,551.9205965535284,-6083.566290552932,0.002715823140281769,13.0,0.5454166666666667,4200.0,0.0003452979181622397,6.49896909726192e-05
1922.7170429527043,1402.1877653402546,555.2976695443942,-6294.737871039375,0.0027045333125810607,14.0,0.5454166666666667,4200.0,0.00036683417085427134,6.998889797051299e-05
1992.3606057825004,1430.0236519309572,557.0367770014461,-6495.1573340329705,0.002693435409549623,15.0,0.5454166666666667,4200.0,0.0003903445800430725,7.498810496840675e-05
2059.3507883465263,1455.0183788650415,558.1722248326388,-6683.569835614144,0.0026828054908542075,16.0,0.5454166666666667,4200.0,0.00041062455132806887,7.998731196630054e-05
2123.969762615679,1477.4696938238187,558.4799525693385,-6863.474230764499,0.0026722605469080944,17.0,0.5454166666666667,4200.0,0.000433237616654702,8.498651896419433e-05
2186.6443791606075,1497.8120569224347,557.7678186156885,-7034.013047156812,0.0026621190965348935,18.0,0.5454166666666667,4200.0,0.000455491744436468,8.998572596208812e-05
2247.533246996898,1516.1793645609025,557.6060066431723,-7197.580215764749,0.002652101516219563,19.0,0.5454166666666667,4200.0,0.00047738693467336686,9.49849329599819e-05
2306.7814981098304,1532.7462326410578,556.3809675884156,-7354.925627976321,0.0026422931135471326,20.0,0.5454166666666667,4200.0,0.0004989231873653984,9.998413995787569e-05
2364.281163833146,1547.5998455554661,555.8267618322955,-7503.94434200642,0.002632882463103184,21.0,0.5454166666666667,4200.0,0.0005201005025125628,0.00010498334695576949
2420.135627810211,1560.8873391973689,553.4304528698808,-7647.294127970163,0.0026238175512785806,22.0,0.5454166666666667,4200.0,0.0005409188801148599,0.00010998255395366325
2474.5376656078124,1572.8053646226067,551.4649151145533,-7786.80969366894,0.0026147701669738616,23.0,0.5454166666666667,4200.0,0.0005613783201722899,0.00011498176095155703
2527.757807020424,1583.5047801471474,550.214011431184,-7920.847066742026,0.0026059489807055696,24.0,0.5454166666666667,4200.0,0.0005814788226848528,0.00011998096794945082
2579.462090460963,1592.894479327175,548.3350496548117,-8048.886169760379,0.002597508517398867,25.0,0.5454166666666667,4200.0,0.0006012203876525485,0.0001249801749473446
2630.861941126043,1601.52517749095,546.5436709138268,-8175.665682073202,0.002588801239562506,26.0,0.5454166666666667,4200.0,0.0006206030150753768,0.0001299793819452384
2680.353760723108,1608.8797474216092,544.7400152606189,-8296.574558846558,0.00258068313743051,27.0,0.5454166666666667,4200.0,0.000639626704953338,0.00013497858894313217
2730.1117943070926,1615.8227191904316,541.4761653537548,-8416.471835186858,0.0025722202016430712,28.0,0.5454166666666667,4200.0,0.0006633165829145729,0.00013997779594102598
2777.9953387554806,1621.6179215097509,538.2903867401532,-8529.971159175519,0.002564570775491336,29.0,0.5454166666666667,4200.0,0.0006818018664752333,0.00014497700293891974
2824.579233530667,1626.4298547934611,536.6265353150468,-8641.707928177733,0.0025567178225961006,30.0,0.5454166666666667,4200.0,0.0006999282124910266,0.0001499762099368135
0.0,0.0,0.0,-2.1237246499294997,0.002683808789534078,0.0,0.5858333333333333,4250.0,0.0,
297.28838853307167,271.6064252542824,138.9386456743737,-934.329074135705,0.0026569071525434046,1.0,0.5858333333333333,4250.0,3.356066044508255e-05,4.9992069978937835e-06
522.1641024405875,468.17836546463565,241.19442499790742,-1682.9293617919757,0.0026215499044183704,2.0,0.5858333333333333,4200.0,6.460875807609475e-05,9.998413995787567e-06
702.3512719346849,618.2057579070325,312.76129839670403,-2301.2574937630634,0.0026044323872168166,3.0,0.5858333333333333,4200.0,9.36826992103374e-05,1.4997620993681352e-05
853.1320633146361,737.356446551022,363.97978041370436,-2824.381439900557,0.0025889115012448184,4.0,0.5858333333333333,4200.0,0.00012132089016511126,1.9996827991575134e-05
983.358513411546,834.7540869290098,401.5717648720642,-3275.6588011744316,0.0025745895579668875,5.0,0.5858333333333333,4200.0,0.00014895908111988516,2.4996034989468922e-05
1098.617368311252,916.1734895750567,429.4986644437362,-3671.049281956977,0.0025612267423770485,6.0,0.5858333333333333,4200.0,0.00017444364680545583,2.9995241987362704e-05
1202.606621963796,985.4494796981545,450.53107466411376,-4022.7311687398033,0.0025485200188106478,7.0,0.5858333333333333,4200.0,0.00020100502512562814,3.4994448985256496e-05
1297.6154006411043,1045.0712054751175,466.64758951429945,-4337.960694927482,0.0025365960304508787,8.0,0.5858333333333333,4200.0,0.00022541277817659725,3.999365598315027e-05
1385.500419020998,1096.9405300702624,478.48418269028735,-4624.380163994298,0.002525155830907207,9.0,0.5858333333333333,4200.0,0.0002503589375448672,4.499286298104406e-05
1467.96449727705,1142.7249230391487,487.7151510610268,-4887.117550503535,0.00251412824498965,10.0,0.5858333333333333,4200.0,0.0002745872218234027,4.9992069978937845e-05
1545.247949750994,1182.9894105338233,495.5832074054344,-5128.00804724644,0.002503672315220556,11.0,0.5858333333333333,4200.0,0.00029809763101220385,5.499127697683162e-05
1618.5537373335317,1218.833813595625,500.8046547878872,-5352.623182739822,0.0024934979921157545,12.0,0.5858333333333333,4200.0,0.00032089016511127063,5.999048397472541e-05
1688.8561813231804,1251.1300767138014,503.6523839828213,-5563.152880326386,0.0024835087290939585,13.0,0.5858333333333333,4200.0,0.0003452979181622397,6.49896909726192e-05
1755.3415869957716,1279.646540519136,506.8892875766693,-5758.323274392067,0.002474108729573195,14.0,0.5858333333333333,4200.0,0.00036683417085427134,6.998889797051299e-05
1819.422664638518,1305.3862895578948,508.6294952567802,-5943.751340476527,0.002464862299864294,15.0,0.5858333333333333,4200.0,0.0003903445800430725,7.498810496840675e-05
1881.0963189677332,1328.533944613653,509.8135903986182,-6118.226478828736,0.0024560002988436636,16.0,0.5858333333333333,4200.0,0.00041062455132806887,7.998731196630054e-05
1940.6234160580955,1349.3548599169096,510.23842411164657,-6284.937667580743,0.002447204331059983,17.0,0.5858333333333333,4200.0,0.000433237616654702,8.498651896419433e-05
1998.3872754960678,1368.2549977944661,509.7278370196,-6443.145198705155,0.002438739677546631,18.0,0.5858333333333333,4200.0,0.000455491744436468,8.998572596208812e-05
2054.5382247777766,1385.3542272874497,509.72073283658074,-6595.022988374498,0.002430373857647222,19.0,0.5858333333333333,4200.0,0.00047738693467336686,9.49849329599819e-05
2109.203267156955,1400.8089265016122,508.7362130319813,-6741.312754886712,0.00242217777747602,20.0,0.5858333333333333,4200.0,0.0004989231873653984,9.998413995787569e-05
2162.276257715016,1414.6935762367289,508.36527627670046,-6879.897087614132,0.0024143102012894294,21.0,0.5858333333333333,4200.0,0.0005201005025125628,0.00010498334695576949
2213.8493827476714,1427.1376995588912,506.2976759975847,-7013.2875249852295,0.002406727156875189,22.0,0.5858333333333333,4200.0,0.0005409188801148599,0.00010998255395366325
2264.1061005418856,1438.3226442357961,504.62170678602325,-7143.212740167022,0.0023991548877224417,23.0,0.5858333333333333,4200.0,0.0005613783201722899,0.00011498176095155703
2313.2909601663164,1448.399421920247,503.60149727162116,-7268.118512471818,0.002391768269313177,24.0,0.5858333333333333,4200.0,0.0005814788226848528,0.00011998096794945082
2361.0929386571056,1457.2739262148277,501.99935005350756,-7387.60491497461,0.0023846967940835567,25.0,0.5858333333333333,4200.0,0.0006012203876525485,0.0001249801749473446
2408.639112528747,1465.4610179003666,500.4797845596033,-7505.917543806609,0.0023773989806152827,26.0,0.5858333333333333,4200.0,0.0006206030150753768,0.0001299793819452384
2454.425796787619,1472.4606270247043,498.93891930711027,-7618.7730222964165,0.0023705910986759103,27.0,0.5858333333333333,4200.0,0.000639626704953338,0.00013497858894313217
2500.488198617433,1479.0873026717672,496.0606769651807,-7730.924903333558,0.0023634912580036884,28.0,0.5858333333333333,4200.0,0.0006633165829145729,0.00013997779594102598
2544.8154109674256,1484.6558919894717,493.24361485691537,-7836.969939525996,0.0023570695670187057,29.0,0.5858333333333333,4200.0,0.0006818018664752333,0.00014497700293891974
2587.964323115637,1489.3267112011713,491.8258806685778,-7941.59473371051,0.0023504751219051664,30.0,0.5858333333333333,4200.0,0.0006999282124910266,0.0001499762099368135
0.0,0.0,0.0,-2.1237246499294997,0.0024133745312897945,0.0,0.62625,4250.0,0.0,
267.58116329089574,244.45564360511412,125.04913478560573,-841.3426039756014,0.0023916531344191586,1.0,0.62625,4250.0,3.356066044508255e-05,4.9992069978937835e-06
470.1883902979855,421.5446067440799,217.15846814916696,-1516.391243621234,0.0023754819409885176,2.0,0.62625,4250.0,6.460875807609475e-05,9.998413995787567e-06
632.7045399233418,556.8429837316432,281.6976977238285,-2074.811132555522,0.002347729886163718,3.0,0.62625,4200.0,9.36826992103374e-05,1.4997620993681352e-05
768.8470173812208,664.4172067806226,327.9528812141793,-2547.938145498876,0.002335151571622951,4.0,0.62625,4200.0,0.00012132089016511126,1.9996827991575134e-05
886.5582891256777,752.4558029934831,361.95891690178246,-2956.6416304844242,0.002323533433126042,5.0,0.62625,4200.0,0.00014895908111988516,2.4996034989468922e-05
990.8457383791083,826.1370315570531,387.2733136182118,-3315.2072110384834,0.0023126835365851854,6.0,0.62625,4200.0,0.00017444364680545583,2.9995241987362704e-05
1085.0349992147044,888.9094655262179,406.3862156956625,-3634.5443292644486,0.0023023575508198226,7.0,0.62625,4200.0,0.00020100502512562814,3.4994448985256496e-05
1171.166206900427,942.9969817992541,421.0725143855214,-3921.138550812968,0.002292659807699868,8.0,0.62625,4200.0,0.00022541277817659725,3.999365598315027e-05
1250.911762147484,990.1125924013973,431.9024548149291,-4181.846792184282,0.0022833481729056713,9.0,0.62625,4200.0,0.0002503589375448672,4.499286298104406e-05
1325.8011874001168,1031.7535793612467,440.38493758298097,-4421.294310834055,0.0022743656116830215,10.0,0.62625,4200.0,0.0002745872218234027,4.9992069978937845e-05
1396.0369182691556,1068.4188722337285,447.63947433239525,-4641.084940122339,0.0022658428964669767,11.0,0.62625,4200.0,0.00029809763101220385,5.499127697683162e-05
1462.7106663391783,1101.1026383823553,452.50163742905903,-4846.23758720453,0.002257543702740268,12.0,0.62625,4200.0,0.00032089016511127063,5.999048397472541e-05
1526.6999295959831,1130.5945651391817,455.2191960953152,-5038.7372237979,0.00224939020807297,13.0,0.62625,4200.0,0.0003452979181622397,6.49896909726192e-05
1587.2484073171938,1156.6675215627297,458.28598817043866,-5217.37933568476,0.0022417127977699806,14.0,0.62625,4200.0,0.00036683417085427134,6.998889797051299e-05
1645.6462514118348,1180.2377589805728,459.9966187747634,-5387.281344317984,0.002234155837973081,15.0,0.62625,4200.0,0.0003903445800430725,7.498810496840675e-05
1701.8798204265886,1201.463722884599,461.20223218956664,-5547.289853202332,0.0022269086118332916,16.0,0.62625,4200.0,0.00041062455132806887,7.998731196630054e-05
1756.1904358244606,1220.5846484138508,461.717240718818,-5700.282480077098,0.0022197114309064053,17.0,0.62625,4200.0,0.000433237616654702,8.498651896419433e-05
1808.918109833021,1237.973344420518,461.38248156704424,-5845.631628362171,0.0022127810568006675,18.0,0.62625,4200.0,0.000455491744436468,8.998572596208812e-05
1860.202674551162,1253.7343844998923,461.5039230155597,-5985.29080215533,0.0022059279616912174,19.0,0.62625,4200.0,0.00047738693467336686,9.49849329599819e-05
1910.1552282270243,1268.007466258236,460.7362643075321,-6119.984897224989,0.0021992099154222212,20.0,0.62625,4200.0,0.0004989231873653984,9.998413995787569e-05
1958.672751798377,1280.8553104503912,460.52440117311187,-6247.617796504848,0.0021927579374504875,21.0,0.62625,4200.0,0.0005201005025125628,0.00010498334695576949
2005.8372631874752,1292.395802461474,458.76456972542945,-6370.539661304494,0.0021865355820092076,22.0,0.62625,4200.0,0.0005409188801148599,0.00010998255395366325
2051.8187875474473,1302.7851291237316,457.35759692570684,-6490.36211683345,0.0021803189062005687,23.0,0.62625,4200.0,0.0005613783201722899,0.00011498176095155703
2096.838914654035,1312.1777613143347,456.54698540060633,-6605.630762360888,0.0021742516947177467,24.0,0.62625,4200.0,0.0005814788226848528,0.00011998096794945082
2140.6098946490374,1320.476303861329,455.20241286549384,-6716.054972868391,0.002168440351376379,25.0,0.62625,4200.0,0.0006012203876525485,0.0001249801749473446
2184.1697166051995,1328.1584182131185,453.93506986683457,-6825.395565149658,0.0021624407078295713,26.0,0.62625,4200.0,0.0006206030150753768,0.0001299793819452384
2226.12408759337,1334.7520288335625,452.6396667862141,-6929.714470234183,0.0021568406293148664,27.0,0.62625,4200.0,0.000639626704953338,0.00013497858894313217
2268.356512435146,1341.0051337617224,450.13178226212915,-7033.602979544143,0.002150998075818188,28.0,0.62625,4200.0,0.0006633165829145729,0.00013997779594102598
2308.999414789441,1346.2941930304005,447.66707257983603,-7131.724652540637,0.002145710083310857,29.0,0.62625,4200.0,0.0006818018664752333,0.00014497700293891974
2348.58447552313,1350.7703940851804,446.4788122452066,-7228.7399056897775,0.002140278268037756,30.0,0.62625,4200.0,0.0006999282124910266,0.0001499762099368135
0.0,0.0,0.0,-2.1237246499294997,0.0021448674001800726,0.0,0.6666666666666666,4250.0,0.0,
238.02831916476862,217.4481277382162,111.2329214434511,-748.8015444748016,0.0021277356273958358,1.0,0.6666666666666666,4250.0,3.356066044508255e-05,4.9992069978937835e-06
418.4370772472206,375.1190835270783,193.23242137998596,-1350.4241829796592,0.0021149626931812864,2.0,0.6666666666666666,4250.0,6.460875807609475e-05,9.998413995787567e-06
563.2990505469517,495.7057276431273,250.7529733200554,-1848.7978317421948,0.0020915828570789215,3.0,0.6666666666666666,4200.0,9.36826992103374e-05,1.4997620993681352e-05
684.7831498080848,591.6890150202207,292.0334320529197,-2271.6871095172173,0.0020816263060175907,4.0,0.6666666666666666,4200.0,0.00012132089016511126,1.9996827991575134e-05
789.932086723235,670.3320153777456,322.4344413175895,-2637.4874693388483,0.002072420851665986,5.0,0.6666666666666666,4200.0,0.00014895908111988516,2.4996034989468922e-05
883.1875320442222,736.2295945095693,345.1105691480238,-2958.836846163169,0.002063816448041002,6.0,0.6666666666666666,4200.0,0.00017444364680545583,2.9995241987362704e-05
967.4958717025287,792.4373637656138,362.274101741297,-3245.393777856858,0.002055620595538256,7.0,0.6666666666666666,4200.0,0.00020100502512562814,3.4994448985256496e-05
1044.6629567165553,840.9282331088681,375.4984128470704,-3502.887397053695,0.002047917259004408,8.0,0.6666666666666666,4200.0,0.00022541277817659725,3.999365598315027e-05
1116.1713354924625,883.2203036050989,385.28764426465324,-3737.397010611996,0.002040514884972581,9.0,0.6666666666666666,4200.0,0.0002503589375448672,4.499286298104406e-05
1183.3819157384546,920.6456033191042,392.9894250095629,-3953.046808059844,0.002033368760686705,10.0,0.6666666666666666,4200.0,0.0002745872218234027,4.9992069978937845e-05
1246.4634552805437,953.6402505354222,399.5965673043807,-4151.22076455511,0.002026583863916486,11.0,0.6666666666666666,4200.0,0.00029809763101220385,5.499127697683162e-05
1306.3904388037615,983.0871732228013,404.06685553764527,-4336.38554458852,0.0020199722241077763,12.0,0.6666666666666666,4200.0,0.00032089016511127063,5.999048397472541e-05
1363.9479153104844,1009.6993653478186,406.62342354961663,-4510.319600795672,0.0020134725450365524,13.0,0.6666666666666666,4200.0,0.0003452979181622397,6.49896909726192e-05
1418.4414033517694,1033.2560868895762,409.48812949476684,-4671.900894023151,0.0020073484791616604,14.0,0.6666666666666666,4200.0,0.00036683417085427134,6.998889797051299e-05
1471.033345671367,1054.5824050109434,411.1401036724904,-4825.736321029719,0.002001316525088783,15.0,0.6666666666666666,4200.0,0.0003903445800430725,7.498810496840675e-05
1521.703533632333,1073.8141589398067,412.3389012109421,-4970.741898483662,0.001995528302250982,16.0,0.6666666666666666,4200.0,0.00041062455132806887,7.998731196630054e-05
1570.6715409887036,1091.168358236047,412.9167137798912,-5109.482325993369,0.0019897769717657316,17.0,0.6666666666666666,4200.0,0.000433237616654702,8.498651896419433e-05
1618.2359675558926,1106.9686906342404,412.7308337743482,-5241.436556268563,0.001984235446623827,18.0,0.6666666666666666,4200.0,0.000455491744436468,8.998572596208812e-05
1664.524547507613,1121.3222271071324,412.955249150903,-5368.338514512354,0.0019787527733163223,19.0,0.6666666666666666,4200.0,0.00047738693467336686,9.49849329599819e-05
1709.6339085222003,1134.3450641296745,412.3798673108631,-5490.886291326453,0.001973374939323216,20.0,0.6666666666666666,4200.0,0.0004989231873653984,9.998413995787569e-05
1753.4654306197895,1146.0890442806299,412.3022472781951,-5607.039681932336,0.0019682075820615765,21.0,0.6666666666666666,4200.0,0.0005201005025125628,0.00010498334695576949
1796.0908074072265,1156.659325994516,410.82864626647745,-5718.9716050428615,0.0019632212140575037,22.0,0.6666666666666666,4200.0,0.0005409188801148599,0.00010998255395366325
1837.6662710853338,1166.1899186674568,409.6699072627032,-5828.166005099847,0.001958236891343802,23.0,0.6666666666666666,4200.0,0.0005613783201722899,0.00011498176095155703
1878.389627608536,1174.8368468999117,409.04665714764616,-5933.279053593593,0.0019533700344231283,24.0,0.6666666666666666,4200.0,0.0005814788226848528,0.00011998096794945082
1917.9987355636356,1182.5004574638058,407.9396386670447,-6034.117599996978,0.0019487060007914703,25.0,0.6666666666666666,4200.0,0.0006012203876525485,0.0001249801749473446
1957.4372281059705,1189.6168812988687,406.9037025261192,-6133.967242981264,0.0019438889867368445,26.0,0.6666666666666666,4200.0,0.0006206030150753768,0.0001299793819452384
1995.4289897575363,1195.746591686375,405.83613052873227,-6229.251901760501,0.0019393902518969294,27.0,0.6666666666666666,4200.0,0.000639626704953338,0.00013497858894313217
2033.6954360373388,1201.568857993352,403.6805385498092,-6324.342028792686,0.0019346949021786972,28.0,0.6666666666666666,4200.0,0.0006633165829145729,0.00013997779594102598
2070.5216155948833,1206.5236292795253,401.5534539486538,-6414.0556592616995,0.0019304424565839665,29.0,0.6666666666666666,4200.0,0.0006818018664752333,0.00014497700293891974
2106.411493299418,1210.7534712722331,400.57616140665317,-6502.946707280891,0.001926073008607843,30.0,0.6666666666666666,4200.0,0.0006999282124910266,0.0001499762099368135
0.0,0.0,0.0,-2.1237246499294997,0.0018782563382416211,0.0,0.7070833333333333,4250.0,0.0,
208.62752551144658,190.58168720396876,97.48853889332759,-656.7004973030489,0.0018651381688314,1.0,0.7070833333333333,4250.0,3.356066044508255e-05,4.9992069978937835e-06
366.9073077521083,328.8991332423005,169.4148230586247,-1184.9940816546004,0.0018553435934591073,2.0,0.7070833333333333,4250.0,6.460875807609475e-05,9.998413995787567e-06
494.13120899996363,434.7905706713816,219.92385715735873,-1623.2160450669908,0.0018359895832176334,3.0,0.7070833333333333,4200.0,9.36826992103374e-05,1.4997620993681352e-05
600.9385566254045,519.1701556145917,256.2224096255788,-1995.6305095246134,0.0018283384333739484,4.0,0.7070833333333333,4200.0,0.00012132089016511126,1.9996827991575134e-05
693.4822955599464,588.3851853991274,282.9988785966879,-2318.2021297064057,0.0018212576793240197,5.0,0.7070833333333333,4200.0,0.00014895908111988516,2.4996034989468922e-05
775.6414104590707,646.44999837519,303.011787259325,-2601.9470820920687,0.001814633446594317,6.0,0.7070833333333333,4200.0,0.00017444364680545583,2.9995241987362704e-05
849.9927415496004,696.036488784081,318.19462670806877,-2855.290344355708,0.0018083184885664169,7.0,0.7070833333333333,4200.0,0.00020100502512562814,3.4994448985256496e-05
918.1081534393941,738.8674691789496,329.9268405918469,-3083.2192091338657,0.0018023783188414895,8.0,0.7070833333333333,4200.0,0.00022541277817659725,3.999365598315027e-05
981.2829032736794,776.2676207818181,338.6432648702292,-3291.0432795078814,0.0017966658722750842,9.0,0.7070833333333333,4200.0,0.0002503589375448672,4.499286298104406e-05
1040.7116510474107,809.4061837439293,345.5291462539736,-3482.3863295809933,0.0017911471173075808,10.0,0.7070833333333333,4200.0,0.0002745872218234027,4.9992069978937845e-05
1096.5302816984392,838.6569549918698,351.45686904659266,-3658.4241213360438,0.0017859038064576233,11.0,0.7070833333333333,4200.0,0.00029809763101220385,5.499127697683162e-05
1149.5973591593392,864.7936516316714,355.5033188282574,-3823.0728149975475,0.0017807907625347968,12.0,0.7070833333333333,4200.0,0.00032089016511127063,5.999048397472541e-05
1200.6049473738533,888.4498583798539,357.86579274364186,-3977.9023162603626,0.001775761165021749,13.0,0.7070833333333333,4200.0,0.0003452979181622397,6.49896909726192e-05
1248.923956896384,909.4162008967439,360.4978351289522,-4121.884942416305,0.001771019266914903,14.0,0.7070833333333333,4200.0,0.00036683417085427134,6.998889797051299e-05
1295.5870522817127,928.4253235751423,362.0615862546162,-4259.106321644962,0.0017663456695772193,15.0,0.7070833333333333,4200.0,0.0003903445800430725,7.498810496840675e-05
1340.5696080471218,945.5900690702235,363.22453041469583,-4388.565398824881,0.0017618581992074603,16.0,0.7070833333333333,4200.0,0.00041062455132806887,7.998731196630054e-05
1384.0686254844986,961.1055662010991,363.836211705633,-4512.51323589692,0.0017573969254874508,17.0,0.7070833333333333,4200.0,0.000433237616654702,8.498651896419433e-05
1426.3407870582212,975.246226224646,363.7738071427929,-4630.527754639916,0.0017530958034555177,18.0,0.7070833333333333,4200.0,0.000455491744436468,8.998572596208812e-05
1467.5024768628437,988.1199613165675,364.07416295307837,-4744.124073834777,0.0017488381281682713,19.0,0.7070833333333333,4200.0,0.00047738693467336686,9.49849329599819e-05
1507.6361495674162,999.8226561868853,363.6658459231061,-4853.962997021685,0.0017446594210309726,20.0,0.7070833333333333,4200.0,0.0004989231873653984,9.998413995787569e-05
1546.649537851209,1010.3961561805698,363.6962597445416,-4958.097533151464,0.0017406423010442196,21.0,0.7070833333333333,4200.0,0.0005201005025125628,0.00010498334695576949
1584.6034557987189,1019.9310118090364,362.48773265873956,-5058.506892638972,0.0017367636067138355,22.0,0.7070833333333333,4200.0,0.0005409188801148599,0.00010998255395366325
1621.64025689052,1028.5404852738,361.5558997152468,-5156.536352357558,0.0017328845303909675,23.0,0.7070833333333333,4200.0,0.0005613783201722899,0.00011498176095155703
1657.9323954220656,1036.3765704830967,361.09713959710285,-5250.962684211096,0.0017290950916891519,24.0,0.7070833333333333,4200.0,0.0005814788226848528,0.00011998096794945082
1693.2459194187963,1043.3424212073935,360.2068139314706,-5341.677408548756,0.00172546170776286,25.0,0.7070833333333333,4200.0,0.0006012203876525485,0.0001249801749473446
1728.4259968161377,1049.8316719342718,359.38082331389444,-5431.502610540614,0.0017217077172832405,26.0,0.7070833333333333,4200.0,0.0006206030150753768,0.0001299793819452384
1762.3213406475716,1055.4401869894423,358.52201859869183,-5517.240883522885,0.001718199810406591,27.0,0.7070833333333333,4200.0,0.000639626704953338,0.00013497858894313217
1796.4826820573019,1060.77561931215,356.70116990544057,-5602.980773603769,0.001714537182263259,28.0,0.7070833333333333,4200.0,0.0006633165829145729,0.00013997779594102598
1829.3591696147496,1065.3413475244256,354.8968342750401,-5683.787529707741,0.0017112178376635526,29.0,0.7070833333333333,4200.0,0.0006818018664752333,0.00014497700293891974
1861.4175508683534,1069.2677926469578,354.11145904415173,-5764.021849836237,0.0017078061569291848,30.0,0.7070833333333333,4200.0,0.0006999282124910266,0.0001499762099368135
0.0,0.0,0.0,-2.1237246499294997,0.0016135110910450523,0.0,0.7474999999999999,4250.0,0.0,
179.37683975367304,163.85452312449058,83.81558928859536,-565.0341841876798,0.0016038446564541479,1.0,0.7474999999999999,4250.0,3.356066044508255e-05,4.9992069978937835e-06
315.5960755854976,282.8819300653407,145.70386833850947,-1020.0963612852647,0.0015966170776819666,2.0,0.7474999999999999,4250.0,6.460875807609475e-05,9.998413995787567e-06
425.2007539902343,374.0974104453399,189.21050443270633,-1398.1033287515602,0.0015903145591328839,3.0,0.7474999999999999,4250.0,9.36826992103374e-05,1.4997620993681352e-05
517.3131254429966,446.8606555621136,220.52032282567197,-1719.7705777498995,0.0015752906816659373,4.0,0.7474999999999999,4200.0,0.00012132089016511126,1.9996827991575134e-05
597.2083820814315,506.614881842352,243.65287279606602,-1998.7914425667113,0.001570049786567126,5.0,0.7474999999999999,4200.0,0.00014895908111988516,2.4996034989468922e-05
668.2094155118672,556.8003157675419,260.97625999072187,-2244.5468144116676,0.001565142552953918,6.0,0.7474999999999999,4200.0,0.00017444364680545583,2.9995241987362704e-05
732.5284282186913,599.7102967372874,274.1527994530538,-2464.2453660550964,0.001560460594829916,7.0,0.7474999999999999,4200.0,0.00020100502512562814,3.4994448985256496e-05
791.5045938025398,636.816942841215,284.358852649657,-2662.146241455179,0.0015560530753628563,8.0,0.7474999999999999,4200.0,0.00022541277817659725,3.999365598315027e-05
846.2505343099111,669.2585324312367,291.9692949053505,-2842.7981413257585,0.0015518113120779541,9.0,0.7474999999999999,4200.0,0.0002503589375448672,4.499286298104406e-05
897.7949587981412,698.0403277825066,298.00895280561036,-3009.3248706552185,0.0015477104056840262,10.0,0.7474999999999999,4200.0,0.0002745872218234027,4.9992069978937845e-05
946.2422765585644,723.4743073079718,303.22274674922886,-3162.705186848878,0.0015438115974756453,11.0,0.7474999999999999,4200.0,0.00029809763101220385,5.499127697683162e-05
992.3366290133605,746.227960199498,306.81142640528185,-3306.306339553681,0.0015400069996868663,12.0,0.7474999999999999,4200.0,0.00032089016511127063,5.999048397472541e-05
1036.6749656793497,766.8522166370957,308.94858751018364,-3441.4882108641177,0.001536262166113778,13.0,0.7474999999999999,4200.0,0.0003452979181622397,6.49896909726192e-05
1078.700152042668,785.1539775530704,311.31762114320713,-3567.329483136622,0.0015327293559977266,14.0,0.7474999999999999,4200.0,0.00036683417085427134,6.998889797051299e-05
1119.3109485688553,801.7704050771114,312.7626041288763,-3687.3838893535867,0.0015292452036285637,15.0,0.7474999999999999,4200.0,0.0003903445800430725,7.498810496840675e-05
1158.481286267936,816.7961800513514,313.8590180086231,-3800.746094222195,0.0015258978212557798,16.0,0.7474999999999999,4200.0,0.00041062455132806887,7.998731196630054e-05
1196.3826332830436,830.4003334865301,314.4773957305713,-3909.3532799714303,0.0015225682045220848,17.0,0.7474999999999999,4200.0,0.000433237616654702,8.498651896419433e-05
1233.2331562169877,842.8110885545801,314.51159372776925,-4012.874403806978,0.001519356198707551,18.0,0.7474999999999999,4200.0,0.000455491744436468,8.998572596208812e-05
1269.1357842170482,854.1335759733211,314.86037455000496,-4112.607427368814,0.0015161749677657236,19.0,0.7474999999999999,4200.0,0.00047738693467336686,9.49849329599819e-05
1304.1597900630188,864.444922934694,314.59330792587656,-4209.164528700479,0.0015130509195934736,20.0,0.7474999999999999,4200.0,0.0004989231873653984,9.998413995787569e-05
1338.2210743591495,873.778294168361,314.7054858547377,-4300.730387517739,0.0015100462327017788,21.0,0.7474999999999999,4200.0,0.0005201005025125628,0.00010498334695576949
1371.369258467033,882.2104006656608,313.73967292774876,-4389.072992179346,0.00150714340856723,22.0,0.7474999999999999,4200.0,0.0005409188801148599,0.00010998255395366325
1403.7321990440673,889.8360685237757,313.0121885636638,-4475.387844627781,0.0015042388397564401,23.0,0.7474999999999999,4200.0,0.0005613783201722899,0.00011498176095155703
1435.458060398402,896.798962879581,312.6948134400062,-4558.583527087678,0.0015014000647500486,24.0,0.7474999999999999,4200.0,0.0005814788226848528,0.00011998096794945082
1466.3394222292168,903.004664701602,311.99997970824165,-4638.621894106633,0.0014986767985646565,25.0,0.7474999999999999,4200.0,0.0006012203876525485,0.0001249801749473446
1497.1205020324733,908.8023288948831,311.36189569442905,-4717.875041916399,0.0014958620710653113,26.0,0.7474999999999999,4200.0,0.0006206030150753768,0.0001299793819452384
1526.7834935854157,913.8294054669959,310.6918874413666,-4793.541148009295,0.0014932303541566716,27.0,0.7474999999999999,4200.0,0.000639626704953338,0.00013497858894313217
1556.6972254611346,918.6213907595363,309.1870871446603,-4869.362528831829,0.0014904815548455813,28.0,0.7474999999999999,4200.0,0.0006633165829145729,0.00013997779594102598
1585.4874568037806,922.7391780801333,307.6892732874402,-4940.748022670879,0.0014879887545565678,29.0,0.7474999999999999,4200.0,0.0006818018664752333,0.00014497700293891974
1613.5772401833347,926.308324322651,307.0779592133414,-5011.775319912529,0.0014854258555104863,30.0,0.7474999999999999,4200.0,0.0006999282124910266,0.0001499762099368135
0.0,0.0,0.0,-2.1237246499294997,0.0013506021787399447,0.0,0.7879166666666666,4250.0,0.0,
150.27439874806402,137.2649091490179,70.21320505343871,-473.7974441728438,0.0013438393360542056,1.0,0.7879166666666666,4250.0,3.356066044508255e-05,4.9992069978937835e-06
264.5028785725939,237.06715075153306,122.10022927037724,-855.726536849048,0.0013387757294584296,2.0,0.7879166666666666,4250.0,6.460875807609475e-05,9.998413995787567e-06
356.5055153774511,313.6242698779901,158.6130145563362,-1173.443464548429,0.0013343552158543018,3.0,0.7879166666666666,4250.0,9.36826992103374e-05,1.4997620993681352e-05
433.90623045509597,374.75998931580824,184.92475566444568,-1444.1269488084145,0.0013303272978942193,4.0,0.7879166666666666,4250.0,0.00012132089016511126,1.9996827991575134e-05
501.11033890326934,425.0212190440568,204.39734282224845,-1679.2613247354238,0.0013188030362467947,5.0,0.7879166666666666,4200.0,0.00014895908111988516,2.4996034989468922e-05
560.8946520608175,467.28372055212145,219.00789443792058,-1886.6449596300954,0.0013153518232986309,6.0,0.7879166666666666,4200.0,0.00017444364680545583,2.9995241987362704e-05
615.1045922426313,503.46040873583223,230.14559261809094,-2072.2701983328807,0.0013120563794406582,7.0,0.7879166666666666,4200.0,0.00020100502512562814,3.4994448985256496e-05
664.855502795132,534.7807597792506,238.79636946507262,-2239.6813710705683,0.001308951719059584,8.0,0.7879166666666666,4200.0,0.00022541277817659725,3.999365598315027e-05
711.0790788940002,562.1975345145719,245.27150827161202,-2392.6748451747117,0.0013059615858797588,9.0,0.7879166666666666,4200.0,0.0002503589375448672,4.499286298104406e-05
754.6356961178351,586.5515595914037,250.42933369006627,-2533.8748669131746,0.0013030686779532666,10.0,0.7879166666666666,4200.0,0.0002745872218234027,4.9992069978937845e-05
795.6043107485953,608.0976678870386,254.89464196501416,-2664.074528063793,0.0013003165421457063,11.0,0.7879166666666666,4200.0,0.00029809763101220385,5.499127697683162e-05
834.6126234047097,627.3953628521958,257.994422798697,-2786.094275238698,0.0012976290557755814,12.0,0.7879166666666666,4200.0,0.00032089016511127063,5.999048397472541e-05
872.1628363866106,644.9124071226902,259.8746748105747,-2901.0819795044445,0.0012949821597307344,13.0,0.7879166666666666,4200.0,0.0003452979181622397,6.49896909726192e-05
907.7743779053634,660.4758860658383,261.9489421252173,-3008.234335998961,0.0012924836026124065,14.0,0.7879166666666666,4200.0,0.00036683417085427134,6.998889797051299e-05
942.2094732315813,674.6257272799631,263.2433520809672,-3110.562875427422,0.0012900178893645458,15.0,0.7879166666666666,4200.0,0.0003903445800430725,7.498810496840675e-05
975.4412080951457,687.4378496390478,264.2439963723175,-3207.2711773223637,0.0012876475748094262,16.0,0.7879166666666666,4200.0,0.00041062455132806887,7.998731196630054e-05
1007.6159745826843,699.0563390039551,264.8420586869477,-3299.9827246373316,0.0012852885984010061,17.0,0.7879166666666666,4200.0,0.000433237616654702,8.498651896419433e-05
1038.9142686542946,709.667051481507,264.9445127414985,-3388.4487283845883,0.001283011608128136,18.0,0.7879166666666666,4200.0,0.000455491744436468,8.998572596208812e-05
1069.4248862353816,719.36767622804,265.3140729449162,-3473.751673607774,0.0012807552671042746,19.0,0.7879166666666666,4200.0,0.00047738693467336686,9.49849329599819e-05
1099.2033134223516,728.2167956472888,265.16144577026773,-3556.443025486289,0.001278538203043409,20.0,0.7879166666666666,4200.0,0.0004989231873653984,9.998413995787569e-05
1128.1763837060291,736.2405735988432,265.3287131258433,-3634.8796875237604,0.0012764048274318967,21.0,0.7879166666666666,4200.0,0.0005201005025125628,0.00010498334695576949
1156.3832269460336,743.5024779423801,264.58264101531466,-3710.6001096403998,0.001274342594475331,22.0,0.7879166666666666,4200.0,0.0005409188801148599,0.00010998255395366325
1183.9350045045885,750.0814175372244,264.0363419070189,-3784.638537845509,0.0012722781015346595,23.0,0.7879166666666666,4200.0,0.0005613783201722899,0.00011498176095155703
1210.9561241725185,756.102308223385,263.83653680440653,-3856.047296446188,0.0012702594277903168,24.0,0.7879166666666666,4200.0,0.0005814788226848528,0.00011998096794945082
1237.2682188200677,761.4851698672356,263.3157826180788,-3924.84284201813,0.00126832190048456,25.0,0.7879166666666666,4200.0,0.0006012203876525485,0.0001249801749473446
1263.5078759449148,766.5279849744888,262.84304934615324,-3992.962521178495,0.0012663185695978327,26.0,0.7879166666666666,4200.0,0.0006206030150753768,0.0001299793819452384
1288.7991377170658,770.9134565730842,262.34012132833044,-4058.0159669224668,0.0012644444326059992,27.0,0.7879166666666666,4200.0,0.000639626704953338,0.00013497858894313217
1314.3198662838195,775.107646164117,261.1316974795571,-4123.333890256188,0.0012624862024104891,28.0,0.7879166666666666,4200.0,0.0006633165829145729,0.00013997779594102598
1338.8840490437763,778.7153475331772,259.9233711920931,-4184.768589613719,0.001260709202585215,29.0,0.7879166666666666,4200.0,0.0006818018664752333,0.00014497700293891974
1362.8640527662915,781.8691016188086,259.46658896091833,-4246.021409568202,0.0012588816635234657,30.0,0.7879166666666666,4200.0,0.0006999282124910266,0.0001499762099368135
0.0,0.0,0.0,-2.1237246499294997,0.0010895008684735736,0.0,0.8283333333333333,4250.0,0.0,
121.31946085545161,110.81223727793507,56.68161877954557,-382.9852235889193,0.0010851067945842436,1.0,0.8283333333333333,4250.0,3.356066044508255e-05,4.9992069978937835e-06
213.62478838345444,191.45203743421737,98.60081831241429,-691.880213616445,0.0010818122750366702,2.0,0.8283333333333333,4250.0,6.460875807609475e-05,9.998413995787567e-06
288.04362669210434,253.3694425880863,128.13048337989994,-949.210825708411,0.0010789329612781245,3.0,0.8283333333333333,4250.0,9.36826992103374e-05,1.4997620993681352e-05
350.71704172232444,302.86748985088724,149.43768855109153,-1168.7463861630822,0.0010763067619044104,4.0,0.8283333333333333,4250.0,0.00012132089016511126,1.9996827991575134e-05
405.1904881256013,343.60655603772886,165.23190988600007,-1359.652027237098,0.0010738709184105384,5.0,0.8283333333333333,4250.0,0.00014895908111988516,2.4996034989468922e-05
453.6966056357816,377.8997718372422,177.1053541737431,-1528.2506526867437,0.001065269325577228,6.0,0.8283333333333333,4200.0,0.00017444364680545583,2.9995241987362704e-05
497.72329474494035,407.2890312996667,186.1776840046665,-1679.3763199080422,0.0010631153847384005,7.0,0.8283333333333333,4200.0,0.00020100502512562814,3.4994448985256496e-05
538.1657789213326,432.76388194879314,193.2426488696867,-1815.8374926913602,0.00106108460052269,8.0,0.8283333333333333,4200.0,0.00022541277817659725,3.999365598315027e-05
575.772412703893,455.08938161008956,198.54852402135324,-1940.687007056702,0.0010591272872256573,9.0,0.8283333333333333,4200.0,0.0002503589375448672,4.499286298104406e-05
611.2384170539647,474.94469503448374,202.79226104247616,-2056.0496324602645,0.001057232278797499,10.0,0.8283333333333333,4200.0,0.0002745872218234027,4.9992069978937845e-05
644.621174815864,492.5311897923516,206.47709065046485,-2162.5439452156934,0.0010554283192171334,11.0,0.8283333333333333,4200.0,0.00029809763101220385,5.499127697683162e-05
676.4306041249455,508.3025637199682,209.05526501541382,-2262.4458911037436,0.0010536655413729812,12.0,0.8283333333333333,4200.0,0.00032089016511127063,5.999048397472541e-05
707.0740759754838,522.636991527444,210.64572834713616,-2356.689315780379,0.0010519283405226,13.0,0.8283333333333333,4200.0,0.0003452979181622397,6.49896909726192e-05
736.1517643151303,535.3884999829328,212.3921675896468,-2444.600711599727,0.0010502875095576973,14.0,0.8283333333333333,4200.0,0.00036683417085427134,6.998889797051299e-05
764.2864847230807,546.9972570114105,213.50615369247285,-2528.638923117971,0.0010486672278825645,15.0,0.8283333333333333,4200.0,0.0003903445800430725,7.498810496840675e-05
791.4531174100729,557.5223352080696,214.38159456146013,-2608.1300147333895,0.001047108726548695,16.0,0.8283333333333333,4200.0,0.00041062455132806887,7.998731196630054e-05
817.7717473697327,567.0818206340822,214.92949819270612,-2684.384292324685,0.001045556867971943,17.0,0.8283333333333333,4200.0,0.000433237616654702,8.498651896419433e-05
843.386040166819,575.8206022906455,215.07307256274336,-2757.2254513577936,0.0010440580709204367,18.0,0.8283333333333333,4200.0,0.000455491744436468,8.998572596208812e-05
868.3699588293671,583.8261690338267,215.43492310925433,-2827.52271100325,0.0010425721051250077,19.0,0.8283333333333333,4200.0,0.00047738693467336686,9.49849329599819e-05
892.7665757112557,591.1413769221842,215.3698556703159,-2895.7537646693236,0.0010411111771715267,20.0,0.8283333333333333,4200.0,0.0004989231873653984,9.998413995787569e-05
916.51315856004,597.7856289501921,215.56503842625648,-2960.490304826417,0.001039704731815649,21.0,0.8283333333333333,4200.0,0.0005201005025125628,0.00010498334695576949
939.6411624631907,603.8100903767535,215.01472931661343,-3023.022079633898,0.001038344418103059,22.0,0.8283333333333333,4200.0,0.0005409188801148599,0.00010998255395366325
962.2427270593391,609.280240663611,214.6258399291284,-3084.210677043484,0.0010369819500286902,23.0,0.8283333333333333,4200.0,0.0005613783201722899,0.00011498176095155703
984.4186202082858,614.2914669646459,214.51914275871522,-3143.263702846307,0.0010356491031205917,24.0,0.8283333333333333,4200.0,0.0005814788226848528,0.00011998096794945082
1006.0211276480173,618.7871364223653,214.14951086481688,-3200.2355968476404,0.0010343691778850123,25.0,0.8283333333333333,4200.0,0.0006012203876525485,0.0001249801749473446
1027.5750205350853,623.0097011327272,213.81951311671745,-3256.6467419842375,0.0010330453018123403,26.0,0.8283333333333333,4200.0,0.0006206030150753768,0.0001299793819452384
1048.354157423742,626.6923134461894,213.46252891457277,-3310.533049456644,0.0010318061115627338,27.0,0.8283333333333333,4200.0,0.000639626704953338,0.00013497858894313217
1069.3338230849338,630.2244273762107,212.5305164480916,-3364.746181768838,0.0010305108301830966,28.0,0.8283333333333333,4200.0,0.0006633165829145729,0.00013997779594102598
1089.5287461211244,633.2653263358341,211.59331590058923,-3415.6860855169507,0.0010293346887630228,29.0,0.8283333333333333,4200.0,0.0006818018664752333,0.00014497700293891974
1109.2541904122077,635.9455073374635,211.2698307039941,-3466.5788255362495,0.0010281247333676254,30.0,0.8283333333333333,4200.0,0.0006999282124910266,0.0001499762099368135
0.0,0.0,0.0,-2.1237246499294997,0.0008301791480712209,0.0,0.8687499999999999,4250.0,0.0,
92.50947606699356,84.49408843172746,43.21923541807659,-292.59257475237246,0.0008276319471800131,1.0,0.8687499999999999,4250.0,3.356066044508255e-05,4.9992069978937835e-06
162.95904046543296,146.03400030397344,75.20515824331913,-528.5530940381068,0.0008257195774679538,2.0,0.8687499999999999,4250.0,6.460875807609475e-05,9.998413995787567e-06
219.8147910553869,193.33278926929825,97.76246260286533,-725.4039990151578,0.0008240463871538609,3.0,0.8687499999999999,4250.0,9.36826992103374e-05,1.4997620993681352e-05
267.74530888462834,231.18302993273502,114.05952219278211,-893.5698908184349,0.0008225187908718525,4.0,0.8687499999999999,4250.0,0.00012132089016511126,1.9996827991575134e-05
309.446910106661,262.369110002025,126.15750245175715,-1039.9947028238457,0.0008211006285783723,5.0,0.8687499999999999,4250.0,0.00014895908111988516,2.4996034989468922e-05
346.61783993939747,288.65106842343647,135.27013651595155,-1169.455660419335,0.0008197686914568722,6.0,0.8687499999999999,4250.0,0.00017444364680545583,2.9995241987362704e-05
380.38942938504374,311.2010577096505,142.24961233281843,-1285.6199050957075,0.0008184962051286393,7.0,0.8687499999999999,4250.0,0.00020100502512562814,3.4994448985256496e-05
411.43795519174677,330.7689455334802,147.69843982717347,-1390.6355136359634,0.0008172934029343608,8.0,0.8687499999999999,4250.0,0.00022541277817659725,3.999365598315027e-05
440.33397162366117,347.93776563166006,151.80470494468008,-1486.848648684936,0.0008113192151743793,9.0,0.8687499999999999,4200.0,0.0002503589375448672,4.499286298104406e-05
467.60789768587233,363.22543152279957,155.1016909932231,-1575.8627880611602,0.0008102118507753828,10.0,0.8687499999999999,4200.0,0.0002745872218234027,4.9992069978937845e-05
493.2983477373986,376.78177371520957,157.9716999256972,-1658.1255899233656,0.0008091570179507321,11.0,0.8687499999999999,4200.0,0.00029809763101220385,5.499127697683162e-05
517.7963095477581,388.9542300046745,159.9947875447539,-1735.3712987982726,0.0008081255722541863,12.0,0.8687499999999999,4200.0,0.00032089016511127063,5.999048397472541e-05
541.4140457125139,400.0308711200992,161.26354347424785,-1808.3175590320388,0.0008071084837600395,13.0,0.8687499999999999,4200.0,0.0003452979181622397,6.49896909726192e-05
563.8371780096676,409.89714705647725,162.65079439397914,-1876.4318913410825,0.000806147247294157,14.0,0.8687499999999999,4200.0,0.00036683417085427134,6.998889797051299e-05
585.5469515342884,418.89127419982475,163.55362051770126,-1941.6100924570492,0.0008051974622436867,15.0,0.8687499999999999,4200.0,0.0003903445800430725,7.498810496840675e-05
606.5213603729928,427.0563540389513,164.2732992143589,-2003.3143522227037,0.0008042833715049171,16.0,0.8687499999999999,4200.0,0.00041062455132806887,7.998731196630054e-05
626.8533426130881,434.4833626909031,164.74135903599267,-2062.5430248086122,0.0008033727068967021,17.0,0.8687499999999999,4200.0,0.000433237616654702,8.498651896419433e-05
646.651043351403,441.27908832585484,164.8976434981796,-2119.1816293530646,0.0008024926745873116,18.0,0.8687499999999999,4200.0,0.000455491744436468,8.998572596208812e-05
665.9725557269968,447.51708816044055,165.22274631148642,-2173.888857144164,0.0008016197335329715,19.0,0.8687499999999999,4200.0,0.00047738693467336686,9.49849329599819e-05
684.8491783773808,453.2263952686168,165.21856766793567,-2227.0548510872322,0.0008007610160841601,20.0,0.8687499999999999,4200.0,0.0004989231873653984,9.998413995787569e-05
703.2307739799451,458.4204311477874,165.4143343091765,-2277.5103689674943,0.000799933934546406,21.0,0.8687499999999999,4200.0,0.0005201005025125628,0.00010498334695576949
721.1401490311833,463.13760989571864,165.03429291331983,-2326.2763855427474,0.000799133531930399,22.0,0.8687499999999999,4200.0,0.0005409188801148599,0.00010998255395366325
738.6503042387916,467.43017865114916,164.77857832340337,-2374.0303754878696,0.0007983314740867279,23.0,0.8687499999999999,4200.0,0.0005613783201722899,0.00011498176095155703
755.838475182326,471.3667454856533,164.739839320906,-2420.1469752673074,0.0007975464924978551,24.0,0.8687499999999999,4200.0,0.0005814788226848528,0.00011998096794945082
772.5889089227782,474.910909106307,164.4977274509432,-2464.7004348245755,0.0007967923013840884,25.0,0.8687499999999999,4200.0,0.0006012203876525485,0.0001249801749473446
789.3099700472682,478.24796315717634,164.2864462991948,-2508.814464543,0.0007960119252792931,26.0,0.8687499999999999,4200.0,0.0006206030150753768,0.0001299793819452384
805.4337499214623,481.16645443103613,164.0520912433931,-2550.965518849931,0.0007952810721407302,27.0,0.8687499999999999,4200.0,0.000639626704953338,0.00013497858894313217
821.7221035518072,483.97321393228935,163.37615326225063,-2593.4553980213022,0.0007945168594607367,28.0,0.8687499999999999,4200.0,0.0006633165829145729,0.00013997779594102598
837.4029751383387,486.3917690128052,162.6932769934135,-2633.3418099747505,0.0007938225004751034,29.0,0.8687499999999999,4200.0,0.0006818018664752333,0.00014497700293891974
852.7276760866529,488.539654191915,162.4823973590811,-2673.2717229187183,0.0007931079688154419,30.0,0.8687499999999999,4200.0,0.0006999282124910266,0.0001499762099368135
0.0,0.0,0.0,-2.1237246499294997,0.0005726096990153039,0.0,0.9091666666666666,4250.0,0.0,
63.84240493711645,58.3085510805037,29.824948555994666,-202.61465357892303,0.0005714000256986175,1.0,0.9091666666666666,4250.0,3.356066044508255e-05,4.9992069978937835e-06
112.50533448984706,100.81290846574015,51.91418348469578,-365.74097082445223,0.0005704906340284171,2.0,0.9091666666666666,4250.0,6.460875807609475e-05,9.998413995787567e-06
151.81562396148502,133.51108093990442,67.50670496591945,-502.0216366718887,0.0005696941209218616,3.0,0.9091666666666666,4250.0,9.36826992103374e-05,1.4997620993681352e-05
184.98997161338525,159.70566130446807,78.78768490680395,-618.5997379146211,0.0005689662165743173,4.0,0.9091666666666666,4250.0,0.00012132089016511126,1.9996827991575134e-05
213.88242643121524,181.31177066000163,87.17589668405743,-720.2368161614359,0.0005682898503477036,5.0,0.9091666666666666,4250.0,0.00014895908111988516,2.4996034989468922e-05
239.66060214495974,199.5399410124675,93.5056085466482,-810.2106028570561,0.0005676540834305556,6.0,0.9091666666666666,4250.0,0.00017444364680545583,2.9995241987362704e-05
263.1036899084976,215.19725807726203,98.36384227561959,-891.0436248362021,0.0005670462214692373,7.0,0.9091666666666666,4250.0,0.00020100502512562814,3.4994448985256496e-05
284.6753753811985,228.79935782743522,102.16585567909173,-964.2043782945912,0.0005664712174223707,8.0,0.9091666666666666,4250.0,0.00022541277817659725,3.999365598315027e-05
304.76861256524944,240.74762151770295,105.04060114646214,-1031.2882389330553,0.0005659177204039845,9.0,0.9091666666666666,4250.0,0.0002503589375448672,4.499286298104406e-05
323.7496063403557,251.39943559482646,107.35742454805622,-1093.4202531194096,0.0005653803806595435,10.0,0.9091666666666666,4250.0,0.0002745872218234027,4.9992069978937845e-05
341.64124723785625,260.85546821711773,109.38013989524539,-1150.900481253855,0.0005648677580768875,11.0,0.9091666666666666,4250.0,0.00029809763101220385,5.499127697683162e-05
358.7155421946708,269.3571453596902,110.81703150337567,-1204.9318581860207,0.0005643664324244127,12.0,0.9091666666666666,4250.0,0.00032089016511127063,5.999048397472541e-05
375.1881695749727,277.1020432906043,111.73165539528156,-1256.0058731472454,0.0005638729112343291,13.0,0.9091666666666666,4250.0,0.0003452979181622397,6.49896909726192e-05
390.8362442334566,284.0093205753216,112.72766206845928,-1303.744837650076,0.0005634047448445076,14.0,0.9091666666666666,4250.0,0.00036683417085427134,6.998889797051299e-05
405.99610838268126,290.3142717052831,113.3878735217546,-1349.4753527411885,0.0005596136696495844,15.0,0.9091666666666666,4200.0,0.0003903445800430725,7.498810496840675e-05
420.6506261720056,296.04531022753986,113.92091865279161,-1392.8175571510437,0.0005591745263222426,16.0,0.9091666666666666,4200.0,0.00041062455132806887,7.998731196630054e-05
434.86484018366514,301.26632729720814,114.27904238286891,-1434.4464493934138,0.0005587368044369489,17.0,0.9091666666666666,4200.0,0.000433237616654702,8.498651896419433e-05
448.7125408416468,306.0488706743885,114.4194554410728,-1474.297632308917,0.000558313565679653,18.0,0.9091666666666666,4200.0,0.000455491744436468,8.998572596208812e-05
462.2346398436844,310.4460429401203,114.67804734490969,-1512.8224189919565,0.0005578935271018228,19.0,0.9091666666666666,4200.0,0.00047738693467336686,9.49849329599819e-05
475.45204180557505,314.4776530353272,114.7072089270165,-1550.3086505921092,0.0005574801029903082,20.0,0.9091666666666666,4200.0,0.0004989231873653984,9.998413995787569e-05
488.32851797234986,318.1513282812828,114.87545354833208,-1585.8924081321165,0.0005570817260234523,21.0,0.9091666666666666,4200.0,0.0005201005025125628,0.00010498334695576949
500.87910608927285,321.4932729879609,114.64146335116514,-1620.3049486704185,0.0005566959864799089,22.0,0.9091666666666666,4200.0,0.0005409188801148599,0.00010998255395366325
513.1553164649689,324.54016815350457,114.49371424198023,-1654.0281079511624,0.0005563092646132573,23.0,0.9091666666666666,4200.0,0.0005613783201722899,0.00011498176095155703
525.2109151806411,327.33662028891945,114.49667752544443,-1686.6154519434858,0.0005559306062254362,24.0,0.9091666666666666,4200.0,0.0005814788226848528,0.00011998096794945082
536.9642539940988,329.86269115379616,114.35706199508898,-1718.1419999517457,0.0005555666200172116,25.0,0.9091666666666666,4200.0,0.0006012203876525485,0.0001249801749473446
548.7026326193289,332.2465714855614,114.23974351292014,-1749.3566730300372,0.0005551898600299526,26.0,0.9091666666666666,4200.0,0.0006206030150753768,0.0001299793819452384
560.0248985062492,334.33735142682053,114.10485044014403,-1779.1908737788544,0.0005548368176404073,27.0,0.9091666666666666,4200.0,0.000639626704953338,0.00013497858894313217
571.4690366932082,336.3532215127066,113.6630538666493,-1809.323118615277,0.0005544675288324205,28.0,0.9091666666666666,4200.0,0.0006633165829145729,0.00013997779594102598
582.4878441351904,338.09386002339915,113.21391244371931,-1837.5827410723577,0.0005541317846577082,29.0,0.9091666666666666,4200.0,0.0006818018664752333,0.00014497700293891974
593.2618238007688,339.6463213977025,113.09396512754874,-1865.929773751268,0.0005537861852596645,30.0,0.9091666666666666,4200.0,0.0006999282124910266,0.0001499762099368135
0.0,0.0,0.0,-2.1237246499294997,0.00031676587762465415,0.0,0.9495833333333332,4250.0,0.0,
35.316541558320225,32.25404438088515,16.497964643062122,-113.0467163088324,0.00031639656879114345,1.0,0.9495833333333332,4250.0,3.356066044508255e-05,4.9992069978937835e-06
62.260637549635526,55.78589307289081,28.725942947860695,-203.43970287928823,0.00031611857350980404,2.0,0.9495833333333332,4250.0,6.460875807609475e-05,9.998413995787567e-06
84.04740007656144,73.90575304599946,37.36623189150303,-279.06246026601,0.000315874825877269,3.0,0.9495833333333332,4250.0,9.36826992103374e-05,1.4997620993681352e-05
102.45141603566545,88.43589423765239,43.62473195451532,-343.83830811099324,0.0003156518629431308,4.0,0.9495833333333332,4250.0,0.00012132089016511126,1.9996827991575134e-05
118.49606426959411,100.43363239855674,48.28544251340783,-400.3843885867391,0.00031544450347304706,5.0,0.9495833333333332,4250.0,0.00014895908111988516,2.4996034989468922e-05
132.8252268187503,110.56673704429974,51.80885962339032,-450.5033428421666,0.0003152494324209422,6.0,0.9495833333333332,4250.0,0.00017444364680545583,2.9995241987362704e-05
145.86885882492916,119.28044065082301,54.51943784146047,-495.5860329201387,0.0003150627803898706,7.0,0.9495833333333332,4250.0,0.00020100502512562814,3.4994448985256496e-05
157.88168368073826,126.85884138178132,56.64613153253366,-536.4371367947024,0.0003148860871447156,8.0,0.9495833333333332,4250.0,0.00022541277817659725,3.999365598315027e-05
169.08062188358687,133.5234141799824,58.25945499607101,-573.9361028654894,0.0003147158832394976,9.0,0.9495833333333332,4250.0,0.0002503589375448672,4.499286298104406e-05
179.66866945152134,139.47216699916447,59.56478906376825,-608.7074168335312,0.00031455053432415066,10.0,0.9495833333333332,4250.0,0.0002745872218234027,4.9992069978937845e-05
189.65616808796673,144.7590218786346,60.707493215151494,-640.9075562593207,0.0003143926920501242,11.0,0.9495833333333332,4250.0,0.00029809763101220385,5.499127697683162e-05
199.19421882943757,149.51788335946992,61.52488901674497,-671.2107877817325,0.00031423822682115577,12.0,0.9495833333333332,4250.0,0.00032089016511127063,5.999048397472541e-05
208.40278039994047,153.85788617297155,62.05243283415713,-699.8814986344223,0.00031408607900032374,13.0,0.9495833333333332,4250.0,0.0003452979181622397,6.49896909726192e-05
217.15527846387812,157.73337520694756,62.62507502931445,-726.7070950146444,0.0003139416615051026,14.0,0.9495833333333332,4250.0,0.00036683417085427134,6.998889797051299e-05
225.64007805767716,161.2754859408289,63.011047876900264,-752.4268110382764,0.0003137988502278732,15.0,0.9495833333333332,4250.0,0.0003903445800430725,7.498810496840675e-05
233.84662042506153,164.49919458833097,63.325993078053365,-776.8106709112108,0.00031366157337357824,16.0,0.9495833333333332,4250.0,0.00041062455132806887,7.998731196630054e-05
241.81130918444535,167.44026858887162,63.543501026439735,-800.2568386447383,0.0003135247746499433,17.0,0.9495833333333332,4250.0,0.000433237616654702,8.498651896419433e-05
249.57444799031634,170.13784030979792,63.63937472569083,-822.7197923695348,0.00031339216758939664,18.0,0.9495833333333332,4250.0,0.000455491744436468,8.998572596208812e-05
257.1593121238651,172.62061026170457,63.80179114141611,-844.4532171384999,0.00031326055997286354,19.0,0.9495833333333332,4250.0,0.00047738693467336686,9.49849329599819e-05
264.57694881571643,174.90152555056642,63.83609091956549,-865.6202376904548,0.00031313064295058785,20.0,0.9495833333333332,4250.0,0.0004989231873653984,9.998413995787569e-05
271.806483533483,176.9831943139887,63.94783673060729,-885.7310854021198,0.0003130053897665707,21.0,0.9495833333333332,4250.0,0.0005201005025125628,0.00010498334695576949
278.85582193027363,178.87992850522272,63.834366967837525,-905.1848541730942,0.00031288442771489387,22.0,0.9495833333333332,4250.0,0.0005409188801148599,0.00010998255395366325
285.75420554560225,180.61274103851267,63.76900700971125,-924.2627622929067,0.0003127631687520361,23.0,0.9495833333333332,4250.0,0.0005613783201722899,0.00011498176095155703
292.5316037095583,182.20454372764794,63.78764756600756,-942.7096192452736,0.0003126444362482315,24.0,0.9495833333333332,4250.0,0.0005814788226848528,0.00011998096794945082
299.14177911730843,183.64712015862585,63.7261733489074,-960.5807751221655,0.0003125294169565221,25.0,0.9495833333333332,4250.0,0.0006012203876525485,0.0001249801749473446
305.74666621513086,185.011456341644,63.677642342578295,-978.2743770923989,0.0003124112749156886,26.0,0.9495833333333332,4250.0,0.0006206030150753768,0.0001299793819452384
312.11887779997244,186.21093628187117,63.61806897820995,-995.1904980030886,0.0003123005356909195,27.0,0.9495833333333332,4250.0,0.000639626704953338,0.00013497858894313217
318.5631459144632,187.37019147131562,63.38750324556551,-1012.3082957151273,0.00031218379268522746,28.0,0.9495833333333332,4250.0,0.0006633165829145729,0.00013997779594102598
324.7688269570985,188.37417512848404,63.15144767953912,-1028.3476309898106,0.00031207844268313784,29.0,0.9495833333333332,4250.0,0.0006818018664752333,0.00014497700293891974
330.8397321355221,189.2712151670733,63.09932745547191,-1044.4685023333586,0.0003119690414489382,30.0,0.9495833333333332,4250.0,0.0006999282124910266,0.0001499762099368135
0.0,0.0,0.0,-2.1237246499294997,6.262169267871004e-05,0.0,0.99,4250.0,0.0,
6.930216480170648,6.329012418463243,3.237507468132021,-23.884116372639255,6.260741238627849e-05,1.0,0.99,4250.0,3.356066044508255e-05,4.9992069978937835e-06
12.222448144451475,10.95061294494426,5.638993199413402,-41.64522746934381,6.259664930242181e-05,2.0,0.99,4250.0,6.460875807609475e-05,9.998413995787567e-06
16.50589000233124,14.512726767767523,7.337699928902191,-56.5251887414488,6.258720235488521e-05,3.0,0.99,4250.0,9.36826992103374e-05,1.4997620993681352e-05
20.12791045041759,17.372116745443478,8.569784295494493,-69.28796418847924,6.257855294574489e-05,4.0,0.99,4250.0,0.00012132089016511126,1.9996827991575134e-05
23.288745368642907,19.73570472043054,9.488782306002676,-80.44354834965634,6.257050185861226e-05,5.0,0.99,4250.0,0.00014895908111988516,2.4996034989468922e-05
26.11434028478378,21.734149978547023,10.184853677715454,-90.34341879834392,6.256292186344051e-05,6.0,0.99,4250.0,0.00017444364680545583,2.9995241987362704e-05
28.68886223506596,23.454573509558337,10.721562985098705,-99.25946524953179,6.255566357063045e-05,7.0,0.99,4250.0,0.00020100502512562814,3.4994448985256496e-05
31.06195441948695,24.952525812699967,11.143716455854484,-107.3480286806298,6.25487875552729e-05,8.0,0.99,4250.0,0.00022541277817659725,3.999365598315027e-05
33.27609350068932,26.271347262832737,11.465029052273811,-114.78096352519788,6.254215950736052e-05,9.0,0.99,4250.0,0.0002503589375448672,4.499286298104406e-05
35.371073152519024,27.449828157752236,11.725893430266614,-121.68119492625556,6.253571616057616e-05,10.0,0.99,4250.0,0.0002745872218234027,4.9992069978937845e-05
37.34859660386985,28.49833179415059,11.954846349045544,-128.07754217413458,6.252956155136584e-05,11.0,0.99,4250.0,0.00029809763101220385,5.499127697683162e-05
39.238495272383275,29.443259043254432,12.119739528392527,-134.10401070058288,6.252353469552466e-05,12.0,0.99,4250.0,0.00032089016511127063,5.999048397472541e-05
41.0643976363365,30.305928976998267,12.227599362085627,-139.8109232139468,6.251759493558827e-05,13.0,0.99,4250.0,0.0003452979181622397,6.49896909726192e-05
42.80083067728,31.077255270137048,12.344306431423423,-145.15594780404354,6.251195362512034e-05,14.0,0.99,4250.0,0.00036683417085427134,6.998889797051299e-05
44.48518373384215,31.78311536314948,12.424205695906945,-150.285559563461,6.250637172179991e-05,15.0,0.99,4250.0,0.0003903445800430725,7.498810496840675e-05
46.115195793742764,32.42631632993868,12.4901409678826,-155.15143911693303,6.250100319998416e-05,16.0,0.99,4250.0,0.00041062455132806887,7.998731196630054e-05
47.69807652632893,33.013955191427215,12.536816631145356,-159.83563383504224,6.2495650756512e-05,17.0,0.99,4250.0,0.000433237616654702,8.498651896419433e-05
49.2416643568907,33.5536381422139,12.559346533186751,-164.3268344051903,6.2490459384248e-05,18.0,0.99,4250.0,0.000455491744436468,8.998572596208812e-05
50.75062344626087,34.050799588496425,12.595142127464447,-168.6757295899879,6.248530463303216e-05,19.0,0.99,4250.0,0.00047738693467336686,9.49849329599819e-05
52.2270333151859,34.50846996590187,12.60555537954736,-172.91436452300695,6.248021323974404e-05,20.0,0.99,4250.0,0.0004989231873653984,9.998413995787569e-05
53.66664014799133,34.926802612267196,12.631267008550525,-176.94661513721803,6.247530240191257e-05,21.0,0.99,4250.0,0.0005201005025125628,0.00010498334695576949
55.070918075412074,35.30857196160566,12.612237457540337,-180.84734140154615,6.247055728761604e-05,22.0,0.99,4250.0,0.0005409188801148599,0.00010998255395366325
56.445731572982794,35.65801118582704,12.602702995970526,-184.67540240434755,6.246579831426268e-05,23.0,0.99,4250.0,0.0005613783201722899,0.00011498176095155703
57.7970125358361,35.97950637255085,12.609840075910762,-188.3791196602033,6.246113646184493e-05,24.0,0.99,4250.0,0.0005814788226848528,0.00011998096794945082
59.115495530180674,36.27127503740533,12.60097199834561,-191.97221499949228,6.245661799022117e-05,25.0,0.99,4250.0,0.0006012203876525485,0.0001249801749473446
60.433508391381466,36.54805454797928,12.594770865047787,-195.52936252312793,6.245197545665034e-05,26.0,0.99,4250.0,0.0006206030150753768,0.0001299793819452384
61.70544627923586,36.79200265004997,12.586175177811347,-198.93125715215137,6.244762147566618e-05,27.0,0.99,4250.0,0.000639626704953338,0.00013497858894313217
62.992413643866655,37.02828549664769,12.543782092556487,-202.38012109621195,6.244302968092952e-05,28.0,0.99,4250.0,0.0006633165829145729,0.00013997779594102598
64.23196861922301,37.233528221586745,12.500020942974054,-205.60890277918224,6.243888357719444e-05,29.0,0.99,4250.0,0.0006818018664752333,0.00014497700293891974
65.44517660712827,37.4171334127291,12.49271427956773,-208.86037351369305,6.243457663035874e-05,30.0,0.99,4250.0,0.0006999282124910266,0.0001499762099368135
