CAPE_u,CAPE_ext,CAPE_dist,dh,sat_def,P,RH,dz,ent_b,ent_std
0.0,0.0,0.0,-2.1237246499294997,0.006691839602623936,0.0,0.02,4250.0,0.0,
711.8454491303847,557.0621757482172,439.1415559264414,-2260.0240841805935,0.0065609476151864635,1.0,0.02,4200.0,1.4716439339554916e-05,1.785714285714285e-06
1225.4748647810854,912.5736247848843,709.0121063307726,-4000.0676281527267,0.006481466811406656,2.0,0.02,4200.0,2.8356066044508252e-05,3.57142857142857e-06
1623.8421683604122,1151.473828500425,879.3064713675303,-5390.030215204162,0.00640787205485491,3.0,0.02,4200.0,4.1457286432160806e-05,5.357142857142856e-06
1949.4427042906907,1317.2626665590503,988.4843305084651,-6532.280937694886,0.006338218540470425,4.0,0.02,4200.0,5.4558506819813346e-05,7.14285714285714e-06
2226.243990879692,1434.5060818925742,1058.59225277048,-7491.864566992779,0.006271964663593036,5.0,0.02,4200.0,6.730078966259871e-05,8.928571428571426e-06
2468.756688571881,1518.0996546253007,1102.7122062283045,-8313.4458115151,0.006208473556242639,6.0,0.02,4200.0,7.968413496051686e-05,1.0714285714285712e-05
2686.039278896945,1577.482678147722,1129.2751519987808,-9027.76489351684,0.006147505645650114,7.0,0.02,4200.0,9.170854271356784e-05,1.2499999999999996e-05
2884.3555486596833,1619.033727864724,1143.4943582800347,-9657.14528666185,0.006056786994636646,8.0,0.02,4150.0,0.00010480976310122038,1.428571428571428e-05
3068.3045522689968,1647.3579596071838,1148.3152472453278,-10218.98785302115,0.006000478110394026,9.0,0.02,4150.0,0.00011629576453697057,1.607142857142857e-05
3240.2739678188195,1665.2553327535293,1147.7859084780107,-10725.59035100657,0.005945633331715095,10.0,0.02,4150.0,0.00012921751615218953,1.7857142857142852e-05
3402.8296182227027,1675.2948786903605,1141.985106569115,-11184.584730385279,0.00589315155622285,11.0,0.02,4150.0,0.0001401651112706389,1.9642857142857135e-05
3557.366704774747,1678.9430959262033,1133.668813612082,-11605.684941896034,0.00584165164131445,12.0,0.02,4150.0,0.00015290739411342425,2.1428571428571425e-05
3705.662900651228,1677.856954240025,1121.8138734936085,-11995.290807104138,0.005791642605372706,13.0,0.02,4150.0,0.00016331658291457286,2.3214285714285705e-05
3848.050033417069,1672.681667879308,1109.0411937033177,-12355.759914621907,0.005742942446323044,14.0,0.02,4150.0,0.00017587939698492463,2.499999999999999e-05
3986.031456478517,1664.537893911181,1094.7401299338694,-12694.12697009684,0.005695303412254402,15.0,0.02,4150.0,0.00018844221105527637,2.6785714285714274e-05
4119.002862459982,1653.7108847209481,1079.9478665768277,-13010.128073507316,0.005649324765303102,16.0,0.02,4150.0,0.00019813352476669057,2.857142857142856e-05
4249.09042893018,1641.0385023242013,1063.8824581513638,-13309.051191319064,0.005603950281470737,17.0,0.02,4150.0,0.00021051687006460874,3.0357142857142847e-05
4375.336452245559,1626.6926216962572,1048.2675669099929,-13593.987718318778,0.005559701740355686,18.0,0.02,4150.0,0.0002229002153625269,3.214285714285714e-05
4498.171845130143,1610.9408314477037,1031.9693669713718,-13860.625279138949,0.005516908974030119,19.0,0.02,4150.0,0.00023528356066044508,3.392857142857142e-05
4618.927709142432,1594.222108466607,1016.0622364341948,-14121.472681349682,0.005473890371799227,20.0,0.02,4150.0,0.0002440775305096913,3.5714285714285703e-05
4736.825837067464,1576.8374244279776,999.7675656948776,-14367.249990141718,0.005433021218405425,21.0,0.02,4150.0,0.0002562814070351759,3.749999999999999e-05
4852.083924502335,1558.7150832124296,984.000177358223,-14602.18405005378,0.005392677227959183,22.0,0.02,4150.0,0.0002684852835606604,3.928571428571427e-05
4966.219868527372,1540.2504806261811,967.8887682765969,-14831.20275015055,0.0053524720777541725,23.0,0.02,4150.0,0.00028068916008614495,4.1071428571428556e-05
5077.229670576154,1521.3247276799907,952.4050957388849,-15050.28951710376,0.0053137836464384365,24.0,0.02,4150.0,0.0002885857860732233,4.285714285714285e-05
5186.641679118544,1502.254947781881,937.3816641242935,-15263.27908545488,0.005252875738220642,25.0,0.02,4100.0,0.00030061019382627424,4.464285714285713e-05
5294.21011822247,1483.0786592240988,922.083464717205,-15468.955816766982,0.005216192740300277,26.0,0.02,4100.0,0.00031263460157932515,4.642857142857141e-05
5399.910789358857,1463.6976451825528,907.4017499345418,-15669.775905055278,0.0051797458759344946,27.0,0.02,4100.0,0.00032465900933237616,4.82142857142857e-05
5503.985526392284,1444.3464806096513,893.3188213295896,-15859.977840398991,0.005144366940152994,28.0,0.02,4100.0,0.0003366834170854272,4.999999999999998e-05
5608.144700875654,1425.2278603643185,878.5666244072887,-16052.99120932413,0.005108979514180042,29.0,0.02,4100.0,0.0003435032304379038,5.178571428571427e-05
5709.339409020791,1405.9552773782991,864.5678667999023,-16238.590334451415,0.005074304871514819,30.0,0.02,4100.0,0.0003553481694185211,5.357142857142855e-05
0.0,0.0,0.0,-2.1237246499294997,0.006390630270892692,0.0,0.06041666666666666,4250.0,0.0,
680.1679303699069,532.2137705838852,419.53132823767675,-2160.211516463707,0.0062696782647734435,1.0,0.06041666666666666,4200.0,1.4716439339554916e-05,1.785714285714285e-06
1171.2137652741142,871.9918062261803,677.424101303914,-3825.599182646307,0.00619725544139251,2.0,0.06041666666666666,4200.0,2.8356066044508252e-05,3.57142857142857e-06
1552.4161904482535,1100.512134376898,840.297127496822,-5157.697378635705,0.006130126084429365,3.0,0.06041666666666666,4200.0,4.1457286432160806e-05,5.357142857142856e-06
1864.330932679666,1259.2956035010106,944.8637848083039,-6253.883617153493,0.0060665288295566454,4.0,0.06041666666666666,4200.0,5.4558506819813346e-05,7.14285714285714e-06
2129.8039312136707,1371.7675339501814,1012.1504516536821,-7176.038804890639,0.006005979584954123,5.0,0.06041666666666666,4200.0,6.730078966259871e-05,8.928571428571426e-06
2362.660998027102,1452.1293403655905,1054.6334239836626,-7966.681398013636,0.005947902530140658,6.0,0.06041666666666666,4200.0,7.968413496051686e-05,1.0714285714285712e-05
2571.524003879844,1509.375090653136,1080.3443411480478,-8655.068292393284,0.005892084910733232,7.0,0.06041666666666666,4200.0,9.170854271356784e-05,1.2499999999999996e-05
2762.3596201250552,1549.5868240607342,1094.2630317300266,-9262.460837969047,0.0058381050122947335,8.0,0.06041666666666666,4200.0,0.00010480976310122038,1.428571428571428e-05
2939.5438037802105,1577.1545177932078,1099.1901619786158,-9805.355997899744,0.00575573326634407,9.0,0.06041666666666666,4150.0,0.00011629576453697057,1.607142857142857e-05
3105.344770346394,1594.746235774005,1098.9959549686303,-10295.649759519256,0.005705405337494709,10.0,0.06041666666666666,4150.0,0.00012921751615218953,1.7857142857142852e-05
3262.1952951207472,1604.8071377194883,1093.7428314869887,-10740.483877666062,0.005657209239259684,11.0,0.06041666666666666,4150.0,0.0001401651112706389,1.9642857142857135e-05
3411.4343393896274,1608.742701761596,1086.065551959428,-11149.119434989952,0.0056098807452106434,12.0,0.06041666666666666,4150.0,0.00015290739411342425,2.1428571428571425e-05
3554.742811432256,1608.1293970732768,1074.9822747395008,-11527.734269173045,0.005563886455694056,13.0,0.06041666666666666,4150.0,0.00016331658291457286,2.3214285714285705e-05
3692.4388883903903,1603.587183145866,1063.0271266062657,-11878.41927195018,0.0055190673899795486,14.0,0.06041666666666666,4150.0,0.00017587939698492463,2.499999999999999e-05
3825.9583249905522,1596.179832511892,1049.57256542727,-12208.073267132997,0.005475192112724025,15.0,0.06041666666666666,4150.0,0.00018844221105527637,2.6785714285714274e-05
3954.7023668194533,1586.1795039907938,1035.6321997961013,-12516.199622687272,0.005432818656512267,16.0,0.06041666666666666,4150.0,0.00019813352476669057,2.857142857142856e-05
4080.7250230270033,1574.4042488249931,1020.4573679362084,-12808.104056958982,0.005390975702071299,17.0,0.06041666666666666,4150.0,0.00021051687006460874,3.0357142857142847e-05
4203.08969151349,1561.0077221144018,1005.7238221460567,-13086.532226632655,0.0053501402859680415,18.0,0.06041666666666666,4150.0,0.0002229002153625269,3.214285714285714e-05
4322.202433821843,1546.244901706521,990.279854043668,-13347.454621517885,0.0053106294455138115,19.0,0.06041666666666666,4150.0,0.00023528356066044508,3.392857142857142e-05
4439.36651152495,1530.5388799854659,975.2466622104931,-13602.970783420024,0.005270880791806137,20.0,0.06041666666666666,4150.0,0.0002440775305096913,3.5714285714285703e-05
4553.788841095392,1514.1569955729708,959.791788407084,-13843.786639724014,0.005233093961994649,21.0,0.06041666666666666,4150.0,0.0002562814070351759,3.749999999999999e-05
4665.705301141381,1497.073102227896,944.8499956909984,-14074.334118438659,0.0051957752967664314,22.0,0.06041666666666666,4150.0,0.0002684852835606604,3.928571428571427e-05
4776.57672902203,1479.6464080615085,929.5526406176097,-14299.276591659363,0.005158561985341501,23.0,0.06041666666666666,4150.0,0.00028068916008614495,4.1071428571428556e-05
4884.452717434324,1461.7488998282968,914.8448013893994,-14514.43823895877,0.005122732852484718,24.0,0.06041666666666666,4150.0,0.0002885857860732233,4.285714285714285e-05
4990.807620831997,1443.6950067619564,900.598173056439,-14723.918000881,0.00508766542737794,25.0,0.06041666666666666,4150.0,0.00030061019382627424,4.464285714285713e-05
5095.400601700098,1425.5351674291142,886.0294017731721,-14926.295905596286,0.005053212688056421,26.0,0.06041666666666666,4150.0,0.00031263460157932515,4.642857142857141e-05
5198.225990785883,1407.1703467553134,872.0684129772266,-15123.811839754526,0.0050192012965429465,27.0,0.06041666666666666,4150.0,0.00032465900933237616,4.82142857142857e-05
5299.502596101437,1388.7959320768482,858.6748441967571,-15311.2948856656,0.004964422290867826,28.0,0.06041666666666666,4100.0,0.0003366834170854272,4.999999999999998e-05
5400.89060239859,1370.6575306347643,844.6375261303207,-15501.61914611455,0.0049315615320604115,29.0,0.06041666666666666,4100.0,0.0003435032304379038,5.178571428571427e-05
5499.427753562192,1352.3568591628052,831.315965570353,-15684.758474955503,0.004899351644966199,30.0,0.06041666666666666,4100.0,0.0003553481694185211,5.357142857142855e-05
0.0,0.0,0.0,-2.1237246499294997,0.006091887669657143,0.0,0.10083333333333333,4250.0,0.0,
648.7133259082062,507.54542627429856,400.0650779251004,-2061.039179144471,0.005980401966201536,1.0,0.10083333333333333,4200.0,1.4716439339554916e-05,1.785714285714285e-06
1117.3059221555861,831.6893343055684,646.0583939572014,-3652.0358112759204,0.00591465012362144,2.0,0.10083333333333333,4200.0,2.8356066044508252e-05,3.57142857142857e-06
1481.4096176285252,1049.8766756155055,801.5454869472696,-4926.307419722696,0.005853641674213122,3.0,0.10083333333333333,4200.0,4.1457286432160806e-05,5.357142857142856e-06
1779.656589007322,1201.66480919078,901.506210215585,-5976.319216856355,0.005795786906108174,4.0,0.10083333333333333,4200.0,5.4558506819813346e-05,7.14285714285714e-06
2033.7899612384062,1309.356334024192,965.9630267115487,-6860.837228427343,0.0057406546597221116,5.0,0.10083333333333333,4200.0,6.730078966259871e-05,8.928571428571426e-06
2256.9566436406553,1386.4624614870224,1006.7893565705372,-7620.264171972012,0.005687726057142802,6.0,0.10083333333333333,4200.0,7.968413496051686e-05,1.0714285714285712e-05
2457.3475132412036,1441.5388454157064,1031.6230218544001,-8282.394914108489,0.0056368127612992066,7.0,0.10083333333333333,4200.0,9.170854271356784e-05,1.2499999999999996e-05
2640.636140687564,1480.3743994742986,1045.2124825117078,-8867.442537986302,0.005587535882903593,8.0,0.10083333333333333,4200.0,0.00010480976310122038,1.428571428571428e-05
2810.979414927572,1507.1452077152092,1050.216521661375,-9391.040471373468,0.005539761505967248,9.0,0.10083333333333333,4200.0,0.00011629576453697057,1.607142857142857e-05
2970.5289046139183,1524.39042127435,1050.3287557462606,-9864.589666720247,0.0054647053604506305,10.0,0.10083333333333333,4150.0,0.00012921751615218953,1.7857142857142852e-05
3121.5885219122924,1534.4324684548085,1045.594988411399,-10294.856990069493,0.005420610249850516,11.0,0.10083333333333333,4150.0,0.0001401651112706389,1.9642857142857135e-05
3265.436139636087,1538.615100837138,1038.5300385005264,-10690.615178969332,0.005377277884530579,12.0,0.10083333333333333,4150.0,0.00015290739411342425,2.1428571428571425e-05
3403.661903376304,1538.438452166877,1028.1917764203235,-11057.820256444233,0.0053351345255469905,13.0,0.10083333333333333,4150.0,0.00016331658291457286,2.3214285714285705e-05
3536.568659390518,1534.4933363474659,1017.0306211159266,-11398.306282811034,0.005294041833762658,14.0,0.10083333333333333,4150.0,0.00017587939698492463,2.499999999999999e-05
3665.5230268802875,1527.7925258885389,1004.4006198140781,-11718.828280036636,0.005253784624736762,15.0,0.10083333333333333,4150.0,0.00018844221105527637,2.6785714285714274e-05
3789.9388969495176,1518.5797134398576,991.2914831810971,-12018.671297686407,0.005214880392694271,16.0,0.10083333333333333,4150.0,0.00019813352476669057,2.857142857142856e-05
3911.79350238998,1507.672489621837,976.9870233962391,-12303.145229602218,0.005176439130357932,17.0,0.10083333333333333,4150.0,0.00021051687006460874,3.0357142857142847e-05
4030.17051573887,1495.1941269282527,963.1173066104748,-12574.661986874635,0.005138895385522556,18.0,0.10083333333333333,4150.0,0.0002229002153625269,3.214285714285714e-05
4145.455691069171,1481.3915399683297,948.5126453137457,-12829.471089953557,0.00510255202717288,19.0,0.10083333333333333,4150.0,0.00023528356066044508,3.392857142857142e-05
4258.922200487132,1466.6785094548345,934.335682930473,-13079.253744378388,0.005065962912712933,20.0,0.10083333333333333,4150.0,0.0002440775305096913,3.5714285714285703e-05
4369.762345400419,1451.272627523338,919.7082818372154,-13314.726841970987,0.005031157663128774,21.0,0.10083333333333333,4150.0,0.0002562814070351759,3.749999999999999e-05
4478.23086471551,1435.2032383492533,905.578835082876,-13540.505254249882,0.004996767452910483,22.0,0.10083333333333333,4150.0,0.0002684852835606604,3.928571428571427e-05
4585.730424516262,1418.7956417712212,891.0840932375523,-13760.98950295477,0.004962452963103366,23.0,0.10083333333333333,4150.0,0.00028068916008614495,4.1071428571428556e-05
4690.366293492935,1401.9176099051156,877.1440087753756,-13971.865041187812,0.0049293967573294925,24.0,0.10083333333333333,4150.0,0.0002885857860732233,4.285714285714285e-05
4793.559725316323,1384.8520539840695,863.6602479813884,-14177.474143649095,0.004897019762503804,25.0,0.10083333333333333,4150.0,0.00030061019382627424,4.464285714285713e-05
4895.071095240016,1367.6934542853376,849.8145482581837,-14376.258169476947,0.0048651957506084705,26.0,0.10083333333333333,4150.0,0.00031263460157932515,4.642857142857141e-05
4994.916331569448,1350.3283439542677,836.5715885719038,-14570.190854164983,0.004833763403019292,27.0,0.10083333333333333,4150.0,0.00032465900933237616,4.82142857142857e-05
5093.288034679293,1332.9229762526882,823.864035116179,-14754.601325375348,0.004803026915995075,28.0,0.10083333333333333,4150.0,0.0003366834170854272,4.999999999999998e-05
5191.798294190633,1315.7476458142817,810.524705223515,-14941.833947430932,0.004772238176119797,29.0,0.10083333333333333,4150.0,0.0003435032304379038,5.178571428571427e-05
5287.573419147447,1298.4102000409218,797.8735650984921,-15122.120773236908,0.0047420516789827,30.0,0.10083333333333333,4150.0,0.0003553481694185211,5.357142857142855e-05
0.0,0.0,0.0,-2.1237246499294997,0.005795565446830747,0.0,0.14125,4250.0,0.0,
617.4779451454569,483.0541601619509,380.7404255586518,-1962.4967605168567,0.005693085709921941,1.0,0.14125,4200.0,1.4716439339554916e-05,1.785714285714285e-06
1063.746544086256,791.6625147875253,614.9112968568558,-3479.364737108386,0.005633627596793551,2.0,0.14125,4200.0,2.8356066044508252e-05,3.57142857142857e-06
1410.8160352255068,999.5624018589721,763.0474031334146,-4695.848829918505,0.005578403197832612,3.0,0.14125,4200.0,4.1457286432160806e-05,5.357142857142856e-06
1695.4168785558995,1144.3689009439433,858.4111297848184,-5699.579126577788,0.005525983202418897,4.0,0.14125,4200.0,5.4558506819813346e-05,7.14285714285714e-06
1938.197533378074,1247.268442664484,920.0276907262875,-6546.254614657242,0.005475985055298908,5.0,0.14125,4200.0,6.730078966259871e-05,8.928571428571426e-06
2151.638102369408,1321.0954501010162,959.1774516199109,-7274.192189977417,0.005427942894336757,6.0,0.14125,4200.0,7.968413496051686e-05,1.0714285714285712e-05
2343.5051935835177,1373.9717809405054,983.1118317106387,-7909.745430142189,0.005381690679914208,7.0,0.14125,4200.0,9.170854271356784e-05,1.2499999999999996e-05
2519.182934217174,1411.3956242780769,996.342931542751,-8472.09253977998,0.005336889282500775,8.0,0.14125,4200.0,0.00010480976310122038,1.428571428571428e-05
2682.611658645744,1437.3305574544886,1001.3944980852071,-8976.073015774171,0.005293418534693144,9.0,0.14125,4200.0,0.00011629576453697057,1.607142857142857e-05
2835.827098643007,1454.1869868409258,1001.7820327382574,-9432.419127747162,0.005251003011389868,10.0,0.14125,4200.0,0.00012921751615218953,1.7857142857142852e-05
2981.0075600527457,1464.1715590628617,997.540855469041,-9847.707171777554,0.0051833599230977166,11.0,0.14125,4150.0,0.0001401651112706389,1.9642857142857135e-05
3119.371789109918,1468.563589328295,991.0631488755851,-10230.173465893597,0.005143848094838487,12.0,0.14125,4150.0,0.00015290739411342425,2.1428571428571425e-05
3252.4176249477737,1468.7831563576922,981.4441296054799,-10585.547148331876,0.005105391022232878,13.0,0.14125,4150.0,0.00016331658291457286,2.3214285714285705e-05
3380.436703524536,1465.3978836788797,971.0513688676905,-10915.415775762129,0.005067868895191154,14.0,0.14125,4150.0,0.00017587939698492463,2.499999999999999e-05
3504.724571082735,1459.3705295149662,959.2236511045819,-11226.38192583849,0.005031082679085039,15.0,0.14125,4150.0,0.00018844221105527637,2.6785714285714274e-05
3624.708391501807,1450.91749747344,946.9369569949071,-11517.527913879392,0.004995509972372692,16.0,0.14125,4150.0,0.00019813352476669057,2.857142857142856e-05
3742.2910764315234,1440.8407440259118,933.4719374600849,-11794.152851627128,0.004960338654208366,17.0,0.14125,4150.0,0.00021051687006460874,3.0357142857142847e-05
3856.5751543156503,1429.252881188102,920.4466423929703,-12058.348695855086,0.004925962904527545,18.0,0.14125,4150.0,0.0002229002153625269,3.214285714285714e-05
3967.924944087334,1416.3830166515845,906.6798662129304,-12306.638260739506,0.004892670253764277,19.0,0.14125,4150.0,0.00023528356066044508,3.392857142857142e-05
4077.586003819673,1402.6347087080246,893.3289042476088,-12550.276469835844,0.004859127860217526,20.0,0.14125,4150.0,0.0002440775305096913,3.5714285714285703e-05
4184.737155679831,1388.199142888204,879.5157941087995,-12780.017183425305,0.0048272004658447935,21.0,0.14125,4150.0,0.0002562814070351759,3.749999999999999e-05
4289.648592868813,1373.1064057103451,866.1858051196151,-13000.633863987568,0.00479563923358863,22.0,0.14125,4150.0,0.0002684852835606604,3.928571428571427e-05
4393.668066062347,1357.6949963736886,852.4811966104721,-13216.267989390159,0.004764127695374698,23.0,0.14125,4150.0,0.00028068916008614495,4.1071428571428556e-05
4494.954140042656,1341.8185012858899,839.3113684195707,-13422.486182558525,0.004733754855053014,24.0,0.14125,4150.0,0.0002885857860732233,4.285714285714285e-05
4594.877782637181,1325.7354316573867,826.5671338555069,-13623.8485157447,0.00470398490747264,25.0,0.14125,4150.0,0.00030061019382627424,4.464285714285713e-05
4693.201035044724,1309.5502272377882,813.4363885007484,-13818.669754170216,0.004674709726750386,26.0,0.14125,4150.0,0.00031263460157932515,4.642857142857141e-05
4789.956548091329,1293.1694532036859,800.9069629095846,-14008.665863321454,0.0046457799885704825,27.0,0.14125,4150.0,0.00032465900933237616,4.82142857142857e-05
4885.315192689813,1276.738687728251,788.8796556192431,-14189.685959757146,0.004617480280277704,28.0,0.14125,4150.0,0.0003366834170854272,4.999999999999998e-05
4980.838493100051,1260.494265274836,776.2377710807431,-14373.529437536272,0.0045891082035474165,29.0,0.14125,4150.0,0.0003435032304379038,5.178571428571427e-05
5073.744046513952,1244.1068265298334,764.2378304009873,-14550.67442336757,0.004561281362752675,30.0,0.14125,4150.0,0.0003553481694185211,5.357142857142855e-05
0.0,0.0,0.0,-2.1237246499294997,0.005501618660993763,0.0,0.18166666666666664,4250.0,0.0,
586.4582035655246,458.7370755784398,361.55506056397496,-1864.5742348543936,0.005407697412463926,1.0,0.18166666666666664,4200.0,1.4716439339554916e-05,1.785714285714285e-06
1010.5319132886249,751.9087794868717,583.9820381098081,-3307.5735198679904,0.005354165217019587,2.0,0.18166666666666664,4200.0,2.8356066044508252e-05,3.57142857142857e-06
1340.6319481515786,949.5670392791063,724.8001827237472,-4466.310395242574,0.0053043954393285075,3.0,0.18166666666666664,4200.0,4.1457286432160806e-05,5.357142857142856e-06
1611.6048025191265,1087.4018275869205,815.5724416464309,-5423.654986280933,0.0052571084063180425,4.0,0.18166666666666664,4200.0,5.4558506819813346e-05,7.14285714285714e-06
1843.021938496475,1185.5009151168485,874.3405549011494,-6232.285952098107,0.0052119661027292645,5.0,0.18166666666666664,4200.0,6.730078966259871e-05,8.928571428571426e-06
2046.7026075004371,1256.0271151270815,911.7951158883178,-6928.463656163913,0.005168551947481444,6.0,0.18166666666666664,4200.0,7.968413496051686e-05,1.0714285714285712e-05
2229.994825384078,1306.6725344227132,934.8072482207435,-7537.120708917268,0.0051267202408614276,7.0,0.18166666666666664,4200.0,9.170854271356784e-05,1.2499999999999996e-05
2397.997988534648,1342.6483576884398,947.6511584962353,-8076.413797531539,0.005086168647777147,8.0,0.18166666666666664,4200.0,0.00010480976310122038,1.428571428571428e-05
2554.438335953456,1367.7087353205948,952.7234365955889,-8560.397997498963,0.005046789794244889,9.0,0.18166666666666664,4200.0,0.00011629576453697057,1.607142857142857e-05
2701.2376596002387,1384.1383466518284,953.3593159381018,-8999.240052170702,0.005008337744371174,10.0,0.18166666666666664,4200.0,0.00012921751615218953,1.7857142857142852e-05
2840.451352390926,1394.0254606010608,949.5808405291506,-9399.03782738556,0.004945463818626244,11.0,0.18166666666666664,4150.0,0.0001401651112706389,1.9642857142857135e-05
2973.2401794456364,1398.5862352487818,943.6635904826244,-9767.79625533679,0.0049095965998457855,12.0,0.18166666666666664,4150.0,0.00015290739411342425,2.1428571428571425e-05
3101.009667542028,1399.1647184962974,934.7392333679397,-10110.913750697255,0.004874660460662791,13.0,0.18166666666666664,4150.0,0.00016331658291457286,2.3214285714285705e-05
3224.0407412696704,1396.3038713526687,925.0905634899368,-10429.743273867025,0.0048405520504966595,14.0,0.18166666666666664,4150.0,0.00017587939698492463,2.499999999999999e-05
3343.560709624057,1390.913642119966,914.0425882649237,-10730.724818014234,0.004807088279000442,15.0,0.18166666666666664,4150.0,0.00018844221105527637,2.6785714285714274e-05
3459.0097600988006,1383.1987549491955,902.5557224291584,-11012.75504321485,0.004774707771339596,16.0,0.18166666666666664,4150.0,0.00019813352476669057,2.857142857142856e-05
3572.212715681808,1373.9122796239624,889.9193850889418,-11281.106277428393,0.004742672577242021,17.0,0.18166666666666664,4150.0,0.00021051687006460874,3.0357142857142847e-05
3682.296778653,1363.1830496706798,877.7129462152224,-11537.564448859703,0.004711339090830451,18.0,0.18166666666666664,4150.0,0.0002229002153625269,3.214285714285714e-05
3789.605279247645,1351.2187536115262,864.7789150528224,-11778.920963183045,0.004680978033368072,19.0,0.18166666666666664,4150.0,0.00023528356066044508,3.392857142857142e-05
3895.3486973812587,1338.4092865043326,852.2267609452588,-12015.994718292932,0.004650366919654066,20.0,0.18166666666666664,4150.0,0.0002440775305096913,3.5714285714285703e-05
3998.7027187805743,1324.9229939054198,839.2194690048169,-12239.604554100682,0.004621211255028549,21.0,0.18166666666666664,4150.0,0.0002562814070351759,3.749999999999999e-05
4099.946862849139,1310.7815373610938,826.6698589949402,-12454.657501652022,0.004592376444139013,22.0,0.18166666666666664,4150.0,0.0002684852835606604,3.928571428571427e-05
4200.374276888148,1296.34464312337,813.7436178940421,-12665.038740449272,0.004563569124935858,23.0,0.18166666666666664,4150.0,0.00028068916008614495,4.1071428571428556e-05
4298.200056582493,1281.4482129244122,801.3333918328854,-12866.217910625957,0.004535787353218297,24.0,0.18166666666666664,4150.0,0.0002885857860732233,4.285714285714285e-05
4394.743076093814,1266.3421254894079,789.3172654449779,-13062.946266842075,0.00450853761560336,25.0,0.18166666666666664,4150.0,0.00030061019382627424,4.464285714285713e-05
4489.768270523553,1251.102014823584,776.8933519814218,-13253.423250570559,0.004481728395728885,26.0,0.18166666666666664,4150.0,0.00031263460157932515,4.642857142857141e-05
4583.322627247332,1235.6906155797128,765.0799905373021,-13439.118121115607,0.004455221705252752,27.0,0.18166666666666664,4150.0,0.00032465900933237616,4.82142857142857e-05
4675.558515722999,1220.2195548674624,753.7125146935949,-13616.380947641635,0.0044292823701983465,28.0,0.18166666666666664,4150.0,0.0003366834170854272,4.999999999999998e-05
4767.981345885581,1204.9047440797688,741.7643948757321,-13796.463723995585,0.004403255003880097,29.0,0.18166666666666664,4150.0,0.0003435032304379038,5.178571428571427e-05
4857.906125093932,1189.443171668924,730.4063491620147,-13970.104341203463,0.00437771869197301,30.0,0.18166666666666664,4150.0,0.0003553481694185211,5.357142857142855e-05
0.0,0.0,0.0,-2.1237246499294997,0.005210003719445046,0.0,0.2220833333333333,4250.0,0.0,
555.6518994703657,434.5926377312028,342.508016087274,-1767.2618508980595,0.005124205879099872,1.0,0.2220833333333333,4200.0,1.4716439339554916e-05,1.785714285714285e-06
957.6551363978687,712.4223189011194,553.2656399457477,-3136.6500430914457,0.005076240929203677,2.0,0.2220833333333333,4200.0,2.8356066044508252e-05,3.57142857142857e-06
1270.8495225550002,899.8841479540977,686.7996805149522,-4237.68118894592,0.005031603569744112,3.0,0.2220833333333333,4200.0,4.1457286432160806e-05,5.357142857142856e-06
1528.2174035198352,1030.7617115593957,772.9902943771166,-5148.538674514566,0.00498915345147084,4.0,0.2220833333333333,4200.0,5.4558506819813346e-05,7.14285714285714e-06
1748.260523608076,1124.052773167578,828.9011492038671,-5918.926469502476,0.004948593267657569,5.0,0.2220833333333333,4200.0,6.730078966259871e-05,8.928571428571426e-06
1942.1478405285213,1191.2564266562504,864.6424115625433,-6583.076942282518,0.004909552237434433,6.0,0.2220833333333333,4200.0,7.968413496051686e-05,1.0714285714285712e-05
2116.8152130287554,1239.6406723096995,886.7096000857427,-7164.521845476309,0.004871903087349719,7.0,0.2220833333333333,4200.0,9.170854271356784e-05,1.2499999999999996e-05
2277.0787697179753,1274.1314227450227,899.1391492569402,-7680.409393605434,0.004835377530886465,8.0,0.2220833333333333,4200.0,0.00010480976310122038,1.428571428571428e-05
2426.457224320866,1298.2802420073565,904.2031286238606,-8144.0196672801685,0.004799880044364192,9.0,0.2220833333333333,4200.0,0.00011629576453697057,1.607142857142857e-05
2566.760631468156,1314.2447837972402,905.0581857071081,-8564.960467827688,0.004765192016770681,10.0,0.2220833333333333,4200.0,0.00012921751615218953,1.7857142857142852e-05
2699.9195905279344,1323.992606597173,901.7155589668486,-8948.95987354545,0.00473178205504241,11.0,0.2220833333333333,4200.0,0.0001401651112706389,1.9642857142857135e-05
2827.039509892425,1328.6847323868813,896.3329783736593,-9303.485776632791,0.004674528903429459,12.0,0.2220833333333333,4150.0,0.00015290739411342425,2.1428571428571425e-05
2949.437781320227,1329.5859841637405,888.0787820777807,-9633.91971285703,0.004642947506685559,13.0,0.2220833333333333,4150.0,0.00016331658291457286,2.3214285714285705e-05
3067.3807042395774,1327.2101668292316,879.1471723891682,-9941.284728167877,0.004612095058604028,14.0,0.2220833333333333,4150.0,0.00017587939698492463,2.499999999999999e-05
3182.0289819745876,1322.4235883789268,868.8592823724395,-10231.848603325801,0.004581803704428069,15.0,0.2220833333333333,4150.0,0.00018844221105527637,2.6785714285714274e-05
3292.838086041284,1315.4133711202858,858.1500446971744,-10504.338957013293,0.004552474444751773,16.0,0.2220833333333333,4150.0,0.00019813352476669057,2.857142857142856e-05
3401.5555182075877,1306.8907089209868,846.3285860538414,-10763.98544149792,0.0045234397994809205,17.0,0.2220833333333333,4150.0,0.00021051687006460874,3.0357142857142847e-05
3507.3300049547897,1296.9862926085907,834.9167031560488,-11012.282601625207,0.00449502045043649,18.0,0.2220833333333333,4150.0,0.0002229002153625269,3.214285714285714e-05
3610.488479270162,1285.8990887601715,822.7986187654288,-11246.284448006532,0.004467469799434079,19.0,0.2220833333333333,4150.0,0.00023528356066044508,3.392857142857142e-05
3712.2019986564974,1274.0002618618387,811.0291117591313,-11476.365325034283,0.004439671796597685,20.0,0.2220833333333333,4150.0,0.0002440775305096913,3.5714285714285703e-05
3811.6482123307464,1261.4403291495016,798.8205551262442,-11693.436812603555,0.0044131790729717785,21.0,0.2220833333333333,4150.0,0.0002562814070351759,3.749999999999999e-05
3909.114015328763,1248.2422023833017,787.0312991811161,-11902.51395600615,0.004386965578494308,22.0,0.2220833333333333,4150.0,0.0002684852835606604,3.928571428571427e-05
4005.8346538546334,1234.7434345220263,774.8707290496021,-12107.229360031335,0.004360760499478832,23.0,0.2220833333333333,4150.0,0.00028068916008614495,4.1071428571428556e-05
4100.088042707307,1220.8063993607363,763.2194814900381,-12302.97711050001,0.004335474584634945,24.0,0.2220833333333333,4150.0,0.0002885857860732233,4.285714285714285e-05
4193.136439772681,1206.657749672386,751.9092492122587,-12494.672124057848,0.004310655341965265,25.0,0.2220833333333333,4150.0,0.00030061019382627424,4.464285714285713e-05
4284.752769326263,1192.3669066933921,740.1997421953126,-12680.411967880471,0.004286225643934714,26.0,0.2220833333333333,4150.0,0.00031263460157932515,4.642857142857141e-05
4374.990238658333,1177.8876405331398,729.076749996952,-12861.428909822454,0.004262059160505733,27.0,0.2220833333333333,4150.0,0.00032465900933237616,4.82142857142857e-05
4463.989282811232,1163.3619842443954,718.3612461017801,-13034.553954879542,0.00423840101843232,28.0,0.2220833333333333,4150.0,0.0003366834170854272,4.999999999999998e-05
4553.196592215589,1148.9744302394904,707.0990975686055,-13210.491329404482,0.004214642478945526,29.0,0.2220833333333333,4150.0,0.0003435032304379038,5.178571428571427e-05
4640.0285491827635,1134.415578391232,696.3752136963645,-13380.251068431207,0.004191324032469785,30.0,0.2220833333333333,4150.0,0.0003553481694185211,5.357142857142855e-05
0.0,0.0,0.0,-2.1237246499294997,0.0049206783217141305,0.0,0.2625,4250.0,0.0,
525.0545027473781,410.61696826014605,323.59596938310614,-1670.5501210494986,0.004842580768388782,1.0,0.2625,4200.0,1.4716439339554916e-05,1.785714285714285e-06
905.1118322981141,673.1997998420708,522.7595707853906,-2966.58250584115,0.004799833240404495,2.0,0.2625,4200.0,2.8356066044508252e-05,3.57142857142857e-06
1201.466196262387,850.512304032822,649.0454591802281,-4009.950563065453,0.004760013128589534,3.0,0.2625,4200.0,4.1457286432160806e-05,5.357142857142856e-06
1445.2476862218334,974.4435959373664,730.6603586189358,-4874.222299030742,0.004722109506281436,4.0,0.2625,4200.0,5.4558506819813346e-05,7.14285714285714e-06
1653.9067009299888,1062.91884691016,783.7060344475345,-5606.171560507966,0.004685862185933048,5.0,0.2625,4200.0,6.730078966259871e-05,8.928571428571426e-06
1837.9683190091516,1126.779222115352,817.7168120949287,-6238.030592584895,0.004650942886741985,6.0,0.2625,4200.0,7.968413496051686e-05,1.0714285714285712e-05
2003.962114780121,1172.8726131875699,838.8154441118733,-6791.950167837676,0.004617240929160731,7.0,0.2625,4200.0,9.170854271356784e-05,1.2499999999999996e-05
2156.4252464498054,1205.8465895023471,850.8056904548807,-7284.082602402479,0.004584519576655733,8.0,0.2625,4200.0,0.00010480976310122038,1.428571428571428e-05
2298.6684533287607,1229.045671476353,855.8327830814399,-7726.942674584199,0.004552694102555822,9.0,0.2625,4200.0,0.00011629576453697057,1.607142857142857e-05
2432.393468880685,1244.5036470054504,856.880295155253,-8129.585183349278,0.004521571372560516,10.0,0.2625,4200.0,0.00012921751615218953,1.7857142857142852e-05
2559.412499109593,1254.077055952907,853.9464887513043,-8497.384141353497,0.0044915730306021055,11.0,0.2625,4200.0,0.0001401651112706389,1.9642857142857135e-05
2680.7702140825286,1258.8603502760852,849.0702158634425,-8837.36443520464,0.004462113773432268,12.0,0.2625,4200.0,0.00015290739411342425,2.1428571428571425e-05
2797.700064651451,1260.0449682640376,841.4654929532296,-9154.585738845366,0.004433285000867666,13.0,0.2625,4200.0,0.00016331658291457286,2.3214285714285705e-05
2910.4537648438886,1258.1196646490673,833.2237484639595,-9450.037079886155,0.004382501831715453,14.0,0.2625,4150.0,0.00017587939698492463,2.499999999999999e-05
3020.128591256684,1253.9010865920482,823.671711905191,-9729.745294203953,0.004355231699949069,15.0,0.2625,4150.0,0.00018844221105527637,2.6785714285714274e-05
3126.1912027252397,1247.5612062492548,813.7201794470205,-9992.267047907124,0.004328810931598463,16.0,0.2625,4150.0,0.00019813352476669057,2.857142857142856e-05
3230.314680959414,1239.7825951123032,802.6937255575939,-10242.7710634256,0.004302639543027301,17.0,0.2625,4150.0,0.00021051687006460874,3.0357142857142847e-05
3331.670825070349,1230.6617362150978,792.0571109927023,-10482.477222995061,0.004277004094793961,18.0,0.2625,4150.0,0.0002229002153625269,3.214285714285714e-05
3430.567699613416,1220.4243700126376,780.7385630775991,-10708.695403171558,0.004252140160768697,19.0,0.2625,4150.0,0.00023528356066044508,3.392857142857142e-05
3528.139227111317,1209.4092039040718,769.734373247694,-10931.345448535212,0.0042270348969679645,20.0,0.2625,4150.0,0.0002440775305096913,3.5714285714285703e-05
3623.563835690543,1197.7495066666086,758.3113697648728,-11141.462779593661,0.004203093467637684,21.0,0.2625,4150.0,0.0002562814070351759,3.749999999999999e-05
3717.137040995415,1185.475997818565,747.2792270805334,-11344.142384097955,0.004179393206675015,22.0,0.2625,4150.0,0.0002684852835606604,3.928571428571427e-05
3810.0347555451476,1172.8897502308696,735.8734166850779,-11542.767436893686,0.004155685847483604,23.0,0.2625,4150.0,0.00028068916008614495,4.1071428571428556e-05
3900.6004943115986,1159.8916656010645,724.9562249032081,-11732.6813175762,0.004132797251564426,24.0,0.2625,4150.0,0.0002885857860732233,4.285714285714285e-05
3990.038960523868,1146.6800485586275,714.341641694241,-11918.931960716654,0.004110315457243008,25.0,0.2625,4150.0,0.00030061019382627424,4.464285714285713e-05
4078.1306017079846,1133.3246995365214,703.3478757948128,-12099.528918793352,0.0040881759728181675,26.0,0.2625,4150.0,0.00031263460157932515,4.642857142857141e-05
4164.934818434748,1119.764261008578,692.8953442074411,-12275.478921271795,0.0040662634933989455,27.0,0.2625,4150.0,0.00032465900933237616,4.82142857142857e-05
4250.580258323075,1106.1627529811155,682.83335061011,-12444.073284466242,0.004044803742116559,28.0,0.2625,4150.0,0.0003366834170854272,4.999999999999998e-05
4336.453625403716,1092.6875854895732,672.2394274023545,-12615.46565284358,0.004023235057914228,29.0,0.2625,4150.0,0.0003435032304379038,5.178571428571427e-05
4420.07495659388,1079.04059348759,662.1572038700698,-12780.953413426549,0.004002058306682407,30.0,0.2625,4150.0,0.0003553481694185211,5.357142857142855e-05
0.0,0.0,0.0,-2.1237246499294997,0.004633601406116193,0.0,0.30291666666666667,4250.0,0.0,
494.66258424820853,386.80727051066157,304.8166627200541,-1574.4396847434837,0.004589476910311663,1.0,0.30291666666666667,4250.0,1.4716439339554916e-05,1.785714285714285e-06
852.8985338720861,634.2387741410663,492.46216382524045,-2797.359402430411,0.004524921207038957,2.0,0.30291666666666667,4200.0,2.8356066044508252e-05,3.57142857142857e-06
1132.4745758155282,801.4447890489323,611.5322598668914,-3783.1081370571337,0.004489610009855507,3.0,0.30291666666666667,4200.0,4.1457286432160806e-05,5.357142857142856e-06
1362.693004268558,918.4461048671934,688.5820727309259,-4600.698195167526,0.004455967959739442,4.0,0.30291666666666667,4200.0,5.4558506819813346e-05,7.14285714285714e-06
1559.9590992463825,1002.0990063701126,738.7556519040821,-5294.016785333348,0.00442376864407265,5.0,0.30291666666666667,4200.0,6.730078966259871e-05,8.928571428571426e-06
1734.1629734093567,1062.5940722400653,771.0174824911522,-5893.3233232518905,0.004392723110236144,6.0,0.30291666666666667,4200.0,7.968413496051686e-05,1.0714285714285712e-05
1891.433477742889,1106.36836922099,791.1237521010707,-6419.407098757707,0.00436273559284705,7.0,0.30291666666666667,4200.0,9.170854271356784e-05,1.2499999999999996e-05
2036.033967740928,1137.7915985331874,802.649819188205,-6887.436952168304,0.004333598489933514,8.0,0.30291666666666667,4200.0,0.00010480976310122038,1.428571428571428e-05
2171.07057056479,1160.003447898394,807.6152133218341,-7309.171770582194,0.004305236967194898,9.0,0.30291666666666667,4200.0,0.00011629576453697057,1.607142857142857e-05
2298.13638970504,1174.917875532718,808.8242298095795,-7693.119501701178,0.004277481428715199,10.0,0.30291666666666667,4200.0,0.00012921751615218953,1.7857142857142852e-05
2418.9285762436775,1184.2776227244276,806.2728273751196,-8044.307853073355,0.004250708942110896,11.0,0.30291666666666667,4200.0,0.0001401651112706389,1.9642857142857135e-05
2534.4306012113625,1189.1123724750928,801.8844470682654,-8369.32446414791,0.00422439971330848,12.0,0.30291666666666667,4200.0,0.00015290739411342425,2.1428571428571425e-05
2645.7962937692687,1190.5454811048085,794.9016430751141,-8673.001115092127,0.004198634069805644,13.0,0.30291666666666667,4200.0,0.00016331658291457286,2.3214285714285705e-05
2753.260121953908,1189.032284702735,787.3198481769966,-8956.057024121677,0.0041735303309804635,14.0,0.30291666666666667,4200.0,0.00017587939698492463,2.499999999999999e-05
2857.855886865646,1185.346752153826,778.4879278926843,-9224.407921105805,0.004127375176228086,15.0,0.30291666666666667,4150.0,0.00018844221105527637,2.6785714285714274e-05
2959.0670805418517,1179.6448364412631,769.2655052885391,-9476.52705344183,0.004103718775129954,16.0,0.30291666666666667,4150.0,0.00019813352476669057,2.857142857142856e-05
3058.485939632555,1172.5757197383093,759.0173438735646,-9717.445209195794,0.004080271253692787,17.0,0.30291666666666667,4150.0,0.00021051687006460874,3.0357142857142847e-05
3155.3134162685074,1164.2199358604619,749.1349648333776,-9948.123209025303,0.004057287509440643,18.0,0.30291666666666667,4150.0,0.0002229002153625269,3.214285714285714e-05
3249.837207009725,1154.7938523936837,738.5982326752054,-10166.12091835276,0.004034984430334233,19.0,0.30291666666666667,4150.0,0.00023528356066044508,3.392857142857142e-05
3343.1506067198275,1144.6360513089414,728.343882762936,-10380.893928603284,0.004012448723552592,20.0,0.30291666666666667,4150.0,0.0002440775305096913,3.5714285714285703e-05
3434.4400673714927,1133.8508556740685,717.6906343614856,-10583.63183124546,0.003990944546859481,21.0,0.30291666666666667,4150.0,0.0002562814070351759,3.749999999999999e-05
3524.003847086285,1122.4775275455008,707.4017445775444,-10779.482136284227,0.0039696466688410315,22.0,0.30291666666666667,4150.0,0.0002684852835606604,3.928571428571427e-05
3612.960990933703,1110.8002931019212,696.739279227017,-10971.582161953396,0.003948329227498666,23.0,0.30291666666666667,4150.0,0.00028068916008614495,4.1071428571428556e-05
3699.7207061740546,1098.7014736926737,686.5426280737074,-11155.248400628188,0.003927736737886803,24.0,0.30291666666666667,4150.0,0.0002885857860732233,4.285714285714285e-05
3785.4321686306635,1086.4085515462102,676.6124113919715,-11335.63144240345,0.003907496125897259,25.0,0.30291666666666667,4150.0,0.00030061019382627424,4.464285714285713e-05
3869.8798281355153,1073.9686032674215,666.3248726419931,-11510.667838815105,0.0038875539428943322,26.0,0.30291666666666667,4150.0,0.00031263460157932515,4.642857142857141e-05
3953.131677077545,1061.3276856321625,656.533928869269,-11681.149436951833,0.0038678061056231033,27.0,0.30291666666666667,4150.0,0.00032465900933237616,4.82142857142857e-05
4035.3034534323324,1048.6175324450703,647.1205607752751,-11844.806155212631,0.00384845876111154,28.0,0.30291666666666667,4150.0,0.0003366834170854272,4.999999999999998e-05
4117.721671932743,1036.0405908023176,637.1943161809356,-12011.239982088598,0.003828997093493155,29.0,0.30291666666666667,4150.0,0.0003435032304379038,5.178571428571427e-05
4198.011009786794,1023.2922758042693,627.7413801641767,-12172.050249327127,0.0038098821478634616,30.0,0.30291666666666667,4150.0,0.0003553481694185211,5.357142857142855e-05
0.0,0.0,0.0,-2.1237246499294997,0.004348733086841965,0.0,0.3433333333333333,4250.0,0.0,
464.4729339594357,363.1609497171944,286.16802551560585,-1478.9278074832691,0.004309939665116952,1.0,0.3433333333333333,4250.0,1.4716439339554916e-05,1.785714285714285e-06
801.0088671823771,595.5338676049795,462.36881286777606,-2628.969513454729,0.004251484410728468,2.0,0.3433333333333333,4200.0,2.8356066044508252e-05,3.57142857142857e-06
1063.87122268276,752.6800123263484,574.258624629916,-3557.143787655601,0.004220380448096594,3.0,0.3433333333333333,4200.0,4.1457286432160806e-05,5.357142857142856e-06
1280.5469826777637,862.7640675976548,646.7500635528196,-4327.958929383618,0.004190720408772238,4.0,0.3433333333333333,4200.0,5.4558506819813346e-05,7.14285714285714e-06
1466.41192970206,941.5882349363523,694.0440814297898,-4982.457875576183,0.0041623085655965305,5.0,0.3433333333333333,4200.0,6.730078966259871e-05,8.928571428571426e-06
1630.7277098280902,998.6994656098003,724.5423142209764,-5548.954074894355,0.004134892189979277,6.0,0.3433333333333333,4200.0,7.968413496051686e-05,1.0714285714285712e-05
1779.2282047834215,1040.1281313957982,743.636614513296,-6046.894214195308,0.0041083889889512145,7.0,0.3433333333333333,4200.0,9.170854271356784e-05,1.2499999999999996e-05
1915.9034062974074,1069.9643009969745,754.6716930814378,-6490.476247820603,0.00408261803208964,8.0,0.3433333333333333,4200.0,0.00010480976310122038,1.428571428571428e-05
2043.6627330641181,1091.1549879238305,759.5464799214828,-6890.711934718114,0.004057513724627401,9.0,0.3433333333333333,4200.0,0.00011629576453697057,1.607142857142857e-05
2163.989496613881,1105.4883373953598,760.8929660006654,-7255.569027515099,0.004032927944379286,10.0,0.3433333333333333,4200.0,0.00012921751615218953,1.7857142857142852e-05
2278.467124748096,1114.5940763426643,758.6952840458719,-7589.735962188497,0.004009195769225964,11.0,0.3433333333333333,4200.0,0.0001401651112706389,1.9642857142857135e-05
2388.0230267474544,1119.4456765556906,754.7688580389287,-7899.367667386534,0.00398585844663103,12.0,0.3433333333333333,4200.0,0.00015290739411342425,2.1428571428571425e-05
2493.72475495968,1121.0857725477135,748.383963380429,-8189.064922211095,0.003962986227706095,13.0,0.3433333333333333,4200.0,0.00016331658291457286,2.3214285714285705e-05
2595.79878584603,1119.951112159147,741.4375082684244,-8459.362817050423,0.003940688081296595,14.0,0.3433333333333333,4200.0,0.00017587939698492463,2.499999999999999e-05
2695.2100794992675,1116.7621318592514,733.3056764658094,-8715.94463566738,0.003918668362579426,15.0,0.3433333333333333,4200.0,0.00018844221105527637,2.6785714285714274e-05
2791.462567296001,1111.6643780929553,724.7887841819016,-8957.142790340913,0.0038974001288687317,16.0,0.3433333333333333,4200.0,0.00019813352476669057,2.857142857142856e-05
2886.0668248678153,1105.2737462064067,715.3057651398899,-9187.990352295586,0.0038563349845906576,17.0,0.3433333333333333,4150.0,0.00021051687006460874,3.0357142857142847e-05
2978.252552539477,1097.6573800617155,706.1513433239277,-9409.19695486824,0.003835868445495074,18.0,0.3433333333333333,4150.0,0.0002229002153625269,3.214285714285714e-05
3068.290443176403,1089.0102654914444,696.3777069412487,-9618.52943216922,0.0038159983063831226,19.0,0.3433333333333333,4150.0,0.00023528356066044508,3.392857142857142e-05
3157.228111162264,1079.6792206365556,686.8659306245751,-9824.969989689162,0.0037959064938984316,20.0,0.3433333333333333,4150.0,0.0002440775305096913,3.5714285714285703e-05
3244.266642562136,1069.7450444086946,676.9581069483826,-10019.895047151942,0.0037767226338185135,21.0,0.3433333333333333,4150.0,0.0002562814070351759,3.749999999999999e-05
3329.703635967513,1059.2461404936473,667.3970843493663,-10208.474011306374,0.003757713694105036,22.0,0.3433333333333333,4150.0,0.0002684852835606604,3.928571428571427e-05
3414.59928612597,1048.4556468413955,657.4657564972605,-10393.60282834179,0.003738675495857488,23.0,0.3433333333333333,4150.0,0.00028068916008614495,4.1071428571428556e-05
3497.4321307701944,1037.2447871257532,647.9777073594269,-10570.597492855057,0.003720274611971717,24.0,0.3433333333333333,4150.0,0.0002885857860732233,4.285714285714285e-05
3579.2956827147577,1025.8411820721515,638.7301733989387,-10744.677522219827,0.003702175719428682,25.0,0.3433333333333333,4150.0,0.00030061019382627424,4.464285714285713e-05
3659.9783717000337,1014.2971536481847,629.1292116306506,-10913.72234505073,0.003684334882313151,26.0,0.3433333333333333,4150.0,0.00031263460157932515,4.642857142857141e-05
3739.5564269785973,1002.5585652985922,619.990337939061,-11078.321686160009,0.0036666587101853547,27.0,0.3433333333333333,4150.0,0.00032465900933237616,4.82142857142857e-05
3818.130979973091,990.7406153449981,611.2179208311547,-11236.62067298188,0.0036493343391068257,28.0,0.3433333333333333,4150.0,0.0003366834170854272,4.999999999999998e-05
3896.969301199275,979.0298923033837,601.9517303455219,-11397.667115702388,0.0036318933793830772,29.0,0.3433333333333333,4150.0,0.0003435032304379038,5.178571428571427e-05
3973.8019849526354,967.1651007611639,593.1259053516357,-11553.379332924778,0.0036147566456460334,30.0,0.3433333333333333,4150.0,0.0003553481694185211,5.357142857142855e-05
0.0,0.0,0.0,-2.1237246499294997,0.00406603461378394,0.0,0.38375,4250.0,0.0,
434.48251114162804,339.6755638962153,267.64812588800123,-1383.989446321204,0.004032183652105919,1.0,0.38375,4250.0,1.4716439339554916e-05,1.785714285714285e-06
749.4388553754869,557.0820766068445,432.47726031236425,-2461.401895959061,0.003979502937595459,2.0,0.38375,4200.0,2.8356066044508252e-05,3.57142857142857e-06
995.6509732127323,704.2139177779599,537.2201835081486,-3332.047639019882,0.003952311005446635,3.0,0.38375,4200.0,4.1457286432160806e-05,5.357142857142856e-06
1198.8072138544896,807.3962780100944,605.1641060091973,-4055.9972453105074,0.003926358672285441,4.0,0.38375,4200.0,5.4558506819813346e-05,7.14285714285714e-06
1373.262590000106,881.3845886927287,649.572839638117,-4671.490725746597,0.0039014780036322238,5.0,0.38375,4200.0,6.730078966259871e-05,8.928571428571426e-06
1527.6588934331578,935.0930252139162,678.2904994173808,-5204.921886039927,0.0038774495199698365,6.0,0.38375,4200.0,7.968413496051686e-05,1.0714285714285712e-05
1667.3425801151573,974.1483810602847,696.349602243035,-5674.413254867635,0.0038542030849933375,7.0,0.38375,4200.0,9.170854271356784e-05,1.2499999999999996e-05
1796.0342437778015,1002.3675395184237,706.8711191540701,-6093.204371602194,0.0038315820791268713,8.0,0.38375,4200.0,0.00010480976310122038,1.428571428571428e-05
1916.442698200506,1022.4996256504901,711.6292765469632,-6471.568501109396,0.0038095295039693934,9.0,0.38375,4200.0,0.00011629576453697057,1.607142857142857e-05
2029.951647405429,1036.2135103855962,713.0848910691155,-6816.939561821768,0.0037879168397455506,10.0,0.38375,4200.0,0.00012921751615218953,1.7857142857142852e-05
2138.028188922993,1045.0292046847678,711.2143801017769,-7133.673968308904,0.0037670396144818697,11.0,0.38375,4200.0,0.0001401651112706389,1.9642857142857135e-05
2241.5442209307134,1049.8570680563055,707.7247159906341,-7427.498054639982,0.0037464960186007895,12.0,0.38375,4200.0,0.00015290739411342425,2.1428571428571425e-05
2341.4866144161683,1051.6699181853548,701.9108896073631,-7702.778806023329,0.0037263468481306757,13.0,0.38375,4200.0,0.00016331658291457286,2.3214285714285705e-05
2438.067891908052,1050.8757100203138,695.5774239621456,-7959.881203542442,0.0037066916579475205,14.0,0.38375,4200.0,0.00017587939698492463,2.499999999999999e-05
2532.18973213567,1048.1486558871661,688.1212378755164,-8204.269626683286,0.0036872678602361177,15.0,0.38375,4200.0,0.00018844221105527637,2.6785714285714274e-05
2623.3757609803365,1043.6220450539493,680.2900270841243,-8434.18506127633,0.0036684955315403854,16.0,0.38375,4200.0,0.00019813352476669057,2.857142857142856e-05
2713.053217494293,1037.8760393793295,671.5510333916857,-8654.502322591346,0.0036497891237905677,17.0,0.38375,4200.0,0.00021051687006460874,3.0357142857142847e-05
2800.4842066653505,1030.9699312495927,663.1062162642562,-8865.716959397345,0.003631517381041632,18.0,0.38375,4200.0,0.0002229002153625269,3.214285714285714e-05
2885.9214726521536,1023.0865930204557,654.0770180014057,-9065.890426727063,0.0035951778760803703,19.0,0.38375,4150.0,0.00023528356066044508,3.392857142857142e-05
2970.3641752576955,1014.5414600597068,645.2960458183543,-9263.53439738541,0.003577401872820919,20.0,0.38375,4150.0,0.0002440775305096913,3.5714285714285703e-05
3053.033127820296,1005.4300214430729,636.1144089337558,-9450.203838176152,0.0035604188729976456,21.0,0.38375,4150.0,0.0002562814070351759,3.749999999999999e-05
3134.223268040207,995.78250899111,627.2661936398334,-9631.059604601956,0.0035435824771303036,22.0,0.38375,4150.0,0.0002684852835606604,3.928571428571427e-05
3214.934618075846,985.8531299429611,618.0531484682286,-9808.760356137587,0.003526709884790985,23.0,0.38375,4150.0,0.00028068916008614495,4.1071428571428556e-05
3293.7180977554785,975.5189486656179,609.2605449273916,-9978.648119050267,0.0035103932113558366,24.0,0.38375,4150.0,0.0002885857860732233,4.285714285714285e-05
3371.610210166436,964.9766428334617,600.6937417275686,-10145.977711131221,0.0034943331336421313,25.0,0.38375,4150.0,0.00030061019382627424,4.464285714285713e-05
3448.40441627563,954.3091408155424,591.7597175597164,-10308.587161171636,0.003478494321486716,26.0,0.38375,4150.0,0.00031263460157932515,4.642857142857141e-05
3524.183015443051,943.453469214705,583.2703536355226,-10466.877649898881,0.00346279357169387,27.0,0.38375,4150.0,0.00032465900933237616,4.82142857142857e-05
3599.034392198713,932.5158760731051,575.1334114357709,-10619.384289024652,0.00344739936936489,28.0,0.38375,4150.0,0.0003366834170854272,4.999999999999998e-05
3674.16472858333,921.6610302378946,566.506257840211,-10774.599946541683,0.0034318888165258236,29.0,0.38375,4150.0,0.0003435032304379038,5.178571428571427e-05
3747.412719218617,910.6555581439615,558.2998489427027,-10924.778288650487,0.003416643051186008,30.0,0.38375,4150.0,0.0003553481694185211,5.357142857142855e-05
0.0,0.0,0.0,-2.1237246499294997,0.003785468355187927,0.0,0.42416666666666664,4250.0,0.0,
404.6894757607741,316.34985911824924,249.25620673689662,-1289.6160707753152,0.003756181667840505,1.0,0.42416666666666664,4250.0,1.4716439339554916e-05,1.785714285714285e-06
698.1853800819647,518.8811957216475,402.7851894155008,-2294.645873276182,0.0037089573595767444,2.0,0.42416666666666664,4200.0,2.8356066044508252e-05,3.57142857142857e-06
927.8086330123164,656.0424798409001,500.4145498611983,-3107.8100530322554,0.003685388559612699,3.0,0.42416666666666664,4200.0,4.1457286432160806e-05,5.357142857142856e-06
1117.467112771424,752.3374178548264,563.82043441735,-3784.8060770772354,0.0036628747691038687,4.0,0.42416666666666664,4200.0,5.4558506819813346e-05,7.14285714285714e-06
1280.506382112432,821.4855100631,605.3389829538531,-4361.111398280409,0.0036412731290567917,5.0,0.42416666666666664,4200.0,6.730078966259871e-05,8.928571428571426e-06
1424.9557440621388,871.774872018199,632.2606084625795,-4861.225919434204,0.0036203945820084426,6.0,0.42416666666666664,4200.0,7.968413496051686e-05,1.0714285714285712e-05
1555.774972515963,908.4281608187612,649.2637253032763,-5301.966217157562,0.0036001798804122793,7.0,0.42416666666666664,4200.0,9.170854271356784e-05,1.2499999999999996e-05
1676.4224740830293,934.9988624987657,659.2495311743446,-5695.625384266998,0.003580494575258156,8.0,0.42416666666666664,4200.0,0.00010480976310122038,1.428571428571428e-05
1789.4117667807927,954.0371929957669,663.8630509553441,-6051.747101825436,0.003561289513629945,9.0,0.42416666666666664,4200.0,0.00011629576453697057,1.607142857142857e-05
1896.0219730069452,967.0954244810912,665.4009655549875,-6377.23724479181,0.003542454157695032,10.0,0.42416666666666664,4200.0,0.00012921751615218953,1.7857142857142852e-05
1997.6125407984582,975.5832531056932,663.8319589042299,-6676.12755142861,0.0035242468017168582,11.0,0.42416666666666664,4200.0,0.0001401651112706389,1.9642857142857135e-05
2094.9955451455417,980.3503785675433,660.7507349021315,-6953.720450496541,0.003506318566593181,12.0,0.42416666666666664,4200.0,0.00015290739411342425,2.1428571428571425e-05
2189.080409347975,982.2978887781001,655.4861023643962,-7214.144993194794,0.0034887215716992155,13.0,0.42416666666666664,4200.0,0.00016331658291457286,2.3214285714285705e-05
2280.067659522034,981.8085481085375,649.7386881460823,-7457.611553313909,0.003471545780786557,14.0,0.42416666666666664,4200.0,0.00017587939698492463,2.499999999999999e-05
2368.792784810689,979.5075693233118,642.9369509056133,-7689.3516218972145,0.0034545600641708507,15.0,0.42416666666666664,4200.0,0.00018844221105527637,2.6785714285714274e-05
2454.8043007170554,975.5185818100963,635.7689799462642,-7907.536281758141,0.00343813406747713,16.0,0.42416666666666664,4200.0,0.00019813352476669057,2.857142857142856e-05
2539.4415558823684,970.3846419549843,627.7545933634306,-8116.902806834783,0.0034217554809010302,17.0,0.42416666666666664,4200.0,0.00021051687006460874,3.0357142857142847e-05
2622.0042606140514,964.1579974314088,620.0032136795219,-8317.742124977747,0.0034057466106214873,18.0,0.42416666666666664,4200.0,0.0002229002153625269,3.214285714285714e-05
2702.7233453249137,957.0088525688021,611.6977592188681,-8508.314662806202,0.003390112488691183,19.0,0.42416666666666664,4200.0,0.00023528356066044508,3.392857142857142e-05
2782.5518080911597,949.2291185269102,603.6360498715293,-8696.626018060684,0.0033742872752136497,20.0,0.42416666666666664,4200.0,0.0002440775305096913,3.5714285714285703e-05
2860.7300495061086,940.9076557131278,595.1594387000249,-8874.527816583104,0.0033592413829536655,21.0,0.42416666666666664,4200.0,0.0002562814070351759,3.749999999999999e-05
2937.55140252015,932.0861575391107,587.0180380541736,-9047.181868812702,0.003327241854482963,22.0,0.42416666666666664,4150.0,0.0002684852835606604,3.928571428571427e-05
3013.9529565632733,922.9936670480141,578.5103356480652,-9216.986312531662,0.003312418177575588,23.0,0.42416666666666664,4150.0,0.00028068916008614495,4.1071428571428556e-05
3088.562437144376,913.513906655128,570.3900887518145,-9379.321411318662,0.003298075156793877,24.0,0.42416666666666664,4150.0,0.0002885857860732233,4.285714285714285e-05
3162.35647345172,903.8291967750508,562.4962708595203,-9539.440601623246,0.0032839478966399734,25.0,0.42416666666666664,4150.0,0.00030061019382627424,4.464285714285713e-05
3235.135617983489,894.0026933596316,554.2150294511328,-9695.157593487442,0.0032700084127192724,26.0,0.42416666666666664,4150.0,0.00031263460157932515,4.642857142857141e-05
3306.986106613104,884.0101834632916,546.3749668995378,-9846.699665981461,0.0032561833076394323,27.0,0.42416666666666664,4150.0,0.00032465900933237616,4.82142857142857e-05
3377.9851932464467,873.9357762478833,538.852538227183,-9992.965660782473,0.0032426229203128204,28.0,0.42416666666666664,4150.0,0.0003366834170854272,4.999999999999998e-05
3449.2765801605165,863.9320570600297,530.866172538449,-10141.891511618363,0.00322894888650883,29.0,0.42416666666666664,4150.0,0.0003435032304379038,5.178571428571427e-05
3518.807551483066,853.7645668209128,523.2607837819348,-10286.08439199598,0.0032155029835852504,30.0,0.42416666666666664,4150.0,0.0003553481694185211,5.357142857142855e-05
0.0,0.0,0.0,-2.1237246499294997,0.003506997731021188,0.0,0.4645833333333333,4250.0,0.0,
375.08960921570576,293.18017618811587,230.98869884177157,-1195.7993697364727,0.0034819072018137448,1.0,0.4645833333333333,4250.0,1.4716439339554916e-05,1.785714285714285e-06
647.2423967570611,480.9257522986691,373.2888943896497,-2128.6910253307506,0.0034398287166551773,2.0,0.4645833333333333,4200.0,2.8356066044508252e-05,3.57142857142857e-06
860.3409675503054,608.163584764148,463.84066693985403,-2884.4216251684556,0.003419600289832343,3.0,0.4645833333333333,4200.0,4.1457286432160806e-05,5.357142857142856e-06
1036.52453884666,697.5859682684247,522.7188360956145,-3514.3785435125974,0.0034002609091667874,4.0,0.4645833333333333,4200.0,5.4558506819813346e-05,7.14285714285714e-06
1188.1403036617755,761.8890519708672,561.339924458112,-4051.3161512581064,0.003381690218352731,5.0,0.4645833333333333,4200.0,6.730078966259871e-05,8.928571428571426e-06
1322.6130038309889,808.7403219915086,586.4507793986628,-4517.865471680358,0.0033637269342128868,6.0,0.4645833333333333,4200.0,7.968413496051686e-05,1.0714285714285712e-05
1444.52392758503,842.9681849346246,602.3796381111453,-4929.555180018346,0.003346321459970484,7.0,0.4645833333333333,4200.0,9.170854271356784e-05,1.2499999999999996e-05
1557.067733356022,867.8576983021741,611.8041386971703,-5297.743569968479,0.0033293595168008166,8.0,0.4645833333333333,4200.0,0.00010480976310122038,1.428571428571428e-05
1662.5679040338925,885.7686512806837,616.2484988433894,-5631.253460211854,0.003312799087811007,9.0,0.4645833333333333,4200.0,0.00011629576453697057,1.607142857142857e-05
1762.2002180839027,898.1338529150098,617.8409392546693,-5936.468697179465,0.0032965460102462544,10.0,0.4645833333333333,4200.0,0.00012921751615218953,1.7857142857142852e-05
1857.2192566190422,906.2573659491582,616.5480293140705,-6217.102844575318,0.003280823793487031,11.0,0.4645833333333333,4200.0,0.0001401651112706389,1.9642857142857135e-05
1948.375877926042,910.9257312616353,613.8492744424685,-6478.039942938034,0.0032653324693398948,12.0,0.4645833333333333,4200.0,0.00015290739411342425,2.1428571428571425e-05
2036.5070764932298,912.9721740995294,609.1094141002791,-6723.166559436104,0.0032501162505648796,13.0,0.4645833333333333,4200.0,0.00016331658291457286,2.3214285714285705e-05
2121.7962841922163,912.7505378110912,603.9257049956708,-6952.553910911556,0.0032352554775764604,14.0,0.4645833333333333,4200.0,0.00017587939698492463,2.499999999999999e-05
2205.019163208816,910.8411751283901,597.7528710057454,-7171.186592175145,0.0032205487710379507,15.0,0.4645833333333333,4200.0,0.00018844221105527637,2.6785714285714274e-05
2285.745471463682,907.3553884414508,591.2279651056733,-7377.188040610621,0.0032063180900415394,16.0,0.4645833333333333,4200.0,0.00019813352476669057,2.857142857142856e-05
2365.229323306981,902.8012029465419,583.9166401258639,-7575.136071650297,0.0031921196424504394,17.0,0.4645833333333333,4200.0,0.00021051687006460874,3.0357142857142847e-05
2442.8071697327277,897.2221540758206,576.8455355593039,-7765.137502812817,0.0031782323376610675,18.0,0.4645833333333333,4200.0,0.0002229002153625269,3.214285714285714e-05
2518.6902691769105,890.7783145326415,569.2404206991217,-7945.668143294126,0.003164663046416641,19.0,0.4645833333333333,4200.0,0.00023528356066044508,3.392857142857142e-05
2593.7822016978666,883.7424416032554,561.8788236222879,-8124.231258320171,0.0031509182508016346,20.0,0.4645833333333333,4200.0,0.0002440775305096913,3.5714285714285703e-05
2667.3478839127715,876.1817224840095,554.0932917835089,-8292.969337513845,0.003137842778151449,21.0,0.4645833333333333,4200.0,0.0002562814070351759,3.749999999999999e-05
2739.676001118862,868.156055484673,546.6424656982754,-8456.925392884892,0.003124795711566114,22.0,0.4645833333333333,4200.0,0.0002684852835606604,3.928571428571427e-05
2811.6403179107924,859.8772622284824,538.8275557336852,-8618.246890568553,0.003111747739438336,23.0,0.4645833333333333,4200.0,0.00028068916008614495,4.1071428571428556e-05
2881.948053805736,851.2272274131001,531.3741746109845,-8772.571071205122,0.0030991171552366983,24.0,0.4645833333333333,4200.0,0.0002885857860732233,4.285714285714285e-05
2951.515940720603,842.3803351832303,524.1299611517722,-8924.97556391843,0.003071000023088848,25.0,0.4645833333333333,4150.0,0.00030061019382627424,4.464285714285713e-05
3020.1494533495115,833.391415284673,516.4939049414362,-9073.329713750434,0.003058853910555362,26.0,0.4645833333333333,4150.0,0.00031263460157932515,4.642857142857141e-05
3087.9403074450884,824.2273321243808,509.298152776288,-9217.671239149087,0.003046801161397401,27.0,0.4645833333333333,4150.0,0.00032465900933237616,4.82142857142857e-05
3154.9545376337037,814.9977453154521,502.3735029433399,-9357.233680373116,0.003034974680960171,28.0,0.4645833333333333,4150.0,0.0003366834170854272,4.999999999999998e-05
3222.2714183351327,805.8278301738002,495.02093951707104,-9499.395450370932,0.00302303932345297,29.0,0.4645833333333333,4150.0,0.0003435032304379038,5.178571428571427e-05
3287.9503025249383,796.4985056723448,488.00638110773804,-9637.134668250954,0.0030112985483527403,30.0,0.4645833333333333,4150.0,0.0003553481694185211,5.357142857142855e-05
0.0,0.0,0.0,-2.1237246499294997,0.0032305871716596084,0.0,0.505,4250.0,0.0,
345.68001325306034,270.16417277866486,212.8439748375164,-1102.5312413376087,0.003209334422434405,1.0,0.505,4250.0,1.4716439339554916e-05,1.785714285714285e-06
596.6061938417388,443.2131824185313,343.98641763880613,-1963.52717934284,0.003172098500029895,2.0,0.505,4200.0,2.8356066044508252e-05,3.57142857142857e-06
793.2414364052634,560.5717738467101,427.49383479949773,-2661.87318310955,0.003154933664712892,3.0,0.505,4200.0,4.1457286432160806e-05,5.357142857142856e-06
955.9732815200302,643.1368897128029,481.85428008217,-3244.707940994347,0.003138509485364474,4.0,0.505,4200.0,5.4558506819813346e-05,7.14285714285714e-06
1096.1612207558917,702.5931771189407,517.5746230473338,-3742.10134392327,0.0031227256773400432,5.0,0.505,4200.0,6.730078966259871e-05,8.928571428571426e-06
1220.6295194711881,745.9890542829864,540.8618357180643,-4174.839974759292,0.0031074462042215687,6.0,0.505,4200.0,7.968413496051686e-05,1.0714285714285712e-05
1333.5867490838507,777.7663978740532,555.6928982510043,-4557.1823243477775,0.00309262997623933,7.0,0.505,4200.0,9.170854271356784e-05,1.2499999999999996e-05
1437.9698717893348,800.9446785066357,564.5373106109253,-4899.5634649301865,0.0030781809533036914,8.0,0.505,4200.0,0.00010480976310122038,1.428571428571428e-05
1535.9101550805074,817.6940191243663,568.7843997941095,-5210.093549598583,0.003064063632858699,9.0,0.505,4200.0,0.00011629576453697057,1.607142857142857e-05
1628.487628194369,829.330384077478,570.4074086794609,-5494.640661118698,0.003050198650146379,10.0,0.505,4200.0,0.00012921751615218953,1.7857142857142852e-05
1716.8481459142074,837.0529848177923,569.3625751789219,-5756.606548386648,0.0030367771904939145,11.0,0.505,4200.0,0.0001401651112706389,1.9642857142857135e-05
1801.6862291952411,841.5846521614975,567.0208198495574,-6000.462113357411,0.0030235443011944157,12.0,0.505,4200.0,0.00015290739411342425,2.1428571428571425e-05
1883.7654401801499,843.6939110499479,562.7815763137988,-6229.846926219841,0.0030105369953854367,13.0,0.505,4200.0,0.00016331658291457286,2.3214285714285705e-05
1963.2541297738971,843.7036167626238,558.1419381399775,-6444.7092892746805,0.0029978260682325866,14.0,0.505,4200.0,0.00017587939698492463,2.499999999999999e-05
2040.867597169395,842.1512280164168,552.570657900761,-6649.771488542145,0.002985238110800982,15.0,0.505,4200.0,0.00018844221105527637,2.6785714285714274e-05
2116.197755514092,839.1347635810819,546.6676988978301,-6843.132501674154,0.002973050350425634,16.0,0.505,4200.0,0.00019813352476669057,2.857142857142856e-05
2190.413444022657,835.1265473147016,540.0376411873191,-7029.188787169274,0.002960882628369848,17.0,0.505,4200.0,0.00021051687006460874,3.0357142857142847e-05
2262.8889026214893,830.1651599959879,533.6318266457083,-7207.883638777908,0.0029489735305596415,18.0,0.505,4200.0,0.0002229002153625269,3.214285714285714e-05
2333.817268141566,824.3947650528772,526.7045428966318,-7377.897251992639,0.002937331186575358,19.0,0.505,4200.0,0.00023528356066044508,3.392857142857142e-05
2404.048110842493,818.0753541836377,520.024710882138,-7546.221876938231,0.0029255300336164204,20.0,0.505,4200.0,0.0002440775305096913,3.5714285714285703e-05
2472.8777627272625,811.2587384401189,512.9215946156542,-7705.328176226307,0.002914297049978633,21.0,0.505,4200.0,0.0002562814070351759,3.749999999999999e-05
2540.585313313351,803.9939796481013,506.1390107427115,-7860.147062287499,0.0029030825930813505,22.0,0.505,4200.0,0.0002684852835606604,3.928571428571427e-05
2607.9826194298444,796.5032797239494,499.0033067082267,-8012.499677999796,0.002891860829921011,23.0,0.505,4200.0,0.00028068916008614495,4.1071428571428556e-05
2673.8582399981874,788.6598053920274,492.2050323056634,-8158.455823129087,0.002880992131250286,24.0,0.505,4200.0,0.0002885857860732233,4.285714285714285e-05
2739.0681194512326,780.6287106279249,485.5952115721539,-8302.674651703324,0.0028702379175760996,25.0,0.505,4200.0,0.00030061019382627424,4.464285714285713e-05
2803.4235775324355,772.4574328711287,478.59727914359064,-8443.134148551937,0.0028596168818680818,26.0,0.505,4200.0,0.00031263460157932515,4.642857142857141e-05
2867.019909424701,764.1151724325272,472.0310950958843,-8579.761643290964,0.002849148800626176,27.0,0.505,4200.0,0.00032465900933237616,4.82142857142857e-05
2929.91338824887,755.6992669908567,465.6946202762082,-8712.09649775314,0.002838800415431506,28.0,0.505,4200.0,0.0003366834170854272,4.999999999999998e-05
2993.1165235624244,747.3454653724615,458.9660349381376,-8846.9656299852,0.0028141265950726345,29.0,0.505,4150.0,0.0003435032304379038,5.178571428571427e-05
3054.8052617385197,738.8379987038921,452.5350478605362,-8977.767210095393,0.00280399215279714,30.0,0.505,4150.0,0.0003553481694185211,5.357142857142855e-05
0.0,0.0,0.0,-2.1237246499294997,0.00295620207900642,0.0,0.5454166666666667,4250.0,0.0,
316.4578635905052,247.29956738094165,194.8203628213163,-1009.8037841638507,0.0029384381536687533,1.0,0.5454166666666667,4250.0,1.4716439339554916e-05,1.785714285714285e-06
546.2739057319918,405.7416271233914,314.87643199622227,-1799.1444009587576,0.002905748636106074,2.0,0.5454166666666667,4200.0,2.8356066044508252e-05,3.57142857142857e-06
726.5082025116956,513.2662547256577,391.37399789978474,-2440.155753191124,0.0028913764424123344,3.0,0.5454166666666667,4200.0,4.1457286432160806e-05,5.357142857142856e-06
875.8116774905683,588.9900391560691,441.2263815173979,-2975.7877360830316,0.00287761306679233,4.0,0.5454166666666667,4200.0,5.4558506819813346e-05,7.14285714285714e-06
1004.564476656076,643.5943959923374,474.04107989975535,-3433.4634637423223,0.0028643760219372954,5.0,0.5454166666666667,4200.0,6.730078966259871e-05,8.928571428571426e-06
1119.002151867938,683.5196671902886,495.48996768202034,-3832.1490614791037,0.002851552071349906,6.0,0.5454166666666667,4200.0,7.968413496051686e-05,1.0714285714285712e-05
1222.9619003860244,712.8217755992612,509.20628325218803,-4184.849959738676,0.0028391076336562204,7.0,0.5454166666666667,4200.0,9.170854271356784e-05,1.2499999999999996e-05
1319.1261755078447,734.259002090259,517.4451595965172,-4501.089650334914,0.002826963012728956,8.0,0.5454166666666667,4200.0,0.00010480976310122038,1.428571428571428e-05
1409.4384876614752,749.8133560439403,521.471956580789,-4788.273745556093,0.002815088599829552,9.0,0.5454166666666667,4200.0,0.00011629576453697057,1.607142857142857e-05
1494.8827428986092,760.6869928379332,523.0991688818768,-5051.760164215542,0.0028034184370879555,10.0,0.5454166666666667,4200.0,0.00012921751615218953,1.7857142857142852e-05
1576.4991920521106,767.9691550453102,522.2773222004923,-5294.645511067552,0.002792113773784542,11.0,0.5454166666666667,4200.0,0.0001401651112706389,1.9642857142857135e-05
1654.9272857812284,772.3308317973226,520.2670693047334,-5520.993321873779,0.0027809607955297487,12.0,0.5454166666666667,4200.0,0.00015290739411342425,2.1428571428571425e-05
1730.8554737923419,774.4637540410451,516.5061329867552,-5734.190260716925,0.002769990136051917,13.0,0.5454166666666667,4200.0,0.00016331658291457286,2.3214285714285705e-05
1804.4406233650266,774.6699761757858,512.3827051322905,-5934.079065841492,0.0027592631997327226,14.0,0.5454166666666667,4200.0,0.00017587939698492463,2.499999999999999e-05
1876.3363906499344,773.4392056065687,507.39182217377527,-6125.104019938706,0.0027486326243788863,15.0,0.5454166666666667,4200.0,0.00018844221105527637,2.6785714285714274e-05
1946.1597248942794,770.8577774709254,502.09109573583794,-6305.363301542471,0.002738333925117944,16.0,0.5454166666666667,4200.0,0.00019813352476669057,2.857142857142856e-05
2014.9907562842625,767.36404149097,496.119702090882,-6479.048389797215,0.0027280458996937424,17.0,0.5454166666666667,4200.0,0.00021051687006460874,3.0357142857142847e-05
2082.2457878193804,762.9863071366702,490.3610976696061,-6645.961635819505,0.002717969775485733,18.0,0.5454166666666667,4200.0,0.0002229002153625269,3.214285714285714e-05
2148.098023732279,757.8614070595447,484.0917363158351,-6804.9763058820245,0.002708114244060272,19.0,0.5454166666666667,4200.0,0.00023528356066044508,3.392857142857142e-05
2213.3422586088027,752.2277239582875,478.0742623304009,-6962.56345873628,0.0026981174326557167,20.0,0.5454166666666667,4200.0,0.0002440775305096913,3.5714285714285703e-05
2277.309721392914,746.1284841088158,471.64076845724287,-7111.5608807285535,0.002688596467979916,21.0,0.5454166666666667,4200.0,0.0002562814070351759,3.749999999999999e-05
2340.267798152487,739.6136219730101,465.50771491496596,-7256.750006833485,0.002679086225915898,22.0,0.5454166666666667,4200.0,0.0002684852835606604,3.928571428571427e-05
2402.965999092866,732.8711317459973,459.03742280847507,-7399.647189158117,0.002669564219725027,23.0,0.5454166666666667,4200.0,0.00028068916008614495,4.1071428571428556e-05
2464.2766385029595,725.8115106480125,452.8799641340118,-7536.742764746472,0.002660336749722159,24.0,0.5454166666666667,4200.0,0.0002885857860732233,4.285714285714285e-05
2524.9935496061717,718.5731117583323,446.8913061626449,-7672.298342157585,0.002651200074961541,25.0,0.5454166666666667,4200.0,0.00030061019382627424,4.464285714285713e-05
2584.935436438013,711.1986926115736,440.5384523572506,-7804.417470241009,0.0026421720890311144,26.0,0.5454166666666667,4200.0,0.00031263460157932515,4.642857142857141e-05
2644.199842430535,703.6635681099394,434.5731050669758,-7932.903460784932,0.002633269910190833,27.0,0.5454166666666667,4200.0,0.00032465900933237616,4.82142857142857e-05
2702.832631320375,696.0483775958903,428.8206610489879,-8057.569483423817,0.0026244655440775594,28.0,0.5454166666666667,4200.0,0.0003366834170854272,4.999999999999998e-05
2761.7789913464326,688.4823827937047,422.6996107353178,-8184.6731340839615,0.0026155678051419723,29.0,0.5454166666666667,4200.0,0.0003435032304379038,5.178571428571427e-05
2819.3352228698614,680.7796650015464,416.8466034706172,-8307.993219022384,0.0026068084052631143,30.0,0.5454166666666667,4200.0,0.0003553481694185211,5.357142857142855e-05
0.0,0.0,0.0,-2.1237246499294997,0.002683808789534078,0.0,0.5858333333333333,4250.0,0.0,
287.420539404808,224.58426466009934,176.91621505000109,-917.609290196684,0.002669193846683456,1.0,0.5858333333333333,4250.0,1.4716439339554916e-05,1.785714285714285e-06
496.2398631379381,368.5062754376883,285.954786606198,-1635.5329857443649,0.0026407614712795815,2.0,0.5858333333333333,4200.0,2.8356066044508252e-05,3.57142857142857e-06
660.1348701577056,466.2416527722973,355.4758047860984,-2219.260564747303,0.0026289166539392476,3.0,0.5858333333333333,4200.0,4.1457286432160806e-05,5.357142857142856e-06
796.033270036221,535.1401228669466,400.831639376621,-2707.6115686751946,0.0026175643895556934,4.0,0.5858333333333333,4200.0,5.4558506819813346e-05,7.14285714285714e-06
913.3484273691895,584.8912140811854,430.73909426669934,-3125.3991283113937,0.002606637869668871,5.0,0.5858333333333333,4200.0,6.730078966259871e-05,8.928571428571426e-06
1017.7277429995497,621.3300543427684,450.33493371205583,-3489.7924227214753,0.0025960442970221244,6.0,0.5858333333333333,4200.0,7.968413496051686e-05,1.0714285714285712e-05
1112.6477391207804,648.1332302005914,462.91842211557884,-3812.560580533136,0.002585756675113837,7.0,0.5858333333333333,4200.0,9.170854271356784e-05,1.2499999999999996e-05
1200.5354874148406,667.8026636889098,470.52830104282185,-4102.32685904028,0.002575709872603439,8.0,0.5858333333333333,4200.0,0.00010480976310122038,1.428571428571428e-05
1283.1530696833115,682.1307940383737,474.31239790199857,-4365.800461964129,0.0025658795578606835,9.0,0.5858333333333333,4200.0,0.00011629576453697057,1.607142857142857e-05
1361.3854639965996,692.2055343664539,475.9170454919905,-4607.834764149542,0.0025562117974128906,10.0,0.5858333333333333,4200.0,0.00012921751615218953,1.7857142857142852e-05
1436.1734414055363,699.0153998592709,475.2925404122282,-4831.227003179505,0.002546840446709066,11.0,0.5858333333333333,4200.0,0.0001401651112706389,1.9642857142857135e-05
1508.098238033182,703.1650078379517,473.58896760499505,-5039.640049218506,0.002537588947721355,12.0,0.5858333333333333,4200.0,0.00015290739411342425,2.1428571428571425e-05
1577.777977442218,705.2859397599788,470.28399056065007,-5236.2015684004655,0.0025284822242931486,13.0,0.5858333333333333,4200.0,0.00016331658291457286,2.3214285714285705e-05
1645.3560642371476,705.6514689620691,466.6503472964369,-5420.665689426256,0.002519572745841222,14.0,0.5858333333333333,4200.0,0.00017587939698492463,2.499999999999999e-05
1711.4255025250814,704.7070393950485,462.2162444956793,-5597.182518984642,0.002510737197151326,15.0,0.5858333333333333,4200.0,0.00018844221105527637,2.6785714285714274e-05
1775.6292707310724,702.5278110193996,457.5008383530714,-5763.874595745423,0.0025021724135668305,16.0,0.5858333333333333,4200.0,0.00019813352476669057,2.857142857142856e-05
1838.9587036183448,699.5129010680112,452.16407688012526,-5924.704004056679,0.0024936113150419263,17.0,0.5858333333333333,4200.0,0.00021051687006460874,3.0357142857142847e-05
1900.873690928099,695.6898481265823,447.03023622430527,-6079.3544344873735,0.0024852210145110895,18.0,0.5858333333333333,4200.0,0.0002229002153625269,3.214285714285714e-05
1961.527091866102,691.178805621308,441.4031769393927,-6226.88020229595,0.0024770102078472793,19.0,0.5858333333333333,4200.0,0.00023528356066044508,3.392857142857142e-05
2021.6578355608062,686.2012625709034,436.0277907726065,-6373.222587813696,0.002468675976079776,20.0,0.5858333333333333,4200.0,0.0002440775305096913,3.5714285714285703e-05
2080.634772214183,680.7923693285983,430.2513143091915,-6511.626116211402,0.0024607338621880255,21.0,0.5858333333333333,4200.0,0.0002562814070351759,3.749999999999999e-05
2138.7121881463027,674.9990938417559,424.74883084731033,-6646.682833923187,0.002452796624850088,22.0,0.5858333333333333,4200.0,0.0002684852835606604,3.928571428571427e-05
2196.5770881973367,668.9945506144965,418.93187207534595,-6779.626985088304,0.002444845016486051,23.0,0.5858333333333333,4200.0,0.00028068916008614495,4.1071428571428556e-05
2253.1868554045277,662.6824582661416,413.4068480154108,-6907.357402064234,0.0024371351028799363,24.0,0.5858333333333333,4200.0,0.0002885857860732233,4.285714285714285e-05
2309.2729043898344,656.2126948751164,408.01765860722554,-7033.739377036647,0.0024294956686264427,25.0,0.5858333333333333,4200.0,0.00030061019382627424,4.464285714285713e-05
2364.6629111413604,649.6143609834426,402.298905588309,-7157.007944991972,0.002421943390803642,26.0,0.5858333333333333,4200.0,0.00031263460157932515,4.642857142857141e-05
2419.45392489091,642.8654958416201,396.92264169804,-7276.860460868302,0.0024144929452559307,27.0,0.5858333333333333,4200.0,0.00032465900933237616,4.82142857142857e-05
2473.6834256195148,636.0374953102146,391.74553813691716,-7393.350885540378,0.0024071210038354744,28.0,0.5858333333333333,4200.0,0.0003366834170854272,4.999999999999998e-05
2528.2254566503325,629.2466212310067,386.21995070400317,-7512.174389853484,0.002399664941131931,29.0,0.5858333333333333,4200.0,0.0003435032304379038,5.178571428571427e-05
2581.5027920793887,622.3203894307295,380.9444848844172,-7627.541379914779,0.002392321774789152,30.0,0.5858333333333333,4200.0,0.0003553481694185211,5.357142857142855e-05
0.0,0.0,0.0,-2.1237246499294997,0.0024133745312897945,0.0,0.62625,4250.0,0.0,
258.5664718456302,202.0172076094559,159.13091039259766,-825.9402386011425,0.002401577556664604,1.0,0.62625,4250.0,1.4716439339554916e-05,1.785714285714285e-06
446.5005527946912,331.5044484317703,257.21944405102596,-1472.7077896865085,0.002391219511982138,2.0,0.62625,4250.0,2.8356066044508252e-05,3.57142857142857e-06
594.118476536828,419.495949512309,319.7979987810811,-1999.1790443477366,0.0023675425926712045,3.0,0.62625,4200.0,4.1457286432160806e-05,5.357142857142856e-06
716.6366341448829,481.5867590287107,360.67033684363577,-2440.1732596254515,0.0023583563484630247,4.0,0.62625,4200.0,5.4558506819813346e-05,7.14285714285714e-06
822.5078584427354,526.4798681645989,387.6632883667561,-2817.9050794445357,0.0023495079353485983,5.0,0.62625,4200.0,6.730078966259871e-05,8.928571428571426e-06
916.805373718345,559.4203107533667,405.3977785350842,-3147.769838397413,0.0023409227078603338,6.0,0.62625,4200.0,7.968413496051686e-05,1.0714285714285712e-05
1002.6417372308237,583.7010977033183,416.8267165002808,-3440.3168518371895,0.002332579385058047,7.0,0.62625,4200.0,9.170854271356784e-05,1.2499999999999996e-05
1082.1983603454773,601.5734397282774,423.78893508100174,-3703.280026476561,0.0023244257517715614,8.0,0.62625,4200.0,0.00010480976310122038,1.428571428571428e-05
1157.0525141671021,614.6425858383435,427.3048910518009,-3942.6802643849514,0.002316442149159211,9.0,0.62625,4200.0,0.00011629576453697057,1.607142857142857e-05
1227.9957317194537,623.8828882723784,428.8614534543273,-4162.872177005149,0.0023085852877348066,10.0,0.62625,4200.0,0.00012921751615218953,1.7857142857142852e-05
1295.8712591055473,630.185555779351,428.4109463433522,-4366.358976528056,0.0023009642153422345,11.0,0.62625,4200.0,0.0001401651112706389,1.9642857142857135e-05
1361.199894856296,634.0912643067475,426.98593527437214,-4556.409376678945,0.00229343589465452,12.0,0.62625,4200.0,0.00015290739411342425,2.1428571428571425e-05
1424.532430566768,636.164871648528,424.1145901914857,-4735.885938093968,0.002286020148754612,13.0,0.62625,4200.0,0.00016331658291457286,2.3214285714285705e-05
1486.000517533163,636.6537749854878,420.9457920855013,-4904.472387306843,0.0022787608899020977,14.0,0.62625,4200.0,0.00017587939698492463,2.499999999999999e-05
1546.1338584354187,635.9574478287977,417.04620837409226,-5066.006809469727,0.0022715569769882426,15.0,0.62625,4200.0,0.00018844221105527637,2.6785714285714274e-05
1604.6052313022265,634.144891616669,412.8935994688371,-5218.6616526837315,0.0022645697690117234,16.0,0.62625,4200.0,0.00019813352476669057,2.857142857142856e-05
1662.3160472577729,631.5787230956839,408.1708549457042,-5366.14510849848,0.0022575813342417947,17.0,0.62625,4200.0,0.00021051687006460874,3.0357142857142847e-05
1718.7687210711847,628.2765361965423,403.6410923726418,-5508.045964864425,0.0022507277782306185,18.0,0.62625,4200.0,0.0002229002153625269,3.214285714285714e-05
1774.099470418632,624.3484264796377,398.64213551418925,-5643.5861775059675,0.0022440174632563804,19.0,0.62625,4200.0,0.00023528356066044508,3.392857142857142e-05
1828.9879246511991,619.9985288513848,393.8854381037868,-5778.167857939974,0.002237201674064172,20.0,0.62625,4200.0,0.0002440775305096913,3.5714285714285703e-05
1882.8438268397197,615.25061976044,388.75540590578885,-5905.483189804589,0.002230702864140858,21.0,0.62625,4200.0,0.0002562814070351759,3.749999999999999e-05
1935.9073336987335,610.1524130250939,383.8626348247971,-6029.894947980298,0.002224204653871949,22.0,0.62625,4200.0,0.0002684852835606604,3.928571428571427e-05
1988.8018360327774,604.8608778053447,378.68976927824883,-6152.379042281515,0.0022176909538101012,23.0,0.62625,4200.0,0.00028068916008614495,4.1071428571428556e-05
2040.5729211359815,599.2836498617748,373.77697016617367,-6270.228216005191,0.0022113717646788616,24.0,0.62625,4200.0,0.0002885857860732233,4.285714285714285e-05
2091.88694961321,593.5481679825901,368.97376716954733,-6386.912757977472,0.0022051060384601427,25.0,0.62625,4200.0,0.00030061019382627424,4.464285714285713e-05
2142.5831270632893,587.7036672949922,363.8765177131602,-6500.8063186612635,0.002198908738928398,26.0,0.62625,4200.0,0.00031263460157932515,4.642857142857141e-05
2192.756134429889,581.7194896179467,359.0785911807763,-6611.520743072178,0.0021927921557707035,27.0,0.62625,4200.0,0.00032465900933237616,4.82142857142857e-05
2242.436592483337,575.6595003790771,354.46593744778625,-6719.314318658755,0.0021867372076253156,28.0,0.62625,4200.0,0.0003366834170854272,4.999999999999998e-05
2292.4226738111192,569.62917031914,349.5255117202424,-6829.318968080348,0.0021806083657614924,29.0,0.62625,4200.0,0.0003435032304379038,5.178571428571427e-05
2341.2704651084673,563.4695529289395,344.81758437729945,-6936.197912452313,0.002174569886010869,30.0,0.62625,4200.0,0.0003553481694185211,5.357142857142855e-05
0.0,0.0,0.0,-2.1237246499294997,0.0021448674001800726,0.0,0.6666666666666666,4250.0,0.0,
229.89182722346013,179.59506336357376,141.46154273638592,-734.7892891887896,0.0021355659214746915,1.0,0.6666666666666666,4250.0,1.4716439339554916e-05,1.785714285714285e-06
397.05361498020244,294.73460207855993,228.66948590571064,-1310.6558250446833,0.002127391624308625,2.0,0.6666666666666666,4250.0,2.8356066044508252e-05,3.57142857142857e-06
528.454779418673,373.0252430036656,284.33877462030324,-1779.9028084758538,0.002107242805384297,3.0,0.6666666666666666,4200.0,4.1457286432160806e-05,5.357142857142856e-06
637.6154467432847,428.32466315864207,320.73752925488606,-2173.4667520475487,0.0020999820040119403,4.0,0.6666666666666666,4200.0,5.4558506819813346e-05,7.14285714285714e-06
732.042239037349,468.3612983302441,344.8166496506184,-2510.9781979167165,0.0020929830232481635,5.0,0.6666666666666666,4200.0,6.730078966259871e-05,8.928571428571426e-06
816.2306181622101,497.7856110045583,360.67359311785725,-2806.0811867787997,0.00208618718799042,6.0,0.6666666666666666,4200.0,7.968413496051686e-05,1.0714285714285712e-05
892.9435055258364,519.5257027313226,370.9339485157342,-3068.121453115542,0.002079578110980495,7.0,0.6666666666666666,4200.0,9.170854271356784e-05,1.2499999999999996e-05
964.1128003569264,535.5705474596415,377.22381269237735,-3303.954351302382,0.0020731149030040895,8.0,0.6666666666666666,4200.0,0.00010480976310122038,1.428571428571428e-05
1031.1359388707817,547.3472166637689,380.45156838358133,-3518.920035264695,0.002066782055379496,9.0,0.6666666666666666,4200.0,0.00011629576453697057,1.607142857142857e-05
1094.715421012497,555.722737341078,381.93480210091786,-3716.880245279266,0.002060545588310418,10.0,0.6666666666666666,4200.0,0.00012921751615218953,1.7857142857142852e-05
1155.592541894057,561.4806332349394,381.6307940705739,-3900.049514281265,0.0020544922653846476,11.0,0.6666666666666666,4200.0,0.0001401651112706389,1.9642857142857135e-05
1214.23227934973,565.1056920719165,380.46141684664224,-4071.3092146386916,0.00204850892308056,12.0,0.6666666666666666,4200.0,0.00015290739411342425,2.1428571428571425e-05
1271.1206255140876,567.0994505080047,377.9981674100238,-4233.249496493489,0.0020426109525331203,13.0,0.6666666666666666,4200.0,0.00016331658291457286,2.3214285714285705e-05
1326.3734799905142,567.6777688440278,375.269717533789,-4385.5026333032365,0.0020368341856556874,14.0,0.6666666666666666,4200.0,0.00017587939698492463,2.499999999999999e-05
1380.4609185012243,567.1969036343701,371.888034334341,-4531.577050684071,0.0020310975502397187,15.0,0.6666666666666666,4200.0,0.00018844221105527637,2.6785714285714274e-05
1433.0867708558321,565.7153683797235,368.2706524508788,-4669.72122031093,0.002025530296201499,16.0,0.6666666666666666,4200.0,0.00019813352476669057,2.857142857142856e-05
1485.0593994623039,563.5615052450166,364.14218181196367,-4803.363183516325,0.002019958743295772,17.0,0.6666666666666666,4200.0,0.00021051687006460874,3.0357142857142847e-05
1535.9273960768278,560.7482712802033,360.1948591561737,-4932.021265942087,0.0020144911582824945,18.0,0.6666666666666666,4200.0,0.0002229002153625269,3.214285714285714e-05
1585.8104588951978,557.3737753587387,355.81535735861564,-5055.071823100632,0.002009135142770658,19.0,0.6666666666666666,4200.0,0.00023528356066044508,3.392857142857142e-05
1635.3255082564497,553.6203199042528,351.64902908878133,-5177.368909223711,0.002003691235132497,20.0,0.6666666666666666,4200.0,0.0002440775305096913,3.5714285714285703e-05
1683.9286325056185,549.5050159049919,347.14725569030617,-5293.094127064782,0.001998497592911424,21.0,0.6666666666666666,4200.0,0.0002562814070351759,3.749999999999999e-05
1731.842413833164,545.0751905858073,342.8553285319576,-5406.33819641747,0.001993301777535693,22.0,0.6666666666666666,4200.0,0.0002684852835606604,3.928571428571427e-05
1779.6268295678851,540.4699900258481,338.30491838216454,-5517.844579804092,0.0019880906155276953,23.0,0.6666666666666666,4200.0,0.00028068916008614495,4.1071428571428556e-05
1826.4181889026763,535.6031569338294,333.9893255187764,-5625.284230268451,0.001983032284479466,24.0,0.6666666666666666,4200.0,0.0002885857860732233,4.285714285714285e-05
1872.8166039378964,530.5912891059626,329.7594651256711,-5731.735313306883,0.0019780132807051,25.0,0.6666666666666666,4200.0,0.00030061019382627424,4.464285714285713e-05
1918.6737304215967,525.469484686302,325.2707730686133,-5835.716325053603,0.0019730466727227998,26.0,0.6666666666666666,4200.0,0.00031263460157932515,4.642857142857141e-05
1964.0807577685673,520.2245706679686,321.0431564027954,-5936.774872331131,0.0019681424675680077,27.0,0.6666666666666666,4200.0,0.00032465900933237616,4.82142857142857e-05
2009.0618187130933,514.912371400488,316.98001144553353,-6035.33459109212,0.0019632854715830247,28.0,0.6666666666666666,4200.0,0.0003366834170854272,4.999999999999998e-05
2054.3377886098665,509.6231515100288,312.6196785399158,-6135.964611456024,0.0019583653742261363,29.0,0.6666666666666666,4200.0,0.0003435032304379038,5.178571428571427e-05
2098.600443103825,504.21383927673634,308.4642494509657,-6233.80372880389,0.0019535158026143316,30.0,0.6666666666666666,4200.0,0.0003553481694185211,5.357142857142855e-05
0.0,0.0,0.0,-2.1237246499294997,0.0018782563382416211,0.0,0.7070833333333333,4250.0,0.0,
201.39405756222968,157.31577168455908,123.90646726812584,-644.1492761482878,0.0018711361413263818,1.0,0.7070833333333333,4250.0,1.4716439339554916e-05,1.785714285714285e-06
347.8935263936708,258.1920117831334,200.30041984237826,-1149.347351418619,0.0018648732411890411,2.0,0.7070833333333333,4250.0,2.8356066044508252e-05,3.57142857142857e-06
463.1387630990704,326.826185769285,249.09470427360324,-1561.423657228479,0.0018480060835298659,3.0,0.7070833333333333,4200.0,4.1457286432160806e-05,5.357142857142856e-06
558.9689752744023,375.35403582066704,281.03294834344206,-1907.4861315856906,0.0018424345679232661,4.0,0.7070833333333333,4200.0,5.4558506819813346e-05,7.14285714285714e-06
641.9455107508256,410.53042781306425,302.1946493399601,-2204.61551664344,0.0018370600225281436,5.0,0.7070833333333333,4200.0,6.730078966259871e-05,8.928571428571426e-06
716.0029509023676,436.4273794189662,316.1643981565827,-2464.726456960234,0.00183183767102616,6.0,0.7070833333333333,4200.0,7.968413496051686e-05,1.0714285714285712e-05
783.5506254354201,455.60323143659355,325.2369576647652,-2695.9771686019303,0.0018267552387284459,7.0,0.7070833333333333,4200.0,9.170854271356784e-05,1.2499999999999996e-05
846.2771729920594,469.7935389039107,330.8347961574732,-2904.3550255509617,0.0018217816473549658,8.0,0.7070833333333333,4200.0,0.00010480976310122038,1.428571428571428e-05
905.4051620042328,480.24803946675144,333.75048994748016,-3094.5269729116335,0.0018169050120377026,9.0,0.7070833333333333,4200.0,0.00011629576453697057,1.607142857142857e-05
961.5430716566614,487.7225287235299,335.1362813032651,-3269.8672376281975,0.0018120994476530637,10.0,0.7070833333333333,4200.0,0.00012921751615218953,1.7857142857142852e-05
1015.3374449711852,492.90303094706485,334.9554361374835,-3432.3069712291617,0.0018074319309422907,11.0,0.7070833333333333,4200.0,0.0001401651112706389,1.9642857142857135e-05
1067.1968723278665,496.2117700693457,334.0143056775256,-3584.3476045880598,0.0018028155507593855,12.0,0.7070833333333333,4200.0,0.00015290739411342425,2.1428571428571425e-05
1117.5425812700437,498.0883584579526,331.9366758208688,-3728.299019170947,0.0017982619158818972,13.0,0.7070833333333333,4200.0,0.00016331658291457286,2.3214285714285705e-05
1166.4751298767665,498.7223896244739,329.62494439484453,-3863.7613434330706,0.0017937993779060738,14.0,0.7070833333333333,4200.0,0.00017587939698492463,2.499999999999999e-05
1214.4070494688708,498.42437668053765,326.73651427249644,-3993.894407186359,0.0017893648563144565,15.0,0.7070833333333333,4200.0,0.00018844221105527637,2.6785714285714274e-05
1261.0724647438194,497.24292067051726,323.6334170921906,-4117.050415944475,0.001785058805589714,16.0,0.7070833333333333,4200.0,0.00019813352476669057,2.857142857142856e-05
1307.186854764807,495.4681490243177,320.0798260098704,-4236.350295446973,0.001780746875395106,17.0,0.7070833333333333,4200.0,0.00021051687006460874,3.0357142857142847e-05
1352.346871771636,493.109038980579,316.6925929774043,-4351.267285619717,0.0017765126821350972,18.0,0.7070833333333333,4200.0,0.0002229002153625269,3.214285714285714e-05
1396.655268172633,490.25603114990867,312.9140982504927,-4461.317239871336,0.0017723628254244933,19.0,0.7070833333333333,4200.0,0.00023528356066044508,3.392857142857142e-05
1440.664140129327,487.06841093555556,309.31960049476123,-4570.797149375328,0.001768142024331534,20.0,0.7070833333333333,4200.0,0.0002440775305096913,3.5714285714285703e-05
1483.8802571099343,483.55811294900946,305.4285388437331,-4674.421671045449,0.0017641130116816364,21.0,0.7070833333333333,4200.0,0.0002562814070351759,3.749999999999999e-05
1526.5067220713445,479.76890113402766,301.7214300937003,-4775.965591226879,0.0017600802516480754,22.0,0.7070833333333333,4200.0,0.0002684852835606604,3.928571428571427e-05
1569.0387843846972,475.8216700819736,297.7778021585838,-4875.966983817758,0.001756033274690233,23.0,0.7070833333333333,4200.0,0.00028068916008614495,4.1071428571428556e-05
1610.7070999992761,471.6412714101951,294.043245122508,-4972.4575523807725,0.001752102857882204,24.0,0.7070833333333333,4200.0,0.0002885857860732233,4.285714285714285e-05
1652.0436320797191,467.329518151321,290.3782782522453,-5068.126032804321,0.0017482003484211714,25.0,0.7070833333333333,4200.0,0.00030061019382627424,4.464285714285713e-05
1692.912337503086,462.91608009796425,286.48127693493706,-5161.6428326569585,0.0017443367146305906,26.0,0.7070833333333333,4200.0,0.00031263460157932515,4.642857142857141e-05
1733.4018900545084,458.3864607363881,282.8165205525243,-5252.514340171176,0.0017405198062872354,27.0,0.7070833333333333,4200.0,0.00032465900933237616,4.82142857142857e-05
1773.5293835984305,453.7950999508592,279.2867637605723,-5341.288399026977,0.0017367379133590491,28.0,0.7070833333333333,4200.0,0.0003366834170854272,4.999999999999998e-05
1813.9369863771,449.22693693098086,275.5004619284614,-5431.971888745917,0.0017329039411949393,29.0,0.7070833333333333,4200.0,0.0003435032304379038,5.178571428571427e-05
1853.4560163922959,444.5489517738295,271.88811118254915,-5520.201893045589,0.0017291233808420558,30.0,0.7070833333333333,4200.0,0.0003553481694185211,5.357142857142855e-05
0.0,0.0,0.0,-2.1237246499294997,0.0016135110910450523,0.0,0.7474999999999999,4250.0,0.0,
173.07067592019857,135.17732163153033,106.46407845635478,-554.0132020648598,0.0016082659593830975,1.0,0.7474999999999999,4250.0,1.4716439339554916e-05,1.785714285714285e-06
299.0168866839477,221.87403742964773,172.10999041782767,-988.7735042645945,0.0016036483321740743,2.0,0.7474999999999999,4250.0,2.8356066044508252e-05,3.57142857142857e-06
398.16875663092185,280.8980407157449,214.0657096474253,-1343.7828905674687,0.001599304566981828,3.0,0.7474999999999999,4250.0,4.1457286432160806e-05,5.357142857142856e-06
480.6904536528081,322.6685025677866,241.55299981629932,-1642.225622723141,0.0015857073969582803,4.0,0.7474999999999999,4200.0,5.4558506819813346e-05,7.14285714285714e-06
552.2172061432922,352.98770124213,259.79684674933037,-1898.8141256273739,0.001581735917608454,5.0,0.7474999999999999,4200.0,6.730078966259871e-05,8.928571428571426e-06
616.1188859988401,375.34430302773626,271.86860487908217,-2123.7058210185933,0.0015778741301959818,6.0,0.7474999999999999,4200.0,7.968413496051686e-05,1.0714285714285712e-05
674.4608904727543,391.93227869787967,279.7354409257559,-2323.8869025390013,0.0015741131876559442,7.0,0.7474999999999999,4200.0,9.170854271356784e-05,1.2499999999999996e-05
728.6926368859857,404.24320585021024,284.6212526754677,-2504.487362516913,0.001570430345845826,8.0,0.7474999999999999,4200.0,0.00010480976310122038,1.428571428571428e-05
779.8584210789345,413.34490547475593,287.2033080941869,-2669.508277302317,0.0015668168390049184,9.0,0.7474999999999999,4200.0,0.00011629576453697057,1.607142857142857e-05
828.4791686067816,419.8849477195755,288.46677585530045,-2821.84181048171,0.0015632536898304496,10.0,0.7474999999999999,4200.0,0.00012921751615218953,1.7857142857142852e-05
875.1071357112123,424.4520963786048,288.38325183308655,-2963.1403499511143,0.0015597906491255373,11.0,0.7474999999999999,4200.0,0.0001401651112706389,1.9642857142857135e-05
920.0949784909542,427.4119451213202,287.64856760101935,-3095.5331342443023,0.0015563634741379442,12.0,0.7474999999999999,4200.0,0.00015290739411342425,2.1428571428571425e-05
963.7985640676491,429.13654400212255,285.9319955244722,-3221.0416094274115,0.0015529805841667894,13.0,0.7474999999999999,4200.0,0.00016331658291457286,2.3214285714285705e-05
1006.3064107226891,429.7895342355315,284.01170136295605,-3339.253796211109,0.0015496635476905333,14.0,0.7474999999999999,4200.0,0.00017587939698492463,2.499999999999999e-05
1047.9717621963514,429.6387813643003,281.59373000082036,-3452.961223488921,0.0015463651373857782,15.0,0.7474999999999999,4200.0,0.00018844221105527637,2.6785714285714274e-05
1088.5615326278362,428.72548004460583,278.98448949608377,-3560.6479841612454,0.001543160474807907,16.0,0.7474999999999999,4200.0,0.00019813352476669057,2.857142857142856e-05
1128.696775376819,427.30006208883236,275.98772178052633,-3665.0999549062617,0.0015399495485860744,17.0,0.7474999999999999,4200.0,0.00021051687006460874,3.0357142857142847e-05
1168.0239711472354,425.36551211435295,273.13489724151776,-3765.7718020385655,0.0015367944918403837,18.0,0.7474999999999999,4200.0,0.0002229002153625269,3.214285714285714e-05
1206.6292217024613,423.0001396221699,269.9392093124047,-3862.303457587841,0.0015337007478844417,19.0,0.7474999999999999,4200.0,0.00023528356066044508,3.392857142857142e-05
1244.9977057680653,420.3463698791162,266.8983175207161,-3958.4256542708827,0.0015305520166162601,20.0,0.7474999999999999,4200.0,0.0002440775305096913,3.5714285714285703e-05
1282.6909209163784,417.4123807261196,263.6005984055662,-4049.431148792115,0.0015275446994468523,21.0,0.7474999999999999,4200.0,0.0002562814070351759,3.749999999999999e-05
1319.8898443863354,414.2342976014113,260.4602335706689,-4138.732651003738,0.0015245330615673968,22.0,0.7474999999999999,4200.0,0.0002684852835606604,3.928571428571427e-05
1357.024782075985,410.91888902041154,257.1089149273563,-4226.69153795192,0.0015215090820422097,23.0,0.7474999999999999,4200.0,0.00028068916008614495,4.1071428571428556e-05
1393.4234100479428,407.39897099351197,253.9399525900663,-4311.681657085537,0.0015185706144571773,24.0,0.7474999999999999,4200.0,0.0002885857860732233,4.285714285714285e-05
1429.5483983377685,403.76257291964964,250.82943417892335,-4396.00580872647,0.0015156510405318834,25.0,0.7474999999999999,4200.0,0.00030061019382627424,4.464285714285713e-05
1465.278049775467,400.03440945604564,247.50874344587973,-4478.493591927894,0.001512759167502912,26.0,0.7474999999999999,4200.0,0.00031263460157932515,4.642857142857141e-05
1500.6938727710562,396.20335316519606,244.3927615302978,-4558.6335930392015,0.0015099009120736707,27.0,0.7474999999999999,4200.0,0.00032465900933237616,4.82142857142857e-05
1535.809764461867,392.31555983249405,241.3855028784351,-4637.054832259353,0.001507067596812946,28.0,0.7474999999999999,4200.0,0.0003366834170854272,4.999999999999998e-05
1571.1860138212128,388.44068008038386,238.1613973390741,-4717.202986800286,0.0015041930724805802,29.0,0.7474999999999999,4200.0,0.0003435032304379038,5.178571428571427e-05
1605.7989551966587,384.4730448876793,235.08463805262807,-4795.236947259276,0.0015013574451789896,30.0,0.7474999999999999,4200.0,0.0003553481694185211,5.357142857142855e-05
0.0,0.0,0.0,-2.1237246499294997,0.0013506021787399447,0.0,0.7879166666666666,4250.0,0.0,
144.9192542964642,113.17774987148888,89.13280870733188,-464.37423220714845,0.0013469336432341838,1.0,0.7879166666666666,4250.0,1.4716439339554916e-05,1.785714285714285e-06
250.421943500946,185.77970252108835,144.09839522345067,-828.9256186362472,0.0013437012174689433,2.0,0.7879166666666666,4250.0,2.8356066044508252e-05,3.57142857142857e-06
333.5384558917713,235.23542721222327,179.2468301472981,-1126.9356649329784,0.0013406580993700233,3.0,0.7879166666666666,4250.0,4.1457286432160806e-05,5.357142857142856e-06
402.77953064782463,270.269006819784,202.29888056608408,-1377.7099856047062,0.001337730377452612,4.0,0.7879166666666666,4250.0,5.4558506819813346e-05,7.14285714285714e-06
462.85253041032865,295.7289635069053,217.62062907854983,-1593.571214306583,0.0013270077737310444,5.0,0.7879166666666666,4200.0,6.730078966259871e-05,8.928571428571426e-06
516.5762189960157,314.53382040549445,227.7833677153393,-1783.0194743886896,0.001324296597273648,6.0,0.7879166666666666,4200.0,7.968413496051686e-05,1.0714285714285712e-05
565.6749107756589,328.5152052857651,234.4319761436291,-1951.8537646228724,0.0013216544032643143,7.0,0.7879166666666666,4200.0,9.170854271356784e-05,1.2499999999999996e-05
611.3571324269791,338.9182452686276,238.58394712380183,-2104.356871587108,0.0013190653895856098,8.0,0.7879166666666666,4200.0,0.00010480976310122038,1.428571428571428e-05
654.4957471443099,346.63671162097285,240.80745108723957,-2243.871328256646,0.0013165234099680526,9.0,0.7879166666666666,4200.0,0.00011629576453697057,1.607142857142857e-05
695.5240049788051,352.2113959964201,241.9268367724246,-2372.812660366173,0.00131401524904214,10.0,0.7879166666666666,4200.0,0.00012921751615218953,1.7857142857142852e-05
734.9029605521191,356.13293698114444,241.91928579926457,-2492.5588636016328,0.0013115759911024871,11.0,0.7879166666666666,4200.0,0.0001401651112706389,1.9642857142857135e-05
772.9265992313859,358.70670076297046,241.36458656353602,-2604.8750244509865,0.0013091605508982066,12.0,0.7879166666666666,4200.0,0.00015290739411342425,2.1428571428571425e-05
809.8900208650728,360.24383439883115,239.98333265127175,-2711.485306086819,0.0013067747201296672,13.0,0.7879166666666666,4200.0,0.00016331658291457286,2.3214285714285705e-05
845.8676474512628,360.8823724391283,238.4321396418953,-2811.9862095537683,0.0013044340602368187,14.0,0.7879166666666666,4200.0,0.00017587939698492463,2.499999999999999e-05
881.1552540686571,360.84545251778934,236.46212641172437,-2908.7804611658357,0.0013021050167810787,15.0,0.7879166666666666,4200.0,0.00018844221105527637,2.6785714285714274e-05
915.5537598922156,360.165469306429,234.32711872534108,-3000.513362285157,0.0012998409051922578,16.0,0.7879166666666666,4200.0,0.00019813352476669057,2.857142857142856e-05
949.5879247228108,359.054426992186,231.8649371676117,-3089.60682133933,0.0012975710405182931,17.0,0.7879166666666666,4200.0,0.00021051687006460874,3.0357142857142847e-05
982.9558079310749,357.514517124725,229.52448307809325,-3175.524350990898,0.0012953392579787427,18.0,0.7879166666666666,4200.0,0.0002229002153625269,3.214285714285714e-05
1015.7282522029486,355.6103638082156,226.89209408564318,-3258.013347281347,0.0012931497690747706,19.0,0.7879166666666666,4200.0,0.00023528356066044508,3.392857142857142e-05
1048.320321813464,353.46127156909415,224.38745599970088,-3340.2293610688503,0.0012909198889100955,20.0,0.7879166666666666,4200.0,0.0002440775305096913,3.5714285714285703e-05
1080.3524787414053,351.07033866021976,221.66454497606978,-3418.0894660615377,0.0012887889910444808,21.0,0.7879166666666666,4200.0,0.0002562814070351759,3.749999999999999e-05
1111.9813634271893,348.4742251285723,219.07320472382585,-3494.5967175159167,0.0012866539631525087,22.0,0.7879166666666666,4200.0,0.0002684852835606604,3.928571428571427e-05
1143.5720611749095,345.76349472015033,216.3024769784218,-3569.9656247312887,0.0012845089765561415,23.0,0.7879166666666666,4200.0,0.00028068916008614495,4.1071428571428556e-05
1174.5515959082015,342.8778024385712,213.68000984582,-3642.8925036509463,0.001282423532072413,24.0,0.7879166666666666,4200.0,0.0002885857860732233,4.285714285714285e-05
1205.3122771145731,339.8916245188405,211.10882595944588,-3715.2979928255663,0.0012803501068644337,25.0,0.7879166666666666,4200.0,0.00030061019382627424,4.464285714285713e-05
1235.7482889105445,336.8248985274212,208.3525263385988,-3786.1783774057258,0.00127829537004506,26.0,0.7879166666666666,4200.0,0.00031263460157932515,4.642857142857141e-05
1265.9325015121544,333.670387338228,205.77300920253904,-3855.029294227832,0.001276263553044137,27.0,0.7879166666666666,4200.0,0.00032465900933237616,4.82142857142857e-05
1295.8739339023048,330.4652893340732,203.2774367614653,-3922.5154429867616,0.0012742485521141024,28.0,0.7879166666666666,4200.0,0.0003366834170854272,4.999999999999998e-05
1326.0511627778685,327.26984531919373,200.60176990322728,-3991.522632750304,0.0012722027100868583,29.0,0.7879166666666666,4200.0,0.0003435032304379038,5.178571428571427e-05
1355.590314123508,323.9902331616553,198.05241626525572,-4058.756409857233,0.001270183735626571,30.0,0.7879166666666666,4200.0,0.0003553481694185211,5.357142857142855e-05
0.0,0.0,0.0,-2.1237246499294997,0.0010895008684735736,0.0,0.8283333333333333,4250.0,0.0,
116.93874621606118,91.3164632684073,71.91245089210997,-375.2256892096266,0.0010871179671166917,1.0,0.8283333333333333,4250.0,1.4716439339554916e-05,1.785714285714285e-06
202.10323028175932,149.90428486222845,116.26148518700394,-669.79520942011,0.0010850165612256164,2.0,0.8283333333333333,4250.0,2.8356066044508252e-05,3.57142857142857e-06
269.2461439764674,189.8374855213469,144.63692317638123,-910.8621623135259,0.0010830366895590486,3.0,0.8283333333333333,4250.0,4.1457286432160806e-05,5.357142857142856e-06
325.229553612465,218.1501770475388,163.26548347149486,-1113.9493269570812,0.0010811304670606476,4.0,0.8283333333333333,4250.0,5.4558506819813346e-05,7.14285714285714e-06
373.8497607691023,238.75280358968627,175.666509916539,-1288.932516160974,0.0010792863175301023,5.0,0.8283333333333333,4250.0,6.730078966259871e-05,8.928571428571426e-06
417.3741568248844,253.9953757224017,183.91037456868014,-1442.6676732058186,0.0010711051499381259,6.0,0.8283333333333333,4200.0,7.968413496051686e-05,1.0714285714285712e-05
457.1895823731553,265.3495244802286,189.3215192940598,-1579.8808570075344,0.0010693813725346495,7.0,0.8283333333333333,4200.0,9.170854271356784e-05,1.2499999999999996e-05
494.2695835169968,273.81930394744825,192.72162438752633,-1703.969289640314,0.0010676912005678613,8.0,0.8283333333333333,4200.0,0.00010480976310122038,1.428571428571428e-05
529.316971443649,280.1251523368176,194.5666575303458,-1817.6238955701265,0.0010660306373498187,9.0,0.8283333333333333,4200.0,0.00011629576453697057,1.607142857142857e-05
562.6795609203728,284.70248001462653,195.52066117909285,-1922.7888291409618,0.0010643911344116795,10.0,0.8283333333333333,4200.0,0.00012921751615218953,1.7857142857142852e-05
594.7254281048096,287.9451159437381,195.5614589155026,-2020.5719966843535,0.0010627956566707658,11.0,0.8283333333333333,4200.0,0.0001401651112706389,1.9642857142857135e-05
625.6928045790975,290.09951390413966,195.16259451126706,-2112.3827009182496,0.0010612148208974388,12.0,0.8283333333333333,4200.0,0.00015290739411342425,2.1428571428571425e-05
655.8173739785426,291.4149159010546,194.09464736059758,-2199.6384742722876,0.0010596523259048928,13.0,0.8283333333333333,4200.0,0.00016331658291457286,2.3214285714285705e-05
685.1595964285036,292.00309863650045,192.88892930638858,-2281.965433534897,0.001058118586774675,14.0,0.8283333333333333,4200.0,0.00017587939698492463,2.499999999999999e-05
713.9580337335996,292.0444386307001,191.34306908944276,-2361.3563582340503,0.0010565914644555864,15.0,0.8283333333333333,4200.0,0.00018844221105527637,2.6785714285714274e-05
742.0489114911463,291.56548120226256,189.6616519668377,-2436.647570745401,0.001055106100290493,16.0,0.8283333333333333,4200.0,0.00019813352476669057,2.857142857142856e-05
769.8586924575764,290.7367445933552,187.71209204011757,-2509.8671206279396,0.001053616100661854,17.0,0.8283333333333333,4200.0,0.00021051687006460874,3.0357142857142847e-05
797.1400318026178,289.55910443211854,185.86269079036674,-2580.5157608122536,0.0010521501905369239,18.0,0.8283333333333333,4200.0,0.0002229002153625269,3.214285714285714e-05
823.9483949275385,288.084157041984,183.77444569321355,-2648.4310672088686,0.001050711354873007,19.0,0.8283333333333333,4200.0,0.00023528356066044508,3.392857142857142e-05
850.6261988759095,286.40976549781607,181.79012501129037,-2716.184549578269,0.0010492450159294904,20.0,0.8283333333333333,4200.0,0.0002440775305096913,3.5714285714285703e-05
876.8573435745136,284.5377383480382,179.62141545792787,-2780.3652986072047,0.0010478430019239926,21.0,0.8283333333333333,4200.0,0.0002562814070351759,3.749999999999999e-05
902.7721338375161,282.4961047021039,177.5621314067568,-2843.5171134820994,0.001046437567504062,22.0,0.8283333333333333,4200.0,0.0002684852835606604,3.928571428571427e-05
928.6682249892372,280.35890047190946,175.35600904510832,-2905.7391692708916,0.0010450247825828079,23.0,0.8283333333333333,4200.0,0.00028068916008614495,4.1071428571428556e-05
954.0765107644847,278.07970740920285,173.26420169104972,-2966.0288482158358,0.0010436504839335772,24.0,0.8283333333333333,4200.0,0.0002885857860732233,4.285714285714285e-05
979.3169515370942,275.7179632182597,171.21699025998905,-3025.9286822711438,0.0010422832129417525,25.0,0.8283333333333333,4200.0,0.00030061019382627424,4.464285714285713e-05
1004.3010564189653,273.2887417403636,169.015404742848,-3084.6097272910265,0.0010409276109058637,26.0,0.8283333333333333,4200.0,0.00031263460157932515,4.642857142857141e-05
1029.0914375426348,270.78734109933924,166.95521203499428,-3141.6006839580223,0.001039586505852973,27.0,0.8283333333333333,4200.0,0.00032465900933237616,4.82142857142857e-05
1053.69354931665,268.2432395789627,164.96553486393537,-3197.554067247933,0.0010382559011048202,28.0,0.8283333333333333,4200.0,0.0003366834170854272,4.999999999999998e-05
1078.5001571112657,265.70513675932114,162.82252582124812,-3254.797959298885,0.0010369039262745664,29.0,0.8283333333333333,4200.0,0.0003435032304379038,5.178571428571427e-05
1102.7924692713166,263.09645489940334,160.7893364333284,-3310.6098015533644,0.0010355691624255768,30.0,0.8283333333333333,4200.0,0.0003553481694185211,5.357142857142855e-05
0.0,0.0,0.0,-2.1237246499294997,0.0008301791480712209,0.0,0.8687499999999999,4250.0,0.0,
89.12552864980681,69.59028221548246,54.800203135485674,-286.56105250545806,0.000828798193204615,1.0,0.8687499999999999,4250.0,1.4716439339554916e-05,1.785714285714285e-06
154.05734694336016,114.2451101733406,88.5971448277863,-511.37397202339343,0.0008275793571242429,2.0,0.8687499999999999,4250.0,2.8356066044508252e-05,3.57142857142857e-06
205.28711289563347,144.7004164892911,110.23393938247429,-695.5548523024117,0.0008264301351423696,3.0,0.8687499999999999,4250.0,4.1457286432160806e-05,5.357142857142856e-06
248.04039336829746,166.3127466712192,124.45239763421617,-850.8928134190428,0.0008253228469101931,4.0,0.8687499999999999,4250.0,5.4558506819813346e-05,7.14285714285714e-06
285.20540818647254,182.0575644180889,133.93187460128146,-984.8885813317465,0.0008242508626982087,5.0,0.8687499999999999,4250.0,6.730078966259871e-05,8.928571428571426e-06
318.5084043199698,193.72491685640148,140.24725356614462,-1102.748530626668,0.0008232065660197839,6.0,0.8687499999999999,4250.0,7.968413496051686e-05,1.0714285714285712e-05
349.0034558749729,202.43361756105566,144.40658767858818,-1208.0321000200129,0.0008221877551177244,7.0,0.8687499999999999,4250.0,9.170854271356784e-05,1.2499999999999996e-05
377.4308580119682,208.94768431948515,147.03548567087276,-1303.3570176838402,0.0008211885246549795,8.0,0.8687499999999999,4250.0,0.00010480976310122038,1.428571428571428e-05
404.32378150671417,213.81302823111437,148.47947954453275,-1390.7738064665245,0.0008153444967858275,9.0,0.8687499999999999,4200.0,0.00011629576453697057,1.607142857142857e-05
429.9451808684147,217.36055202424552,149.2453702007129,-1471.7798399293897,0.000814388427116751,10.0,0.8687499999999999,4200.0,0.00012921751615218953,1.7857142857142852e-05
454.5748429559613,219.89040746931926,149.31275934166308,-1547.189946462975,0.0008134574491373261,11.0,0.8687499999999999,4200.0,0.0001401651112706389,1.9642857142857135e-05
478.39453712332516,221.59044102559835,149.0462063263369,-1618.0663785999423,0.0008125344762046707,12.0,0.8687499999999999,4200.0,0.00015290739411342425,2.1428571428571425e-05
501.58203657491737,222.6502806612338,148.26710879639322,-1685.5101930745877,0.0008116216141102776,13.0,0.8687499999999999,4200.0,0.00016331658291457286,2.3214285714285705e-05
524.1835514671124,223.15505307665896,147.3824127394402,-1749.1989403006373,0.0008107250719672022,14.0,0.8687499999999999,4200.0,0.00017587939698492463,2.499999999999999e-05
546.3809122715993,223.2419094977985,146.23779590005043,-1810.6934970681468,0.0008098318220747337,15.0,0.8687499999999999,4200.0,0.00018844221105527637,2.6785714285714274e-05
568.0463873358618,222.93004117566153,144.98857818700054,-1869.0520838872326,0.0008089625223908771,16.0,0.8687499999999999,4200.0,0.00019813352476669057,2.857142857142856e-05
589.5080732374435,222.34948117129437,143.5314398482517,-1925.8779568133832,0.0008080900062710723,17.0,0.8687499999999999,4200.0,0.00021051687006460874,3.0357142857142847e-05
610.5743112219807,221.5008289238891,142.15204683764298,-1980.7386369653977,0.0008072310672069296,18.0,0.8687499999999999,4200.0,0.0002229002153625269,3.214285714285714e-05
631.2861246641395,220.42392790563778,140.58812228861095,-2033.5431061266281,0.0008063875847152357,19.0,0.8687499999999999,4200.0,0.00023528356066044508,3.392857142857142e-05
651.9103495775281,219.1945820101302,139.10397381930395,-2086.2702939332303,0.0008055274242622277,20.0,0.8687499999999999,4200.0,0.0002440775305096913,3.5714285714285703e-05
672.1981574310697,217.8119142512474,137.47265863032777,-2136.230069438796,0.000804704557201833,21.0,0.8687499999999999,4200.0,0.0002562814070351759,3.749999999999999e-05
692.2522979408348,216.29845602784917,135.92805315861247,-2185.455705640692,0.0008038792739950473,22.0,0.8687499999999999,4200.0,0.0002684852835606604,3.928571428571427e-05
712.3019773220678,214.71079776864804,134.26991152039167,-2233.964148517647,0.0008030492159634671,23.0,0.8687499999999999,4200.0,0.00028068916008614495,4.1071428571428556e-05
731.9833025565748,213.01080172208964,132.6937439229,-2281.031097081781,0.000802241342927221,24.0,0.8687499999999999,4200.0,0.0002885857860732233,4.285714285714285e-05
751.5442990750983,211.24509404334603,131.15469004503137,-2327.8260438352227,0.0008014370767446044,25.0,0.8687499999999999,4200.0,0.00030061019382627424,4.464285714285713e-05
770.914791818897,209.42764089379955,129.4957023581072,-2373.702310894725,0.000800639289609083,26.0,0.8687499999999999,4200.0,0.00031263460157932515,4.642857142857141e-05
790.1452991405762,207.55538447171025,127.94049613952278,-2418.249806462314,0.0007998496652163127,27.0,0.8687499999999999,4200.0,0.00032465900933237616,4.82142857142857e-05
809.2382978789437,205.64909811098624,126.44291506934063,-2462.0579259575607,0.0007990658689362887,28.0,0.8687499999999999,4200.0,0.0003366834170854272,4.999999999999998e-05
828.4989721994542,203.74643982769837,124.82463021685984,-2506.8996052856673,0.0007982689049386227,29.0,0.8687499999999999,4200.0,0.0003435032304379038,5.178571428571427e-05
847.3686752311271,201.78822218420777,123.29278288031975,-2550.6503332842476,0.0007974817565030177,30.0,0.8687499999999999,4200.0,0.0003553481694185211,5.357142857142855e-05
0.0,0.0,0.0,-2.1237246499294997,0.0005726096990153039,0.0,0.9091666666666666,4250.0,0.0,
61.477337633713184,47.997375501735256,37.794602747591505,-198.37394670123467,0.0005719540605234557,1.0,0.9091666666666666,4250.0,1.4716439339554916e-05,1.785714285714285e-06
106.28302207579125,78.8016161143602,61.10535776721153,-353.65377724089194,0.0005713749174109886,2.0,0.9091666666666666,4250.0,2.8356066044508252e-05,3.57142857142857e-06
141.65754260653696,99.82125577518569,76.03552021088669,-481.0063441993625,0.0005708284414835688,3.0,0.9091666666666666,4250.0,4.1457286432160806e-05,5.357142857142856e-06
171.20573885042444,114.75135352514496,85.85652404537797,-588.5351736716257,0.0005703015232586941,4.0,0.9091666666666666,4250.0,5.4558506819813346e-05,7.14285714285714e-06
196.91704696985772,125.64164696483255,92.41437512651535,-681.3962641943508,0.0005697910523990935,5.0,0.9091666666666666,4250.0,6.730078966259871e-05,8.928571428571426e-06
219.97921007273632,133.72451211958509,96.7934447681151,-763.170006410568,0.0005692934248896325,6.0,0.9091666666666666,4250.0,7.968413496051686e-05,1.0714285714285712e-05
241.1169065474512,139.76894640045973,99.68738270715065,-836.3032547041366,0.0005688076177916025,7.0,0.9091666666666666,4250.0,9.170854271356784e-05,1.2499999999999996e-05
260.83953639643465,144.30115147288183,101.52647214756134,-902.5964078401521,0.0005683308447895465,8.0,0.9091666666666666,4250.0,0.00010480976310122038,1.428571428571428e-05
279.5143105499262,147.69770948089064,102.54826892542158,-963.457430244729,0.0005678619894442173,9.0,0.9091666666666666,4250.0,0.00011629576453697057,1.607142857142857e-05
297.32135362482904,150.1858013613755,103.10241303026338,-1019.9028533577439,0.0005673987079435534,10.0,0.9091666666666666,4250.0,0.00012921751615218953,1.7857142857142852e-05
314.4526017589716,151.97165801050403,103.1731646995592,-1072.5112823659729,0.0005669459457035561,11.0,0.9091666666666666,4250.0,0.0001401651112706389,1.9642857142857135e-05
331.03359407656166,153.18469046278847,103.01444922280832,-1122.006591018362,0.0005664983858839989,12.0,0.9091666666666666,4250.0,0.00015290739411342425,2.1428571428571425e-05
347.18550003042077,153.95478288348932,102.5013053085685,-1169.1604414432222,0.0005660547856730938,13.0,0.9091666666666666,4250.0,0.00016331658291457286,2.3214285714285705e-05
362.94071507364146,154.3414564316878,101.91550567246759,-1213.7312925237784,0.0005656189330692992,14.0,0.9091666666666666,4250.0,0.00017587939698492463,2.499999999999999e-05
378.4244696831971,154.43909956565412,101.1497925335817,-1256.816802616624,0.000565184513172122,15.0,0.9091666666666666,4250.0,0.00018844221105527637,2.6785714285714274e-05
393.546368283675,154.25998884760443,100.31037486698769,-1297.734619593255,0.0005647615104748393,16.0,0.9091666666666666,4250.0,0.00019813352476669057,2.857142857142856e-05
408.53531046300657,153.895380384655,99.32575370543648,-1337.6379242030598,0.0005609984986770207,17.0,0.9091666666666666,4200.0,0.00021051687006460874,3.0357142857142847e-05
423.25675163120917,153.344473445039,98.39458720051185,-1376.1864684928078,0.0005605862481628979,18.0,0.9091666666666666,4200.0,0.0002229002153625269,3.214285714285714e-05
437.7381091989808,152.63471475395806,97.3350534557217,-1413.336592954547,0.0005601812204526758,19.0,0.9091666666666666,4200.0,0.00023528356066044508,3.392857142857142e-05
452.16755032023485,151.8192498355489,96.33040624761887,-1450.4662690323967,0.000559767919716989,20.0,0.9091666666666666,4200.0,0.0002440775305096913,3.5714285714285703e-05
466.3678972277529,150.8961903937353,95.22129284075658,-1485.656296373476,0.0005593723269542959,21.0,0.9091666666666666,4200.0,0.0002562814070351759,3.749999999999999e-05
480.412474353993,149.8819020648887,94.1724558613131,-1520.3760816909198,0.0005589753771009074,22.0,0.9091666666666666,4200.0,0.0002684852835606604,3.928571428571427e-05
494.46114642461737,148.81562540655628,93.04512858051123,-1554.5953550018894,0.0005585759099808484,23.0,0.9091666666666666,4200.0,0.00028068916008614495,4.1071428571428556e-05
508.2585883540167,147.6697723546603,91.97278428096313,-1587.8433948303355,0.0005581869157657022,24.0,0.9091666666666666,4200.0,0.0002885857860732233,4.285714285714285e-05
521.9779398507029,146.47764037827213,90.92408392282744,-1620.9221006195075,0.0005577994104735399,25.0,0.9091666666666666,4200.0,0.00030061019382627424,4.464285714285713e-05
535.5692101232074,145.2482832762779,89.79261883044644,-1653.3749796056654,0.0005574148424113961,26.0,0.9091666666666666,4200.0,0.00031263460157932515,4.642857142857141e-05
549.0694412526924,143.97894914447002,88.72986898437559,-1684.8826627370945,0.0005570340337962384,27.0,0.9091666666666666,4200.0,0.00032465900933237616,4.82142857142857e-05
562.4796546506207,142.6854965092006,87.70968352315919,-1715.9176872024836,0.0005566558686160922,28.0,0.9091666666666666,4200.0,0.0003366834170854272,4.999999999999998e-05
576.0139960617423,141.3944271531849,86.60733777662774,-1747.701609325035,0.0005562710714178873,29.0,0.9091666666666666,4200.0,0.0003435032304379038,5.178571428571427e-05
589.2794730482293,140.06476728702634,85.56056203884796,-1778.7339330132454,0.000555890857375903,30.0,0.9091666666666666,4200.0,0.0003553481694185211,5.357142857142855e-05
0.0,0.0,0.0,-2.1237246499294997,0.00031676587762465415,0.0,0.9495833333333332,4250.0,0.0,
33.991961804067785,26.53595475066356,20.894221527392524,-110.65813642299327,0.0003165657677648459,1.0,0.9495833333333332,4250.0,1.4716439339554916e-05,1.785714285714285e-06
58.775113018189195,43.56935528388032,33.782212168129966,-196.62666563992389,0.00031638886278860913,2.0,0.9495833333333332,4250.0,2.8356066044508252e-05,3.57142857142857e-06
78.35543933415548,55.19884642024059,42.04110158298798,-267.2093961452192,0.0003162218126863427,3.0,0.9495833333333332,4250.0,4.1457286432160806e-05,5.357142857142856e-06
94.72497285570651,63.466260918142936,47.478716094420115,-326.87122123187874,0.00031606062580372124,4.0,0.9495833333333332,4250.0,5.4558506819813346e-05,7.14285714285714e-06
108.98223529120038,69.503608945031,51.11461137745973,-378.45311454346665,0.00031590436393029583,5.0,0.9495833333333332,4250.0,6.730078966259871e-05,8.928571428571426e-06
121.78303118505313,73.99142728974535,53.54775109638456,-423.9287120382869,0.00031575193067787805,6.0,0.9495833333333332,4250.0,7.968413496051686e-05,1.0714285714285712e-05
133.5268550942253,77.35378621879133,55.16089918306973,-464.64627961006045,0.00031560302052549755,7.0,0.9495833333333332,4250.0,9.170854271356784e-05,1.2499999999999996e-05
144.494709089126,79.88112604104407,56.19151637829041,-501.59837154507113,0.0003154567881457854,8.0,0.9495833333333332,4250.0,0.00010480976310122038,1.428571428571428e-05
154.88903352053555,81.78116314874907,56.770730083923695,-535.5617458299239,0.00031531289171921176,9.0,0.9495833333333332,4250.0,0.00011629576453697057,1.607142857142857e-05
164.80880445270853,83.1791275898474,57.091833069432745,-567.0970137402692,0.00031517061901410715,10.0,0.9495833333333332,4250.0,0.00012921751615218953,1.7857142857142852e-05
174.35959200307911,84.18869974734001,57.144981283166274,-596.523256950095,0.0003150314891490438,11.0,0.9495833333333332,4250.0,0.0001401651112706389,1.9642857142857135e-05
183.611161140771,84.88179676228872,57.07144446329168,-624.2357745826739,0.0003148938802962619,12.0,0.9495833333333332,4250.0,0.00015290739411342425,2.1428571428571425e-05
192.62956362478673,85.32982574825459,56.80158489935009,-650.6651766364157,0.00031475740006908787,13.0,0.9495833333333332,4250.0,0.00016331658291457286,2.3214285714285705e-05
201.43263876161464,85.5653337446041,56.49128348891944,-675.6763905682456,0.00031462323266964845,14.0,0.9495833333333332,4250.0,0.00017587939698492463,2.499999999999999e-05
210.08954074950574,85.64038657660643,56.08093342529183,-699.8737791245803,0.0003144894217169622,15.0,0.9495833333333332,4250.0,0.00018844221105527637,2.6785714285714274e-05
218.54942928217105,85.56165899740843,55.629156218561825,-722.8804847088686,0.00031435905723556476,16.0,0.9495833333333332,4250.0,0.00019813352476669057,2.857142857142856e-05
226.94016839396414,85.38000054092551,55.09658281543309,-745.3336104543268,0.000314227784384567,17.0,0.9495833333333332,4250.0,0.00021051687006460874,3.0357142857142847e-05
235.18601785208563,85.09455892213175,54.59215355407723,-767.0335771863465,0.0003140990508510607,18.0,0.9495833333333332,4250.0,0.0002229002153625269,3.214285714285714e-05
243.30167562414798,84.7205265500275,54.01664879364372,-787.9723119566988,0.00031397185906056354,19.0,0.9495833333333332,4250.0,0.00023528356066044508,3.392857142857142e-05
251.39334370170258,84.28770608167507,53.4721440566431,-808.9109324585734,0.00031384238733921967,20.0,0.9495833333333332,4250.0,0.0002440775305096913,3.5714285714285703e-05
259.360179055879,83.79429389005973,52.86859620916012,-828.7756794837624,0.0003137183811687691,21.0,0.9495833333333332,4250.0,0.0002562814070351759,3.749999999999999e-05
267.2440006796932,83.2496837150928,52.297264408346614,-848.3937698594673,0.00031359353516694296,22.0,0.9495833333333332,4250.0,0.0002684852835606604,3.928571428571427e-05
275.13419561413,82.67591075712565,51.68316855328157,-867.7319828852123,0.0003134686535980597,23.0,0.9495833333333332,4250.0,0.00028068916008614495,4.1071428571428556e-05
282.88720547657965,82.0576413377252,51.098863365370164,-886.547040974212,0.0003133461858353812,24.0,0.9495833333333332,4250.0,0.0002885857860732233,4.285714285714285e-05
290.6000975799091,81.41314361196284,50.52610590832414,-905.2793389822546,0.00031322410814652426,25.0,0.9495833333333332,4250.0,0.00030061019382627424,4.464285714285713e-05
298.24420000929894,80.74736661003554,49.90799644772386,-923.66246282254,0.00031310333537920814,26.0,0.9495833333333332,4250.0,0.00031263460157932515,4.642857142857141e-05
305.8411511290134,80.05905338458355,49.32751338696472,-941.5230222356477,0.00031298371074013544,27.0,0.9495833333333332,4250.0,0.00032465900933237616,4.82142857142857e-05
313.39083673029387,79.35670227445785,48.769248613626296,-959.1361551974696,0.0003128644234414461,28.0,0.9495833333333332,4250.0,0.0003366834170854272,4.999999999999998e-05
321.01391789693025,78.65494481549183,48.167660128864746,-977.1840689127785,0.00031274297885700193,29.0,0.9495833333333332,4250.0,0.0003435032304379038,5.178571428571427e-05
328.48892721311745,77.93073743867525,47.593930913467,-994.8098806349299,0.0003126234115664339,30.0,0.9495833333333332,4250.0,0.0003553481694185211,5.357142857142855e-05
0.0,0.0,0.0,-2.1237246499294997,6.262169267871004e-05,0.0,0.99,4250.0,0.0,
6.667239574196881,5.204271800288463,4.097663327355224,-23.40752394176525,6.261395686708183e-05,1.0,0.99,4250.0,1.4716439339554916e-05,1.785714285714285e-06
11.530319663570404,8.545706652754138,6.62561010306374,-40.2848423311807,6.260711269744714e-05,2.0,0.99,4250.0,2.8356066044508252e-05,3.57142857142857e-06
15.375286079766372,10.828491923546935,8.246568535659302,-54.15691139876435,6.260064509698835e-05,3.0,0.99,4250.0,4.1457286432160806e-05,5.357142857142856e-06
18.592617842854764,12.452854390822058,9.314916181540024,-65.89587779249996,6.25944001021383e-05,4.0,0.99,4250.0,5.4558506819813346e-05,7.14285714285714e-06
21.397472714164557,13.64057443790718,10.030389251627204,-76.05671526206424,6.258834187383182e-05,5.0,0.99,4250.0,6.730078966259871e-05,8.928571428571426e-06
23.9182339183148,14.524824241818925,10.51028247575978,-85.02514001107193,6.258242814609562e-05,6.0,0.99,4250.0,7.968413496051686e-05,1.0714285714285712e-05
26.233032077964225,15.188620797950676,10.829526615542862,-93.06455158845347,6.257664736115292e-05,7.0,0.99,4250.0,9.170854271356784e-05,1.2499999999999996e-05
28.396858617268837,15.688820012741512,11.0346148658715,-100.36895302534685,6.257096705102854e-05,8.0,0.99,4250.0,0.00010480976310122038,1.428571428571428e-05
30.449321402618075,16.066074054386142,11.151184794729442,-107.0902926370618,6.25653739291263e-05,9.0,0.99,4250.0,0.00011629576453697057,1.607142857142857e-05
32.409705945529076,16.344869922568595,11.217149370259996,-113.33818641280959,6.255984060461965e-05,10.0,0.99,4250.0,0.00012921751615218953,1.7857142857142852e-05
34.298622591045714,16.54744117588418,11.230462897577894,-119.17506110952672,6.255442614596325e-05,11.0,0.99,4250.0,0.0001401651112706389,1.9642857142857135e-05
36.129717483701384,16.6878449196526,11.218724365305626,-124.67739913258265,6.254906792955358e-05,12.0,0.99,4250.0,0.00015290739411342425,2.1428571428571425e-05
37.91585975405374,16.78006906695798,11.168434585079561,-129.93043323016173,6.254375021615831e-05,13.0,0.99,4250.0,0.00016331658291457286,2.3214285714285705e-05
39.66057118086461,16.830516451003632,11.110192093089982,-134.90740251666284,6.253851993060178e-05,14.0,0.99,4250.0,0.00017587939698492463,2.499999999999999e-05
41.37742227790699,16.84938831866426,11.03221871124936,-139.72625612211414,6.253330025918048e-05,15.0,0.99,4250.0,0.00018844221105527637,2.6785714285714274e-05
43.056234886022054,16.837940208041477,10.945999553106962,-144.31326459118281,6.252821231920025e-05,16.0,0.99,4250.0,0.00019813352476669057,2.857142857142856e-05
44.722333425424225,16.806215116209394,10.843849249389995,-148.7943189582511,6.252308600828594e-05,17.0,0.99,4250.0,0.00021051687006460874,3.0357142857142847e-05
46.360622659460894,16.75397655143791,10.746987424113701,-153.1273183042358,6.251805593358974e-05,18.0,0.99,4250.0,0.0002229002153625269,3.214285714285714e-05
47.973880797053624,16.684208979353937,10.63621881763937,-157.3134441690636,6.251308364056381e-05,19.0,0.99,4250.0,0.00023528356066044508,3.392857142857142e-05
49.58338507892003,16.602837793490938,10.531580458641187,-161.50120942068315,6.250801905333282e-05,20.0,0.99,4250.0,0.0002440775305096913,3.5714285714285703e-05
51.16878846502957,16.509415531806336,10.415095111553846,-165.47916093507956,6.250316572425151e-05,21.0,0.99,4250.0,0.0002562814070351759,3.749999999999999e-05
52.738533534895026,16.405880626723533,10.304663874591688,-169.41090344310942,6.249827707718693e-05,22.0,0.99,4250.0,0.0002684852835606604,3.928571428571427e-05
54.31035633172889,16.296536107953678,10.185977720920665,-173.28707601596398,6.249338455115924e-05,23.0,0.99,4250.0,0.00028068916008614495,4.1071428571428556e-05
55.85561879389927,16.17829791731434,10.073070945977864,-177.06350709268736,6.248858395147972e-05,24.0,0.99,4250.0,0.0002885857860732233,4.285714285714285e-05
57.39364696634984,16.054786220432767,9.962134923590172,-180.82588843744452,6.24837955328933e-05,25.0,0.99,4250.0,0.00030061019382627424,4.464285714285713e-05
58.918597071049305,15.926961073789556,9.842262030748023,-184.5174821267574,6.247905618298093e-05,26.0,0.99,4250.0,0.00031263460157932515,4.642857142857141e-05
60.4349389944568,15.794627487143295,9.730040156593821,-188.10997533575573,6.24743597429637e-05,27.0,0.99,4250.0,0.00032465900933237616,4.82142857142857e-05
61.9425565910216,15.659432384161619,9.62137158061472,-191.6551163946715,6.246967442560403e-05,28.0,0.99,4250.0,0.0003366834170854272,4.999999999999998e-05
63.4655626988889,15.524275946188993,9.504996667723528,-195.28966175237292,6.246490085119208e-05,29.0,0.99,4250.0,0.0003435032304379038,5.178571428571427e-05
64.95964309488795,15.384588160854824,9.393794358121507,-198.83744433821266,6.246019930302602e-05,30.0,0.99,4250.0,0.0003553481694185211,5.357142857142855e-05
