CAPE_u,CAPE_ext,CAPE_dist,dh,sat_def,P,RH,dz,ent_b,ent_std
0.0,0.0,0.0,-2.1237246499294997,0.006691839602623936,0.0,0.02,4250.0,0.0,
747.180107885764,392.8691120727662,151.13956349970792,-2300.8734820901227,0.006445954719071929,1.0,0.02,4200.0,3.2304379038047376e-05,4.638781345096894e-06
1339.4804146688891,621.9678856457709,233.81477895006518,-4136.73695176695,0.006271517198373282,2.0,0.02,4200.0,6.281407035175879e-05,9.277562690193787e-06
1838.4409055888925,757.821486691759,272.4107763361338,-5655.568342445942,0.006114352061043335,3.0,0.02,4200.0,9.206748025843503e-05,1.3916344035290682e-05
2276.0522729598524,836.6165572120018,285.97428886677216,-6947.150362423039,0.005969912068021947,4.0,0.02,4200.0,0.00012132089016511126,1.8555125380387575e-05
2670.3288386055438,878.8160319659029,285.2671640740867,-8069.302895298824,0.005835888501747975,5.0,0.02,4200.0,0.00014985642498205313,2.319390672548447e-05
3032.0360372069727,896.9258021120213,276.61426251284087,-9061.03731991499,0.005710901394124513,6.0,0.02,4200.0,0.00017767408470926058,2.7832688070581364e-05
3368.7072833632656,898.6347653743045,263.3747515020908,-9950.788025491485,0.005593175872149459,7.0,0.02,4200.0,0.00020603015075376885,3.247146941567826e-05
3684.7379855135655,889.2861678830312,248.04703159222308,-10757.475058988326,0.005458003451847108,8.0,0.02,4150.0,0.00023402727925340988,3.711025076077515e-05
3983.491321962575,872.4758286617262,232.05570322577452,-11496.024192110635,0.005354424155847786,9.0,0.02,4150.0,0.00026166547020818376,4.174903210587204e-05
4268.291958870825,850.5968199542863,215.59033428806256,-12179.167700486563,0.005255905431085126,10.0,0.02,4150.0,0.0002889447236180905,4.638781345096894e-05
4540.632978446429,825.3535082375887,200.50867187029056,-12814.713941881346,0.00516188166438173,11.0,0.02,4150.0,0.0003158650394831299,5.102659479606583e-05
4801.299230693761,798.2373644485785,187.68697548791613,-13407.989832407671,0.005072828242564195,12.0,0.02,4150.0,0.0003424264178033022,5.566537614116273e-05
5052.6133451236965,769.8536196527137,176.291687380023,-13967.356132609326,0.004987188666775151,13.0,0.02,4150.0,0.00036862885857860727,6.030415748625961e-05
5294.570623610975,741.3316808330853,166.3156189805679,-14494.678520791233,0.004905913286120459,14.0,0.02,4150.0,0.00039698492462311556,6.494293883135652e-05
5529.429745585796,712.5546266999228,157.16984715153504,-14997.661739654264,0.004827234553477865,15.0,0.02,4150.0,0.00042264895908111983,6.95817201764534e-05
5756.2512263129365,684.2694070335868,148.9561870837915,-15475.149007512511,0.004751856653456937,16.0,0.02,4150.0,0.000447954055994257,7.42205015215503e-05
5975.651401635576,657.0728681857772,141.9338647659277,-15928.967684186973,0.004680185168971243,17.0,0.02,4150.0,0.0004759511844938981,7.885928286664719e-05
6188.613604035352,630.8646432725781,135.53804643446182,-16363.241088525836,0.004611015642609415,18.0,0.02,4150.0,0.0005007178750897344,8.349806421174408e-05
6396.561399826176,605.6220395096242,129.2608557082033,-16784.592775321056,0.004543559820396968,19.0,0.02,4150.0,0.0005285355348169418,8.813684555684099e-05
6599.161270267145,582.2869395429057,123.86211567374572,-17187.08702144509,0.004463777851843922,20.0,0.02,4100.0,0.0005527638190954774,9.277562690193788e-05
6795.518311812814,560.8740036854637,118.95802927744398,-17574.869789844553,0.0044023729474740566,21.0,0.02,4100.0,0.0005766331658291458,9.741440824703478e-05
6985.797569624926,541.0996956609525,114.49762579880958,-17947.47847232675,0.004343342891660788,22.0,0.02,4100.0,0.0006040918880114859,0.00010205318959213166
7174.463548327755,522.1832999191323,109.85276190413354,-18312.57083729771,0.004284909379146036,23.0,0.02,4100.0,0.0006315506101938263,0.00010669197093722854
7357.752065720386,504.8226846209812,105.79156254372378,-18663.214469604492,0.004229176571336574,24.0,0.02,4100.0,0.0006547020818377602,0.00011133075228232546
7534.548831040648,488.953325481331,102.4237399656965,-18999.300502233215,0.004176125505342759,25.0,0.02,4100.0,0.0006819813352476669,0.00011596953362742235
7710.436120447193,473.2912021324903,98.47573167855714,-19333.77320158275,0.004122484276927491,26.0,0.02,4100.0,0.0007045944005743001,0.00012060831497251923
7880.512112450043,459.5601049190099,95.57468456781584,-19652.33263276427,0.004073334066582926,27.0,0.02,4100.0,0.0007316941852117732,0.00012524709631761612
8048.004504552837,445.9523514908016,92.60654925681999,-19964.178777277943,0.004023710453184098,28.0,0.02,4100.0,0.0007537688442211056,0.00012988587766271303
8211.560749148215,433.250961970573,89.66367936329611,-20268.557784495635,0.003975716393668975,29.0,0.02,4100.0,0.000780689160086145,0.00013452465900780993
8370.514078771159,421.5624308981617,87.1599765870098,-20562.90187408057,0.003930252402885156,30.0,0.02,4100.0,0.0008076094759511844,0.0001391634403529068
0.0,0.0,0.0,-2.1237246499294997,0.006390630270892692,0.0,0.06041666666666666,4250.0,0.0,
714.5955202623882,375.63351539506823,144.492629288333,-2200.900686303772,0.006164869514453563,1.0,0.06041666666666666,4200.0,3.2304379038047376e-05,4.638781345096894e-06
1282.2552170982633,595.1159451237731,223.67897076013412,-3961.70747450638,0.006005568784678633,2.0,0.06041666666666666,4200.0,6.281407035175879e-05,9.277562690193787e-06
1761.425227728655,725.6160565920808,260.76948715279474,-5422.099202601981,0.005861712646850226,3.0,0.06041666666666666,4200.0,9.206748025843503e-05,1.3916344035290682e-05
2182.4683183291777,801.6048733835158,273.9233456134464,-6666.920688890066,0.005729225389020184,4.0,0.06041666666666666,4200.0,0.00012132089016511126,1.8555125380387575e-05
2562.4578300923577,842.5724660133321,273.4007520830149,-7750.841269995668,0.005606051599610081,5.0,0.06041666666666666,4200.0,0.00014985642498205313,2.319390672548447e-05
2911.5847144205945,860.4532236537461,265.23964699011043,-8710.767888610739,0.005490970627108508,6.0,0.06041666666666666,4200.0,0.00017767408470926058,2.7832688070581364e-05
3236.994005166773,862.5759254519533,252.65975798878313,-9573.659429113613,0.0053823872788170725,7.0,0.06041666666666666,4200.0,0.00020603015075376885,3.247146941567826e-05
3542.831048459395,854.0652214059259,238.04557227116592,-10357.307507749363,0.005256205970919977,8.0,0.06041666666666666,4150.0,0.00023402727925340988,3.711025076077515e-05
3832.2691670505533,838.3379617051163,222.77428638742737,-11076.060063360586,0.005160382211639508,9.0,0.06041666666666666,4150.0,0.00026166547020818376,4.174903210587204e-05
4108.47351002468,817.6958453776242,207.00955189184924,-11741.924538502579,0.005069104202113078,10.0,0.06041666666666666,4150.0,0.0002889447236180905,4.638781345096894e-05
4372.847746359711,793.7817632960354,192.5450095424882,-12362.299999856834,0.0049818699699611365,11.0,0.06041666666666666,4150.0,0.0003158650394831299,5.102659479606583e-05
4626.104291456919,768.0196666500177,180.2363559172638,-12942.204180877998,0.004899135157255615,12.0,0.06041666666666666,4150.0,0.0003424264178033022,5.566537614116273e-05
4870.47830199009,740.9977931626627,169.3003360780665,-13489.620075284161,0.0048194703908891355,13.0,0.06041666666666666,4150.0,0.00036862885857860727,6.030415748625961e-05
5105.919268686865,713.789739304367,159.7216987100202,-14006.28062460196,0.004743771124612589,14.0,0.06041666666666666,4150.0,0.00039698492462311556,6.494293883135652e-05
5334.625165599326,686.3145827503685,150.9474273337819,-14499.584639768713,0.004670402657222337,15.0,0.06041666666666666,4150.0,0.00042264895908111983,6.95817201764534e-05
5555.655316942741,659.2689795998443,143.0590732085769,-14968.410512153125,0.0046000347373228966,16.0,0.06041666666666666,4150.0,0.000447954055994257,7.42205015215503e-05
5769.5714966958385,633.2329498816907,136.32098609396192,-15414.384196942621,0.004533053561354412,17.0,0.06041666666666666,4150.0,0.0004759511844938981,7.885928286664719e-05
5977.338527848138,608.1046945148619,130.17769578209737,-15841.53459236236,0.00446834612643344,18.0,0.06041666666666666,4150.0,0.0005007178750897344,8.349806421174408e-05
6180.342894150799,583.8632937711775,124.1520588175372,-16256.303681120371,0.004405173703331085,19.0,0.06041666666666666,4150.0,0.0005285355348169418,8.813684555684099e-05
6378.217518359475,561.412807528447,118.96491551192467,-16652.6747161417,0.004344746406727731,20.0,0.06041666666666666,4150.0,0.0005527638190954774,9.277562690193788e-05
6570.090703877581,540.7954392917802,114.2648021429536,-17034.9177282303,0.004271914412640957,21.0,0.06041666666666666,4100.0,0.0005766331658291458,9.741440824703478e-05
6756.118031531694,521.7636223263903,109.98038838995309,-17402.458771285586,0.004216492240781996,22.0,0.06041666666666666,4100.0,0.0006040918880114859,0.00010205318959213166
6940.669443194908,503.53783758826603,105.51733878086307,-17762.85012197186,0.004161580949301093,23.0,0.06041666666666666,4100.0,0.0006315506101938263,0.00010669197093722854
7120.024951051485,486.8176323189614,101.61926861750109,-18109.162417516985,0.004109162109382306,24.0,0.06041666666666666,4100.0,0.0006547020818377602,0.00011133075228232546
7293.092541109744,471.545349167789,98.39264617019529,-18441.25471090382,0.004059226878809657,25.0,0.06041666666666666,4100.0,0.0006819813352476669,0.00011596953362742235
7465.384469394049,456.4475001174422,94.60131360595567,-18771.97934030048,0.004008697155202255,26.0,0.06041666666666666,4100.0,0.0007045944005743001,0.00012060831497251923
7631.972839219291,443.2136543255219,91.81018463089438,-19086.960665070466,0.00396235342163448,27.0,0.06041666666666666,4100.0,0.0007316941852117732,0.00012524709631761612
7796.155017434767,430.10902625170917,88.94992175880449,-19395.76919192121,0.003915539414480831,28.0,0.06041666666666666,4100.0,0.0007537688442211056,0.00012988587766271303
7956.526453014685,417.868141766865,86.13204831906967,-19697.113210587813,0.0038702289248784007,29.0,0.06041666666666666,4100.0,0.000780689160086145,0.00013452465900780993
8112.4193199363035,406.6068204736615,83.72428780458237,-19988.58047171049,0.0038272692621253075,30.0,0.06041666666666666,4100.0,0.0008076094759511844,0.0001391634403529068
0.0,0.0,0.0,-2.1237246499294997,0.006091887669657143,0.0,0.10083333333333333,4250.0,0.0,
682.1792131221154,358.4958742947751,137.88539167453467,-2101.412540451718,0.005885222907760259,1.0,0.10083333333333333,4200.0,3.2304379038047376e-05,4.638781345096894e-06
1225.213531686734,568.372824245512,213.58725783301065,-3787.08411741256,0.00574027903608524,2.0,0.10083333333333333,4200.0,6.281407035175879e-05,9.277562690193787e-06
1684.5206895952217,693.494092639392,249.16493565255945,-5188.641160002211,0.005609091864994566,3.0,0.10083333333333333,4200.0,9.206748025843503e-05,1.3916344035290682e-05
2088.8627097151048,766.6314125485405,261.8920614408753,-6386.120806170249,0.005488020483666129,4.0,0.10083333333333333,4200.0,0.00012132089016511126,1.8555125380387575e-05
2454.3973964695724,806.3252634767913,261.538962417339,-7431.119136102665,0.005375241398605942,5.0,0.10083333333333333,4200.0,0.00014985642498205313,2.319390672548447e-05
2790.752621855918,823.9271349103583,253.85883629207834,-8358.486645090212,0.0052696789578806705,6.0,0.10083333333333333,4200.0,0.00017767408470926058,2.7832688070581364e-05
3104.6896540348052,826.422818184369,241.9294420706999,-9193.73451463032,0.005169904332278534,7.0,0.10083333333333333,4200.0,0.00020603015075376885,3.247146941567826e-05
3400.112795915457,818.7118289127246,228.0217554159243,-9953.590117106636,0.005075672233021071,8.0,0.10083333333333333,4200.0,0.00023402727925340988,3.711025076077515e-05
3680.009583868044,804.0353273370488,213.465392500208,-10651.704289118752,0.004964144340332085,9.0,0.10083333333333333,4150.0,0.00026166547020818376,4.174903210587204e-05
3947.3875306010946,784.6070473584472,198.40380627890607,-11299.50311990604,0.004879893324331589,10.0,0.10083333333333333,4150.0,0.0002889447236180905,4.638781345096894e-05
4203.559728560392,761.9983070888364,184.5531368015259,-11903.935044002938,0.004799262920859101,11.0,0.10083333333333333,4150.0,0.0003158650394831299,5.102659479606583e-05
4449.173167458653,737.5755853450299,172.75845146934236,-12469.714713060137,0.004722687241285309,12.0,0.10083333333333333,4150.0,0.0003424264178033022,5.566537614116273e-05
4686.372635242574,711.9065097787563,162.28436744638802,-13004.447358330537,0.0046488583600915,13.0,0.10083333333333333,4150.0,0.00036862885857860727,6.030415748625961e-05
4915.065824800122,686.0001973011101,153.1026716250677,-13509.737398369165,0.004578616180173553,14.0,0.10083333333333333,4150.0,0.00039698492462311556,6.494293883135652e-05
5137.387177077571,659.824841239814,144.70053748866349,-13992.674595658405,0.0045104547108415875,15.0,0.10083333333333333,4150.0,0.00042264895908111983,6.95817201764534e-05
5352.397269891837,634.0113364071689,137.14738038060244,-14452.172441505121,0.004445008145963645,16.0,0.10083333333333333,4150.0,0.000447954055994257,7.42205015215503e-05
5560.60532058049,609.1369472281581,130.6854753765632,-14889.661774940672,0.004382642300730622,17.0,0.10083333333333333,4150.0,0.0004759511844938981,7.885928286664719e-05
5762.955369199493,585.0922654180551,124.79559709436154,-15309.071709883363,0.004322332211854999,18.0,0.10083333333333333,4150.0,0.0005007178750897344,8.349806421174408e-05
5960.796247154841,561.8667503208934,119.0223180138439,-15716.656631477868,0.004263389098417798,19.0,0.10083333333333333,4150.0,0.0005285355348169418,8.813684555684099e-05
6153.730320677912,540.299946457561,114.05351342599477,-16106.38203079671,0.0042069518556465,20.0,0.10083333333333333,4150.0,0.0005527638190954774,9.277562690193788e-05
6340.908662216992,520.492046392684,109.5516848148317,-16482.509164371775,0.004152635839282425,21.0,0.10083333333333333,4150.0,0.0005766331658291458,9.741440824703478e-05
6522.475369246488,502.1992839504112,105.44392750238426,-16844.409734108012,0.0040861517917477235,22.0,0.10083333333333333,4100.0,0.0006040918880114859,0.00010205318959213166
6702.704527595332,484.68779291114606,101.16357053202056,-17199.578282505798,0.004034737081138423,23.0,0.10083333333333333,4100.0,0.0006315506101938263,0.00010669197093722854
6877.92526521168,468.6121346369705,97.42907589206104,-17541.060994218307,0.003985612745686955,24.0,0.10083333333333333,4100.0,0.0006547020818377602,0.00011133075228232546
7047.068225167676,453.92378574596114,94.34371039892646,-17868.6845963988,0.003938778671615026,25.0,0.10083333333333333,4100.0,0.0006819813352476669,0.00011596953362742235
7215.568898171841,439.4106766561532,90.70958783867933,-18195.189872545612,0.0038913496940819327,26.0,0.10083333333333333,4100.0,0.0007045944005743001,0.00012060831497251923
7378.481300894089,426.67712957985157,88.02920206994689,-18506.154684351066,0.0038478072272482363,27.0,0.10083333333333333,4100.0,0.0007316941852117732,0.00012524709631761612
7539.164618182462,414.0692050874244,85.28314003803997,-18811.48427738763,0.003803799426029632,28.0,0.10083333333333333,4100.0,0.0007537688442211056,0.00012988587766271303
7696.169492506239,402.3028196802166,82.5848845478704,-19109.374502739483,0.003761172971744804,29.0,0.10083333333333333,4100.0,0.000780689160086145,0.00013452465900780993
7848.824070505216,391.4586521098243,80.27650644447131,-19397.567782086116,0.003720720991344325,30.0,0.10083333333333333,4100.0,0.0008076094759511844,0.0001391634403529068
0.0,0.0,0.0,-2.1237246499294997,0.005795565446830747,0.0,0.14125,4250.0,0.0,
649.9279506743416,341.4540262635385,131.31651850763438,-2002.4025520951764,0.005606995441857936,1.0,0.14125,4200.0,3.2304379038047376e-05,4.638781345096894e-06
1168.3552975029704,541.7394595816899,203.5419536952208,-3612.863478570136,0.005475643089231007,2.0,0.14125,4200.0,6.281407035175879e-05,9.277562690193787e-06
1607.7249771850504,661.4540481250768,237.59351337833508,-4955.195313264572,0.005356492258943614,3.0,0.14125,4200.0,9.206748025843503e-05,1.3916344035290682e-05
1995.2362115269184,731.6991114943426,249.88212886011598,-6104.75411086651,0.005246302479435243,4.0,0.14125,4200.0,0.00012132089016511126,1.8555125380387575e-05
2346.146833888829,770.0722596679145,249.68379065034856,-7110.138639521188,0.005143462096899489,5.0,0.14125,4200.0,0.00014985642498205313,2.319390672548447e-05
2669.5361757338637,787.3487282807964,242.47129260864176,-8004.190463566905,0.005047027120324744,6.0,0.14125,4200.0,0.00017767408470926058,2.7832688070581364e-05
2971.7914377228803,790.1761582828353,231.18334372748825,-8811.000834287239,0.004955722569628563,7.0,0.14125,4200.0,0.00020603015075376885,3.247146941567826e-05
3256.5758323326027,783.2262205256707,217.97508047436415,-9546.319921720293,0.004869349361455064,8.0,0.14125,4200.0,0.00023402727925340988,3.711025076077515e-05
3526.701208119861,769.5697358918412,204.1286477155132,-10222.914496863625,0.004765693385270522,9.0,0.14125,4150.0,0.00026166547020818376,4.174903210587204e-05
3785.0160011652097,751.3281115865774,189.76957883842445,-10851.840984846742,0.004688247904195615,10.0,0.14125,4150.0,0.0002889447236180905,4.638781345096894e-05
4032.7474418977667,730.0040757333323,176.53212147369175,-11439.533760465107,0.0046140273551918114,11.0,0.14125,4150.0,0.0003158650394831299,5.102659479606583e-05
4270.4768925327335,706.903415102071,165.25369274609537,-11990.411130957902,0.004543442796584844,12.0,0.14125,4150.0,0.0003424264178033022,5.566537614116273e-05
4500.261594491121,682.5730439981894,155.2457498305253,-12511.700934281318,0.004475302233852401,13.0,0.14125,4150.0,0.00036862885857860727,6.030415748625961e-05
4721.967170442172,657.9724272465522,146.4610332051722,-13004.882691541949,0.004410390159595159,14.0,0.14125,4150.0,0.00039698492462311556,6.494293883135652e-05
4937.664591848968,633.0779130401237,138.42939782613172,-13476.734704423608,0.004347324353797404,15.0,0.14125,4150.0,0.00042264895908111983,6.95817201764534e-05
5146.418584625553,608.4930914043596,131.21272705046346,-13926.206521721193,0.004286702067251619,16.0,0.14125,4150.0,0.000447954055994257,7.42205015215503e-05
5348.684811436485,584.7785056789329,125.02746267323184,-14354.539899705298,0.0042288687146045814,17.0,0.14125,4150.0,0.0004759511844938981,7.885928286664719e-05
5545.387197387824,561.8373731795446,119.3919842019616,-14765.558074933826,0.004172884300281357,18.0,0.14125,4150.0,0.0005007178750897344,8.349806421174408e-05
5737.835103821165,539.6224783633224,113.87801468147117,-15165.323828530025,0.0041181082774547195,19.0,0.14125,4150.0,0.0005285355348169418,8.813684555684099e-05
5925.602232075021,518.9559656387864,109.12333349932027,-15547.796735464712,0.004065609193719368,20.0,0.14125,4150.0,0.0005527638190954774,9.277562690193788e-05
6107.864003921762,499.96025212284974,104.81874761731629,-15917.251618809256,0.004015033102034227,21.0,0.14125,4150.0,0.0005766331658291458,9.741440824703478e-05
6284.754798741645,482.4181152195778,100.8884009035348,-16272.96879505412,0.0039662975667214655,22.0,0.14125,4150.0,0.0006040918880114859,0.00010205318959213166
6460.442243160405,465.61291565272177,96.79217420447756,-16622.30801866908,0.003917939571672505,23.0,0.14125,4150.0,0.0006315506101938263,0.00010669197093722854
6631.316161587277,450.189764980233,93.22113053376877,-16958.407040793143,0.00385840150072502,24.0,0.14125,4100.0,0.0006547020818377602,0.00011133075228232546
6796.3285470214705,436.09986641542827,90.27699618294943,-17281.052915426262,0.003814648459194825,25.0,0.14125,4100.0,0.0006819813352476669,0.00011596953362742235
6960.83110524161,422.16890601534953,86.80066166727282,-17602.831422686555,0.003770304308964898,26.0,0.14125,4100.0,0.0007045944005743001,0.00012060831497251923
7119.869285679838,409.9427912145754,84.23181570879976,-17909.3077675006,0.0037295528909996995,27.0,0.14125,4100.0,0.0007316941852117732,0.00012524709631761612
7276.853297703358,397.84624127914145,81.60067351043723,-18210.681031940083,0.003688343736150948,28.0,0.14125,4100.0,0.0007537688442211056,0.00012988587766271303
7430.298292775052,386.54134910295073,79.02226601100516,-18504.66550834039,0.0036483965587782914,29.0,0.14125,4100.0,0.000780689160086145,0.00013452465900780993
7579.525744848351,376.1382733241079,76.81370219991953,-18789.153892705326,0.0036104522162224446,30.0,0.14125,4100.0,0.0008076094759511844,0.0001391634403529068
0.0,0.0,0.0,-2.1237246499294997,0.005501618660993763,0.0,0.18166666666666664,4250.0,0.0,
617.8393618958464,324.5069270009515,124.78546520393733,-1903.8643989631892,0.005330168165234399,1.0,0.18166666666666664,4200.0,3.2304379038047376e-05,4.638781345096894e-06
1111.6763305777126,515.2134354815853,193.53988756380326,-3439.042282990791,0.005211656247035418,2.0,0.18166666666666664,4200.0,6.281407035175879e-05,9.277562690193787e-06
1531.0371422482165,629.4972348490559,226.05847350897056,-4721.762843725781,0.005103916512575091,3.0,0.18166666666666664,4200.0,9.206748025843503e-05,1.3916344035290682e-05
1901.5870061514745,696.8079204479452,237.89237975602674,-5822.824307774506,0.005004076613594971,4.0,0.18166666666666664,4200.0,0.00012132089016511126,1.8555125380387575e-05
2237.7054404312657,733.8132794712631,237.83574002099832,-6787.9023442951075,0.004910718099197297,5.0,0.18166666666666664,4200.0,0.00014985642498205313,2.319390672548447e-05
2547.9333381260712,750.717525021976,231.07890464037297,-7647.876711823963,0.0048230161789868985,6.0,0.18166666666666664,4200.0,0.00017767408470926058,2.7832688070581364e-05
2838.2924534406106,753.8446907075754,220.4217419653639,-8425.446445926136,0.0047398378576145326,7.0,0.18166666666666664,4200.0,0.00020603015075376885,3.247146941567826e-05
3112.2121314550077,747.6081490120586,207.90912223607583,-9135.406411460295,0.004661024040536432,8.0,0.18166666666666664,4200.0,0.00023402727925340988,3.711025076077515e-05
3372.3319341141478,734.9416459322587,194.76609786629527,-9789.72867444747,0.004586069761700234,9.0,0.18166666666666664,4200.0,0.00026166547020818376,4.174903210587204e-05
3621.341700096562,717.8583710031132,181.1066462376198,-10398.876393440187,0.004494142946136265,10.0,0.18166666666666664,4150.0,0.0002889447236180905,4.638781345096894e-05
3860.387115379225,697.7978134194835,168.48438914783097,-10969.011516617808,0.004426129893933582,11.0,0.18166666666666664,4150.0,0.0003158650394831299,5.102659479606583e-05
4089.986232543899,676.0001850928019,157.7270841757644,-11504.182955485987,0.004361360166483495,12.0,0.18166666666666664,4150.0,0.0003424264178033022,5.566537614116273e-05
4312.107841961308,652.9960070927567,148.180756681997,-12011.241965510773,0.004298751992392781,13.0,0.18166666666666664,4150.0,0.00036862885857860727,6.030415748625961e-05
4526.579241805569,629.6981793861303,139.79793530436183,-12491.548271101252,0.004239034065278851,14.0,0.18166666666666664,4150.0,0.00039698492462311556,6.494293883135652e-05
4735.405152121096,606.0706878323225,132.13413638732106,-12951.565658709274,0.004180943642742987,15.0,0.18166666666666664,4150.0,0.00042264895908111983,6.95817201764534e-05
4937.65690244399,582.7210131938888,125.2545217625938,-13390.279946951348,0.004125040653448396,16.0,0.18166666666666664,4150.0,0.000447954055994257,7.42205015215503e-05
5133.739292411656,560.1680860430753,119.34708353514317,-13808.752344871777,0.004071648605377867,17.0,0.18166666666666664,4150.0,0.0004759511844938981,7.885928286664719e-05
5324.553576139325,538.3163236221424,113.97057397254787,-14210.692717713915,0.0040199100191084585,18.0,0.18166666666666664,4150.0,0.0005007178750897344,8.349806421174408e-05
5511.36878687425,517.1288175991181,108.71325739912022,-14601.96766807013,0.003969231578345883,19.0,0.18166666666666664,4150.0,0.0005285355348169418,8.813684555684099e-05
5693.732957405178,497.3683069026492,104.17569744241288,-14976.545942193072,0.00392061071349929,20.0,0.18166666666666664,4150.0,0.0005527638190954774,9.277562690193788e-05
5870.846225942652,479.18722112162817,100.06619381285343,-15338.703016246393,0.0038737238962888126,21.0,0.18166666666666664,4150.0,0.0005766331658291458,9.741440824703478e-05
6042.833831569488,462.4036891049197,96.31393290185426,-15687.642343814987,0.0038285022870979263,22.0,0.18166666666666664,4150.0,0.0006040918880114859,0.00010205318959213166
6213.752225242096,446.3136520856002,92.40952475863791,-16030.598539872786,0.0037835889593686627,23.0,0.18166666666666664,4150.0,0.0006315506101938263,0.00010669197093722854
6380.054538332992,431.5471417016069,88.99555163403345,-16360.820520944442,0.00374056393571108,24.0,0.18166666666666664,4150.0,0.0006547020818377602,0.00011133075228232546
6540.720691869327,418.0616056511995,86.19264193113293,-16677.83400248541,0.003699522791495968,25.0,0.18166666666666664,4150.0,0.0006819813352476669,0.00011596953362742235
6701.0037452787155,404.7150290377242,82.87464055281177,-16994.30632345129,0.0036454169416678954,26.0,0.18166666666666664,4100.0,0.0007045944005743001,0.00012060831497251923
6855.961753319109,393.0009351921504,80.41815815357259,-17295.784917379788,0.0036074416407521786,27.0,0.18166666666666664,4100.0,0.0007316941852117732,0.00012524709631761612
7009.032937350503,381.41697632225595,77.90624293031217,-17592.687349540553,0.003569017696363092,28.0,0.18166666666666664,4100.0,0.0007537688442211056,0.00012988587766271303
7158.712331118109,370.5983353995717,75.4442821746698,-17882.276919955424,0.003531740672954275,29.0,0.18166666666666664,4100.0,0.000780689160086145,0.00013452465900780993
7304.314402713168,360.62178368511206,73.33597629042315,-18162.592791800475,0.0034962992265067843,30.0,0.18166666666666664,4100.0,0.0008076094759511844,0.0001391634403529068
0.0,0.0,0.0,-2.1237246499294997,0.005210003719445046,0.0,0.2220833333333333,4250.0,0.0,
585.9111428265408,307.6532696357063,118.29172422598973,-1805.79192207897,0.005054722612020157,1.0,0.2220833333333333,4200.0,3.2304379038047376e-05,4.638781345096894e-06
1055.1749748772163,488.79409706409194,183.58025199697954,-3265.6173945776536,0.004948313953569973,2.0,0.2220833333333333,4200.0,6.281407035175879e-05,9.277562690193787e-06
1454.4555662235,597.6228585092483,214.55768169630656,-4488.345048615629,0.004851367400068248,3.0,0.2220833333333333,4200.0,9.206748025843503e-05,1.3916344035290682e-05
1807.9144277053042,661.956920368588,225.92350116777814,-5540.335222862785,0.004761348327480717,4.0,0.2220833333333333,4200.0,0.00012132089016511126,1.8555125380387575e-05
2129.070800316149,697.5476528794576,225.99335088527843,-6464.413288625408,0.0046770140322468625,5.0,0.2220833333333333,4200.0,0.00014985642498205313,2.319390672548447e-05
2425.94281344738,714.0374286691352,219.6810475066306,-7289.543532249358,0.0045976474475644576,6.0,0.2220833333333333,4200.0,0.00017767408470926058,2.7832688070581364e-05
2704.1879607600285,717.4176437295354,209.64549888706964,-8037.060427916818,0.004522246343970873,7.0,0.2220833333333333,4200.0,0.00020603015075376885,3.247146941567826e-05
2967.0152633223,711.8608215486217,197.82151223432368,-8720.825547478307,0.0044506859407786505,8.0,0.2220833333333333,4200.0,0.00023402727925340988,3.711025076077515e-05
3216.8888653881095,700.148733982083,185.37709423965785,-9352.074092606978,0.004382524940096869,9.0,0.2220833333333333,4200.0,0.00026166547020818376,4.174903210587204e-05
3456.348036346732,684.1985426422345,172.4146640953623,-9940.572829454846,0.004317239391394488,10.0,0.2220833333333333,4200.0,0.0002889447236180905,4.638781345096894e-05
3686.4562836902637,665.3777197641406,160.41208265112985,-10492.283240507015,0.00423553786519116,11.0,0.2220833333333333,4150.0,0.0003158650394831299,5.102659479606583e-05
3907.6715825463502,644.8656330475117,150.1760634847288,-11010.919193845286,0.0041763977300510085,12.0,0.2220833333333333,4150.0,0.0003424264178033022,5.566537614116273e-05
4121.874485514918,623.1733688516001,141.08949399026397,-11502.931490473922,0.004119156695491722,13.0,0.2220833333333333,4150.0,0.00036862885857860727,6.030415748625961e-05
4328.857048696042,601.1673628176098,133.11542998530769,-11969.564041927566,0.0040644883648453395,14.0,0.2220833333333333,4150.0,0.00039698492462311556,6.494293883135652e-05
4530.5559307893345,578.8042682658833,125.81826477263478,-12416.964514264146,0.004011244341888452,15.0,0.2220833333333333,4150.0,0.00042264895908111983,6.95817201764534e-05
4726.049665805648,556.6904359791515,119.27290136336488,-12844.156423275395,0.003959946218297066,16.0,0.2220833333333333,4150.0,0.000447954055994257,7.42205015215503e-05
4915.696385059663,535.2948879846009,113.64755488473158,-13252.026693725798,0.003910896177832364,17.0,0.2220833333333333,4150.0,0.0004759511844938981,7.885928286664719e-05
5100.372471800129,514.5379142122495,108.53085038093658,-13644.167511346,0.003863314983466001,18.0,0.2220833333333333,4150.0,0.0005007178750897344,8.349806421174408e-05
5281.305103919595,494.37882476373727,103.52754425328304,-14026.242159950561,0.003816656158094384,19.0,0.2220833333333333,4150.0,0.0005285355348169418,8.813684555684099e-05
5458.019074234139,475.5293284829618,99.21215981540986,-14392.245466343891,0.003771845942158341,20.0,0.2220833333333333,4150.0,0.0005527638190954774,9.277562690193788e-05
5629.7411320435995,458.1803874515528,95.29519051476181,-14746.440748620997,0.0037285896946283566,21.0,0.2220833333333333,4150.0,0.0005766331658291458,9.741440824703478e-05
5796.586785147092,442.15143657601004,91.72068725150076,-15087.959743034131,0.003686831341363135,22.0,0.2220833333333333,4150.0,0.0006040918880114859,0.00010205318959213166
5962.496598167363,426.79274732434766,88.0083894277497,-15423.898302056201,0.003645317865700461,23.0,0.2220833333333333,4150.0,0.0006315506101938263,0.00010669197093722854
6123.993698264654,412.6889994709105,84.75249810007865,-15747.686149885063,0.0036055117329192882,24.0,0.2220833333333333,4150.0,0.0006547020818377602,0.00011133075228232546
6280.08270847785,399.800200510061,82.09075284603047,-16058.591200393683,0.0035675093506225613,25.0,0.2220833333333333,4150.0,0.0006819813352476669,0.00011596953362742235
6435.915084871313,387.0594420581381,78.93163688587691,-16369.135278050911,0.00352894515604462,26.0,0.2220833333333333,4150.0,0.0007045944005743001,0.00012060831497251923
6586.571695493121,375.8628345335198,76.58969330912879,-16664.96654451082,0.003493430648855596,27.0,0.2220833333333333,4150.0,0.0007316941852117732,0.00012524709631761612
6735.510472502327,364.79219591900386,74.20018419253452,-16956.799692472923,0.003445659792397882,28.0,0.2220833333333333,4100.0,0.0007537688442211056,0.00012988587766271303
6881.202150346116,354.45007987434644,71.85786394834085,-17241.464838955915,0.0034110382600004174,29.0,0.2220833333333333,4100.0,0.000780689160086145,0.00013452465900780993
7022.965661470874,344.91495992325224,69.84344212279309,-17517.101057724452,0.003378089937805168,30.0,0.2220833333333333,4100.0,0.0008076094759511844,0.0001391634403529068
0.0,0.0,0.0,-2.1237246499294997,0.0049206783217141305,0.0,0.2625,4250.0,0.0,
554.1423004536489,290.89301904135374,111.83563902338564,-1708.1791194055622,0.004780640782930956,1.0,0.2625,4200.0,3.2304379038047376e-05,4.638781345096894e-06
998.8505076544685,462.4819108649096,173.66558259911486,-3092.5857732521763,0.004685611830231756,2.0,0.2625,4200.0,6.281407035175879e-05,9.277562690193787e-06
1377.9792363290808,565.8298224562949,203.0916248359277,-4254.9433539375605,0.004598847768536791,3.0,0.2625,4200.0,9.206748025843503e-05,1.3916344035290682e-05
1714.218155272308,627.1477092291874,213.97609478187988,-5257.290859685498,0.004518123183426642,4.0,0.2625,4200.0,0.00012132089016511126,1.8555125380387575e-05
2020.243247721535,661.2791462045409,214.1597373840454,-6139.674687706989,0.0044423548843911375,5.0,0.2625,4200.0,0.00014985642498205313,2.319390672548447e-05
2303.560417975306,677.3051177331811,208.27812985744478,-6929.189333202106,0.004370922803457361,6.0,0.2625,4200.0,0.00017767408470926058,2.7832688070581364e-05
2569.4748888335494,680.8994623475326,198.85395285115612,-7645.832183682425,0.004302944889991032,7.0,0.2625,4200.0,0.00020603015075376885,3.247146941567826e-05
2820.975903943753,675.9812735226747,187.71279867056646,-8302.553599183826,0.004238325510139768,8.0,0.2625,4200.0,0.00023402727925340988,3.711025076077515e-05
3060.360046092358,665.1931516064757,175.96174410152807,-8909.866608116718,0.0041766810697044295,9.0,0.2625,4200.0,0.00026166547020818376,4.174903210587204e-05
3290.017601672267,650.3475045822488,163.69375970652945,-9476.956439602458,0.004117548687347166,10.0,0.2625,4200.0,0.0002889447236180905,4.638781345096894e-05
3510.9312107880282,632.7516129075882,152.31517489269982,-10009.264951376972,0.004042218283690906,11.0,0.2625,4150.0,0.0003158650394831299,5.102659479606583e-05
3723.502957948101,613.5053168845731,142.60046738409355,-10510.508999627527,0.003988513734159925,12.0,0.2625,4150.0,0.0003424264178033022,5.566537614116273e-05
3929.52376059729,593.1031431013573,133.97501941885287,-10986.629050132724,0.003936465755613486,13.0,0.2625,4150.0,0.00036862885857860727,6.030415748625961e-05
4128.754687507905,572.3774498062021,126.40774932337283,-11438.758503642144,0.003886692989076636,14.0,0.2625,4150.0,0.00039698492462311556,6.494293883135652e-05
4323.061196811085,551.2857011606679,119.48512154038202,-11872.726229687236,0.003838156894503606,15.0,0.2625,4150.0,0.00042264895908111983,6.95817201764534e-05
4511.532321037878,530.3876985918712,113.26809466471073,-12287.594756227154,0.0037913404255981932,16.0,0.2625,4150.0,0.000447954055994257,7.42205015215503e-05
4694.481913051142,510.14711153349083,107.92912801088055,-12684.085940426747,0.0037465235920983468,17.0,0.2625,4150.0,0.0004759511844938981,7.885928286664719e-05
4872.759236240755,490.4939647612004,103.06967150540439,-13065.6665983247,0.0037030027727599953,18.0,0.2625,4150.0,0.0005007178750897344,8.349806421174408e-05
5047.548388957319,471.3684390529311,98.32530125470714,-13437.792502829434,0.003660276686989329,19.0,0.2625,4150.0,0.0005285355348169418,8.813684555684099e-05
5218.353631171832,453.44688702190274,94.22823153067085,-13794.50011385748,0.0036192009284501648,20.0,0.2625,4150.0,0.0005527638190954774,9.277562690193788e-05
5384.4302864515175,436.92649854823804,90.51053307026326,-14140.02899583611,0.0035795085519809648,21.0,0.2625,4150.0,0.0005766331658291458,9.741440824703478e-05
5545.883678182533,421.6683280568678,87.11354537439425,-14473.443744116019,0.0035411546867973724,22.0,0.2625,4150.0,0.0006040918880114859,0.00010205318959213166
5706.533634436589,407.0337618398999,83.58889191949847,-14801.6875090334,0.00350298862541937,23.0,0.2625,4150.0,0.0006315506101938263,0.00010669197093722854
5862.977220215991,393.59796523477104,80.49212039749743,-15118.380339979172,0.0034663565320566282,24.0,0.2625,4150.0,0.0006547020818377602,0.00011133075228232546
6014.249183076194,381.32770955521966,77.97143757068895,-15422.549085956765,0.0034313545677456094,25.0,0.2625,4150.0,0.0006819813352476669,0.00011596953362742235
6165.383895331473,369.1822412641803,74.97178219789512,-15726.607691189456,0.003395804558852597,26.0,0.2625,4150.0,0.0007045944005743001,0.00012060831497251923
6311.507567290355,358.5077105966892,72.75127282950275,-16016.304074388667,0.003363031364201796,27.0,0.2625,4150.0,0.0007316941852117732,0.00012524709631761612
6456.076401759085,347.9617146266834,70.47817471795321,-16302.345483475772,0.0033298086271686834,28.0,0.2625,4150.0,0.0007537688442211056,0.00012988587766271303
6597.54737651375,338.1047513055226,68.25695556356843,-16581.52681821873,0.0032975291874064393,29.0,0.2625,4150.0,0.000780689160086145,0.00013452465900780993
6735.249298891103,329.0151491856249,66.33622062748326,-16851.856316445766,0.0032556434757147357,30.0,0.2625,4100.0,0.0008076094759511844,0.0001391634403529068
0.0,0.0,0.0,-2.1237246499294997,0.004633601406116193,0.0,0.30291666666666667,4250.0,0.0,
522.529690094343,274.22395169746886,105.4153188833331,-1611.0238887558298,0.0045337507249343855,1.0,0.30291666666666667,4250.0,3.2304379038047376e-05,4.638781345096894e-06
942.6989713359326,436.27396547051956,163.7935881184397,-2919.9444809413253,0.004423545651713492,2.0,0.30291666666666667,4200.0,6.281407035175879e-05,9.277562690193787e-06
1301.6067504958805,534.1182429709454,191.6615451203929,-4021.559340221909,0.0043463605191534785,3.0,0.30291666666666667,4200.0,9.206748025843503e-05,1.3916344035290682e-05
1620.4962014247083,592.3802482531491,202.04937128609578,-4973.695511307407,0.004274406830077835,4.0,0.30291666666666667,4200.0,0.00012132089016511126,1.8555125380387575e-05
1911.2212530205302,625.0050417901929,202.3323930178609,-5813.690222114848,0.004206745766225116,5.0,0.30291666666666667,4200.0,0.00014985642498205313,2.319390672548447e-05
2180.78414651822,640.5249344213426,196.87137883029627,-6566.8131991669725,0.004142844311152835,6.0,0.30291666666666667,4200.0,0.00017767408470926058,2.7832688070581364e-05
2434.1484990468357,644.2883139823431,188.04887229510092,-7251.752097436482,0.004081930551911832,7.0,0.30291666666666667,4200.0,0.00020603015075376885,3.247146941567826e-05
2674.086249706004,639.972654347696,177.58277819864136,-7880.568198068497,0.004023933299062506,8.0,0.30291666666666667,4200.0,0.00023402727925340988,3.711025076077515e-05
2902.734227202653,630.0745582460166,166.51937528907177,-8463.067050778911,0.00396852119042737,9.0,0.30291666666666667,4200.0,0.00026166547020818376,4.174903210587204e-05
3122.3327708717834,616.315925461454,154.9448364884268,-9007.860295198625,0.003915287711170347,10.0,0.30291666666666667,4200.0,0.0002889447236180905,4.638781345096894e-05
3333.7883940159377,599.9161073522187,144.19024577552864,-9520.013160669827,0.0038640083929164337,11.0,0.30291666666666667,4200.0,0.0003158650394831299,5.102659479606583e-05
3537.450391140645,581.9194116733386,134.99726267659562,-10002.841497428613,0.0037976667245144093,12.0,0.30291666666666667,4150.0,0.0003424264178033022,5.566537614116273e-05
3735.017447646761,562.7932777261096,126.83681804560885,-10462.194139871113,0.0037506280370305295,13.0,0.30291666666666667,4150.0,0.00036862885857860727,6.030415748625961e-05
3926.2257850070628,543.3255344430396,119.67514412015241,-10898.958301675098,0.0037055875545692223,14.0,0.30291666666666667,4150.0,0.00039698492462311556,6.494293883135652e-05
4112.864853816526,523.4968173374159,113.1287656135711,-11318.643143598798,0.003661611200381908,15.0,0.30291666666666667,4150.0,0.00042264895908111983,6.95817201764534e-05
4294.038939251699,503.80955647207554,107.24031653987572,-11720.350743528921,0.0036191433035624053,16.0,0.30291666666666667,4150.0,0.000447954055994257,7.42205015215503e-05
4470.0193073859755,484.7299465618835,102.19081041358191,-12104.64699998805,0.003578441801141532,17.0,0.30291666666666667,4150.0,0.0004759511844938981,7.885928286664719e-05
4641.6271131125895,466.1711939695629,97.58890474884731,-12474.868010514241,0.0035388746627148466,18.0,0.30291666666666667,4150.0,0.0005007178750897344,8.349806421174408e-05
4809.999710787105,448.0911308190675,93.104342542875,-12836.254371667092,0.003499985352445594,19.0,0.30291666666666667,4150.0,0.0005285355348169418,8.813684555684099e-05
4974.626234496029,431.10398367154755,89.22406563787735,-13182.90419286427,0.00346255876994106,20.0,0.30291666666666667,4150.0,0.0005527638190954774,9.277562690193788e-05
5134.7905986387,415.41881211901904,85.7062021761436,-13519.018269398723,0.0034263547270991486,21.0,0.30291666666666667,4150.0,0.0005766331658291458,9.741440824703478e-05
5290.591065320919,400.9376263433995,82.48970490695089,-13843.601649098222,0.0033913381142503633,22.0,0.30291666666666667,4150.0,0.0006040918880114859,0.00010205318959213166
5445.713320858865,387.0380940999982,79.15119577779551,-14163.427956811785,0.003356458598147836,23.0,0.30291666666666667,4150.0,0.0006315506101938263,0.00010669197093722854
5596.8424962568,374.27632951401216,76.22121744819435,-14472.319124726273,0.0033229476002591867,24.0,0.30291666666666667,4150.0,0.0006547020818377602,0.00011133075228232546
5743.044836609563,362.6252504393525,73.8348261354732,-14769.078536084126,0.003290900082551494,25.0,0.30291666666666667,4150.0,0.0006819813352476669,0.00011596953362742235
5889.22426536905,351.08536736610955,70.99521722270671,-15065.974346691633,0.0032583220613867873,26.0,0.30291666666666667,4150.0,0.0007045944005743001,0.00012060831497251923
6030.565153726753,340.9384550635337,68.89627115594867,-15348.899710691454,0.0032282566256471084,27.0,0.30291666666666667,4150.0,0.0007316941852117732,0.00012524709631761612
6170.513061043068,330.9159695527161,66.74040060209683,-15628.530807010597,0.0031977590562496183,28.0,0.30291666666666667,4150.0,0.0007537688442211056,0.00012988587766271303
6307.520732460339,321.5562644873629,64.64040884180119,-15901.737313147525,0.0031681019154164054,29.0,0.30291666666666667,4150.0,0.000780689160086145,0.00013452465900780993
6440.919093608754,312.908926200531,62.82087735737941,-16166.227016501725,0.0031398571103579747,30.0,0.30291666666666667,4150.0,0.0008076094759511844,0.0001391634403529068
0.0,0.0,0.0,-2.1237246499294997,0.004348733086841965,0.0,0.3433333333333333,4250.0,0.0,
491.0708862138498,257.644602030685,99.0308555510033,-1514.3392929678012,0.0042608844197003694,1.0,0.3433333333333333,4250.0,3.2304379038047376e-05,4.638781345096894e-06
886.7196697301176,410.16951686424005,153.96315619075241,-2747.690680873209,0.004162111331907697,2.0,0.3433333333333333,4200.0,6.281407035175879e-05,9.277562690193787e-06
1225.3371718835485,502.4883942170431,180.26422091450075,-3788.1946337624104,0.004093908674010161,3.0,0.3433333333333333,4200.0,9.206748025843503e-05,1.3916344035290682e-05
1526.75005673023,557.6553806378921,190.1450777960721,-4689.55366006535,0.00403020506358659,4.0,0.3433333333333333,4200.0,0.00012132089016511126,1.8555125380387575e-05
1802.0027575602712,588.7281623262595,190.5128768576718,-5486.46402124186,0.003970192001209945,5.0,0.3433333333333333,4200.0,0.00014985642498205313,2.319390672548447e-05
2057.614246281779,603.6966571781334,185.46151942101068,-6202.414913623848,0.003913414335720449,6.0,0.3433333333333333,4200.0,0.00017767408470926058,2.7832688070581364e-05
2298.2036445253343,607.5871472429191,177.22958995237684,-6854.811332097524,0.0038592008223220387,7.0,0.3433333333333333,4200.0,0.00020603015075376885,3.247146941567826e-05
2526.338915258579,603.8344935692786,167.4313898453973,-7454.847481772522,0.00380750054629914,8.0,0.3433333333333333,4200.0,0.00023402727925340988,3.711025076077515e-05
2743.998596617044,594.792616546106,157.0510750752733,-8011.636563782078,0.0037580292026812867,9.0,0.3433333333333333,4200.0,0.00026166547020818376,4.174903210587204e-05
2953.276263731334,582.0939485824628,146.1680413736382,-8533.225185683179,0.00371043187639647,10.0,0.3433333333333333,4200.0,0.0002889447236180905,4.638781345096894e-05
3155.0042740525705,566.8644071730223,136.03751841168364,-9024.31473443412,0.0036645172012738127,11.0,0.3433333333333333,4200.0,0.0003158650394831299,5.102659479606583e-05
3349.482325534134,550.0972043534838,127.36749883050592,-9487.918719133588,0.0036205410109190162,12.0,0.3433333333333333,4200.0,0.0003424264178033022,5.566537614116273e-05
3538.31642923662,532.2369871028097,119.67281277941017,-9929.487610558499,0.0035778262248564573,13.0,0.3433333333333333,4200.0,0.00036862885857860727,6.030415748625961e-05
3721.2219745986367,514.0169117188337,112.92157249188384,-10349.989321233013,0.0035211111213843244,14.0,0.3433333333333333,4150.0,0.00039698492462311556,6.494293883135652e-05
3899.9093540923577,495.43484399711616,106.74829941039741,-10754.50492628687,0.0034815363935419225,15.0,0.3433333333333333,4150.0,0.00042264895908111983,6.95817201764534e-05
4073.5018145095864,476.9665625977438,101.19133142218595,-11142.176381696947,0.003443274076696294,16.0,0.3433333333333333,4150.0,0.000447954055994257,7.42205015215503e-05
4242.230563091822,459.04168984828095,96.43353550446174,-11513.422384748119,0.003406559908518101,17.0,0.3433333333333333,4150.0,0.0004759511844938981,7.885928286664719e-05
4406.886530793393,441.58541287867365,92.09102850655563,-11871.44275173678,0.00337083013326136,18.0,0.3433333333333333,4150.0,0.0005007178750897344,8.349806421174408e-05
4568.558035817623,424.5434184484761,87.86241626169851,-12221.25554106602,0.0033356715713004593,19.0,0.3433333333333333,4150.0,0.0005285355348169418,8.813684555684099e-05
4726.72382318311,408.4963774580245,84.19984265749721,-12557.041070881256,0.003301799480680759,20.0,0.3433333333333333,4150.0,0.0005527638190954774,9.277562690193788e-05
4880.69815731437,393.661814672427,80.88234897758028,-12882.94660957154,0.003268998789386282,21.0,0.3433333333333333,4150.0,0.0005766331658291458,9.741440824703478e-05
5030.567766191462,379.95458087318286,77.84702810151823,-13197.924898591744,0.003237243166130876,22.0,0.3433333333333333,4150.0,0.0006040918880114859,0.00010205318959213166
5179.8811649018535,366.80355864553246,74.6954885481861,-13508.563064340597,0.0032055801136241,23.0,0.3433333333333333,4150.0,0.0006315506101938263,0.00010669197093722854
5325.422357580362,354.72395261831144,71.93948631950053,-13808.89707719285,0.0031751286504216685,24.0,0.3433333333333333,4150.0,0.0006547020818377602,0.00011133075228232546
5466.287575101663,343.68880175196284,69.68188969306689,-14097.525694454627,0.0031459811725615587,25.0,0.3433333333333333,4150.0,0.0006819813352476669,0.00011596953362742235
5607.2362648304525,332.76829514655543,67.00674113037984,-14386.531393827703,0.003116324641342465,26.0,0.3433333333333333,4150.0,0.0007045944005743001,0.00012060831497251923
5743.534100973659,323.1555194412909,65.03113366168884,-14662.00037460358,0.0030889255345506557,27.0,0.3433333333333333,4150.0,0.0007316941852117732,0.00012524709631761612
5878.5960279380315,313.6649213917821,62.98697383959879,-14934.533569064646,0.0030611141650817436,28.0,0.3433333333333333,4150.0,0.0007537688442211056,0.00012988587766271303
6010.876898737572,304.79378167822716,61.01113663478071,-15201.085072725713,0.0030340453911484083,29.0,0.3433333333333333,4150.0,0.000780689160086145,0.00013452465900780993
6139.7189417930285,296.60625553801526,59.291619884302364,-15459.106214260224,0.003008240032253853,30.0,0.3433333333333333,4150.0,0.0008076094759511844,0.0001391634403529068
0.0,0.0,0.0,-2.1237246499294997,0.00406603461378394,0.0,0.38375,4250.0,0.0,
459.76381266655324,241.15378905703164,92.68178372481697,-1418.0971089998493,0.0039893251219492,1.0,0.38375,4250.0,3.2304379038047376e-05,4.638781345096894e-06
830.910978847286,384.16860629919285,144.17591000617878,-2575.821633827567,0.003901304915783834,2.0,0.38375,4200.0,6.281407035175879e-05,9.277562690193787e-06
1149.16965747685,470.9406925583152,168.90314637013736,-3554.8509508051575,0.0038414953307771686,3.0,0.38375,4200.0,9.206748025843503e-05,1.3916344035290682e-05
1432.976516829562,522.9720661027137,178.26172097903844,-4404.869893538242,0.003785523855300299,4.0,0.38375,4200.0,0.00012132089016511126,1.8555125380387575e-05
1692.5897475828126,552.450271122897,178.70227482150972,-5158.000384018356,0.0037326992465509822,5.0,0.38375,4200.0,0.00014985642498205313,2.319390672548447e-05
1934.0460608314509,566.8223415364333,174.05165921576958,-5835.994560500709,0.0036826357395929148,6.0,0.38375,4200.0,0.00017767408470926058,2.7832688070581364e-05
2161.6358830902022,570.7948945996611,166.39713543047415,-6455.001591887012,0.0036347538227046823,7.0,0.38375,4200.0,0.00020603015075376885,3.247146941567826e-05
2377.726401941285,567.5677946802566,157.258480409691,-7025.3706614598705,0.0035890190289276152,8.0,0.38375,4200.0,0.00023402727925340988,3.711025076077515e-05
2584.1413284469354,559.3574834972212,147.55734458991245,-7555.537875096081,0.0035451892289199162,9.0,0.38375,4200.0,0.00026166547020818376,4.174903210587204e-05
2782.830662773561,547.6802396639978,137.36474015704255,-8052.992876249598,0.0035029568783955,10.0,0.38375,4200.0,0.0002889447236180905,4.638781345096894e-05
2974.5548300211694,533.5954830462285,127.85728308477184,-8522.081320664038,0.003462160231405283,11.0,0.38375,4200.0,0.0003158650394831299,5.102659479606583e-05
3159.567480120173,518.0368651180135,119.71147124872003,-8965.53545012833,0.0034230315097459564,12.0,0.38375,4200.0,0.0003424264178033022,5.566537614116273e-05
3339.3811266572307,501.42672629369656,112.48595050546614,-9388.530598151367,0.0033849746824860844,13.0,0.38375,4200.0,0.00036862885857860727,6.030415748625961e-05
3513.694423666038,484.4516460785104,106.1441423245443,-9791.70536562716,0.0033484491535523847,14.0,0.38375,4200.0,0.00039698492462311556,6.494293883135652e-05
3684.1360007905805,467.09712620104955,100.3439595481342,-10180.0995912578,0.003297861033267606,15.0,0.38375,4150.0,0.00042264895908111983,6.95817201764534e-05
3849.8514020869156,449.84547541424365,95.12595255712314,-10552.820096085015,0.003263650828616903,16.0,0.38375,4150.0,0.000447954055994257,7.42205015215503e-05
4011.0356018869898,433.067098554044,90.65396126125397,-10910.1195973434,0.0032307858082510172,17.0,0.38375,4150.0,0.0004759511844938981,7.885928286664719e-05
4168.443808760875,416.71164503283853,86.57181108461067,-11255.054968851597,0.0031987666930740326,18.0,0.38375,4150.0,0.0005007178750897344,8.349806421174408e-05
4323.117527675053,400.71812515584276,82.59971843996215,-11592.414984865092,0.0031672225465209235,19.0,0.38375,4150.0,0.0005285355348169418,8.813684555684099e-05
4474.528084435415,385.6266631850879,79.15589054476693,-11916.483340820152,0.0031367999189708296,20.0,0.38375,4150.0,0.0005527638190954774,9.277562690193788e-05
4622.018733446893,371.6437791883171,76.03915863524982,-12231.338783301231,0.0031073077753795836,21.0,0.38375,4150.0,0.0005766331658291458,9.741440824703478e-05
4765.666487538939,358.72487158721344,73.18570508235457,-12535.889533789188,0.0030787270187717397,22.0,0.38375,4150.0,0.0006040918880114859,0.00010205318959213166
4908.879443209626,346.31969571603946,70.22194255781203,-12836.517951504553,0.0030502006843599393,23.0,0.38375,4150.0,0.0006315506101938263,0.00010669197093722854
5048.542816882914,334.9279497710567,67.63967180483036,-13127.487466774335,0.0030227376428203427,24.0,0.38375,4150.0,0.0006547020818377602,0.00011133075228232546
5183.784709879457,324.5249723561809,65.51886686324688,-13407.212425300364,0.0029964268783932535,25.0,0.38375,4150.0,0.0006819813352476669,0.00011596953362742235
5319.215129757514,314.21949738443516,63.00423045633172,-13687.546780318131,0.0029696321316453334,26.0,0.38375,4150.0,0.0007045944005743001,0.00012060831497251923
5450.19378858796,305.14527046014115,61.14958586945752,-13954.821456478152,0.002944849495984874,27.0,0.38375,4150.0,0.0007316941852117732,0.00012524709631761612
5580.085279053536,296.19329877581043,59.21804477198102,-14219.514773994066,0.002919676863740414,28.0,0.38375,4150.0,0.0007537688442211056,0.00012988587766271303
5707.361577049476,287.82362174362106,57.370290789485445,-14478.67549334529,0.002895154289737513,29.0,0.38375,4150.0,0.000780689160086145,0.00013452465900780993
5831.376135328422,280.0942003846291,55.74738735732194,-14729.52840830914,0.002871752512167577,30.0,0.38375,4150.0,0.0008076094759511844,0.0001391634403529068
0.0,0.0,0.0,-2.1237246499294997,0.003785468355187927,0.0,0.42416666666666664,4250.0,0.0,
428.60669682706896,224.7506126901122,86.36790276154872,-1322.2919061391149,0.003719056644149756,1.0,0.42416666666666664,4250.0,3.2304379038047376e-05,4.638781345096894e-06
775.2696426350419,358.26926126542446,134.43036027536405,-2404.3347000008653,0.0036411225705395124,2.0,0.42416666666666664,4200.0,6.281407035175879e-05,9.277562690193787e-06
1073.102173974875,439.4725357949758,157.5759085773132,-3321.530098258758,0.0035891236613062494,3.0,0.42416666666666664,4200.0,9.206748025843503e-05,1.3916344035290682e-05
1339.1778211292237,488.3340497627441,166.4010627290291,-4119.648989275673,0.0035403693143044525,4.0,0.42416666666666664,4200.0,0.00012132089016511126,1.8555125380387575e-05
1582.9788256811992,516.170500525215,166.90003450148114,-4828.304035384826,0.003494273398494337,5.0,0.42416666666666664,4200.0,0.00014985642498205313,2.319390672548447e-05
1810.0780412076447,529.9007870269346,162.638215713201,-5467.553034543984,0.0034505116882205585,6.0,0.42416666666666664,4200.0,0.00017767408470926058,2.7832688070581364e-05
2024.4419052872345,533.9146230489708,155.5502554440105,-6052.315659404267,0.0034085879907008554,7.0,0.42416666666666664,4200.0,0.00020603015075376885,3.247146941567826e-05
2228.2412311364023,531.1751314307751,147.06578720750272,-6592.117914561262,0.0033684809399356207,8.0,0.42416666666666664,4200.0,0.00023402727925340988,3.711025076077515e-05
2423.15068660487,523.7626328281522,138.03882988911303,-7094.73429606689,0.003329986086995987,9.0,0.42416666666666664,4200.0,0.00026166547020818376,4.174903210587204e-05
2610.978480677305,513.073725300098,128.53945326343322,-7567.106185979079,0.0032928391021937982,10.0,0.42416666666666664,4200.0,0.0002889447236180905,4.638781345096894e-05
2792.415998386395,500.1088509081122,119.64980618656594,-8013.231192623862,0.003256904504347289,11.0,0.42416666666666664,4200.0,0.0003158650394831299,5.102659479606583e-05
2967.674156038343,485.73856837130427,112.03075884675961,-8435.571930269114,0.003222390974569944,12.0,0.42416666666666664,4200.0,0.0003424264178033022,5.566537614116273e-05
3138.171708546589,470.3612123423159,105.27532492541391,-8839.02268629198,0.003188778309804788,13.0,0.42416666666666664,4200.0,0.00036862885857860727,6.030415748625961e-05
3303.593428147848,454.61726109894965,99.34462018623265,-9224.00958682206,0.0031564756756516958,14.0,0.42416666666666664,4200.0,0.00039698492462311556,6.494293883135652e-05
3465.484817226036,438.4951461587434,93.91600637782179,-9595.310222968954,0.0031248290993229895,15.0,0.42416666666666664,4200.0,0.00042264895908111983,6.95817201764534e-05
3623.0179790413927,422.43905011681596,89.03992724274802,-9952.027506750135,0.0030801908542770658,16.0,0.42416666666666664,4150.0,0.000447954055994257,7.42205015215503e-05
3776.350370546102,406.8084374649251,84.85234577216846,-10294.441614421019,0.003051025908534643,17.0,0.42416666666666664,4150.0,0.0004759511844938981,7.885928286664719e-05
3926.203966872835,391.55362740607296,81.03147880660596,-10625.362752153196,0.0030225801001404545,18.0,0.42416666666666664,4150.0,0.0005007178750897344,8.349806421174408e-05
4073.5700963239183,376.6119830766389,77.31841551060833,-10949.343408611036,0.00299452301171856,19.0,0.42416666666666664,4150.0,0.0005285355348169418,8.813684555684099e-05
4217.91577580535,362.4831091665882,74.09781322740011,-11260.793416234053,0.0029674341354634145,20.0,0.42416666666666664,4150.0,0.0005527638190954774,9.277562690193788e-05
4358.614800505031,349.35824938575496,71.17685104175432,-11563.706854721539,0.002941144976917627,21.0,0.42416666666666664,4150.0,0.0005766331658291458,9.741440824703478e-05
4495.737471998569,337.23454916752036,68.50594878922296,-11856.955810468768,0.0029156427307570703,22.0,0.42416666666666664,4150.0,0.0006040918880114859,0.00010205318959213166
4632.540402834568,325.58274431653837,65.73075326098655,-12146.699225048731,0.0028901628500218905,23.0,0.42416666666666664,4150.0,0.0006315506101938263,0.00010669197093722854
4766.018772639213,314.88302413197187,63.32195869681699,-12427.44135943969,0.002865606982225989,24.0,0.42416666666666664,4150.0,0.0006547020818377602,0.00011133075228232546
4895.340512838626,305.1192028374789,61.343253365096864,-12697.435238443366,0.002842059854788637,25.0,0.42416666666666664,4150.0,0.0006819813352476669,0.00011596953362742235
5024.9451159442115,295.43474067302384,58.9902225402374,-12968.259552269163,0.0028180571006157524,26.0,0.42416666666666664,4150.0,0.0007045944005743001,0.00012060831497251923
5150.308818202145,286.90566981897456,57.25120689140939,-13226.545593220966,0.0027958319426441246,27.0,0.42416666666666664,4150.0,0.0007316941852117732,0.00012524709631761612
5274.734104540257,278.4963060987214,55.43583147986455,-13482.599170624104,0.0027732410982479246,28.0,0.42416666666666664,4150.0,0.0007537688442211056,0.00012988587766271303
5396.707959990512,270.6369689856146,53.713505736387404,-13733.573994747734,0.0027512134826959047,29.0,0.42416666666666664,4150.0,0.000780689160086145,0.00013452465900780993
5515.606082639523,263.3666080440949,52.18831099266568,-13976.50040492999,0.0027301708331108378,30.0,0.42416666666666664,4150.0,0.0008076094759511844,0.0001391634403529068
0.0,0.0,0.0,-2.1237246499294997,0.003506997731021188,0.0,0.4645833333333333,4250.0,0.0,
397.5985072401346,208.43489104716858,80.08971279212282,-1226.9183815247889,0.003450063184112491,1.0,0.4645833333333333,4250.0,3.2304379038047376e-05,4.638781345096894e-06
719.7955244446006,332.47221395618345,124.72680808936184,-2233.2273491986853,0.0033815605735966355,2.0,0.4645833333333333,4200.0,6.281407035175879e-05,9.277562690193787e-06
997.135422065101,408.0862515434084,146.28381818577373,-3088.234038517061,0.0033367968644497075,3.0,0.4645833333333333,4200.0,9.206748025843503e-05,1.3916344035290682e-05
1245.3511480588609,453.73799944437815,154.56239210660513,-3833.8960177599292,0.003294747614811759,4.0,0.4645833333333333,4200.0,0.00012132089016511126,1.8555125380387575e-05
1473.1698416813285,479.890895197997,155.10653358686778,-4497.380153610815,0.0032549205180283196,5.0,0.4645833333333333,4200.0,0.00014985642498205313,2.319390672548447e-05
1685.7098938130894,492.9370005107578,151.22117544710628,-5097.091650208327,0.0032170457024330535,6.0,0.4645833333333333,4200.0,0.00017767408470926058,2.7832688070581364e-05
1886.6180693538133,496.9479342790306,144.69252627516158,-5646.746832273457,0.0031807022973726136,7.0,0.4645833333333333,4200.0,0.00020603015075376885,3.247146941567826e-05
2077.87631716326,494.65588479618435,136.85415485197467,-6155.070487577475,0.0031458790824859867,8.0,0.4645833333333333,4200.0,0.00023402727925340988,3.711025076077515e-05
2261.0151620392157,488.00595263310174,128.49553778985788,-6629.190554422763,0.003112405201010439,9.0,0.4645833333333333,4200.0,0.00026166547020818376,4.174903210587204e-05
2437.702589051857,478.27609748844446,119.68602780794292,-7075.508806620506,0.003080055435208463,10.0,0.4645833333333333,4200.0,0.0002889447236180905,4.638781345096894e-05
2608.5635749310886,466.4052690284161,111.41741753211176,-7497.683472174474,0.003048717564692857,11.0,0.4645833333333333,4200.0,0.0003158650394831299,5.102659479606583e-05
2773.7702937130402,453.20169022022617,104.32634536547602,-7897.918920552955,0.0030185770815688395,12.0,0.4645833333333333,4200.0,0.0003424264178033022,5.566537614116273e-05
2934.6468154641066,439.0391267707047,98.03932615693647,-8280.822260566121,0.0029891841505592827,13.0,0.4645833333333333,4200.0,0.00036862885857860727,6.030415748625961e-05
3090.868380576699,424.51199749013807,92.52233698192802,-8646.626803125931,0.0029608996376494744,14.0,0.4645833333333333,4200.0,0.00039698492462311556,6.494293883135652e-05
3243.8945641212513,409.6139350492022,87.46476612134536,-8999.918115018838,0.0029331540342646388,15.0,0.4645833333333333,4200.0,0.00042264895908111983,6.95817201764534e-05
3392.927358323036,394.7454715857912,82.93083898695487,-9339.717891298998,0.002906220420344055,16.0,0.4645833333333333,4200.0,0.000447954055994257,7.42205015215503e-05
3538.090118277186,380.26773661952257,79.02894625571862,-9666.155531621655,0.002880287807328291,17.0,0.4645833333333333,4200.0,0.0004759511844938981,7.885928286664719e-05
3680.0688696302245,366.1090009031681,75.47273153369005,-9982.018491451701,0.0028421643091132765,18.0,0.4645833333333333,4150.0,0.0005007178750897344,8.349806421174408e-05
3819.803808402684,352.2186060833154,72.01992988250818,-10291.643323327211,0.0028174555251539828,19.0,0.4645833333333333,4150.0,0.0005285355348169418,8.813684555684099e-05
3956.7594894749946,339.05709746930324,69.019681325759,-10589.52354290439,0.002793573302560759,20.0,0.4645833333333333,4150.0,0.0005527638190954774,9.277562690193788e-05
4090.345998283302,326.80168478727376,66.29875310157925,-10879.550181258957,0.0027703703316164356,21.0,0.4645833333333333,4150.0,0.0005766331658291458,9.741440824703478e-05
4220.624011611018,315.4795357844334,63.80796336384599,-11160.568882636057,0.002747839144479246,22.0,0.4645833333333333,4150.0,0.0006040918880114859,0.00010205318959213166
4350.688073536217,304.5935929535996,61.2264310585571,-11438.495156994475,0.002725304150187135,23.0,0.4645833333333333,4150.0,0.0006315506101938263,0.00010669197093722854
4477.662229011197,294.59547924865905,58.986496131274826,-11708.088545902516,0.00270356337283759,24.0,0.4645833333333333,4150.0,0.0006547020818377602,0.00011133075228232546
4600.746511248742,285.4677202021825,57.149622096683174,-11967.465754606688,0.0026826961643782636,25.0,0.4645833333333333,4150.0,0.0006819813352476669,0.00011596953362742235
4724.199380838125,276.41932450084306,54.95870296796272,-12227.87992938915,0.002661404944252785,26.0,0.4645833333333333,4150.0,0.0007045944005743001,0.00012060831497251923
4843.638183833771,268.44102775977245,53.33612392104656,-12476.32281888972,0.002641668110438723,27.0,0.4645833333333333,4150.0,0.0007316941852117732,0.00012524709631761612
4962.276901898772,260.5766419838797,51.64252928246041,-12722.87438817881,0.0026215919395089255,28.0,0.4645833333333333,4150.0,0.0007537688442211056,0.00012988587766271303
5078.637599255635,253.2263057222065,50.04089226461306,-12964.804152660567,0.0026019980478326683,29.0,0.4645833333333333,4150.0,0.000780689160086145,0.00013452465900780993
5192.108882454935,246.4275107452913,48.62070704633311,-13198.982222638762,0.0025832606085514093,30.0,0.4645833333333333,4150.0,0.0008076094759511844,0.0001391634403529068
0.0,0.0,0.0,-2.1237246499294997,0.0032305871716596084,0.0,0.505,4250.0,0.0,
366.736137011711,192.20434904301132,73.84532521410176,-1131.9713567274885,0.003182329309074737,1.0,0.505,4250.0,3.2304379038047376e-05,4.638781345096894e-06
664.4863232583156,306.7760185834927,115.06406323045346,-2062.497112797777,0.0031226153352517595,2.0,0.505,4200.0,6.281407035175879e-05,9.277562690193787e-06
921.2663441405128,376.78024462954767,135.02648993170396,-2854.9647670842533,0.0030845182243774126,3.0,0.505,4200.0,9.206748025843503e-05,1.3916344035290682e-05
1151.497603367365,419.1869503558686,142.74595808598923,-3547.6161110525645,0.003048665087440765,4.0,0.505,4200.0,0.00012132089016511126,1.8555125380387575e-05
1363.1639671959224,443.6125343993272,143.323186635258,-4165.234090135367,0.0030146469542162,5.0,0.505,4200.0,0.00014985642498205313,2.319390672548447e-05
1560.9388896011044,455.9293996624539,139.80261483886196,-4724.612345551621,0.0029822416616555915,6.0,0.505,4200.0,0.00017767408470926058,2.7832688070581364e-05
1748.159295757077,459.89498243817536,133.8230886097309,-5238.289530213573,0.002951096193373638,7.0,0.505,4200.0,0.00020603015075376885,3.247146941567826e-05
1926.623751786382,458.0125367832038,126.62324368600453,-5714.210435612869,0.0029212069198129077,8.0,0.505,4200.0,0.00023402727925340988,3.711025076077515e-05
2097.7223102369144,452.08944480400095,118.92791917648174,-6158.872413966608,0.002892432538590974,9.0,0.505,4200.0,0.00026166547020818376,4.174903210587204e-05
2262.9851276977474,443.28814679101646,110.8052229954721,-6578.145986635289,0.0028645833895962567,10.0,0.505,4200.0,0.0002889447236180905,4.638781345096894e-05
2422.97329648905,432.4849028514211,103.16110787870369,-6975.358202460571,0.00283756759292554,11.0,0.505,4200.0,0.0003158650394831299,5.102659479606583e-05
2577.823554085122,420.42579521047367,96.59865326308815,-7352.468168152533,0.002811547782963269,12.0,0.505,4200.0,0.0003424264178033022,5.566537614116273e-05
2728.7649111578708,407.45946850435337,90.77829154535617,-7713.787981693618,0.0027861396154960157,13.0,0.505,4200.0,0.00036862885857860727,6.030415748625961e-05
2875.4677438391877,394.13424281611816,85.67556602883957,-8059.379894105223,0.002761657195991426,14.0,0.505,4200.0,0.00039698492462311556,6.494293883135652e-05
3019.303552372334,380.4492897043699,80.99383341318853,-8393.619128463411,0.0027376105187572404,15.0,0.505,4200.0,0.00042264895908111983,6.95817201764534e-05
3159.505259748138,366.7745677453658,76.798987767539,-8715.482530758243,0.00271423903984612,16.0,0.505,4200.0,0.000447954055994257,7.42205015215503e-05
3296.1672328917307,353.4280709151618,73.18692631562482,-9025.02898704147,0.0026917087484900322,17.0,0.505,4200.0,0.0004759511844938981,7.885928286664719e-05
3429.9383989672224,340.3646412258567,69.8956348802563,-9324.79982673264,0.0026697083702648216,18.0,0.505,4200.0,0.0005007178750897344,8.349806421174408e-05
3561.701813893943,327.53544071399676,66.70074822554497,-9618.967933796092,0.0026479456692196147,19.0,0.505,4200.0,0.0005285355348169418,8.813684555684099e-05
3690.9294599090217,315.35037113511277,63.9217278074473,-9902.216414575967,0.002615085752412601,20.0,0.505,4150.0,0.0005527638190954774,9.277562690193788e-05
3817.066451099978,303.9748657343019,61.403668937125104,-10178.355581009615,0.002594840432545048,21.0,0.505,4150.0,0.0005766331658291458,9.741440824703478e-05
3940.1602575456523,293.4532189422558,59.09368524851705,-10446.158895366585,0.0025751610109123247,22.0,0.505,4150.0,0.0006040918880114859,0.00010205318959213166
4063.1452983750437,283.3422117117008,56.71102039681232,-10711.275863470168,0.00255545739711863,23.0,0.505,4150.0,0.0006315506101938263,0.00010669197093722854
4183.272914964668,274.0517322415861,54.633467071181556,-10968.73684319773,0.0025364279479485287,24.0,0.505,4150.0,0.0006547020818377602,0.00011133075228232546
4299.785486097508,265.56684722382204,52.9381071666208,-11216.550306406163,0.0025181455597191173,25.0,0.505,4150.0,0.0006819813352476669,0.00011596953362742235
4416.745228662332,257.15933669624934,50.90982739425645,-11465.588495559823,0.002499473765313464,26.0,0.505,4150.0,0.0007045944005743001,0.00012060831497251923
4529.924600607023,249.73774616144973,49.404482821213804,-11703.269579804386,0.002482145128682153,27.0,0.505,4150.0,0.0007316941852117732,0.00012524709631761612
4642.441209833469,242.42800478012165,47.83348620170949,-11939.389743536805,0.0024645053798361986,28.0,0.505,4150.0,0.0007537688442211056,0.00012988587766271303
4752.851301258661,235.58997078985038,46.35261576018116,-12171.346305873318,0.0024472730768870824,29.0,0.505,4150.0,0.000780689160086145,0.00013452465900780993
4860.57126335625,229.27035358342494,45.03786662053048,-12395.886833198274,0.002430776274027894,30.0,0.505,4150.0,0.0008076094759511844,0.0001391634403529068
0.0,0.0,0.0,-2.1237246499294997,0.00295620207900642,0.0,0.5454166666666667,4250.0,0.0,
336.01777206110995,176.0577509946141,67.63373443125634,-1037.4457731651273,0.002915839942525489,1.0,0.5454166666666667,4250.0,3.2304379038047376e-05,4.638781345096894e-06
609.3393376651653,281.17885265880034,105.44210037779834,-1892.141599722825,0.002864283377141576,2.0,0.5454166666666667,4200.0,6.281407035175879e-05,9.277562690193787e-06
845.4966709000572,345.55674109018895,123.80332002122947,-2621.724339152024,0.0028322910894000965,3.0,0.5454166666666667,4200.0,9.206748025843503e-05,1.3916344035290682e-05
1057.616352255229,384.6818273458467,130.95293799574804,-3260.814556251651,0.00280212818084458,4.0,0.5454166666666667,4200.0,0.00012132089016511126,1.8555125380387575e-05
1252.9584829776616,407.3368728289574,131.55015011853556,-3831.8717232907075,0.002773459241610495,5.0,0.5454166666666667,4200.0,0.00014985642498205313,2.319390672548447e-05
1435.763189844233,418.8841032037865,128.3817805055942,-4350.117751685866,0.002746103832678061,6.0,0.5454166666666667,4200.0,0.00017767408470926058,2.7832688070581364e-05
1609.0621396184022,422.75853491604886,122.94190730044217,-4826.938653844205,0.0027197696787873643,7.0,0.5454166666666667,4200.0,0.00020603015075376885,3.247146941567826e-05
1774.4766917990396,421.25016378435754,116.37294801761452,-5269.521150250468,0.0026944583817739547,8.0,0.5454166666666667,4200.0,0.00023402727925340988,3.711025076077515e-05
1933.260415133114,416.01427660574143,109.3363589254429,-5683.747017024929,0.0026700548009186294,9.0,0.5454166666666667,4200.0,0.00026166547020818376,4.174903210587204e-05
2086.8083117874894,408.11051779323213,101.89727368096341,-6074.963828888933,0.002646401191524123,10.0,0.5454166666666667,4200.0,0.0002889447236180905,4.638781345096894e-05
2235.6204124169003,398.34804347627573,94.8783650478107,-6446.177263147809,0.002623423217168228,11.0,0.5454166666666667,4200.0,0.0003158650394831299,5.102659479606583e-05
2379.80107308376,387.418021814907,88.84563087845976,-6799.111820767015,0.0026012617403011625,12.0,0.5454166666666667,4200.0,0.0003424264178033022,5.566537614116273e-05
2520.484041446992,375.6315767665342,83.49594284623284,-7137.77956533587,0.0025795922348940637,13.0,0.5454166666666667,4200.0,0.00036862885857860727,6.030415748625961e-05
2657.3394503821914,363.48977617371895,78.80462662234922,-7462.091498853617,0.0025586847495794795,14.0,0.5454166666666667,4200.0,0.00039698492462311556,6.494293883135652e-05
2791.6471487498043,350.9986046741658,74.50442101573854,-7776.195694459471,0.002538122863946396,15.0,0.5454166666666667,4200.0,0.00042264895908111983,6.95817201764534e-05
2922.6750907344044,338.5075240569892,70.64465226282012,-8079.0391905925135,0.002518113953783787,16.0,0.5454166666666667,4200.0,0.000447954055994257,7.42205015215503e-05
3050.4925650508626,326.2928402930239,67.32491961273266,-8370.619819944499,0.0024988014308404425,17.0,0.5454166666666667,4200.0,0.0004759511844938981,7.885928286664719e-05
3175.707305213519,314.33091110006023,64.29756036844375,-8653.258268024794,0.002479921738422484,18.0,0.5454166666666667,4200.0,0.0005007178750897344,8.349806421174408e-05
3299.146553570599,302.5535598380104,61.361101223400645,-8930.960936567768,0.0024612231859954463,19.0,0.5454166666666667,4200.0,0.0005285355348169418,8.813684555684099e-05
3420.292228820354,291.35383332645875,58.80418441995947,-9198.62529691626,0.002443129503245299,20.0,0.5454166666666667,4200.0,0.0005527638190954774,9.277562690193788e-05
3538.6224194747397,280.863751655581,56.49327814930097,-9459.731116753996,0.002425498280836698,21.0,0.5454166666666667,4200.0,0.0005766331658291458,9.741440824703478e-05
3654.1812333571593,271.15861436006617,54.36603312750489,-9713.188055961364,0.002408345246526222,22.0,0.5454166666666667,4200.0,0.0006040918880114859,0.00010205318959213166
3769.721976964302,261.82316676521117,52.177190688962625,-9964.39323616407,0.0023804507231207205,23.0,0.5454166666666667,4150.0,0.0006315506101938263,0.00010669197093722854
3882.6445030261134,253.2458248313841,50.263067526135,-10208.673109438743,0.002364016168740878,24.0,0.5454166666666667,4150.0,0.0006547020818377602,0.00011133075228232546
3992.2327152739676,245.41725536409425,48.7088931041108,-10443.909660978723,0.00234821143673707,25.0,0.5454166666666667,4150.0,0.0006819813352476669,0.00011596953362742235
4102.333097716854,237.65095758968027,46.84373458368395,-10680.537176757309,0.0023320542599055837,26.0,0.5454166666666667,4150.0,0.0007045944005743001,0.00012060831497251923
4208.904536128,230.79249247337376,45.45645234399643,-10906.469038677998,0.002317041815736092,27.0,0.5454166666666667,4150.0,0.0007316941852117732,0.00012524709631761612
4314.936773926609,224.04281136469092,44.01276107597863,-11131.156958995169,0.0023017481594454397,28.0,0.5454166666666667,4150.0,0.0007537688442211056,0.00012988587766271303
4419.04165162917,217.7302328061556,42.648825501406634,-11352.138223285649,0.002286793331470924,29.0,0.5454166666666667,4150.0,0.000780689160086145,0.00013452465900780993
4520.657071877347,211.88754899214774,41.43986556500853,-11566.07839305343,0.0022724612018166952,30.0,0.5454166666666667,4150.0,0.0008076094759511844,0.0001391634403529068
0.0,0.0,0.0,-2.1237246499294997,0.002683808789534078,0.0,0.5858333333333333,4250.0,0.0,
305.4415142904838,159.99381597282508,61.45542454505945,-943.3366879835958,0.0026505803514820818,1.0,0.5858333333333333,4250.0,3.2304379038047376e-05,4.638781345096894e-06
554.3550508840086,255.68102057700605,95.86264050866166,-1722.1584952770572,0.0026065613253431607,2.0,0.5858333333333333,4200.0,6.281407035175879e-05,9.277562690193787e-06
769.8227144719338,314.4114030554612,112.61482102890886,-2388.5148851356353,0.0025801188588152257,3.0,0.5858333333333333,4200.0,9.206748025843503e-05,1.3916344035290682e-05
963.7066281660343,350.22053544394925,119.18177617133645,-2973.4969433924925,0.002555143419923941,4.0,0.5858333333333333,4200.0,0.00012132089016511126,1.8555125380387575e-05
1142.5540517282825,371.0633141617028,119.78581231503436,-3497.299217314925,0.0025313641854811286,5.0,0.5858333333333333,4200.0,0.00014985642498205313,2.319390672548447e-05
1310.1813687995639,381.79879645197747,116.95806650315434,-3973.6107802878178,0.0025086369041074368,6.0,0.5858333333333333,4200.0,0.00017767408470926058,2.7832688070581364e-05
1469.3228717099269,385.53821369298845,112.04905711945433,-4412.690401881977,0.0024867231424837138,7.0,0.5858333333333333,4200.0,0.00020603015075376885,3.247146941567826e-05
1621.428032434051,384.3679512057508,106.10457531836875,-4820.986942597468,0.0024656281369029205,8.0,0.5858333333333333,4200.0,0.00023402727925340988,3.711025076077515e-05
1767.618005934146,379.7802972000781,99.72137366592982,-5203.7825570300265,0.00244525938308367,9.0,0.5858333333333333,4200.0,0.00026166547020818376,4.174903210587204e-05
1909.1546603988013,372.7436805966107,92.96254472488869,-5565.910497781835,0.0024254876715150767,10.0,0.5858333333333333,4200.0,0.0002889447236180905,4.638781345096894e-05
2046.4801055429955,364.0014960130728,86.56885681400517,-5910.063046281626,0.00240625397942198,11.0,0.5858333333333333,4200.0,0.0003158650394831299,5.102659479606583e-05
2179.670113641047,354.1738918183364,81.06684381908535,-6237.744112431443,0.0023876779757065285,12.0,0.5858333333333333,4200.0,0.0003424264178033022,5.566537614116273e-05
2309.7614988586465,343.54555019829917,76.18874150558611,-6552.656872766835,0.0023694901871573583,13.0,0.5858333333333333,4200.0,0.00036862885857860727,6.030415748625961e-05
2436.4309978004844,332.5765377653039,71.91050557155204,-6854.585087354986,0.0023519187064548084,14.0,0.5858333333333333,4200.0,0.00039698492462311556,6.494293883135652e-05
2560.8600838463462,321.2693973173282,67.99149568201751,-7147.429126542469,0.0023346154671782505,15.0,0.5858333333333333,4200.0,0.00042264895908111983,6.95817201764534e-05
2682.358622244563,309.9421467303447,64.46813589315084,-7430.1245296087,0.002317756860895975,16.0,0.5858333333333333,4200.0,0.000447954055994257,7.42205015215503e-05
2800.974104024412,298.86453983882745,61.44370336000507,-7702.616262439762,0.00230146489135811,17.0,0.5858333333333333,4200.0,0.0004759511844938981,7.885928286664719e-05
2917.269835308726,287.9900859311749,58.68062053873612,-7967.004858034314,0.002285519913083931,18.0,0.5858333333333333,4200.0,0.0005007178750897344,8.349806421174408e-05
3032.0151845155715,277.27397602586245,56.00519243736647,-8227.106788001402,0.002269708436728988,19.0,0.5858333333333333,4200.0,0.0005285355348169418,8.813684555684099e-05
3144.7051738225496,267.0560215867563,53.67022657856873,-8478.07736866486,0.002254391294403605,20.0,0.5858333333333333,4200.0,0.0005527638190954774,9.277562690193788e-05
3254.8586273676424,257.46660376201066,51.564431360945825,-8723.125033003816,0.002239448359638498,21.0,0.5858333333333333,4200.0,0.0005766331658291458,9.741440824703478e-05
3362.5076409548924,248.5832635959386,49.62331088607788,-8961.219445792667,0.002224895267950608,22.0,0.5858333333333333,4200.0,0.0006040918880114859,0.00010205318959213166
3470.224793919588,240.03112940823982,47.62514770147737,-9197.404848263788,0.0022102979394977677,23.0,0.5858333333333333,4200.0,0.0006315506101938263,0.00010669197093722854
3575.562611640865,232.1760359376766,45.87578073695102,-9427.263412640561,0.002196155863728653,24.0,0.5858333333333333,4200.0,0.0006547020818377602,0.00011133075228232546
3677.851266283228,225.00760733206133,44.46213550591796,-9648.787517653152,0.002182558244009874,25.0,0.5858333333333333,4200.0,0.0006819813352476669,0.00011596953362742235
3780.7069720399145,217.89045729363647,42.76059608352037,-9871.8482462846,0.0021589299900638733,26.0,0.5858333333333333,4150.0,0.0007045944005743001,0.00012060831497251923
3880.295504759631,211.60176475957465,41.49220202080446,-10084.970554844629,0.0021461289021263456,27.0,0.5858333333333333,4150.0,0.0007316941852117732,0.00012524709631761612
3979.462605644901,205.4180982807892,40.177462192197666,-10297.148632490971,0.0021330778692558766,28.0,0.5858333333333333,4150.0,0.0007537688442211056,0.00012988587766271303
4076.881470595589,199.63559284251005,38.929705882600416,-10506.073278871241,0.0021203034204273475,29.0,0.5858333333333333,4150.0,0.000780689160086145,0.00013452465900780993
4172.017867054379,194.27626421964322,37.83102157107206,-10708.372102833942,0.002108047315419939,30.0,0.5858333333333333,4150.0,0.0008076094759511844,0.0001391634403529068
0.0,0.0,0.0,-2.1237246499294997,0.0024133745312897945,0.0,0.62625,4250.0,0.0,
275.0062023340742,144.01255467049276,55.31059511926735,-849.6392699650896,0.0023865361344814844,1.0,0.62625,4250.0,3.2304379038047376e-05,4.638781345096894e-06
499.5303335389411,230.2812176156937,86.32187885967113,-1552.556164690075,0.0023631192267071694,2.0,0.62625,4250.0,6.281407035175879e-05,9.277562690193787e-06
694.2466105251659,283.34856181238894,101.46254730634583,-2155.338679972403,0.0023280049608864085,3.0,0.62625,4200.0,9.206748025843503e-05,1.3916344035290682e-05
869.7698501532403,315.80730148928774,107.43562041759587,-2685.668948748731,0.0023077174670817074,4.0,0.62625,4200.0,0.00012132089016511126,1.8555125380387575e-05
1031.951158799774,334.79639361525454,108.03437399727748,-3161.52289732841,0.0022883688561208277,5.0,0.62625,4200.0,0.00014985642498205313,2.319390672548447e-05
1184.1933713662654,344.67710227545973,105.53509256840088,-3595.0953627816853,0.0022698458271882345,6.0,0.62625,4200.0,0.00017767408470926058,2.7832688070581364e-05
1328.9378739326414,348.23827262609814,101.14619855384174,-3995.541486744609,0.002251957609658394,7.0,0.62625,4200.0,0.00020603015075376885,3.247146941567826e-05
1467.470579381539,347.36577321147877,95.8193466259711,-4368.593329901632,0.0022347114358046293,8.0,0.62625,4200.0,0.00023402727925340988,3.711025076077515e-05
1600.7832875151685,343.39044498439495,90.08492830828594,-4718.948969474666,0.0022180343485471705,9.0,0.62625,4200.0,0.00026166547020818376,4.174903210587204e-05
1730.0065796950032,337.1887348029459,84.00144465119433,-5050.935081360687,0.002201822569404381,10.0,0.62625,4200.0,0.0002889447236180905,4.638781345096894e-05
1855.5276897825204,329.44177182387557,78.23296719650642,-5366.940296382403,0.0021860299808669206,11.0,0.62625,4200.0,0.0003158650394831299,5.102659479606583e-05
1977.3970679491752,320.6892043821535,73.26273611788992,-5668.260070470838,0.002170756365012469,12.0,0.62625,4200.0,0.0003424264178033022,5.566537614116273e-05
2096.5545170223945,311.1989069395292,68.85855956878795,-5958.281460038925,0.002155782022603315,13.0,0.62625,4200.0,0.00036862885857860727,6.030415748625961e-05
2212.6875881667734,301.38594980780545,64.99524297173944,-6236.684241816525,0.0021412959478728194,14.0,0.62625,4200.0,0.00039698492462311556,6.494293883135652e-05
2326.87549605116,291.2532311796905,61.45538479551125,-6507.1006313260805,0.0021270127075358647,15.0,0.62625,4200.0,0.00042264895908111983,6.95817201764534e-05
2438.4773990890444,281.0861920148096,58.27286649289746,-6768.473773627258,0.0021130792264865837,16.0,0.62625,4200.0,0.000447954055994257,7.42205015215503e-05
2547.5177809608326,271.1282094490347,55.5421908523821,-7020.703584858034,0.002099597469924891,17.0,0.62625,4200.0,0.0004759511844938981,7.885928286664719e-05
2654.5161852582946,261.34409771804025,53.04503260311107,-7265.672786069452,0.002086387667492837,18.0,0.62625,4200.0,0.0005007178750897344,8.349806421174408e-05
2760.179896396034,251.68484995018792,50.62881799861133,-7506.981357103716,0.002073272266080618,19.0,0.62625,4200.0,0.0005285355348169418,8.813684555684099e-05
2864.0261705457406,242.4634126870772,48.51794670322369,-7740.07394868182,0.0020605525735316117,20.0,0.62625,4200.0,0.0005527638190954774,9.277562690193788e-05
2965.6101869129056,233.77662938980754,46.61617830421275,-7967.8820511028825,0.002048129131940071,21.0,0.62625,4200.0,0.0005766331658291458,9.741440824703478e-05
3064.959684158493,225.72247911998082,44.86179910818419,-8189.4404983673085,0.002036016865742806,22.0,0.62625,4200.0,0.0006040918880114859,0.00010205318959213166
3164.4489071422236,217.96373166148982,43.055095757134815,-8409.453530095598,0.0020238544419894067,23.0,0.62625,4200.0,0.0006315506101938263,0.00010669197093722854
3261.802847914831,210.83627169268837,41.4789532554488,-8623.754889754156,0.002012058090780658,24.0,0.62625,4200.0,0.0006547020818377602,0.00011133075228232546
3356.395420542736,204.33481479450688,40.19804428611057,-8830.463044448312,0.002000704598930908,25.0,0.62625,4200.0,0.0006819813352476669,0.00011596953362742235
3451.5978363380837,197.87553501274976,38.660586390464914,-9038.898667710382,0.0019890664479907173,26.0,0.62625,4200.0,0.0007045944005743001,0.00012060831497251923
3543.8040694290116,192.16493675574102,37.51193023363543,-9238.005593430164,0.0019782376945959197,27.0,0.62625,4200.0,0.0007316941852117732,0.00012524709631761612
3635.7014536333827,186.55019653895732,36.32918383905533,-9436.447245873678,0.001967193428706977,28.0,0.62625,4200.0,0.0007537688442211056,0.00012988587766271303
3726.028024715488,181.30295429921787,35.195437700925886,-9632.054618945673,0.001956360402820433,29.0,0.62625,4200.0,0.000780689160086145,0.00013452465900780993
3814.286965045271,176.43527623937493,34.20745930270026,-9821.548374458063,0.001945955204277406,30.0,0.62625,4200.0,0.0008076094759511844,0.0001391634403529068
0.0,0.0,0.0,-2.1237246499294997,0.0021448674001800726,0.0,0.6666666666666666,4250.0,0.0,
244.7102780950102,128.1131604208441,49.19904472345726,-756.3487957834004,0.0021236932099104482,1.0,0.6666666666666666,4250.0,3.2304379038047376e-05,4.638781345096894e-06
444.86335890237257,204.9785372343808,76.82131354219226,-1383.3578700451108,0.0021051803040640455,2.0,0.6666666666666666,4250.0,6.281407035175879e-05,9.277562690193787e-06
618.7647268016237,252.36537977180424,90.34301604628568,-1922.1980208445893,0.0020759528883640254,3.0,0.6666666666666666,4200.0,9.206748025843503e-05,1.3916344035290682e-05
775.8038189586653,281.4409113087978,95.71141348920652,-2397.336301228097,0.0020598571198782215,4.0,0.6666666666666666,4200.0,0.00012132089016511126,1.8555125380387575e-05
921.148213758669,298.5346851039118,96.29355284019015,-2824.5497340875445,0.002044480467958138,5.0,0.6666666666666666,4200.0,0.00014985642498205313,2.319390672548447e-05
1057.7967283611658,307.51682934780735,94.11232660748126,-3214.575738487336,0.0020297360009864096,6.0,0.6666666666666666,4200.0,0.00017767408470926058,2.7832688070581364e-05
1187.9048637591056,310.85991431632624,90.23510751249414,-3575.489671994321,0.00201547458994235,7.0,0.6666666666666666,4200.0,0.00020603015075376885,3.247146941567826e-05
1312.5977412317368,310.24555611109497,85.51673774351208,-3912.3272027544444,0.0020017041571462643,8.0,0.6666666666666666,4200.0,0.00023402727925340988,3.711025076077515e-05
1432.7448516086295,306.8467241141116,80.42573114216519,-4229.2172653741145,0.001988368611061793,9.0,0.6666666666666666,4200.0,0.00026166547020818376,4.174903210587204e-05
1549.3467196385454,301.45223111116206,75.01436987423497,-4529.988723707815,0.001975386328851651,10.0,0.6666666666666666,4200.0,0.0002889447236180905,4.638781345096894e-05
1662.7382800975206,294.66596735892375,69.87109098013421,-4816.735031271492,0.0019627222601737155,11.0,0.6666666666666666,4200.0,0.0003158650394831299,5.102659479606583e-05
1772.948410160531,286.9645583744943,65.43484397606889,-5090.556569170301,0.0019504574667098295,12.0,0.6666666666666666,4200.0,0.0003424264178033022,5.566537614116273e-05
1880.820435522707,278.5923880717142,61.50523260419511,-5354.516128974363,0.0019384170090049418,13.0,0.6666666666666666,4200.0,0.00036862885857860727,6.030415748625961e-05
1986.0537572635096,269.9174227824771,58.05746139903121,-5608.213163171662,0.001926753820710554,14.0,0.6666666666666666,4200.0,0.00039698492462311556,6.494293883135652e-05
2089.6270007836583,260.94548461825525,54.89641985267356,-5854.992212813479,0.0019152390613694237,15.0,0.6666666666666666,4200.0,0.00042264895908111983,6.95817201764534e-05
2190.9494514189705,251.9325807131659,52.05899581576842,-6093.82106405963,0.0019039924160723842,16.0,0.6666666666666666,4200.0,0.000447954055994257,7.42205015215503e-05
2290.0267058267564,243.0874913179888,49.61898697291859,-6324.565513224952,0.0018930968754287988,17.0,0.6666666666666666,4200.0,0.0004759511844938981,7.885928286664719e-05
2387.3331883927194,234.3903423056154,47.38915725415802,-6548.8916487670285,0.0018824087878912346,18.0,0.6666666666666666,4200.0,0.0005007178750897344,8.349806421174408e-05
2483.511573441003,225.7889649625884,45.23206545464862,-6770.154734466938,0.0018717839591135513,19.0,0.6666666666666666,4200.0,0.0005285355348169418,8.813684555684099e-05
2578.105255234262,217.56089530603353,43.347383321906705,-6984.1233054585755,0.001861467929927828,20.0,0.6666666666666666,4200.0,0.0005527638190954774,9.277562690193788e-05
2670.7106881844497,209.78933616112047,41.64874602131996,-7193.4450365556695,0.0018513803226543164,21.0,0.6666666666666666,4200.0,0.0005766331658291458,9.741440824703478e-05
2761.3465840917265,202.57218374195702,40.0817101809854,-7397.22576536698,0.001841534806498464,22.0,0.6666666666666666,4200.0,0.0006040918880114859,0.00010205318959213166
2852.1855826461524,195.6162890469458,38.467261136640786,-7599.801948066779,0.0018316375773225523,23.0,0.6666666666666666,4200.0,0.0006315506101938263,0.00010669197093722854
2941.1299959347803,189.22517104974338,37.06499812321052,-7797.292567576114,0.0018220273271448402,24.0,0.6666666666666666,4200.0,0.0006547020818377602,0.00011133075228232546
3027.609962626702,183.39409029498407,35.91681220488633,-7987.953704445441,0.0018127685261365098,25.0,0.6666666666666666,4200.0,0.0006819813352476669,0.00011596953362742235
3114.7226785752587,177.6019533586463,34.54390267588623,-8180.487831841994,0.0018032677789248139,26.0,0.6666666666666666,4200.0,0.0007045944005743001,0.00012060831497251923
3199.127075402111,172.47554877346147,33.51987240293229,-8364.432710283887,0.0017944171130519718,27.0,0.6666666666666666,4200.0,0.0007316941852117732,0.00012524709631761612
3283.318580385992,167.43904387159193,32.465770742820794,-8547.966731786204,0.0017853829449548423,28.0,0.6666666666666666,4200.0,0.0007537688442211056,0.00012988587766271303
3366.121659592266,162.72913719818254,31.447467407304657,-8729.005860868063,0.0017765123196424235,29.0,0.6666666666666666,4200.0,0.000780689160086145,0.00013452465900780993
3447.0760314594413,158.36184847311264,30.56836209471279,-8904.618191117166,0.0017679824033838246,30.0,0.6666666666666666,4200.0,0.0008076094759511844,0.0001391634403529068
0.0,0.0,0.0,-2.1237246499294997,0.0018782563382416211,0.0,0.7070833333333333,4250.0,0.0,
214.55123667000126,112.29386314687966,43.11959545262525,-663.4606470854633,0.0018620378044215786,1.0,0.7070833333333333,4250.0,3.2304379038047376e-05,4.638781345096894e-06
390.3546341719019,179.77426456832254,67.36266679263727,-1214.5254081536987,0.0018478288988378112,2.0,0.7070833333333333,4250.0,6.281407035175879e-05,9.277562690193787e-06
543.3793580754974,221.46467890244318,79.26085921290591,-1689.095238107191,0.0018239661842192063,3.0,0.7070833333333333,4200.0,9.206748025843503e-05,1.3916344035290682e-05
681.810368543545,247.12192368681275,84.01270737421441,-2108.504986712469,0.001811569246497565,4.0,0.7070833333333333,4200.0,0.00012132089016511126,1.8555125380387575e-05
810.1452841528161,262.28013955387746,84.56380177671609,-2486.3868743339553,0.0017997064987308078,5.0,0.7070833333333333,4200.0,0.00014985642498205313,2.319390672548447e-05
930.990614525956,270.32273211932625,82.6879887639171,-2832.05668957311,0.0017883132235148493,6.0,0.7070833333333333,4200.0,0.00017767408470926058,2.7832688070581364e-05
1046.219667073111,273.40519377574486,79.31530249692659,-3152.5337079844467,0.0017772760933801484,7.0,0.7070833333333333,4200.0,0.00020603015075376885,3.247146941567826e-05
1156.8028668274408,273.0074520525848,75.1974668668022,-3452.176395487011,0.0017666029454665847,8.0,0.7070833333333333,4200.0,0.00023402727925340988,3.711025076077515e-05
1263.491509300732,270.15116462778667,70.74596260060265,-3734.560334879643,0.0017562517750440215,9.0,0.7070833333333333,4200.0,0.00026166547020818376,4.174903210587204e-05
1367.1577225543376,265.53355459271995,66.00176707492341,-4003.024130724116,0.0017461603384464294,10.0,0.7070833333333333,4200.0,0.0002889447236180905,4.638781345096894e-05
1468.0870736393224,259.67600989875257,61.4845373924047,-4259.375308265742,0.0017363026789375827,11.0,0.7070833333333333,4200.0,0.0003158650394831299,5.102659479606583e-05
1566.2904687179664,253.0008572973085,57.58312931492105,-4504.5324864346185,0.001726742715347138,12.0,0.7070833333333333,4200.0,0.0003424264178033022,5.566537614116273e-05
1662.5143688622206,245.7256466924857,54.12770955377164,-4741.224879086352,0.0017173452175018003,13.0,0.7070833333333333,4200.0,0.00036862885857860727,6.030415748625961e-05
1756.4739896160522,238.17091311681423,51.097742677748876,-4968.998270456548,0.0017082301265282573,14.0,0.7070833333333333,4200.0,0.00039698492462311556,6.494293883135652e-05
1849.0462014994564,230.34571798348207,48.31495258713509,-5190.886077889983,0.0016992194734809975,15.0,0.7070833333333333,4200.0,0.00042264895908111983,6.95817201764534e-05
1939.6905654326765,222.47426912769615,45.82266243847034,-5405.900837539775,0.0016904077484324485,16.0,0.7070833333333333,4200.0,0.000447954055994257,7.42205015215503e-05
2028.4029175071234,214.7412119004621,43.67438384696196,-5613.884545557739,0.001681860480200955,17.0,0.7070833333333333,4200.0,0.0004759511844938981,7.885928286664719e-05
2115.605452153627,207.1184893174126,41.71507845818281,-5816.288333334509,0.0016734662557377536,18.0,0.7070833333333333,4200.0,0.0005007178750897344,8.349806421174408e-05
2201.876405731814,199.57627485288666,39.81790775080179,-6016.1931882072095,0.00166511136172787,19.0,0.7070833333333333,4200.0,0.0005285355348169418,8.813684555684099e-05
2286.790340827467,192.34560945298682,38.15949152054375,-6209.727189527002,0.0016569899847232853,20.0,0.7070833333333333,4200.0,0.0005527638190954774,9.277562690193788e-05
2369.984976187228,185.50053588496144,36.66239748375815,-6399.247340556205,0.0016490390490380912,21.0,0.7070833333333333,4200.0,0.0005766331658291458,9.741440824703478e-05
2451.4750598979876,179.12693297562433,35.283304385955745,-6583.937446219759,0.0016412705023278553,22.0,0.7070833333333333,4200.0,0.0006040918880114859,0.00010205318959213166
2533.214251471904,172.9815883085035,33.861877505603736,-6767.736278691744,0.0016334524642169592,23.0,0.7070833333333333,4200.0,0.0006315506101938263,0.00010669197093722854
2613.3036518367294,167.33493894392836,32.632809791205126,-6947.083170882732,0.0016258524228140486,24.0,0.7070833333333333,4200.0,0.0006547020818377602,0.00011133075228232546
2691.2252499408714,162.1815831799131,31.62300724550803,-7120.385195700495,0.0016185227964258591,25.0,0.7070833333333333,4200.0,0.0006819813352476669,0.00011596953362742235
2769.788246292784,157.06332617011742,30.41298032837237,-7295.646968108456,0.0016109938154010347,26.0,0.7070833333333333,4200.0,0.0007045944005743001,0.00012060831497251923
2845.9409679450087,152.52828438270495,29.51333023289717,-7463.122588169113,0.0016039714672091757,27.0,0.7070833333333333,4200.0,0.0007316941852117732,0.00012524709631761612
2921.966156553609,148.07643655308016,28.585755466223876,-7630.412614220419,0.00159679754296467,28.0,0.7070833333333333,4200.0,0.0007537688442211056,0.00012988587766271303
2996.7851554750114,143.9108891113456,27.687374697293027,-7795.548766682077,0.0015897460821507048,29.0,0.7070833333333333,4200.0,0.000780689160086145,0.00013452465900780993
3069.9764760872627,140.04936484564868,26.91392056787999,-7955.950354757399,0.001582957683529488,30.0,0.7070833333333333,4200.0,0.0008076094759511844,0.0001391634403529068
0.0,0.0,0.0,-2.1237246499294997,0.0016135110910450523,0.0,0.7474999999999999,4250.0,0.0,
184.5274016817742,96.55370858573285,37.07180604590649,-570.9703052263649,0.001601556445016291,1.0,0.7474999999999999,4250.0,3.2304379038047376e-05,4.638781345096894e-06
336.0005708617008,154.6655494933824,57.942172283403956,-1046.0567296685185,0.0015910621397648456,2.0,0.7474999999999999,4250.0,6.281407035175879e-05,9.277562690193787e-06
468.0869841904299,190.642226800491,68.21032137317195,-1456.062570583883,0.001581255609989427,3.0,0.7474999999999999,4250.0,9.206748025843503e-05,1.3916344035290682e-05
587.7882448479529,212.85208640584332,72.33737506708086,-1819.181183729852,0.0015628608046582893,4.0,0.7474999999999999,4200.0,0.00012132089016511126,1.8555125380387575e-05
698.9438832780043,226.0363486276191,72.84878777326205,-2147.041723858405,0.0015540546601143252,5.0,0.7474999999999999,4200.0,0.00014985642498205313,2.319390672548447e-05
803.773597876471,233.09352072838232,71.26476771542005,-2447.543886294283,0.0015455836023162905,6.0,0.7474999999999999,4200.0,0.00017767408470926058,2.7832688070581364e-05
903.8795448519429,235.87697150076485,68.38598133809144,-2726.67304318455,0.0015373647305697632,7.0,0.7474999999999999,4200.0,0.00020603015075376885,3.247146941567826e-05
1000.0796978583766,235.65589610175147,64.86206411943289,-2988.130209050476,0.001529405064268022,8.0,0.7474999999999999,4200.0,0.00023402727925340988,3.711025076077515e-05
1093.012151041464,233.3048309605686,61.04420283438107,-3234.9524830905502,0.0015216743528186146,9.0,0.7474999999999999,4200.0,0.00026166547020818376,4.174903210587204e-05
1183.4225507991541,229.4314385497746,56.96400224520235,-3469.9959133304365,0.00151412684505555,10.0,0.7474999999999999,4200.0,0.0002889447236180905,4.638781345096894e-05
1271.549282732144,224.47358429494767,53.07497776260738,-3694.791262953302,0.0015067440950045233,11.0,0.7474999999999999,4200.0,0.0003158650394831299,5.102659479606583e-05
1357.390094460202,218.80012848838444,49.709115275259705,-3910.0884834102544,0.0014995745242101374,12.0,0.7474999999999999,4200.0,0.0003424264178033022,5.566537614116273e-05
1441.5917424992017,212.60288959173207,46.72657354216099,-4118.274457534724,0.0014925174816255052,13.0,0.7474999999999999,4200.0,0.00036862885857860727,6.030415748625961e-05
1523.893552854813,206.15493578813593,44.114482184312,-4318.867081644974,0.0014856635208987054,14.0,0.7474999999999999,4200.0,0.00039698492462311556,6.494293883135652e-05
1605.062247771114,199.45978578616283,41.71307552270529,-4514.565612410261,0.001478879380568598,15.0,0.7474999999999999,4200.0,0.00042264895908111983,6.95817201764534e-05
1684.6185234815528,192.71436042702564,39.56407805214338,-4704.447817737149,0.001472236809667662,16.0,0.7474999999999999,4200.0,0.000447954055994257,7.42205015215503e-05
1762.5444625000875,186.07951945354787,37.70869424401034,-4888.342235777782,0.0014657855766962503,17.0,0.7474999999999999,4200.0,0.0004759511844938981,7.885928286664719e-05
1839.2155924738224,179.5378744624918,36.019979560397964,-5067.4875817534485,0.0014594425038812493,18.0,0.7474999999999999,4200.0,0.0005007178750897344,8.349806421174408e-05
1915.1368072753949,173.04739045523937,34.383711713767134,-5244.659002004002,0.001453121294721301,19.0,0.7474999999999999,4200.0,0.0005285355348169418,8.813684555684099e-05
1989.9227716076396,166.81722610042715,32.95174112484542,-5416.381555689943,0.00144696970309159,20.0,0.7474999999999999,4200.0,0.0005527638190954774,9.277562690193788e-05
2063.254706189825,160.90394125138013,31.65991322792966,-5584.714227780802,0.001440940080784479,21.0,0.7474999999999999,4200.0,0.0005766331658291458,9.741440824703478e-05
2135.1411616706455,155.38109258268736,30.466852184015877,-5748.926614219017,0.0014350423150837077,22.0,0.7474999999999999,4200.0,0.0006040918880114859,0.00010205318959213166
2207.310034004367,150.05600299130558,29.24282558211601,-5912.528358542979,0.0014291003290804365,23.0,0.7474999999999999,4200.0,0.0006315506101938263,0.00010669197093722854
2278.0710358056103,145.16041703422343,28.182580485353594,-6072.316157125511,0.0014233173540403226,24.0,0.7474999999999999,4200.0,0.0006547020818377602,0.00011133075228232546
2346.963261346603,140.6930335983519,27.314033385869593,-6226.861485519788,0.0014177343960988856,25.0,0.7474999999999999,4200.0,0.0006819813352476669,0.00011596953362742235
2416.488269584701,136.25552830385223,26.268743323056263,-6383.387096450511,0.0014119935560948718,26.0,0.7474999999999999,4200.0,0.0007045944005743001,0.00012060831497251923
2483.910189108109,132.31956374858953,25.491599527212287,-6532.99489640542,0.001406632420024884,27.0,0.7474999999999999,4200.0,0.0007316941852117732,0.00012524709631761612
2551.2779218381743,128.45894963989994,24.68931067758218,-6682.607019066061,0.0014011509730342585,28.0,0.7474999999999999,4200.0,0.0007537688442211056,0.00012988587766271303
2617.620606211664,124.84548703108892,23.911812006141428,-6830.405777973247,0.0013957573229876417,29.0,0.7474999999999999,4200.0,0.000780689160086145,0.00013452465900780993
2682.5598627764953,121.49521091445325,23.244955943707662,-6974.162831763417,0.0013905589132249404,30.0,0.7474999999999999,4200.0,0.0008076094759511844,0.0001391634403529068
0.0,0.0,0.0,-2.1237246499294997,0.0013506021787399447,0.0,0.7879166666666666,4250.0,0.0,
154.63719707362205,80.89179260136488,31.05428842518917,-478.87335003039334,0.001342235947224337,1.0,0.7879166666666666,4250.0,3.2304379038047376e-05,4.638781345096894e-06
281.80054361077003,129.65200314254415,48.560966827206926,-877.94984447553,0.0013348772384357789,2.0,0.7879166666666666,4250.0,6.281407035175879e-05,9.277562690193787e-06
392.8897212694053,159.90245579561167,57.1971149658403,-1223.1079855679127,0.0013279884198038668,3.0,0.7879166666666666,4250.0,9.206748025843503e-05,1.3916344035290682e-05
493.73766045563104,178.63200384237135,60.686746008237904,-1529.374207992194,0.0013214250126861254,4.0,0.7879166666666666,4250.0,0.00012132089016511126,1.8555125380387575e-05
587.5425572464013,189.80182482974988,61.14486029458202,-1806.5221829659786,0.001307532870552336,5.0,0.7879166666666666,4200.0,0.00014985642498205313,2.319390672548447e-05
676.1461338463602,195.835477082346,59.84452886275226,-2061.043329346423,0.0013015536587847537,6.0,0.7879166666666666,4200.0,0.00017767408470926058,2.7832688070581364e-05
760.8811881590335,198.2755595352139,57.449225260326905,-2297.9082416839883,0.0012957436308953783,7.0,0.7879166666666666,4200.0,0.00020603015075376885,3.247146941567826e-05
842.4225603609336,198.193879478941,54.511664146095875,-2520.179243942126,0.0012901085214408298,8.0,0.7879166666666666,4200.0,0.00023402727925340988,3.711025076077515e-05
921.2959506048388,196.31131802201938,51.32077685832825,-2730.3696060424554,0.0012846276656714656,9.0,0.7879166666666666,4200.0,0.00026166547020818376,4.174903210587204e-05
998.1242360427767,193.1483866151373,47.90266847986321,-2930.860631760748,0.0012792691115921725,10.0,0.7879166666666666,4200.0,0.0002889447236180905,4.638781345096894e-05
1073.1002346530868,189.06078879745814,44.63987664246704,-3122.9152185134008,0.0012740203808173586,11.0,0.7879166666666666,4200.0,0.0003158650394831299,5.102659479606583e-05
1146.2135264019537,184.36637235156093,41.81184846357048,-3307.127891568889,0.0012689162923636482,12.0,0.7879166666666666,4200.0,0.0003424264178033022,5.566537614116273e-05
1218.0078653967257,179.22495963827873,39.303771476193795,-3485.5334026920827,0.0012638857259208076,13.0,0.7879166666666666,4200.0,0.00036862885857860727,6.030415748625961e-05
1288.2549857103338,173.86126208267967,37.108078250828406,-3657.6494208881777,0.0012589935023870425,14.0,0.7879166666666666,4200.0,0.00039698492462311556,6.494293883135652e-05
1357.6052948482281,168.2828084334333,35.09166969712838,-3825.815937722895,0.0012541449171344615,15.0,0.7879166666666666,4200.0,0.00042264895908111983,6.95817201764534e-05
1425.6452943895888,162.65365073932142,33.28357331430654,-3989.1976309449747,0.0012493916532116858,16.0,0.7879166666666666,4200.0,0.000447954055994257,7.42205015215503e-05
1492.3510624134574,157.10946913205905,31.72225134879254,-4147.620131373922,0.001244769569512714,17.0,0.7879166666666666,4200.0,0.0004759511844938981,7.885928286664719e-05
1558.0412579789165,151.63292551775135,30.30415784051479,-4302.11301323925,0.0012402196775795748,18.0,0.7879166666666666,4200.0,0.0005007178750897344,8.349806421174408e-05
1623.151996793961,146.19514903895129,28.92913700680788,-4455.111434091676,0.0012356798341722917,19.0,0.7879166666666666,4200.0,0.0005285355348169418,8.813684555684099e-05
1687.3409706979962,140.96590515581266,27.724402495601293,-4603.577510104675,0.0012312567179908066,20.0,0.7879166666666666,4200.0,0.0005527638190954774,9.277562690193788e-05
1750.3341375669002,135.99148735955708,26.64000197214302,-4749.264507573607,0.0012269161488828483,21.0,0.7879166666666666,4200.0,0.0005766331658291458,9.741440824703478e-05
1812.1368898113055,131.33134423346002,25.63447761918807,-4891.535431593118,0.0012226658226888968,22.0,0.7879166666666666,4200.0,0.0006040918880114859,0.00010205318959213166
1874.2370656053688,126.83302943780957,24.60801017281924,-5033.437598944503,0.0012183788191927657,23.0,0.7879166666666666,4200.0,0.0006315506101938263,0.00010669197093722854
1935.1694357250021,122.69769952213126,23.714539315977948,-5172.1643082773735,0.0012142016843414757,24.0,0.7879166666666666,4200.0,0.0006547020818377602,0.00011133075228232546
1994.5349614633635,118.92398474761235,22.98671070497649,-5306.46719557816,0.0012101648281707684,25.0,0.7879166666666666,4200.0,0.0006819813352476669,0.00011596953362742235
2054.502890687699,115.17472528546429,22.107812842504654,-5442.695472858599,0.001206009419367344,26.0,0.7879166666666666,4200.0,0.0007045944005743001,0.00012060831497251923
2112.684419935796,111.84583333682019,21.452821185227982,-5572.939162889408,0.0012021240605287597,27.0,0.7879166666666666,4200.0,0.0007316941852117732,0.00012524709631761612
2170.871428250234,108.58332391772393,20.776651235876567,-5703.33753349039,0.0011981480986601317,28.0,0.7879166666666666,4200.0,0.0007537688442211056,0.00012988587766271303
2228.2121448921844,105.5296943935829,20.123647442648057,-5832.257746123578,0.001194231591701209,29.0,0.7879166666666666,4200.0,0.000780689160086145,0.00013452465900780993
2284.3762159263147,102.69631450839225,19.56326773163249,-5957.82623376383,0.00119045247697922,30.0,0.7879166666666666,4200.0,0.0008076094759511844,0.0001391634403529068
0.0,0.0,0.0,-2.1237246499294997,0.0010895008684735736,0.0,0.8283333333333333,4250.0,0.0,
124.87988863195069,65.3080897711034,25.068671112053345,-387.1654586311852,0.0010840634053678375,1.0,0.8283333333333333,4250.0,3.2304379038047376e-05,4.638781345096894e-06
227.7540134779597,104.73364750709462,39.2204826065503,-710.2028205633469,0.0010792714848838236,2.0,0.8283333333333333,4250.0,6.281407035175879e-05,9.277562690193787e-06
317.784361514704,129.2427429366527,46.216840545318036,-990.1987743175996,0.0010747775849935044,3.0,0.8283333333333333,4250.0,9.206748025843503e-05,1.3916344035290682e-05
399.65970407224427,144.462127578869,49.06176029957809,-1239.1664169978467,0.0010704887568688184,4.0,0.8283333333333333,4250.0,0.00012132089016511126,1.8555125380387575e-05
475.94121192664613,153.58009384164444,49.45454195217277,-1464.8527524599122,0.0010663668988343967,5.0,0.8283333333333333,4250.0,0.00014985642498205313,2.319390672548447e-05
548.1069942934893,158.54757813291806,48.42637858049079,-1672.5618720478233,0.001056230281925701,6.0,0.8283333333333333,4200.0,0.00017767408470926058,2.7832688070581364e-05
617.2221138199488,160.60589513490896,46.50596070267932,-1866.240753265869,0.0010524164687032592,7.0,0.8283333333333333,4200.0,0.00020603015075376885,3.247146941567826e-05
683.8248580763936,160.62235679085205,44.14653516920561,-2048.3151335831426,0.0010487120732193007,8.0,0.8283333333333333,4200.0,0.00023402727925340988,3.711025076077515e-05
748.3322466357578,159.17679755792284,41.57658543303671,-2220.7895152490455,0.0010451039416044994,9.0,0.8283333333333333,4200.0,0.00026166547020818376,4.174903210587204e-05
811.2457776643837,156.68684649064343,38.81804359987609,-2385.5771376568227,0.001041571361311195,10.0,0.8283333333333333,4200.0,0.0002889447236180905,4.638781345096894e-05
872.7152130002005,153.4400565840959,36.179656889266234,-2543.681737331768,0.0010381065200063665,11.0,0.8283333333333333,4200.0,0.0003158650394831299,5.102659479606583e-05
932.7261181459066,149.7012832287875,33.890062551305,-2695.5563489903943,0.00103473261259958,12.0,0.8283333333333333,4200.0,0.0003424264178033022,5.566537614116273e-05
991.7195156930827,145.5897981090373,31.85747908973995,-2842.8732560820645,0.0010314029413559566,13.0,0.8283333333333333,4200.0,0.00036862885857860727,6.030415748625961e-05
1049.499927208676,141.2895808262288,30.079398757459295,-2985.1775074609395,0.001028160618542557,14.0,0.8283333333333333,4200.0,0.00039698492462311556,6.494293883135652e-05
1106.604452230934,136.81188478244317,28.447466448689994,-3124.424400923337,0.0010249431220428794,15.0,0.8283333333333333,4200.0,0.00042264895908111983,6.95817201764534e-05
1162.6849834664827,132.28686888595837,26.98149691181095,-3259.887565001234,0.0010217849949698788,16.0,0.8283333333333333,4200.0,0.000447954055994257,7.42205015215503e-05
1217.7150729507282,127.82303341095556,25.71667299305759,-3391.401002323473,0.0010187102046160545,17.0,0.8283333333333333,4200.0,0.0004759511844938981,7.885928286664719e-05
1271.9602708146158,123.4097838874885,24.568934851450866,-3519.7882861414037,0.0010156799135253275,18.0,0.8283333333333333,4200.0,0.0005007178750897344,8.349806421174408e-05
1325.7778818514341,119.02010104750268,23.455881228986705,-3647.1083971449843,0.0010126525683765424,19.0,0.8283333333333333,4200.0,0.0005285355348169418,8.813684555684099e-05
1378.877404999762,114.7904328848878,22.478651765619855,-3770.802885699144,0.0010096996560198515,20.0,0.8283333333333333,4200.0,0.0005527638190954774,9.277562690193788e-05
1431.0330573812084,110.75960498955209,21.601723897027004,-3892.3110301746347,0.0010067984033992822,21.0,0.8283333333333333,4200.0,0.0005766331658291458,9.741440824703478e-05
1482.246729951069,106.97082361237673,20.786788632379125,-4011.097470871464,0.0010039543268790536,22.0,0.8283333333333333,4200.0,0.0006040918880114859,0.00010205318959213166
1533.7526856442944,103.30903150181736,19.954508356714364,-4129.712223180533,0.0010010824688480695,23.0,0.8283333333333333,4200.0,0.0006315506101938263,0.00010669197093722854
1584.32781526653,99.94243249984713,19.22893356422469,-4245.786208187172,0.00099828095497909,24.0,0.8283333333333333,4200.0,0.0006547020818377602,0.00011133075228232546
1633.639252494434,96.87030186602523,18.64123985573462,-4358.268197092031,0.0009955706811760005,25.0,0.8283333333333333,4200.0,0.0006819813352476669,0.00011596953362742235
1683.4989423166128,93.81714690786772,17.92912033939425,-4472.536168951774,0.000992777827561363,26.0,0.8283333333333333,4200.0,0.0007045944005743001,0.00012060831497251923
1731.8986431567075,91.10364556396088,17.397148088809683,-4581.818657090735,0.0009901632551792164,27.0,0.8283333333333333,4200.0,0.0007316941852117732,0.00012524709631761612
1780.3467775844417,88.44640898207287,16.849402521997714,-4691.359023835168,0.0009874853952413565,28.0,0.8283333333333333,4200.0,0.0007537688442211056,0.00012988587766271303
1828.1235150536224,85.95940421900421,16.319724807067793,-4799.747209887217,0.000984844693107196,29.0,0.8283333333333333,4200.0,0.000780689160086145,0.00013452465900780993
1874.9523663596142,83.650038252149,15.865741833080595,-4905.4663963751445,0.0009822936387187211,30.0,0.8283333333333333,4200.0,0.0008076094759511844,0.0001391634403529068
0.0,0.0,0.0,-2.1237246499294997,0.0008301791480712209,0.0,0.8687499999999999,4250.0,0.0,
95.25354591423547,49.80133852031033,19.114232234016946,-295.8423945849645,0.000827026186012047,1.0,0.8687499999999999,4250.0,3.2304379038047376e-05,4.638781345096894e-06
173.8579879903555,79.90889988522389,29.918370702756302,-542.8137817265233,0.0008242422439000573,2.0,0.8687499999999999,4250.0,6.281407035175879e-05,9.277562690193787e-06
242.77297185455618,98.66493912992496,35.272698933152164,-757.3374476162717,0.000821626868458625,3.0,0.8687499999999999,4250.0,9.206748025843503e-05,1.3916344035290682e-05
305.552733171716,110.34349364825646,37.46093602325016,-948.4856623409651,0.000819126691310988,4.0,0.8687499999999999,4250.0,0.00012132089016511126,1.8555125380387575e-05
364.14215458834803,117.37219625195966,37.78026514543659,-1122.1072733099354,0.0008167200243275009,5.0,0.8687499999999999,4250.0,0.00014985642498205313,2.319390672548447e-05
419.655144467484,121.23371381152906,37.010556286277186,-1282.1718762463497,0.0008143938448618299,6.0,0.8687499999999999,4250.0,0.00017767408470926058,2.7832688070581364e-05
472.8998540164655,122.87147951984225,35.55755253422318,-1431.6918212721066,0.000812127685243186,7.0,0.8687499999999999,4250.0,0.00020603015075376885,3.247146941567826e-05
524.2811067950994,122.94503443872803,33.76690142281329,-1572.5314888740686,0.0008052151646221453,8.0,0.8687499999999999,4200.0,0.00023402727925340988,3.711025076077515e-05
574.1106310316464,121.90021685655368,31.812348181692943,-1706.1915741011107,0.0008030963171143911,9.0,0.8687499999999999,4200.0,0.00026166547020818376,4.174903210587204e-05
622.7704393355872,120.04938791193732,29.709802955264536,-1834.1058873523143,0.000801018943014467,10.0,0.8687499999999999,4200.0,0.0002889447236180905,4.638781345096894e-05
670.3699776444142,117.61583657921987,27.694665489068967,-1957.0280797916494,0.0007989786626691252,11.0,0.8687499999999999,4200.0,0.0003158650394831299,5.102659479606583e-05
716.8940618900855,114.80284995774348,25.94380472032364,-2075.282804384653,0.0007969892583419446,12.0,0.8687499999999999,4200.0,0.0003424264178033022,5.566537614116273e-05
762.6810338641773,111.69861395893386,24.388889548801167,-2190.1681934039952,0.000795023397139465,13.0,0.8687499999999999,4200.0,0.00036862885857860727,6.030415748625961e-05
807.5727350813013,108.44372924779222,23.029132208658787,-2301.2865473315687,0.0007931066252602183,14.0,0.8687499999999999,4200.0,0.00039698492462311556,6.494293883135652e-05
851.9857551682151,105.04743783903277,21.780833558949432,-2410.181073145126,0.0007912021146567987,15.0,0.8687499999999999,4200.0,0.00042264895908111983,6.95817201764534e-05
895.6485042736579,101.61319966476304,20.658565762125797,-2516.2573466123577,0.0007893304428414416,16.0,0.8687499999999999,4200.0,0.000447954055994257,7.42205015215503e-05
938.5332959271253,98.22155586394982,19.691622793361272,-2619.3690036759435,0.0007875059020083236,17.0,0.8687499999999999,4200.0,0.0004759511844938981,7.885928286664719e-05
980.8456663178249,94.86273131048937,18.813899906227338,-2720.137456634977,0.0007857056827940547,18.0,0.8687499999999999,4200.0,0.0005007178750897344,8.349806421174408e-05
1022.8661382742314,91.51571761658965,17.962630278426563,-2820.2071718790103,0.0007839049840859962,19.0,0.8687499999999999,4200.0,0.0005285355348169418,8.813684555684099e-05
1064.3620154187556,88.2877917051204,17.214392736919073,-2917.5435269610243,0.000782146529262527,20.0,0.8687499999999999,4200.0,0.0005527638190954774,9.277562690193788e-05
1105.1566702549817,85.20304549396128,16.543719285374102,-3013.2629225889905,0.0007804167806428433,21.0,0.8687499999999999,4200.0,0.0005766331658291458,9.741440824703478e-05
1145.2484486511044,82.2952410554655,15.919932065750533,-3106.9403721013878,0.0007787192433158063,22.0,0.8687499999999999,4200.0,0.0006040918880114859,0.00010205318959213166
1185.606376970706,79.47941634972669,15.282544959861937,-3200.591213699816,0.0007770031918944446,23.0,0.8687499999999999,4200.0,0.0006315506101938263,0.00010669197093722854
1225.2656027926084,76.89045153781876,14.72729450365442,-3292.327986933371,0.000775327218172346,24.0,0.8687499999999999,4200.0,0.0006547020818377602,0.00011133075228232546
1263.9636434238903,74.52799533049847,14.277852787142074,-3381.314525300164,0.0007737041116011094,25.0,0.8687499999999999,4200.0,0.0006819813352476669,0.00011596953362742235
1303.1304878058506,72.17922329855062,13.732897570776194,-3471.8525553790823,0.0007720297546325295,26.0,0.8687499999999999,4200.0,0.0007045944005743001,0.00012060831497251923
1341.171857183144,70.08976143914154,13.324796086190533,-3558.4712039323786,0.000770460336008522,27.0,0.8687499999999999,4200.0,0.0007316941852117732,0.00012524709631761612
1379.2863827545495,68.0453978651758,12.906514388182513,-3645.3970112809766,0.0007688515172015981,28.0,0.8687499999999999,4200.0,0.0007537688442211056,0.00012988587766271303
1416.899746281547,66.13182603691564,12.499918691351558,-3731.481576304577,0.0007672632979182299,29.0,0.8687499999999999,4200.0,0.000780689160086145,0.00013452465900780993
1453.7930959825326,64.35391227668774,12.153465686052938,-3815.566255611804,0.0007657271895857153,30.0,0.8687499999999999,4200.0,0.0008076094759511844,0.0001391634403529068
0.0,0.0,0.0,-2.1237246499294997,0.0005726096990153039,0.0,0.9091666666666666,4250.0,0.0,
65.756138732058,34.37016237318174,13.190123191286816,-204.90000894285913,0.0005711119172387446,1.0,0.9091666666666666,4250.0,3.2304379038047376e-05,4.638781345096894e-06
120.1125640689862,55.17850907463203,20.65446081192568,-375.78092463208304,0.0005697869502090737,2.0,0.9091666666666666,4250.0,6.281407035175879e-05,9.277562690193787e-06
167.85260950056008,68.16654889905618,24.36315659267785,-524.5265640747311,0.0005685400608766724,3.0,0.9091666666666666,4250.0,9.206748025843503e-05,1.3916344035290682e-05
211.4194244834853,76.27832158798027,25.887391655410003,-657.3384467719952,0.0005673461349113827,4.0,0.9091666666666666,4250.0,0.00012132089016511126,1.8555125380387575e-05
252.1441275686784,81.18105349987114,26.119134770825546,-778.2133993096941,0.00056619505581792,5.0,0.9091666666666666,4250.0,0.00014985642498205313,2.319390672548447e-05
290.7902131136465,83.89498286427403,25.59886021709171,-889.8646662845567,0.0005650807723841522,6.0,0.9091666666666666,4250.0,0.00017767408470926058,2.7832688070581364e-05
327.91219752028127,85.07211346627857,24.60410507091653,-994.3549410238338,0.0005639936281821308,7.0,0.9091666666666666,4250.0,0.00020603015075376885,3.247146941567826e-05
363.7855810018806,85.16571820408525,23.37407692409838,-1092.9383019991,0.0005629341174295542,8.0,0.9091666666666666,4250.0,0.00023402727925340988,3.711025076077515e-05
398.62101531063,84.48437699204402,22.02878485522809,-1186.6436026510055,0.000561899480448032,9.0,0.9091666666666666,4250.0,0.00026166547020818376,4.174903210587204e-05
432.68203902745904,83.23983277551567,20.578518325691327,-1276.4687712710147,0.0005608839608685366,10.0,0.9091666666666666,4250.0,0.0002889447236180905,4.638781345096894e-05
466.0416007800048,81.59194779146918,19.18569885894134,-1362.9255303097452,0.0005598855336128087,11.0,0.9091666666666666,4250.0,0.0003158650394831299,5.102659479606583e-05
498.68391342304255,79.6745030592397,17.973887464077382,-1446.2233950860027,0.0005589109211339875,12.0,0.9091666666666666,4250.0,0.0003424264178033022,5.566537614116273e-05
530.8465946897472,77.5529923992365,16.897669199531677,-1527.2956457346154,0.0005547027374394679,13.0,0.9091666666666666,4200.0,0.00036862885857860727,6.030415748625961e-05
562.4143258590324,75.32687197026469,15.957083759721048,-1605.8151936426075,0.0005537746282835719,14.0,0.9091666666666666,4200.0,0.00039698492462311556,6.494293883135652e-05
593.679290719141,72.99888040416334,15.092161769093698,-1682.8795710596532,0.0005528512879820788,15.0,0.9091666666666666,4200.0,0.00042264895908111983,6.95817201764534e-05
624.4470987252272,70.63917856392159,14.31632409584349,-1758.0497091004654,0.0005519427598651692,16.0,0.9091666666666666,4200.0,0.000447954055994257,7.42205015215503e-05
654.6951746016055,68.30518606719609,13.646179809532052,-1831.2107661000773,0.0005510560169419167,17.0,0.9091666666666666,4200.0,0.0004759511844938981,7.885928286664719e-05
684.5690963238097,65.99077047196977,13.038542419965067,-1902.7867028486216,0.0005501800816523936,18.0,0.9091666666666666,4200.0,0.0005007178750897344,8.349806421174408e-05
714.2674704096202,63.684305078253324,12.449198763572175,-1973.965898023489,0.0005493028317417756,19.0,0.9091666666666666,4200.0,0.0005285355348169418,8.813684555684099e-05
743.6207468797448,61.45308426724913,11.93118363752459,-2043.2845275244836,0.0005484451727362211,20.0,0.9091666666666666,4200.0,0.0005527638190954774,9.277562690193788e-05
772.5035484582886,59.31828012767434,11.466265752062064,-2111.526652198343,0.0005476005092767337,21.0,0.9091666666666666,4200.0,0.0005766331658291458,9.741440824703478e-05
800.9139788152655,57.29988853015713,11.034138261651808,-2178.3869573540505,0.0005467706584375556,22.0,0.9091666666666666,4200.0,0.0006040918880114859,0.00010205318959213166
829.5401983074084,55.33984633894167,10.592354702366139,-2245.3069916030436,0.0005459308119464982,23.0,0.9091666666666666,4200.0,0.0006315506101938263,0.00010669197093722854
857.6932326240344,53.537600331362434,10.209402634231912,-2310.92636521018,0.0005451096223754769,24.0,0.9091666666666666,4200.0,0.0006547020818377602,0.00011133075228232546
885.1853075413795,51.893267610129875,9.896750609051194,-2374.643036922207,0.0005443134942759062,25.0,0.9091666666666666,4200.0,0.0006819813352476669,0.00011596953362742235
913.0387504492061,50.25761145537133,9.519355002458738,-2439.570742268348,0.0005434913436104692,26.0,0.9091666666666666,4200.0,0.0007045944005743001,0.00012060831497251923
940.1084289787385,48.801307151637445,9.236549552208407,-2501.712355813572,0.0005427197596395887,27.0,0.9091666666666666,4200.0,0.0007316941852117732,0.00012524709631761612
967.2552777475734,47.3775334238737,8.94796374465642,-2564.1488930794003,0.0005419281039301949,28.0,0.9091666666666666,4200.0,0.0007537688442211056,0.00012988587766271303
994.0654798193736,46.04473963543162,8.664475332340867,-2626.0357227655113,0.0005411457264957658,29.0,0.9091666666666666,4200.0,0.000780689160086145,0.00013452465900780993
1020.3819987524225,44.80587842602841,8.425954730787362,-2686.5721162696645,0.0005403881273386665,30.0,0.9091666666666666,4200.0,0.0008076094759511844,0.0001391634403529068
0.0,0.0,0.0,-2.1237246499294997,0.00031676587762465415,0.0,0.9495833333333332,4250.0,0.0,
36.38617962448035,19.0137126302514,7.296011269388374,-114.33423776456766,0.00031630848017802035,1.0,0.9495833333333332,4250.0,3.2304379038047376e-05,4.638781345096894e-06
66.51622248508134,30.541676928746377,11.43002508086937,-209.10250289014948,0.0003159031089076937,2.0,0.9495833333333332,4250.0,6.281407035175879e-05,9.277562690193787e-06
93.02516839577383,37.75098154205634,13.488417803208034,-291.7687879642908,0.00031552097715265405,3.0,0.9495833333333332,4250.0,9.206748025843503e-05,1.3916344035290682e-05
117.25798105322016,42.26540224734097,14.338822127161762,-365.73140770253667,0.00031515448464308033,4.0,0.9495833333333332,4250.0,0.00012132089016511126,1.8555125380387575e-05
139.94730943002688,45.00549817950176,14.473892270676254,-433.17989097107784,0.0003148005947265349,5.0,0.9495833333333332,4250.0,0.00014985642498205313,2.319390672548447e-05
161.51210172505583,46.53462597835666,14.192075225856966,-495.6009499723441,0.0003144574986564075,6.0,0.9495833333333332,4250.0,0.00017767408470926058,2.7832688070581364e-05
182.25792601018497,47.21281800444219,13.64641482377022,-554.1267888056391,0.000314122268732219,7.0,0.9495833333333332,4250.0,0.00020603015075376885,3.247146941567826e-05
202.3332817866569,47.28792991142841,12.969030843045038,-609.4429237998629,0.00031379509228863974,8.0,0.9495833333333332,4250.0,0.00023402727925340988,3.711025076077515e-05
221.85362504204133,46.9324698761764,12.226667617959173,-662.1115279381629,0.0003134751518049945,9.0,0.9495833333333332,4250.0,0.00026166547020818376,4.174903210587204e-05
240.9645108623025,46.262176955773754,11.424839847714226,-712.6824172702109,0.0003131606891055217,10.0,0.9495833333333332,4250.0,0.0002889447236180905,4.638781345096894e-05
259.70488216851146,45.36814023020301,10.653569522821508,-761.434274655905,0.00031285110716795605,11.0,0.9495833333333332,4250.0,0.0003158650394831299,5.102659479606583e-05
278.06379152970965,44.321278551665095,9.981039161404588,-808.4750682925951,0.00031254850658672456,12.0,0.9495833333333332,4250.0,0.0003424264178033022,5.566537614116273e-05
296.1732641687283,43.15975279599433,9.383758884919875,-854.3192229038978,0.00031224840695138047,13.0,0.9495833333333332,4250.0,0.00036862885857860727,6.030415748625961e-05
313.9667275064214,41.938439024337576,8.862312705329122,-898.7745966524963,0.0003119554783774303,14.0,0.9495833333333332,4250.0,0.00039698492462311556,6.494293883135652e-05
331.6090129199445,40.65862225328033,8.38230576912449,-942.4722371335665,0.0003116633418360158,15.0,0.9495833333333332,4250.0,0.00042264895908111983,6.95817201764534e-05
348.9894673532057,39.35996188666464,7.951949693522286,-985.1529786138999,0.0003113755721185344,16.0,0.9495833333333332,4250.0,0.000447954055994257,7.42205015215503e-05
366.09325200422995,38.074137647408165,7.5796525569809114,-1026.7418390707462,0.00031109460671355156,17.0,0.9495833333333332,4250.0,0.0004759511844938981,7.885928286664719e-05
383.00230223597026,36.79717084255924,7.2428589291882055,-1067.4812839876977,0.00031081680647327233,18.0,0.9495833333333332,4250.0,0.0005007178750897344,8.349806421174408e-05
399.82870263682975,35.52142019616562,6.915940431651042,-1108.048551465581,0.00031053806111340537,19.0,0.9495833333333332,4250.0,0.0005285355348169418,8.813684555684099e-05
416.47453601384854,34.286842323092614,6.628231795432719,-1147.6035453809018,0.0003102652446264118,20.0,0.9495833333333332,4250.0,0.0005527638190954774,9.277562690193788e-05
432.8688108674636,33.102650847375465,6.36971900590109,-1186.5877638359598,0.000309996266152931,21.0,0.9495833333333332,4250.0,0.0005766331658291458,9.741440824703478e-05
449.0096358616158,31.979949582776364,6.129743629685274,-1224.825485469366,0.0003097317380961072,22.0,0.9495833333333332,4250.0,0.0006040918880114859,0.00010205318959213166
465.28887762469554,30.8861138660708,5.88447373014916,-1263.1429649560669,0.00030946379497695796,23.0,0.9495833333333332,4250.0,0.0006315506101938263,0.00010669197093722854
481.31215831972037,29.880220025008466,5.672556957828653,-1300.7548652756814,0.0003092015104527372,24.0,0.9495833333333332,4250.0,0.0006547020818377602,0.00011133075228232546
496.97188812284014,28.96270395205097,5.498802527534101,-1337.3137730881353,0.0003089469688956011,25.0,0.9495833333333332,4250.0,0.0006819813352476669,0.00011596953362742235
512.8532996278569,28.049400940033397,5.2889849161344085,-1374.6244633732276,0.0003086836026518671,26.0,0.9495833333333332,4250.0,0.0007045944005743001,0.00012060831497251923
528.2979285443166,27.23561172449066,5.132129944018697,-1410.3513926589148,0.00030843604322032184,27.0,0.9495833333333332,4250.0,0.0007316941852117732,0.00012524709631761612
543.8016584126251,26.440605905193785,4.972245078201187,-1446.2901190285556,0.0003063905434360907,28.0,0.9495833333333332,4200.0,0.0007537688442211056,0.00012988587766271303
559.1251602746495,25.696316830867804,4.814113351210008,-1481.9556602656812,0.00030614284513697556,29.0,0.9495833333333332,4200.0,0.000780689160086145,0.00013452465900780993
574.1782543701032,25.00428115735123,4.682031016928839,-1516.8939446598743,0.00030590270851282934,30.0,0.9495833333333332,4200.0,0.0008076094759511844,0.0001391634403529068
0.0,0.0,0.0,-2.1237246499294997,6.262169267871004e-05,0.0,0.99,4250.0,0.0,
7.142213426509228,3.731158847228974,1.4315708619023975,-24.14109941104107,6.2604001028605e-05,1.0,0.99,4250.0,3.2304379038047376e-05,4.638781345096894e-06
13.066611422477814,5.996710009201845,2.243741767982576,-42.77679440189968,6.258829319856812e-05,2.0,0.99,4250.0,6.281407035175879e-05,9.277562690193787e-06
18.288139206133106,7.416392664876803,2.6490534829200603,-59.06683567909204,6.257346112893411e-05,3.0,0.99,4250.0,9.206748025843503e-05,1.3916344035290682e-05
23.069505693199595,8.307820361958523,2.8173538461642424,-73.67151329496119,6.255921342725366e-05,4.0,0.99,4250.0,0.00012132089016511126,1.8555125380387575e-05
27.553633403966362,8.851215326510962,2.8451348113916084,-87.01612779442803,6.25454346100974e-05,5.0,0.99,4250.0,0.00014985642498205313,2.319390672548447e-05
31.822086944891637,9.15679481818023,2.7909307108414083,-99.38955359271495,6.253205612603052e-05,6.0,0.99,4250.0,0.00017767408470926058,2.7832688070581364e-05
35.93431527047493,9.29492107085629,2.684544150728415,-111.01217522359366,6.251896543982144e-05,7.0,0.99,4250.0,0.00020603015075376885,3.247146941567826e-05
39.91918811038566,9.314090310297727,2.5522298352508277,-122.01689153313055,6.250617114316343e-05,8.0,0.99,4250.0,0.00023402727925340988,3.711025076077515e-05
43.79902079940272,9.248629439827875,2.4068260331227496,-132.51262342365226,6.249364257077946e-05,9.0,0.99,4250.0,0.00026166547020818376,4.174903210587204e-05
47.60233861105392,9.120799372013924,2.249472017679027,-142.60680653746385,6.248131167651264e-05,10.0,0.99,4250.0,0.0002889447236180905,4.638781345096894e-05
51.336507206548646,8.948756233206074,2.0979538131503817,-152.35324346018024,6.246915621701144e-05,11.0,0.99,4250.0,0.0003158650394831299,5.102659479606583e-05
54.99896036325314,8.74602527566833,1.9654685809276342,-161.77158145391877,6.245725921323866e-05,12.0,0.99,4250.0,0.0003424264178033022,5.566537614116273e-05
58.61582925936749,8.520788684848394,1.8477421750286116,-170.96466776284797,6.244544536462483e-05,13.0,0.99,4250.0,0.00036862885857860727,6.030415748625961e-05
62.17345266767083,8.283001701782071,1.745057147982218,-179.8907477031462,6.24338991201492e-05,14.0,0.99,4250.0,0.00039698492462311556,6.494293883135652e-05
65.70475623208588,8.033372177948928,1.6506340218353301,-188.6779216005234,6.242236951397995e-05,15.0,0.99,4250.0,0.00042264895908111983,6.95817201764534e-05
69.18728065538365,7.779693206481231,1.565790032085163,-197.27210112346074,6.241099843451473e-05,16.0,0.99,4250.0,0.000447954055994257,7.42205015215503e-05
72.6176796416763,7.52821353595739,1.4923871281343561,-205.65562515281636,6.239988262636911e-05,17.0,0.99,4250.0,0.0004759511844938981,7.885928286664719e-05
76.01246174814015,7.278167710134518,1.4261543324318817,-213.87967524983833,6.238887934349854e-05,18.0,0.99,4250.0,0.0005007178750897344,8.349806421174408e-05
79.39413077850107,7.028171906021443,1.361815230587069,-222.07913482777803,6.237782494658027e-05,19.0,0.99,4250.0,0.0005285355348169418,8.813684555684099e-05
82.74261196233249,6.785709518059578,1.3051228887931328,-230.08377219276736,6.236699316592804e-05,20.0,0.99,4250.0,0.0005527638190954774,9.277562690193788e-05
86.0436083778796,6.552719706419889,1.2542486202507337,-237.98177783317078,6.235630102207822e-05,21.0,0.99,4250.0,0.0005766331658291458,9.741440824703478e-05
89.29657267852417,6.331233048676903,1.2069993993644335,-245.73730736153811,6.23457740971476e-05,22.0,0.99,4250.0,0.0006040918880114859,0.00010205318959213166
92.58067432231532,6.114452976738067,1.1587756887340759,-253.5182899106876,6.23350991940908e-05,23.0,0.99,4250.0,0.0006315506101938263,0.00010669197093722854
95.81589253802184,5.915060420134744,1.1169723952080866,-261.1640697455805,6.232463743140915e-05,24.0,0.99,4250.0,0.0006547020818377602,0.00011133075228232546
98.98033575216128,5.733289254459372,1.082902268415339,-268.60356923817017,6.231447370857677e-05,25.0,0.99,4250.0,0.0006819813352476669,0.00011596953362742235
102.19283722258808,5.552160932509674,1.041526031238855,-276.2046600479225,6.230394613439565e-05,26.0,0.99,4250.0,0.0007045944005743001,0.00012060831497251923
105.3192073921241,5.3906608956007505,1.0106504453893128,-283.4927242577396,6.229403793075885e-05,27.0,0.99,4250.0,0.0007316941852117732,0.00012524709631761612
108.46037162314086,5.233021284110255,0.9790975455749615,-290.8295416781839,6.228387100175217e-05,28.0,0.99,4250.0,0.0007537688442211056,0.00012988587766271303
111.56752491819894,5.085536101088215,0.9478770205809209,-298.1151215854916,6.227380193078177e-05,29.0,0.99,4250.0,0.000780689160086145,0.00013452465900780993
114.62235146449837,4.948188759219025,0.9218863928659873,-305.25885713756725,6.226401445000079e-05,30.0,0.99,4250.0,0.0008076094759511844,0.0001391634403529068
