CAPE_u,CAPE_ext,CAPE_dist,dh,sat_def,P,RH,dz,ent_b,ent_std
0.0,0.0,0.0,-2.628212131370674,0.009659155665531487,0.0,0.02,4300.0,0.0,
2017.1857043573857,919.4069174869725,351.9965198512539,-5187.787415791121,0.008777984471006237,1.0,0.02,4300.0,6.281407035175879e-05,9.277562690193787e-06
3397.643450298926,1213.6045707711733,418.051332327728,-7992.510950574557,0.008062890617446705,2.0,0.02,4250.0,0.00012132089016511126,1.8555125380387575e-05
4494.8028162311175,1278.096173277348,393.56275836067044,-9701.820058772311,0.007510450666745593,3.0,0.02,4250.0,0.00017767408470926058,2.7832688070581364e-05
5431.494648954467,1245.7995266689018,342.6983481540033,-10823.73357181588,0.007001691251317298,4.0,0.02,4200.0,0.00023402727925340988,3.711025076077515e-05
6261.097428301151,1171.9892877746802,291.09754697224076,-11599.93760697962,0.006591406279522106,5.0,0.02,4200.0,0.0002889447236180905,4.638781345096894e-05
7012.995622749203,1082.1949509618103,250.64939382525935,-12157.843542799339,0.006228166670201749,6.0,0.02,4200.0,0.0003424264178033022,5.566537614116273e-05
7704.629455113726,989.2894529123404,220.4876778789775,-12571.564086092432,0.005903992440479069,7.0,0.02,4200.0,0.00039698492462311556,6.494293883135652e-05
8347.21262570145,899.3650562753838,196.42515944581825,-12890.175639209105,0.005588301138352106,8.0,0.02,4150.0,0.000447954055994257,7.42205015215503e-05
8946.719465094871,818.183538450853,177.88245901936034,-13131.679600492076,0.005327586388597329,9.0,0.02,4150.0,0.0005007178750897344,8.349806421174408e-05
9512.592429697803,748.2792901934984,162.03448107534845,-13328.631374727585,0.00508731945135835,10.0,0.02,4150.0,0.0005527638190954774,9.277562690193788e-05
10043.737309570894,690.3392317362758,149.32355280647826,-13482.93101972979,0.004870023461898977,11.0,0.02,4150.0,0.0006040918880114859,0.00010205318959213166
10551.741459771316,640.00208408946,137.65322538453125,-13615.584088440504,0.00466704574539865,12.0,0.02,4150.0,0.0006547020818377602,0.00011133075228232546
11032.11618847778,596.8132795719163,127.92964826148982,-13722.906686106602,0.004465892424828488,13.0,0.02,4100.0,0.0007045944005743001,0.00012060831497251923
11489.765469140884,559.7158489617568,120.01560095878851,-13812.265305512752,0.0042966148223559635,14.0,0.02,4100.0,0.0007537688442211056,0.00012988587766271303
11926.016525148323,526.9476992378582,112.784219604671,-13887.817018915746,0.004138687155963875,15.0,0.02,4100.0,0.0008076094759511844,0.0001391634403529068
12346.831401123569,497.26991653259086,105.94900304093125,-13953.3936780949,0.00398992935648525,16.0,0.02,4100.0,0.0008557071069633883,0.0001484410030431006
12746.299500206365,471.4373304744426,100.5538280368643,-14002.4788434824,0.0038535177149382443,17.0,0.02,4100.0,0.0009030868628858578,0.00015771856573329438
13131.8465003298,447.71928761285915,95.10723276747707,-14050.64312034734,0.0037242836517350714,18.0,0.02,4100.0,0.0009562096195262024,0.00016699612842348816
13504.053663028068,426.0674879489155,90.16078060211596,-14097.300349312907,0.00360182896611872,19.0,0.02,4100.0,0.0010025125628140702,0.00017627369111368197
13859.94593053022,407.0023404883559,86.22655384952083,-14129.729880540253,0.0034894819859436687,20.0,0.02,4100.0,0.0010552763819095478,0.00018555125380387576
14204.301494577006,389.577310064718,82.59312853176117,-14157.208739053065,0.003374084371015171,21.0,0.02,4050.0,0.001100502512562814,0.00019482881649406957
14535.275617502564,373.40608241634516,79.04752731552816,-14179.865618033611,0.0032743174296368653,22.0,0.02,4050.0,0.001145010768126346,0.00020410637918426332
14858.445981752438,357.9183307329763,75.31668480101456,-14208.294047651543,0.0031769523743838905,23.0,0.02,4050.0,0.001197056712132089,0.00021338394187445708
15171.11970046118,343.9894566765138,72.18075783891358,-14231.006383932774,0.0030859994395968635,24.0,0.02,4050.0,0.0012404881550610195,0.0002226615045646509
15469.190789415537,331.8993893517908,70.00558729555031,-14249.423694819212,0.003003302015763984,25.0,0.02,4050.0,0.0012921751615218953,0.0002319390672548447
15760.31362141136,319.8824628056317,67.23868264282021,-14262.445099030192,0.002922246959566084,26.0,0.02,4050.0,0.0013438621679827708,0.00024121662994503845
16043.145103922974,308.96867353783324,65.04859444573154,-14277.756315763141,0.002845445258479397,27.0,0.02,4050.0,0.0013858578607322326,0.00025049419263523223
16319.14121342199,298.52643111118846,62.57057405386238,-14283.47818326062,0.0027717007112026343,28.0,0.02,4050.0,0.0014371859296482413,0.00025977175532542607
16584.246169994047,288.9448483860838,60.70000101315094,-14288.159849951455,0.0027030104042115306,29.0,0.02,4050.0,0.001478104809763101,0.00026904931801561985
16842.256369626797,280.27599214305724,58.93226613237778,-14292.753777954986,0.0026380023592514367,30.0,0.02,4050.0,0.0015290739411342423,0.0002783268807058136
0.0,0.0,0.0,-2.628212131370674,0.009211635857417326,0.0,0.06041666666666666,4300.0,0.0,
1928.5065389534675,878.1508994787606,336.1068082406774,-4972.756056867118,0.008410825523902456,1.0,0.06041666666666666,4300.0,6.281407035175879e-05,9.277562690193787e-06
3254.9163768439385,1160.9664534796034,399.7887088510867,-7691.92993309952,0.007753990310206208,2.0,0.06041666666666666,4250.0,0.00012132089016511126,1.8555125380387575e-05
4313.642408365422,1224.4949098023196,376.88720172785605,-9371.061294401574,0.007245759864906328,3.0,0.06041666666666666,4250.0,0.00017767408470926058,2.7832688070581364e-05
5220.584573094333,1195.1614805984914,328.53532981641507,-10489.886363149963,0.0068069690738892475,4.0,0.06041666666666666,4250.0,0.00023402727925340988,3.711025076077515e-05
6026.015182000509,1125.7063353329502,279.23430557906096,-11277.074997046504,0.006392511029265416,5.0,0.06041666666666666,4200.0,0.0002889447236180905,4.638781345096894e-05
6757.639560764238,1040.5405700891376,240.46199075065982,-11853.686136384327,0.006053980117504604,6.0,0.06041666666666666,4200.0,0.0003424264178033022,5.566537614116273e-05
7431.872864473416,952.0818136616747,211.5520157127838,-12290.166945291494,0.005750774955492541,7.0,0.06041666666666666,4200.0,0.00039698492462311556,6.494293883135652e-05
8059.33216600761,866.1531020884869,188.48324298358645,-12633.402316446402,0.005475397739283354,8.0,0.06041666666666666,4200.0,0.000447954055994257,7.42205015215503e-05
8645.510012106759,788.3211179148143,170.69578859903325,-12900.178097292024,0.00520782528259953,9.0,0.06041666666666666,4150.0,0.0005007178750897344,8.349806421174408e-05
9199.53908281091,721.0125116586066,155.5008225922474,-13122.651419215465,0.004981116170989811,10.0,0.06041666666666666,4150.0,0.0005527638190954774,9.277562690193788e-05
9720.121631827224,665.2144185428123,143.295242053192,-13301.852581021725,0.004775529827931758,11.0,0.06041666666666666,4150.0,0.0006040918880114859,0.00010205318959213166
10218.572869633528,616.7219277167587,132.1149450701818,-13458.841427869549,0.004583055476245385,12.0,0.06041666666666666,4150.0,0.0006547020818377602,0.00011133075228232546
10690.366389136287,575.1301561340359,122.7911784656591,-13589.807590498865,0.004405951442676354,13.0,0.06041666666666666,4150.0,0.0007045944005743001,0.00012060831497251923
11140.15657793928,539.379926256892,115.17834412619268,-13701.140855035606,0.0042297301338100664,14.0,0.06041666666666666,4100.0,0.0007537688442211056,0.00012988587766271303
11569.282848153836,507.8001143276608,108.24684115717432,-13798.39033082311,0.004079048587318654,15.0,0.06041666666666666,4100.0,0.0008076094759511844,0.0001391634403529068
11983.563230991811,479.2105342416696,101.68932443995654,-13884.408139697473,0.003936849065018023,16.0,0.06041666666666666,4100.0,0.0008557071069633883,0.0001484410030431006
12377.060402468507,454.307665991571,96.5039812650302,-13953.28978800829,0.003806215843464861,17.0,0.06041666666666666,4100.0,0.0009030868628858578,0.00015771856573329438
12757.133139332775,431.46496705835386,91.28233792300792,-14020.280930175228,0.0036822476755118826,18.0,0.06041666666666666,4100.0,0.0009562096195262024,0.00016699612842348816
13124.303597064298,410.58836711190787,86.53310026768615,-14084.367115265566,0.0035646007924022083,19.0,0.06041666666666666,4100.0,0.0010025125628140702,0.00017627369111368197
13475.491484322292,392.2142923849446,82.7507953261085,-14133.828709584843,0.003456489823927442,20.0,0.06041666666666666,4100.0,0.0010552763819095478,0.00018555125380387576
13815.478039460206,375.4179353981662,79.26683414921624,-14177.41357034089,0.003354174701128804,21.0,0.06041666666666666,4100.0,0.001100502512562814,0.00019482881649406957
14142.477109911055,359.8379880554199,75.86713131895266,-14215.295429298523,0.003248484134981496,22.0,0.06041666666666666,4050.0,0.001145010768126346,0.00020410637918426332
14461.979707925622,344.8921755125906,72.28828132156033,-14258.511900851081,0.0031544525426474364,23.0,0.06041666666666666,4050.0,0.001197056712132089,0.00021338394187445708
14771.190585232545,331.46404327404923,69.27656099501557,-14295.210260671076,0.0030664941761557978,24.0,0.06041666666666666,4050.0,0.0012404881550610195,0.0002226615045646509
15065.994093791545,319.8056171571465,67.18051760071977,-14326.70730336778,0.002986391709242532,25.0,0.06041666666666666,4050.0,0.0012921751615218953,0.0002319390672548447
15354.166959512087,308.2338160434552,64.55142092015788,-14352.307124595049,0.002907791104314889,26.0,0.06041666666666666,4050.0,0.0013438621679827708,0.00024121662994503845
15634.15999572057,297.7114385419988,62.4226304238001,-14380.46013313024,0.002833267155880196,27.0,0.06041666666666666,4050.0,0.0013858578607322326,0.00025049419263523223
15907.542787143324,287.644864091028,60.067879755742574,-14397.698784548127,0.002761627086560164,28.0,0.06041666666666666,4050.0,0.0014371859296482413,0.00025977175532542607
16170.253506080375,278.3949460609117,58.250243225963104,-14413.266012208987,0.0026947933556789876,29.0,0.06041666666666666,4050.0,0.001478104809763101,0.00026904931801561985
16425.8943552483,270.04311368417575,56.54777272367124,-14428.157741873652,0.0026314981330157828,30.0,0.06041666666666666,4050.0,0.0015290739411342423,0.0002783268807058136
0.0,0.0,0.0,-2.628212131370674,0.008769112199379056,0.0,0.10083333333333333,4300.0,0.0,
1840.3477402480598,837.2075871670828,320.34653866392205,-4757.706137937901,0.008043951142204308,1.0,0.10083333333333333,4300.0,6.281407035175879e-05,9.277562690193787e-06
3112.404269815915,1108.5319677702682,381.6090861388547,-7388.408947425196,0.007442675673036366,2.0,0.10083333333333333,4250.0,0.00012132089016511126,1.8555125380387575e-05
4132.081096546909,1170.922220154796,360.2382704704047,-9033.866118427133,0.006976904830621503,3.0,0.10083333333333333,4250.0,0.00017767408470926058,2.7832688070581364e-05
5008.537813298529,1144.4025493634988,314.3684375145878,-10146.246812401601,0.006572824351786718,4.0,0.10083333333333333,4250.0,0.00023402727925340988,3.711025076077515e-05
5789.018885025447,1079.1939779911606,267.3521336981429,-10941.31128003374,0.006187642990036538,5.0,0.10083333333333333,4200.0,0.0002889447236180905,4.638781345096894e-05
6499.589247129434,998.5879675820225,230.2548322837178,-11533.944389616729,0.005873370685031806,6.0,0.10083333333333333,4200.0,0.0003424264178033022,5.566537614116273e-05
7155.659921743149,914.5374499197245,202.59694057903394,-11990.874856357164,0.005590882115681782,7.0,0.10083333333333333,4200.0,0.00039698492462311556,6.494293883135652e-05
7767.256645876895,832.6147378319644,180.52267840439882,-12356.933270833455,0.005333474265238935,8.0,0.10083333333333333,4200.0,0.000447954055994257,7.42205015215503e-05
8339.394567476864,758.1438483885495,163.4972962481366,-12647.151354127898,0.005081295933853723,9.0,0.10083333333333333,4150.0,0.0005007178750897344,8.349806421174408e-05
8880.8975957903,693.459325827032,148.9503252335643,-12893.75220341701,0.004868196337109402,10.0,0.10083333333333333,4150.0,0.0005527638190954774,9.277562690193788e-05
9390.274191420023,639.8287398502473,137.25177511642462,-13096.725197235217,0.004674425095576151,11.0,0.10083333333333333,4150.0,0.0006040918880114859,0.00010205318959213166
9878.54360933234,593.1994123440928,126.56139102817278,-13277.101410063668,0.004492592528220045,12.0,0.10083333333333333,4150.0,0.0006547020818377602,0.00011133075228232546
10341.166863643051,553.2061062161409,117.64831870268837,-13430.978719244325,0.004324886291645291,13.0,0.10083333333333333,4150.0,0.0007045944005743001,0.00012060831497251923
10782.535836783423,518.8154740218272,110.33417981938567,-13563.949723738784,0.004170938045968815,14.0,0.10083333333333333,4150.0,0.0007537688442211056,0.00012988587766271303
11204.002432628813,488.43628056888264,103.696897152362,-13682.142195273322,0.004013485025469088,15.0,0.10083333333333333,4100.0,0.0008076094759511844,0.0001391634403529068
11611.238361320833,460.94414704769395,97.41778603598978,-13788.27409562307,0.003878041081879916,16.0,0.10083333333333333,4100.0,0.0008557071069633883,0.0001484410030431006
11998.285669839108,436.99898860733754,92.45303282011393,-13876.726764844294,0.0037533834436687696,17.0,0.10083333333333333,4100.0,0.0009030868628858578,0.00015771856573329438
12372.418573894909,415.01718618396507,87.46029215458216,-13962.406675880273,0.0036348812535079112,18.0,0.10083333333333333,4100.0,0.0009562096195262024,0.00016699612842348816
12734.102632002314,394.9319666753307,82.90752969040808,-14043.883470689929,0.0035222418671823725,19.0,0.10083333333333333,4100.0,0.0010025125628140702,0.00017627369111368197
13080.180461787486,377.2463651276252,79.28060003510333,-14110.391435405742,0.0034185607792616072,20.0,0.10083333333333333,4100.0,0.0010552763819095478,0.00018555125380387576
13415.401638630881,361.0864623270241,75.93195472753519,-14170.361074389206,0.0033203075569976366,21.0,0.10083333333333333,4100.0,0.001100502512562814,0.00019482881649406957
13738.015835991779,346.10591161278467,72.67849698743711,-14223.704710173632,0.003227243793528942,22.0,0.10083333333333333,4100.0,0.001145010768126346,0.00020410637918426332
14053.491798210422,331.7318947264599,69.2520611714698,-14281.644454738016,0.003136274880378165,23.0,0.10083333333333333,4100.0,0.001197056712132089,0.00021338394187445708
14358.89887421903,318.813168031279,66.36501065712052,-14332.49368803577,0.003042785413827092,24.0,0.10083333333333333,4050.0,0.0012404881550610195,0.0002226615045646509
14650.09778972017,307.5994651707222,64.34895700926702,-14377.323119011628,0.002965444172065697,25.0,0.10083333333333333,4050.0,0.0012921751615218953,0.0002319390672548447
14934.967207052832,296.45426234179615,61.85645023184118,-14415.82119710077,0.002889464594196934,26.0,0.10083333333333333,4050.0,0.0013438621679827708,0.00024121662994503845
15211.848578396348,286.31590421987005,59.790935919513664,-14457.10395935372,0.002817375302382194,27.0,0.10083333333333333,4050.0,0.0013858578607322326,0.00025049419263523223
15482.345785720892,276.6433822297107,57.55835466641072,-14486.229582533404,0.0027479934268527188,28.0,0.10083333333333333,4050.0,0.0014371859296482413,0.00025977175532542607
15742.315854663899,267.7518477868515,55.804874602405576,-14513.065301005357,0.0026831648909208584,29.0,0.10083333333333333,4050.0,0.001478104809763101,0.00026904931801561985
15995.321730976777,259.71070773491743,54.158593332057166,-14538.647958877133,0.0026217214382460783,30.0,0.10083333333333333,4050.0,0.0015290739411342423,0.0002783268807058136
0.0,0.0,0.0,-2.628212131370674,0.008331459676055747,0.0,0.14125,4300.0,0.0,
1752.6993297256818,796.5695895648023,304.71039744454964,-4542.657408175728,0.007677387776921455,1.0,0.14125,4300.0,6.281407035175879e-05,9.277562690193787e-06
2970.107161320135,1056.3052223730115,363.51346354278195,-7082.012273254179,0.007129001604677646,2.0,0.14125,4250.0,0.00012132089016511126,1.8555125380387575e-05
3950.1203511962017,1117.3831316700937,343.6171080101482,-8690.294536649708,0.0067039201236852265,3.0,0.14125,4250.0,0.00017767408470926058,2.7832688070581364e-05
4795.349285434155,1093.5267639002382,300.19391258828125,-9792.784549854623,0.006333371846619806,4.0,0.14125,4250.0,0.00023402727925340988,3.711025076077515e-05
5550.090695229625,1032.4547212364532,255.45969437447388,-10592.559456763345,0.005976749223099732,5.0,0.14125,4200.0,0.0002889447236180905,4.638781345096894e-05
6238.808776181227,956.3594369365347,220.03650294760862,-11198.411446596321,0.005686236003122838,6.0,0.14125,4200.0,0.0003424264178033022,5.566537614116273e-05
6875.929876383853,876.6577287543734,193.6339718258403,-11673.343435909403,0.005424164495794218,7.0,0.14125,4200.0,0.00039698492462311556,6.494293883135652e-05
7470.89348894,798.7450537527661,172.54633942635346,-12060.101047276628,0.005184569245213063,8.0,0.14125,4200.0,0.000447954055994257,7.42205015215503e-05
8028.252429127032,727.6503785463987,156.28148579310323,-12372.14667150523,0.004968152117248269,9.0,0.14125,4200.0,0.0005007178750897344,8.349806421174408e-05
8556.511318974408,665.6155024838321,142.38332153410585,-12641.13649927696,0.004748299564411728,10.0,0.14125,4150.0,0.0005527638190954774,9.277562690193788e-05
9054.00199328817,614.1689848704024,131.20151185961004,-12866.600098653049,0.004566419953167017,11.0,0.14125,4150.0,0.0006040918880114859,0.00010205318959213166
9531.431989598326,569.4228140750055,120.99291578734723,-13069.266449367824,0.004395343845751313,12.0,0.14125,4150.0,0.0006547020818377602,0.00011133075228232546
9984.256778646975,531.0398181060038,112.4902429522143,-13245.147294846443,0.00423718023480148,13.0,0.14125,4150.0,0.0007045944005743001,0.00012060831497251923
10416.611571042191,498.0210938452906,105.48610041613068,-13399.084471715301,0.004091655448617767,14.0,0.14125,4150.0,0.0007537688442211056,0.00012988587766271303
10829.855313773292,468.8725793814805,99.14698534602385,-13537.571575921029,0.003955097468559297,15.0,0.14125,4150.0,0.0008076094759511844,0.0001391634403529068
11229.490374486428,442.46784741952223,93.1346660225247,-13663.382537485923,0.00382577705455128,16.0,0.14125,4150.0,0.0008557071069633883,0.0001484410030431006
11609.57206792542,419.4886727063666,88.39629694204584,-13771.03875981961,0.00369464044549984,17.0,0.14125,4100.0,0.0009030868628858578,0.00015771856573329438
11977.257300976877,398.3810134053393,83.62712706790946,-13875.158611275503,0.0035817974416472993,18.0,0.14125,4100.0,0.0009562096195262024,0.00016699612842348816
12332.982473155627,379.08825903349367,79.27482868825166,-13973.882222313354,0.0034743609333346376,19.0,0.14125,4100.0,0.0010025125628140702,0.00017627369111368197
12673.49793178756,362.1298146758022,75.80080408194091,-14057.354002627166,0.003375300660534134,20.0,0.14125,4100.0,0.0010552763819095478,0.00018555125380387576
13003.508937606859,346.611361414211,72.58874382576259,-14133.690396482598,0.0032812964563079844,21.0,0.14125,4100.0,0.001100502512562814,0.00019482881649406957
13321.34075494205,332.2198718410587,69.48176007122521,-14202.643020487907,0.003192109726009322,22.0,0.14125,4100.0,0.001145010768126346,0.00020410637918426332
13632.387624665953,318.4160514383532,66.20822742656702,-14275.65349928027,0.00310483894750331,23.0,0.14125,4100.0,0.001197056712132089,0.00021338394187445708
13933.58306598673,305.99875326154057,63.44643041037647,-14340.69871268401,0.003022987034603909,24.0,0.14125,4100.0,0.0012404881550610195,0.0002226615045646509
14220.806633987182,295.23359122591665,61.51108121172688,-14398.821619677292,0.002948203081681673,25.0,0.14125,4100.0,0.0012921751615218953,0.0002319390672548447
14502.06691512415,284.53984962449834,59.15393340441846,-14450.456827354836,0.0028668803530789272,26.0,0.14125,4050.0,0.0013438621679827708,0.00024121662994503845
14775.493191238791,274.8035304780547,57.15354473035223,-14505.0976082376,0.002797385129428211,27.0,0.14125,4050.0,0.0013858578607322326,0.00025049419263523223
15042.72124286187,265.5101533429591,55.042054923295936,-14546.425188747613,0.0027304196478294246,28.0,0.14125,4050.0,0.0014371859296482413,0.00025977175532542607
15299.67682302364,256.96623671646284,53.35987163938646,-14584.864279354915,0.002667748226173465,29.0,0.14125,4050.0,0.001478104809763101,0.00026904931801561985
15549.798860791041,249.25046690919535,51.76594284898233,-14621.486053015306,0.0026083005685691493,30.0,0.14125,4050.0,0.0015290739411342423,0.0002783268807058136
0.0,0.0,0.0,-2.628212131370674,0.007898558205400056,0.0,0.18166666666666664,4300.0,0.0,
1665.5553601347292,756.2349676236347,289.1999951201805,-4327.628801695071,0.007311160613053873,1.0,0.18166666666666664,4300.0,6.281407035175879e-05,9.277562690193787e-06
2828.0245459989133,1004.2849529586292,345.5002945033671,-6772.803019240091,0.006813022138877727,2.0,0.18166666666666664,4250.0,0.00012132089016511126,1.8555125380387575e-05
3767.7621836250873,1063.8825272847475,327.0281902252048,-8340.406481758313,0.00642684127878731,3.0,0.18166666666666664,4250.0,0.00017767408470926058,2.7832688070581364e-05
4581.014837120997,1042.5391486456956,286.0205907719382,-9429.50682260494,0.006088606352169495,4.0,0.18166666666666664,4250.0,0.00023402727925340988,3.711025076077515e-05
5309.213302214942,985.4923029609122,243.54826322453863,-10230.856516440814,0.005788191897157941,5.0,0.18166666666666664,4250.0,0.0002889447236180905,4.638781345096894e-05
5975.26011370095,913.8505399241354,209.80487483486877,-10846.880526078086,0.0054924740800131626,6.0,0.18166666666666664,4200.0,0.0003424264178033022,5.566537614116273e-05
6592.618518929248,838.4657079099538,184.65992626794204,-11337.224977898622,0.0052504711510327606,7.0,0.18166666666666664,4200.0,0.00039698492462311556,6.494293883135652e-05
7170.149872454212,764.5200674269377,164.56621784722745,-11742.403961926539,0.00502848631751908,8.0,0.18166666666666664,4200.0,0.000447954055994257,7.42205015215503e-05
7711.960165281974,696.8432289667847,149.06124139577534,-12074.413126712112,0.004827353958435479,9.0,0.18166666666666664,4200.0,0.0005007178750897344,8.349806421174408e-05
8226.227154910832,637.4786818026178,135.80821432004439,-12364.077338601557,0.0046399106914924325,10.0,0.18166666666666664,4200.0,0.0005527638190954774,9.277562690193788e-05
8711.114307864413,588.2330791638027,125.1520007844385,-12610.493611700098,0.004451214156331697,11.0,0.18166666666666664,4150.0,0.0006040918880114859,0.00010205318959213166
9177.01131035699,545.3860400521427,115.40996815211463,-12834.192596661742,0.004290982346228506,12.0,0.18166666666666664,4150.0,0.0006547020818377602,0.00011133075228232546
9619.366440996919,508.6285527990978,107.31722519195853,-13031.014809533553,0.004142482512618115,13.0,0.18166666666666664,4150.0,0.0007045944005743001,0.00012060831497251923
10042.079206483551,477.00802940198463,100.62693401498377,-13205.04956585307,0.0040055279130397975,14.0,0.18166666666666664,4150.0,0.0007537688442211056,0.00012988587766271303
10446.488106458422,449.0864160347695,94.58652921161325,-13363.108757183392,0.003876754481942415,15.0,0.18166666666666664,4150.0,0.0008076094759511844,0.0001391634403529068
10837.938664883708,423.79163406591505,88.8472192988068,-13508.334928908072,0.003754561416816614,16.0,0.18166666666666664,4150.0,0.0008557071069633883,0.0001484410030431006
11210.488906327977,401.77582949002397,84.32821901883553,-13634.481520160632,0.003641629404595781,17.0,0.18166666666666664,4150.0,0.0009030868628858578,0.00015771856573329438
11571.195319677594,381.5704970479338,79.78570007031259,-13756.551751779916,0.003522581593614973,18.0,0.18166666666666664,4100.0,0.0009562096195262024,0.00016699612842348816
11920.44311444749,363.08536520415123,75.63708186648672,-13872.26120072342,0.003420536545395604,19.0,0.18166666666666664,4100.0,0.0010025125628140702,0.00017627369111368197
12254.90030799614,346.82965135306785,72.31166473149892,-13972.503752274904,0.003326283395215066,20.0,0.18166666666666664,4100.0,0.0010552763819095478,0.00018555125380387576
12579.235858644171,331.95971002312854,69.243842840828,-14065.0845967255,0.003236712459819333,21.0,0.18166666666666664,4100.0,0.001100502512562814,0.00019482881649406957
12891.837909389764,318.1826568219946,66.27724742660283,-14149.611490238705,0.003151587486653794,22.0,0.18166666666666664,4100.0,0.001145010768126346,0.00020410637918426332
13197.998510912903,304.9476437075618,63.15708395254533,-14237.696988379728,0.003068199769442264,23.0,0.18166666666666664,4100.0,0.001197056712132089,0.00021338394187445708
13494.568947559395,293.06341857321365,60.520932055737894,-14317.180105724692,0.0029898728703746896,24.0,0.18166666666666664,4100.0,0.0012404881550610195,0.0002226615045646509
13777.448121965284,282.7442161771778,58.67083097706052,-14388.93029656123,0.0029181873560491017,25.0,0.18166666666666664,4100.0,0.0012921751615218953,0.0002319390672548447
14054.694112220197,272.48905443585215,56.44396344249943,-14453.691079358388,0.0028476144656648023,26.0,0.18166666666666664,4100.0,0.0013438621679827708,0.00024121662994503845
14324.269414216189,263.14965197895907,54.51076911717911,-14521.603417302584,0.0027805006121700356,27.0,0.18166666666666664,4100.0,0.0013858578607322326,0.00025049419263523223
14587.892792056202,254.25873497294165,52.51914766797517,-14575.390918790763,0.002708485841581412,28.0,0.18166666666666664,4050.0,0.0014371859296482413,0.00025977175532542607
14841.539100678294,246.07481741573477,50.91842798669462,-14625.708575515033,0.0026481268687814324,29.0,0.18166666666666664,4050.0,0.001478104809763101,0.00026904931801561985
15088.38416049111,238.67567276012642,49.383980049022185,-14673.662263898848,0.0025908229107002396,30.0,0.18166666666666664,4050.0,0.0015290739411342423,0.0002783268807058136
0.0,0.0,0.0,-2.628212131370674,0.007470292436249868,0.0,0.2220833333333333,4300.0,0.0,
1578.9080444790475,716.2005688792581,273.81145279352614,-4112.638350656234,0.006945293834177443,1.0,0.2220833333333333,4300.0,6.281407035175879e-05,9.277562690193787e-06
2686.155793387206,952.4756816106166,327.5714445526261,-6460.906506744846,0.006532497389936109,2.0,0.2220833333333333,4300.0,0.00012132089016511126,1.8555125380387575e-05
3585.009259264292,1010.4242668758437,310.47249908218294,-7984.262449291462,0.006145704102506279,3.0,0.2220833333333333,4250.0,0.00017767408470926058,2.7832688070581364e-05
4365.531555940958,991.4453150098392,271.84195759221967,-9056.422598287245,0.005838524268378167,4.0,0.2220833333333333,4250.0,0.00023402727925340988,3.711025076077515e-05
5066.372820386351,938.3125251270287,231.6253435922535,-9856.092058276154,0.00556452645079519,5.0,0.2220833333333333,4250.0,0.0002889447236180905,4.638781345096894e-05
5708.904721000037,871.046790928589,199.5678528745264,-10479.145699010282,0.005291983650080363,6.0,0.2220833333333333,4200.0,0.0003424264178033022,5.566537614116273e-05
6305.666747146881,799.9482697165458,175.67083619784415,-10982.169290066267,0.005069650285959859,7.0,0.2220833333333333,4200.0,0.00039698492462311556,6.494293883135652e-05
6864.937045185858,729.977689897184,156.57534234751498,-11403.332161004328,0.004865026003798407,8.0,0.2220833333333333,4200.0,0.000447954055994257,7.42205015215503e-05
7390.393884077275,665.7033882021184,141.82387194980424,-11753.185656084854,0.004679044143435582,9.0,0.2220833333333333,4200.0,0.0005007178750897344,8.349806421174408e-05
7889.881210452162,609.0465202360521,129.22156907122388,-12061.850409216742,0.004505223432943219,10.0,0.2220833333333333,4200.0,0.0005527638190954774,9.277562690193788e-05
8361.409025424955,562.0168888829884,119.08979465322616,-12327.436089276518,0.00434591086125876,11.0,0.2220833333333333,4200.0,0.0006040918880114859,0.00010205318959213166
8815.03724627312,521.0865512266575,109.81842317722669,-12570.690512007415,0.0041791663107535095,12.0,0.2220833333333333,4150.0,0.0006547020818377602,0.00011133075228232546
9246.218508175862,485.97577026055836,102.12959170590857,-12787.222878827291,0.004040425712764872,13.0,0.2220833333333333,4150.0,0.0007045944005743001,0.00012060831497251923
9658.614292183025,455.7609551509198,95.76629520618724,-12980.325399782065,0.003912165372260701,14.0,0.2220833333333333,4150.0,0.0007537688442211056,0.00012988587766271303
10053.539137711145,429.07674088836166,90.01475274917402,-13157.07808134942,0.0037913191338272124,15.0,0.2220833333333333,4150.0,0.0008076094759511844,0.0001391634403529068
10436.173664042595,404.9115401107468,84.55531004042199,-13320.961840942204,0.003676412946941133,16.0,0.2220833333333333,4150.0,0.0008557071069633883,0.0001484410030431006
10800.598806021644,383.8788303351779,80.24904151862108,-13465.25184445436,0.003570002372982055,17.0,0.2220833333333333,4150.0,0.0009030868628858578,0.00015771856573329438
11153.748656195468,364.5628923909608,75.94513870543742,-13604.459397221544,0.003468388752683152,18.0,0.2220833333333333,4150.0,0.0009562096195262024,0.00016699612842348816
11495.956102134742,346.89306520827694,71.99819264799302,-13736.772198550163,0.0033603152662563525,19.0,0.2220833333333333,4100.0,0.0010025125628140702,0.00017627369111368197
11823.82857022491,331.35468329417677,68.81344923109688,-13853.4684907384,0.00327104817076189,20.0,0.2220833333333333,4100.0,0.0010552763819095478,0.00018555125380387576
12141.983774716067,317.1457587087863,65.89940326436599,-13962.051075831958,0.0031860903642335664,21.0,0.2220833333333333,4100.0,0.001100502512562814,0.00019482881649406957
12448.840167501756,303.9731176980482,63.06511990952377,-14062.005555058757,0.0031052086264135004,22.0,0.2220833333333333,4100.0,0.001145010768126346,0.00020410637918426332
12749.643783890415,291.3348067932258,60.098666651323846,-14165.063143143969,0.0030258854904691938,23.0,0.2220833333333333,4100.0,0.001197056712132089,0.00021338394187445708
13041.150270250197,279.96352024744056,57.58875828712356,-14258.947630109942,0.002951261952409725,24.0,0.2220833333333333,4100.0,0.0012404881550610195,0.0002226615045646509
13319.236527609206,270.10150211174806,55.84956226756001,-14344.338640022419,0.002882846170693174,25.0,0.2220833333333333,4100.0,0.0012921751615218953,0.0002319390672548447
13592.019829492854,260.3050721870732,53.72651321980361,-14422.524974928267,0.0028154075915195753,26.0,0.2220833333333333,4100.0,0.0013438621679827708,0.00024121662994503845
13857.380737988373,251.3736600165401,51.87076468722996,-14503.317600441653,0.002751214002598189,27.0,0.2220833333333333,4100.0,0.0013858578607322326,0.00025049419263523223
14117.01690278532,242.87154467354424,49.989524001051336,-14569.811317713,0.0026892738917598876,28.0,0.2220833333333333,4100.0,0.0014371859296482413,0.00025977175532542607
14366.900552175986,235.04562585665843,48.47013118054822,-14632.424649985092,0.0026310629274763557,29.0,0.2220833333333333,4100.0,0.001478104809763101,0.00026904931801561985
14610.135715254708,227.98024354215005,46.99601073564405,-14691.869695179048,0.0025688303924880085,30.0,0.2220833333333333,4050.0,0.0015290739411342423,0.0002783268807058136
0.0,0.0,0.0,-2.628212131370674,0.007046551486701917,0.0,0.2625,4300.0,0.0,
1492.749317001882,676.4612479835152,258.5445700626126,-3897.703312689322,0.006579810574785109,1.0,0.2625,4300.0,6.281407035175879e-05,9.277562690193787e-06
2544.501279042237,900.8767583363913,309.72772372252814,-6146.382951744956,0.0062105877709251614,2.0,0.2625,4300.0,0.00012132089016511126,1.8555125380387575e-05
3401.8648919094167,957.0149102535236,293.9479807914777,-7621.923205720705,0.005860545470349846,3.0,0.2625,4250.0,0.00017767408470926058,2.7832688070581364e-05
4148.8975285494425,940.2551197225902,257.658897093304,-8673.543162158348,0.005583123458430859,4.0,0.2625,4250.0,0.00023402727925340988,3.711025076077515e-05
4821.5529086977585,890.9423982587829,219.68524542096935,-9468.09701668423,0.005334619603409824,5.0,0.2625,4250.0,0.0002889447236180905,4.638781345096894e-05
5439.708803945764,827.9524103727388,189.31539055999886,-10095.070401611694,0.00510960479593995,6.0,0.2625,4250.0,0.0003424264178033022,5.566537614116273e-05
6015.008427955668,761.0908853869843,166.6632204010014,-10607.824663541585,0.004881549797347006,7.0,0.2625,4200.0,0.00039698492462311556,6.494293883135652e-05
6555.158470504442,695.0737546582147,148.56607631229733,-11042.36909950451,0.004693986130303307,8.0,0.2625,4200.0,0.000447954055994257,7.42205015215503e-05
7063.427325764997,634.2242829921098,134.58097726360668,-11407.77394891189,0.0045229745441752855,9.0,0.2625,4200.0,0.0005007178750897344,8.349806421174408e-05
7547.310096601871,580.313852736464,122.6277646342909,-11733.37770047447,0.004362682632135734,10.0,0.2625,4200.0,0.0005527638190954774,9.277562690193788e-05
8004.687589688693,535.5191330485851,113.01209558165934,-12016.613217279162,0.004215350147702333,11.0,0.2625,4200.0,0.0006040918880114859,0.00010205318959213166
8445.265865921254,496.5222206297184,104.23286567930883,-12277.569949024299,0.004075829230670255,12.0,0.2625,4200.0,0.0006547020818377602,0.00011133075228232546
8864.525632432898,463.0762630538315,96.9277431275441,-12512.35112450795,0.003930624487485382,13.0,0.2625,4150.0,0.0007045944005743001,0.00012060831497251923
9265.884244274688,434.27654034634224,90.8966180424812,-12723.316633321636,0.003811156598220936,14.0,0.2625,4150.0,0.0007537688442211056,0.00012988587766271303
9650.634398264116,408.8432980899897,85.44208915295454,-12917.712244299466,0.0036983582812762173,15.0,0.2625,4150.0,0.0008076094759511844,0.0001391634403529068
10023.777503814474,385.8167094551481,80.25153399458272,-13099.327162346286,0.0035908794509977877,16.0,0.2625,4150.0,0.0008557071069633883,0.0001484410030431006
10379.437298165556,365.7764562440757,76.1614545756312,-13260.981650194008,0.0034911425564978847,17.0,0.2625,4150.0,0.0009030868628858578,0.00015771856573329438
10724.398217539576,347.35846476181075,72.09298447182483,-13416.663010035227,0.003395720587664765,18.0,0.2625,4150.0,0.0009562096195262024,0.00016699612842348816
11058.961106190365,330.51297759794045,68.3483780946538,-13565.413031932469,0.0033044232099898392,19.0,0.2625,4150.0,0.0010025125628140702,0.00017627369111368197
11379.680041456832,315.7169638958978,65.30647385098528,-13697.847259649949,0.0032197489648469286,20.0,0.2625,4150.0,0.0010552763819095478,0.00018555125380387576
11691.088803242792,302.1700899872145,62.559823709084476,-13821.909222322633,0.0031289260149407762,21.0,0.2625,4100.0,0.001100502512562814,0.00019482881649406957
11991.681862867337,289.61835661842554,59.84566836998882,-13937.01415745551,0.0030524630316647473,22.0,0.2625,4100.0,0.001145010768126346,0.00020410637918426332
12286.600340146644,277.5547455530782,57.03312327223471,-14054.816000110244,0.0029773819338779306,23.0,0.2625,4100.0,0.001197056712132089,0.00021338394187445708
12572.512560741889,266.72477731656625,54.65005294473355,-14162.945845030634,0.002906637879994865,24.0,0.2625,4100.0,0.0012404881550610195,0.0002226615045646509
12845.334392221428,257.320385661392,53.02170908936721,-14261.88318157351,0.0028416616431053408,25.0,0.2625,4100.0,0.0012921751615218953,0.0002319390672548447
13113.239140025262,247.97502061777655,51.001719293068405,-14353.479941290214,0.0027775303971546805,26.0,0.2625,4100.0,0.0013438621679827708,0.00024121662994503845
13373.901373983896,239.45848396182066,49.238217596062924,-14447.144272321726,0.0027164231313185415,27.0,0.2625,4100.0,0.0013858578607322326,0.00025049419263523223
13629.075329730562,231.3625586904024,47.45277855330292,-14526.297862632091,0.0026573879796965975,28.0,0.2625,4100.0,0.0014371859296482413,0.00025977175532542607
13874.839204955775,223.90751954030955,46.01450804670519,-14601.812712677602,0.0026018086858388767,29.0,0.2625,4100.0,0.001478104809763101,0.00026904931801561985
14114.08733451225,217.16539525189177,44.61467403902689,-14672.828087099442,0.0025490013640165764,30.0,0.2625,4100.0,0.0015290739411342423,0.0002783268807058136
0.0,0.0,0.0,-2.628212131370674,0.006627228684539537,0.0,0.30291666666666667,4300.0,0.0,
1407.0751420390422,637.0152010042492,243.39876244282993,-3682.8402769582317,0.0062147328502075464,1.0,0.30291666666666667,4300.0,6.281407035175879e-05,9.277562690193787e-06
2403.061717233533,849.492647164557,291.96968883386046,-5829.229776559536,0.00588647857762527,2.0,0.30291666666666667,4300.0,0.00012132089016511126,1.8555125380387575e-05
3218.3330066490485,903.6606762849108,277.45605996949627,-7253.449992241323,0.0055714028290974734,3.0,0.30291666666666667,4250.0,0.00017767408470926058,2.7832688070581364e-05
3931.1129293067247,888.9906817681571,243.47385397053606,-8280.881661240885,0.005322403966551002,4.0,0.30291666666666667,4250.0,0.00023402727925340988,3.711025076077515e-05
4574.738044983078,843.3677329406357,207.73169383598525,-9066.793625988,0.005098422144577394,5.0,0.30291666666666667,4250.0,0.0002889447236180905,4.638781345096894e-05
5167.638630096052,784.5676721151516,179.0446449469278,-9694.564056140938,0.004894826413806249,6.0,0.30291666666666667,4250.0,0.0003424264178033022,5.566537614116273e-05
5720.584902534379,721.9051571510626,157.6392796034583,-10213.838047846722,0.004686017360756534,7.0,0.30291666666666667,4200.0,0.00039698492462311556,6.494293883135652e-05
6240.724098978609,659.8320771448101,140.53902476871843,-10658.991137417855,0.004515162258166146,8.0,0.30291666666666667,4200.0,0.000447954055994257,7.42205015215503e-05
6730.9297199621205,602.4207303029891,127.32076556746507,-11037.474184393155,0.004358892139555698,9.0,0.30291666666666667,4200.0,0.0005007178750897344,8.349806421174408e-05
7198.344521434599,551.2756680772741,116.02088891954989,-11377.763982383614,0.004211989943540906,10.0,0.30291666666666667,4200.0,0.0005527638190954774,9.277562690193788e-05
7640.73593187679,508.73470248939407,106.91924390899463,-11676.66043316431,0.00407657489953072,11.0,0.30291666666666667,4200.0,0.0006040918880114859,0.00010205318959213166
8067.440458820829,471.68989410111146,98.63162889914271,-11953.815629708792,0.003948015972938097,12.0,0.30291666666666667,4200.0,0.0006547020818377602,0.00011133075228232546
8473.982790531078,439.92313201139626,91.71191985518489,-12204.945850392382,0.003827957348825768,13.0,0.30291666666666667,4200.0,0.0007045944005743001,0.00012060831497251923
8863.53986563108,412.5531605174906,86.02107539308864,-12432.349046602925,0.0037020693979290696,14.0,0.30291666666666667,4150.0,0.0007537688442211056,0.00012988587766271303
9237.37571976634,388.3882952855671,80.85616213850597,-12643.149463733986,0.003597414040724421,15.0,0.30291666666666667,4150.0,0.0008076094759511844,0.0001391634403529068
9600.302183377147,366.5064820063039,75.93610673116895,-12841.383224682992,0.0034974804619571985,16.0,0.30291666666666667,4150.0,0.0008557071069633883,0.0001484410030431006
9946.502011927603,347.46745299365386,72.07392004513906,-13019.443422022188,0.0034045506507160827,17.0,0.30291666666666667,4150.0,0.0009030868628858578,0.00015771856573329438
10282.603155559496,329.9701372441986,68.22943239825904,-13190.779267029902,0.0033154670119469104,18.0,0.30291666666666667,4150.0,0.0009562096195262024,0.00016699612842348816
10608.867004857864,313.9586298912876,64.68776182932727,-13355.262605992568,0.0032300763292816446,19.0,0.30291666666666667,4150.0,0.0010025125628140702,0.00017627369111368197
10921.79961215981,299.895615127499,61.79112323839325,-13503.075789686314,0.0031507292659615736,20.0,0.30291666666666667,4150.0,0.0010552763819095478,0.00018555125380387576
11225.870516291496,287.0172568278458,59.21060599062669,-13642.133052088277,0.0030749984021400233,21.0,0.30291666666666667,4150.0,0.001100502512562814,0.00019482881649406957
11519.61345304643,275.095073650232,56.63060275290267,-13771.722891191464,0.0030026563358696717,22.0,0.30291666666666667,4150.0,0.001145010768126346,0.00020410637918426332
11808.06486326518,263.6337928798151,53.96123599899907,-13903.773951890063,0.0029221287009408665,23.0,0.30291666666666667,4100.0,0.001197056712132089,0.00021338394187445708
12087.840242028395,253.33473653158686,51.72323495991521,-14025.859237738085,0.00285543475840267,24.0,0.30291666666666667,4100.0,0.0012404881550610195,0.0002226615045646509
12354.892873182822,244.39643734799736,50.18590138265157,-14138.12054121757,0.002794064820235105,25.0,0.30291666666666667,4100.0,0.0012921751615218953,0.0002319390672548447
12617.37618283361,235.51795809201084,48.269209470607585,-14242.98749821692,0.0027334121304803598,26.0,0.30291666666666667,4100.0,0.0013438621679827708,0.00024121662994503845
12872.856508296702,227.41189775031685,46.60703974202642,-14349.39708682539,0.0026755560866473338,27.0,0.30291666666666667,4100.0,0.0013858578607322326,0.00025049419263523223
13123.119119956022,219.72212171144952,44.908878160600764,-14441.177940189358,0.0026195908159352813,28.0,0.30291666666666667,4100.0,0.0014371859296482413,0.00025977175532542607
13364.279423248152,212.6282273201075,43.551573516400005,-14529.569742006563,0.0025668063308178484,29.0,0.30291666666666667,4100.0,0.001478104809763101,0.00026904931801561985
13599.06843890657,206.22837405553372,42.22916485704849,-14612.33160738882,0.002516604144603604,30.0,0.30291666666666667,4100.0,0.0015290739411342423,0.0002783268807058136
0.0,0.0,0.0,-2.628212131370674,0.006212221346887208,0.0,0.3433333333333333,4300.0,0.0,
1321.876294519197,597.8581690894284,228.37153189886655,-3468.0650547764453,0.005850081806114933,1.0,0.3433333333333333,4300.0,6.281407035175879e-05,9.277562690193787e-06
2261.8382344364927,798.3245867696721,274.2974915017669,-5509.5058139967,0.005560221087893328,2.0,0.3433333333333333,4300.0,0.00012132089016511126,1.8555125380387575e-05
3034.418469692178,850.368050310827,260.99859085338153,-6878.904452386974,0.00527831468160506,3.0,0.3433333333333333,4250.0,0.00017767408470926058,2.7832688070581364e-05
3712.17750678194,837.6387309583226,229.2863219751031,-7878.453806345919,0.005056367685303959,4.0,0.3433333333333333,4250.0,0.00023402727925340988,3.711025076077515e-05
4325.91820994647,795.590077830327,195.7654587729105,-8652.107607816855,0.004855887132923072,5.0,0.3433333333333333,4250.0,0.0002889447236180905,4.638781345096894e-05
4892.662580433913,740.9255493702914,168.75645354971857,-9277.254896078506,0.004672951708285244,6.0,0.3433333333333333,4250.0,0.0003424264178033022,5.566537614116273e-05
5422.332058159838,682.4095584609565,148.60733913617057,-9800.004896299397,0.004504964285092264,7.0,0.3433333333333333,4250.0,0.00039698492462311556,6.494293883135652e-05
5921.539364331446,624.2420553089532,132.49477393267517,-10252.669965356275,0.004328347845660097,8.0,0.3433333333333333,4200.0,0.000447954055994257,7.42205015215503e-05
6392.769951451826,570.2695606393701,120.04393890092962,-10641.569163189379,0.004186539226805339,9.0,0.3433333333333333,4200.0,0.0005007178750897344,8.349806421174408e-05
6842.811284978591,521.9257193900303,109.39777927285716,-10994.09252911662,0.0040528389122164036,10.0,0.3433333333333333,4200.0,0.0005527638190954774,9.277562690193788e-05
7269.336566342532,481.6619312467871,100.81170611557265,-11306.454042043348,0.003929234683062013,11.0,0.3433333333333333,4200.0,0.0006040918880114859,0.00010205318959213166
7681.301064383001,446.58700452182524,93.0151314968232,-11597.790439162054,0.0038115877824660594,12.0,0.3433333333333333,4200.0,0.0006547020818377602,0.00011133075228232546
8074.278360025686,416.5143995686503,86.49363089685082,-11863.542291145939,0.003701433331021019,13.0,0.3433333333333333,4200.0,0.0007045944005743001,0.00012060831497251923
8451.22276143023,390.5899605848171,81.13141376756323,-12105.852493970604,0.003598872597094192,14.0,0.3433333333333333,4200.0,0.0007537688442211056,0.00012988587766271303
8813.348076747818,367.71043395229503,76.25739492191329,-12331.428806679876,0.003488002629741368,15.0,0.3433333333333333,4150.0,0.0008076094759511844,0.0001391634403529068
9165.279750488658,346.9801832138254,71.62161627236188,-12544.96330055115,0.003395706063170193,16.0,0.3433333333333333,4150.0,0.0008557071069633883,0.0001484410030431006
9501.276146803442,328.9515845036786,67.97511691227099,-12738.273566437492,0.003309693731557464,17.0,0.3433333333333333,4150.0,0.0009030868628858578,0.00015771856573329438
9827.793627859312,312.3877485084461,64.35479464703198,-12924.251602161457,0.003227075169072679,18.0,0.3433333333333333,4150.0,0.0009562096195262024,0.00016699612842348816
10145.045122226398,297.2190258344804,61.01662333385756,-13103.542616408391,0.0031477314220285406,19.0,0.3433333333333333,4150.0,0.0010025125628140702,0.00017627369111368197
10449.521273555662,283.8916639841212,58.270714284439244,-13265.93362458473,0.0030738586260057443,20.0,0.3433333333333333,4150.0,0.0010552763819095478,0.00018555125380387576
10745.590074681762,271.69718815280623,55.85195938597318,-13419.385276764922,0.003003236561598654,21.0,0.3433333333333333,4150.0,0.001100502512562814,0.00019482881649406957
11031.839058934484,260.40058211016606,53.42318761104319,-13563.107043388285,0.002935648273140073,22.0,0.3433333333333333,4150.0,0.001145010768126346,0.00020410637918426332
11313.211208375686,249.5507683736468,50.903779067907536,-13708.874792523857,0.002869131047633192,23.0,0.3433333333333333,4150.0,0.001197056712132089,0.00021338394187445708
11586.240169067989,239.78529959219114,48.79813154574153,-13844.240221339998,0.002806259286543092,24.0,0.3433333333333333,4150.0,0.0012404881550610195,0.0002226615045646509
11846.943699410403,231.31717960808177,47.34164830887616,-13969.300436388687,0.002739430790619912,25.0,0.3433333333333333,4100.0,0.0012921751615218953,0.0002319390672548447
12103.453943418745,222.9081141304852,45.528862486721096,-14087.153154362917,0.0026824229217570876,26.0,0.3433333333333333,4100.0,0.0013438621679827708,0.00024121662994503845
12353.223694641189,215.23551732949647,43.96770016940016,-14206.043476204832,0.002627980053698787,27.0,0.3433333333333333,4100.0,0.0013858578607322326,0.00025049419263523223
12598.013643914546,207.94975441120016,42.357860154144916,-14310.283513508759,0.0025752478589842216,28.0,0.3433333333333333,4100.0,0.0014371859296482413,0.00025977175532542607
12834.044036426772,201.24137439114278,41.08134971404223,-14411.399397258807,0.002525420009435477,29.0,0.3433333333333333,4100.0,0.001478104809763101,0.00026904931801561985
13063.94694631291,195.17209831561615,39.83639251450919,-14505.834609172365,0.002477979377253873,30.0,0.3433333333333333,4100.0,0.0015290739411342423,0.0002783268807058136
0.0,0.0,0.0,-2.628212131370674,0.005801430571791282,0.0,0.38375,4300.0,0.0,
1237.1481152947647,558.9884270538615,213.46181881420196,-3253.3928342716463,0.005485877649264493,1.0,0.38375,4300.0,6.281407035175879e-05,9.277562690193787e-06
2120.8320758775794,747.3751932630676,256.71147495503135,-5187.268866770253,0.005231865968032717,2.0,0.38375,4300.0,0.00012132089016511126,1.8555125380387575e-05
2850.126820795164,797.1436918150864,244.57646795491303,-6498.3490401458985,0.004981320278520628,3.0,0.38375,4250.0,0.00017767408470926058,2.7832688070581364e-05
3492.0920722620685,786.2065218443864,215.09721702324072,-7466.278037011034,0.004785018472673122,4.0,0.38375,4250.0,0.00023402727925340988,3.711025076077515e-05
4075.0800057193483,747.6148231958014,183.7840649222041,-8223.969064923738,0.00460696996684821,5.0,0.38375,4250.0,0.0002889447236180905,4.638781345096894e-05
4614.7487752666175,697.0074219988841,158.45838302508258,-8842.947054191856,0.004443881260481802,6.0,0.38375,4250.0,0.0003424264178033022,5.566537614116273e-05
5120.193365723927,642.5786906689516,139.56633149423243,-9365.958343046528,0.004293578962338538,7.0,0.38375,4250.0,0.00039698492462311556,6.494293883135652e-05
5597.508128175951,588.2956396730511,124.44249934901313,-9822.90414237509,0.004153424325819444,8.0,0.38375,4250.0,0.000447954055994257,7.42205015215503e-05
6048.815860361044,537.7665748368044,112.76126211417413,-10219.331312163951,0.004005653701601804,9.0,0.38375,4200.0,0.0005007178750897344,8.349806421174408e-05
6480.536151627086,492.2628468330728,102.76254164273408,-10581.42457092015,0.00388491593526589,10.0,0.38375,4200.0,0.0005527638190954774,9.277562690193788e-05
6890.269346116532,454.29724243151685,94.70528544500985,-10904.838051225815,0.00377296739487877,11.0,0.38375,4200.0,0.0006040918880114859,0.00010205318959213166
7286.573813702483,421.21109715191784,87.38364046712725,-11208.11454739215,0.0036661376226711125,12.0,0.38375,4200.0,0.0006547020818377602,0.00011133075228232546
7665.0910939952555,392.8480417062482,81.27313967340152,-11486.457169846886,0.0035658472699959,13.0,0.38375,4200.0,0.0007045944005743001,0.00012060831497251923
8028.552412639065,368.3848210003005,76.22786230075869,-11742.042824520344,0.003472230667483987,14.0,0.38375,4200.0,0.0007537688442211056,0.00012988587766271303
8378.120071196505,346.80223710847963,71.64733693923013,-11980.812148917212,0.0033833419282349882,15.0,0.38375,4200.0,0.0008076094759511844,0.0001391634403529068
8718.223785577773,327.24258612295415,67.29503033365799,-12207.828197178045,0.003298022678801719,16.0,0.38375,4200.0,0.0008557071069633883,0.0001484410030431006
9043.219863043556,310.23404497353806,63.86764829215069,-12414.967650010709,0.00320600312275766,17.0,0.38375,4150.0,0.0009030868628858578,0.00015771856573329438
9359.362348437973,294.60620598404796,60.47074285951897,-12614.357289265878,0.0031299531557400493,18.0,0.38375,4150.0,0.0009562096195262024,0.00016699612842348816
9666.836494022918,280.2892005280075,57.33514494585886,-12807.31813956151,0.0030567747057698865,19.0,0.38375,4150.0,0.0010025125628140702,0.00017627369111368197
9962.115754796752,267.720058452478,54.75131111816125,-12983.280931637528,0.0029885052464608264,20.0,0.38375,4150.0,0.0010552763819095478,0.00018555125380387576
10249.46887313764,256.21230792267994,52.48404511613315,-13150.220785372388,0.002923128460939301,21.0,0.38375,4150.0,0.001100502512562814,0.00019482881649406957
10527.540316090248,245.5560271292728,50.20659978504325,-13307.284628121379,0.0028604401253161655,22.0,0.38375,4150.0,0.001145010768126346,0.00020410637918426332
10801.125923977937,235.3044154318939,47.84284344090813,-13466.155291860821,0.0027986584207703906,23.0,0.38375,4150.0,0.001197056712132089,0.00021338394187445708
11066.74251811103,226.1028533620893,45.86367310837722,-13614.397616623304,0.0027401612655939427,24.0,0.38375,4150.0,0.0012404881550610195,0.0002226615045646509
11320.495971397548,218.11069732254336,44.48880820941944,-13751.811054963502,0.0026861301935247805,25.0,0.38375,4150.0,0.0012921751615218953,0.0002319390672548447
11570.399129746378,210.17222589729602,42.78072868962699,-13881.982170556214,0.0026325972471136984,26.0,0.38375,4150.0,0.0013438621679827708,0.00024121662994503845
11813.836380853327,202.91369120931924,41.32020667720814,-14012.719968690828,0.0025814193513659456,27.0,0.38375,4150.0,0.0013858578607322326,0.00025049419263523223
12052.585736569868,196.0537406147794,39.79976977724028,-14129.039967472323,0.0025236545909106674,28.0,0.38375,4100.0,0.0014371859296482413,0.00025977175532542607
12282.94492184699,189.7113252171503,38.60386668745497,-14242.57016915192,0.002476943121521643,29.0,0.38375,4100.0,0.001478104809763101,0.00026904931801561985
12507.343108102792,183.98926329146363,37.43636617164697,-14348.463335326982,0.002432418059364079,30.0,0.38375,4100.0,0.0015290739411342423,0.0002783268807058136
0.0,0.0,0.0,-2.628212131370674,0.005394761022132862,0.0,0.42416666666666664,4300.0,0.0,
1152.8845331791072,520.4007533052859,198.66949867154054,-3038.8382223358567,0.005122139702862612,1.0,0.42416666666666664,4300.0,6.281407035175879e-05,9.277562690193787e-06
1980.0448399226882,696.6482524927833,239.2127147751736,-4862.576087740468,0.004901463325778301,2.0,0.42416666666666664,4300.0,0.00012132089016511126,1.8555125380387575e-05
2665.4633348335533,743.9927801785393,228.19188182695848,-6111.928611993353,0.004707832345959508,3.0,0.42416666666666664,4300.0,0.00017767408470926058,2.7832688070581364e-05
3270.8583985461887,734.7022159457551,200.9091656700574,-7044.37586736527,0.004508362256925751,4.0,0.42416666666666664,4250.0,0.00023402727925340988,3.711025076077515e-05
3822.2134476983124,699.450130330538,171.79352392840744,-7782.312171068574,0.004351628840961989,5.0,0.42416666666666664,4250.0,0.0002889447236180905,4.638781345096894e-05
4333.867433929976,652.8145326951781,148.15313008028116,-8391.448990996985,0.0042075179957696005,6.0,0.42416666666666664,4250.0,0.0003424264178033022,5.566537614116273e-05
4814.11128986002,602.4157900081478,130.50761827559467,-8911.223357972223,0.004074228612748523,7.0,0.42416666666666664,4250.0,0.00039698492462311556,6.494293883135652e-05
5268.540347858835,552.0136957742836,116.38381989116495,-9369.295115876492,0.00394951723266055,8.0,0.42416666666666664,4250.0,0.000447954055994257,7.42205015215503e-05
5698.938258807013,504.92676784729287,105.46272010826422,-9770.037712497673,0.0038344130958799672,9.0,0.42416666666666664,4250.0,0.0005007178750897344,8.349806421174408e-05
6111.344699960356,462.2842791062154,96.11835446235293,-10138.802379247878,0.0037079000250255173,10.0,0.42416666666666664,4200.0,0.0005527638190954774,9.277562690193788e-05
6503.311090430963,426.6374137455127,88.590308399827,-10470.623579907784,0.0036074006082702126,11.0,0.42416666666666664,4200.0,0.0006040918880114859,0.00010205318959213166
6882.980724493792,395.5597710857988,81.73763351324482,-10783.358979765937,0.0035112439731283846,12.0,0.42416666666666664,4200.0,0.0006547020818377602,0.00011133075228232546
7246.087098841441,368.92276157599684,76.03733932577899,-11072.01868502253,0.003420731883610423,13.0,0.42416666666666664,4200.0,0.0007045944005743001,0.00012060831497251923
7595.1382978454285,345.9363375226916,71.31087380632133,-11338.782596543722,0.003336022745041087,14.0,0.42416666666666664,4200.0,0.0007537688442211056,0.00012988587766271303
7931.244266973176,325.6628900963845,67.03494340902795,-11588.94005236047,0.0032554079849075857,15.0,0.42416666666666664,4200.0,0.0008076094759511844,0.0001391634403529068
8258.623671635441,307.2882481677291,62.956527804214026,-11827.932027213872,0.0031778525864453945,16.0,0.42416666666666664,4200.0,0.0008557071069633883,0.0001484410030431006
8571.75172391742,291.31269770331903,59.75864859583288,-12046.929408351381,0.0031053175988108766,17.0,0.42416666666666664,4200.0,0.0009030868628858578,0.00015771856573329438
8876.673361206345,276.6258515936918,56.586209533222075,-12258.201155278119,0.0030234675147004352,18.0,0.42416666666666664,4150.0,0.0009562096195262024,0.00016699612842348816
9173.533080091831,263.16985680946925,53.649760092902646,-12463.454007086526,0.0029565466990230343,19.0,0.42416666666666664,4150.0,0.0010025125628140702,0.00017627369111368197
9458.820954082088,251.36706546204275,51.230781511069154,-12651.752276299158,0.0028939867161287204,20.0,0.42416666666666664,4150.0,0.0010552763819095478,0.00018555125380387576
9736.674338820229,240.5506883857904,49.10692744190783,-12831.046596457942,0.0028339720770379053,21.0,0.42416666666666664,4150.0,0.001100502512562814,0.00019482881649406957
10005.800954197175,230.54324118304714,46.980518166517165,-13000.44185472677,0.002776311778519482,22.0,0.42416666666666664,4150.0,0.001145010768126346,0.00020410637918426332
10270.852983042092,220.9130463628387,44.77205794437252,-13171.464866664974,0.0027194017468103794,23.0,0.42416666666666664,4150.0,0.001197056712132089,0.00021338394187445708
10528.33799145812,212.26099367131226,42.919737138154424,-13331.738906970808,0.0026654209503431656,24.0,0.42416666666666664,4150.0,0.0012404881550610195,0.0002226615045646509
10774.428448340463,204.74891087351156,41.62741974457801,-13480.82376307249,0.0026154611781266253,25.0,0.42416666666666664,4150.0,0.0012921751615218953,0.0002319390672548447
11017.041413972604,197.2901063838737,40.024867365910026,-13622.87401585163,0.0025658887719786374,26.0,0.42416666666666664,4150.0,0.0013438621679827708,0.00024121662994503845
11253.50753380787,190.47389573236288,38.66457589711397,-13765.049092510562,0.0025184344841390595,27.0,0.42416666666666664,4150.0,0.0013858578607322326,0.00025049419263523223
11485.533060973363,184.0149159580809,37.23744795244131,-13892.851635852145,0.0024723568996622407,28.0,0.42416666666666664,4150.0,0.0014371859296482413,0.00025977175532542607
11709.57953670281,178.072156252956,36.11916340064989,-14017.824655774544,0.002428610350325047,29.0,0.42416666666666664,4150.0,0.001478104809763101,0.00026904931801561985
11927.90873399609,172.69202139895123,35.02910390299246,-14134.891977371997,0.0023868682487241948,30.0,0.42416666666666664,4150.0,0.0015290739411342423,0.0002783268807058136
0.0,0.0,0.0,-2.628212131370674,0.004992120802317674,0.0,0.4645833333333333,4300.0,0.0,
1069.0784479934525,482.0931551731256,183.9907747418839,-2824.4151307236243,0.004758886563951489,1.0,0.4645833333333333,4300.0,6.281407035175879e-05,9.277562690193787e-06
1839.478242814709,646.1441762171395,221.80280486963343,-4535.4836315009525,0.0045690628802957465,2.0,0.4645833333333333,4300.0,0.00012132089016511126,1.8555125380387575e-05
2480.434575746281,690.923933430243,211.8464914057047,-5719.709952504272,0.0044017078601857815,3.0,0.4645833333333333,4300.0,0.00017767408470926058,2.7832688070581364e-05
3048.4822064482723,683.1368088663286,186.72582591050192,-6612.771912272423,0.004226407292165661,4.0,0.4645833333333333,4250.0,0.00023402727925340988,3.711025076077515e-05
3567.31287837344,651.1064191800716,159.7914056519616,-7327.075823712708,0.004089824911668821,5.0,0.4645833333333333,4250.0,0.0002889447236180905,4.638781345096894e-05
4049.9885206388103,608.3508063591721,137.83119834950068,-7922.573829898029,0.003963767713956703,6.0,0.4645833333333333,4250.0,0.0003424264178033022,5.566537614116273e-05
4504.03141265461,561.9543165490529,121.43192282516763,-8435.453129599657,0.0038467592631123365,7.0,0.4645833333333333,4250.0,0.00039698492462311556,6.494293883135652e-05
4934.542326743757,515.3687807744593,108.30765613444018,-8891.158275830909,0.0037369105496032565,8.0,0.4645833333333333,4250.0,0.000447954055994257,7.42205015215503e-05
5343.000476414827,471.7303840687315,98.15601231773685,-9293.250601767002,0.003635198127474078,9.0,0.4645833333333333,4250.0,0.0005007178750897344,8.349806421174408e-05
5735.053353356724,431.9857575063438,89.46635170607662,-9665.289566228712,0.003538457009121252,10.0,0.4645833333333333,4250.0,0.0005527638190954774,9.277562690193788e-05
6108.229642794992,398.6797146430838,82.45950878421559,-10002.592400703528,0.0034321512359218663,11.0,0.4645833333333333,4200.0,0.0006040918880114859,0.00010205318959213166
6470.237552237565,369.6308255496249,76.08815607046654,-10322.051545977534,0.0033464700695819936,12.0,0.4645833333333333,4200.0,0.0006547020818377602,0.00011133075228232546
6816.9214720656,344.7363466203476,70.78651708500745,-10618.492147479003,0.003265600499059446,13.0,0.4645833333333333,4200.0,0.0007045944005743001,0.00012060831497251923
7150.576423333585,323.2432056020965,66.39098277222506,-10894.070887872098,0.003189715980417388,14.0,0.4645833333333333,4200.0,0.0007537688442211056,0.00012988587766271303
7472.248633749899,304.2915708093731,62.409141690023866,-11153.435559833626,0.003117330856403477,15.0,0.4645833333333333,4200.0,0.0008076094759511844,0.0001391634403529068
7785.940159941848,287.1146767460139,58.61377212577565,-11402.340018196846,0.003047529686421492,16.0,0.4645833333333333,4200.0,0.0008557071069633883,0.0001484410030431006
8086.272323074482,272.181883509228,55.63776244585261,-11631.381451409747,0.0029820977395128164,17.0,0.4645833333333333,4200.0,0.0009030868628858578,0.00015771856573329438
8379.055000732358,258.4471471280291,52.68991395003749,-11853.208808979733,0.002918872730444747,18.0,0.4645833333333333,4200.0,0.0009562096195262024,0.00016699612842348816
8664.398759618483,245.86495867465035,49.958981773420604,-12068.867140078073,0.0028577649180709193,19.0,0.4645833333333333,4200.0,0.0010025125628140702,0.00017627369111368197
8938.822986702644,234.83134917534593,47.7044093416623,-12267.775104002983,0.002800528301803979,20.0,0.4645833333333333,4200.0,0.0010552763819095478,0.00018555125380387576
9206.326011357443,224.71539744023292,45.725962610384066,-12458.001347449317,0.002735007199210499,21.0,0.4645833333333333,4150.0,0.001100502512562814,0.00019482881649406957
9465.677493523497,215.36184516793745,43.74448595168045,-12638.463539477358,0.0026824806538966336,22.0,0.4645833333333333,4150.0,0.001145010768126346,0.00020410637918426332
9721.358896945738,206.36101858026038,41.69139083572975,-12820.435919177886,0.002630557778483093,23.0,0.4645833333333333,4150.0,0.001197056712132089,0.00021338394187445708
9969.907892215677,198.26242253276388,39.96634249383674,-12991.653310668145,0.002581216499631157,24.0,0.4645833333333333,4150.0,0.0012404881550610195,0.0002226615045646509
10207.588572807424,191.23854580075167,38.757531709210404,-13151.434601290508,0.002535456292477817,25.0,0.4645833333333333,4150.0,0.0012921751615218953,0.0002319390672548447
10442.143042912332,184.2630841334571,37.27613812108915,-13304.476550105079,0.002489981431720025,26.0,0.4645833333333333,4150.0,0.0013438621679827708,0.00024121662994503845
10670.884984796548,177.88896568853195,36.000834583352045,-13457.24408891891,0.0024463890825028793,27.0,0.4645833333333333,4150.0,0.0013858578607322326,0.00025049419263523223
10895.488455265666,171.86348891180552,34.679359172446134,-13595.947446805963,0.0024040008028177262,28.0,0.4645833333333333,4150.0,0.0014371859296482413,0.00025977175532542607
11112.524063402177,166.29701115090757,33.62728882812649,-13731.452675781038,0.0023636751428251597,29.0,0.4645833333333333,4150.0,0.001478104809763101,0.00026904931801561985
11324.072413997943,161.26216281797792,32.61463389795547,-13859.691039436948,0.0023251483634256402,30.0,0.4645833333333333,4150.0,0.0015290739411342423,0.0002783268807058136
0.0,0.0,0.0,-2.628212131370674,0.004593421270132004,0.0,0.505,4300.0,0.0,
985.7271482098329,444.06568571282185,169.42861964114368,-2610.1369537379505,0.004396136002731584,1.0,0.505,4300.0,6.281407035175879e-05,9.277562690193787e-06
1699.1345241888614,595.8686445507336,204.48239802816212,-4206.0471104129465,0.00423471370371231,2.0,0.505,4300.0,0.00012132089016511126,1.8555125380387575e-05
2295.0478598650193,637.9447188875138,195.54206581644823,-5321.674572974793,0.00409173082657906,3.0,0.505,4300.0,0.00017767408470926058,2.7832688070581364e-05
2824.9661576199483,631.5175278022076,172.5469423578954,-6171.49388284154,0.00393916420464387,4.0,0.505,4250.0,0.00023402727925340988,3.711025076077515e-05
3310.368679705702,602.6017472415571,147.7795227984283,-6858.2044638167645,0.0038215223018571495,5.0,0.505,4250.0,0.0002889447236180905,4.638781345096894e-05
3763.0881124785224,563.6376197273413,127.49347723495065,-7436.141037581088,0.003712539036362582,6.0,0.505,4250.0,0.0003424264178033022,5.566537614116273e-05
4189.899424349799,521.1712840644209,112.34617590091582,-7938.3064097021925,0.003611018787512273,7.0,0.505,4250.0,0.00039698492462311556,6.494293883135652e-05
4595.425267469307,478.3924318005337,100.21449178117739,-8387.959556565555,0.0035153887951694007,8.0,0.505,4250.0,0.000447954055994257,7.42205015215503e-05
4980.869627675377,438.1757651717874,90.83225862129217,-8787.905207119285,0.0034265569201358736,9.0,0.505,4250.0,0.0005007178750897344,8.349806421174408e-05
5351.483139047009,401.3641679235258,82.79950397744409,-9160.183788269285,0.0033418112476561058,10.0,0.505,4250.0,0.0005527638190954774,9.277562690193788e-05
5704.790224713039,370.42161245611567,76.31328783999533,-9499.621708562045,0.0032625603689182985,11.0,0.505,4250.0,0.0006040918880114859,0.00010205318959213166
6048.052137594054,343.42221444044594,70.4327394973842,-9822.674610848793,0.003171365656058583,12.0,0.505,4200.0,0.0006547020818377602,0.00011133075228232546
6377.239888730675,320.28739681841364,65.52103704028582,-10124.081026124913,0.0030999474650093297,13.0,0.505,4200.0,0.0007045944005743001,0.00012060831497251923
6694.448229228285,300.3044305232248,61.46033909099041,-10405.825685935699,0.0030327527185549452,14.0,0.505,4200.0,0.0007537688442211056,0.00012988587766271303
7000.644932076639,282.68846632276455,57.77708714678807,-10671.92553710132,0.0029685046079990372,15.0,0.505,4200.0,0.0008076094759511844,0.0001391634403529068
7299.61920974972,266.72126533943384,54.26212879759983,-10928.380253115138,0.0029064023480453436,16.0,0.505,4200.0,0.0008557071069633883,0.0001484410030431006
7586.15274660251,252.84187662498454,51.50521780378719,-11165.31521673852,0.0028480516631787965,17.0,0.505,4200.0,0.0009030868628858578,0.00015771856573329438
7865.804496492056,240.07268809608917,48.78218112306699,-11395.63679879818,0.0027915445976467463,18.0,0.505,4200.0,0.0009562096195262024,0.00016699612842348816
8138.6482621874065,228.37671805721408,46.256957607563216,-11620.002508241996,0.0027368136687432655,19.0,0.505,4200.0,0.0010025125628140702,0.00017627369111368197
8401.263085136874,218.11552525841853,44.16740909692585,-11827.970553131541,0.0026854387781068546,20.0,0.505,4200.0,0.0010552763819095478,0.00018555125380387576
8657.48529141249,208.7122297271566,42.34282743962546,-12027.305490699626,0.0026359854536590023,21.0,0.505,4200.0,0.001100502512562814,0.00019482881649406957
8906.149147440303,200.015708160575,40.49855946495822,-12216.94215107018,0.0025883276987374564,22.0,0.505,4200.0,0.001145010768126346,0.00020410637918426332
9151.556473678022,191.64795329558078,38.60087349529171,-12408.345762728102,0.002531250138311763,23.0,0.505,4150.0,0.001197056712132089,0.00021338394187445708
9390.280915532807,184.12541194249076,37.00351989095086,-12589.137245643913,0.002486647875293233,24.0,0.505,4150.0,0.0012404881550610195,0.0002226615045646509
9618.702381082652,177.59391424501106,35.879204359189615,-12758.368608251883,0.0024451954259903023,25.0,0.505,4150.0,0.0012921751615218953,0.0002319390672548447
9844.370201746631,171.10863086626244,34.52734444689261,-12921.242554837198,0.0024039364013815597,26.0,0.505,4150.0,0.0013438621679827708,0.00024121662994503845
10064.569986047069,165.1730857075903,33.32902101545246,-13083.497279040734,0.0023643271949731204,27.0,0.505,4150.0,0.0013858578607322326,0.00025049419263523223
10280.931802131407,159.57421678134116,32.122845160448705,-13232.115437208107,0.00232575481269474,28.0,0.505,4150.0,0.0014371859296482413,0.00025977175532542607
10490.16741669997,154.40065562425232,31.128303139647546,-13377.243758739227,0.0022889828129544158,29.0,0.505,4150.0,0.001478104809763101,0.00026904931801561985
10694.209013160209,149.72883509818865,30.192995754595284,-13515.768852515183,0.0022538043237644296,30.0,0.505,4150.0,0.0015290739411342423,0.0002783268807058136
0.0,0.0,0.0,-2.628212131370674,0.00419857686892924,0.0,0.5454166666666667,4300.0,0.0,
902.8224604611954,406.3111159627913,154.97825375236854,-2396.0165982120816,0.0040339050099195625,1.0,0.5454166666666667,4300.0,6.281407035175879e-05,9.277562690193787e-06
1559.016117278008,545.8225303293569,187.25246419601592,-3874.321319894225,0.003898464542395398,2.0,0.5454166666666667,4300.0,0.00012132089016511126,1.8555125380387575e-05
2109.3111719749313,585.0630940293439,179.28043026680706,-4917.887946380462,0.003777943136151195,3.0,0.5454166666666667,4300.0,0.00017767408470926058,2.7832688070581364e-05
2600.3170920900984,579.8549470931384,158.37190385365582,-5720.732756973048,0.0036681153799629994,4.0,0.5454166666666667,4300.0,0.00023402727925340988,3.711025076077515e-05
3051.3809390107904,553.9468159793128,135.75406648267747,-6375.648754016373,0.003546688392460374,5.0,0.5454166666666667,4250.0,0.0002889447236180905,4.638781345096894e-05
3473.140668285278,518.6856910479607,117.1452398622049,-6931.9776746621865,0.0034537438838519474,6.0,0.5454166666666667,4250.0,0.0003424264178033022,5.566537614116273e-05
3871.6625161900156,480.0692657213427,103.2455564279443,-7419.447143150879,0.003366857866069211,7.0,0.5454166666666667,4250.0,0.00039698492462311556,6.494293883135652e-05
4251.103717705863,441.06071679422416,92.10756863003735,-7859.166142256741,0.003284737535136254,8.0,0.5454166666666667,4250.0,0.000447954055994257,7.42205015215503e-05
4612.413938871314,404.27887285887994,83.49711906000083,-8253.245218474345,0.0032082094063049693,9.0,0.5454166666666667,4250.0,0.0005007178750897344,8.349806421174408e-05
4960.451770305521,370.4211530297852,76.11622337237344,-8622.162238659243,0.0031349801932759724,10.0,0.5454166666666667,4250.0,0.0005527638190954774,9.277562690193788e-05
5292.756820365896,341.8609638103098,70.16089218303809,-8960.590801927072,0.003066292358905237,11.0,0.5454166666666667,4250.0,0.0006040918880114859,0.00010205318959213166
5616.126173615555,316.9326957929547,64.76125395352614,-9283.935815339777,0.0030000740823145217,12.0,0.5454166666666667,4250.0,0.0006547020818377602,0.00011133075228232546
5926.68252995612,295.5747839073716,60.24520714821273,-9586.940719752864,0.002937254393119831,13.0,0.5454166666666667,4250.0,0.0007045944005743001,0.00012060831497251923
6226.318486027379,277.11922214890075,56.521696148778084,-9871.880377975518,0.002864552155169072,14.0,0.5454166666666667,4200.0,0.0007537688442211056,0.00012988587766271303
6515.93297998638,260.8528817705876,53.1343103920125,-10141.92929414464,0.0028082941617469646,15.0,0.5454166666666667,4200.0,0.0008076094759511844,0.0001391634403529068
6799.075181865022,246.10825327333177,49.897995178060135,-10403.246614278658,0.0027537835021302797,16.0,0.5454166666666667,4200.0,0.0008557071069633883,0.0001484410030431006
7070.731824593328,233.29326206017524,47.36489939712492,-10645.60204773004,0.0027024442343670085,17.0,0.5454166666666667,4200.0,0.0009030868628858578,0.00015771856573329438
7336.176887810735,221.50325478776378,44.86298869253687,-10882.026466907148,0.0026526150777779894,18.0,0.5454166666666667,4200.0,0.0009562096195262024,0.00016699612842348816
7595.457353573011,210.7004762276161,42.5434691103164,-11112.82023036672,0.002604246764705214,19.0,0.5454166666666667,4200.0,0.0010025125628140702,0.00017627369111368197
7845.229794193816,201.22067624089794,40.619327836918906,-11327.73245062046,0.002558743867979038,20.0,0.5454166666666667,4200.0,0.0010552763819095478,0.00018555125380387576
8089.158460915109,192.5421356714495,38.956221025299755,-11534.360931888914,0.0025148581409928966,21.0,0.5454166666666667,4200.0,0.001100502512562814,0.00019482881649406957
8326.133900027651,184.51384704727448,37.24280806073329,-11731.193255503553,0.002472476965714898,22.0,0.5454166666666667,4200.0,0.001145010768126346,0.00020410637918426332
8560.265939179797,176.779091623682,35.50055074258195,-11930.1975572812,0.002430425905972149,23.0,0.5454166666666667,4200.0,0.001197056712132089,0.00021338394187445708
8788.198188648628,169.83492977763703,34.03131356509297,-12119.113604674618,0.0023902826423068467,24.0,0.5454166666666667,4200.0,0.0012404881550610195,0.0002226615045646509
9006.428300407295,163.7996024029989,32.99289583764279,-12296.050900742506,0.0023529283716697403,25.0,0.5454166666666667,4200.0,0.0012921751615218953,0.0002319390672548447
9222.267629852087,157.8109571026097,31.76767310189433,-12467.119484136958,0.002306718534025884,26.0,0.5454166666666667,4150.0,0.0013438621679827708,0.00024121662994503845
9433.017187893462,152.33109775047396,30.649186497824584,-12637.449450787455,0.0022711911073328077,27.0,0.5454166666666667,4150.0,0.0013858578607322326,0.00025049419263523223
9640.261324057277,147.15705530903517,29.556098058289106,-12794.695270773285,0.0022365400285096868,28.0,0.5454166666666667,4150.0,0.0014371859296482413,0.00025977175532542607
9840.80389943523,142.38549608184576,28.624965384526615,-12948.240434578227,0.002203436360538691,29.0,0.5454166666666667,4150.0,0.001478104809763101,0.00026904931801561985
10036.484438198053,138.0660137051636,27.764241850102934,-13095.87378734212,0.002171722457009794,30.0,0.5454166666666667,4150.0,0.0015290739411342423,0.0002783268807058136
0.0,0.0,0.0,-2.628212131370674,0.0038075049797774195,0.0,0.5858333333333333,4300.0,0.0,
820.360697863302,368.83068880855075,140.6406857299053,-2182.0663720686716,0.0036722099173640637,1.0,0.5858333333333333,4300.0,6.281407035175879e-05,9.277562690193787e-06
1419.126011721858,496.0103914678094,170.11301866573177,-3540.3603143567307,0.0035603636097943482,2.0,0.5858333333333333,4300.0,0.00012132089016511126,1.8555125380387575e-05
1923.2332168729506,532.291603791599,163.06347018107397,-4508.416488407631,0.003460387667329649,3.0,0.5858333333333333,4300.0,0.00017767408470926058,2.7832688070581364e-05
2374.544842841639,528.1625688281072,144.20651198386824,-5260.408239913246,0.003368901824772337,4.0,0.5858333333333333,4300.0,0.00023402727925340988,3.711025076077515e-05
2790.343289125479,505.1380696708085,123.7178974609094,-5879.380675446751,0.003284279769638323,5.0,0.5858333333333333,4300.0,0.0002889447236180905,4.638781345096894e-05
3180.1260655316505,473.4893418619984,106.78936118804252,-6409.918209690404,0.0031872980561419785,6.0,0.5858333333333333,4250.0,0.0003424264178033022,5.566537614116273e-05
3549.2730266743793,438.67684509860504,94.13007687100743,-6878.547401256263,0.0031141300929240262,7.0,0.5858333333333333,4250.0,0.00039698492462311556,6.494293883135652e-05
3901.493396083938,403.3942937315334,83.99630067473129,-7304.251431281242,0.003044743540529017,8.0,0.5858333333333333,4250.0,0.000447954055994257,7.42205015215503e-05
4237.508122640524,370.0216323330823,76.14842820556137,-7688.514282185308,0.0029798743534617533,9.0,0.5858333333333333,4250.0,0.0005007178750897344,8.349806421174408e-05
4561.777904880157,339.1509814864503,69.42282074169596,-8050.21027295613,0.002917613056927777,10.0,0.5858333333333333,4250.0,0.0005527638190954774,9.277562690193788e-05
4871.893139435038,312.99600492634255,64.0009675968232,-8383.941749239122,0.0028590360882754366,11.0,0.5858333333333333,4250.0,0.0006040918880114859,0.00010205318959213166
5174.156655860047,290.1606120355437,59.07407245883231,-8704.141308739912,0.0028024104567240366,12.0,0.5858333333333333,4250.0,0.0006547020818377602,0.00011133075228232546
5464.877201636209,270.597798735588,54.96482128849542,-9005.587342048828,0.0027485410961203475,13.0,0.5858333333333333,4250.0,0.0007045944005743001,0.00012060831497251923
5745.745881115726,253.6877402931156,51.56785007743112,-9290.117001521037,0.002697569461335267,14.0,0.5858333333333333,4250.0,0.0007537688442211056,0.00012988587766271303
6017.587469154065,238.7849772815256,48.47750115015689,-9560.878305209037,0.0026486130734013937,15.0,0.5858333333333333,4250.0,0.0008076094759511844,0.0001391634403529068
6283.708859620307,225.27620317577583,45.52711585711474,-9824.004149255008,0.00258894933434104,16.0,0.5858333333333333,4200.0,0.0008557071069633883,0.0001484410030431006
6539.320903575916,213.53693160083446,43.21852689443349,-10068.95372680101,0.0025444968672717816,17.0,0.5858333333333333,4200.0,0.0009030868628858578,0.00015771856573329438
6789.399571079313,202.73690389414014,40.94005870740567,-10308.725222466157,0.002501252944145697,18.0,0.5858333333333333,4200.0,0.0009562096195262024,0.00016699612842348816
7033.961121191031,192.83735054985152,38.81809896743101,-10543.29362616453,0.0024591831816252376,19.0,0.5858333333333333,4200.0,0.0010025125628140702,0.00017627369111368197
7269.768487545792,184.15357642577294,37.06680376147237,-10762.665766217244,0.0024195163022118307,20.0,0.5858333333333333,4200.0,0.0010552763819095478,0.00018555125380387576
7500.292691073411,176.2008046800776,35.556678606951635,-10974.216046931891,0.002381182689424029,21.0,0.5858333333333333,4200.0,0.001100502512562814,0.00019482881649406957
7724.482226015936,168.8471957930433,33.98750549932929,-11176.04628374394,0.0023440842143211487,22.0,0.5858333333333333,4200.0,0.001145010768126346,0.00020410637918426332
7946.239017609652,161.76218936777045,32.390482658108674,-11380.466623991539,0.0023072096785700467,23.0,0.5858333333333333,4200.0,0.001197056712132089,0.00021338394187445708
8162.3027949833495,155.39467654812853,31.049783036679376,-11575.64465343579,0.002271936605640453,24.0,0.5858333333333333,4200.0,0.0012404881550610195,0.0002226615045646509
8369.317275133817,149.86100522769107,30.117577305054244,-11758.569364710376,0.002239041517151815,25.0,0.5858333333333333,4200.0,0.0012921751615218953,0.0002319390672548447
8574.293565279771,144.37347928086595,28.997097871724648,-11936.150198450268,0.0022062016355296225,26.0,0.5858333333333333,4200.0,0.0013438621679827708,0.00024121662994503845
8774.573046945874,139.35342889048675,27.961396935816868,-12112.613749569733,0.0021745809631681604,27.0,0.5858333333333333,4200.0,0.0013858578607322326,0.00025049419263523223
8971.694658583723,134.62120122868052,26.97908552715776,-12276.66779806756,0.002143698939898349,28.0,0.5858333333333333,4200.0,0.0014371859296482413,0.00025977175532542607
9162.581119489456,130.24198445380964,26.122423418324008,-12436.912065589975,0.0021141355235166403,29.0,0.5858333333333333,4200.0,0.001478104809763101,0.00026904931801561985
9348.95024596682,126.2896675652238,25.328438767560858,-12592.000096164178,0.002077658251339356,30.0,0.5858333333333333,4150.0,0.0015290739411342423,0.0002783268807058136
0.0,0.0,0.0,-2.628212131370674,0.003420125779937456,0.0,0.62625,4300.0,0.0,
738.3368672224431,331.62095375721987,126.41417181275433,-1968.298147188354,0.0033110663536702607,1.0,0.62625,4300.0,6.281407035175879e-05,9.277562690193787e-06
1279.4672213729189,446.4359666881385,153.06517401909542,-3204.217649804268,0.003220458695391606,2.0,0.62625,4300.0,0.00012132089016511126,1.8555125380387575e-05
1736.8247062314495,479.6405052315187,146.89436750132057,-4093.327666654841,0.003139108264345042,3.0,0.62625,4300.0,0.00017767408470926058,2.7832688070581364e-05
2147.6558629519905,476.4514863158864,130.05051542476525,-4790.515930199021,0.003064360281206138,4.0,0.62625,4300.0,0.00023402727925340988,3.711025076077515e-05
2527.2600135017806,456.1918839845423,111.6756036307987,-5369.571544028535,0.0029949520499882236,5.0,0.62625,4300.0,0.0002889447236180905,4.638781345096894e-05
2884.0280917733708,428.05975045846293,96.41964047930846,-5869.805453560672,0.0029131216184420266,6.0,0.62625,4250.0,0.0003424264178033022,5.566537614116273e-05
3222.6872857602098,396.9896095810194,85.004328414171,-6315.288333887263,0.0028526928077865347,7.0,0.62625,4250.0,0.00039698492462311556,6.494293883135652e-05
3546.513814676244,365.39046732787205,75.86807379333581,-6722.695613291187,0.002795196003621061,8.0,0.62625,4250.0,0.000447954055994257,7.42205015215503e-05
3856.027936808804,335.4108981581688,68.78846716292385,-7092.958069488246,0.002741270521513594,9.0,0.62625,4250.0,0.0005007178750897344,8.349806421174408e-05
4155.282325912744,307.55081795713613,62.715073078945295,-7443.307726016275,0.0026893557368589073,10.0,0.62625,4250.0,0.0005527638190954774,9.277562690193788e-05
4441.958053457485,283.8254282952031,57.82414036572061,-7768.361568476976,0.0026403650573702253,11.0,0.62625,4250.0,0.0006040918880114859,0.00010205318959213166
4721.841412461248,263.10531578646277,53.371503100829976,-8081.509350435648,0.0025928757118189177,12.0,0.62625,4250.0,0.0006547020818377602,0.00011133075228232546
4991.445243036808,245.3562930788074,49.671776536614544,-8377.629747969127,0.002547571255596201,13.0,0.62625,4250.0,0.0007045944005743001,0.00012060831497251923
5252.276641176046,230.00977117623617,46.599120202773065,-8658.251018096329,0.002504585437450689,14.0,0.62625,4250.0,0.0007537688442211056,0.00012988587766271303
5505.073213145974,216.4854276823922,43.8069495254947,-8926.567380337045,0.002463196229046045,15.0,0.62625,4250.0,0.0008076094759511844,0.0001391634403529068
5752.89237151525,204.22618620166006,41.14633355089416,-9187.742885956075,0.0024229087165759384,16.0,0.62625,4250.0,0.0008557071069633883,0.0001484410030431006
5991.206899715938,193.57506100959392,39.0594653458633,-9432.033530153778,0.0023847891052436385,17.0,0.62625,4250.0,0.0009030868628858578,0.00015771856573329438
6224.663319324849,183.77500653285932,37.00513527657545,-9671.878991837868,0.002336576804982059,18.0,0.62625,4200.0,0.0009562096195262024,0.00016699612842348816
6453.249402557033,174.78940699013523,35.08795856052084,-9907.1577883516,0.0023006832678349382,19.0,0.62625,4200.0,0.0010025125628140702,0.00017627369111368197
6673.86961399282,166.9100059437705,33.50728923010451,-10128.097134770811,0.0022667620672550347,20.0,0.62625,4200.0,0.0010552763819095478,0.00018555125380387576
6889.775011127771,159.69094312613976,32.14419436175932,-10341.782476280801,0.002233913587522077,21.0,0.62625,4200.0,0.001100502512562814,0.00019482881649406957
7099.980496566562,153.0200837387417,30.72992584517452,-10546.005637727336,0.00220205402042867,22.0,0.62625,4200.0,0.001145010768126346,0.00020410637918426332
7308.152591231813,146.59139650574542,29.280116411417666,-10753.221751713005,0.00217032902809598,23.0,0.62625,4200.0,0.001197056712132089,0.00021338394187445708
7511.161094433518,140.80772250927262,28.07092737979571,-10952.118091185068,0.0021399184611665617,24.0,0.62625,4200.0,0.0012404881550610195,0.0002226615045646509
7705.815174264834,135.78894358007759,27.231425436094504,-11138.703927331124,0.002111494011760957,25.0,0.62625,4200.0,0.0012921751615218953,0.0002319390672548447
7898.775750401388,130.81110091748937,26.215612195703404,-11320.562469326906,0.002083067502227785,26.0,0.62625,4200.0,0.0013438621679827708,0.00024121662994503845
8087.467024743716,126.2482563179429,25.270529050336698,-11501.157226894684,0.002055649786449719,27.0,0.62625,4200.0,0.0013858578607322326,0.00025049419263523223
8273.337026935029,121.95652811748512,24.391794831506438,-11670.14629216947,0.0020288283560093334,28.0,0.62625,4200.0,0.0014371859296482413,0.00025977175532542607
8453.478726535397,117.98771615736764,23.62025458268854,-11835.310948708706,0.002003094880854581,29.0,0.62625,4200.0,0.001478104809763101,0.00026904931801561985
8629.480781145878,114.40131221222207,22.887174676316114,-11995.400852438906,0.0019783423396349804,30.0,0.62625,4200.0,0.0015290739411342423,0.0002783268807058136
0.0,0.0,0.0,-2.628212131370674,0.003036362102084642,0.0,0.6666666666666666,4300.0,0.0,
656.7448397881893,294.67678019919174,112.29712695525639,-1754.7233711658628,0.0029504892908572733,1.0,0.6666666666666666,4300.0,6.281407035175879e-05,9.277562690193787e-06
1140.0425884140084,397.10050502658083,136.11060812223124,-2865.946006402737,0.0028787971906530934,2.0,0.6666666666666666,4300.0,0.00012132089016511126,1.8555125380387575e-05
1550.0949284632572,427.11107559402745,130.77372920701464,-3672.68979632797,0.0028141498748809413,3.0,0.6666666666666666,4300.0,0.00017767408470926058,2.7832688070581364e-05
1919.6629095691821,424.74422159065307,115.90786864915621,-4311.0980145446665,0.002754509280931027,4.0,0.6666666666666666,4300.0,0.00023402727925340988,3.711025076077515e-05
2262.131315920448,407.11883075682283,99.62492014459283,-4845.9698778048405,0.0026989174207843673,5.0,0.6666666666666666,4300.0,0.0002889447236180905,4.638781345096894e-05
2584.830902028451,382.4126637658495,86.03560286157773,-5311.7257309380075,0.002646693027397019,6.0,0.6666666666666666,4300.0,0.0003424264178033022,5.566537614116273e-05
2891.863243450194,355.00896276173927,75.86789135058255,-5729.36142067911,0.0025824077678530434,7.0,0.6666666666666666,4250.0,0.00039698492462311556,6.494293883135652e-05
3186.0881293107777,327.05475354589566,67.7227442167993,-6113.986676363515,0.0025358875441900464,8.0,0.6666666666666666,4250.0,0.000447954055994257,7.42205015215503e-05
3467.8523451519177,300.456885233264,61.41509267530815,-6465.827882549151,0.0024921177294534684,9.0,0.6666666666666666,4250.0,0.0005007178750897344,8.349806421174408e-05
3740.796864228431,275.6201965008644,55.99193041584504,-6800.43169809557,0.002449852244904049,10.0,0.6666666666666666,4250.0,0.0005527638190954774,9.277562690193788e-05
4002.7148667091037,254.34894460832703,51.63077703199337,-7112.526234224417,0.002409846598576432,11.0,0.6666666666666666,4250.0,0.0006040918880114859,0.00010205318959213166
4258.872947689639,235.76677205361133,47.66372340991057,-7414.382387642443,0.002370959707164142,12.0,0.6666666666666666,4250.0,0.0006547020818377602,0.00011133075228232546
4506.008847234594,219.85145183095716,44.362340601626826,-7701.057437204065,0.002333757259750791,13.0,0.6666666666666666,4250.0,0.0007045944005743001,0.00012060831497251923
4745.445170369179,206.0861233088305,41.61576673370916,-7973.784509954072,0.0022983608868034438,14.0,0.6666666666666666,4250.0,0.0007537688442211056,0.00012988587766271303
4977.841711457773,193.95551260870744,39.122864631834005,-8235.741092804892,0.002264193310970117,15.0,0.6666666666666666,4250.0,0.0008076094759511844,0.0001391634403529068
5205.98612999017,182.95986355311035,36.7523030518647,-8491.262556244488,0.002230851368230478,16.0,0.6666666666666666,4250.0,0.0008557071069633883,0.0001484410030431006
5425.651598653427,173.40918116748045,34.88846053402486,-8731.552764369422,0.002199225019336141,17.0,0.6666666666666666,4250.0,0.0009030868628858578,0.00015771856573329438
5641.1253798702555,164.61990111152738,33.06237662215434,-8967.934690946531,0.0021683019983854915,18.0,0.6666666666666666,4250.0,0.0009562096195262024,0.00016699612842348816
5852.374359870358,156.55922137806553,31.347014135792815,-9200.232847183172,0.0021380886073244705,19.0,0.6666666666666666,4250.0,0.0010025125628140702,0.00017627369111368197
6056.473839066971,149.49242546695763,29.941181665507976,-9419.138856871818,0.0021094951545488527,20.0,0.6666666666666666,4250.0,0.0010552763819095478,0.00018555125380387576
6256.435326906421,143.01688497784394,28.718784710209825,-9631.643516910102,0.0020719275562397993,21.0,0.6666666666666666,4200.0,0.001100502512562814,0.00019482881649406957
6451.3391775714945,137.03548051275854,27.459119199958327,-9835.189331944472,0.0020452048794245316,22.0,0.6666666666666666,4200.0,0.001145010768126346,0.00020410637918426332
6644.597342794917,131.27000379411234,26.166851702064527,-10042.099914366088,0.002018545004842105,23.0,0.6666666666666666,4200.0,0.001197056712132089,0.00021338394187445708
6833.241701991512,126.08464617758153,25.0868819127158,-10241.679462851578,0.001992934971748099,24.0,0.6666666666666666,4200.0,0.0012404881550610195,0.0002226615045646509
7014.276126848367,121.58089355145975,24.333415639777325,-10429.128743736102,0.0019689421329335773,25.0,0.6666666666666666,4200.0,0.0012921751615218953,0.0002319390672548447
7193.943058820402,117.11601221790363,23.423231635643102,-10612.523782333017,0.00194490445553605,26.0,0.6666666666666666,4200.0,0.0013438621679827708,0.00024121662994503845
7369.788224400554,113.02441915051574,22.58236058123977,-10794.587369843117,0.0019216783858143729,27.0,0.6666666666666666,4200.0,0.0013858578607322326,0.00025049419263523223
7543.149508629654,109.17192849448166,21.79423522891875,-10965.972784759368,0.0018989187922186723,28.0,0.6666666666666666,4200.0,0.0014371859296482413,0.00025977175532542607
7711.327859732675,105.61654962729939,21.10804713004381,-11133.620666810559,0.0018770329328844056,29.0,0.6666666666666666,4200.0,0.001478104809763101,0.00026904931801561985
7875.765993251581,102.39778131596482,20.446444708116687,-11296.382190679258,0.0018559461677760574,30.0,0.6666666666666666,4200.0,0.0015290739411342423,0.0002783268807058136
0.0,0.0,0.0,-2.628212131370674,0.0026561393450796784,0.0,0.7070833333333333,4300.0,0.0,
575.5826951717886,257.9989255228079,98.29095764343326,-1541.3529306835408,0.002590493130494733,1.0,0.7070833333333333,4300.0,6.281407035175879e-05,9.277562690193787e-06
1000.8556857143302,348.0099592751703,119.25010429560236,-2525.5977526564893,0.002535425984994284,2.0,0.7070833333333333,4300.0,0.00012132089016511126,1.8555125380387575e-05
1363.0545515203005,374.71241890034605,114.70386352483261,-3246.5725090346896,0.002485558373773728,3.0,0.7070833333333333,4300.0,0.00017767408470926058,2.7832688070581364e-05
1690.5781293987136,373.0409070139278,101.78070846689621,-3822.20076288985,0.0024393700745781884,4.0,0.7070833333333333,4300.0,0.00023402727925340988,3.711025076077515e-05
1994.9645833705672,357.93417468071056,87.56396820364343,-4308.553289195166,0.002396155087287497,5.0,0.7070833333333333,4300.0,0.0002889447236180905,4.638781345096894e-05
2282.525008318911,336.5735768964392,75.64228353196141,-4735.350380950338,0.0023554127046855255,6.0,0.7070833333333333,4300.0,0.0003424264178033022,5.566537614116273e-05
2556.765671550876,312.7622033101878,66.71621053237419,-5120.761289602102,0.0023167946812221486,7.0,0.7070833333333333,4300.0,0.00039698492462311556,6.494293883135652e-05
2820.145780636489,288.4024922694201,59.56376841647589,-5477.7086491052905,0.0022798269637485697,8.0,0.7070833333333333,4300.0,0.000447954055994257,7.42205015215503e-05
3072.8663034957,265.15189400835936,54.027365607147296,-5806.383844649623,0.002232138033988914,9.0,0.7070833333333333,4250.0,0.0005007178750897344,8.349806421174408e-05
3318.1527100995136,243.356468425237,49.257767338922164,-6120.561892088699,0.0021987460252169185,10.0,0.7070833333333333,4250.0,0.0005527638190954774,9.277562690193788e-05
3553.9397711328193,224.57192612992785,45.4240290577598,-6415.102504768765,0.002167043929948304,11.0,0.7070833333333333,4250.0,0.0006040918880114859,0.00010205318959213166
3784.9471672007307,208.14585039629458,41.943295225747605,-6701.084808939981,0.0021361428466871455,12.0,0.7070833333333333,4250.0,0.0006547020818377602,0.00011133075228232546
4008.1837363799364,194.0887915703057,39.03682167205734,-6973.8202576474,0.0021064969654456932,13.0,0.7070833333333333,4250.0,0.0007045944005743001,0.00012060831497251923
4224.789358755379,181.91845229863932,36.61913290891075,-7234.273113974428,0.0020782116003316164,14.0,0.7070833333333333,4250.0,0.0007537688442211056,0.00012988587766271303
4435.335023588657,171.19733763155097,34.42708886358965,-7485.533840044016,0.0020508388013538077,15.0,0.7070833333333333,4250.0,0.0008076094759511844,0.0001391634403529068
4642.3336152557,161.48029000768597,32.350974325438756,-7731.1593555636355,0.002024059534409759,16.0,0.7070833333333333,4250.0,0.0008557071069633883,0.0001484410030431006
4841.89577344533,153.04195917147146,30.710005553913668,-7963.321834788512,0.0019985942518818524,17.0,0.7070833333333333,4250.0,0.0009030868628858578,0.00015771856573329438
5037.919201486451,145.2746364056513,29.10695670523837,-8192.245397603598,0.0019736351803957912,18.0,0.7070833333333333,4250.0,0.0009562096195262024,0.00016699612842348816
5230.354207496518,138.15003527564508,27.599375589261207,-8417.74234813283,0.0019491911984269635,19.0,0.7070833333333333,4250.0,0.0010025125628140702,0.00017627369111368197
5416.4817580653835,131.9054089520621,26.360636443221683,-8630.73622116034,0.0019260031254959022,20.0,0.7070833333333333,4250.0,0.0010552763819095478,0.00018555125380387576
5599.050948924471,126.1819739162405,25.28049118727627,-8838.34828836895,0.0019034400772623904,21.0,0.7070833333333333,4250.0,0.001100502512562814,0.00019482881649406957
5777.213543261498,120.89737658376689,24.175097931096786,-9037.811347160234,0.001881481988335309,22.0,0.7070833333333333,4250.0,0.001145010768126346,0.00020410637918426332
5954.095377749834,115.8023123657443,23.04025695185486,-9240.626594847701,0.0018595214655884535,23.0,0.7070833333333333,4250.0,0.001197056712132089,0.00021338394187445708
6126.930915672366,111.22160834783146,22.08989375754361,-9437.043802620188,0.0018383632372116338,24.0,0.7070833333333333,4250.0,0.0012404881550610195,0.0002226615045646509
6292.942180482386,107.23830907805592,21.423563707438603,-9621.957231787943,0.0018185134694946562,25.0,0.7070833333333333,4250.0,0.0012921751615218953,0.0002319390672548447
6457.8994345812225,103.29206607836383,20.61999635235381,-9803.576112921706,0.0017901866556369176,26.0,0.7070833333333333,4200.0,0.0013438621679827708,0.00024121662994503845
6619.49949344431,99.67653607070412,19.884589057872482,-9983.887887765442,0.0017710836270792552,27.0,0.7070833333333333,4200.0,0.0013858578607322326,0.00025049419263523223
6778.959154127069,96.27672851695583,19.18644034932343,-10154.573802731662,0.0017523313014172178,28.0,0.7070833333333333,4200.0,0.0014371859296482413,0.00025977175532542607
6933.799212113982,93.1317672890017,18.585191139288465,-10321.715319502102,0.0017342571173809898,29.0,0.7070833333333333,4200.0,0.001478104809763101,0.00026904931801561985
7085.326459721711,90.29195401248106,18.002299424617437,-10484.259027953478,0.001716812747843148,30.0,0.7070833333333333,4200.0,0.0015290739411342423,0.0002783268807058136
0.0,0.0,0.0,-2.628212131370674,0.0022793853416703484,0.0,0.7474999999999999,4300.0,0.0,
494.8430932546058,221.5832561618636,84.39181687503067,-1328.1973514652054,0.0022310916455150678,1.0,0.7474999999999999,4300.0,6.281407035175879e-05,9.277562690193787e-06
861.9101932549572,299.1661121249669,102.48470571601814,-2183.224399226572,0.0021903916381240352,2.0,0.7474999999999999,4300.0,0.00012132089016511126,1.8555125380387575e-05
1175.7156232146503,322.4548256421526,98.68577995997644,-2815.046544888144,0.0021533806539597005,3.0,0.7474999999999999,4300.0,0.00017767408470926058,2.7832688070581364e-05
1460.415299134768,321.354855567928,87.66698356178914,-3323.874645320604,0.002118966687280436,4.0,0.7474999999999999,4300.0,0.00023402727925340988,3.711025076077515e-05
1725.7696690970124,308.6649710749825,75.49560448489845,-3757.307084780012,0.002086648619958177,5.0,0.7474999999999999,4300.0,0.0002889447236180905,4.638781345096894e-05
1977.1052473967832,290.5417068859583,65.23976142019782,-4140.514073321545,0.002056072257118715,6.0,0.7474999999999999,4300.0,0.0003424264178033022,5.566537614116273e-05
2217.3652874240347,270.2540595599555,57.550475682412376,-4488.931227078821,0.0020269916294593984,7.0,0.7474999999999999,4300.0,0.00039698492462311556,6.494293883135652e-05
2448.622928612236,249.43254028516466,51.39559606397459,-4813.55103899019,0.0019990626103867223,8.0,0.7474999999999999,4300.0,0.000447954055994257,7.42205015215503e-05
2670.963979713034,229.51087335009183,46.6214770255007,-5114.14489570172,0.001972608008071605,9.0,0.7474999999999999,4300.0,0.0005007178750897344,8.349806421174408e-05
2887.187364961011,210.75906184822725,42.51015899202547,-5402.76464392573,0.001946919069513278,10.0,0.7474999999999999,4300.0,0.0005527638190954774,9.277562690193788e-05
3095.408928274884,194.49008629244693,39.20853982270315,-5674.758900209956,0.0019115174081779966,11.0,0.7474999999999999,4250.0,0.0006040918880114859,0.00010205318959213166
3299.7772511083826,180.2500511975862,36.20540138802549,-5939.925103068985,0.0018878987589527486,12.0,0.7474999999999999,4250.0,0.0006547020818377602,0.00011133075228232546
3497.5963786979405,168.06532535402937,33.69547373399366,-6193.840324615099,0.001865175497364985,13.0,0.7474999999999999,4250.0,0.0007045944005743001,0.00012060831497251923
3689.8397140971306,157.50936721757634,31.613053134553436,-6437.220847004988,0.001843434588059796,14.0,0.7474999999999999,4250.0,0.0007537688442211056,0.00012988587766271303
3876.991280320239,148.21605277332395,29.722129735096274,-6673.002201176656,0.0018223413588628532,15.0,0.7474999999999999,4250.0,0.0008076094759511844,0.0001391634403529068
4061.269432185902,139.79050437828204,27.93404442027084,-6904.0179083140465,0.0018016526386085239,16.0,0.7474999999999999,4250.0,0.0008557071069633883,0.0001484410030431006
4239.1625377834625,132.47693750388157,26.516475923239533,-7123.431981862603,0.0017819291415279367,17.0,0.7474999999999999,4250.0,0.0009030868628858578,0.00015771856573329438
4414.15211623991,125.74315230472682,25.136094089187644,-7340.304633603933,0.0017625506191338294,18.0,0.7474999999999999,4250.0,0.0009562096195262024,0.00016699612842348816
4586.174586091833,119.56664189449818,23.836404921442625,-7554.44248732517,0.001743526591070171,19.0,0.7474999999999999,4250.0,0.0010025125628140702,0.00017627369111368197
4752.7521093748055,114.15297937738843,22.765682931772552,-7757.190841322168,0.0017254367711124516,20.0,0.7474999999999999,4250.0,0.0010552763819095478,0.00018555125380387576
4916.3444219449275,109.19070253809664,21.8352282427121,-7955.593999230165,0.0017077955937351852,21.0,0.7474999999999999,4250.0,0.001100502512562814,0.00019482881649406957
5076.185903131751,104.61046371332715,20.877903884460043,-8146.92362059476,0.0016905881152937815,22.0,0.7474999999999999,4250.0,0.001145010768126346,0.00020410637918426332
5235.087652651483,100.19337511739643,19.90034902696452,-8341.563973498094,0.001673344240228272,23.0,0.7474999999999999,4250.0,0.001197056712132089,0.00021338394187445708
5390.523464262911,96.22324623905261,19.07997934784905,-8530.519298299849,0.0016566929488093481,24.0,0.7474999999999999,4250.0,0.0012404881550610195,0.0002226615045646509
5539.968307674106,92.76820217101275,18.501914184544027,-8708.99492341985,0.0016410341023336372,25.0,0.7474999999999999,4250.0,0.0012921751615218953,0.0002319390672548447
5688.643622901974,89.34655424369954,17.805973541125944,-8884.879156040224,0.0016252920377780625,26.0,0.7474999999999999,4250.0,0.0013438621679827708,0.00024121662994503845
5834.43750496726,86.21231764111423,17.175159088642946,-9059.836184820895,0.0016100110683273728,27.0,0.7474999999999999,4250.0,0.0013858578607322326,0.00025049419263523223
5978.440309421986,83.26859435063554,16.56847051540611,-9225.961541123477,0.0015950024472213566,28.0,0.7474999999999999,4250.0,0.0014371859296482413,0.00025977175532542607
6118.413660027156,80.54413649752296,16.051725960656725,-9388.838775657568,0.0015805043806397382,29.0,0.7474999999999999,4250.0,0.001478104809763101,0.00026904931801561985
6255.516443218672,78.08511097576648,15.553320286957577,-9547.517097767537,0.0015664884127942907,30.0,0.7474999999999999,4250.0,0.0015290739411342423,0.0002783268807058136
0.0,0.0,0.0,-2.628212131370674,0.0019060302455586183,0.0,0.7879166666666666,4300.0,0.0,
414.52358796035526,185.42865171902628,70.6010085120629,-1115.266806505795,0.001872298027243253,1.0,0.7879166666666666,4300.0,6.281407035175879e-05,9.277562690193787e-06
723.2101216349997,250.57338573960718,85.81509378454717,-1838.877055961886,0.0018437402223688468,2.0,0.7879166666666666,4300.0,0.00012132089016511126,1.8555125380387575e-05
988.0912084741003,270.34902051050875,82.72286604921092,-2378.183632252265,0.001817664645778332,3.0,0.7879166666666666,4300.0,0.00017767408470926058,2.7832688070581364e-05
1229.192388157957,269.70236554350276,73.57091415000951,-2816.174825399743,0.001793325913282785,4.0,0.7879166666666666,4300.0,0.00023402727925340988,3.711025076077515e-05
1454.5572663992518,259.3179857747714,63.42204650590845,-3192.2248815626954,0.0017703861021398915,5.0,0.7879166666666666,4300.0,0.0002889447236180905,4.638781345096894e-05
1668.5715324198002,244.33432658653015,54.8234436666066,-3527.10330953377,0.0017486071666439815,6.0,0.7879166666666666,4300.0,0.0003424264178033022,5.566537614116273e-05
1873.6393148261009,227.4938494166356,48.37319297003585,-3833.588487332381,0.0017278240710498524,7.0,0.7879166666666666,4300.0,0.00039698492462311556,6.494293883135652e-05
2071.4644484690466,210.1698033188564,43.20906576999846,-4120.7909305009525,0.001707799392572181,8.0,0.7879166666666666,4300.0,0.000447954055994257,7.42205015215503e-05
2262.0464970346156,193.5421777575043,39.202088554241314,-4388.274117158588,0.0016887722215454025,9.0,0.7879166666666666,4300.0,0.0005007178750897344,8.349806421174408e-05
2447.7536224322275,177.83073635947193,35.74672800718302,-4646.280706182391,0.0016702402490168492,10.0,0.7879166666666666,4300.0,0.0005527638190954774,9.277562690193788e-05
2626.9123113344585,164.104808365577,32.97575172077209,-4890.433412586579,0.0016525531500373941,11.0,0.7879166666666666,4300.0,0.0006040918880114859,0.00010205318959213166
2803.0775452139537,152.07593795597631,30.450316739063844,-5129.414086564371,0.001635207784058978,12.0,0.7879166666666666,4300.0,0.0006547020818377602,0.00011133075228232546
2973.885177301442,141.78420795150842,28.344760049519174,-5359.089845989693,0.0016184858942498972,13.0,0.7879166666666666,4300.0,0.0007045944005743001,0.00012060831497251923
3140.142894904138,132.8640603309863,26.59615497391679,-5580.0929816164935,0.0015933108062366197,14.0,0.7879166666666666,4250.0,0.0007537688442211056,0.00012988587766271303
3302.2520098723917,125.01621762310975,25.00442161304928,-5795.140783420145,0.0015778862999027024,15.0,0.7879166666666666,4250.0,0.0008076094759511844,0.0001391634403529068
3462.1246421496335,117.89785532141327,23.503398310742135,-6006.330386572641,0.0015627188152823413,16.0,0.7879166666666666,4250.0,0.0008557071069633883,0.0001484410030431006
3616.6741645446814,111.71877801890204,22.313015009708337,-6207.846933698136,0.0015482220253698468,17.0,0.7879166666666666,4250.0,0.0009030868628858578,0.00015771856573329438
3768.923693704891,106.03098540463385,21.151344044145375,-6407.516523049984,0.0015339438741764646,18.0,0.7879166666666666,4250.0,0.0009562096195262024,0.00016699612842348816
3918.8015598265747,100.81373200114145,20.05815230160653,-6605.148139277473,0.001519893014499378,19.0,0.7879166666666666,4250.0,0.0010025125628140702,0.00017627369111368197
4064.114939554107,96.24043746829825,19.156383922097405,-6792.722803625606,0.001506499891857305,20.0,0.7879166666666666,4250.0,0.0010552763819095478,0.00018555125380387576
4207.007621196829,92.0484786137209,18.376196630733734,-6976.971765924682,0.001493409571954364,21.0,0.7879166666666666,4250.0,0.001100502512562814,0.00019482881649406957
4346.8016932297405,88.1803901882016,17.57016178730995,-7155.29772603506,0.0014806115023973752,22.0,0.7879166666666666,4250.0,0.001145010768126346,0.00020410637918426332
4485.962487235403,84.44993803521571,16.747178446855237,-7336.841402855396,0.001467760149462244,23.0,0.7879166666666666,4250.0,0.001197056712132089,0.00021338394187445708
4622.2426080243695,81.09689264182431,16.05718859238805,-7513.514277084614,0.0014553220827627918,24.0,0.7879166666666666,4250.0,0.0012404881550610195,0.0002226615045646509
4753.410464437734,78.17648488567524,15.568543037389485,-7680.9251728959425,0.0014435970480516538,25.0,0.7879166666666666,4250.0,0.0012921751615218953,0.0002319390672548447
4884.064231457637,75.28854583107504,14.989667943122926,-7846.47350889213,0.0014317865986573045,26.0,0.7879166666666666,4250.0,0.0013438621679827708,0.00024121662994503845
5012.321906409685,72.63980943127059,14.45412124966697,-8011.600915558447,0.0014202994194770962,27.0,0.7879166666666666,4250.0,0.0013858578607322326,0.00025049419263523223
5139.133079154342,70.15428469308132,13.941786957229635,-8168.833041531056,0.0014089959672690855,28.0,0.7879166666666666,4250.0,0.0014371859296482413,0.00025977175532542607
5262.525931279414,67.85778316063676,13.507721235720277,-8323.207865346048,0.0013980511790735804,29.0,0.7879166666666666,4250.0,0.001478104809763101,0.00026904931801561985
5383.508474391225,65.77949687939997,13.095989180550543,-8473.880431041413,0.0013874504664282208,30.0,0.7879166666666666,4250.0,0.0015290739411342423,0.0002783268807058136
0.0,0.0,0.0,-2.628212131370674,0.0015360064287911958,0.0,0.8283333333333333,4300.0,0.0,
334.619240133427,149.53150085913828,56.916354495896364,-902.5709799457254,0.0015141249451154895,1.0,0.8283333333333333,4300.0,6.281407035175879e-05,9.277562690193787e-06
584.7596897776845,202.23670302479482,69.24246518680245,-1492.606233811981,0.0014955174447892302,2.0,0.8283333333333333,4300.0,0.00012132089016511126,1.8555125380387575e-05
800.1953631368023,218.40613601756215,66.81831982798916,-1936.0567272315238,0.0014784592317358112,3.0,0.8283333333333333,4300.0,0.00017767408470926058,2.7832688070581364e-05
996.9257750743049,218.09621414017306,59.49322916418615,-2299.16071468078,0.0014624774379266064,4.0,0.8283333333333333,4300.0,0.00023402727925340988,3.711025076077515e-05
1181.344118418759,209.90972649045025,51.34147072419752,-2613.3093792294385,0.0014473602520350057,5.0,0.8283333333333333,4300.0,0.0002889447236180905,4.638781345096894e-05
1356.929464822844,197.9717517138776,44.39386137158026,-2895.018061651208,0.001432958977845991,6.0,0.8283333333333333,4300.0,0.0003424264178033022,5.566537614116273e-05
1525.5727261013033,184.5108208410159,39.182325910306695,-3154.4826771638036,0.001419170715539364,7.0,0.8283333333333333,4300.0,0.00039698492462311556,6.494293883135652e-05
1688.6251692871474,170.61330815724713,35.00474560339748,-3398.980342615796,0.00140584312900206,8.0,0.8283333333333333,4300.0,0.000447954055994257,7.42205015215503e-05
1846.0283487254694,157.2482649054026,31.766457668496706,-3627.958527412644,0.0013931400796285693,9.0,0.8283333333333333,4300.0,0.0005007178750897344,8.349806421174408e-05
1999.7130402801097,144.57539768897257,28.96662321463246,-3849.8082220519645,0.0013807308111960003,10.0,0.8283333333333333,4300.0,0.0005527638190954774,9.277562690193788e-05
2148.251661527736,133.42382443098003,26.72596520961798,-4060.6402507555904,0.0013688519264298054,11.0,0.8283333333333333,4300.0,0.0006040918880114859,0.00010205318959213166
2294.579683957016,123.62743562512634,24.681892358178807,-4267.903137842164,0.0013571702303487973,12.0,0.8283333333333333,4300.0,0.0006547020818377602,0.00011133075228232546
2436.700822926312,115.25225449486987,22.97951029456879,-4467.797116373826,0.0013458766772980596,13.0,0.8283333333333333,4300.0,0.0007045944005743001,0.00012060831497251923
2575.262772310142,107.9894488803273,21.56187396931509,-4660.780173056279,0.0013350136350519864,14.0,0.8283333333333333,4300.0,0.0007537688442211056,0.00012988587766271303
2710.5841608387236,101.6000371849627,20.272729232769173,-4849.244035675976,0.001324410107646347,15.0,0.8283333333333333,4300.0,0.0008076094759511844,0.0001391634403529068
2844.2536364173666,95.80500672108029,19.058855648178753,-5034.763460487011,0.0013139728222472467,16.0,0.8283333333333333,4300.0,0.0008557071069633883,0.0001484410030431006
2973.655795290752,90.77339566757172,18.09331065931124,-5212.572879010797,0.0013039596740848035,17.0,0.8283333333333333,4300.0,0.0009030868628858578,0.00015771856573329438
3101.3282417708583,86.14573775434839,17.154166768313782,-5389.1891662997805,0.00129407562189368,18.0,0.8283333333333333,4300.0,0.0009562096195262024,0.00016699612842348816
3227.1968008734566,81.89740301250032,16.265833245059564,-5564.481499968839,0.0012770317243872445,19.0,0.8283333333333333,4250.0,0.0010025125628140702,0.00017627369111368197
3349.3903433674077,78.17427989800085,15.536554222793622,-5731.310957539346,0.0012678278431443495,20.0,0.8283333333333333,4250.0,0.0010552763819095478,0.00018555125380387576
3469.7056906044972,74.7618472353524,14.90247203733095,-5895.780818595136,0.0012588116719680306,21.0,0.8283333333333333,4250.0,0.001100502512562814,0.00019482881649406957
3587.567959977582,71.61471649489606,14.254155968624618,-6055.526525580426,0.0012499762029488577,22.0,0.8283333333333333,4250.0,0.001145010768126346,0.00020410637918426332
3705.059610467752,68.57872897679385,13.580832351403346,-6218.306694697283,0.0012410855060148694,23.0,0.8283333333333333,4250.0,0.001197056712132089,0.00021338394187445708
3820.2590850026813,65.84923256684547,13.021607718096705,-6377.112265637385,0.001232460870349416,24.0,0.8283333333333333,4250.0,0.0012404881550610195,0.0002226615045646509
3931.2620307277766,63.47163300059662,12.62453605605101,-6528.0652898825865,0.0012243108027148353,25.0,0.8283333333333333,4250.0,0.0012921751615218953,0.0002319390672548447
4041.9696261352406,61.12240841054023,12.162584469354613,-6677.839119975586,0.001216084943314047,26.0,0.8283333333333333,4250.0,0.0013438621679827708,0.00024121662994503845
4150.768712473097,58.967027686471496,11.721560946606786,-6827.630569343077,0.001208068101472452,27.0,0.8283333333333333,4250.0,0.0013858578607322326,0.00025049419263523223
4258.454828422694,56.94373813185789,11.311175976046455,-6970.661000450382,0.0012001644251072275,28.0,0.8283333333333333,4250.0,0.0014371859296482413,0.00025977175532542607
4363.357998405138,55.07617673599476,10.953279080875651,-7111.311097173995,0.0011924932839584939,29.0,0.8283333333333333,4250.0,0.001478104809763101,0.00026904931801561985
4466.317836379261,53.38550504032314,10.625703199713152,-7248.847241641575,0.0011850489913491483,30.0,0.8283333333333333,4250.0,0.0015290739411342423,0.0002783268807058136
0.0,0.0,0.0,-2.628212131370674,0.0011692483837877866,0.0,0.8687499999999999,4300.0,0.0,
255.12555888003624,113.890899955629,43.337262323579445,-690.1192424916517,0.0011565845312604725,1.0,0.8687499999999999,4300.0,6.281407035175879e-05,9.277562690193787e-06
446.5633636701427,154.15848985545435,52.767116439654366,-1144.4618578308873,0.0011457685810438857,2.0,0.8687499999999999,4300.0,0.00012132089016511126,1.8555125380387575e-05
612.0412020437408,166.63589326918932,50.973163714069074,-1488.739803166638,0.001135814300469523,3.0,0.8687499999999999,4300.0,0.00017767408470926058,2.7832688070581364e-05
763.6379597786198,166.55625348449635,45.43813275924679,-1772.8962462779018,0.0011264538310066664,4.0,0.8687499999999999,4300.0,0.00023402727925340988,3.711025076077515e-05
906.1520511869015,160.4590322485634,39.25351729609679,-2020.5724544198602,0.0011175686135100028,5.0,0.8687499999999999,4300.0,0.0002889447236180905,4.638781345096894e-05
1042.190477501374,151.48331470440075,33.952968333712654,-2244.172837039361,0.0011090756953494791,6.0,0.8687499999999999,4300.0,0.0003424264178033022,5.566537614116273e-05
1173.1609357936943,141.31679841601346,29.975052269721708,-2451.3829164854833,0.0011009178084528607,7.0,0.8687499999999999,4300.0,0.00039698492462311556,6.494293883135652e-05
1300.0739187566935,130.79742985472774,26.785819177325035,-2647.693486161661,0.001093007624550368,8.0,0.8687499999999999,4300.0,0.000447954055994257,7.42205015215503e-05
1422.8406241607313,120.65096968735617,24.31266953261054,-2832.5312309570436,0.0010854449480217395,9.0,0.8687499999999999,4300.0,0.0005007178750897344,8.349806421174408e-05
1542.9481201700921,110.99967291885088,22.171017546515404,-3012.389495846146,0.0010780354325172852,10.0,0.8687499999999999,4300.0,0.0005527638190954774,9.277562690193788e-05
1659.2514165494626,102.44739213217895,20.46124114147845,-3184.023372034688,0.0010709216483819183,11.0,0.8687499999999999,4300.0,0.0006040918880114859,0.00010205318959213166
1774.0385428903214,94.91458553613289,18.898684793953365,-3353.4642896815276,0.001063906668345451,12.0,0.8687499999999999,4300.0,0.0006547020818377602,0.00011133075228232546
1885.719146177767,88.47514941994164,17.595464019476907,-3517.446089762896,0.0010571057878545139,13.0,0.8687499999999999,4300.0,0.0007045944005743001,0.00012060831497251923
1994.786406134488,82.88764505968702,16.51005636732614,-3676.311807805978,0.0010505460002241296,14.0,0.8687499999999999,4300.0,0.0007537688442211056,0.00012988587766271303
2101.4740813511953,77.97427773068479,15.5236611546217,-3832.0569111300065,0.0010441263508314531,15.0,0.8687499999999999,4300.0,0.0008076094759511844,0.0001391634403529068
2207.0327854132624,73.51834549526,14.597292047789047,-3985.735458199786,0.0010377911532510786,16.0,0.8687499999999999,4300.0,0.0008557071069633883,0.0001484410030431006
2309.3722690162117,69.65104094127778,13.857591877553272,-4133.66251993335,0.001031697675483417,17.0,0.8687499999999999,4300.0,0.0009030868628858578,0.00015771856573329438
2410.4995092488302,66.0929432643403,13.139737029933027,-4280.96385814972,0.0010256678936097748,18.0,0.8687499999999999,4300.0,0.0009562096195262024,0.00016699612842348816
2510.34705754721,62.82519791167397,12.460716926196113,-4427.341106067812,0.001019710986977077,19.0,0.8687499999999999,4300.0,0.0010025125628140702,0.00017627369111368197
2607.4100440295706,59.96227711037024,11.901708365557718,-4567.235880982276,0.0010140060225367902,20.0,0.8687499999999999,4300.0,0.0010552763819095478,0.00018555125380387576
2703.1147481669764,57.33920701161734,11.414169790098574,-4705.497500784644,0.001008401132265119,21.0,0.8687499999999999,4300.0,0.001100502512562814,0.00019482881649406957
2796.994072340983,54.92062449837756,10.923142671065328,-4840.2487273663355,0.0010028966657633213,22.0,0.8687499999999999,4300.0,0.001145010768126346,0.00020410637918426332
2890.715130061824,52.587430109824524,10.406982848890616,-4977.712664150829,0.000997347715366126,23.0,0.8687499999999999,4300.0,0.001197056712132089,0.00021338394187445708
2982.721494835909,50.488406042194086,9.97655124540717,-5112.1545661938435,0.0009919528688860754,24.0,0.8687499999999999,4300.0,0.0012404881550610195,0.0002226615045646509
3071.483469033034,48.6609261046132,9.675528762129403,-5240.341485259014,0.000986842303030204,25.0,0.8687499999999999,4300.0,0.0012921751615218953,0.0002319390672548447
3160.1206470512334,46.85497381396405,9.320582191139309,-5367.93913768261,0.0009816753895564823,26.0,0.8687499999999999,4300.0,0.0013438621679827708,0.00024121662994503845
3247.336294488274,45.19846104330448,8.977600719736694,-5495.879486887898,0.0009766246040003757,27.0,0.8687499999999999,4300.0,0.0013858578607322326,0.00025049419263523223
3333.754239749161,43.644879153567814,8.669006737621046,-5618.444244168655,0.0009661220099664289,28.0,0.8687499999999999,4250.0,0.0014371859296482413,0.00025977175532542607
3418.0373494157966,42.209291808552685,8.388536037179163,-5739.187612410751,0.0009613273144142814,29.0,0.8687499999999999,4250.0,0.001478104809763101,0.00026904931801561985
3500.8520870694306,40.9125504440211,8.14252390330274,-5857.48817659021,0.0009566651814510879,30.0,0.8687499999999999,4250.0,0.0015290739411342423,0.0002783268807058136
0.0,0.0,0.0,-2.628212131370674,0.0008056926310266542,0.0,0.9091666666666666,4300.0,0.0,
176.0402790092436,78.50616103546936,29.86354948563254,-477.9206519442232,0.0007996884132058915,1.0,0.9091666666666666,4300.0,6.281407035175879e-05,9.277562690193787e-06
308.625755724668,106.34373793895382,36.39050491992314,-794.4934425380779,0.0007945385055812895,2.0,0.9091666666666666,4300.0,0.00012132089016511126,1.8555125380387575e-05
423.6438744269779,115.04955269948246,35.18957844216948,-1036.3079479514854,0.0007897806938168059,3.0,0.9091666666666666,4300.0,0.00017767408470926058,2.7832688070581364e-05
529.3499789475882,115.09862073418725,31.40495379613845,-1237.4500323233224,0.00078529056055304,4.0,0.9091666666666666,4300.0,0.00023402727925340988,3.711025076077515e-05
629.0039536234291,110.98904098032199,27.15937658907315,-1414.0355993031408,0.0007810137008358992,5.0,0.9091666666666666,4300.0,0.0002889447236180905,4.638781345096894e-05
724.3732818099754,104.8798659474693,23.50223709056055,-1574.496836664839,0.000776912171208433,6.0,0.9091666666666666,4300.0,0.0003424264178033022,5.566537614116273e-05
816.4077375883669,97.93108875173954,20.753850701233773,-1724.0788179678348,0.0007729598175150125,7.0,0.9091666666666666,4300.0,0.00039698492462311556,6.494293883135652e-05
905.7895359324439,90.7254366954768,18.550744335568705,-1866.532098864409,0.0007691155736221173,8.0,0.9091666666666666,4300.0,0.000447954055994257,7.42205015215503e-05
992.4299935848089,83.76115839255453,16.84045621549363,-2001.3555408023822,0.0007654290891170256,9.0,0.9091666666666666,4300.0,0.0005007178750897344,8.349806421174408e-05
1077.364700574129,77.11337067555701,15.35901402809933,-2133.0986723083042,0.0007618067709151436,10.0,0.9091666666666666,4300.0,0.0005527638190954774,9.277562690193788e-05
1159.7628891591198,71.18299860424678,14.177370574329641,-2259.3237340505657,0.0007583188775068278,11.0,0.9091666666666666,4300.0,0.0006040918880114859,0.00010205318959213166
1241.2402824077658,65.9384080935452,13.09541341238408,-2384.447776853369,0.0007548700393229545,12.0,0.9091666666666666,4300.0,0.0006547020818377602,0.00011133075228232546
1320.6525910842008,61.45758906897479,12.192709364462235,-2505.950457648869,0.0007515172030429116,13.0,0.9091666666666666,4300.0,0.0007045944005743001,0.00012060831497251923
1398.3361137335348,57.568100211052354,11.442402751060525,-2624.066943803642,0.0007482743039099438,14.0,0.9091666666666666,4300.0,0.0007537688442211056,0.00012988587766271303
1474.451342333727,54.149159725818976,10.759312017600733,-2740.297228861091,0.0007450925480515955,15.0,0.9091666666666666,4300.0,0.0008076094759511844,0.0001391634403529068
1549.8850613323714,51.04689512799752,10.119546741509623,-2855.2628628319944,0.0007419446287589011,16.0,0.9091666666666666,4300.0,0.0008557071069633883,0.0001484410030431006
1623.1279793836165,48.35687629847466,9.606733614255878,-2966.385912944912,0.0007389090319343701,17.0,0.9091666666666666,4300.0,0.0009030868628858578,0.00015771856573329438
1695.6176227338747,45.88101230972406,9.109109895125354,-3077.317282441276,0.0007358977619031405,18.0,0.9091666666666666,4300.0,0.0009562096195262024,0.00016699612842348816
1767.296480075387,43.60621781909706,8.63848492204323,-3187.721341688404,0.0007329156380988724,19.0,0.9091666666666666,4300.0,0.0010025125628140702,0.00017627369111368197
1837.0756657358595,41.61416093860738,8.25070211108284,-3293.7078929814015,0.0007300526355032812,20.0,0.9091666666666666,4300.0,0.0010552763819095478,0.00018555125380387576
1905.972474219849,39.78943530728754,7.9127341211799145,-3398.711883063188,0.000727233362877581,21.0,0.9091666666666666,4300.0,0.001100502512562814,0.00019482881649406957
1973.651113648602,38.107254617792286,7.5749680041518035,-3501.393767381931,0.0007244581053460604,22.0,0.9091666666666666,4300.0,0.001145010768126346,0.00020410637918426332
2041.311923917562,36.48454593585207,7.218299197781617,-3606.2748669307693,0.0007216544392883934,23.0,0.9091666666666666,4300.0,0.001197056712132089,0.00021338394187445708
2107.822707413592,35.02381852273729,6.920182870009384,-3709.10699533952,0.0007189222561341534,24.0,0.9091666666666666,4300.0,0.0012404881550610195,0.0002226615045646509
2172.0685745425762,33.75251096827336,6.710577031516137,-3807.4505284975094,0.000716327658845762,25.0,0.9091666666666666,4300.0,0.0012921751615218953,0.0002319390672548447
2236.3087934634277,32.49614088347194,6.4637588065600085,-3905.655116509799,0.0007136990801487063,26.0,0.9091666666666666,4300.0,0.0013438621679827708,0.00024121662994503845
2299.597075029604,31.34403309104463,6.222518808556792,-4004.1715685440286,0.0007111241807738096,27.0,0.9091666666666666,4300.0,0.0013858578607322326,0.00025049419263523223
2362.3796233923513,30.265040580754498,6.012504543858938,-4099.178890123367,0.0007085760643090145,28.0,0.9091666666666666,4300.0,0.0014371859296482413,0.00025977175532542607
2423.6841584701283,29.26753345098254,5.815401150985477,-4192.7196526004045,0.0007060940175895347,29.0,0.9091666666666666,4300.0,0.001478104809763101,0.00026904931801561985
2483.9930272784673,28.36641058094777,5.646557480040726,-4284.549609248308,0.0007036760527841425,30.0,0.9091666666666666,4300.0,0.0015290739411342423,0.0002783268807058136
0.0,0.0,0.0,-2.628212131370674,0.00044527764420521353,0.0,0.9495833333333332,4300.0,0.0,
97.35709142623189,43.37112384202527,16.493372229290955,-265.98379472567467,0.00044344774811466757,1.0,0.9495833333333332,4300.0,6.281407035175879e-05,9.277562690193787e-06
170.95175899707215,58.79540589640299,20.11380927233975,-442.7498286521586,0.00044187169487767237,2.0,0.9495833333333332,4300.0,0.00012132089016511126,1.8555125380387575e-05
235.02062855797004,63.659863095595384,19.469188532065445,-578.8376204102824,0.0004404101721733428,3.0,0.9495833333333332,4300.0,0.00017767408470926058,2.7832688070581364e-05
294.08787915509726,63.742164827870646,17.395932951595288,-692.8954053332127,0.00043902600757941395,4.0,0.9495833333333332,4300.0,0.00023402727925340988,3.711025076077515e-05
349.9289405933642,61.52062812778683,15.060300038643527,-793.7300556165719,0.0004377031311026636,5.0,0.9495833333333332,4300.0,0.0002889447236180905,4.638781345096894e-05
403.50500644315815,58.18784965371994,13.038001272407696,-885.9359297839255,0.00043643037976200534,6.0,0.9495833333333332,4300.0,0.0003424264178033022,5.566537614116273e-05
455.3289668565497,54.384727787504076,11.517139264184234,-972.3835231891717,0.00043520005852072045,7.0,0.9495833333333332,4300.0,0.00039698492462311556,6.494293883135652e-05
505.77185652994984,50.42930513412401,10.296280112343599,-1055.1267049401067,0.00043399973946682254,8.0,0.9495833333333332,4300.0,0.000447954055994257,7.42205015215503e-05
554.7666063113774,46.59676239639204,9.349183766419403,-1133.830076085229,0.0004328452557187002,9.0,0.9495833333333332,4300.0,0.0005007178750897344,8.349806421174408e-05
602.894217166589,42.92952354072249,8.52704047398089,-1211.0497002104385,0.00043170761752397833,10.0,0.9495833333333332,4300.0,0.0005527638190954774,9.277562690193788e-05
649.6717857281255,39.636507477232726,7.872587453690644,-1285.3241750178422,0.0004306090490603489,11.0,0.9495833333333332,4300.0,0.0006040918880114859,0.00010205318959213166
696.0137351691669,36.710324023582515,7.272238641852707,-1359.2448585997918,0.0004295198499332848,12.0,0.9495833333333332,4300.0,0.0006547020818377602,0.00011133075228232546
741.259106717867,34.21125542490643,6.772495392240498,-1431.2644197068148,0.0004284580743222417,13.0,0.9495833333333332,4300.0,0.0007045944005743001,0.00012060831497251923
785.5967706917096,32.040269675427965,6.356654250113142,-1501.5112953640346,0.00042742832428400144,14.0,0.9495833333333332,4300.0,0.0007537688442211056,0.00012988587766271303
829.1095680391456,30.132947112568775,5.976866638927367,-1570.8894782024436,0.0004264154143168623,15.0,0.9495833333333332,4300.0,0.0008076094759511844,0.0001391634403529068
872.3048251421087,28.40236769734822,5.6226563591486105,-1639.6788088041794,0.0004254107439150078,16.0,0.9495833333333332,4300.0,0.0008557071069633883,0.0001484410030431006
914.3075997527225,26.901468858589393,5.337192124260131,-1706.4357728082396,0.000424439452656536,17.0,0.9495833333333332,4300.0,0.0009030868628858578,0.00015771856573329438
955.9457984099901,25.52064444351019,5.0616436045842175,-1773.2457038257999,0.0004234735866992521,18.0,0.9495833333333332,4300.0,0.0009562096195262024,0.00016699612842348816
997.1797936443057,24.252113071263636,4.799306442472067,-1839.845428391156,0.0004225147548580063,19.0,0.9495833333333332,4300.0,0.0010025125628140702,0.00017627369111368197
1037.377416470661,23.140808186153482,4.583821183471186,-1904.0538219205046,0.00042159198377232984,20.0,0.9495833333333332,4300.0,0.0010552763819095478,0.00018555125380387576
1077.123314396076,22.123280116024528,4.397530255926999,-1967.8216951728973,0.0004206812127964494,21.0,0.9495833333333332,4300.0,0.001100502512562814,0.00019482881649406957
1116.2212963281524,21.185633931106864,4.209768766984269,-2030.3842060626048,0.00041978256428303555,22.0,0.9495833333333332,4300.0,0.001145010768126346,0.00020410637918426332
1155.3654678034854,20.28103814292873,4.012257726058646,-2094.3741900400637,0.00041887278125881544,23.0,0.9495833333333332,4300.0,0.001197056712132089,0.00021338394187445708
1193.895734418963,19.466397442499446,3.846784389723595,-2157.270975071973,0.0004179841277102711,24.0,0.9495833333333332,4300.0,0.0012404881550610195,0.0002226615045646509
1231.1610067250717,18.757521183047857,3.7298128782157978,-2217.600498669286,0.000417138149306041,25.0,0.9495833333333332,4300.0,0.0012921751615218953,0.0002319390672548447
1268.4717980745959,18.05737132974967,3.592263162960653,-2278.0320622986765,0.0004162793310292608,26.0,0.9495833333333332,4300.0,0.0013438621679827708,0.00024121662994503845
1305.277736113509,17.41525568959197,3.4587561517712024,-2338.6962943958497,0.00041543628530062084,27.0,0.9495833333333332,4300.0,0.0013858578607322326,0.00025049419263523223
1341.831095854106,16.814672085024824,3.3418074776656477,-2397.5821022056334,0.0004146003373404553,28.0,0.9495833333333332,4300.0,0.0014371859296482413,0.00025977175532542607
1377.5681607635343,16.25988973675638,3.2326052049059806,-2455.555025325739,0.0004137841313939886,29.0,0.9495833333333332,4300.0,0.001478104809763101,0.00026904931801561985
1412.7683817331215,15.757476975829867,3.1379566862315,-2512.5828074684687,0.00041298738960085914,30.0,0.9495833333333332,4300.0,0.0015290739411342423,0.0002783268807058136
0.0,0.0,0.0,-2.628212131370674,8.794375979114002e-05,0.0,0.99,4300.0,0.0,
19.07535872550382,8.48899736308064,3.2271629273768516,-54.316994665321545,8.78732145211438e-05,1.0,0.99,4300.0,6.281407035175879e-05,9.277562690193787e-06
33.5464749507859,11.515947969396528,3.9382626458791457,-89.27947852564103,8.78122087319347e-05,2.0,0.99,4300.0,0.00012132089016511126,1.8555125380387575e-05
46.188360471931865,12.478813733848838,3.815658980801499,-116.40620436452446,8.775542907890372e-05,3.0,0.99,4300.0,0.00017767408470926058,2.7832688070581364e-05
57.878977914711776,12.505434183890353,3.412918021027396,-139.31053635189892,8.770146940043807e-05,4.0,0.99,4300.0,0.00023402727925340988,3.711025076077515e-05
68.96125650076989,12.08009773189845,2.9577312023342164,-159.69723276303557,8.764972842341383e-05,5.0,0.99,4300.0,0.0002889447236180905,4.638781345096894e-05
79.62070729565853,11.435524839601669,2.5611083297856903,-178.4530707199301,8.759979022792894e-05,6.0,0.99,4300.0,0.0003424264178033022,5.566537614116273e-05
89.95501285819945,10.6974961245359,2.262745302344177,-196.13465946319047,8.755136828002264e-05,7.0,0.99,4300.0,0.00039698492462311556,6.494293883135652e-05
100.03587456786545,9.928167414635233,2.023141993208762,-213.14056664746022,8.750398597380934e-05,8.0,0.99,4300.0,0.000447954055994257,7.42205015215503e-05
109.84721750972037,9.18158645385654,1.8373596037285074,-229.39412132384314,8.745827985550265e-05,9.0,0.99,4300.0,0.0005007178750897344,8.349806421174408e-05
119.50406923244448,8.46473595499716,1.6757546476249572,-245.40391688694945,8.74131141285085e-05,10.0,0.99,4300.0,0.0005527638190954774,9.277562690193788e-05
128.907392454773,7.817342242290461,1.5473538662684383,-260.86131339245185,8.736937639131731e-05,11.0,0.99,4300.0,0.0006040918880114859,0.00010205318959213166
138.24049903848487,7.2380517747950055,1.4295563796569906,-276.3040456710296,8.732589681316391e-05,12.0,0.99,4300.0,0.0006547020818377602,0.00011133075228232546
147.36845954538947,6.743709271484378,1.331529245776044,-291.39813756202057,8.728339798162244e-05,13.0,0.99,4300.0,0.0007045944005743001,0.00012060831497251923
156.32813939962008,6.314053546901003,1.2497105168326645,-306.16882238279504,8.724207036488798e-05,14.0,0.99,4300.0,0.0007537688442211056,0.00012988587766271303
165.13538298751558,5.9368134670223265,1.1750825934027929,-320.8083210512559,8.720131680084732e-05,15.0,0.99,4300.0,0.0008076094759511844,0.0001391634403529068
173.89274021243173,5.594527034003387,1.1056162564827816,-335.3581912663358,8.71607941227746e-05,16.0,0.99,4300.0,0.0008557071069633883,0.0001484410030431006
182.42097496960167,5.297745917865154,1.0494494890729962,-349.5327961052244,8.712151936981912e-05,17.0,0.99,4300.0,0.0009030868628858578,0.00015771856573329438
190.88808449195867,5.024769915360941,0.9953688067525168,-363.75387320667505,8.70823696693523e-05,18.0,0.99,4300.0,0.0009562096195262024,0.00016699612842348816
199.28541607657112,4.774143372280881,0.9437019493189905,-377.95376619769377,8.704341183257207e-05,19.0,0.99,4300.0,0.0010025125628140702,0.00017627369111368197
207.4834422141902,4.554473650496176,0.9012991996488912,-391.6999885290861,8.700582908693871e-05,20.0,0.99,4300.0,0.0010552763819095478,0.00018555125380387576
215.60074582608837,4.3533301945446645,0.8648246141716072,-405.38459288647573,8.696865054058216e-05,21.0,0.99,4300.0,0.001100502512562814,0.00019482881649406957
223.59629263737386,4.168179718280497,0.8277866069391439,-418.8532769383164,8.69318822492482e-05,22.0,0.99,4300.0,0.001145010768126346,0.00020410637918426332
231.61256022870165,3.9895063265881294,0.7890334070223185,-432.64895641121257,8.689457951924268e-05,23.0,0.99,4300.0,0.001197056712132089,0.00021338394187445708
239.51367493446185,3.828657579595143,0.756528078381981,-446.24263087817235,8.685805887485242e-05,24.0,0.99,4300.0,0.0012404881550610195,0.0002226615045646509
247.16543692899754,3.6886276041976163,0.7334252446275098,-459.31936822240823,8.68232073207731e-05,25.0,0.99,4300.0,0.0012921751615218953,0.0002319390672548447
254.83584042010793,3.5504491793653368,0.7062972866959888,-472.45755383136566,8.678775488845092e-05,26.0,0.99,4300.0,0.0013438621679827708,0.00024121662994503845
262.41214387854075,3.4237208654435554,0.6802704758360153,-485.65700255378033,8.675288060622679e-05,27.0,0.99,4300.0,0.0013858578607322326,0.00025049419263523223
269.9450911427658,3.305347572880374,0.6571061633244459,-498.5472483973135,8.671823143403699e-05,28.0,0.99,4300.0,0.0014371859296482413,0.00025977175532542607
277.31877914399826,3.1960882366270216,0.6357721020572689,-511.24002350730007,8.668432115188628e-05,29.0,0.99,4300.0,0.001478104809763101,0.00026904931801561985
284.5912494161603,3.096959011523195,0.6169223006072541,-523.7512543124758,8.665115245722929e-05,30.0,0.99,4300.0,0.0015290739411342423,0.0002783268807058136
